palabra,edad_de_adquisicion_m,edad_de_adquisicion_sd,categoria_palabra,palabra_noaccents
al,4.26,2.456,4,al
as,8.32,2.394,2,as
be,3.96,2.74,2,be
ce,4.58,2.872,2,ce
da,3.28,1.99,1,da
de,4.16,2.972,4,de
di,4.56,2.269,1,di
el,3.18,1.734,4,el
él,2.96,1.749,4,el
en,3.92,2.266,4,en
es,3.18,1.699,1,es
et,6.88,1.814,2,et
ex,8.48,2.073,2,ex
fe,7.38,2.32,2,fe
ge,4.6,3.201,2,ge
ha,5.98,2.403,1,ha
he,6.37,2.316,1,he
in,8.2,2.07,2,in
ir,4.2,1.938,1,ir
la,3.14,1.948,4,la
le,4.76,2.479,4,le
lo,4.24,2.818,4,lo
me,3.42,2.295,4,me
mi,3.12,2.173,4,mi
mí,3.38,2.108,4,mi
ni,5.02,1.985,4,ni
no,1.86,1.05,4,no
os,6.6,2.68,4,os
pa,2.02,1.545,2,pa
pe,3.51,2.501,2,pe
se,4.72,2.408,4,se
sé,4.7,2.234,1,se
si,1.64,0.921,4,si
sí,1.98,1.317,4,si
su,4.2,2.129,4,su
te,4.12,2.125,4,te
té,6.56,2.5,2,te
tu,2.96,1.873,4,tu
un,3.0,2.05,4,un
va,3.88,1.955,1,va
ve,4.62,2.423,1,ve
vi,3.94,2.41,1,vi
wc,7.4,3.11,4,wc
ya,3.36,2.354,4,ya
yo,2.54,1.929,4,yo
acá,5.84,2.951,4,aca
ahí,3.14,2.1,4,ahi
ajo,4.82,1.837,2,ajo
amo,6.7,2.72,1,amo
ana,3.76,1.559,2,ana
ano,8.5,1.972,2,ano
año,3.5,2.003,2,ano
aro,4.86,1.938,2,aro
asa,7.08,2.156,2,asa
así,4.8,2.304,4,asi
ave,5.02,1.857,2,ave
bar,4.52,2.063,2,bar
boa,8.6,2.241,2,boa
bus,6.14,2.399,2,bus
cae,4.08,2.039,1,cae
can,8.48,2.636,2,can
col,6.1,2.35,2,col
con,3.78,2.427,4,con
dan,4.88,1.902,1,dan
dar,3.0,1.829,1,dar
das,3.88,1.803,1,das
del,4.68,2.217,4,del
den,5.22,2.582,1,den
día,3.62,1.576,2,dia
dni,8.9,1.81,2,dni
don,6.24,2.654,2,don
dos,2.24,1.098,4,dos
doy,4.06,1.583,1,doy
dúo,8.1,1.982,2,duo
eco,5.44,1.752,2,eco
efe,5.2,2.755,2,efe
eme,4.1,2.384,2,eme
ene,5.31,2.443,2,ene
era,8.0,2.399,1,era
esa,4.24,2.361,4,esa
ésa,3.82,2.537,4,esa
ese,3.8,2.695,4,ese
ése,4.04,2.204,4,ese
eso,3.22,1.941,4,eso
eta,9.98,1.286,2,eta
fan,8.34,2.125,2,fan
fax,9.18,1.612,2,fax
faz,9.84,1.67,2,faz
fea,3.22,1.266,3,fea
feo,3.0,1.578,3,feo
fin,4.74,1.782,2,fin
fue,4.74,2.337,1,fue
fui,4.5,2.131,1,fui
gas,7.52,2.188,2,gas
gay,9.72,1.852,3,gay
gel,4.18,2.106,2,gel
gol,4.86,2.09,2,gol
han,6.1,2.565,1,han
has,5.82,2.569,1,has
hay,4.04,2.02,1,hay
haz,8.34,2.455,2,haz
hoy,3.4,1.738,4,hoy
iba,4.62,1.978,1,iba
ida,6.56,2.287,2,ida
ido,6.52,1.843,1,ido
ira,9.18,1.625,2,ira
las,3.42,1.864,4,las
leo,5.74,2.414,2,leo
les,5.2,2.763,4,les
ley,8.54,1.876,2,ley
lío,6.59,1.743,2,lio
los,3.68,1.921,4,los
luz,3.18,1.699,2,luz
mal,3.5,2.476,2,mal
mar,3.1,1.832,2,mar
más,3.34,1.944,4,mas
mes,4.5,1.594,2,mes
mía,3.08,1.209,4,mia
mil,6.36,1.467,2,mil
mío,2.36,1.687,4,mio
mis,3.68,2.104,4,mis
mus,8.86,2.176,2,mus
muy,3.76,2.036,4,muy
nos,5.62,1.926,4,nos
oda,10.36,1.382,2,oda
oír,3.7,1.832,1,oir
ojo,2.72,1.499,2,ojo
ong,9.78,1.741,4,ong
oro,5.42,2.167,2,oro
oso,3.36,1.601,2,oso
oye,3.62,1.883,1,oye
pan,2.32,1.449,2,pan
par,6.72,1.949,2,par
paz,5.54,1.681,2,paz
pez,2.4,1.212,2,pez
pie,2.42,1.326,2,pie
pis,1.8,0.948,2,pis
pop,8.0,1.784,3,pop
por,4.56,2.589,4,por
púa,8.18,2.247,2,pua
pub,10.32,1.571,2,pub
puf,8.4,2.983,2,puf
pus,6.6,2.65,2,pus
que,3.0,1.69,4,que
qué,3.8,2.441,4,que
red,6.48,2.092,2,red
reo,10.44,1.514,3,reo
rey,4.5,1.876,2,rey
río,4.88,1.48,2,rio
ron,9.34,2.56,2,ron
sal,4.6,1.807,2,sal
san,5.92,2.66,2,san
sea,7.06,2.035,1,sea
sed,2.54,1.515,2,sed
ser,7.02,2.386,1,ser
sin,5.0,2.148,4,sin
sms,10.62,0.697,4,sms
soe,8.63,3.099,2,soe
sol,2.92,1.469,2,sol
son,5.84,2.621,1,son
sos,9.3,1.717,2,sos
soy,3.32,1.921,1,soy
sur,6.14,1.75,2,sur
sus,4.58,2.091,4,sus
tal,6.88,2.115,4,tal
tan,4.88,2.488,4,tan
ten,5.78,2.652,2,ten
tía,3.12,1.586,2,tia
tío,4.46,3.112,2,tio
top,7.88,2.318,2,top
tos,4.32,1.647,2,tos
tus,4.24,2.446,4,tus
tve,6.26,2.834,2,tve
una,2.95,1.246,4,una
uno,2.21,0.743,4,uno
uña,3.8,1.796,2,una
uso,6.7,2.41,2,uso
uva,4.46,2.043,2,uva
uve,6.16,2.452,2,uve
van,4.48,2.14,1,van
vas,4.29,2.363,1,vas
vea,5.76,2.487,1,vea
ven,3.38,1.783,1,ven
veo,3.0,1.385,1,veo
ver,2.72,1.443,1,ver
ves,4.1,1.887,1,ves
vez,5.2,2.814,2,vez
vía,7.3,2.306,2,via
vid,8.1,2.501,2,vid
voy,3.52,1.776,1,voy
voz,3.52,2.063,2,voz
web,10.2,1.702,3,web
yen,10.4,1.031,2,yen
zoo,4.54,1.656,2,zoo
acre,10.64,0.827,2,acre
acto,8.16,1.952,2,acto
adán,6.04,2.07,2,adan
ágil,7.68,2.123,3,agil
agua,1.94,1.15,2,agua
aire,4.38,1.978,2,aire
alas,3.62,1.398,2,alas
alba,8.28,2.157,2,alba
algo,4.4,2.268,4,algo
allá,4.1,1.832,4,alla
allí,3.44,2.215,4,alli
alma,7.16,2.316,2,alma
alta,3.68,1.544,3,alta
alto,3.44,1.541,3,alto
amar,6.34,2.623,1,amar
amor,5.12,2.819,2,amor
anda,4.48,1.898,1,anda
ante,7.5,2.558,4,ante
añil,8.72,2.356,2,anil
años,2.86,1.841,2,anos
apio,8.74,2.202,2,apio
apto,8.62,1.662,3,apto
aquí,2.82,1.769,4,aqui
arca,6.98,2.445,2,arca
arco,6.34,2.228,2,arco
área,9.04,1.616,2,area
arma,6.44,1.939,2,arma
arpa,8.0,2.204,2,arpa
arte,8.18,2.145,2,arte
asco,5.3,2.043,2,asco
aseo,5.6,2.523,2,aseo
asno,5.16,2.307,2,asno
asta,8.64,2.183,2,asta
atar,4.44,1.775,1,atar
atún,4.34,1.218,2,atun
auge,10.54,0.885,2,auge
aula,5.32,2.263,2,aula
auto,5.24,2.568,2,auto
ayer,3.94,1.57,4,ayer
azar,8.46,1.74,2,azar
azul,2.78,1.112,3,azul
baja,4.68,2.025,3,baja
bajo,4.32,1.622,4,bajo
bala,6.78,1.993,2,bala
baño,3.66,1.934,2,bano
base,8.04,2.138,2,base
bata,5.48,1.555,2,bata
bate,7.36,2.136,2,bate
baúl,6.14,2.382,2,baul
bebé,2.22,1.266,2,bebe
beso,2.5,1.594,2,beso
bici,4.02,1.66,2,bici
bidé,5.12,1.891,2,bide
bien,2.84,1.91,4,bien
bobo,3.32,1.778,2,bobo
boca,2.34,1.465,2,boca
boda,5.04,2.06,2,boda
body,7.94,2.104,2,body
bola,3.9,1.594,2,bola
boli,5.08,1.978,2,boli
bono,8.42,1.885,2,bono
bota,3.98,1.943,2,bota
bote,5.36,2.284,2,bote
brío,10.4,1.278,2,brio
buen,4.82,1.976,3,buen
buey,6.06,1.984,2,buey
búho,5.22,1.632,2,buho
buró,10.3,1.555,2,buro
cabe,4.92,2.398,1,cabe
cabo,8.9,1.81,2,cabo
caca,1.92,1.14,2,caca
caco,8.62,2.74,2,caco
cada,4.98,2.045,4,cada
caer,3.22,1.799,1,caer
café,5.2,2.109,2,cafe
caja,3.5,1.669,2,caja
cama,2.42,1.197,2,cama
caña,7.42,2.177,2,cana
caos,8.8,1.948,2,caos
capa,5.52,1.752,2,capa
cara,2.96,1.702,2,cara
caro,6.9,2.435,3,caro
casa,2.64,1.208,2,casa
casi,5.12,1.955,4,casi
caso,6.94,2.453,2,caso
cayó,4.38,2.194,1,cayo
caza,6.6,2.02,2,caza
cazo,7.08,2.117,2,cazo
ceja,4.26,1.411,2,ceja
celo,7.56,2.612,2,celo
cena,3.92,1.676,2,cena
cera,4.34,2.479,2,cera
cero,3.6,1.471,2,cero
chal,9.5,1.669,2,chal
chat,10.56,0.787,2,chat
cien,6.14,1.726,2,cien
cima,8.18,1.616,2,cima
cine,5.7,2.197,2,cine
cita,8.44,1.95,2,cita
clip,7.06,2.123,2,clip
club,7.4,2.277,2,club
coca,9.64,2.414,2,coca
codo,3.54,1.581,2,codo
coge,4.0,2.312,1,coge
coja,5.86,1.98,2,coja
cola,4.08,1.536,2,cola
coma,6.54,1.94,1,coma
como,4.24,1.923,4,como
cómo,4.7,2.243,4,como
coño,6.52,2.901,2,cono
copa,5.5,2.533,2,copa
coro,6.14,2.0,2,coro
cosa,3.02,1.464,2,cosa
crea,5.32,2.18,1,crea
cree,5.74,1.805,1,cree
creo,4.68,1.932,1,creo
cría,5.86,2.391,2,cria
cruz,5.14,1.773,2,cruz
cual,4.92,2.23,4,cual
cuba,8.18,1.826,2,cuba
cubo,4.68,2.142,2,cubo
culo,2.68,1.72,2,culo
cuna,2.48,1.216,2,cuna
cura,5.68,2.272,2,cura
daba,5.34,1.923,1,daba
dado,4.34,2.182,1,dado
daga,9.56,1.939,2,daga
dama,6.94,2.106,2,dama
daño,4.42,2.031,2,dano
dato,8.4,1.773,2,dato
debe,6.18,2.097,1,debe
dedo,2.32,1.168,2,dedo
deja,4.64,1.956,1,deja
dejo,5.46,2.012,2,dejo
dejó,5.58,2.021,1,dejo
días,3.44,1.181,2,dias
dice,4.5,2.234,1,dice
diez,3.54,1.487,4,diez
diga,5.54,2.131,1,diga
digo,5.04,2.138,1,digo
dije,4.3,1.898,1,dije
dijo,4.54,1.568,1,dijo
dios,3.9,1.134,2,dios
doce,3.83,0.818,4,doce
doña,6.02,2.199,2,dona
duda,6.36,1.977,2,duda
dura,4.96,2.157,3,dura
duro,5.76,2.162,3,duro
edad,3.42,1.83,2,edad
edén,9.88,1.612,2,eden
ella,3.46,1.821,4,ella
ello,6.68,2.36,4,ello
ente,10.48,0.995,2,ente
eran,5.64,2.337,1,eran
eres,4.0,1.818,1,eres
erre,4.96,2.563,2,erre
esas,4.1,2.358,4,esas
eses,6.76,2.282,2,eses
esos,4.54,2.288,4,esos
esta,3.22,1.833,4,esta
ésta,4.1,2.225,4,esta
este,4.18,2.192,4,este
esté,5.52,2.426,1,este
éste,6.3,3.196,4,este
esto,3.34,2.105,4,esto
euro,10.8,1.161,2,euro
faja,7.46,2.279,2,faja
fama,8.26,2.257,2,fama
faro,6.14,1.678,2,faro
fase,8.72,1.938,2,fase
fiel,8.96,1.937,3,fiel
fijo,7.34,2.037,3,fijo
fila,3.88,1.56,2,fila
fina,6.64,1.86,3,fina
fino,6.66,1.88,3,fino
flan,4.56,1.58,2,flan
flor,2.68,1.477,2,flor
foca,4.08,1.85,2,foca
foco,7.08,2.431,2,foco
fofo,6.34,2.833,3,fofo
foto,3.62,1.828,2,foto
frac,10.36,1.321,2,frac
fría,3.46,1.74,3,fria
frío,3.0,1.443,2,frio
fuga,7.64,2.947,2,fuga
gafa,5.06,1.867,2,gafa
gala,7.86,1.885,2,gala
gamo,10.46,1.432,2,gamo
gana,4.08,1.652,1,gana
ganó,4.34,1.975,1,gano
gato,2.4,1.03,2,gato
gema,7.12,2.537,2,gema
giro,5.18,2.274,2,giro
goce,8.39,3.226,2,goce
golf,7.32,2.055,2,golf
goma,3.88,1.335,2,goma
gozo,8.46,1.951,2,gozo
gran,5.18,1.837,3,gran
gris,3.92,1.766,3,gris
guía,7.6,2.148,2,guia
hace,4.74,2.372,1,hace
hada,3.86,1.616,2,hada
haga,6.32,2.015,1,haga
hago,4.88,2.191,1,hago
hall,9.74,1.946,2,hall
haya,7.14,2.391,1,haya
heno,9.46,1.961,2,heno
hice,4.68,1.984,1,hice
higo,5.8,2.03,2,higo
hija,3.58,1.579,2,hija
hijo,3.08,1.967,2,hijo
hilo,4.28,1.666,2,hilo
hizo,5.58,2.365,1,hizo
hoja,3.88,1.423,2,hoja
hola,1.62,0.967,4,hola
hora,4.94,1.557,2,hora
hoyo,4.92,2.069,2,hoyo
hubo,6.82,2.173,1,hubo
huir,7.22,1.855,1,huir
humo,4.06,1.878,2,humo
iban,5.74,2.048,1,iban
ibas,5.36,2.038,1,ibas
idea,6.64,1.946,2,idea
iglú,6.96,2.176,2,iglu
iraq,10.14,1.212,2,iraq
iris,8.22,2.418,2,iris
irse,4.66,1.791,1,irse
isla,4.42,1.896,2,isla
jazz,8.86,2.0,3,jazz
jefe,6.6,2.259,2,jefe
josé,3.8,2.09,2,jose
jota,7.29,2.606,2,jota
joya,5.18,1.913,2,joya
juan,3.52,1.657,2,juan
juez,8.44,2.062,2,juez
jugo,3.84,2.216,2,jugo
kilo,6.54,2.197,2,kilo
kiwi,5.22,1.753,2,kiwi
lado,4.38,2.098,2,lado
lago,6.1,2.102,2,lago
lala,3.37,2.789,2,lala
lana,6.08,2.108,2,lana
lata,4.06,1.268,2,lata
lava,6.82,1.966,1,lava
lazo,3.64,1.687,2,lazo
leal,9.32,1.596,3,leal
leer,4.1,1.165,1,leer
leña,6.22,2.306,2,lena
león,2.98,1.317,2,leon
leve,8.3,2.159,3,leve
liga,6.16,2.902,2,liga
lima,7.52,2.053,2,lima
lino,8.69,2.143,2,lino
lion,8.38,2.329,2,lion
lira,9.76,1.652,2,lira
lisa,5.08,1.998,2,lisa
liso,4.78,2.003,3,liso
lobo,3.7,1.705,2,lobo
loca,4.98,1.9,3,loca
loco,4.66,2.037,3,loco
loma,9.12,1.856,2,loma
lomo,7.2,2.449,2,lomo
lord,10.4,1.245,2,lord
loro,3.9,1.581,2,loro
lote,8.2,2.185,2,lote
luis,4.16,1.845,2,luis
lujo,7.68,2.035,2,lujo
luna,3.8,1.604,2,luna
lupa,6.22,1.741,2,lupa
luto,8.56,2.101,2,luto
mago,4.42,2.081,2,mago
mail,10.24,1.318,2,mail
maíz,5.38,2.165,2,maiz
mala,3.48,1.693,3,mala
malo,3.36,1.638,3,malo
mamá,1.12,0.328,2,mama
mano,2.22,1.234,2,mano
maña,8.84,1.995,2,mana
mapa,6.06,1.646,2,mapa
masa,7.8,2.603,2,masa
mate,8.24,2.42,1,mate
maya,7.64,2.617,2,maya
mayo,5.3,1.282,4,mayo
mesa,2.96,1.498,2,mesa
meta,7.14,2.213,2,meta
mete,4.24,1.869,1,mete
miel,4.42,1.691,2,miel
mili,8.6,2.05,2,mili
mina,7.8,2.03,2,mina
mira,3.34,1.912,1,mira
mire,5.72,2.259,1,mire
misa,5.72,1.99,2,misa
mito,9.2,1.884,2,mito
moco,2.84,1.149,2,moco
moda,7.86,2.08,2,moda
modo,7.08,1.883,2,modo
moho,8.18,1.976,2,moho
mona,4.66,1.891,2,mona
mono,2.9,1.298,2,mono
moño,4.9,2.033,2,mono
mora,4.82,2.145,2,mora
mote,8.18,2.201,2,mote
moto,3.72,1.885,2,moto
mozo,8.4,1.927,2,mozo
mudo,6.34,2.134,3,mudo
mula,5.6,2.109,2,mula
mulo,7.45,2.807,2,mulo
muro,4.52,1.741,2,muro
musa,9.94,1.621,2,musa
nada,3.34,1.902,4,nada
nana,3.8,2.703,2,nana
nasa,9.52,1.581,2,nasa
nata,5.0,1.938,3,nata
nave,5.34,1.661,2,nave
nene,2.2,1.604,2,nene
nido,4.42,1.592,2,nido
niña,1.96,0.856,2,nina
niño,2.44,1.373,2,nino
nono,5.54,3.975,2,nono
nota,5.27,1.693,1,nota
nube,3.04,1.641,2,nube
nuca,6.88,2.43,2,nuca
nudo,5.08,2.049,2,nudo
nuez,5.46,2.131,2,nuez
nula,9.42,1.416,3,nula
nulo,8.34,1.965,3,nulo
obra,6.78,2.122,2,obra
ocho,3.76,1.506,4,ocho
ocio,8.72,1.785,2,ocio
odio,6.08,2.423,2,odio
oído,4.24,2.046,2,oido
oiga,5.76,2.036,1,oiga
ojal,8.9,2.206,2,ojal
ojos,2.66,1.394,2,ojos
olas,4.14,1.807,2,olas
óleo,8.74,1.946,2,oleo
oler,3.72,1.949,1,oler
olla,6.16,2.198,2,olla
olor,3.8,1.948,2,olor
once,4.4,1.355,4,once
onda,8.2,2.312,2,onda
oral,8.42,1.703,3,oral
orar,7.36,2.238,1,orar
orbe,10.64,0.749,2,orbe
ósea,10.02,1.672,3,osea
otan,10.54,0.788,2,otan
otra,3.36,1.626,4,otra
otro,4.66,2.026,4,otro
ovni,8.66,1.934,2,ovni
oyes,4.4,1.75,1,oyes
pack,9.28,1.99,2,pack
paga,7.58,1.853,1,paga
pago,7.42,1.918,2,pago
país,6.28,1.727,2,pais
paja,7.0,2.09,2,paja
pala,4.42,1.918,2,pala
palo,4.52,2.46,2,palo
pana,8.04,2.254,3,pana
paño,4.88,2.282,2,pano
papa,2.2,1.818,2,papa
papá,1.74,1.065,2,papa
para,3.62,2.175,4,para
paro,9.42,1.592,2,paro
pasa,4.46,2.314,1,pasa
pase,5.98,2.454,1,pase
paso,3.92,2.174,2,paso
pasó,4.82,2.007,1,paso
pata,4.1,2.053,2,pata
pato,3.06,1.284,2,pato
payo,9.78,1.196,2,payo
pedo,3.3,1.432,2,pedo
pelo,2.6,1.309,2,pelo
pena,6.96,2.449,2,pena
pene,6.5,2.27,2,pene
peor,4.74,1.904,3,peor
pera,2.84,1.267,2,pera
pero,4.92,2.346,4,pero
peso,5.28,2.08,2,peso
peto,6.24,2.37,2,peto
pica,3.28,1.691,2,pica
pico,5.14,1.852,2,pico
pide,4.2,1.895,1,pide
pido,4.04,2.109,1,pido
piel,3.76,2.066,2,piel
pies,3.58,1.727,2,pies
pijo,9.18,1.859,3,pijo
pila,5.18,1.792,2,pila
pino,4.76,2.016,2,pino
piña,4.2,2.02,2,pina
pipa,5.78,2.033,2,pipa
piso,5.64,2.38,2,piso
pito,4.18,1.815,2,pito
plan,7.44,1.897,2,plan
plus,9.5,1.961,2,plus
poca,4.72,2.0,4,poca
poco,2.94,1.476,4,poco
polo,3.96,2.321,2,polo
pomo,7.66,2.353,2,pomo
pone,3.72,2.129,1,pone
pozo,5.84,1.595,2,pozo
púas,7.22,2.66,2,puas
pues,6.04,2.303,4,pues
puma,6.92,2.049,2,puma
puño,4.82,1.997,2,puno
pura,8.66,1.975,3,pura
puré,4.34,1.891,2,pure
puro,6.38,1.915,3,puro
puso,4.78,1.718,1,puso
puta,6.74,2.586,2,puta
rabo,4.18,1.612,2,rabo
raíl,7.54,2.178,2,rail
raíz,6.14,1.917,2,raiz
rama,5.4,1.979,2,rama
ramo,5.5,1.94,2,ramo
rana,3.64,1.613,2,rana
raro,5.22,2.053,3,raro
rasa,8.92,2.184,2,rasa
raso,9.21,1.374,3,raso
rata,3.82,1.587,2,rata
rato,4.58,2.071,2,rato
raya,3.68,1.845,2,raya
rayo,5.14,1.578,2,rayo
raza,7.42,1.939,2,raza
real,6.72,2.119,2,real
reír,3.02,1.478,1,reir
reja,5.4,1.852,2,reja
reto,8.54,1.865,2,reto
rezo,5.16,2.198,2,rezo
rica,4.94,2.419,2,rica
rico,4.64,1.86,3,rico
rifa,7.42,1.96,2,rifa
rima,7.82,1.848,2,rima
riña,5.94,2.645,2,rina
risa,3.24,1.648,2,risa
robo,6.14,1.852,2,robo
roca,4.18,1.535,2,roca
roce,8.36,2.068,2,roce
rock,7.92,2.562,2,rock
roja,3.64,1.86,3,roja
rojo,2.94,1.49,2,rojo
roll,10.38,1.455,3,roll
roma,8.48,1.741,2,roma
roña,8.6,2.204,2,rona
ropa,2.8,1.429,2,ropa
rosa,3.66,1.493,2,rosa
rota,4.34,2.246,2,rota
roto,3.62,1.839,1,roto
rubí,8.28,2.374,2,rubi
rusa,7.8,1.784,3,rusa
ruso,8.52,1.502,3,ruso
ruta,8.08,2.039,2,ruta
sabe,4.58,1.875,1,sabe
saca,4.6,2.185,1,saca
saco,4.64,1.871,2,saco
sala,5.58,2.214,2,sala
sale,5.04,1.906,1,sale
sana,6.04,2.762,3,sana
sano,6.5,2.159,3,sano
sapo,4.08,1.904,2,sapo
sara,3.68,1.72,2,sara
sean,6.4,2.167,1,sean
seca,4.44,2.296,3,seca
seco,5.14,2.167,3,seco
seda,7.1,2.043,2,seda
sede,10.26,1.352,2,sede
seis,3.15,0.816,4,seis
seno,8.94,1.984,2,seno
seña,7.98,2.646,2,sena
sepa,6.44,2.596,1,sepa
será,5.92,1.782,1,sera
seta,6.4,2.347,2,seta
sexo,8.06,2.104,2,sexo
sexy,8.48,2.159,3,sexy
sida,10.02,1.647,2,sida
sido,5.94,2.113,1,sido
sien,9.32,2.114,2,sien
siga,6.36,2.136,1,siga
sino,6.78,2.16,4,sino
snob,10.32,1.609,2,snob
soda,6.98,2.889,2,soda
sofá,4.58,2.001,2,sofa
soga,5.62,1.713,2,soga
sois,6.76,2.115,1,sois
soja,9.52,1.982,2,soja
sola,4.93,1.675,3,sola
solo,4.3,2.082,3,solo
sólo,3.7,1.972,4,solo
sopa,3.12,1.599,2,sopa
soso,7.56,2.224,3,soso
stop,6.62,2.415,2,stop
sube,3.7,1.843,1,sube
suma,5.1,1.298,2,suma
suyo,5.38,2.381,4,suyo
taco,7.24,2.395,2,taco
tapa,4.48,1.607,2,tapa
tara,10.24,1.519,2,tara
taxi,4.84,1.73,2,taxi
taza,3.74,1.794,2,taza
teja,6.38,2.39,2,teja
tela,5.34,1.891,2,tela
tele,2.92,1.602,2,tele
tema,5.8,1.457,2,tema
test,9.48,1.555,2,test
teta,3.44,1.809,2,teta
tipo,7.56,2.26,2,tipo
tira,4.68,2.123,1,tira
tiro,6.6,2.222,2,tiro
toca,3.96,1.678,1,toca
toda,3.64,1.782,4,toda
todo,3.54,1.961,4,todo
toga,9.92,1.782,2,toga
toma,3.68,2.004,1,toma
tomo,8.46,2.323,2,tomo
tono,8.02,2.114,2,tono
topo,6.24,2.615,2,topo
toro,5.4,2.286,2,toro
trae,3.92,1.904,1,trae
tras,6.66,2.789,4,tras
tren,3.48,1.909,2,tren
tres,2.24,1.021,4,tres
tubo,5.34,1.912,2,tubo
tuve,5.26,1.904,1,tuve
tuvo,5.4,2.157,1,tuvo
tuya,4.62,2.212,4,tuya
tuyo,4.07,1.492,4,tuyo
unas,4.3,2.315,4,unas
unos,4.26,2.127,4,unos
uñas,3.2,1.429,2,unas
urbe,10.66,0.626,2,urbe
útil,7.76,1.791,3,util
uvas,4.22,1.972,2,uvas
vaca,3.08,1.676,2,vaca
vago,6.02,1.932,2,vago
vais,6.9,2.131,1,vais
vale,3.6,1.959,1,vale
vals,9.14,2.03,2,vals
vaso,2.8,1.414,2,vaso
vaya,5.84,2.452,1,vaya
vean,6.16,2.113,1,vean
veas,5.46,2.252,1,veas
vega,10.29,1.732,2,vega
veía,5.36,1.758,1,veia
veis,6.42,2.627,1,veis
vela,4.16,1.646,2,vela
vena,6.9,2.279,2,vena
vera,9.98,1.622,2,vera
verá,6.1,2.044,1,vera
vete,3.64,2.068,1,vete
vías,8.28,2.051,2,vias
vida,4.68,1.953,2,vida
viga,8.8,1.807,2,viga
vine,4.68,1.823,1,vine
vino,5.5,2.121,1,vino
vive,4.4,1.641,1,vive
vivo,4.92,2.108,3,vivo
voto,8.38,1.872,2,voto
yate,7.26,1.988,2,yate
yaya,4.28,3.252,2,yaya
yeso,7.36,2.164,2,yeso
york,7.82,2.145,2,york
yoyó,4.52,1.669,2,yoyo
zinc,10.28,1.278,2,zinc
zona,7.02,1.835,2,zona
zumo,3.66,1.836,2,zumo
abajo,2.96,1.37,4,abajo
abeja,4.3,1.81,2,abeja
abeto,7.66,2.429,2,abeto
abono,7.8,2.321,2,abono
abril,4.86,1.539,4,abril
abrir,3.18,1.662,1,abrir
abuso,9.06,2.014,2,abuso
acaba,5.42,1.98,1,acaba
acabo,5.46,2.022,1,acabo
acabó,5.14,1.818,1,acabo
acaso,7.64,2.22,4,acaso
acero,7.92,2.156,2,acero
ácido,7.78,2.55,3,acido
acoso,10.1,1.313,2,acoso
actor,6.44,1.842,2,actor
actos,7.6,1.401,2,actos
adiós,1.74,0.986,4,adios
agrio,7.06,2.606,3,agrio
agudo,8.1,1.787,3,agudo
aguja,4.68,1.801,2,aguja
ahora,4.48,2.178,4,ahora
álbum,6.4,1.959,2,album
amada,7.67,1.797,2,amada
amado,6.12,2.529,3,amado
ambos,7.54,1.908,4,ambos
ameno,9.82,1.466,3,ameno
amiga,3.9,1.515,2,amiga
amigo,3.54,1.631,2,amigo
ancha,5.56,2.072,3,ancha
ancho,5.79,1.597,3,ancho
ancla,6.08,2.221,2,ancla
andar,3.86,1.773,1,andar
ángel,4.56,2.13,2,angel
ánimo,7.0,2.04,2,animo
ansia,9.46,1.693,2,ansia
antes,4.84,1.633,4,antes
anual,7.98,2.075,3,anual
añejo,9.96,1.665,2,anejo
aorta,10.24,1.238,2,aorta
apodo,8.46,1.961,2,apodo
apoyo,7.52,2.341,2,apoyo
aquel,5.1,2.418,4,aquel
árabe,8.72,1.885,3,arabe
araña,3.32,1.421,2,arana
árbol,2.62,1.227,2,arbol
arcón,9.34,1.975,2,arcon
arder,6.12,1.996,1,arder
ardor,7.44,2.712,2,ardor
arena,3.46,1.403,2,arena
armas,6.44,2.052,2,armas
aroma,7.32,2.025,2,aroma
arroz,3.68,1.596,2,arroz
asado,6.62,2.029,2,asado
aspas,8.36,2.472,2,aspas
astro,8.44,1.853,2,astro
atajo,7.46,2.082,2,atajo
ataúd,8.02,1.846,2,ataud
ático,8.06,2.18,3,atico
átomo,10.44,0.951,2,atomo
atrás,3.52,1.752,4,atras
atrio,10.56,1.402,2,atrio
audaz,9.92,1.455,3,audaz
autor,7.7,1.887,2,autor
ávila,8.98,2.162,2,avila
avión,3.62,1.441,2,avion
aviso,6.26,2.165,2,aviso
axila,7.38,2.165,2,axila
ayuda,4.7,2.082,2,ayuda
aznar,10.24,1.437,2,aznar
bahía,8.58,1.907,2,bahia
baile,4.34,1.791,2,baile
bajar,4.06,1.596,1,bajar
balas,6.3,1.681,2,balas
balón,3.04,1.538,2,balon
banco,6.14,2.129,2,banco
banda,6.2,2.213,2,banda
bando,8.32,2.299,2,bando
barba,3.36,1.411,2,barba
barca,5.28,1.629,2,barca
barco,3.3,1.432,2,barco
barra,6.72,1.604,2,barra
barro,4.46,1.843,2,barro
basto,7.2,2.295,3,basto
beber,2.2,1.178,1,beber
beige,8.44,2.26,3,beige
bella,5.24,2.046,3,bella
bello,6.36,1.871,3,bello
berza,10.58,1.295,2,berza
besar,3.26,1.827,1,besar
betún,7.54,2.409,2,betun
bicho,2.96,1.324,2,bicho
bimbo,6.98,2.462,2,bimbo
bingo,8.14,2.02,2,bingo
blusa,4.42,2.091,2,blusa
boina,7.1,2.452,2,boina
bolas,3.94,1.417,3,bolas
bolsa,3.36,1.562,2,bolsa
bolso,3.94,1.789,2,bolso
bomba,6.7,2.252,2,bomba
bonos,8.84,1.963,2,bonos
borde,5.92,2.747,2,borde
botar,5.4,2.499,1,botar
botas,4.34,2.066,2,botas
botón,3.36,1.208,2,boton
boxeo,7.54,2.032,2,boxeo
bozal,6.32,2.386,2,bozal
braga,3.28,2.223,2,braga
brava,8.86,2.282,2,brava
bravo,5.88,2.639,2,bravo
brazo,3.02,1.518,2,brazo
breve,7.82,2.164,3,breve
brisa,6.28,2.195,2,brisa
broma,5.82,2.371,2,broma
brote,9.76,1.923,2,brote
bruja,3.76,1.451,2,bruja
bruto,5.5,2.159,3,bruto
buena,4.52,2.092,3,buena
bueno,2.82,1.826,4,bueno
bulto,6.08,2.137,2,bulto
buque,8.12,1.955,2,buque
burla,6.24,2.429,2,burla
burro,3.42,1.372,2,burro
busca,4.18,1.521,2,busca
busto,9.86,1.443,2,busto
buzón,6.04,2.02,2,buzon
cable,5.14,1.83,2,cable
cabra,4.36,1.638,2,cabra
cacho,5.2,2.703,2,cacho
cádiz,8.02,2.19,2,cadiz
caída,4.46,2.206,2,caida
cajas,4.2,1.195,2,cajas
cajón,4.24,1.779,2,cajon
calle,4.04,1.807,2,calle
calma,7.98,2.114,2,calma
calor,3.92,1.915,2,calor
calvo,5.78,1.93,2,calvo
campo,4.48,1.681,2,campo
canal,5.7,2.243,2,canal
canoa,7.02,1.868,2,canoa
canon,10.28,1.938,2,canon
canta,3.32,1.708,1,canta
canto,5.32,2.436,1,canto
cañón,7.34,1.88,2,canon
capaz,6.98,2.317,3,capaz
carga,7.34,2.237,2,carga
cargo,8.74,1.7,2,cargo
carne,4.16,2.289,2,carne
carro,4.9,2.121,2,carro
carta,5.68,1.421,2,carta
casar,5.18,2.106,1,casar
casas,3.16,1.376,2,casas
casco,5.36,2.087,2,casco
casos,7.1,2.288,2,casos
caspa,7.82,1.903,2,caspa
casta,10.22,1.632,2,casta
cauce,8.9,2.003,2,cauce
causa,7.62,2.137,2,causa
cazar,6.52,1.798,1,cazar
cebra,4.26,1.575,2,cebra
ceder,8.84,2.014,1,ceder
celda,8.12,2.191,2,celda
celos,8.33,2.105,2,celos
cerca,4.2,1.75,4,cerca
cerdo,3.32,1.332,2,cerdo
cesta,4.8,1.604,2,cesta
chata,9.12,2.228,3,chata
checa,9.94,1.232,2,checa
chepa,9.11,1.496,2,chepa
chica,3.0,1.485,2,chica
chico,3.46,1.693,2,chico
chile,8.8,1.917,2,chile
china,8.18,2.097,2,china
chino,6.34,1.78,2,chino
chita,7.65,2.302,2,chita
chopo,8.94,2.567,2,chopo
choza,8.3,2.131,2,choza
chulo,7.8,1.959,2,chulo
chupa,3.76,3.081,2,chupa
ciega,5.66,1.745,3,ciega
ciego,5.22,1.542,3,ciego
cielo,3.58,1.579,2,cielo
cieno,10.74,0.6,2,cieno
cifra,6.96,2.0,2,cifra
cinco,3.1,0.969,4,cinco
cinta,5.53,1.959,2,cinta
circo,3.72,1.386,2,circo
cisne,5.28,1.928,2,cisne
civil,8.94,1.646,3,civil
clara,6.52,1.821,3,clara
claro,5.84,2.054,4,claro
clase,3.84,1.595,2,clase
clave,7.84,1.931,2,clave
clavo,5.72,2.129,2,clavo
clima,6.98,2.299,2,clima
cloro,8.22,2.15,2,cloro
cobra,7.54,2.206,2,cobra
cobre,8.38,1.806,2,cobre
cobro,8.36,1.838,2,cobro
coche,2.98,1.684,2,coche
cofre,6.64,1.893,2,cofre
coger,3.66,2.086,1,coger
coito,10.52,0.886,2,coito
cojín,4.5,1.568,2,cojin
colon,9.62,1.894,2,colon
colón,8.92,1.742,2,colon
color,2.84,1.235,2,color
comba,4.86,1.726,2,comba
comer,1.7,0.909,1,comer
cómic,6.34,1.611,2,comic
común,8.0,1.917,3,comun
conde,7.66,2.125,2,conde
coñac,10.0,1.702,2,conac
copas,6.68,2.114,2,copas
copia,5.48,1.93,2,copia
corsé,9.62,1.51,2,corse
corta,4.72,1.738,3,corta
corte,5.94,2.729,2,corte
corto,5.02,1.995,3,corto
cosas,3.86,1.641,2,cosas
coser,5.42,1.949,1,coser
costa,5.8,1.906,2,costa
crear,6.6,1.796,1,crear
creen,5.54,1.887,1,creen
creer,5.68,2.025,1,creer
crees,5.86,1.852,1,crees
creía,5.7,1.594,1,creia
crema,5.14,2.03,2,crema
crepe,9.84,1.695,2,crepe
croar,6.24,2.528,1,croar
cromo,5.52,2.597,2,cromo
cruel,7.48,2.178,3,cruel
cuero,7.08,2.337,2,cuero
cueva,4.72,1.642,2,cueva
culpa,6.36,2.388,2,culpa
culto,9.04,1.616,2,culto
curar,4.44,1.908,1,curar
curas,6.02,2.114,2,curas
curso,4.62,1.576,2,curso
curva,5.54,2.002,2,curva
curvo,8.42,2.339,3,curvo
daban,5.68,2.015,1,daban
damos,5.12,2.106,1,damos
dance,8.53,2.052,2,dance
dando,5.76,1.965,1,dando
danza,6.96,2.166,2,danza
darle,4.48,2.15,1,darle
datos,8.08,2.049,2,datos
david,3.78,1.73,2,david
deben,5.64,1.998,1,deben
deber,7.06,2.428,2,deber
debía,6.46,2.233,1,debia
débil,7.04,2.194,3,debil
decía,4.7,1.951,1,decia
decir,4.39,1.218,1,decir
dedal,6.64,2.107,2,dedal
dedos,2.24,1.098,2,dedos
dejan,5.42,1.819,1,dejan
dejar,5.5,1.832,1,dejar
demás,6.84,2.359,4,demas
desde,4.52,2.234,4,desde
deseo,6.74,2.754,2,deseo
deuda,9.12,1.965,2,deuda
dicen,5.08,1.639,1,dicen
dices,4.7,1.887,1,dices
dicha,9.3,2.112,2,dicha
dicho,7.62,2.407,1,dicho
diego,4.32,2.299,2,diego
dieta,8.62,2.098,2,dieta
digan,5.72,2.021,1,digan
digas,5.68,1.9,1,digas
digno,9.16,1.595,3,digno
diosa,7.14,1.863,2,diosa
dique,9.96,1.261,2,dique
diría,6.2,2.195,1,diria
disco,6.26,2.174,2,disco
diván,10.22,1.516,2,divan
doble,6.56,2.042,3,doble
dogma,10.72,0.701,2,dogma
dólar,8.44,2.168,2,dolar
doler,2.96,1.484,1,doler
dolor,3.6,1.927,2,dolor
donde,3.0,1.616,4,donde
dónde,4.36,1.816,4,donde
drama,8.88,1.757,2,drama
droga,8.74,1.925,2,droga
ducha,3.44,1.58,2,ducha
dudas,6.66,1.661,2,dudas
duelo,9.02,2.162,2,duelo
dueño,5.82,2.047,2,dueno
dulce,4.1,2.234,3,dulce
duque,8.0,2.176,2,duque
duros,4.94,2.411,2,duros
echar,4.52,2.013,1,echar
elena,4.0,2.01,2,elena
ellas,3.96,1.69,4,ellas
ellos,3.98,1.635,4,ellos
email,10.68,0.621,2,email
enero,5.36,1.396,4,enero
enojo,8.38,2.381,2,enojo
entra,3.8,1.807,1,entra
entre,4.36,1.956,4,entre
época,8.02,2.254,2,epoca
erizo,5.61,2.352,2,erizo
error,5.68,1.845,2,error
espía,7.8,2.06,2,espia
esquí,7.2,2.1,2,esqui
estar,5.74,2.481,1,estar
estas,4.48,2.358,4,estas
éstas,5.18,2.274,4,estas
estén,5.82,2.126,1,esten
estos,4.4,2.304,4,estos
éstos,4.94,2.307,4,estos
estoy,4.14,2.07,1,estoy
etapa,9.1,1.581,2,etapa
euros,9.76,2.291,2,euros
éxito,7.94,1.766,2,exito
extra,8.4,2.204,3,extra
fácil,4.72,1.703,3,facil
faena,9.16,1.543,2,faena
falda,4.2,1.702,2,falda
falla,9.38,2.089,1,falla
fallo,6.66,1.88,2,fallo
falsa,6.9,2.121,3,falsa
falso,6.38,2.372,3,falso
falta,6.42,2.214,2,falta
fanta,5.0,2.316,2,fanta
farol,6.96,3.023,2,farol
farsa,9.38,1.677,2,farsa
fatal,6.94,2.17,3,fatal
fauna,7.84,1.845,2,fauna
favor,5.58,2.331,4,favor
fecha,4.5,1.555,2,fecha
feliz,4.38,2.009,3,feliz
fémur,9.48,1.657,2,femur
feria,5.48,2.367,2,feria
feroz,6.26,2.497,3,feroz
ficha,5.02,1.708,2,ficha
fiera,6.52,2.082,3,fiera
fiero,8.12,2.144,3,fiero
final,4.42,1.553,2,final
finca,6.58,2.383,2,finca
fines,8.08,2.108,2,fines
firma,7.16,1.856,2,firma
flaca,4.3,1.961,3,flaca
flaco,4.76,1.975,3,flaco
flexo,8.54,2.187,2,flexo
floja,6.34,2.037,3,floja
flojo,5.16,1.867,3,flojo
flora,7.82,2.067,2,flora
flota,7.88,2.496,1,flota
flujo,10.26,1.44,2,flujo
fobia,9.72,1.485,2,fobia
fogón,7.32,2.325,2,fogon
folio,4.96,1.989,2,folio
fondo,5.08,1.794,2,fondo
forma,5.84,2.298,2,forma
fotos,4.06,1.743,2,fotos
frase,5.82,1.734,2,frase
freír,5.46,2.052,1,freir
fresa,3.18,1.587,2,fresa
freud,10.96,0.198,2,freud
frita,5.3,2.063,2,frita
frito,5.3,1.951,1,frito
fruta,4.18,1.65,2,fruta
fruto,4.88,1.814,2,fruto
fuego,3.68,1.571,2,fuego
fuera,3.64,1.453,1,fuera
fuese,6.8,2.571,1,fuese
fugaz,7.48,2.549,3,fugaz
fular,8.88,2.135,2,fular
fumar,6.22,2.27,1,fumar
funda,7.24,2.086,2,funda
furia,8.2,2.0,2,furia
furor,9.48,1.619,2,furor
fusil,8.36,2.087,2,fusil
gabán,10.72,0.834,2,gaban
gafas,3.98,1.824,2,gafas
galán,9.06,1.875,2,galan
galgo,8.66,2.144,2,galgo
gallo,4.66,2.421,2,gallo
gamba,6.26,1.988,2,gamba
ganar,4.76,1.996,1,ganar
ganas,4.94,2.132,2,ganas
garra,6.12,2.592,2,garra
gasto,6.76,2.361,2,gasto
gatos,3.44,1.786,2,gatos
genio,5.74,2.098,2,genio
gente,4.2,1.578,2,gente
gesto,6.36,2.087,2,gesto
girar,5.18,1.746,1,girar
globo,2.42,1.326,2,globo
gofio,4.78,2.559,2,gofio
goles,5.06,1.531,2,goles
golfo,7.14,2.312,2,golfo
golpe,4.04,2.07,2,golpe
gorda,4.46,1.798,3,gorda
gordo,4.82,1.711,3,gordo
gorra,4.36,2.192,2,gorra
gorro,3.64,1.522,2,gorro
grado,7.96,1.937,2,grado
gramo,7.72,1.75,2,gramo
grano,7.04,2.449,2,grano
grapa,6.48,1.821,2,grapa
grasa,7.36,2.257,2,grasa
grave,7.2,1.979,3,grave
gripe,4.9,1.961,2,gripe
grito,3.2,1.591,2,grito
grupo,5.58,1.797,2,grupo
gruta,8.96,2.176,2,gruta
guapa,3.32,1.789,3,guapa
guapo,3.44,1.564,3,guapo
guiño,7.64,2.617,2,guino
guiri,8.12,1.891,2,guiri
gusta,2.58,1.372,1,gusta
gusto,4.92,2.127,2,gusto
gustó,3.92,1.978,1,gusto
haber,4.76,2.607,1,haber
había,4.88,1.803,1,habia
habla,3.2,1.726,1,habla
hablo,3.98,1.964,1,hablo
habrá,6.4,1.863,1,habra
hacen,4.94,2.152,1,hacen
hacer,4.12,1.698,1,hacer
haces,4.46,1.593,2,haces
hacha,5.9,2.082,2,hacha
hacia,5.86,2.195,4,hacia
hadas,4.42,1.939,2,hadas
hagan,5.94,1.812,1,hagan
haría,6.16,2.16,1,haria
harto,6.46,1.929,3,harto
hasta,5.52,2.95,4,hasta
hayan,6.84,2.103,1,hayan
heavy,10.18,0.978,2,heavy
hebra,7.4,2.321,2,hebra
hecha,5.96,1.851,3,hecha
hecho,6.96,2.74,1,hecho
hedor,10.18,1.32,2,hedor
heidi,4.02,1.995,2,heidi
hemos,5.66,1.986,1,hemos
héroe,5.04,2.089,2,heroe
hielo,4.48,1.222,2,hielo
hiena,7.06,1.731,2,hiena
hijos,4.48,1.764,2,hijos
himno,7.46,2.002,2,himno
hogar,5.7,2.023,2,hogar
hojas,3.54,1.669,2,hojas
honda,9.0,2.268,2,honda
hondo,5.72,2.259,3,hondo
hongo,7.96,1.948,2,hongo
honor,8.88,1.859,2,honor
horas,4.68,1.622,2,horas
horno,5.94,1.984,2,horno
hotel,5.52,1.854,2,hotel
house,7.3,2.288,2,house
hucha,4.9,1.992,2,hucha
hueco,5.3,2.043,2,hueco
hueso,4.74,1.946,2,hueso
huevo,3.36,1.453,2,huevo
huída,8.08,2.156,2,huida
humor,7.16,1.92,2,humor
hurto,10.2,1.355,2,hurto
ideal,7.62,2.828,3,ideal
ideas,6.08,1.926,2,ideas
ídolo,8.42,1.97,2,idolo
igual,4.6,1.829,3,igual
india,7.46,2.435,2,india
indio,4.86,2.268,2,indio
ingle,9.32,1.755,2,ingle
islas,4.9,1.876,2,islas
jabón,3.16,1.184,2,jabon
jaleo,7.04,2.191,2,jaleo
jamás,5.42,2.214,4,jamas
jamón,3.36,1.481,2,jamon
jaque,9.02,1.953,2,jaque
jarra,4.12,1.803,2,jarra
jaula,4.8,1.979,2,jaula
jeans,8.38,2.594,2,jeans
jesús,4.98,1.732,2,jesus
joder,6.75,1.952,4,joder
jorge,4.38,1.905,2,jorge
joven,6.06,2.142,3,joven
joyas,6.24,2.046,2,joyas
juega,3.0,1.678,1,juega
juego,2.76,1.205,2,juego
jugar,2.24,1.117,1,jugar
julio,5.1,1.542,4,julio
junio,5.22,1.13,4,junio
junta,10.0,1.591,2,junta
junto,5.88,2.3,4,junto
justa,7.3,1.982,3,justa
justo,7.64,2.126,3,justo
kilos,6.92,1.893,2,kilos
koala,6.64,1.935,2,koala
labio,4.26,1.904,2,labio
labor,7.66,2.172,2,labor
lanza,6.42,2.031,1,lanza
lápiz,2.68,1.596,2,lapiz
larga,4.98,2.114,3,larga
largo,5.26,1.816,3,largo
larva,8.06,2.307,2,larva
láser,9.06,1.42,2,laser
latín,9.58,1.553,2,latin
latir,6.86,1.773,1,latir
laura,4.58,2.295,2,laura
lavar,4.9,1.799,1,lavar
leche,2.64,1.382,2,leche
lecho,8.98,1.964,2,lecho
legal,8.74,1.893,3,legal
legua,8.64,3.218,2,legua
leído,5.82,1.903,1,leido
lejos,3.72,1.691,4,lejos
lenta,5.02,1.518,3,lenta
lente,8.24,2.218,2,lente
lento,4.08,1.794,3,lento
lepra,9.06,1.391,2,lepra
letal,9.9,1.446,3,letal
letra,3.62,1.308,2,letra
leyes,9.24,1.869,2,leyes
libra,8.56,2.022,2,libra
libre,6.16,2.271,3,libre
libro,3.32,1.168,2,libro
licor,7.72,2.627,2,licor
líder,7.92,2.088,2,lider
ligar,8.44,2.177,1,ligar
limón,3.3,1.216,2,limon
lince,7.4,2.05,2,lince
línea,4.93,1.421,2,linea
lirio,8.94,2.113,2,lirio
lista,5.7,1.81,3,lista
listo,4.8,1.784,3,listo
litio,10.58,1.182,2,litio
litro,6.44,1.593,2,litro
llama,5.1,1.909,1,llama
llamo,4.4,2.563,1,llamo
llamó,5.24,2.046,1,llamo
llano,6.16,1.811,3,llano
llave,3.58,1.655,2,llave
llega,4.84,2.103,1,llega
llego,4.62,1.85,1,llego
llegó,4.48,1.798,1,llego
llena,4.46,2.102,3,llena
lleno,4.52,1.693,3,lleno
lleva,4.48,1.787,1,lleva
llevo,4.8,1.702,1,llevo
llevó,5.34,2.096,1,llevo
lloro,3.98,2.272,2,lloro
local,8.04,1.884,3,local
locas,5.72,2.204,3,locas
locos,5.2,2.03,3,locos
logro,8.56,2.002,2,logro
luces,3.78,1.632,2,luces
lucha,5.72,1.617,2,lucha
lucía,4.56,2.159,2,lucia
luego,5.72,2.223,4,luego
lugar,4.92,1.967,2,lugar
luisa,5.62,2.364,2,luisa
lunar,5.88,2.282,3,lunar
lunes,3.72,1.386,2,lunes
lupas,6.82,2.027,2,lupas
lycra,8.92,2.069,2,lycra
macho,6.36,2.155,2,macho
madre,1.98,1.301,2,madre
magia,5.06,1.9,2,magia
magna,10.48,1.359,2,magna
magos,4.86,2.241,2,magos
malas,3.44,1.786,3,malas
malos,3.36,1.882,3,malos
manda,5.2,1.791,1,manda
mando,5.34,2.7,1,mando
manga,4.86,2.408,2,manga
mango,5.44,2.451,2,mango
manía,8.4,2.33,2,mania
manos,2.96,1.293,2,manos
manso,6.72,2.339,3,manso
manta,3.2,1.702,2,manta
manto,7.0,2.07,2,manto
mapas,6.84,1.8,2,mapas
marca,6.84,1.833,2,marca
marco,7.28,2.348,2,marco
mareo,6.38,2.098,2,mareo
maría,3.42,1.885,2,maria
marta,4.12,1.745,2,marta
marte,7.88,1.986,2,marte
marzo,4.52,1.644,4,marzo
masas,8.88,2.115,2,masas
matar,4.96,2.157,1,matar
matiz,10.04,1.245,2,matiz
mayor,4.1,1.632,3,mayor
media,6.64,2.354,4,media
medio,6.42,2.051,2,medio
medir,7.3,2.033,1,medir
mejor,4.16,1.267,3,mejor
melón,3.78,1.741,2,melon
menor,6.2,2.129,3,menor
menos,4.32,1.684,4,menos
mente,7.7,1.729,2,mente
meses,4.98,1.684,2,meses
metal,7.14,1.948,2,metal
meter,5.06,1.9,1,meter
metro,6.86,2.157,2,metro
miedo,3.6,1.906,2,miedo
milla,9.12,2.191,2,milla
millo,4.64,2.048,2,millo
mirar,2.52,1.568,1,mirar
misil,8.96,1.851,2,misil
misma,5.92,2.202,4,misma
mismo,5.4,2.06,4,mismo
mitad,4.96,1.829,2,mitad
mitch,10.78,0.654,2,mitch
mixta,7.62,1.937,3,mixta
mixto,7.58,2.021,2,mixto
mocos,2.66,1.493,2,mocos
molde,6.58,1.928,2,molde
monja,5.6,2.129,2,monja
monje,6.9,2.159,2,monje
monos,3.84,1.583,2,monos
monte,4.36,1.86,2,monte
moral,9.5,1.669,3,moral
morir,5.4,1.796,1,morir
morse,9.5,1.669,2,morse
mosca,3.84,1.49,2,mosca
mosto,9.14,2.407,2,mosto
motor,7.12,1.976,2,motor
mover,4.36,1.816,1,mover
móvil,9.74,1.736,3,movil
mucha,4.78,2.376,4,mucha
mucho,3.92,1.536,4,mucho
mueca,6.94,2.469,2,mueca
muela,4.82,1.815,2,muela
mueve,4.48,2.215,1,mueve
mugir,8.08,2.732,1,mugir
mugre,8.82,2.154,2,mugre
mujer,4.54,1.897,2,mujer
multa,8.24,1.953,2,multa
mundo,4.8,2.109,2,mundo
mural,6.52,2.501,3,mural
murió,5.3,1.876,1,murio
museo,6.72,1.97,2,museo
muslo,4.72,1.98,2,muslo
mutuo,9.32,1.671,3,mutuo
nacer,5.24,1.709,1,nacer
nació,4.34,1.611,1,nacio
nadar,3.84,1.376,1,nadar
nadie,5.18,2.037,4,nadie
naipe,9.02,2.36,2,naipe
nariz,2.54,1.11,2,nariz
nasal,8.4,1.979,3,nasal
navío,9.2,1.917,2,navio
negar,6.22,2.621,1,negar
negra,4.94,2.208,3,negra
negro,3.26,1.275,3,negro
nieto,5.78,1.909,2,nieto
nieve,4.16,1.742,2,nieve
niñas,2.58,1.144,2,ninas
niñez,7.9,2.206,2,ninez
niños,2.98,1.363,2,ninos
niqui,8.38,2.906,2,niqui
nivel,7.26,2.202,2,nivel
noble,8.4,2.466,3,noble
noche,3.22,1.502,2,noche
nogal,9.7,2.092,3,nogal
noria,4.76,1.985,2,noria
norma,5.42,2.467,2,norma
norte,6.22,1.788,2,norte
notas,5.58,1.691,2,notas
novia,5.94,2.289,2,novia
novio,4.86,2.304,2,novio
nubes,3.28,1.443,2,nubes
nuera,8.14,2.373,2,nuera
nueva,4.06,1.707,3,nueva
nueve,3.72,1.443,4,nueve
nuevo,4.46,1.593,3,nuevo
nunca,5.1,1.909,4,nunca
obesa,8.46,2.187,3,obesa
obras,6.62,1.817,2,obras
ocaso,9.88,1.78,2,ocaso
odiar,5.34,2.344,1,odiar
oeste,7.02,2.035,2,oeste
ojalá,6.3,1.741,4,ojala
oliva,7.76,2.326,2,oliva
olivo,7.28,1.896,2,olivo
opera,7.94,2.014,1,opera
orden,5.58,2.232,2,orden
oreja,2.64,1.439,2,oreja
orina,4.22,2.315,2,orina
oruga,5.68,2.614,2,oruga
orujo,10.16,1.557,2,orujo
ostra,7.38,2.364,2,ostra
otoño,4.72,1.959,2,otono
otras,5.08,1.998,4,otras
otros,4.12,2.219,4,otros
oveja,3.5,1.94,2,oveja
óvulo,9.66,1.451,2,ovulo
pablo,4.18,1.535,2,pablo
pacto,9.34,1.649,2,pacto
padre,1.72,0.834,2,padre
pagan,5.54,1.555,1,pagan
pagar,5.38,1.85,1,pagar
palco,10.02,1.45,2,palco
palma,4.53,2.073,2,palma
panal,7.88,2.387,2,panal
panda,5.68,1.921,2,panda
panty,7.92,2.776,2,panty
panza,5.3,2.435,2,panza
papas,3.24,1.585,2,papas
papel,3.16,1.462,2,papel
parar,4.08,1.839,1,parar
pardo,8.0,2.236,2,pardo
pared,4.3,2.243,2,pared
paren,6.4,2.711,1,paren
pareo,7.84,2.411,2,pareo
parís,7.75,1.352,2,paris
parte,5.9,2.509,2,parte
pasan,4.94,1.9,1,pasan
pasar,4.56,2.072,1,pasar
paseo,4.42,1.97,2,paseo
pasos,4.32,1.708,2,pasos
pasta,5.88,2.191,2,pasta
pasto,6.78,2.083,2,pasto
patas,3.66,1.869,2,patas
patín,5.78,1.855,2,patin
patio,3.36,1.411,2,patio
patos,3.2,1.37,2,patos
pausa,7.38,1.989,2,pausa
pavor,10.28,1.262,2,pavor
peces,3.68,1.491,2,peces
pecho,5.36,2.107,2,pecho
pedir,4.54,2.043,1,pedir
pedro,4.06,1.634,2,pedro
pegar,3.98,1.846,1,pegar
peine,3.22,1.234,2,peine
pelea,3.9,1.632,2,pelea
pelos,2.8,1.443,2,pelos
penal,9.9,1.529,3,penal
peral,6.02,2.386,2,peral
perla,7.36,1.758,2,perla
perro,2.58,1.279,2,perro
persa,10.12,1.493,3,persa
pesar,6.14,2.5,4,pesar
pesas,7.78,1.951,2,pesas
pesca,5.94,1.57,2,pesca
peste,7.64,2.414,2,peste
pezón,6.62,2.672,2,pezon
piano,5.52,2.082,2,piano
picar,4.52,2.401,1,picar
pichi,8.5,3.272,2,pichi
picor,3.96,1.69,2,picor
piden,4.72,2.204,1,piden
pieza,5.42,2.148,2,pieza
pilar,7.78,2.493,2,pilar
pinta,5.54,3.196,2,pinta
pinza,5.02,2.015,2,pinza
piojo,4.58,1.63,2,piojo
pipas,5.96,1.678,2,pipas
pisar,3.76,1.519,1,pisar
pisos,5.78,1.274,2,pisos
pista,6.44,1.842,2,pista
pitón,8.38,2.089,2,piton
pizza,5.7,1.94,2,pizza
placa,7.98,2.272,2,placa
plana,6.8,2.33,3,plana
plano,7.4,2.304,2,plano
plata,6.76,2.006,2,plata
plato,3.3,1.418,2,plato
playa,3.2,1.37,2,playa
plaza,5.38,1.968,2,plaza
plazo,8.9,1.542,2,plazo
plena,8.64,1.956,3,plena
pleno,8.72,1.98,3,pleno
plomo,7.68,2.511,2,plomo
pluma,5.48,1.717,2,pluma
pobre,5.8,1.784,3,pobre
pocas,4.26,1.771,4,pocas
pocos,4.03,1.247,4,pocos
poder,6.48,2.443,2,poder
podía,5.44,1.752,1,podia
podio,9.26,2.107,2,podio
podrá,6.12,2.201,1,podra
poema,7.6,1.959,2,poema
poeta,8.14,1.738,2,poeta
polar,7.62,1.978,3,polar
polen,7.38,1.894,2,polen
pollo,3.64,1.481,2,pollo
polvo,5.38,1.537,2,polvo
ponen,4.76,1.975,1,ponen
poner,4.68,1.984,1,poner
pones,4.5,2.332,2,pones
ponga,6.16,1.765,1,ponga
pongo,5.12,2.379,2,pongo
ponía,5.8,1.852,1,ponia
potro,7.36,2.068,2,potro
prado,5.84,2.207,2,prado
presa,7.54,2.341,2,presa
preso,6.76,1.954,3,preso
prima,3.6,1.884,2,prima
primo,3.36,1.663,2,primo
prisa,4.88,1.87,2,prisa
prosa,10.0,1.294,2,prosa
pubis,9.28,1.938,2,pubis
pudor,10.18,1.19,2,pudor
pueda,5.84,1.888,1,pueda
puede,4.94,1.707,1,puede
puedo,3.98,1.672,1,puedo
pugna,10.44,1.417,2,pugna
pulga,5.86,1.552,2,pulga
punta,6.04,2.941,2,punta
punto,4.66,1.934,2,punto
puñal,8.18,2.247,2,punal
queda,5.8,2.39,1,queda
quede,6.12,2.804,1,quede
quedo,5.62,2.276,3,quedo
quedó,5.38,1.947,1,quedo
queja,7.02,2.412,2,queja
quema,5.04,2.547,2,quema
queso,2.98,1.421,2,queso
quien,4.54,1.764,4,quien
quién,4.02,1.478,4,quien
quita,3.96,2.099,1,quita
quizá,6.96,1.895,4,quiza
rabia,6.28,2.129,2,rabia
radio,3.82,1.625,2,radio
rango,9.92,1.627,2,rango
rapaz,9.08,1.978,3,rapaz
rapto,8.74,1.915,2,rapto
rasgo,8.98,2.152,2,rasgo
ratón,3.52,1.529,2,raton
rayas,3.6,1.917,2,rayas
razón,7.33,2.719,2,razon
recta,5.9,1.854,2,recta
recto,5.4,2.539,3,recto
regla,5.12,1.493,2,regla
rehén,8.88,1.586,2,rehen
reina,4.28,1.715,2,reina
reino,6.18,2.371,2,reino
rejas,6.8,2.109,2,rejas
relax,8.76,1.685,2,relax
reloj,4.38,1.76,2,reloj
renta,9.92,1.469,2,renta
resta,5.82,1.32,2,resta
resto,6.46,1.865,2,resto
revés,7.5,2.621,2,reves
reyes,3.78,1.982,2,reyes
rezar,5.24,1.985,1,rezar
ricos,5.7,1.594,2,ricos
riego,7.8,2.185,2,riego
rifle,7.8,1.948,2,rifle
rigor,10.0,1.471,2,rigor
rímel,9.12,1.923,2,rimel
risas,4.04,2.089,2,risas
ritmo,7.42,1.83,2,ritmo
rival,7.68,1.911,2,rival
rizos,4.78,1.941,2,rizos
robar,5.82,1.976,1,robar
roble,6.94,1.659,2,roble
robot,6.1,1.887,2,robot
rodar,5.54,1.843,1,rodar
rojas,4.98,2.575,2,rojas
rojos,4.02,2.352,3,rojos
rollo,6.94,2.113,2,rollo
rosal,5.76,2.191,2,rosal
rosas,4.42,1.401,2,rosas
rotas,4.66,2.379,3,rotas
rotos,4.28,1.703,3,rotos
rubia,4.78,1.62,3,rubia
rubio,4.54,1.631,2,rubio
rubor,10.22,1.375,2,rubor
rueca,9.52,2.288,2,rueca
rueda,3.04,1.277,2,rueda
ruego,8.16,2.262,1,ruego
rugby,8.34,1.912,2,rugby
rugir,5.7,1.951,1,rugir
ruido,4.28,2.129,2,ruido
ruina,8.08,1.85,2,ruina
rumba,8.32,2.104,2,rumba
rumbo,8.22,2.083,2,rumbo
rumor,8.48,1.705,2,rumor
rural,8.94,1.671,3,rural
rusia,8.29,1.174,2,rusia
saben,4.86,1.938,1,saben
saber,5.5,2.188,1,saber
sabes,4.22,1.982,1,sabes
sabía,5.3,2.073,1,sabia
sabio,8.08,1.664,2,sabio
sable,8.58,2.051,2,sable
sabor,4.52,1.992,2,sabor
sacar,4.69,1.377,1,sacar
saldo,10.02,1.116,2,saldo
salen,5.04,1.498,1,salen
sales,4.92,1.947,2,sales
salga,5.62,1.926,1,salga
salgo,5.14,2.09,1,salgo
salía,5.9,1.753,1,salia
salió,4.74,1.946,1,salio
salir,3.52,1.992,1,salir
salón,4.1,1.432,2,salon
salsa,4.86,1.948,2,salsa
salto,3.8,1.443,2,salto
salud,6.84,1.942,2,salud
salvo,6.84,2.351,4,salvo
samba,8.34,2.191,2,samba
santa,6.88,2.336,2,santa
santo,6.16,1.867,2,santo
saque,6.68,2.351,1,saque
satán,8.9,2.493,2,satan
sauce,8.59,2.226,2,sauce
sazón,10.38,1.21,4,sazon
según,5.9,2.023,4,segun
sello,6.82,1.881,2,sello
selva,5.8,1.591,2,selva
senil,10.24,1.349,3,senil
señal,6.2,1.99,2,senal
señor,4.46,1.908,2,senor
serán,5.96,1.749,1,seran
sería,6.37,2.148,1,seria
serie,6.24,2.046,2,serie
serio,5.18,2.145,3,serio
sexto,5.12,1.586,3,sexto
sidra,8.72,1.796,2,sidra
siete,3.84,1.434,4,siete
siglo,8.22,1.67,4,siglo
signo,7.1,2.082,2,signo
sigue,5.56,2.082,1,sigue
silla,3.18,1.351,2,silla
sirve,4.7,1.93,1,sirve
sitio,4.68,1.867,2,sitio
slips,9.9,1.832,4,slips
sobre,5.56,1.704,4,sobre
sodio,10.2,1.125,2,sodio
solar,8.12,1.757,3,solar
somos,4.3,1.764,1,somos
sonar,4.62,2.258,1,sonar
soñar,4.58,1.864,1,sonar
sordo,5.06,1.754,3,sordo
soria,8.86,1.818,2,soria
spray,6.36,2.097,2,spray
suave,4.64,2.275,3,suave
subir,3.82,1.587,1,subir
sucia,4.18,1.87,3,sucia
sucio,3.5,1.403,3,sucio
sudor,5.52,1.93,2,sudor
suela,6.28,2.119,2,suela
suele,7.02,2.075,1,suele
suelo,3.14,1.818,2,suelo
suena,4.68,2.035,1,suena
sueño,3.9,1.865,2,sueno
suiza,8.92,1.926,2,suiza
sumar,4.86,1.229,1,sumar
surco,8.34,2.327,2,surco
susto,4.0,2.09,2,susto
tabla,4.92,2.029,2,tabla
tacón,5.56,2.305,2,tacon
tacto,6.92,1.639,2,tacto
talle,9.98,1.392,2,talle
tallo,6.38,2.184,2,tallo
talón,6.1,2.14,2,talon
tanga,9.8,1.156,2,tanga
tango,8.02,2.045,2,tango
tanta,5.56,1.704,4,tanta
tanto,6.02,1.953,4,tanto
tapar,5.0,2.1,1,tapar
tapia,9.74,1.747,2,tapia
tapiz,9.04,2.166,2,tapiz
tapón,5.22,1.788,2,tapon
tarde,3.64,1.588,4,tarde
tarea,5.0,1.678,2,tarea
tarta,3.46,1.809,2,tarta
techo,4.06,1.789,2,techo
tecno,9.94,1.766,3,tecno
teide,5.44,2.242,2,teide
temas,6.62,1.794,2,temas
temer,6.7,2.393,1,temer
temor,7.2,2.507,2,temor
tenaz,10.0,1.355,3,tenaz
tener,3.52,1.972,1,tener
tenga,6.12,2.125,1,tenga
tengo,3.74,1.871,1,tengo
tenía,4.98,1.744,1,tenia
tenis,5.22,1.898,2,tenis
tenor,9.14,2.204,2,tenor
tenso,9.04,1.948,3,tenso
tenue,9.7,1.94,3,tenue
texto,6.38,1.64,2,texto
tibia,8.44,2.305,3,tibia
tiene,4.04,1.807,1,tiene
tieso,7.14,2.277,3,tieso
tigre,3.28,1.512,2,tigre
tilde,6.38,1.51,2,tilde
tinta,5.84,2.262,2,tinta
tinto,7.78,2.341,2,tinto
tipos,6.92,2.019,2,tipos
tirar,3.86,1.885,1,tirar
tiros,5.94,1.953,2,tiros
tocar,4.82,3.439,1,tocar
todas,4.26,1.794,4,todas
todos,3.94,2.014,4,todos
toldo,7.2,2.176,2,toldo
tomar,4.6,2.213,1,tomar
tonta,3.74,2.136,3,tonta
tonto,3.2,1.37,3,tonto
toque,6.58,2.696,2,toque
tórax,9.84,1.251,2,torax
torno,9.7,1.705,4,torno
toros,5.36,1.793,2,toros
torpe,6.12,1.674,3,torpe
torre,4.48,1.776,2,torre
total,7.02,1.995,3,total
traba,6.42,2.858,2,traba
traer,3.6,1.726,1,traer
traje,4.6,2.259,2,traje
trama,9.64,1.439,2,trama
trapo,4.44,1.798,2,trapo
trata,7.32,1.878,1,trata
trato,7.18,2.496,2,trato
trece,4.52,1.432,4,trece
tribu,8.2,2.03,2,tribu
trigo,5.92,1.872,2,trigo
tripa,5.2,2.339,2,tripa
trono,6.68,2.42,2,trono
trozo,4.54,2.121,2,trozo
tumba,6.58,2.091,2,tumba
tumor,9.72,1.415,2,tumor
túnel,5.58,1.739,2,tunel
turba,10.44,1.387,2,turba
turno,7.14,2.213,2,turno
única,6.02,2.162,3,unica
único,6.48,1.81,3,unico
unida,5.92,1.85,3,unida
unión,6.78,2.15,2,union
usted,6.02,2.133,4,usted
vacas,3.62,1.652,2,vacas
vacía,4.56,1.981,1,vacia
vacío,4.4,2.259,2,vacio
valla,6.44,2.269,2,valla
valle,6.66,2.335,2,valle
valor,7.78,2.261,2,valor
vamos,3.96,2.222,1,vamos
vapor,6.86,1.98,2,vapor
varón,6.16,2.198,2,varon
vasco,8.62,1.968,2,vasco
váter,5.02,2.152,2,vater
vayan,6.34,2.076,1,vayan
vayas,5.82,2.229,2,vayas
veces,5.2,1.654,2,veces
vejez,6.6,2.491,2,vejez
veloz,7.18,1.956,3,veloz
vemos,4.74,1.871,1,vemos
venas,6.7,1.81,2,venas
venda,5.3,2.023,2,venda
venga,4.84,2.084,1,venga
vengo,4.9,1.681,1,vengo
venir,3.56,1.929,1,venir
venta,5.34,1.944,2,venta
verás,6.02,1.868,1,veras
verbo,7.92,1.915,2,verbo
verde,2.8,1.325,3,verde
verja,7.56,2.032,2,verja
verlo,5.18,1.769,1,verlo
verso,8.68,1.72,2,verso
viaje,4.42,1.486,2,viaje
vicio,9.1,1.488,2,vicio
vídeo,4.64,1.977,2,video
vieja,4.78,1.569,3,vieja
viejo,3.96,1.807,3,viejo
viene,4.49,1.697,1,viene
vigor,9.84,1.346,2,vigor
villa,8.2,1.796,2,villa
viola,8.62,2.221,2,viola
virus,8.16,2.411,2,virus
vista,6.38,2.449,2,vista
visto,5.18,2.007,1,visto
vital,8.98,1.801,3,vital
viuda,8.19,1.388,2,viuda
viudo,8.42,2.11,2,viudo
viven,4.4,1.654,1,viven
vivía,5.32,2.307,1,vivia
vivir,5.78,2.376,1,vivir
vocal,5.46,2.426,3,vocal
vodka,10.56,1.181,2,vodka
volar,5.34,2.876,1,volar
votar,8.42,2.251,1,votar
votos,8.06,1.942,2,votos
vuela,3.8,1.938,1,vuela
vuelo,5.7,2.27,2,vuelo
yarda,10.38,1.141,2,yarda
yegua,5.12,2.125,2,yegua
yendo,7.22,2.41,1,yendo
yerno,9.08,1.816,2,yerno
yogur,2.7,1.389,2,yogur
zaire,10.41,1.117,2,zaire
zarpa,8.56,2.14,2,zarpa
zonas,7.4,1.959,2,zonas
zorra,5.7,2.517,2,zorra
zorro,4.68,2.045,2,zorro
zurda,5.3,1.619,2,zurda
zurra,9.12,2.404,2,zurra
abejas,4.02,1.732,2,abejas
abismo,9.3,1.644,2,abismo
aborto,9.68,1.708,2,aborto
abrazo,2.86,1.552,2,abrazo
abrigo,3.98,1.545,2,abrigo
abuela,2.72,1.31,2,abuela
abuelo,2.32,1.285,2,abuelo
acaban,5.58,1.513,1,acaban
acabar,3.46,1.581,1,acabar
acción,6.82,1.859,2,accion
acecho,9.06,2.304,2,acecho
aceite,5.5,1.764,2,aceite
acento,7.5,1.94,2,acento
actriz,6.56,1.864,2,actriz
actual,8.64,1.903,3,actual
actuar,6.4,1.829,1,actuar
ademán,10.18,1.662,2,ademan
además,6.48,2.261,4,ademas
adicto,8.88,1.466,2,adicto
adorno,5.52,1.787,2,adorno
adulto,6.54,2.206,3,adulto
afecta,8.04,1.969,1,afecta
afecto,8.56,2.242,2,afecto
áfrica,7.8,2.03,2,africa
agenda,7.66,2.076,2,agenda
agobio,9.36,1.914,2,agobio
agonía,9.68,1.571,2,agonia
agosto,4.78,1.298,4,agosto
agrado,8.16,2.436,2,agrado
águila,5.22,2.063,2,aguila
agusto,7.58,2.5,2,agusto
ahorro,7.98,2.478,2,ahorro
alarma,6.2,1.979,2,alarma
alcoba,8.82,2.585,2,alcoba
alegre,4.84,1.931,3,alegre
alejar,6.48,2.384,1,alejar
alemán,6.92,2.202,3,aleman
alerta,7.02,2.254,2,alerta
alguna,4.6,1.796,4,alguna
alguno,5.56,1.991,4,alguno
alivio,8.02,1.953,2,alivio
almeja,7.44,2.187,2,almeja
altura,5.26,1.7,2,altura
alumno,5.28,1.642,2,alumno
amable,5.88,1.837,3,amable
amante,8.96,1.895,2,amante
amargo,4.34,1.768,3,amargo
amigas,3.94,1.376,2,amigas
amigos,3.68,1.236,2,amigos
amplio,8.18,1.859,3,amplio
angora,10.5,1.182,2,angora
anhelo,9.7,1.717,2,anhelo
anillo,4.02,1.857,2,anillo
animal,3.24,1.393,2,animal
animar,6.6,1.884,1,animar
anoche,4.94,1.621,4,anoche
anorak,8.3,2.659,2,anorak
antena,6.42,1.928,2,antena
antojo,8.32,2.351,2,antojo
anudar,7.16,2.979,1,anudar
apache,8.74,2.098,2,apache
apagar,3.78,1.645,1,apagar
aparte,7.38,1.627,4,aparte
apatía,10.54,0.838,2,apatia
apenas,7.78,1.723,4,apenas
apogeo,10.78,0.545,2,apogeo
apuros,8.06,2.004,2,apuros
arriba,3.56,1.373,4,arriba
arroyo,7.74,2.414,2,arroyo
arruga,6.82,2.145,2,arruga
ártico,8.38,2.098,2,artico
asalto,8.38,1.947,2,asalto
áspero,7.7,2.306,3,aspero
astuto,9.36,1.549,3,astuto
asumir,9.24,1.685,1,asumir
ataque,7.38,2.108,2,ataque
atenas,9.52,1.359,2,atenas
ateneo,10.68,0.741,2,ateneo
atento,6.3,2.252,3,atento
atleta,7.3,2.159,2,atleta
atraco,7.86,1.321,2,atraco
aunque,6.7,1.876,4,aunque
aurora,9.28,2.195,2,aurora
avance,8.84,1.942,2,avance
avería,7.68,1.708,2,averia
avispa,5.44,2.091,2,avispa
ayudar,4.54,1.971,1,ayudar
azotea,5.52,1.887,2,azotea
azúcar,3.76,1.611,2,azucar
azufre,9.44,1.853,2,azufre
azules,3.48,1.729,3,azules
bailar,4.44,2.434,1,bailar
bajada,4.78,1.776,3,bajada
balcón,5.3,1.919,2,balcon
ballet,6.12,2.21,2,ballet
banana,4.94,2.17,2,banana
bancos,5.96,2.07,2,bancos
bañera,3.1,1.542,2,banera
baraja,6.88,2.086,2,baraja
barata,6.53,2.103,3,barata
barato,6.36,2.354,3,barato
barbie,4.16,1.811,2,barbie
barita,5.76,2.162,2,barita
barras,5.4,1.895,2,barras
barrer,4.38,1.677,1,barrer
barril,6.9,2.215,2,barril
barrio,5.66,1.768,2,barrio
básico,7.78,2.053,3,basico
bastón,4.32,1.766,2,baston
basura,3.56,1.643,2,basura
batido,5.18,2.327,3,batido
bebida,4.98,2.889,2,bebida
berlín,8.91,1.409,2,berlin
bestia,5.48,1.876,2,bestia
biblia,6.0,1.906,2,biblia
bíceps,9.32,1.856,2,biceps
bigote,4.2,1.773,2,bigote
bilbao,8.52,2.053,2,bilbao
billar,7.16,2.342,2,billar
blanca,3.54,2.012,3,blanca
blanco,3.08,1.426,3,blanco
blanda,5.04,2.194,3,blanda
blando,4.3,1.764,3,blando
blasón,10.8,0.67,2,blason
blusón,7.88,2.379,2,bluson
bobada,5.86,2.167,2,bobada
bocata,4.86,2.232,2,bocata
boceto,9.54,1.555,2,boceto
bodega,7.62,1.937,2,bodega
bolsas,4.36,1.601,2,bolsas
bondad,8.18,1.987,2,bondad
bonita,3.58,1.939,3,bonita
bonito,3.86,1.796,3,bonito
boreal,10.16,1.39,3,boreal
borrar,4.08,1.469,1,borrar
bosque,4.4,1.807,2,bosque
botica,8.72,1.928,2,botica
bóveda,9.86,1.457,2,boveda
bragas,3.02,1.436,2,bragas
brasil,7.86,1.69,2,brasil
brillo,6.34,2.086,2,brillo
brocha,7.06,2.132,2,brocha
bronca,5.96,1.989,3,bronca
bronce,7.84,2.014,2,bronce
brujas,5.0,1.641,2,brujas
brutal,8.02,2.045,3,brutal
buenas,4.58,2.434,3,buenas
buenos,3.34,1.334,2,buenos
búfalo,6.76,2.143,2,bufalo
buitre,6.72,1.98,2,buitre
burdel,10.42,0.95,2,burdel
burgos,8.96,1.714,2,burgos
buscar,4.88,1.891,1,buscar
butaca,6.56,2.34,2,butaca
butano,7.52,2.15,3,butano
cabaña,6.3,1.644,2,cabana
cabeza,3.12,1.56,2,cabeza
cabina,6.46,1.951,2,cabina
cables,5.6,1.616,2,cables
cabras,4.66,2.115,3,cabras
cabreo,6.24,2.584,2,cabreo
cabrón,6.44,2.287,2,cabron
cadena,6.2,2.157,2,cadena
cadera,6.38,1.783,2,cadera
cálido,7.6,1.959,3,calido
calles,4.92,1.482,2,calles
calmar,5.54,2.243,1,calmar
cámara,5.26,2.088,2,camara
cambia,4.78,1.765,1,cambia
cambio,6.5,2.15,2,cambio
camino,4.5,1.865,2,camino
camión,3.04,1.498,2,camion
camisa,3.52,1.432,2,camisa
campos,5.12,1.71,2,campos
canadá,8.9,1.876,2,canada
cáncer,9.84,1.251,2,cancer
candil,8.8,2.259,2,candil
canela,7.08,2.184,3,canela
canica,4.98,1.985,2,canica
cantar,3.22,1.217,1,cantar
capote,9.46,1.832,2,capote
carbón,5.18,2.145,2,carbon
cárcel,6.02,2.162,2,carcel
caribe,8.66,1.825,2,caribe
caries,6.6,2.127,2,caries
cariño,4.18,2.047,2,carino
carlos,3.7,1.821,2,carlos
carmen,3.76,1.661,2,carmen
carmín,7.54,2.392,3,carmin
cartas,5.3,1.681,2,cartas
cartel,5.64,2.058,2,cartel
cartón,4.7,1.776,2,carton
casado,6.4,2.07,3,casado
casero,8.68,1.953,3,casero
caseta,4.42,1.715,2,caseta
casino,8.74,1.676,2,casino
casita,2.84,1.251,2,casita
casual,9.34,1.71,3,casual
causas,7.82,2.265,2,causas
célula,9.4,1.666,2,celula
ceniza,6.42,1.864,3,ceniza
centro,4.18,1.913,2,centro
cerdos,4.32,1.634,2,cerdos
cereal,5.58,1.751,3,cereal
cereza,5.2,2.321,2,cereza
cerezo,6.92,2.174,2,cerezo
cerrar,3.28,1.457,1,cerrar
césped,5.78,1.855,2,cesped
chalet,7.26,2.155,2,chalet
champú,4.34,1.814,2,champu
chapar,9.36,1.977,1,chapar
charca,6.62,2.098,2,charca
charco,4.68,1.544,2,charco
charla,7.14,2.277,2,charla
chaval,7.72,2.313,2,chaval
cheque,8.92,1.998,2,cheque
chicas,3.82,1.65,2,chicas
chicle,4.32,2.045,2,chicle
chicos,3.74,1.397,2,chicos
chiste,5.66,1.825,2,chiste
chófer,6.48,2.234,2,chofer
choque,5.1,2.023,2,choque
chucho,3.6,2.39,2,chucho
ciclón,8.8,2.04,2,ciclon
cielos,4.82,2.135,2,cielos
ciento,6.16,1.91,2,ciento
cierre,5.42,1.896,2,cierre
cierta,7.52,2.27,4,cierta
cierto,7.42,1.808,3,cierto
ciervo,4.56,2.002,2,ciervo
ciudad,4.98,1.813,2,ciudad
clases,4.46,1.474,2,clases
clavar,5.68,1.932,1,clavar
clavel,6.02,2.352,2,clavel
cobijo,9.08,2.088,2,cobijo
cobrar,7.48,2.121,1,cobrar
coches,3.3,1.542,2,coches
cocido,6.48,2.215,2,cocido
cocina,3.6,1.616,2,cocina
código,9.1,2.003,2,codigo
cogido,5.88,2.387,1,cogido
cohete,4.9,1.729,2,cohete
colada,8.5,2.297,2,colada
colega,7.98,2.403,2,colega
cólera,9.66,1.912,2,colera
coleta,4.04,1.511,2,coleta
colgar,4.66,1.836,1,colgar
colina,7.3,2.043,2,colina
collar,3.64,1.601,2,collar
cometa,4.78,1.753,1,cometa
cómico,7.36,2.456,3,comico
comida,2.46,1.265,2,comida
comité,10.36,1.306,2,comite
cómoda,7.04,2.507,3,comoda
cómodo,5.88,2.21,3,comodo
compás,7.72,2.031,2,compas
compra,4.24,1.965,2,compra
concha,5.64,2.087,2,concha
conejo,2.88,1.304,2,conejo
cónica,10.42,0.928,3,conica
conoce,5.62,2.098,1,conoce
cónsul,10.44,1.091,2,consul
contar,4.62,2.147,1,contar
contra,6.34,2.264,4,contra
copiar,5.7,1.681,1,copiar
coraje,8.84,2.179,2,coraje
corcho,6.38,2.32,2,corcho
cordón,4.68,1.684,2,cordon
corona,4.54,1.446,2,corona
corpus,9.46,2.043,2,corpus
corral,6.14,2.119,2,corral
correa,6.06,2.113,2,correa
correo,6.52,1.982,2,correo
correr,2.66,1.239,1,correr
cortar,4.04,1.538,1,cortar
cortas,5.06,1.504,3,cortas
cortos,4.7,2.003,3,cortos
coruña,9.26,1.651,2,coruna
costar,6.32,1.994,1,costar
cráneo,8.18,1.662,2,craneo
creado,7.04,1.884,3,creado
creído,7.74,1.893,1,creido
cresta,6.82,2.447,2,cresta
criada,7.02,1.755,2,criada
criado,7.36,2.107,3,criado
crimen,8.1,2.073,2,crimen
crisis,8.84,2.014,2,crisis
cristo,5.98,1.995,2,cristo
cruzar,4.82,1.903,1,cruzar
cuadro,4.46,1.446,2,cuadro
cuales,5.12,2.545,4,cuales
cuáles,5.26,1.782,4,cuales
cuando,4.6,1.505,4,cuando
cuándo,5.0,2.167,4,cuando
cuanto,4.54,1.854,4,cuanto
cuánto,4.68,1.609,4,cuanto
cuarta,5.92,2.057,3,cuarta
cuarto,3.78,1.97,2,cuarto
cuatro,3.32,1.07,4,cuatro
cubata,10.56,0.929,2,cubata
cubito,6.46,2.984,2,cubito
cuello,3.5,1.619,2,cuello
cuenco,8.0,2.416,2,cuenco
cuenta,6.46,2.159,2,cuenta
cuento,3.22,1.569,2,cuento
cuerda,4.36,1.453,3,cuerda
cuerno,4.8,2.268,2,cuerno
cuerpo,3.66,1.394,2,cuerpo
cuervo,6.32,2.035,2,cuervo
cuesta,5.82,2.182,1,cuesta
cuidar,4.6,1.591,1,cuidar
cumbre,6.94,2.064,2,cumbre
cúmulo,10.36,1.306,2,cumulo
cuñado,7.2,2.458,2,cunado
cupido,8.0,1.738,2,cupido
cúpula,9.52,1.854,2,cupula
cursos,5.98,1.911,2,cursos
darwin,10.28,1.294,2,darwin
debajo,4.12,1.837,4,debajo
debate,9.34,1.423,2,debate
debido,7.56,1.763,4,debido
débito,10.68,0.978,2,debito
década,8.92,1.589,2,decada
decano,10.82,0.661,2,decano
decena,7.06,1.671,2,decena
decían,5.3,1.799,1,decian
decoro,9.18,2.219,2,decoro
dejado,6.14,2.167,1,dejado
delfín,4.28,1.654,2,delfin
delito,9.0,1.761,2,delito
demora,9.62,1.915,2,demora
dental,6.5,2.46,3,dental
dentro,3.58,1.458,4,dentro
desdén,9.92,2.108,2,desden
desuso,9.98,1.27,2,desuso
desván,8.12,2.309,2,desvan
desvío,8.62,1.748,2,desvio
detrás,4.14,1.278,4,detras
devoto,9.98,1.518,3,devoto
diablo,5.38,2.118,2,diablo
diario,7.18,1.792,2,diario
dibujo,3.0,1.726,2,dibujo
diente,3.16,1.315,2,diente
dieron,5.24,1.901,1,dieron
dígame,6.18,2.585,1,digame
dinero,4.14,1.726,2,dinero
dioses,7.06,2.094,2,dioses
divina,8.38,2.249,3,divina
doblar,4.6,1.34,1,doblar
doblez,8.16,2.253,2,doblez
doctor,4.46,1.729,2,doctor
dominó,5.52,1.798,2,domino
dorada,7.64,2.414,3,dorada
dorado,6.3,2.15,3,dorado
dormir,2.36,1.509,1,dormir
dragón,4.24,1.205,2,dragon
drogas,9.4,1.761,2,drogas
dúplex,9.3,1.729,2,duplex
dureza,7.1,2.14,2,dureza
efecto,8.38,1.537,2,efecto
eficaz,9.14,1.83,3,eficaz
egipto,8.56,1.704,2,egipto
elegir,5.24,2.153,1,elegir
elogio,9.4,1.874,2,elogio
empecé,5.26,1.639,1,empece
empeño,8.44,2.242,2,empeno
empezó,5.32,1.984,1,empezo
empleo,8.22,2.013,2,empleo
encaje,8.28,2.313,2,encaje
encima,5.5,2.279,4,encima
encina,9.61,1.552,2,encina
enfado,4.4,1.906,2,enfado
engaño,6.66,2.182,2,engano
enigma,9.92,1.614,2,enigma
enlace,8.84,1.462,2,enlace
enorme,4.92,1.998,3,enorme
enredo,8.46,2.261,2,enredo
ensayo,7.6,2.416,2,ensayo
entera,5.92,2.127,3,entera
entero,5.98,2.199,3,entero
entrar,3.96,1.641,1,entrar
equipo,5.44,1.809,2,equipo
éramos,5.92,1.893,1,eramos
ermita,7.94,2.142,2,ermita
escala,8.9,1.898,2,escala
escape,8.26,1.998,2,escape
escena,7.9,1.81,2,escena
escoba,4.2,1.738,2,escoba
escudo,6.42,1.918,2,escudo
esfera,7.98,2.47,2,esfera
espada,5.06,2.226,2,espada
españa,5.84,1.788,2,espana
espejo,3.78,1.542,2,espejo
espera,4.5,2.178,1,espera
espero,5.42,1.774,1,espero
espiga,8.34,2.361,2,espiga
espina,5.48,2.288,2,espina
esposa,4.92,1.926,2,esposa
esposo,6.2,2.33,2,esposo
espuma,4.62,2.089,2,espuma
estaba,4.7,1.776,1,estaba
estado,9.72,1.666,2,estado
estafa,8.82,1.629,2,estafa
estáis,6.58,2.12,1,estais
estaño,10.12,1.612,2,estano
estará,5.84,2.207,1,estara
estilo,8.76,2.181,2,estilo
estrés,9.98,1.66,2,estres
estufa,6.58,2.269,2,estufa
estuve,5.52,1.669,1,estuve
estuvo,5.94,1.57,1,estuvo
eterno,8.24,1.954,3,eterno
europa,8.14,1.852,2,europa
evento,8.9,2.279,2,evento
evitar,7.44,2.14,1,evitar
exacto,7.22,2.013,3,exacto
examen,6.46,1.619,2,examen
exceso,9.1,1.843,2,exceso
excusa,8.06,1.932,2,excusa
existe,6.1,2.131,1,existe
fábula,8.32,2.403,2,fabula
facial,8.58,2.287,3,facial
factor,9.76,1.572,2,factor
famoso,6.48,1.94,3,famoso
farola,5.04,2.0,2,farola
fatiga,7.72,2.322,2,fatiga
felino,7.92,2.346,3,felino
fervor,9.18,2.833,2,fervor
fétido,9.08,1.988,3,fetido
fibras,9.08,1.736,2,fibras
fideos,4.28,1.75,2,fideos
fiebre,4.68,1.518,2,fiebre
fiesta,3.98,2.343,2,fiesta
figura,6.62,2.82,2,figura
fíjate,5.92,2.069,1,fijate
filete,5.54,2.131,2,filete
fiscal,10.2,1.309,3,fiscal
física,9.58,1.797,3,fisica
físico,7.78,1.855,3,fisico
flauta,5.14,1.578,2,flauta
flecha,5.5,1.753,2,flecha
flemón,8.58,2.278,2,flemon
flores,3.7,1.607,2,flores
folios,5.82,1.966,2,folios
follón,7.84,2.216,2,follon
formar,6.46,2.509,1,formar
formas,5.38,1.772,2,formas
formón,10.54,1.297,2,formon
frágil,7.32,1.9,3,fragil
fraile,8.92,2.009,2,fraile
franco,9.52,1.876,2,franco
fraude,9.64,1.699,2,fraude
fregar,5.52,2.41,1,fregar
frente,3.92,2.029,4,frente
fresas,4.08,1.589,2,fresas
fresca,6.32,1.953,3,fresca
fresco,5.76,1.768,3,fresco
fritas,4.8,2.03,3,fritas
fritos,5.69,1.939,3,fritos
fronda,10.78,0.582,2,fronda
frutas,3.5,1.403,2,frutas
fucsia,6.74,2.761,2,fucsia
fuente,4.78,1.888,2,fuente
fueran,6.3,2.121,1,fueran
fueron,5.66,2.144,1,fueron
fuerte,4.34,1.965,3,fuerte
fuerza,5.2,2.01,2,fuerza
fuimos,5.08,1.782,1,fuimos
fulgor,10.48,1.111,2,fulgor
furcia,10.0,1.4,2,furcia
fútbol,5.1,1.876,2,futbol
futuro,7.44,1.96,2,futuro
ganado,6.18,2.219,2,ganado
gancho,7.3,2.27,2,gancho
garaje,5.42,2.051,2,garaje
gasoil,8.72,1.97,2,gasoil
gatito,2.28,0.991,2,gatito
gaveta,5.02,2.752,2,gaveta
gélido,10.24,1.333,3,gelido
gemelo,6.72,2.295,2,gemelo
género,8.6,2.204,2,genero
genial,6.36,1.804,3,genial
gentes,5.62,2.137,2,gentes
gentío,9.58,1.83,2,gentio
germen,9.24,2.006,2,germen
gitano,6.34,2.52,2,gitano
global,9.24,1.506,3,global
gloria,7.98,2.308,2,gloria
glúteo,8.94,2.123,3,gluteo
gomina,8.06,1.932,2,gomina
gorila,5.08,1.904,2,gorila
grabar,6.76,1.985,1,grabar
gracia,6.26,2.44,2,gracia
grados,8.16,1.942,2,grados
grande,4.02,2.075,3,grande
granja,4.62,1.576,2,granja
granos,7.0,2.0,2,granos
grecia,9.48,1.389,2,grecia
griega,8.92,1.782,3,griega
griego,8.42,2.167,3,griego
gritar,4.02,1.89,1,gritar
gritos,5.42,2.588,2,gritos
gruesa,6.04,2.07,3,gruesa
grueso,6.2,2.01,3,grueso
grupos,5.86,2.07,2,grupos
guagua,4.4,1.841,2,guagua
guante,4.34,1.611,2,guante
guarro,5.44,2.331,3,guarro
guerra,6.36,2.097,2,guerra
gusano,3.68,1.406,2,gusano
gustan,4.24,2.227,1,gustan
gustar,4.14,2.548,1,gustar
habano,9.94,1.557,2,habano
habéis,6.82,2.561,1,habeis
habían,5.32,1.889,1,habian
habido,6.62,2.276,1,habido
hábito,8.94,2.104,2,habito
hablan,4.64,1.903,1,hablan
hablar,2.58,1.63,1,hablar
habrán,6.65,1.715,1,habran
habría,6.68,2.104,1,habria
hacían,5.65,1.877,1,hacian
halago,8.88,1.814,2,halago
halcón,6.4,2.286,2,halcon
halley,10.34,1.272,2,halley
hamaca,6.62,1.828,2,hamaca
hambre,2.86,1.678,2,hambre
harina,5.12,2.237,2,harina
hastío,10.74,0.723,2,hastio
hazaña,9.34,2.016,2,hazana
hechos,6.3,2.023,3,hechos
helado,2.88,1.52,2,helado
hélice,7.52,2.159,2,helice
hembra,5.5,2.565,2,hembra
herida,3.98,1.911,2,herida
herido,5.84,2.262,3,herido
hervir,6.54,1.897,1,hervir
hierba,3.98,1.558,2,hierba
hierro,6.16,1.983,2,hierro
hígado,8.7,1.854,2,higado
hitler,10.12,1.637,2,hitler
hombre,3.64,1.987,2,hombre
hombro,3.78,1.607,2,hombro
hórreo,10.9,0.371,2,horreo
horror,6.38,2.137,2,horror
hostal,9.46,1.432,2,hostal
hostia,7.84,2.024,2,hostia
hostil,9.72,1.471,3,hostil
huelga,8.64,2.028,2,huelga
huella,6.02,2.403,2,huella
huerta,5.14,2.232,2,huerta
huerto,5.18,1.769,2,huerto
huesos,5.14,1.714,2,huesos
huevos,4.14,1.309,2,huevos
humana,5.78,2.225,3,humana
humano,6.34,2.172,3,humano
húmedo,6.1,1.919,3,humedo
húmero,9.76,1.364,2,humero
íbamos,5.94,2.419,1,ibamos
idioma,6.34,2.115,2,idioma
idiota,4.68,1.731,3,idiota
iguana,7.08,2.329,2,iguana
imagen,5.98,1.41,2,imagen
ímpetu,9.34,2.335,2,impetu
índice,8.3,1.632,2,indice
índole,10.4,1.278,2,indole
infiel,9.54,1.541,3,infiel
inglés,5.16,1.92,2,ingles
inicio,6.76,2.134,2,inicio
innato,10.1,1.374,3,innato
íntimo,8.4,2.01,3,intimo
inútil,7.86,2.109,3,inutil
ironía,9.96,1.399,2,ironia
irreal,8.82,2.145,3,irreal
italia,7.84,1.811,2,italia
jabalí,6.86,2.119,2,jabali
jarabe,4.7,1.887,2,jarabe
jardín,4.18,1.903,2,jardin
jarrón,4.76,1.825,2,jarron
javier,4.1,1.799,2,javier
jazmín,8.02,2.369,2,jazmin
jersey,5.3,2.659,2,jersey
jinete,7.24,2.344,2,jinete
jirafa,3.4,1.443,2,jirafa
jornal,9.04,2.587,2,jornal
joroba,7.06,2.377,2,joroba
jovial,10.24,1.08,3,jovial
júbilo,10.3,1.344,2,jubilo
judías,5.54,1.752,2,judias
jueces,7.7,2.013,2,jueces
juegos,2.92,1.455,2,juegos
juerga,9.86,1.641,2,juerga
jueves,4.34,1.599,2,jueves
jugada,6.64,2.078,2,jugada
jugado,4.46,1.705,1,jugado
juicio,8.7,1.909,2,juicio
jungla,7.14,2.507,2,jungla
juntar,5.24,1.847,1,juntar
juntos,4.66,1.955,3,juntos
jurado,8.78,2.023,2,jurado
labios,3.7,1.821,2,labios
lácteo,8.48,2.033,3,lacteo
ladera,7.74,2.146,2,ladera
ladrar,3.86,1.666,1,ladrar
ladrón,5.52,1.752,2,ladron
lancha,6.26,2.328,2,lancha
largas,5.8,2.373,3,largas
largos,5.12,2.3,3,largos
latido,6.82,2.256,2,latido
látigo,6.72,1.863,2,latigo
latina,8.52,1.961,2,latina
laurel,7.18,2.057,2,laurel
lavabo,3.72,1.75,2,lavabo
lector,7.0,2.05,2,lector
legión,9.7,1.607,2,legion
lejano,6.68,2.065,3,lejano
lengua,3.22,1.433,2,lengua
lentes,8.4,2.33,2,lentes
lesión,8.04,2.05,2,lesion
letras,3.74,1.614,2,letras
levita,10.6,1.178,2,levita
libras,9.26,1.794,2,libras
libres,6.46,2.012,3,libres
libros,3.98,1.392,2,libros
liebre,5.52,2.297,2,liebre
lienzo,8.62,2.346,2,lienzo
ligera,7.71,1.78,3,ligera
ligero,7.02,2.124,3,ligero
límite,7.78,1.877,2,limite
limpia,4.36,1.735,3,limpia
limpio,3.86,1.471,3,limpio
linaje,10.64,0.802,2,linaje
líneas,4.84,1.742,2,lineas
litera,5.6,2.304,2,litera
llaman,5.0,2.04,1,llaman
llamar,4.36,1.804,1,llamar
llamas,6.0,1.927,2,llamas
llanto,4.4,2.365,2,llanto
llaves,4.6,2.03,2,llaves
llegan,5.0,2.185,1,llegan
llegar,4.2,1.917,1,llegar
llegue,5.54,1.787,1,llegue
llegué,5.2,1.761,1,llegue
llevan,5.46,2.062,1,llevan
llevar,5.1,1.799,1,llevar
llevas,5.48,1.776,1,llevas
llorar,2.84,1.476,1,llorar
llorón,4.14,1.863,3,lloron
llover,3.76,1.673,1,llover
lluvia,2.96,1.277,2,lluvia
locura,7.42,2.091,2,locura
lógica,9.68,1.609,2,logica
lógico,8.75,1.572,3,logico
lograr,6.65,2.077,1,lograr
luchar,5.42,1.703,1,luchar
lunera,8.9,2.873,4,lunera
lustro,9.8,1.641,2,lustro
maceta,5.14,1.773,3,maceta
machín,9.91,1.359,2,machin
madera,6.02,2.325,2,madera
madres,2.34,1.319,2,madres
madrid,7.36,1.935,2,madrid
mágica,5.02,2.005,3,magica
mágico,5.32,1.834,3,magico
mahoma,9.9,1.764,2,mahoma
maldad,6.66,2.67,2,maldad
maleta,3.84,1.419,2,maleta
mallas,7.12,2.362,2,mallas
mancha,3.58,1.774,2,mancha
mandar,5.6,2.04,1,mandar
manejo,9.02,2.025,2,manejo
manera,7.04,2.185,2,manera
mangas,5.2,1.591,2,mangas
mantel,4.66,1.722,2,mantel
manual,8.18,1.826,2,manual
manuel,3.96,1.784,2,manuel
mañana,3.7,1.403,2,manana
marcha,8.52,2.073,2,marcha
marfil,8.2,2.01,2,marfil
margen,6.7,2.013,2,margen
marido,5.28,2.1,2,marido
marina,7.78,2.376,2,marina
mármol,7.94,2.377,2,marmol
marrón,3.4,1.969,3,marron
martes,4.18,1.438,2,martes
mártir,10.0,1.429,3,martir
matriz,10.24,1.238,2,matriz
máxima,8.48,2.043,3,maxima
máximo,7.0,1.37,3,maximo
medias,5.5,2.043,2,medias
médica,5.84,2.044,3,medica
médico,3.62,1.937,3,medico
medida,7.72,2.061,2,medida
medios,7.3,2.375,2,medios
médula,9.66,1.698,2,medula
mejora,7.44,2.111,2,mejora
melena,5.66,2.056,2,melena
mental,8.68,1.974,3,mental
mentón,8.74,2.211,2,menton
merece,7.56,1.908,1,merece
mérito,9.5,1.753,2,merito
meseta,8.46,1.787,2,meseta
mesita,3.72,1.642,2,mesita
metido,5.54,1.821,1,metido
método,9.18,1.804,2,metodo
metros,6.72,1.485,2,metros
méxico,8.33,1.339,2,mexico
mezcla,6.64,2.087,2,mezcla
mierda,4.56,2.331,2,mierda
miguel,4.38,2.212,2,miguel
millón,6.84,1.867,2,millon
mimbre,8.78,1.92,2,mimbre
minero,7.06,2.385,3,minero
mínima,7.56,2.091,3,minima
mínimo,6.98,2.015,3,minimo
minuto,5.94,1.994,2,minuto
miopía,9.18,1.769,2,miopia
mirada,5.38,2.285,2,mirada
misión,7.0,2.25,2,mision
mismas,6.1,2.063,4,mismas
mismos,5.16,2.173,4,mismos
modelo,6.62,1.772,2,modelo
mofeta,7.24,2.105,2,mofeta
mojada,5.12,2.635,3,mojada
mojado,3.54,1.555,3,mojado
molino,5.24,1.697,2,molino
moneda,4.24,1.506,2,moneda
monjas,5.88,2.173,2,monjas
montar,5.66,2.463,1,montar
montón,4.54,2.022,2,monton
morada,8.16,2.675,2,morada
morado,5.18,2.097,3,morado
morder,3.52,1.843,1,morder
morena,4.91,1.3,2,morena
moreno,4.56,1.692,2,moreno
morgue,10.4,1.429,2,morgue
mortal,7.94,2.226,3,mortal
moruno,9.9,1.542,3,moruno
motivo,7.7,1.502,2,motivo
motora,8.92,1.828,2,motora
muchas,4.0,1.666,4,muchas
muchos,4.06,1.932,4,muchos
mueble,4.1,1.249,2,mueble
muelle,6.34,2.438,2,muelle
muerte,5.74,2.107,2,muerte
muerto,5.88,2.21,3,muerto
muleta,6.28,1.762,2,muleta
muñeca,2.66,1.394,2,muneca
muñeco,2.44,1.198,2,muneco
música,3.82,1.561,2,musica
músico,6.16,2.054,2,musico
nacido,5.6,2.03,1,nacido
nación,9.02,1.72,2,nacion
nailon,9.06,2.141,2,nailon
narrar,7.38,2.108,1,narrar
navaja,7.26,2.414,2,navaja
néctar,7.88,2.144,2,nectar
negros,4.98,1.425,2,negros
nervio,8.04,2.267,2,nervio
nevada,6.7,2.159,2,nevada
nevera,4.02,1.558,2,nevera
niebla,6.36,2.354,2,niebla
ningún,5.18,1.945,4,ningun
niñera,6.2,2.424,2,ninera
noches,3.43,1.02,2,noches
noción,10.22,1.25,2,nocion
nombre,3.0,1.773,2,nombre
normal,6.26,1.967,3,normal
normas,5.56,2.484,2,normas
novela,7.26,2.456,2,novela
novios,5.14,2.07,2,novios
núcleo,8.92,1.688,2,nucleo
nuevas,4.64,1.804,3,nuevas
nuevos,4.48,1.741,3,nuevos
número,3.38,1.383,2,numero
nutrir,8.72,2.157,1,nutrir
obispo,7.84,1.91,2,obispo
objeto,6.26,2.127,2,objeto
obrero,6.58,2.322,3,obrero
océano,6.28,1.796,2,oceano
ocular,9.1,1.821,3,ocular
oculto,7.34,2.076,3,oculto
ocurre,6.26,2.136,1,ocurre
odiosa,7.92,2.069,3,odiosa
ofensa,8.78,1.877,2,ofensa
oferta,7.68,2.494,2,oferta
oficio,8.04,2.373,2,oficio
olfato,5.8,2.0,2,olfato
olvido,6.62,2.184,2,olvido
opción,8.9,1.729,2,opcion
óptica,8.38,2.147,3,optica
óptico,8.36,2.028,3,optico
orador,9.16,2.044,2,orador
orbita,9.54,1.541,1,orbita
orejas,2.9,0.953,2,orejas
órgano,7.38,2.267,2,organo
origen,7.94,1.9,2,origen
orilla,4.5,1.93,2,orilla
oscura,4.62,1.968,3,oscura
oscuro,4.02,1.61,3,oscuro
ovario,9.32,1.9,2,ovario
ovejas,3.98,1.558,2,ovejas
oxford,9.92,1.482,2,oxford
padres,2.64,1.509,2,padres
pagado,6.42,2.214,1,pagado
página,4.72,1.578,2,pagina
países,6.96,1.772,2,paises
pájaro,3.42,1.642,2,pajaro
paleta,5.96,2.312,2,paleta
paliza,8.12,2.318,2,paliza
palmas,3.88,2.106,2,palmas
paloma,3.22,1.345,2,paloma
palpar,7.38,2.679,1,palpar
panera,7.54,2.169,2,panera
pánico,8.3,2.023,2,panico
parada,5.94,2.094,2,parada
parado,6.28,2.286,1,parado
parche,6.79,1.575,2,parche
parece,5.46,2.14,1,parece
pareja,6.3,2.565,2,pareja
parque,2.9,1.502,2,parque
partes,5.66,1.479,2,partes
partir,4.58,2.304,4,partir
pasaba,5.8,1.761,1,pasaba
pasada,6.78,2.073,3,pasada
pasado,6.8,1.512,3,pasado
pasaje,7.86,2.523,2,pasaje
pasear,4.88,2.047,1,pasear
pasión,9.56,1.763,2,pasion
pasota,8.04,2.128,3,pasota
pastel,3.18,1.466,2,pastel
pastor,5.04,2.099,2,pastor
patada,4.54,1.992,2,patada
patata,3.86,2.523,2,patata
patria,9.56,1.96,2,patria
patrón,9.1,1.741,2,patron
payaso,3.68,1.518,2,payaso
peatón,7.3,2.131,2,peaton
pecado,6.56,2.082,2,pecado
pecera,3.96,1.749,2,pecera
pechos,6.92,2.329,2,pechos
pedazo,5.28,2.25,2,pedazo
pedido,7.58,2.021,1,pedido
peinar,3.48,2.092,1,peinar
pelota,2.32,1.133,2,pelota
peludo,4.66,2.076,3,peludo
pelvis,9.62,1.589,2,pelvis
penoso,8.22,2.252,3,penoso
pensar,5.72,1.819,1,pensar
peonza,6.86,2.907,2,peonza
percha,4.86,2.148,2,percha
perder,5.12,1.769,1,perder
perdiz,7.54,2.314,2,perdiz
perdón,3.78,2.112,2,perdon
pereza,7.62,1.737,2,pereza
perfil,8.38,2.069,2,perfil
perlas,6.84,1.952,2,perlas
peroné,9.7,1.607,2,perone
perros,2.88,1.534,2,perros
pesada,4.98,1.846,3,pesada
pesado,5.12,1.837,3,pesado
pésame,9.76,1.465,2,pesame
pescar,5.44,1.875,1,pescar
peseta,4.29,1.768,2,peseta
pétalo,6.1,1.919,2,petalo
piedra,3.34,1.465,2,piedra
piensa,5.2,1.726,1,piensa
pienso,5.44,1.82,1,pienso
pierde,4.52,1.832,1,pierde
pierna,3.98,2.208,2,pierna
piezas,5.04,1.884,2,piezas
pijama,3.34,1.349,2,pijama
piloto,6.38,1.828,2,piloto
pincel,4.28,1.83,2,pincel
pincha,4.62,2.089,2,pincha
pincho,5.2,2.213,2,pincho
pineal,10.8,0.857,3,pineal
pintar,2.52,1.515,1,pintar
pintor,5.08,1.839,2,pintor
pinzas,7.02,1.868,2,pinzas
piojos,4.6,1.498,2,piojos
pirata,4.16,1.517,3,pirata
piropo,8.44,2.149,2,piropo
placer,9.06,1.671,2,placer
planta,4.65,2.269,2,planta
plasta,7.18,2.292,2,plasta
platón,10.74,0.828,2,platon
platos,3.48,1.313,2,platos
pleito,8.88,2.379,2,pleito
pliego,9.96,1.47,2,pliego
plumas,4.9,1.594,2,plumas
plural,7.1,1.681,3,plural
pobres,5.16,1.777,2,pobres
podéis,6.44,1.704,1,podeis
podían,5.74,2.107,1,podian
podido,6.02,2.104,1,podido
podrán,6.04,2.109,1,podran
podría,6.58,2.304,1,podria
poesía,8.02,2.065,2,poesia
pomelo,7.42,2.071,2,pomelo
poncho,8.6,2.399,2,poncho
porche,8.72,1.98,2,porche
porque,3.62,1.677,4,porque
portal,6.34,2.191,2,portal
poseer,8.02,2.272,1,poseer
postal,6.16,1.942,3,postal
póster,6.28,1.703,2,poster
postre,3.74,1.614,2,postre
potaje,3.12,1.599,2,potaje
precio,5.24,1.768,2,precio
pregón,9.42,2.041,2,pregon
premio,4.58,2.139,2,premio
prenda,6.64,1.977,1,prenda
prensa,7.61,1.271,2,prensa
previa,9.62,1.589,3,previa
primer,5.0,2.231,3,primer
proeza,10.28,1.179,2,proeza
pronto,4.86,2.222,4,pronto
propia,7.32,1.889,4,propia
propio,7.28,2.051,4,propio
prueba,6.88,1.792,2,prueba
pueblo,5.0,1.818,2,pueblo
puedan,5.8,1.884,1,puedan
pueden,4.96,1.937,1,pueden
puedes,4.62,1.563,1,puedes
puente,4.4,1.895,2,puente
puerro,7.44,2.525,2,puerro
puerta,2.64,1.174,2,puerta
puerto,5.54,2.15,2,puerto
puesto,6.8,2.373,2,puesto
pulgas,5.46,2.072,2,pulgas
pulmón,7.76,1.611,2,pulmon
punteo,8.8,2.441,2,punteo
puntos,4.92,1.967,2,puntos
punzón,6.32,3.006,2,punzon
pupila,7.74,1.978,2,pupila
pureza,8.26,2.724,2,pureza
puzzle,3.88,1.698,2,puzzle
quedan,4.72,1.959,1,quedan
quedar,6.36,2.284,1,quedar
quemar,4.54,1.897,1,quemar
queque,6.94,3.126,2,queque
querer,3.98,2.133,1,querer
quería,4.48,1.764,1,queria
quiera,5.46,2.052,1,quiera
quiere,3.9,1.832,1,quiere
quiero,3.15,1.183,1,quiero
quieto,3.93,1.502,3,quieto
quince,4.76,1.492,4,quince
quinta,6.2,1.807,2,quinta
quinto,5.83,1.176,2,quinto
quitar,4.2,1.874,1,quitar
quizás,6.78,1.941,4,quizas
rábano,7.42,2.365,2,rabano
ración,7.88,2.106,2,racion
rancio,8.36,2.068,3,rancio
rápida,5.56,1.775,3,rapida
rápido,3.7,1.542,3,rapido
raquel,4.0,1.773,2,raquel
rareza,9.28,1.591,2,rareza
rasera,10.66,0.626,2,rasera
rastro,8.46,1.843,2,rastro
rebaño,6.46,2.305,2,rebano
rebeca,5.42,2.214,2,rebeca
rebote,7.32,2.199,2,rebote
recado,6.44,1.58,2,recado
recelo,10.2,1.262,2,recelo
receta,7.5,1.81,2,receta
recibo,8.8,2.138,1,recibo
recreo,3.7,1.111,2,recreo
rector,10.68,0.768,2,rector
refrán,7.34,1.965,2,refran
regalo,2.82,1.257,2,regalo
región,8.94,1.659,2,region
reglas,5.82,1.758,2,reglas
relato,8.16,2.044,2,relato
rencor,9.2,1.385,2,rencor
repisa,5.5,1.93,2,repisa
repito,5.8,1.917,1,repito
reposo,7.24,2.592,2,reposo
reptil,7.18,2.027,2,reptil
restar,5.56,1.053,1,restar
retiro,9.36,1.946,2,retiro
riesgo,8.5,1.909,2,riesgo
rígido,8.8,2.09,3,rigido
rincón,5.02,2.025,2,rincon
rizado,5.9,1.832,3,rizado
romana,7.52,1.752,3,romana
romano,8.52,1.693,3,romano
romero,8.26,2.275,2,romero
romper,4.06,1.867,1,romper
ropero,7.08,2.284,2,ropero
rosado,3.84,1.608,3,rosado
rostro,6.86,2.695,2,rostro
rótula,9.36,1.699,2,rotula
rótulo,9.4,1.841,2,rotulo
rotura,6.84,2.706,2,rotura
ruedas,4.22,1.632,2,ruedas
rugoso,7.58,2.383,3,rugoso
ruleta,6.46,2.279,2,ruleta
rutina,8.78,1.909,2,rutina
sábado,4.24,1.623,2,sabado
sábana,4.14,1.473,2,sabana
sabéis,6.1,2.033,1,sabeis
sacado,6.04,2.01,1,sacado
safari,8.12,2.106,2,safari
salado,4.76,1.572,2,salado
salero,6.92,2.372,2,salero
salida,4.96,2.111,2,salida
salido,6.9,2.206,1,salido
salita,6.18,2.379,2,salita
saliva,4.68,2.094,2,saliva
salmón,6.74,2.193,2,salmon
saltar,3.26,1.306,1,saltar
saltos,3.74,1.588,2,saltos
saludo,3.96,2.432,2,saludo
salvar,5.8,1.948,1,salvar
sancho,8.58,2.129,2,sancho
sandía,4.14,1.666,2,sandia
sangre,4.1,2.178,2,sangre
santos,6.32,2.263,2,santos
sartén,4.5,1.787,2,sarten
sector,9.62,1.64,2,sector
seguir,4.7,2.033,1,seguir
segura,6.08,2.049,3,segura
seguro,7.02,2.646,3,seguro
sellos,7.06,1.683,2,sellos
semana,4.4,1.525,2,semana
sentar,3.46,1.843,1,sentar
sentir,7.28,2.1,1,sentir
señora,4.32,1.834,2,senora
sereno,7.84,3.086,2,sereno
serían,6.12,1.757,1,serian
sermón,8.4,2.04,2,sermon
servir,7.18,1.913,1,servir
sesión,8.76,1.901,2,sesion
sexual,8.46,1.951,3,sexual
shorts,7.9,2.823,2,shorts
siendo,6.58,1.928,1,siendo
siente,6.06,2.094,1,siente
siento,5.06,1.695,1,siento
sierra,7.44,1.929,2,sierra
siesta,5.0,2.05,2,siesta
siguen,5.44,1.668,1,siguen
sillón,4.62,2.221,2,sillon
simple,7.68,2.045,3,simple
sirena,4.48,1.832,2,sirena
sitios,4.98,1.684,2,sitios
social,9.34,1.686,3,social
sólido,8.0,2.204,2,solido
soltar,4.2,2.01,1,soltar
sombra,4.84,1.888,2,sombra
sonata,9.52,2.169,2,sonata
sonido,4.88,2.387,2,sonido
sonora,7.54,2.375,2,sonora
sopera,6.58,2.391,2,sopera
soplar,3.92,1.805,1,soplar
sorteo,6.92,1.748,2,sorteo
sotana,8.76,2.124,2,sotana
sótano,6.88,2.096,2,sotano
subida,4.36,1.793,2,subida
sucede,7.02,1.684,1,sucede
suceso,9.58,1.691,2,suceso
suegra,8.76,2.036,2,suegra
suegro,8.22,2.172,2,suegro
sueldo,8.56,2.224,2,sueldo
suelen,7.26,1.651,1,suelen
sueños,5.0,1.895,2,suenos
suerte,6.0,2.04,2,suerte
suéter,4.26,1.747,2,sueter
sufijo,9.18,1.41,2,sufijo
sufrir,7.56,2.111,1,sufrir
sujeto,8.8,1.29,2,sujeto
supone,7.5,1.832,1,supone
tabaco,6.6,2.148,2,tabaco
taller,6.0,2.185,2,taller
tamaño,5.36,1.699,2,tamano
tambor,3.92,2.049,2,tambor
tanque,6.46,2.092,2,tanque
tantas,5.5,2.023,4,tantas
tantos,5.58,1.991,4,tantos
tapado,4.3,1.951,3,tapado
tardar,5.28,1.512,1,tardar
tardes,4.42,1.162,2,tardes
tarifa,9.6,1.852,2,tarifa
tarzán,4.42,1.797,2,tarzan
teatro,6.44,2.14,2,teatro
teclas,5.98,2.065,2,teclas
tejado,5.5,2.013,2,tejado
tejano,9.46,1.961,3,tejano
tejido,7.88,2.154,3,tejido
templo,7.9,2.033,2,templo
tender,5.64,2.192,1,tender
tendón,9.18,1.494,2,tendon
tendrá,5.73,1.966,1,tendra
tenéis,6.32,2.684,1,teneis
tengan,5.96,1.927,1,tengan
tengas,5.32,1.953,1,tengas
tenían,5.06,1.889,1,tenian
tenías,4.48,2.102,1,tenias
tenido,5.9,1.854,1,tenido
teoría,9.3,1.502,2,teoria
tercer,5.26,1.549,3,tercer
terror,6.48,2.426,2,terror
tesoro,5.2,1.807,2,tesoro
tetera,6.66,2.379,2,tetera
textil,8.78,1.962,3,textil
tiempo,5.04,1.989,2,tiempo
tienda,4.32,1.921,2,tienda
tienen,4.62,1.937,1,tienen
tienes,4.34,1.869,1,tienes
tierno,7.22,1.799,3,tierno
tierra,3.2,1.629,2,tierra
tiesto,8.78,2.131,2,tiesto
timbre,4.14,1.726,2,timbre
tímido,6.96,1.948,3,timido
típica,7.4,2.204,3,tipica
típico,7.8,1.773,3,tipico
tirano,9.68,1.558,3,tirano
título,6.52,1.832,2,titulo
toalla,3.54,1.821,2,toalla
tocado,5.76,2.213,1,tocado
tomado,6.44,2.331,1,tomado
tomate,3.6,1.641,2,tomate
tonada,10.44,1.387,2,tonada
tónica,8.92,2.059,2,tonica
torero,7.02,2.085,3,torero
tóxico,8.36,1.562,3,toxico
traído,6.28,2.286,1,traido
trampa,6.31,2.023,2,trampa
trance,10.46,1.014,2,trance
trasto,5.4,2.571,2,trasto
tratar,7.02,2.085,1,tratar
trauma,9.46,1.619,2,trauma
través,9.73,1.921,4,traves
trecho,9.72,1.691,2,trecho
tregua,9.7,1.705,2,tregua
trenza,4.48,1.843,2,trenza
trineo,6.26,2.098,2,trineo
triste,4.32,1.449,3,triste
trofeo,6.64,1.946,2,trofeo
trompa,4.68,2.045,2,trompa
trompo,5.58,2.139,2,trompo
tronco,5.46,1.854,2,tronco
trucha,7.22,2.083,2,trucha
trueno,4.84,1.557,2,trueno
tuerca,7.3,2.315,2,tuerca
turbio,8.86,1.906,3,turbio
úlcera,9.64,1.893,2,ulcera
última,4.86,1.75,3,ultima
ultimo,4.52,1.568,1,ultimo
unidad,6.96,1.818,2,unidad
unidas,6.18,1.815,2,unidas
unidos,6.48,1.644,2,unidos
urbana,9.04,2.06,3,urbana
utopía,10.62,1.028,2,utopia
vacuna,4.96,1.989,2,vacuna
vacuno,9.36,1.86,2,vacuno
vagina,7.24,2.759,2,vagina
varias,5.56,2.525,4,varias
varios,5.76,1.648,4,varios
varita,5.48,2.033,2,varita
veinte,4.74,1.275,4,veinte
vejiga,8.3,1.982,2,vejiga
velero,6.18,2.201,2,velero
vender,5.56,2.101,1,vender
veneno,6.62,2.32,2,veneno
venían,5.29,1.654,1,venian
venida,8.15,1.68,2,venida
venido,5.96,2.382,1,venido
verano,4.14,1.294,2,verano
verbal,8.3,2.243,3,verbal
verdad,4.66,1.955,2,verdad
verdes,3.56,1.631,3,verdes
vestir,3.02,1.518,1,vestir
viajar,5.04,2.02,1,viajar
viajes,5.48,1.657,2,viajes
víbora,7.46,2.349,2,vibora
vidrio,7.24,2.404,2,vidrio
viendo,4.64,1.711,1,viendo
vienen,4.66,1.611,1,vienen
vienes,5.1,2.013,1,vienes
viento,3.88,1.409,2,viento
violín,6.48,2.14,2,violin
virgen,5.42,2.251,2,virgen
virrey,10.34,1.303,2,virrey
virtud,9.56,1.527,2,virtud
visera,7.62,2.473,2,visera
visión,7.18,2.345,2,vision
visita,4.58,2.001,2,visita
visual,8.5,2.053,3,visual
vivido,6.26,1.915,1,vivido
vívido,9.12,2.847,3,vivido
volcán,5.78,1.941,2,volcan
volver,4.22,1.447,1,volver
vómito,4.8,1.863,2,vomito
vuelta,4.04,1.749,2,vuelta
vuelto,6.64,2.266,1,vuelto
vuelve,5.12,2.017,1,vuelve
vuelvo,5.28,2.0,1,vuelvo
whisky,9.43,2.062,2,whisky
yanqui,10.16,1.505,2,yanqui
yunque,9.42,1.819,2,yunque
zafiro,9.66,1.586,2,zafiro
zamora,8.96,1.281,2,zamora
zapato,2.78,1.148,2,zapato
abdomen,8.64,2.087,2,abdomen
abierta,4.14,1.927,3,abierta
abierto,3.24,1.238,3,abierto
abogado,8.44,1.567,2,abogado
absurdo,8.26,1.998,3,absurdo
abuelos,2.96,1.564,2,abuelos
aburrir,5.28,1.97,1,aburrir
acabado,5.4,1.761,1,acabado
acceder,8.36,1.77,1,acceder
acelgas,6.84,2.691,2,acelgas
aceptar,6.56,1.74,1,aceptar
acercar,5.6,2.277,1,acercar
acierto,6.48,2.121,2,acierto
acordes,8.48,2.215,2,acordes
actitud,8.42,1.991,2,actitud
activar,7.42,1.98,1,activar
actores,6.92,1.676,2,actores
acuario,6.52,1.93,2,acuario
acuerdo,7.7,2.003,2,acuerdo
admirar,8.02,1.835,1,admirar
adobado,9.14,2.01,2,adobado
adornar,5.58,1.896,1,adornar
adosado,8.72,2.061,3,adosado
afectar,7.98,2.171,1,afectar
afeitar,6.76,2.066,1,afeitar
afición,8.54,1.843,2,aficion
afilada,6.2,2.416,3,afilada
afilado,6.4,2.531,3,afilado
agarrar,4.26,1.978,1,agarrar
agencia,8.82,1.746,2,agencia
agrario,8.86,1.917,3,agrario
aguante,8.22,1.93,2,aguante
agudeza,9.78,1.433,2,agudeza
aguijón,7.58,1.928,2,aguijon
aguilar,9.3,2.013,2,aguilar
agujero,4.34,2.066,2,agujero
ahorrar,7.12,2.246,1,ahorrar
ajedrez,6.98,1.985,2,ajedrez
alacena,9.1,2.279,2,alacena
aladino,6.42,2.822,2,aladino
alambre,7.16,2.024,2,alambre
albañil,6.46,1.854,2,albanil
alberto,3.98,1.66,2,alberto
alcalde,8.02,1.846,2,alcalde
alcohol,7.3,2.452,2,alcohol
alegrar,5.0,2.148,1,alegrar
alegría,4.3,2.082,2,alegria
alergia,6.52,2.033,2,alergia
alférez,10.32,1.4,2,alferez
alfiler,5.74,2.098,2,alfiler
algodón,5.14,1.75,2,algodon
alguien,5.94,1.823,4,alguien
algunas,5.26,1.946,4,algunas
algunos,5.4,1.604,4,algunos
alianza,8.78,1.857,2,alianza
alicate,7.7,2.082,2,alicate
almacén,7.3,2.426,2,almacen
almíbar,8.24,2.066,2,almibar
alterar,8.2,2.129,1,alterar
alterne,10.44,1.11,2,alterne
altitud,8.52,1.919,2,altitud
alumnos,5.28,1.874,2,alumnos
amapola,6.32,2.035,2,amapola
amenaza,7.54,1.887,2,amenaza
américa,8.3,2.131,2,america
amistad,6.12,2.52,2,amistad
amoroso,6.12,2.282,3,amoroso
ampolla,8.46,2.187,2,ampolla
anciano,6.4,2.06,2,anciano
anginas,9.3,2.131,2,anginas
anguila,8.68,2.263,2,anguila
anillos,5.08,1.998,2,anillos
animado,5.76,2.471,3,animado
anónima,8.8,1.874,3,anonima
anormal,8.11,1.184,3,anormal
ansioso,8.84,1.983,3,ansioso
antifaz,6.1,2.159,2,antifaz
antigua,6.78,2.003,3,antigua
antiguo,7.18,1.837,3,antiguo
antonio,4.02,2.075,2,antonio
anuncio,5.5,1.644,2,anuncio
aparato,6.78,1.877,2,aparato
aparcar,5.64,2.145,1,aparcar
aparece,5.78,2.063,1,aparece
apetece,6.34,2.006,1,apetece
apetito,5.96,2.474,2,apetito
aplauso,3.94,1.531,2,aplauso
aplique,9.6,1.863,1,aplique
apóstol,8.28,2.167,2,apostol
aprecio,8.68,1.953,2,aprecio
apretar,4.6,1.773,1,apretar
aprobar,5.42,1.797,1,aprobar
aptitud,9.68,1.984,2,aptitud
apuntar,6.3,1.717,1,apuntar
apuntes,8.72,1.928,2,apuntes
aquella,5.02,2.065,4,aquella
aquello,5.16,2.436,4,aquello
aquiles,9.66,1.611,2,aquiles
arañazo,4.36,1.804,2,aranazo
árbitro,7.56,1.831,3,arbitro
árboles,3.68,1.269,2,arboles
ardilla,3.92,1.688,3,ardilla
armario,3.84,1.742,2,armario
armonía,9.0,1.927,2,armonia
arousal,10.86,0.535,4,arousal
arrabal,10.42,1.295,2,arrabal
arreglo,6.88,2.191,2,arreglo
arrugas,6.96,1.702,2,arrugas
arteria,9.84,1.419,2,arteria
artista,7.2,2.07,2,artista
asaltar,8.22,2.192,1,asaltar
ascenso,8.88,1.686,2,ascenso
asesino,7.68,2.114,2,asesino
asiento,5.18,1.881,2,asiento
asombro,7.14,2.05,2,asombro
aspecto,7.96,2.441,2,aspecto
astilla,7.58,2.295,2,astilla
astucia,9.42,1.553,2,astucia
asuntos,8.16,1.719,2,asuntos
asustar,5.04,2.05,1,asustar
atómica,10.06,1.346,2,atomica
atrapar,5.5,2.053,1,atrapar
audacia,10.24,1.287,2,audacia
aumento,7.5,2.225,2,aumento
ausente,8.5,1.832,3,ausente
autobús,4.68,2.254,2,autobus
auxilio,7.36,2.761,2,auxilio
avenida,6.56,1.875,2,avenida
azafata,6.8,1.818,3,azafata
azafrán,8.8,2.08,2,azafran
azucena,8.02,2.543,2,azucena
azulejo,6.68,2.161,2,azulejo
bacalao,7.06,2.598,2,bacalao
badajoz,8.94,1.834,2,badajoz
balanza,7.96,1.862,2,balanza
ballena,4.86,1.629,2,ballena
bandeja,5.02,1.835,2,bandeja
bandera,5.34,2.086,2,bandera
bañador,4.56,1.704,2,banador
bárbara,7.74,2.489,2,barbara
barraca,10.24,1.559,2,barraca
barrera,7.64,2.097,2,barrera
barriga,3.24,1.533,2,barriga
barroco,10.48,1.074,3,barroco
báscula,7.62,2.175,2,bascula
batalla,7.28,1.715,2,batalla
batería,7.2,2.01,2,bateria
bautizo,5.82,2.362,2,bautizo
beatriz,4.1,2.053,2,beatriz
bécquer,10.76,0.591,2,becquer
béisbol,7.54,2.261,2,beisbol
bélgica,8.54,1.832,2,belgica
belleza,6.56,2.635,2,belleza
bengala,8.1,2.234,2,bengala
bigotes,4.48,2.053,2,bigotes
billete,5.3,2.243,2,billete
biquini,5.96,2.089,2,biquini
blancos,3.92,1.426,2,blancos
bloqueo,8.6,2.05,2,bloqueo
bombear,9.0,1.784,1,bombear
bombero,5.06,1.867,2,bombero
bombona,6.36,2.292,2,bombona
botella,3.66,1.586,2,botella
botines,6.86,2.195,2,botines
botones,4.56,2.278,2,botones
bramido,10.02,1.714,2,bramido
bravura,9.78,1.741,2,bravura
brincar,4.76,1.623,1,brincar
brócoli,8.44,2.643,2,brocoli
brújula,8.22,1.877,2,brujula
bufanda,4.8,1.895,2,bufanda
bulimia,10.62,0.753,2,bulimia
caballo,3.42,1.357,2,caballo
cabello,4.54,2.206,2,cabello
cáceres,8.8,1.917,2,caceres
cadáver,8.36,1.946,2,cadaver
calamar,6.26,1.601,2,calamar
cálculo,6.58,1.486,2,calculo
caldero,3.92,1.816,2,caldero
calidad,8.38,1.937,2,calidad
callado,4.6,2.0,3,callado
calzado,4.58,2.251,3,calzado
cámaras,5.5,1.887,2,camaras
cambiar,5.32,1.596,1,cambiar
cambios,6.94,1.731,2,cambios
camello,4.32,1.659,2,camello
camilla,7.14,2.05,2,camilla
caminar,2.84,1.517,1,caminar
camisón,5.52,2.178,2,camison
campana,4.28,1.642,2,campana
campaña,8.34,2.2,2,campana
campeón,4.6,2.05,2,campeon
canaria,5.06,2.064,2,canaria
canario,5.6,2.08,2,canario
canasta,5.79,1.016,2,canasta
canción,3.4,1.641,2,cancion
candado,6.28,2.286,2,candado
canguro,4.6,1.818,2,canguro
cansado,4.22,1.556,3,cansado
capaces,7.76,1.768,3,capaces
capilla,8.04,2.618,2,capilla
capital,7.68,1.528,2,capital
capitán,6.04,1.281,2,capitan
capullo,7.46,2.46,2,capullo
caracol,3.38,1.455,2,caracol
caricia,5.4,2.483,2,caricia
caridad,7.98,2.437,2,caridad
carisma,9.76,1.546,2,carisma
carpeta,5.2,1.884,2,carpeta
carrera,5.3,2.581,2,carrera
carreta,6.04,1.714,2,carreta
carrito,3.62,1.652,2,carrito
carroña,9.44,1.875,2,carrona
cartera,4.88,1.848,2,cartera
cartero,5.08,1.55,2,cartero
casarse,5.98,1.985,1,casarse
cascada,7.24,1.954,3,cascada
cáscara,5.14,2.02,2,cascara
caserío,8.5,2.159,2,caserio
castaña,5.36,1.793,3,castana
castaño,5.8,1.979,2,castano
castigo,4.86,1.895,2,castigo
catalán,8.18,2.396,2,catalan
catarro,4.7,2.033,2,catarro
catorce,4.94,1.49,4,catorce
cautela,9.46,1.541,2,cautela
cazador,6.34,2.037,2,cazador
cazuela,7.46,2.264,2,cazuela
cebolla,4.34,1.698,2,cebolla
cemento,6.4,2.04,2,cemento
censura,9.9,1.488,2,censura
central,6.72,2.138,3,central
centros,6.92,1.915,2,centros
cepillo,3.66,1.154,2,cepillo
cercano,5.62,2.156,3,cercano
cerebro,6.84,1.8,2,cerebro
cerezas,4.44,1.618,2,cerezas
cerilla,6.14,2.041,2,cerilla
cerrada,4.36,1.638,3,cerrada
cerrado,4.1,2.003,3,cerrado
cerrojo,7.18,2.324,2,cerrojo
certeza,10.02,1.27,2,certeza
cerveza,7.4,2.1,2,cerveza
chabola,8.46,2.082,2,chabola
chaleco,5.3,1.581,2,chaleco
champán,7.76,1.901,2,champan
chancla,5.58,2.177,2,chancla
chándal,4.52,1.619,2,chandal
charlar,6.56,2.476,1,charlar
chorizo,5.3,1.898,2,chorizo
christi,8.5,2.936,2,christi
cibeles,9.7,1.832,2,cibeles
ciencia,9.06,1.778,2,ciencia
ciertas,7.46,2.002,4,ciertas
cigarro,6.48,2.279,2,cigarro
cigüeña,4.98,1.622,2,ciguena
cintura,5.38,2.118,2,cintura
círculo,3.52,1.594,2,circulo
ciruela,5.48,1.972,2,ciruela
cirugía,8.38,2.184,2,cirugia
clásica,8.26,2.078,3,clasica
clásico,8.22,1.799,3,clasico
clavada,7.22,2.341,3,clavada
clérigo,10.28,1.23,2,clerigo
cliente,7.94,2.074,2,cliente
clínica,6.16,2.16,2,clinica
clínico,8.96,2.02,3,clinico
cobarde,7.44,2.002,3,cobarde
cocaína,10.35,0.835,2,cocaina
cochero,7.68,2.263,2,cochero
cochino,4.3,1.542,3,cochino
cocinar,5.66,2.182,1,cocinar
colador,6.26,1.904,2,colador
colchón,5.6,2.09,2,colchon
colegio,2.92,0.986,2,colegio
colibrí,8.4,2.129,2,colibri
colocar,4.54,1.764,1,colocar
colonia,4.7,2.297,2,colonia
colores,3.08,1.322,2,colores
colorín,4.34,2.172,3,colorin
columna,6.14,2.129,2,columna
comarca,9.5,1.753,2,comarca
combate,7.16,1.92,2,combate
comedia,7.7,2.306,2,comedia
comedor,6.04,2.71,2,comedor
comodín,7.28,2.138,2,comodin
comprar,4.66,1.346,1,comprar
compras,5.06,1.707,2,compras
condena,8.8,1.874,2,condena
confiar,6.96,2.06,1,confiar
confort,9.96,1.484,2,confort
confuso,7.32,2.208,3,confuso
congoja,10.38,1.602,2,congoja
conmigo,4.32,1.834,4,conmigo
conocen,5.24,1.836,1,conocen
conocer,5.4,2.129,1,conocer
conoces,5.5,2.003,1,conoces
conocía,6.3,1.581,1,conocia
conozco,5.08,2.049,1,conozco
consejo,8.22,1.694,2,consejo
consola,6.32,1.801,2,consola
consumo,9.34,1.923,2,consumo
contigo,4.24,1.709,4,contigo
control,7.08,1.627,2,control
coqueta,7.44,2.851,2,coqueta
coqueto,6.26,2.275,3,coqueto
corazón,4.54,1.832,2,corazon
corbata,5.76,2.282,2,corbata
cordero,6.38,2.175,2,cordero
cordura,10.22,1.388,2,cordura
coronel,7.84,1.707,2,coronel
correos,7.22,1.844,2,correos
corrida,8.68,1.974,3,corrida
cortado,7.34,2.361,1,cortado
cortejo,8.58,3.195,2,cortejo
corteza,7.56,2.052,2,corteza
cortina,4.68,1.932,2,cortina
cosecha,7.34,1.934,2,cosecha
costura,7.2,2.185,2,costura
cotilla,7.36,2.028,2,cotilla
crédito,9.96,1.428,2,credito
creemos,6.14,2.129,1,creemos
cristal,4.12,1.52,2,cristal
crítica,8.92,1.872,2,critica
crónica,10.24,1.492,2,cronica
cuadros,5.18,1.758,2,cuadros
cuántas,5.04,2.06,4,cuantas
cuantía,10.06,1.57,2,cuantia
cuantos,4.96,2.0,4,cuantos
cuántos,4.6,1.471,4,cuantos
cuartel,5.71,1.732,2,cuartel
cuchara,3.22,1.345,2,cuchara
cuentan,5.52,1.972,1,cuentan
cuentas,5.42,2.031,2,cuentas
cuerdas,4.68,1.544,3,cuerdas
cuernos,5.8,2.1,2,cuernos
cuidado,4.54,2.131,2,cuidado
culebra,7.36,2.058,2,culebra
cultivo,7.94,1.963,2,cultivo
cultura,8.66,1.986,2,cultura
cumplir,5.4,2.85,1,cumplir
curioso,6.94,1.823,3,curioso
debemos,6.16,1.811,1,debemos
debería,6.28,1.578,1,deberia
decente,8.74,1.861,3,decente
decimos,5.72,1.773,1,decimos
decirle,5.22,2.401,1,decirle
decirlo,5.78,1.67,1,decirlo
decirte,5.4,1.385,1,decirte
decorar,6.76,1.933,1,decorar
decreto,10.58,1.052,2,decreto
defecto,8.06,1.812,2,defecto
defensa,7.24,2.437,2,defensa
deforme,7.04,2.04,3,deforme
dejadez,9.54,1.644,2,dejadez
dejamos,5.38,1.85,1,dejamos
delante,4.48,1.798,4,delante
deleite,10.08,1.51,2,deleite
delgada,6.08,2.029,3,delgada
delgado,4.84,2.16,2,delgado
delicia,7.92,2.293,2,delicia
delirio,10.2,1.414,2,delirio
demanda,9.88,1.573,2,demanda
demente,10.18,1.494,3,demente
demonio,5.94,2.334,2,demonio
depende,7.0,2.286,1,depende
depilar,9.18,1.781,1,depilar
deporte,4.74,1.639,2,deporte
deprisa,4.66,1.686,4,deprisa
derecha,4.0,1.678,2,derecha
derecho,7.58,2.696,2,derecho
derrota,7.7,2.367,2,derrota
desafío,9.2,1.443,2,desafio
desatar,6.08,1.589,1,desatar
desazón,10.64,0.898,2,desazon
desleal,10.44,1.013,3,desleal
desnudo,3.32,1.571,3,desnudo
después,4.8,1.429,4,despues
destino,8.6,1.591,2,destino
detalle,7.62,2.294,2,detalle
detener,7.02,2.36,1,detener
diadema,4.82,2.047,2,diadema
diálogo,7.78,2.073,2,dialogo
dibujos,2.9,1.111,2,dibujos
dictado,5.7,1.329,2,dictado
dientes,3.52,1.843,2,dientes
diestra,6.92,2.389,2,diestra
difícil,4.96,1.641,3,dificil
digamos,6.66,1.891,1,digamos
digital,9.39,1.175,3,digital
dijeron,5.96,2.06,1,dijeron
diploma,7.0,2.0,2,diploma
directo,7.0,2.07,3,directo
disfraz,4.06,1.517,2,disfraz
disparo,6.98,2.403,2,disparo
disputa,9.52,1.313,2,disputa
dividir,6.88,1.365,1,dividir
docente,10.08,1.536,3,docente
dólares,8.66,2.096,2,dolares
domingo,3.68,1.332,2,domingo
dominio,9.24,1.733,2,dominio
dormido,3.5,1.502,3,dormido
drácula,5.76,2.227,2,dracula
dulzura,7.02,2.36,2,dulzura
duquesa,8.32,1.974,2,duquesa
durante,6.34,1.825,4,durante
echarse,4.78,1.92,1,echarse
edición,9.58,1.63,2,edicion
efectos,7.7,1.529,2,efectos
egoísmo,7.18,2.182,2,egoismo
egoísta,5.58,2.129,3,egoista
ejemplo,6.02,1.317,4,ejemplo
elegido,6.24,1.933,1,elegido
embargo,10.2,1.4,2,embargo
emoción,8.06,2.208,2,emocion
empatía,10.31,0.819,2,empatia
empezar,3.86,1.512,1,empezar
empieza,4.84,1.462,1,empieza
empresa,8.96,1.772,2,empresa
encanta,5.48,1.81,1,encanta
encanto,7.36,2.248,2,encanto
encargo,7.68,1.743,2,encargo
enchufe,4.7,1.644,2,enchufe
enemigo,6.34,2.291,3,enemigo
energía,7.72,2.176,2,energia
enfermo,3.84,1.517,2,enfermo
enseñar,4.3,1.705,1,ensenar
ensueño,9.38,1.989,2,ensueno
entidad,10.22,1.36,2,entidad
entorno,8.36,1.925,2,entorno
entrada,5.06,2.054,2,entrada
entrado,6.32,2.208,1,entrado
entrega,7.14,2.119,1,entrega
envidia,8.48,1.992,2,envidia
epílogo,10.58,0.971,2,epilogo
epopeya,10.27,1.317,2,epopeya
equipos,5.72,1.666,2,equipos
erótica,9.82,1.38,3,erotica
erótico,9.92,1.55,3,erotico
errores,6.58,1.864,2,errores
erudito,10.74,0.723,3,erudito
escalar,6.44,1.971,3,escalar
escalón,3.54,1.705,2,escalon
escapar,5.76,2.026,1,escapar
escasez,9.24,2.153,2,escasez
esclavo,8.02,1.879,3,esclavo
escoger,6.22,2.493,1,escoger
escolar,5.26,2.136,3,escolar
escoria,9.92,1.627,2,escoria
escribe,4.7,1.632,1,escribe
escrito,6.22,2.324,3,escrito
escuela,3.4,1.702,2,escuela
esencia,9.44,2.062,2,esencia
esófago,9.44,1.68,2,esofago
espacio,6.32,2.369,2,espacio
espalda,3.9,1.753,2,espalda
espanto,8.78,1.844,2,espanto
español,5.28,2.241,3,espanol
esparto,9.3,2.131,2,esparto
especie,7.72,1.874,2,especie
esperar,4.85,1.412,1,esperar
espinal,9.92,1.368,3,espinal
espinas,5.22,1.718,2,espinas
esquema,8.62,1.701,2,esquema
esquina,5.12,2.027,2,esquina
estaban,5.18,1.826,1,estaban
estabas,5.12,1.996,1,estabas
estable,9.24,1.791,3,estable
estadio,7.26,2.319,2,estadio
estados,8.26,2.088,2,estados
estamos,4.32,1.867,1,estamos
estampa,6.12,2.106,2,estampa
estante,6.12,1.814,2,estante
estarán,5.66,1.686,1,estaran
estaría,6.18,1.87,1,estaria
estatua,6.2,2.02,2,estatua
estatus,10.52,0.886,2,estatus
estimar,9.32,2.035,1,estimar
estrato,10.72,0.73,2,estrato
estrena,6.9,2.234,2,estrena
estreno,7.66,1.923,2,estreno
estribo,9.76,1.933,2,estribo
estuche,4.29,1.429,2,estuche
estudio,5.9,2.112,2,estudio
etílico,10.46,1.092,2,etilico
euforia,9.64,1.626,2,euforia
europea,8.26,2.068,2,europea
europeo,9.26,1.759,2,europeo
euskadi,9.7,1.632,2,euskadi
existen,5.88,1.71,1,existen
existía,6.74,2.211,1,existia
éxtasis,10.32,1.347,2,extasis
extenso,8.54,2.032,3,extenso
externo,7.96,2.285,3,externo
extraer,8.24,2.26,1,extraer
extraño,6.36,2.257,3,extrano
extremo,7.78,1.866,2,extremo
fábrica,6.5,1.81,2,fabrica
fachada,8.34,1.975,2,fachada
factura,8.68,1.778,2,factura
falange,10.14,1.552,2,falange
fallido,8.44,2.002,3,fallido
familia,3.44,1.554,2,familia
faringe,9.34,1.52,2,faringe
febrero,4.94,1.823,4,febrero
federal,9.59,1.091,2,federal
felpudo,7.08,2.355,2,felpudo
festivo,7.24,2.344,3,festivo
ficción,9.2,1.874,2,ficcion
fiereza,9.56,1.981,2,fiereza
fiestas,5.46,2.261,2,fiestas
fijaros,7.69,2.033,1,fijaros
finales,6.48,1.972,2,finales
firmeza,8.9,1.741,2,firmeza
florero,5.2,1.738,2,florero
folleto,9.02,1.647,2,folleto
fórmula,8.98,1.813,2,formula
fortuna,7.9,1.961,2,fortuna
fósforo,6.26,2.476,2,fosforo
fracaso,9.1,1.93,2,fracaso
francés,7.58,1.853,3,frances
francia,8.36,1.871,2,francia
frenesí,10.76,0.591,2,frenesi
frescor,6.96,1.884,2,frescor
fuentes,6.66,1.996,2,fuentes
fuertes,4.04,1.948,3,fuertes
fuerzas,5.46,2.043,2,fuerzas
función,8.21,1.233,2,funcion
fúnebre,9.4,1.927,3,funebre
funeral,7.52,1.951,2,funeral
galería,8.5,2.188,2,galeria
galicia,8.06,1.695,2,galicia
gallego,7.42,1.949,3,gallego
gallina,3.34,1.451,2,gallina
ganador,4.36,1.225,2,ganador
gasóleo,8.82,2.047,2,gasoleo
gaviota,5.64,1.699,2,gaviota
gemelos,6.4,1.948,2,gemelos
general,8.34,1.902,3,general
geranio,6.24,2.246,2,geranio
gestión,9.9,1.134,2,gestion
gigante,3.82,1.913,3,gigante
ginebra,10.38,1.292,2,ginebra
girasol,4.98,2.015,2,girasol
glaciar,8.26,1.978,3,glaciar
glamour,9.56,1.692,2,glamour
golpear,5.42,2.223,1,golpear
gordura,6.1,2.131,2,gordura
gorrino,9.44,1.971,2,gorrino
gorrión,6.8,2.213,2,gorrion
gracias,2.14,1.212,4,gracias
gráfico,9.2,1.75,3,grafico
granada,7.68,1.755,2,granada
granate,8.7,2.27,3,granate
grandes,4.02,1.801,3,grandes
granero,6.7,2.112,2,granero
granizo,6.08,2.202,2,granizo
grillos,4.88,1.934,2,grillos
grosero,7.48,2.013,3,grosero
guantes,4.94,1.583,2,guantes
guardar,4.06,1.963,1,guardar
guardia,5.36,2.183,2,guardia
gustaba,5.24,1.933,1,gustaba
gustado,5.16,2.16,1,gustado
hablaba,4.94,1.834,1,hablaba
hablado,6.36,2.078,1,hablado
hacemos,5.1,2.178,1,hacemos
hacerle,5.5,1.951,1,hacerle
hacerlo,6.16,2.024,1,hacerlo
hacerse,6.26,2.248,1,hacerse
hamelin,7.82,3.069,4,hamelin
hamster,6.06,2.478,2,hamster
harvard,10.3,0.995,2,harvard
hebilla,7.56,2.476,2,hebilla
hechizo,6.68,2.263,2,hechizo
heridas,3.8,1.4,2,heridas
hermana,2.96,1.309,2,hermana
hermano,2.42,1.458,2,hermano
hermoso,6.46,1.656,3,hermoso
heroína,9.66,1.722,2,heroina
hicimos,5.38,1.947,1,hicimos
hidalgo,10.22,1.282,2,hidalgo
higiene,6.18,2.362,2,higiene
higuera,8.18,2.192,2,higuera
hoguera,6.0,1.927,2,hoguera
holanda,8.72,2.157,2,holanda
hombres,4.2,1.874,2,hombres
honesto,8.7,2.043,3,honesto
hormiga,4.02,1.635,2,hormiga
hornear,7.72,2.241,1,hornear
hubiera,7.26,1.861,1,hubiera
hubiese,7.0,2.06,1,hubiese
huésped,8.64,1.998,2,huesped
humanos,6.0,1.807,2,humanos
humedad,8.04,1.726,2,humedad
humilde,8.14,1.784,3,humilde
huracán,7.98,1.879,2,huracan
ibérica,8.8,1.969,2,iberica
ibérico,9.14,1.841,2,iberico
iceberg,8.82,1.924,2,iceberg
iglesia,4.62,1.794,2,iglesia
ignorar,8.32,2.104,1,ignorar
iguales,4.34,1.825,3,iguales
ilusión,6.32,2.133,2,ilusion
imagino,5.92,2.221,1,imagino
imbécil,6.78,2.306,3,imbecil
impedir,8.02,2.114,1,impedir
importa,5.38,1.999,1,importa
importe,8.3,2.401,2,importe
impreso,9.48,1.741,3,impreso
impulso,9.04,2.147,2,impulso
incapaz,7.8,2.222,3,incapaz
incluso,8.38,1.861,4,incluso
inculto,9.62,1.563,3,inculto
indicar,6.76,1.954,1,indicar
infante,9.8,1.895,2,infante
infarto,8.82,1.521,2,infarto
infeliz,7.12,2.125,3,infeliz
influir,8.98,1.571,1,influir
influjo,10.66,0.848,2,influjo
informe,9.38,1.839,2,informe
ingenio,9.62,1.627,2,ingenio
inglesa,6.56,2.251,3,inglesa
ingreso,9.56,1.656,2,ingreso
injuria,10.4,1.107,2,injuria
injusto,8.12,1.757,3,injusto
inmenso,7.38,2.203,3,inmenso
inmoral,9.5,1.787,3,inmoral
inmóvil,8.18,1.987,3,inmovil
insecto,5.26,1.882,2,insecto
insisto,8.26,2.078,1,insisto
insulto,5.9,1.594,2,insulto
intenta,6.0,1.884,1,intenta
intento,6.66,2.3,2,intento
interés,7.86,1.895,2,interes
interno,8.34,1.902,3,interno
intriga,8.76,1.721,2,intriga
intruso,8.38,1.894,3,intruso
invasor,8.68,1.72,2,invasor
invento,6.84,2.394,2,invento
invitar,5.56,1.981,1,invitar
irlanda,9.34,1.624,2,irlanda
irritar,7.38,2.221,1,irritar
jaqueca,8.9,2.013,2,jaqueca
jornada,8.18,2.007,2,jornada
jóvenes,6.62,1.677,2,jovenes
jugador,4.94,1.634,2,jugador
jugando,3.76,1.673,1,jugando
juguete,2.16,1.131,2,juguete
júpiter,7.56,1.431,2,jupiter
juzgado,9.22,1.888,1,juzgado
ketchup,4.88,2.086,2,ketchup
laboral,9.28,1.98,3,laboral
ladrido,4.7,2.15,2,ladrido
lagarto,4.7,1.669,2,lagarto
lágrima,3.86,1.948,2,lagrima
lámpara,3.78,1.389,2,lampara
laringe,8.88,1.452,2,laringe
lástima,7.76,2.429,2,lastima
latitud,9.72,1.552,2,latitud
lavabos,5.44,2.12,2,lavabos
lealtad,9.5,1.799,2,lealtad
lección,6.52,2.073,2,leccion
lechera,5.1,1.961,3,lechera
lechuga,4.7,2.197,3,lechuga
lechuza,6.78,2.179,2,lechuza
lectura,5.24,1.451,2,lectura
lejanía,6.64,2.136,2,lejania
lenteja,4.24,1.585,2,lenteja
leñador,6.68,1.963,2,lenador
leyenda,7.58,2.223,2,leyenda
leyendo,5.02,1.911,1,leyendo
liberal,9.42,1.486,3,liberal
libreta,4.3,1.787,2,libreta
limpiar,3.76,1.333,1,limpiar
líquido,6.0,2.373,2,liquido
llamaba,5.52,1.832,1,llamaba
llamada,5.14,2.148,3,llamada
llamado,6.18,1.859,3,llamado
llanura,7.84,2.113,2,llanura
llavero,5.2,2.119,2,llavero
llegaba,5.46,1.729,1,llegaba
llegada,5.78,2.401,2,llegada
llegado,5.52,2.517,1,llegado
llevaba,5.66,1.649,1,llevaba
llevado,6.38,2.203,1,llevado
lóbrego,10.8,0.728,3,lobrego
londres,8.05,1.422,2,londres
lotería,8.06,2.024,2,loteria
lucifer,8.46,2.349,2,lucifer
lugares,5.12,1.698,2,lugares
lujuria,10.54,0.788,2,lujuria
madrina,4.76,2.615,2,madrina
madurez,9.16,1.973,2,madurez
maestra,3.34,1.287,2,maestra
maestro,3.5,1.359,2,maestro
magenta,9.02,2.181,3,magenta
malaria,10.32,1.019,2,malaria
malicia,8.7,2.197,2,malicia
malvado,6.06,2.208,3,malvado
manager,9.86,1.773,2,manager
manchas,5.06,2.004,2,manchas
mandato,6.98,2.607,2,mandato
maneras,6.88,1.881,2,maneras
maníaco,9.76,1.768,3,maniaco
maniquí,6.7,2.023,2,maniqui
maníses,5.04,2.507,2,manises
manopla,6.54,2.689,2,manopla
mansión,6.98,2.055,2,mansion
manzana,2.72,1.07,2,manzana
manzano,5.68,2.189,2,manzano
mapache,7.82,2.229,2,mapache
máquina,4.86,1.99,2,maquina
maracas,6.92,2.372,2,maracas
marcado,6.74,2.078,3,marcado
marchar,6.12,2.291,1,marchar
mareado,5.32,1.867,3,mareado
marqués,8.16,2.004,2,marques
martini,10.32,1.269,2,martini
masacre,10.36,1.045,2,masacre
máscara,5.28,1.938,2,mascara
mascota,5.16,2.074,2,mascota
matanza,8.58,2.071,2,matanza
materia,8.98,1.647,2,materia
maullar,5.18,2.097,1,maullar
mayores,5.06,1.609,3,mayores
mayoría,7.52,2.215,2,mayoria
mazorca,8.46,2.279,2,mazorca
mechero,5.54,1.971,2,mechero
medalla,5.44,1.763,2,medalla
médicos,4.68,1.856,2,medicos
medidas,7.48,1.374,2,medidas
mejilla,5.2,2.587,2,mejilla
mejorar,6.14,1.738,1,mejorar
mejores,5.08,1.759,3,mejores
melodía,7.26,2.23,2,melodia
memoria,7.2,1.874,2,memoria
mendigo,6.64,2.489,2,mendigo
mensaje,6.84,1.888,2,mensaje
mensual,8.52,1.951,3,mensual
mentira,4.5,2.033,2,mentira
mercado,5.06,1.659,2,mercado
merluza,6.24,2.378,2,merluza
mesilla,5.38,2.118,2,mesilla
métrica,9.96,1.59,2,metrica
miedoso,4.78,2.063,3,miedoso
miembro,7.76,2.115,2,miembro
milagro,6.82,1.966,2,milagro
milenio,9.34,1.611,2,milenio
milicia,10.68,0.551,2,milicia
militar,7.26,2.284,3,militar
minoría,8.58,2.061,2,minoria
minutos,5.64,1.735,2,minutos
mirando,5.4,2.119,1,mirando
miseria,8.36,2.192,2,miseria
místico,9.94,1.683,2,mistico
mocedad,10.44,1.5,2,mocedad
mochila,3.98,1.237,2,mochila
moderno,7.5,1.94,3,moderno
modesto,8.76,1.836,3,modesto
modista,8.12,2.086,2,modista
moflete,4.82,2.106,2,moflete
molesta,5.84,2.802,1,molesta
molesto,6.8,2.213,3,molesto
momento,5.92,2.275,2,momento
monarca,9.14,2.25,2,monarca
montada,8.06,2.606,3,montada
montaña,3.72,1.565,2,montana
montura,9.24,1.744,2,montura
moqueta,8.4,2.339,2,moqueta
moratón,5.66,2.396,2,moraton
morboso,10.06,1.268,3,morboso
mostrar,6.18,2.126,1,mostrar
motivos,7.26,1.915,2,motivos
mudanza,7.32,2.025,2,mudanza
muebles,4.94,1.932,2,muebles
muertos,5.46,1.619,2,muertos
muestra,8.94,2.253,1,muestra
mujeres,4.18,1.815,2,mujeres
mundial,7.66,1.847,2,mundial
muñecas,3.04,1.16,2,munecas
muralla,6.6,2.06,2,muralla
músculo,5.96,1.807,2,musculo
musical,7.06,2.36,3,musical
mutilar,9.7,1.693,1,mutilar
nadador,4.68,1.684,2,nadador
naranja,3.26,1.259,2,naranja
naranjo,6.3,2.082,2,naranjo
natural,6.12,1.722,3,natural
náutico,9.16,1.646,2,nautico
navarra,9.04,1.678,2,navarra
navidad,3.74,1.664,2,navidad
neblina,6.94,1.963,2,neblina
negocio,8.94,1.789,2,negocio
nervios,7.62,2.175,2,nervios
neurona,10.34,1.118,2,neurona
ninguna,4.5,2.023,4,ninguna
ninguno,4.35,1.08,4,ninguno
nobleza,9.7,1.529,2,nobleza
nombres,3.48,1.529,2,nombres
noruega,8.86,1.69,2,noruega
notario,10.46,1.281,2,notario
noticia,6.7,2.332,2,noticia
novedad,8.35,1.953,2,novedad
noventa,5.97,1.21,2,noventa
nublado,5.04,2.222,3,nublado
nuclear,10.0,1.4,3,nuclear
nuestra,4.68,1.708,4,nuestra
nuestro,4.5,1.764,4,nuestro
números,3.76,1.611,2,numeros
nupcial,9.2,2.0,3,nupcial
obreros,6.68,2.208,2,obreros
obsceno,10.34,1.081,3,obsceno
ocasión,8.38,1.589,2,ocasion
ochenta,5.8,1.325,2,ochenta
octubre,5.22,1.36,4,octubre
ocultar,6.69,1.328,1,ocultar
ocurrió,6.2,1.863,1,ocurrio
ocurrir,6.46,1.876,1,ocurrir
ofender,7.62,1.968,1,ofender
oficial,8.54,1.982,3,oficial
oficina,7.26,2.127,2,oficina
ojeriza,10.14,1.525,2,ojeriza
olvidar,5.18,1.466,1,olvidar
ombligo,4.62,1.947,2,ombligo
opinión,7.7,2.159,2,opinion
opuesto,8.2,2.312,3,opuesto
oración,6.58,1.928,2,oracion
ordenar,4.6,1.666,1,ordenar
ordeñar,6.42,2.061,1,ordenar
orégano,7.18,2.027,2,oregano
orgasmo,10.4,1.309,2,orgasmo
orgullo,8.7,1.887,2,orgullo
oriente,8.28,2.268,2,oriente
oxidado,7.5,1.992,3,oxidado
oxígeno,7.96,1.807,2,oxigeno
oyentes,8.22,1.93,2,oyentes
padrino,5.8,2.785,2,padrino
paisaje,4.86,2.185,2,paisaje
pájaros,3.72,1.863,2,pajaros
palabra,4.14,1.578,2,palabra
palacio,5.56,2.177,2,palacio
palmada,3.66,2.066,3,palmada
palmera,4.0,1.471,2,palmera
pandora,9.14,2.25,2,pandora
pantano,7.14,1.75,2,pantano
pantera,5.94,2.334,2,pantera
pañuelo,4.24,1.598,2,panuelo
papeleo,8.48,2.112,2,papeleo
papeles,4.22,1.404,2,papeles
paquete,4.52,1.81,2,paquete
paraíso,6.06,2.598,2,paraiso
parchís,4.76,1.636,2,parchis
parecen,5.48,1.961,1,parecen
parecer,6.68,2.263,2,parecer
parecía,6.66,2.076,1,parecia
párpado,5.64,2.371,2,parpado
párrafo,7.38,1.576,2,parrafo
párroco,8.08,1.998,3,parroco
partida,5.9,2.14,2,partida
partido,5.0,1.69,2,partido
pasamos,5.76,1.733,1,pasamos
pasando,5.86,1.917,1,pasando
pasillo,4.52,2.033,2,pasillo
patatas,5.0,2.657,2,patatas
patente,10.34,1.573,3,patente
patinar,5.1,1.632,1,patinar
patrono,10.1,1.374,2,patrono
pausado,8.14,2.277,3,pausado
payasos,3.56,1.459,2,payasos
peinado,4.48,1.515,2,peinado
peligro,4.26,2.018,2,peligro
peluche,2.14,1.161,2,peluche
pensaba,5.34,1.649,1,pensaba
pensado,6.14,2.286,1,pensado
pensión,8.9,1.799,2,pension
penuria,10.46,1.129,2,penuria
pequeña,2.68,1.696,3,pequena
pequeño,3.3,1.165,3,pequeno
perdida,5.8,2.185,3,perdida
pérdida,5.8,2.03,2,perdida
perdido,5.58,1.83,1,perdido
perdona,4.32,2.094,1,perdona
perdone,5.92,2.32,1,perdone
perejil,5.9,2.252,2,perejil
perfume,6.6,2.449,2,perfume
periodo,8.9,1.919,2,periodo
período,8.46,1.681,2,periodo
permiso,5.88,1.913,2,permiso
permite,7.08,2.284,1,permite
persona,4.2,2.138,2,persona
pesadez,7.92,2.257,2,pesadez
pescado,3.42,1.416,2,pescado
pesetas,4.45,1.126,3,pesetas
pestaña,4.4,2.148,2,pestana
pétalos,5.84,1.765,2,petalos
petunia,8.35,2.562,2,petunia
piadosa,9.34,1.673,3,piadosa
piedras,3.8,1.355,2,piedras
piensas,5.42,1.774,1,piensas
piernas,3.34,1.189,2,piernas
pinchar,5.12,2.047,1,pinchar
pinocho,3.52,1.865,2,pinocho
pintura,4.0,1.726,2,pintura
piragua,8.55,1.838,2,piragua
piscina,4.06,1.361,2,piscina
pistola,6.0,2.03,2,pistola
pizarra,3.98,1.097,2,pizarra
plancha,4.84,1.92,2,plancha
planeta,6.94,2.217,2,planeta
plantas,3.94,1.634,2,plantas
plátano,3.26,1.468,2,platano
platino,9.58,1.703,2,platino
pobreza,6.58,1.808,2,pobreza
podamos,6.59,1.999,1,podamos
podemos,4.96,1.895,1,podemos
podrían,6.28,1.874,1,podrian
podrido,5.8,1.863,3,podrido
policía,4.5,1.581,2,policia
polilla,7.84,1.899,2,polilla
pólvora,8.72,1.83,2,polvora
ponemos,5.06,1.517,1,ponemos
ponerse,4.78,2.131,1,ponerse
ponzoña,10.94,0.314,2,ponzona
popular,8.24,1.933,3,popular
poquito,3.64,1.816,3,poquito
porción,7.16,2.084,2,porcion
portada,7.2,2.119,2,portada
portero,6.22,2.16,2,portero
posible,6.7,1.982,3,posible
postura,7.78,2.225,2,postura
potasio,9.98,1.332,2,potasio
pradera,5.76,1.802,2,pradera
preciso,9.08,1.736,3,preciso
prefijo,8.52,1.843,2,prefijo
premios,4.44,1.593,2,premios
presión,9.22,1.776,2,presion
primera,4.34,1.78,3,primera
primero,4.34,1.733,3,primero
prisión,7.75,1.408,2,prision
privada,7.34,1.825,3,privada
privado,7.74,1.882,3,privado
probeta,10.42,0.992,2,probeta
proceso,9.0,1.841,2,proceso
produce,7.84,1.719,1,produce
profeta,8.7,1.81,2,profeta
prójimo,8.92,2.202,2,projimo
prólogo,10.22,1.433,2,prologo
promesa,6.32,2.065,2,promesa
propano,10.45,1.017,2,propano
propios,7.36,1.893,4,propios
próxima,7.2,1.807,3,proxima
próximo,6.78,2.102,3,proximo
pruebas,5.98,1.932,2,pruebas
pública,7.81,1.584,3,publica
público,6.84,1.952,2,publico
puchero,6.16,2.502,2,puchero
pudiera,6.6,2.185,1,pudiera
pueblos,5.48,1.729,2,pueblos
puertas,3.34,1.007,2,puertas
puestos,6.78,2.188,3,puestos
pulsera,4.78,1.776,2,pulsera
puntual,8.28,1.762,3,puntual
pupitre,4.18,1.366,2,pupitre
quedaba,5.92,1.676,1,quedaba
quedado,6.36,1.998,1,quedado
queréis,6.02,2.124,1,quereis
querían,5.1,1.898,1,querian
querida,6.0,2.65,2,querida
querido,6.27,2.089,1,querido
quienes,5.26,1.736,4,quienes
quieran,6.04,2.02,1,quieran
quieras,5.38,2.029,1,quieras
quieren,5.0,1.917,1,quieren
quieres,3.76,1.836,1,quieres
quietud,9.62,1.737,2,quietud
quijote,9.6,1.578,2,quijote
quimera,10.44,1.445,2,quimera
química,9.8,1.34,3,quimica
químico,9.56,1.929,3,quimico
quitado,5.42,2.681,1,quitado
rabieta,5.64,2.018,2,rabieta
racismo,9.34,1.636,2,racismo
radical,9.46,1.669,3,radical
rapidez,6.56,1.631,2,rapidez
raqueta,5.1,1.681,2,raqueta
rasguño,7.08,2.996,2,rasguno
razonar,8.46,2.043,1,razonar
razones,7.02,1.61,2,razones
realeza,7.86,1.99,2,realeza
rebajas,8.58,1.96,2,rebajas
rebelde,7.9,2.315,3,rebelde
recelar,10.4,1.37,1,recelar
rechazo,8.16,1.845,2,rechazo
recibir,6.34,1.493,1,recibir
reclamo,8.92,1.782,2,reclamo
recoger,4.2,1.756,1,recoger
recurso,9.56,1.68,2,recurso
redonda,3.86,2.0,3,redonda
redondo,4.38,1.989,2,redondo
refiere,8.48,2.002,1,refiere
refiero,8.14,2.176,1,refiero
reflejo,6.94,2.436,2,reflejo
reforma,8.94,1.754,2,reforma
refugio,8.0,2.176,2,refugio
régimen,9.5,1.821,2,regimen
regreso,6.54,2.102,2,regreso
reinado,7.44,2.459,2,reinado
relieve,8.42,1.739,2,relieve
remedio,7.34,2.379,2,remedio
rendija,7.52,2.306,2,rendija
renovar,9.34,1.661,1,renovar
reparto,6.78,2.359,2,reparto
repente,8.04,3.247,4,repente
réplica,10.04,1.177,2,replica
repollo,8.18,2.647,2,repollo
rescate,7.48,2.234,2,rescate
reserva,9.18,1.746,2,reserva
residir,8.84,2.044,1,residir
resorte,7.14,2.33,2,resorte
respeto,5.9,2.358,2,respeto
resulta,7.58,1.991,1,resulta
resumen,7.72,1.23,1,resumen
retener,8.48,1.94,1,retener
retraso,7.67,1.994,2,retraso
retrato,6.8,1.959,2,retrato
retrete,5.28,2.11,2,retrete
reunión,7.76,2.209,2,reunion
revista,5.84,1.845,2,revista
revuelo,9.12,2.017,2,revuelo
rigidez,8.96,1.726,2,rigidez
riqueza,7.16,1.931,2,riqueza
rítmica,7.58,2.357,3,ritmica
rodilla,3.62,2.029,2,rodilla
rodillo,6.82,2.292,2,rodillo
romance,8.56,2.205,2,romance
romanos,8.34,1.573,2,romanos
rosario,6.88,2.438,2,rosario
rubidio,10.84,0.51,2,rubidio
rúbrica,10.14,1.565,2,rubrica
ruidosa,6.38,2.303,3,ruidosa
ruidoso,5.3,1.657,3,ruidoso
ruptura,8.84,1.73,2,ruptura
rústico,9.4,1.841,3,rustico
sabemos,5.58,1.679,1,sabemos
sabrosa,6.8,2.33,3,sabrosa
sabroso,6.16,2.28,3,sabroso
salario,9.6,1.616,2,salario
salival,9.86,1.678,3,salival
saludar,3.2,1.604,1,saludar
salvaje,6.7,1.753,3,salvaje
sanidad,9.1,1.705,2,sanidad
sardana,10.14,1.594,2,sardana
sardina,5.66,2.105,2,sardina
satanás,8.22,2.207,2,satanas
saturno,7.98,1.532,2,saturno
secador,6.18,2.097,2,secador
sección,9.3,1.681,2,seccion
secreto,5.22,1.753,2,secreto
segovia,8.92,1.627,2,segovia
seguida,6.3,1.919,4,seguida
seguido,6.74,1.998,3,seguido
segunda,4.8,1.298,3,segunda
segundo,4.44,1.763,3,segundo
semanal,7.36,1.903,3,semanal
semanas,5.06,1.659,2,semanas
sembrar,5.66,2.076,1,sembrar
semilla,5.3,1.94,2,semilla
senador,9.66,1.624,2,senador
sendero,7.52,1.93,2,sendero
sensual,9.9,1.374,3,sensual
sentado,3.64,1.495,3,sentado
sentido,7.4,2.347,2,sentido
señalar,3.86,2.05,1,senalar
señoras,5.38,1.469,2,senoras
señores,5.36,2.107,2,senores
séptimo,6.18,1.997,3,septimo
serrano,6.79,1.835,2,serrano
sesenta,5.78,1.475,2,sesenta
setenta,5.72,1.715,2,setenta
sevilla,7.58,1.444,2,sevilla
siempre,5.18,1.956,4,siempre
sífilis,10.84,0.51,2,sifilis
silbato,5.56,2.314,2,silbato
silueta,7.38,2.906,2,silueta
símbolo,7.42,2.374,2,simbolo
similar,8.42,2.158,3,similar
sincero,7.54,2.121,3,sincero
síntoma,9.6,1.714,2,sintoma
sistema,9.46,1.971,2,sistema
sobrino,6.1,2.112,2,sobrino
socorro,5.46,2.243,2,socorro
soldado,5.86,1.852,2,soldado
soleado,4.56,2.012,3,soleado
soledad,8.46,2.002,2,soledad
solemne,10.22,1.433,3,solemne
solidez,8.96,2.128,2,solidez
soltero,8.16,1.754,3,soltero
sonrisa,4.22,1.657,2,sonrisa
soporte,8.62,2.147,2,soporte
sosiego,10.3,1.282,2,sosiego
subasta,9.2,1.604,2,subasta
sujetar,5.98,2.152,1,sujetar
súplica,9.28,1.762,2,suplica
supongo,7.74,1.988,1,supongo
suprema,9.78,1.314,2,suprema
supremo,9.68,1.406,2,supremo
suspiro,7.16,2.411,2,suspiro
taberna,9.06,1.8,2,taberna
tabique,8.88,1.965,2,tabique
tablero,5.96,2.07,2,tablero
taladro,7.14,2.416,2,taladro
talento,8.24,2.282,2,talento
también,5.38,2.303,4,tambien
tampoco,5.06,1.845,4,tampoco
tarjeta,6.62,2.32,2,tarjeta
teatral,7.6,1.852,3,teatral
teclado,7.12,1.848,2,teclado
técnica,9.32,1.72,2,tecnica
técnico,8.8,1.604,3,tecnico
temblor,6.6,2.204,2,temblor
tenazas,6.94,2.559,2,tenazas
tendrán,6.52,1.619,1,tendran
tendría,6.38,1.76,1,tendria
tenedor,3.28,1.642,2,tenedor
tenemos,4.38,1.772,1,tenemos
tensión,8.88,2.106,2,tension
tequila,10.44,1.091,2,tequila
terapia,10.08,1.455,2,terapia
tercera,5.42,1.667,3,tercera
tercero,5.3,1.529,3,tercero
termina,5.02,1.868,1,termina
término,9.16,1.888,2,termino
termita,8.4,1.969,2,termita
ternera,6.72,1.917,2,ternera
ternura,7.16,2.93,2,ternura
terraza,5.4,2.407,2,terraza
terreno,7.08,2.212,2,terreno
testigo,8.56,1.692,2,testigo
tiburón,3.94,1.504,2,tiburon
tiempos,6.14,2.0,2,tiempos
tiendas,5.24,1.756,2,tiendas
tiestos,9.06,2.014,3,tiestos
tijeras,3.66,1.451,2,tijeras
timidez,7.6,2.231,2,timidez
tiranía,8.94,3.31,2,tirania
titanic,9.4,1.678,2,titanic
titular,9.04,2.099,2,titular
tobillo,5.1,1.854,2,tobillo
tobogán,3.46,2.14,2,tobogan
tocador,7.78,2.427,2,tocador
todavía,5.9,2.053,4,todavia
tomando,5.78,2.27,1,tomando
topacio,9.85,2.136,2,topacio
torcido,5.64,2.038,3,torcido
tornado,7.16,1.91,2,tornado
torpeza,7.44,2.042,2,torpeza
tortazo,4.52,1.919,2,tortazo
tortuga,3.26,1.509,2,tortuga
tortura,8.04,2.01,2,tortura
tostada,4.82,1.65,3,tostada
trabaja,4.94,1.8,1,trabaja
trabajo,5.46,2.401,2,trabajo
tractor,5.3,1.821,2,tractor
trafico,7.0,1.784,2,trafico
traidor,7.48,2.169,3,traidor
tranvía,8.04,1.979,2,tranvia
trasero,6.34,2.361,3,trasero
tratado,10.36,1.258,2,tratado
treinta,5.04,1.37,2,treinta
tribuna,9.96,1.484,2,tribuna
tributo,10.44,1.198,2,tributo
tríceps,9.82,1.32,2,triceps
triunfo,7.68,2.236,2,triunfo
trombón,8.12,2.471,2,trombon
tsunami,10.5,1.147,2,tsunami
tubería,6.8,1.75,2,tuberia
tulipán,7.02,2.254,2,tulipan
tumbona,6.8,1.99,2,tumbona
turismo,8.76,1.88,2,turismo
turista,7.46,1.961,2,turista
tuviera,6.48,2.197,1,tuviera
tuvimos,6.06,1.583,1,tuvimos
últimas,4.94,1.671,3,ultimas
últimos,5.16,1.608,3,ultimos
ustedes,5.1,1.529,4,ustedes
usuario,9.54,1.644,2,usuario
vacilar,7.44,1.752,1,vacilar
valorar,8.4,1.884,1,valorar
valores,8.38,1.947,2,valores
vampiro,5.48,1.607,2,vampiro
vándalo,9.18,1.781,3,vandalo
vanidad,10.32,1.571,2,vanidad
vaquero,5.58,1.939,2,vaquero
vecinos,5.2,1.666,2,vecinos
vegetal,6.32,1.801,3,vegetal
vencido,7.5,2.418,1,vencido
venecia,9.04,1.147,2,venecia
ventaja,7.26,2.018,2,ventaja
ventana,3.2,1.278,2,ventana
ventura,10.46,1.216,2,ventura
verbena,8.42,2.148,2,verbena
verdura,4.26,1.925,2,verdura
veremos,5.92,2.009,1,veremos
versión,9.58,1.54,2,version
vértigo,8.5,1.681,2,vertigo
vestido,3.08,1.724,2,vestido
vicioso,9.24,1.975,3,vicioso
víctima,8.16,2.044,2,victima
vientre,5.88,2.265,2,vientre
viernes,4.28,1.31,2,viernes
vigilar,6.86,2.232,1,vigilar
vinagre,5.66,2.016,2,vinagre
violeta,4.36,1.793,2,violeta
viruela,8.88,2.471,2,viruela
visillo,9.72,1.617,2,visillo
visitar,5.28,2.313,1,visitar
víspera,8.82,1.956,2,vispera
vitrina,8.14,2.532,2,vitrina
víveres,9.14,1.885,2,viveres
vivimos,4.78,1.718,1,vivimos
vocablo,9.42,1.842,2,vocablo
vocales,4.0,1.552,3,vocales
volante,5.92,2.108,2,volante
volátil,9.14,2.595,3,volatil
volumen,7.02,2.272,2,volumen
vueltas,4.5,1.568,2,vueltas
zapatos,3.18,1.257,2,zapatos
zodíaco,8.44,2.205,2,zodiaco
abandono,7.22,1.941,2,abandono
abrumado,9.54,1.809,1,abrumado
absoluta,8.56,1.593,3,absoluta
absoluto,8.92,2.127,3,absoluto
aburrida,5.08,1.759,3,aburrida
aburrido,4.82,2.067,3,aburrido
academia,8.04,2.138,2,academia
acampada,7.16,2.17,3,acampada
acciones,7.12,1.722,2,acciones
aceituna,4.42,2.041,2,aceituna
acogedor,8.06,1.8,3,acogedor
acordeón,6.78,2.243,2,acordeon
acuarela,5.72,2.186,2,acuarela
acuerdas,5.72,1.727,1,acuerdas
acústica,9.3,1.799,3,acustica
adecuado,8.14,1.714,3,adecuado
adelante,5.62,1.958,4,adelante
adhesión,10.16,1.376,2,adhesion
adhesiva,6.94,2.024,3,adhesiva
adivinar,5.78,1.844,1,adivinar
adjetivo,8.08,1.614,2,adjetivo
admirado,8.82,1.722,3,admirado
adorable,6.72,2.129,3,adorable
adquirir,8.44,2.052,1,adquirir
adverbio,8.72,1.654,2,adverbio
afianzar,10.1,1.529,1,afianzar
afinidad,8.94,2.853,2,afinidad
afligido,10.04,1.484,3,afligido
agilidad,8.02,1.932,2,agilidad
agobiado,8.24,2.026,3,agobiado
agresión,8.38,1.861,2,agresion
agresiva,7.3,2.131,3,agresiva
agresivo,6.4,1.841,3,agresivo
agrónomo,10.66,0.872,2,agronomo
aguantar,6.14,2.03,1,aguantar
ahogarse,5.28,1.906,1,ahogarse
albornoz,7.0,2.09,2,albornoz
alboroto,7.48,1.909,2,alboroto
alborozo,10.66,0.872,2,alborozo
alcalina,9.34,2.026,3,alcalina
alcanzar,6.64,2.431,1,alcanzar
alemania,6.98,2.075,2,alemania
alérgica,7.7,2.279,3,alergica
alfombra,4.02,1.72,2,alfombra
alicante,8.28,2.11,2,alicante
alicates,7.4,2.1,2,alicates
alimento,5.24,1.933,2,alimento
almendro,6.82,2.057,2,almendro
almohada,4.7,2.063,2,almohada
almuerzo,3.94,1.963,2,almuerzo
alquiler,8.84,2.207,2,alquiler
alumbrar,6.88,2.057,1,alumbrar
aluminio,7.82,2.154,2,aluminio
amanecer,6.52,2.033,2,amanecer
amargura,9.22,1.941,2,amargura
amarilla,3.28,1.457,3,amarilla
amarillo,2.5,0.886,2,amarillo
amatista,10.31,1.323,3,amatista
ambición,9.62,1.701,2,ambicion
ambiente,8.98,1.932,2,ambiente
amenazar,8.02,2.104,1,amenazar
amigable,7.72,1.99,3,amigable
amplitud,9.3,1.644,2,amplitud
anaconda,8.44,1.908,2,anaconda
análisis,8.55,1.85,2,analisis
analizar,8.42,2.139,1,analizar
analogía,10.76,0.822,2,analogia
anarquía,10.76,0.591,2,anarquia
anatomía,9.46,1.555,2,anatomia
ancianos,6.38,1.905,2,ancianos
angustia,8.92,2.165,2,angustia
animados,4.4,1.884,3,animados
animales,3.26,1.688,2,animales
anorexia,10.08,1.576,2,anorexia
ansiedad,9.2,2.77,2,ansiedad
anterior,6.32,1.812,3,anterior
antídoto,8.94,2.334,2,antidoto
antorcha,8.08,1.805,2,antorcha
anuncios,6.18,2.238,2,anuncios
añoranza,9.56,1.786,2,anoranza
aparador,9.78,2.023,2,aparador
apellido,3.74,1.747,2,apellido
apertura,8.66,1.803,2,apertura
aplicado,8.48,1.81,3,aplicado
aprender,4.54,1.555,1,aprender
aprendiz,7.78,1.909,2,aprendiz
apretado,5.34,2.115,3,apretado
aprobado,5.32,1.504,2,aprobado
aquellas,5.76,2.361,4,aquellas
aquellos,5.58,2.071,4,aquellos
ardiente,8.58,2.357,3,ardiente
armadura,5.98,2.005,2,armadura
armónica,7.84,2.093,3,armonica
arreglar,5.92,1.676,1,arreglar
arrugado,4.8,1.552,3,arrugado
artesano,8.4,2.39,2,artesano
artículo,8.36,1.549,2,articulo
asamblea,9.5,1.657,2,asamblea
ascensor,5.66,2.105,2,ascensor
asediado,10.8,0.67,3,asediado
asesinar,7.44,2.022,1,asesinar
asombrar,7.3,2.121,1,asombrar
asonante,9.71,1.161,3,asonante
aspectos,8.08,1.759,2,aspectos
asqueado,8.24,2.124,3,asqueado
asturias,8.12,1.637,2,asturias
asustado,3.72,1.591,3,asustado
atención,6.24,2.172,2,atencion
atlético,8.62,1.794,2,atletico
atrevido,6.92,1.936,1,atrevido
atributo,9.9,1.389,2,atributo
auditivo,8.4,2.08,3,auditivo
ausencia,8.58,2.322,2,ausencia
autónoma,9.72,1.863,2,autonoma
avaricia,9.14,1.938,2,avaricia
aventura,6.14,2.213,2,aventura
avestruz,6.24,1.933,2,avestruz
aviación,8.14,2.02,2,aviacion
ayudante,6.38,2.212,2,ayudante
bacteria,9.2,1.75,2,bacteria
bailarín,4.74,2.048,3,bailarin
balancín,4.92,2.337,2,balancin
bancaria,9.78,1.516,3,bancaria
banqueta,6.28,2.176,2,banqueta
banquete,7.68,1.867,2,banquete
barbarie,10.12,1.955,2,barbarie
barbilla,5.12,1.674,2,barbilla
barítono,10.16,1.719,3,baritono
barranco,5.1,1.992,2,barranco
barrotes,6.84,2.226,2,barrotes
basílica,9.14,1.83,2,basilica
bastante,6.02,1.846,4,bastante
bastardo,9.56,1.798,2,bastardo
batallón,8.7,1.951,2,batallon
batidora,5.84,1.942,3,batidora
bendecir,6.97,1.379,1,bendecir
bermudas,7.48,2.234,2,bermudas
biología,9.38,1.872,2,biologia
bisiesto,8.68,1.867,2,bisiesto
blindada,9.6,2.185,3,blindada
bofetada,4.94,1.731,2,bofetada
boloñesa,8.06,2.36,3,bolonesa
bolsillo,4.2,1.591,2,bolsillo
bombilla,5.04,1.551,2,bombilla
borracho,7.12,2.446,3,borracho
borrasca,8.35,2.323,2,borrasca
boxeador,7.14,1.714,3,boxeador
brevedad,9.3,1.717,2,brevedad
buceador,6.38,2.009,2,buceador
buscando,5.48,2.013,1,buscando
búsqueda,6.52,2.27,2,busqueda
caballos,3.9,1.515,2,caballos
cacerola,6.62,2.049,2,cacerola
cacharro,4.96,2.176,2,cacharro
cachorro,4.28,1.512,2,cachorro
cafetera,5.38,1.894,2,cafetera
cajonera,7.68,2.316,2,cajonera
calabaza,5.86,2.286,2,calabaza
calambre,7.68,1.9,2,calambre
calavera,7.48,1.681,2,calavera
calcetín,3.34,1.334,2,calcetin
caliente,3.18,1.674,3,caliente
callejón,7.02,1.744,2,callejon
calumnia,10.02,1.532,2,calumnia
calzones,6.32,2.025,2,calzones
camarada,9.6,1.863,2,camarada
camarero,5.88,2.553,2,camarero
cambiado,6.1,2.243,1,cambiado
caminata,6.7,1.992,2,caminata
camiseta,2.66,1.099,2,camiseta
canarias,5.22,2.122,2,canarias
cangrejo,5.34,1.661,2,cangrejo
canguelo,10.32,1.463,2,canguelo
cantante,5.06,1.867,3,cantante
cantidad,6.2,1.852,2,cantidad
capellán,10.41,1.368,2,capellan
capítulo,7.1,2.225,2,capitulo
capricho,6.04,2.665,2,capricho
carácter,8.54,2.102,2,caracter
caramelo,2.7,1.594,2,caramelo
caravana,6.96,2.128,2,caravana
cardenal,7.82,2.639,2,cardenal
cariñoso,4.82,1.945,3,carinoso
carnaval,5.22,2.243,2,carnaval
carnosos,8.02,2.437,3,carnosos
carreras,5.84,2.113,2,carreras
carruaje,7.44,1.981,2,carruaje
cascabel,5.58,1.885,2,cascabel
castidad,9.94,1.449,2,castidad
castigar,4.18,1.637,1,castigar
castilla,8.98,1.801,2,castilla
castillo,3.76,1.636,2,castillo
catálogo,7.28,2.119,2,catalogo
cataluña,8.44,1.786,2,cataluna
catedral,7.02,2.511,2,catedral
católica,7.52,2.188,3,catolica
católico,6.68,2.152,3,catolico
caudillo,10.06,1.867,2,caudillo
cazadora,7.78,2.288,2,cazadora
cenicero,4.68,2.217,2,cenicero
centuria,10.62,0.667,2,centuria
cepillar,5.1,2.252,1,cepillar
cerámica,7.94,2.074,3,ceramica
cercanía,7.62,2.303,2,cercania
cereales,4.66,1.586,3,cereales
cerebelo,10.22,1.433,2,cerebelo
cerebral,9.0,1.591,3,cerebral
cerillas,6.26,2.193,2,cerillas
chanclas,6.1,2.705,2,chanclas
chantaje,8.42,1.98,2,chantaje
chaqueta,4.66,1.599,2,chaqueta
chavales,7.6,1.938,2,chavales
chiflado,5.58,2.031,3,chiflado
chillido,4.56,2.13,2,chillido
chimenea,5.28,2.08,2,chimenea
cicatriz,5.36,1.804,2,cicatriz
ciclismo,7.02,1.744,2,ciclismo
ciclista,6.16,1.765,2,ciclista
ciempiés,5.1,1.632,2,ciempies
ciencias,7.88,2.086,2,ciencias
cigarros,7.3,2.288,2,cigarros
cimiento,9.9,1.46,2,cimiento
cinturón,5.12,1.996,2,cinturon
circuito,7.4,2.03,2,circuito
circular,6.44,2.459,3,circular
ciudades,6.32,1.531,2,ciudades
claridad,6.04,2.755,2,claridad
claustro,10.0,1.414,2,claustro
coacción,10.76,0.744,2,coaccion
cobardía,7.56,2.215,2,cobardia
cocacola,4.9,1.787,2,cocacola
cocinero,4.14,1.212,2,cocinero
cocinita,3.66,1.533,2,cocinita
codorniz,8.28,2.195,2,codorniz
colegios,3.28,1.161,2,colegios
colgante,6.14,1.761,3,colgante
coliflor,6.06,2.054,2,coliflor
collares,4.84,1.777,2,collares
colmillo,5.84,1.73,2,colmillo
coloquio,10.06,1.517,2,coloquio
colorido,5.4,2.167,2,colorido
columpio,3.16,1.646,2,columpio
comanche,8.92,2.108,2,comanche
comercio,7.5,1.93,2,comercio
comienzo,6.44,2.205,2,comienzo
comisión,10.6,1.229,2,comision
compañía,7.08,2.257,2,compania
complejo,9.24,1.623,2,complejo
completo,5.96,2.285,3,completo
comprado,5.4,1.895,1,comprado
comunión,7.38,1.589,2,comunion
concejal,9.16,1.742,2,concejal
concepto,9.32,1.932,2,concepto
concreto,8.82,1.87,3,concreto
concurso,5.6,1.75,2,concurso
conducir,5.2,2.222,1,conducir
conducta,8.6,2.523,2,conducta
conducto,9.32,1.596,2,conducto
conejito,3.06,1.361,2,conejito
conexión,8.72,1.773,2,conexion
confetis,6.28,2.718,2,confetis
congreso,10.04,1.245,2,congreso
conjunto,7.02,2.299,2,conjunto
conmover,9.84,1.419,1,conmover
conocido,6.1,1.705,3,conocido
consigna,10.28,1.539,1,consigna
consigue,6.64,2.068,1,consigue
consiste,7.6,1.874,1,consiste
consorte,10.5,1.055,2,consorte
consuelo,8.76,1.492,2,consuelo
consulta,8.0,2.424,2,consulta
contacto,7.96,2.432,2,contacto
contagio,7.98,2.152,2,contagio
contento,4.66,2.479,3,contento
contexto,9.24,1.709,2,contexto
continúa,6.54,1.843,1,continua
contorno,8.38,2.465,2,contorno
contrato,9.62,1.441,2,contrato
convento,7.74,1.904,2,convento
cordones,4.34,1.791,2,cordones
corporal,8.28,2.176,3,corporal
correcta,6.44,2.13,3,correcta
correcto,5.68,1.671,3,correcto
corredor,7.52,2.367,2,corredor
corregir,6.48,1.669,1,corregir
corrupto,9.3,1.898,3,corrupto
cortesía,9.22,2.112,2,cortesia
costilla,7.46,2.102,2,costilla
cotilleo,7.52,1.961,2,cotilleo
creación,6.92,2.415,2,creacion
creencia,8.32,2.263,2,creencia
criatura,6.92,1.936,2,criatura
criminal,7.86,2.222,3,criminal
cristina,4.18,2.047,2,cristina
criterio,9.64,1.588,2,criterio
criticar,8.3,1.717,1,criticar
cronista,10.5,1.093,2,cronista
croqueta,5.04,1.906,2,croqueta
crueldad,8.24,1.923,2,crueldad
cuaderno,4.55,1.051,2,cuaderno
cuadrada,5.14,2.836,3,cuadrada
cuadrado,4.16,1.434,3,cuadrado
cualidad,8.6,2.05,2,cualidad
cuántica,10.58,1.295,3,cuantica
cuarenta,5.26,1.242,2,cuarenta
cubierta,8.46,2.082,3,cubierta
cubierto,6.26,2.562,3,cubierto
cuchilla,7.86,2.347,2,cuchilla
cuchillo,3.98,1.767,2,cuchillo
cuestión,7.58,1.896,2,cuestion
culpable,6.86,2.185,3,culpable
cultural,8.32,2.217,3,cultural
cumplida,8.26,2.068,3,cumplida
curación,6.65,1.516,2,curacion
dactilar,10.05,0.974,3,dactilar
decíamos,6.14,1.666,1,deciamos
decidido,7.1,1.821,1,decidido
decisión,7.94,2.074,2,decision
dedicado,8.1,1.717,1,dedicado
defender,5.88,1.837,1,defender
defensor,8.5,1.898,2,defensor
delegado,7.44,1.971,3,delegado
delgadez,7.7,1.669,2,delgadez
delicado,7.24,1.598,3,delicado
demencia,10.56,0.787,2,demencia
dentista,5.84,1.833,2,dentista
denuncia,8.92,1.759,1,denuncia
deportes,4.6,1.471,2,deportes
depósito,8.68,1.755,2,deposito
derechos,9.12,1.752,2,derechos
desánimo,8.94,1.963,2,desanimo
desastre,6.38,2.49,2,desastre
desayuno,3.24,1.479,2,desayuno
descanso,4.82,2.037,2,descanso
descarga,8.84,1.777,2,descarga
descenso,8.32,2.015,2,descenso
descuido,7.8,1.829,2,descuido
desdicha,9.9,1.581,2,desdicha
desertor,10.64,0.827,2,desertor
deshacer,7.54,2.169,1,deshacer
deshojar,7.82,2.537,1,deshojar
desierto,6.76,2.046,2,desierto
desigual,7.98,1.425,3,desigual
desorden,5.12,1.547,2,desorden
despacho,7.7,2.169,2,despacho
despacio,5.08,1.915,4,despacio
despecho,9.82,1.548,2,despecho
despiste,7.34,1.923,2,despiste
destreza,9.72,1.386,2,destreza
destruir,6.06,2.18,1,destruir
detestar,7.66,2.361,1,detestar
devoción,9.22,2.053,2,devocion
diamante,7.74,1.85,2,diamante
diciendo,5.94,1.646,1,diciendo
dictador,9.44,1.897,2,dictador
dictamen,10.5,1.313,2,dictamen
difusión,10.02,1.348,2,difusion
dilatada,9.76,1.598,3,dilatada
dinámico,9.31,1.396,3,dinamico
dinamita,7.64,2.136,2,dinamita
diócesis,9.2,2.373,2,diocesis
diputado,10.32,1.096,2,diputado
director,5.88,1.825,2,director
disculpa,6.8,2.619,2,disculpa
discurso,8.5,1.951,2,discurso
disfrute,7.82,2.097,2,disfrute
disgusto,8.26,2.397,2,disgusto
disparar,6.04,2.249,1,disparar
distante,8.68,2.055,3,distante
distinta,4.96,1.906,3,distinta
distinto,5.58,2.177,3,distinto
distraer,7.26,1.925,1,distraer
distrito,10.26,1.322,2,distrito
disuadir,10.12,1.394,1,disuadir
división,7.2,1.726,2,division
divorcio,7.9,1.764,2,divorcio
doctrina,10.26,1.209,2,doctrina
dolencia,7.3,2.837,2,dolencia
domingos,4.16,1.557,2,domingos
donativo,7.96,2.07,2,donativo
doncella,7.6,2.213,2,doncella
ebriedad,10.36,1.425,2,ebriedad
economía,9.6,1.309,2,economia
edificio,4.42,1.642,2,edificio
efectivo,8.7,2.013,2,efectivo
eficacia,8.98,2.503,2,eficacia
ejército,7.12,2.43,2,ejercito
elección,7.62,1.947,2,eleccion
elefante,3.36,1.588,2,elefante
elegante,7.44,2.434,3,elegante
elemento,8.78,2.243,2,elemento
embajada,10.08,1.291,2,embajada
embarazo,6.04,1.979,2,embarazo
empezado,5.08,1.988,1,empezado
empiezan,4.98,1.363,1,empiezan
empírica,10.86,0.405,3,empirica
empollón,7.28,1.773,3,empollon
empresas,8.32,2.123,2,empresas
enamorar,7.36,2.345,1,enamorar
enanitos,4.26,1.925,2,enanitos
encender,4.9,2.188,1,encender
encierro,7.76,2.479,2,encierro
encimera,7.64,2.414,2,encimera
encuesta,9.08,1.794,2,encuesta
enérgico,8.22,2.501,3,energico
enfadado,4.04,2.39,1,enfadado
enfermos,5.48,1.832,2,enfermos
engañosa,7.52,2.323,3,enganosa
engordar,7.4,2.433,1,engordar
engreído,8.76,2.134,3,engreido
enmienda,10.5,1.111,2,enmienda
ensalada,4.62,1.665,2,ensalada
entender,5.7,1.741,1,entender
entereza,9.94,1.57,2,entereza
entiende,5.3,1.669,1,entiende
entiendo,5.58,1.875,1,entiendo
entierro,6.98,2.325,2,entierro
entonces,5.4,2.222,4,entonces
envidiar,7.82,2.318,1,envidiar
episodio,8.2,2.213,2,episodio
ermitaño,9.8,1.666,2,ermitano
erupción,8.48,2.023,2,erupcion
escalera,3.42,1.54,2,escalera
escapada,7.86,1.874,3,escapada
escayola,7.6,1.917,2,escayola
esconder,3.66,1.533,1,esconder
escopeta,6.48,2.197,2,escopeta
escribir,3.9,1.182,1,escribir
escritor,7.38,2.465,2,escritor
escuchar,4.32,1.518,1,escuchar
esfuerzo,7.52,2.121,2,esfuerzo
esmoquin,9.38,1.652,2,esmoquin
espacial,7.98,2.245,3,espacial
española,5.4,1.906,3,espanola
espátula,8.18,2.087,2,espatula
especial,6.78,2.359,3,especial
espectro,10.24,1.153,2,espectro
espinazo,8.98,2.015,2,espinazo
espíritu,7.12,1.945,2,espiritu
esquimal,7.04,2.185,3,esquimal
estación,6.64,2.414,2,estacion
estancia,9.44,1.554,2,estancia
estanque,6.04,2.0,2,estanque
estático,9.34,1.686,3,estatico
estatura,6.58,1.751,2,estatura
estética,8.74,1.782,2,estetica
estético,9.66,1.733,3,estetico
estímulo,10.3,1.055,2,estimulo
estómago,5.58,2.091,2,estomago
estrecha,6.26,2.221,3,estrecha
estrecho,6.9,1.94,2,estrecho
estrella,3.66,1.869,2,estrella
estudiar,5.8,1.761,1,estudiar
estudios,6.08,1.816,2,estudios
estúpido,5.44,2.14,3,estupido
etcétera,7.38,2.127,2,etcetera
eufórico,9.74,1.639,3,euforico
europeos,7.66,1.923,3,europeos
evidente,8.92,1.828,3,evidente
exámenes,6.66,1.586,2,examenes
excitado,9.4,1.578,3,excitado
explicar,6.54,2.187,1,explicar
exterior,6.7,1.919,3,exterior
extravío,8.92,1.805,2,extravio
facultad,9.96,1.293,2,facultad
falsedad,8.58,1.727,2,falsedad
famélico,10.94,0.314,3,famelico
familiar,5.24,2.246,3,familiar
familias,4.24,1.733,2,familias
fantasía,6.26,2.211,2,fantasia
fantasma,5.8,2.176,2,fantasma
farmacia,5.88,1.71,2,farmacia
fascinar,8.58,2.12,1,fascinar
fascismo,10.8,0.639,2,fascismo
fastidio,7.58,2.214,2,fastidio
fatigado,8.14,1.917,1,fatigado
favorito,4.6,1.385,3,favorito
femenina,6.96,2.213,3,femenina
femenino,6.4,1.654,3,femenino
fenómeno,8.7,1.898,2,fenomeno
fermento,10.18,1.508,2,fermento
festejar,7.14,2.408,1,festejar
festival,6.38,2.098,2,festival
filósofo,9.4,2.39,2,filosofo
flamenco,7.84,2.28,3,flamenco
flaqueza,8.86,2.232,2,flaqueza
flexible,7.92,2.355,3,flexible
florecer,6.52,2.243,1,florecer
flotador,3.7,2.053,2,flotador
fortuito,9.96,1.456,3,fortuito
fracción,8.5,1.898,2,fraccion
fractura,8.64,1.77,2,fractura
francesa,7.22,1.866,3,francesa
fregador,7.47,2.686,3,fregador
frialdad,9.14,2.129,2,frialdad
frondoso,8.78,2.27,3,frondoso
frontera,8.12,2.027,2,frontera
funciona,5.44,2.34,1,funciona
futbolín,6.26,2.048,2,futbolin
gabinete,10.44,0.993,2,gabinete
galardón,9.6,1.485,2,galardon
galletas,2.78,1.404,2,galletas
gallinas,3.94,1.609,2,gallinas
ganancia,9.32,2.025,2,ganancia
gangrena,9.94,1.49,2,gangrena
garabato,5.44,2.727,2,garabato
garantía,9.88,1.534,2,garantia
garbanzo,4.62,1.665,2,garbanzo
garganta,4.06,1.609,2,garganta
gasolina,6.66,1.965,2,gasolina
gástrico,10.12,1.573,3,gastrico
generoso,6.02,2.19,3,generoso
geología,9.58,1.458,2,geologia
gérmenes,7.9,2.063,2,germenes
gimnasia,5.08,1.455,2,gimnasia
gimnasio,7.58,2.331,2,gimnasio
gimnasta,5.88,1.976,3,gimnasta
gladiolo,9.24,2.165,2,gladiolo
glándula,10.02,1.332,2,glandula
gobierno,8.88,2.037,2,gobierno
golfista,7.4,1.863,2,golfista
gracioso,4.96,1.665,3,gracioso
graduado,9.28,1.565,3,graduado
grandeza,6.29,1.396,2,grandeza
gratitud,8.1,2.443,2,gratitud
gravedad,8.66,2.163,2,gravedad
guardián,6.88,2.106,2,guardian
guateque,9.98,1.778,2,guateque
guepardo,7.16,1.856,2,guepardo
guerrero,6.12,2.057,2,guerrero
guitarra,4.5,1.389,2,guitarra
gustaría,5.9,1.909,1,gustaria
habíamos,5.9,2.084,1,habiamos
habitual,8.16,1.888,3,habitual
hablamos,5.16,1.695,1,hablamos
hablando,5.22,2.384,1,hablando
hacienda,10.14,1.385,2,hacienda
haciendo,5.04,2.099,1,haciendo
hallazgo,9.54,1.619,2,hallazgo
hércules,6.62,2.212,2,hercules
herencia,9.06,1.766,2,herencia
hermanos,2.9,1.298,2,hermanos
heroísmo,9.28,1.97,2,heroismo
hicieron,5.78,2.225,1,hicieron
hipnosis,9.8,1.761,2,hipnosis
historia,6.92,2.088,2,historia
homenaje,9.68,1.463,2,homenaje
homicida,10.22,0.996,2,homicida
horrible,6.58,2.12,3,horrible
hospital,5.78,2.574,2,hospital
huérfano,6.9,2.121,3,huerfano
humareda,8.43,2.227,2,humareda
humildad,8.94,1.856,2,humildad
humillar,7.88,1.71,1,humillar
iglesias,4.82,1.674,2,iglesias
igualdad,7.22,2.418,2,igualdad
imágenes,6.24,2.006,2,imagenes
imaginar,5.04,1.873,1,imaginar
imprenta,8.84,1.719,2,imprenta
impuesto,9.92,1.469,2,impuesto
impureza,9.34,1.698,2,impureza
incendio,5.2,1.714,2,incendio
incierto,8.74,1.747,3,incierto
incisivo,9.16,1.658,3,incisivo
incómodo,7.34,2.163,3,incomodo
incordio,7.92,2.248,2,incordio
infancia,7.06,2.583,2,infancia
infantil,5.92,2.656,3,infantil
inferior,7.5,2.043,3,inferior
infierno,7.6,2.515,2,infierno
infinito,8.18,2.371,2,infinito
inmaduro,8.86,1.429,3,inmaduro
inmortal,8.17,1.365,3,inmortal
inocente,8.0,2.03,3,inocente
inquieto,6.86,2.424,3,inquieto
inseguro,9.0,1.818,3,inseguro
insomnio,9.68,1.696,2,insomnio
inspirar,8.56,1.692,1,inspirar
instante,8.5,1.832,2,instante
instinto,9.66,1.71,2,instinto
integral,9.42,1.928,3,integral
intentar,6.42,1.885,1,intentar
interesa,6.74,1.936,1,interesa
interior,6.42,1.896,2,interior
internet,10.2,1.471,2,internet
invasión,9.22,1.73,2,invasion
inventor,7.3,1.832,2,inventor
invertir,9.67,1.023,1,invertir
invierno,4.66,1.912,2,invierno
invitado,5.58,2.205,1,invitado
jilguero,9.8,1.604,2,jilguero
jorobado,5.12,2.228,3,jorobado
jubiloso,10.14,1.325,3,jubiloso
judicial,9.72,1.371,3,judicial
justicia,8.62,1.783,2,justicia
juventud,7.7,2.092,2,juventud
labrador,7.72,2.277,2,labrador
labriego,10.64,1.321,2,labriego
lacrimal,9.84,1.583,3,lacrimal
ladrillo,5.52,1.681,2,ladrillo
lágrimas,4.6,1.738,2,lagrimas
lánguido,10.28,1.371,3,languido
lapicero,4.78,2.207,2,lapicero
lavadora,5.92,2.302,2,lavadora
lenguado,7.68,2.377,2,lenguado
lenguaje,5.84,1.877,2,lenguaje
lentitud,7.08,2.098,2,lentitud
leopardo,6.04,2.109,2,leopardo
leotardo,6.58,2.45,2,leotardo
lesbiana,10.38,1.048,3,lesbiana
levadura,7.68,2.226,2,levadura
levantar,4.4,1.539,1,levantar
libélula,6.76,2.016,2,libelula
libertad,7.42,2.26,2,libertad
librería,5.24,1.519,2,libreria
licencia,9.62,1.537,2,licencia
ligereza,9.26,1.838,2,ligereza
limitada,9.22,1.73,3,limitada
limonada,5.98,2.056,3,limonada
limonero,5.96,1.795,3,limonero
limpieza,4.66,1.624,2,limpieza
limusina,8.16,1.695,2,limusina
linterna,5.32,1.518,2,linterna
llamadas,5.6,1.738,3,llamadas
llamamos,5.32,1.823,1,llamamos
llegamos,5.3,1.776,1,llegamos
llevamos,4.9,1.705,1,llevamos
longitud,8.34,1.451,2,longitud
luchador,6.58,1.918,2,luchador
lumbrera,10.3,1.165,2,lumbrera
luminoso,7.6,1.69,3,luminoso
madrinas,6.04,2.634,2,madrinas
magnesio,10.37,1.27,2,magnesio
magnitud,9.84,1.476,2,magnitud
majestad,7.26,2.266,2,majestad
malestar,7.66,2.353,2,malestar
maletero,5.3,1.741,2,maletero
mallorca,8.46,1.908,2,mallorca
maltrato,8.86,1.906,2,maltrato
mamífero,6.94,1.671,3,mamifero
manguera,4.34,1.479,2,manguera
maniobra,9.26,1.626,2,maniobra
manoplas,7.02,2.162,2,manoplas
manosear,6.7,2.55,1,manosear
mantener,6.78,1.93,1,mantener
mantiene,7.16,2.004,1,mantiene
marbella,9.1,1.81,2,marbella
marcador,7.4,1.784,2,marcador
marinero,4.88,1.745,2,marinero
mariposa,3.38,1.323,2,mariposa
martillo,4.98,2.218,2,martillo
martirio,9.44,1.939,2,martirio
material,5.2,1.75,2,material
maternal,7.9,2.315,3,maternal
maullido,5.84,1.993,2,maullido
mayonesa,4.9,1.787,2,mayonesa
mazmorra,8.02,2.171,2,mazmorra
mecánica,7.88,2.282,2,mecanica
mecánico,6.08,2.039,3,mecanico
mecedora,7.02,2.519,2,mecedora
medicina,6.22,2.452,2,medicina
medieval,8.96,1.851,3,medieval
mediodía,5.22,1.62,2,mediodia
melodías,7.8,2.268,2,melodias
mercader,9.68,1.504,2,mercader
merengue,6.47,2.301,2,merengue
merienda,3.74,1.509,2,merienda
metálica,8.36,2.248,3,metalica
mezquita,9.22,2.003,2,mezquita
miembros,7.72,1.796,2,miembros
mientras,6.74,1.85,4,mientras
millones,6.64,1.758,2,millones
ministro,9.7,1.249,2,ministro
misterio,7.72,2.186,2,misterio
moderado,9.02,1.846,3,moderado
modestia,9.7,1.657,2,modestia
molécula,10.44,0.951,2,molecula
molestar,5.08,2.406,1,molestar
molestia,6.54,2.943,2,molestia
momentos,6.32,1.463,2,momentos
monedero,5.54,2.052,2,monedero
monstruo,3.74,1.651,2,monstruo
montañas,4.04,1.277,2,montanas
mosquito,4.04,1.851,2,mosquito
muchacha,4.66,2.026,2,muchacha
múltiple,8.44,1.668,3,multiple
multitud,8.16,1.973,2,multitud
munición,9.36,1.903,2,municion
mutación,9.66,1.649,2,mutacion
nacional,8.86,1.895,2,nacional
naciones,9.06,1.823,2,naciones
natación,5.48,1.832,2,natacion
natillas,4.22,1.632,2,natillas
náufrago,9.06,1.634,3,naufrago
necesita,5.18,1.769,1,necesita
negación,6.68,2.853,2,negacion
negativa,7.82,2.088,2,negativa
negativo,6.48,1.389,3,negativo
nervioso,6.94,1.766,3,nervioso
neumonía,9.92,1.614,2,neumonia
nosotras,4.42,2.021,4,nosotras
nosotros,4.22,1.73,4,nosotros
noticias,6.64,2.107,2,noticias
nuestras,4.61,1.605,4,nuestras
nuestros,4.28,1.852,4,nuestros
obedecer,3.94,1.609,1,obedecer
obesidad,8.48,1.729,2,obesidad
objeción,10.27,1.186,2,objecion
objetivo,8.86,1.796,2,objetivo
obsequio,7.9,1.832,2,obsequio
observar,6.66,1.768,1,observar
obsesión,8.96,1.84,2,obsesion
oculista,6.86,2.176,3,oculista
ocurrido,6.72,1.852,1,ocurrido
olfatear,7.6,2.213,1,olfatear
omóplato,9.8,1.471,2,omoplato
opciones,8.1,2.092,2,opciones
oponente,9.62,1.817,2,oponente
opresión,10.22,1.13,2,opresion
ordenado,5.1,1.764,3,ordenado
orejeras,7.72,2.665,3,orejeras
orgánica,10.06,1.168,3,organica
oriental,8.68,2.004,3,oriental
orificio,8.94,2.104,2,orificio
original,7.76,1.836,3,original
orquesta,6.72,2.186,2,orquesta
paciente,6.58,1.864,2,paciente
pajarita,7.28,2.061,2,pajarita
palabras,4.44,1.763,2,palabras
palencia,9.22,1.941,2,palencia
pancarta,7.92,2.009,2,pancarta
páncreas,9.7,1.705,2,pancreas
panfleto,8.7,1.555,2,panfleto
panorama,9.4,1.874,2,panorama
pantalla,5.7,2.043,2,pantalla
pantalón,2.88,1.062,2,pantalon
papelera,3.88,1.52,2,papelera
papeleta,8.76,2.046,2,papeleta
paradoja,10.24,1.379,2,paradoja
paraguas,3.56,1.554,2,paraguas
parapara,5.14,3.354,2,parapara
parecido,6.4,1.917,3,parecido
partidos,6.02,1.732,2,partidos
pasajero,7.2,2.119,2,pasajero
pasarela,8.06,1.973,2,pasarela
patillas,8.0,2.382,2,patillas
patriota,8.74,3.056,3,patriota
pegatina,4.12,1.15,2,pegatina
película,3.78,1.62,2,pelicula
pellizco,4.24,1.768,2,pellizco
pelotero,8.08,2.193,2,pelotero
pensador,8.7,1.854,3,pensador
pensamos,6.34,1.858,1,pensamos
pensando,5.2,1.906,1,pensando
penumbra,9.8,2.08,2,penumbra
pequeñas,3.6,1.604,3,pequenas
pequeñez,7.14,2.879,2,pequenez
pequeños,3.76,1.721,3,pequenos
perchero,6.4,2.268,2,perchero
perdedor,5.84,1.811,2,perdedor
perdidas,5.9,2.435,3,perdidas
pérdidas,8.2,2.04,2,perdidas
perdonar,4.62,1.817,1,perdonar
perezoso,8.5,1.843,3,perezoso
perfecto,6.14,1.666,3,perfecto
permitir,6.96,1.232,1,permitir
persiana,6.32,2.142,2,persiana
personal,9.16,1.543,3,personal
personas,4.2,1.565,2,personas
perverso,8.9,2.178,3,perverso
pesaroso,10.82,0.56,3,pesaroso
pesquisa,10.88,0.521,2,pesquisa
pestañas,4.5,1.764,2,pestanas
petición,8.22,2.315,2,peticion
petróleo,8.46,1.752,2,petroleo
picadura,5.28,1.691,2,picadura
pidiendo,5.22,1.799,1,pidiendo
pimentón,7.42,2.214,2,pimenton
pimienta,6.2,1.784,2,pimienta
pimiento,5.74,2.221,2,pimiento
pinchazo,5.18,1.913,2,pinchazo
pingüino,4.42,1.949,2,pinguino
pirámide,6.8,1.906,2,piramide
planchar,6.1,1.717,1,planchar
plástico,5.02,1.684,2,plastico
plateado,6.32,1.994,3,plateado
plegaria,9.0,2.06,2,plegaria
poderoso,7.08,1.967,3,poderoso
podíamos,6.12,1.769,1,podiamos
polémica,10.32,1.186,2,polemica
política,8.64,2.31,2,politica
político,9.06,1.42,3,politico
poniendo,5.36,2.238,1,poniendo
portátil,9.32,1.518,3,portatil
portavoz,8.7,1.669,2,portavoz
portería,6.62,2.089,2,porteria
portugal,8.3,1.619,2,portugal
posesión,8.27,1.712,2,posesion
posición,6.42,2.483,2,posicion
positiva,7.46,1.832,3,positiva
positivo,7.08,2.355,3,positivo
potencia,9.76,1.559,2,potencia
práctica,8.18,1.637,3,practica
precioso,5.4,1.852,3,precioso
preferir,5.22,1.92,1,preferir
prefiero,5.86,2.213,1,prefiero
pregunta,4.6,1.884,2,pregunta
pregunto,4.88,1.996,1,pregunto
preocupa,7.24,1.996,1,preocupa
presenta,6.18,2.36,1,presenta
presente,6.96,1.442,2,presente
presidio,10.64,0.898,2,presidio
pretende,7.92,2.069,1,pretende
pretexto,10.0,1.457,2,pretexto
previsto,8.8,1.702,3,previsto
primaria,5.42,1.885,3,primaria
primeras,4.56,1.631,3,primeras
primeros,4.6,1.443,3,primeros
princesa,3.58,1.401,2,princesa
príncipe,3.98,1.868,2,principe
probable,8.62,1.947,3,probable
problema,6.68,1.823,2,problema
producir,8.1,2.112,1,producir
producto,7.46,2.002,2,producto
profesor,3.34,0.917,2,profesor
profunda,7.02,2.075,3,profunda
profundo,7.66,2.479,3,profundo
programa,5.64,1.956,2,programa
progreso,8.76,1.912,2,progreso
proteger,6.98,1.953,1,proteger
protesta,8.42,1.808,2,protesta
provecho,9.3,1.787,2,provecho
próximos,7.4,1.525,3,proximos
proyecto,9.8,1.471,2,proyecto
psíquico,10.46,1.073,3,psiquico
pubertad,9.9,1.266,2,pubertad
públicas,7.78,2.023,3,publicas
públicos,7.08,2.009,3,publicos
pulmones,6.44,1.939,2,pulmones
puntapié,7.28,2.634,2,puntapie
punzante,7.02,2.692,3,punzante
puñetazo,6.0,1.807,2,punetazo
pusieron,5.32,1.942,1,pusieron
quebrado,9.98,1.392,3,quebrado
quedamos,6.94,2.161,1,quedamos
quedarse,4.16,1.845,1,quedarse
queremos,5.12,2.037,1,queremos
químicas,9.84,1.346,3,quimicas
quisiera,6.58,2.061,1,quisiera
quitarse,5.49,2.219,1,quitarse
radiador,8.3,2.082,2,radiador
radiante,8.32,2.299,3,radiante
rallador,7.26,2.028,2,rallador
reacción,8.96,1.784,2,reaccion
realidad,7.48,2.002,2,realidad
realismo,9.38,1.958,2,realismo
realizar,6.8,1.895,1,realizar
rebeldía,8.48,2.102,2,rebeldia
rebelión,9.78,1.516,2,rebelion
recargar,9.38,1.576,1,recargar
recibido,7.08,2.019,1,recibido
reciclar,8.6,1.796,1,reciclar
recordar,5.64,1.588,1,recordar
recuerda,5.94,1.766,1,recuerda
recuerdo,6.04,2.138,2,recuerdo
recursos,8.84,1.983,2,recursos
refresco,4.6,1.738,2,refresco
regadera,5.32,1.856,2,regadera
registro,8.94,1.8,2,registro
relación,8.38,2.059,2,relacion
relajado,6.46,2.052,3,relajado
religión,5.06,1.449,2,religion
remediar,8.2,1.917,1,remediar
repartir,5.46,2.002,1,repartir
reproche,9.5,2.341,2,reproche
rescatar,6.86,2.111,1,rescatar
resolver,7.38,1.794,1,resolver
respaldo,9.12,1.965,2,respaldo
respecto,8.82,2.007,4,respecto
respetar,6.04,2.138,1,respetar
respirar,4.28,2.286,1,respirar
retirada,8.08,2.098,2,retirada
retórica,10.72,0.757,3,retorica
revertir,10.3,1.249,1,revertir
revisión,7.8,2.08,2,revision
revólver,7.3,2.476,2,revolver
revuelta,8.14,2.688,2,revuelta
saciedad,9.36,1.816,2,saciedad
saliendo,5.94,2.074,1,saliendo
salvador,7.28,2.475,2,salvador
sandalia,4.16,2.024,2,sandalia
sándwich,4.48,1.832,2,sandwich
santiago,6.72,2.572,2,santiago
sarcasmo,10.5,0.995,2,sarcasmo
sargento,7.8,2.03,2,sargento
secadora,7.58,2.167,2,secadora
seguidor,8.24,1.636,2,seguidor
seguimos,5.26,1.978,1,seguimos
segundos,5.4,2.148,2,segundos
semáforo,5.24,1.975,2,semaforo
sencillo,6.44,2.032,3,sencillo
sentarse,3.7,2.375,1,sentarse
señorita,4.82,1.87,2,senorita
separado,6.36,2.008,1,separado
seriedad,7.74,2.257,2,seriedad
servicio,6.96,2.222,2,servicio
servidor,8.58,2.4,2,servidor
silencio,3.24,1.333,2,silencio
simpatía,7.2,2.231,2,simpatia
sinfonía,8.72,2.09,2,sinfonia
singular,7.46,1.887,3,singular
síntesis,10.02,1.597,2,sintesis
siquiera,8.37,1.879,4,siquiera
sociable,8.62,1.713,3,sociable
sociales,8.16,1.283,3,sociales
sociedad,8.94,1.878,2,sociedad
soldados,6.76,2.076,2,soldados
solución,6.24,1.836,2,solucion
sombrero,3.44,1.215,2,sombrero
sonajero,3.24,1.912,2,sonajero
soportar,7.46,2.121,1,soportar
sorpresa,4.52,1.798,2,sorpresa
sospecha,8.6,1.948,1,sospecha
suavidad,4.5,2.082,2,suavidad
suburbio,10.1,1.741,2,suburbio
sucesión,9.84,1.434,2,sucesion
suciedad,4.98,2.199,2,suciedad
sudadera,6.74,1.882,2,sudadera
suicidio,8.58,2.091,2,suicidio
sumisión,10.4,1.294,2,sumision
superior,7.52,1.94,3,superior
supuesto,8.72,2.119,4,supuesto
suspense,8.44,1.5,2,suspense
suspenso,6.64,1.882,2,suspenso
sustento,9.98,1.421,2,sustento
taburete,5.14,2.277,2,taburete
tapadera,9.64,2.048,2,tapadera
tardanza,8.34,2.172,2,tardanza
técnicas,8.72,1.762,2,tecnicas
telaraña,4.78,1.569,2,telarana
teléfono,3.16,1.595,2,telefono
temeroso,8.08,2.329,3,temeroso
temporal,8.08,2.355,3,temporal
temprano,5.1,1.961,4,temprano
tenerife,4.74,2.423,2,tenerife
tengamos,6.32,2.065,1,tengamos
teníamos,5.74,1.736,1,teniamos
teniendo,6.64,1.998,1,teniendo
teniente,8.26,2.184,2,teniente
terminar,4.36,1.893,1,terminar
términos,8.66,1.912,2,terminos
terrible,6.94,1.823,3,terrible
tertulia,9.84,1.53,2,tertulia
tirantes,6.66,2.125,3,tirantes
tiroides,10.76,0.687,3,tiroides
tonelada,8.24,1.744,2,tonelada
tontería,4.84,1.963,2,tonteria
tormenta,6.14,2.05,2,tormenta
tormento,9.14,2.232,2,tormento
tornillo,5.46,1.992,2,tornillo
torrente,8.06,3.21,2,torrente
tortilla,3.46,1.446,2,tortilla
tostadas,4.54,2.022,2,tostadas
tostador,6.54,1.951,2,tostador
trabajar,5.86,2.157,1,trabajar
trabajos,5.62,1.725,2,trabajos
tragedia,8.02,2.403,2,tragedia
traición,8.98,2.227,2,traicion
tránsito,10.02,1.152,2,transito
traslado,8.44,2.101,2,traslado
trastero,7.0,2.286,3,trastero
travesía,8.96,1.916,2,travesia
tremendo,7.7,2.043,3,tremendo
tribunal,9.16,1.67,2,tribunal
triciclo,5.18,2.701,2,triciclo
tridente,9.42,1.864,2,tridente
tristeza,6.0,2.167,2,tristeza
trompeta,4.42,2.041,3,trompeta
tropical,8.4,1.773,3,tropical
turbante,8.38,2.449,2,turbante
turquesa,7.26,2.489,3,turquesa
tuvieron,6.26,1.998,1,tuvieron
uniforme,6.18,2.219,3,uniforme
universo,7.48,1.951,2,universo
urgencia,7.56,2.072,2,urgencia
utilidad,8.12,2.076,2,utilidad
utilizar,6.04,1.69,1,utilizar
vacación,5.9,2.83,2,vacacion
vainilla,5.26,1.957,2,vainilla
valencia,8.04,1.979,2,valencia
valentía,7.84,2.122,2,valentia
valiente,5.88,1.745,3,valiente
vaqueros,6.62,1.926,2,vaqueros
varianza,10.96,0.198,2,varianza
varicela,6.08,2.088,2,varicela
variedad,8.26,2.184,2,variedad
vehículo,6.16,2.41,2,vehiculo
vencedor,6.14,2.295,2,vencedor
vendedor,6.14,2.241,2,vendedor
venenosa,5.68,2.015,3,venenosa
venganza,8.8,2.1,2,venganza
ventanas,3.86,1.629,2,ventanas
verduras,3.88,1.891,2,verduras
victoria,7.08,2.346,2,victoria
vidriera,8.92,1.602,2,vidriera
vigoroso,10.18,1.24,3,vigoroso
violento,6.44,1.96,3,violento
vivienda,6.32,2.226,2,vivienda
viviendo,5.54,1.705,1,viviendo
vocación,9.4,1.616,2,vocacion
volantes,6.62,2.303,3,volantes
voleibol,6.88,1.803,2,voleibol
voluntad,8.48,1.982,2,voluntad
volvemos,5.42,2.331,1,volvemos
vosotros,6.02,2.181,4,vosotros
votación,8.88,1.837,2,votacion
zambomba,7.82,2.601,2,zambomba
zapatero,6.02,2.299,2,zapatero
zaragoza,8.18,1.561,2,zaragoza
zarcillo,5.48,2.206,2,zarcillo
abandonar,7.58,1.655,1,abandonar
abrasador,9.14,1.927,3,abrasador
absorción,8.76,2.429,2,absorcion
abstracto,9.28,1.691,3,abstracto
abundante,8.0,1.884,3,abundante
académico,9.18,2.067,3,academico
accesorio,8.76,1.836,2,accesorio
accidente,6.5,1.972,2,accidente
aconsejar,8.62,1.783,1,aconsejar
acostarse,3.96,1.916,1,acostarse
actividad,5.5,1.644,2,actividad
actuación,7.1,2.15,2,actuacion
acusación,8.36,2.22,2,acusacion
adelgazar,7.82,2.229,1,adelgazar
adinerado,8.44,2.13,3,adinerado
adoración,8.3,2.367,2,adoracion
aeroplano,8.66,2.182,2,aeroplano
aflicción,10.58,0.81,2,afliccion
agacharse,4.16,1.899,1,agacharse
agitación,9.06,1.754,2,agitacion
agradable,7.48,1.961,3,agradable
agradecer,5.54,2.012,1,agradecer
aguanieve,9.04,2.33,2,aguanieve
alcachofa,8.16,2.103,2,alcachofa
alimentar,5.1,2.178,1,alimentar
alimentos,4.88,2.027,2,alimentos
almirante,9.0,2.06,2,almirante
almodóvar,10.76,0.625,2,almodovar
alrededor,6.5,2.188,4,alrededor
altruismo,10.72,0.834,2,altruismo
alzheimer,10.0,1.294,2,alzheimer
americana,8.52,2.112,3,americana
americano,8.04,1.948,3,americano
andalucía,7.53,2.001,2,andalucia
anochecer,6.14,2.02,2,anochecer
antártida,8.72,2.031,2,antartida
antebrazo,8.56,2.12,2,antebrazo
antibalas,8.96,2.02,3,antibalas
anticipar,9.0,1.829,1,anticipar
antipatía,8.4,2.08,2,antipatia
aparición,7.98,2.386,2,aparicion
apetencia,10.16,1.476,2,apetencia
aplastado,6.3,2.55,1,aplastado
apoteosis,10.22,1.183,2,apoteosis
aprendido,5.82,1.257,1,aprendido
aprensión,10.34,1.437,2,aprension
argentina,8.12,1.976,2,argentina
argumento,9.4,1.818,2,argumento
arquetipo,10.78,0.84,2,arquetipo
arrogante,9.3,1.729,3,arrogante
artesanal,8.1,1.741,3,artesanal
artístico,8.54,2.052,3,artistico
arzobispo,9.88,1.986,2,arzobispo
asesinato,7.84,1.833,2,asesinato
asistente,8.82,1.945,3,asistente
asombrado,6.9,1.972,3,asombrado
asquerosa,6.34,1.858,3,asquerosa
asqueroso,5.78,1.718,3,asqueroso
atardecer,6.64,1.935,2,atardecer
atletismo,7.57,1.474,2,atletismo
atmósfera,8.68,1.911,2,atmosfera
atracador,7.58,2.167,2,atracador
atracción,9.02,2.124,2,atraccion
atrocidad,9.94,1.695,2,atrocidad
audiencia,9.34,1.722,2,audiencia
australia,8.74,2.136,2,australia
auténtica,8.0,2.0,3,autentica
autógrafo,8.08,1.915,2,autografo
automóvil,5.38,2.586,2,automovil
autoridad,8.62,2.311,2,autoridad
autorizar,8.2,1.99,1,autorizar
avalancha,8.34,1.814,2,avalancha
bacterias,8.92,1.967,2,bacterias
bailarina,3.84,1.777,3,bailarina
ballester,10.5,1.111,2,ballester
balonmano,7.22,1.806,2,balonmano
barcelona,7.23,1.575,2,barcelona
barricada,8.92,3.361,2,barricada
bastantes,6.18,2.135,4,bastantes
bautismal,8.94,2.235,3,bautismal
bendición,7.96,1.927,2,bendicion
berenjena,7.4,2.195,2,berenjena
berrinche,6.32,2.394,2,berrinche
bicicleta,3.76,1.519,2,bicicleta
bienestar,8.54,2.296,2,bienestar
biológico,9.42,1.311,3,biologico
bisabuelo,5.5,2.306,2,bisabuelo
blasfemia,9.48,2.234,2,blasfemia
bocadillo,3.58,1.605,2,bocadillo
bolígrafo,4.24,2.066,2,boligrafo
bondadosa,8.54,1.897,3,bondadosa
bricolaje,9.34,1.547,2,bricolaje
brillante,5.18,2.164,3,brillante
burguesía,10.28,1.31,2,burguesia
caballero,6.72,1.928,2,caballero
cabelludo,8.14,2.232,2,cabelludo
cacahuete,6.26,1.957,2,cacahuete
cadáveres,8.82,1.924,2,cadaveres
calabacín,7.22,2.384,2,calabacin
cambridge,10.53,1.12,2,cambridge
camionero,5.38,2.098,2,camionero
campesino,6.2,2.138,2,campesino
canciones,3.2,1.443,2,canciones
candidato,8.6,1.784,2,candidato
cansancio,5.7,2.234,2,cansancio
cantabria,9.1,1.729,2,cantabria
capacidad,8.94,1.621,2,capacidad
caparazón,6.82,2.388,2,caparazon
carbonara,9.52,1.887,1,carbonara
carcajada,6.32,2.189,2,carcajada
carretera,4.64,1.849,2,carretera
categoría,8.72,1.863,2,categoria
caudaloso,9.76,1.422,3,caudaloso
centurión,10.16,1.448,2,centurion
ceremonia,8.2,2.277,2,ceremonia
cerradura,5.74,1.957,2,cerradura
cervantes,9.98,1.824,2,cervantes
chachachá,8.16,2.333,2,chachacha
champiñón,6.98,2.352,2,champinon
chaquetón,6.96,1.969,2,chaqueton
chimpancé,5.38,2.381,2,chimpance
chincheta,5.1,1.607,2,chincheta
chocolate,3.26,1.549,2,chocolate
cimientos,9.0,2.119,2,cimientos
cincuenta,5.8,1.37,2,cincuenta
circonita,10.33,1.375,4,circonita
ciudadano,7.76,1.825,2,ciudadano
clarinete,8.18,1.859,2,clarinete
clavícula,9.5,1.619,2,clavicula
clientela,8.18,2.422,2,clientela
cobertizo,9.0,2.092,2,cobertizo
cochecito,3.38,1.817,2,cochecito
cocodrilo,4.12,1.649,2,cocodrilo
cognitivo,10.88,0.521,3,cognitivo
colmillos,5.74,1.712,2,colmillos
colocarse,6.38,2.74,1,colocarse
colorines,3.62,1.537,2,colorines
comentado,8.08,1.988,1,comentado
comercial,8.4,2.01,3,comercial
comisario,7.82,2.336,2,comisario
comodidad,7.52,2.375,2,comodidad
compañero,4.66,1.955,2,companero
compartir,5.04,1.979,1,compartir
comunidad,8.28,2.204,2,comunidad
comunismo,10.44,1.343,2,comunismo
comunista,10.36,1.396,2,comunista
concesión,10.24,1.661,2,concesion
concierto,7.28,1.819,2,concierto
condición,8.16,2.298,2,condicion
conductor,5.22,2.197,3,conductor
confesión,8.52,1.798,2,confesion
confianza,8.3,1.741,2,confianza
conflicto,8.94,1.778,2,conflicto
confundir,6.7,2.15,1,confundir
confusión,8.5,1.843,2,confusion
conocemos,5.78,2.141,1,conocemos
conquista,9.08,1.482,2,conquista
conseguir,6.98,2.055,1,conseguir
consejero,9.1,1.992,2,consejero
consentir,7.76,2.471,1,consentir
considera,8.24,2.056,1,considera
considero,8.34,1.986,1,considero
consolado,7.57,2.255,1,consolado
consulado,10.6,1.01,2,consulado
contenido,8.1,2.225,2,contenido
continuar,6.66,2.144,1,continuar
contrario,6.98,1.813,4,contrario
conversar,6.94,2.226,1,conversar
corchetes,8.71,1.99,2,corchetes
corriendo,4.24,1.813,1,corriendo
corriente,6.54,1.919,2,corriente
costumbre,7.28,2.11,2,costumbre
costurera,7.02,2.025,2,costurera
costurero,6.94,2.084,2,costurero
creciente,8.4,1.829,3,creciente
cristales,4.86,1.773,2,cristales
cristiana,6.94,2.123,3,cristiana
cristiano,6.48,2.261,3,cristiano
cristóbal,7.04,2.49,2,cristobal
cualquier,6.52,1.374,4,cualquier
cucaracha,4.34,1.661,2,cucaracha
cuéntanos,5.92,2.184,1,cuentanos
debilidad,8.86,2.09,2,debilidad
decámetro,8.76,1.779,2,decametro
decepción,9.06,1.932,2,decepcion
decímetro,7.98,1.584,2,decimetro
defendido,7.18,2.106,1,defendido
demasiado,5.86,2.33,4,demasiado
demócrata,10.44,1.091,2,democrata
demostrar,7.8,2.01,1,demostrar
deportiva,7.16,1.899,3,deportiva
deportivo,7.34,2.182,2,deportivo
depresión,9.6,1.852,2,depresion
depresivo,9.86,1.539,3,depresivo
deprimido,8.2,1.959,3,deprimido
derrotero,10.36,1.467,2,derrotero
desagrado,8.98,2.035,2,desagrado
desamparo,9.96,1.47,2,desamparo
descansar,4.82,2.439,1,descansar
descosido,6.96,2.204,2,descosido
descubrir,6.38,2.203,1,descubrir
desdeñoso,10.66,1.171,3,desdenoso
desengaño,9.9,1.403,2,desengano
desenlace,9.28,1.578,2,desenlace
desgracia,8.0,2.222,2,desgracia
desmentir,9.32,1.72,1,desmentir
despedida,6.02,2.227,3,despedida
despierto,4.07,1.34,3,despierto
desprecio,8.14,2.03,2,desprecio
detective,6.86,2.157,2,detective
detención,7.8,2.373,2,detencion
diamantes,7.18,2.362,2,diamantes
diciembre,5.26,1.496,4,diciembre
dictadura,10.32,1.421,2,dictadura
dieciocho,4.84,1.462,4,dieciocho
dieciséis,5.12,1.335,4,dieciseis
diferente,5.38,1.989,3,diferente
difíciles,5.38,1.64,3,dificiles
dimensión,9.74,1.747,2,dimension
dinamismo,10.34,1.465,2,dinamismo
diplomado,10.14,1.37,2,diplomado
diputados,10.18,1.48,2,diputados
dirección,5.92,1.957,2,direccion
discípulo,7.72,2.286,2,discipulo
discoteca,8.96,2.07,2,discoteca
discusión,6.94,2.436,2,discusion
disfraces,4.16,1.557,2,disfraces
disfrutar,6.68,2.015,1,disfrutar
distancia,6.48,2.358,2,distancia
distintas,5.32,1.708,4,distintas
distintos,5.4,1.979,4,distintos
disturbio,10.06,1.15,2,disturbio
diversión,5.8,2.347,2,diversion
divertida,5.02,1.846,3,divertida
divertido,4.4,1.702,3,divertido
documento,8.78,2.122,2,documento
domicilio,6.18,2.413,2,domicilio
dominante,8.62,1.713,3,dominante
económica,9.74,1.664,3,economica
económico,8.84,1.833,3,economico
educación,6.44,1.991,2,educacion
ejecución,9.76,1.697,2,ejecucion
ejecutivo,8.82,1.587,2,ejecutivo
ejercicio,5.84,1.73,2,ejercicio
electoral,10.22,1.036,3,electoral
eléctrica,7.12,1.976,3,electrica
eléctrico,7.18,2.037,3,electrico
elegancia,8.6,1.852,2,elegancia
elemental,9.28,1.896,3,elemental
elementos,7.66,1.533,2,elementos
elevación,8.4,2.39,2,elevacion
embajador,10.08,1.192,2,embajador
emocional,9.06,2.045,3,emocional
emperador,7.78,1.982,2,emperador
empezamos,5.22,1.682,1,empezamos
empotrado,8.64,2.097,1,empotrado
enamorado,7.62,2.531,3,enamorado
encantado,6.82,2.007,3,encantado
encargada,7.94,2.034,2,encargada
encerrado,5.24,2.056,3,encerrado
encontrar,4.62,1.85,1,encontrar
encuentra,4.78,2.188,1,encuentra
encuentro,7.5,1.887,2,encuentro
enemistad,8.74,2.107,2,enemistad
enfermera,6.0,1.979,2,enfermera
enfermero,5.62,1.602,2,enfermero
enjuiciar,10.6,1.01,1,enjuiciar
enseguida,5.64,1.849,4,enseguida
enseñanza,6.4,2.148,2,ensenanza
entendido,6.04,2.109,1,entendido
entiendes,5.94,2.094,1,entiendes
erudición,10.8,0.728,2,erudicion
escaleras,3.87,1.044,2,escaleras
escándalo,7.4,2.259,2,escandalo
escenario,5.46,2.121,2,escenario
escéptico,10.7,0.614,3,esceptico
escondite,3.88,1.438,2,escondite
escorbuto,10.3,1.282,2,escorbuto
escorpión,6.42,2.12,2,escorpion
escritura,5.92,1.957,2,escritura
escrúpulo,10.28,1.294,2,escrupulo
escultura,8.58,1.83,2,escultura
esmeralda,7.6,2.373,2,esmeralda
espagueti,4.44,1.631,2,espagueti
espantoso,7.0,2.268,3,espantoso
españolas,5.76,1.975,3,espanolas
españoles,5.44,1.96,3,espanoles
espárrago,7.62,2.039,2,esparrago
espejismo,9.04,1.916,2,espejismo
esperamos,5.7,1.898,1,esperamos
esperando,5.04,2.099,1,esperando
esperanza,7.94,1.789,2,esperanza
espinacas,5.56,2.26,2,espinacas
esplendor,8.82,1.913,2,esplendor
esqueleto,6.98,2.025,2,esqueleto
estábamos,5.7,1.619,1,estabamos
estancado,8.38,2.059,3,estancado
esterlina,10.44,1.163,2,esterlina
estiércol,7.6,2.499,2,estiercol
estimular,9.74,1.426,1,estimular
estornudo,4.88,2.115,2,estornudo
estrellas,4.16,1.658,2,estrellas
estropajo,6.8,2.03,2,estropajo
estruendo,7.72,2.119,2,estruendo
estudiado,6.44,2.082,1,estudiado
estudioso,6.5,1.529,3,estudioso
estupendo,6.54,2.215,3,estupendo
estuviera,6.8,2.138,1,estuviera
estuvimos,6.14,1.578,1,estuvimos
eternidad,8.96,1.818,2,eternidad
eutanasia,10.6,0.969,2,eutanasia
evidencia,10.02,1.363,2,evidencia
evocación,9.84,1.942,2,evocacion
evolución,9.18,1.48,2,evolucion
exactitud,9.32,1.544,2,exactitud
excursión,4.52,1.776,2,excursion
exigencia,9.32,1.696,2,exigencia
expansión,9.94,1.42,2,expansion
explanada,8.68,2.104,2,explanada
explosión,6.88,2.076,2,explosion
expresión,8.12,2.125,2,expresion
exquisito,8.4,2.1,3,exquisito
extensión,9.36,1.711,2,extension
extinción,8.96,1.895,2,extincion
extrañeza,9.16,1.899,2,extraneza
facilidad,8.02,1.953,2,facilidad
fastidiar,6.08,2.137,1,fastidiar
fatalidad,9.4,1.702,2,fatalidad
felicidad,5.72,1.874,2,felicidad
fenomenal,7.5,2.197,3,fenomenal
fidelidad,9.78,1.582,2,fidelidad
filiación,10.58,1.071,2,filiacion
filosofía,10.0,1.512,2,filosofia
finalidad,8.78,2.023,2,finalidad
finalizar,5.88,1.722,1,finalizar
fisonomía,10.78,1.2,2,fisonomia
flautista,6.18,1.804,3,flautista
flequillo,6.16,2.189,2,flequillo
fontanero,7.1,1.693,3,fontanero
formación,9.14,1.796,2,formacion
fortaleza,8.18,2.164,2,fortaleza
fotocopia,7.34,1.379,2,fotocopia
fotógrafo,5.46,1.606,2,fotografo
fragancia,8.48,1.474,2,fragancia
fragmento,9.1,1.502,2,fragmento
franceses,7.34,1.836,2,franceses
frecuente,8.08,2.039,3,frecuente
fregadero,5.14,1.98,2,fregadero
frustrado,9.32,1.9,3,frustrado
fundación,9.43,1.064,2,fundacion
furgoneta,5.92,2.029,2,furgoneta
gabardina,6.64,2.414,2,gabardina
ganadería,7.4,1.852,2,ganaderia
ganancias,8.1,2.35,2,ganancias
garbanzos,4.9,1.418,2,garbanzos
gavilanes,9.7,1.607,2,gavilanes
generales,7.58,1.774,3,generales
geografía,8.56,1.775,2,geografia
geometría,9.14,2.01,2,geometria
gestación,9.76,1.733,2,gestacion
gestionar,10.38,1.26,1,gestionar
gibraltar,9.5,1.594,2,gibraltar
gramática,8.26,1.967,2,gramatica
grandioso,8.5,2.14,3,grandioso
grapadora,6.18,1.781,2,grapadora
guardería,3.46,1.764,2,guarderia
habilidad,8.4,1.874,2,habilidad
habitante,7.6,1.927,2,habitante
halloween,7.72,1.896,2,halloween
hegemonía,10.76,0.938,2,hegemonia
hepatitis,10.26,1.482,2,hepatitis
hermandad,9.88,1.534,2,hermandad
hermosura,7.4,2.286,2,hermosura
hidalguía,10.5,1.129,2,hidalguia
hidrógeno,9.86,1.457,2,hidrogeno
hipótesis,10.52,0.886,2,hipotesis
historias,5.36,1.967,2,historias
histórico,9.18,1.612,3,historico
homicidio,9.56,1.554,2,homicidio
horizonte,7.66,1.88,2,horizonte
horóscopo,7.38,1.794,2,horoscopo
horquilla,8.14,2.483,2,horquilla
hortaliza,6.94,1.9,2,hortaliza
humanidad,9.36,1.687,2,humanidad
identidad,8.8,1.917,2,identidad
imagínate,6.52,2.314,1,imaginate
imparcial,9.9,1.474,3,imparcial
imposible,6.47,1.479,3,imposible
impotente,10.3,1.233,3,impotente
impresión,9.14,1.807,2,impresion
impresora,9.24,1.901,2,impresora
inanición,10.76,1.287,2,inanicion
incentivo,10.18,1.453,2,incentivo
incidente,9.94,1.252,2,incidente
incrédulo,10.18,1.289,3,incredulo
increíble,7.06,2.094,3,increible
indecente,9.86,1.578,3,indecente
indefenso,7.84,2.189,3,indefenso
individuo,8.12,2.21,2,individuo
industria,9.04,1.702,2,industria
infección,7.38,2.267,2,infeccion
ingeniero,9.46,2.032,2,ingeniero
inmutarse,9.68,1.684,1,inmutarse
inocencia,8.7,1.876,2,inocencia
inquietud,8.68,2.343,2,inquietud
inquilino,9.78,1.753,2,inquilino
insolente,9.42,1.864,2,insolente
inspector,8.56,1.775,2,inspector
inspirado,8.62,1.615,3,inspirado
instituto,8.96,1.59,2,instituto
intelecto,10.12,1.239,2,intelecto
intención,7.92,2.32,2,intencion
intereses,8.48,2.013,2,intereses
intestino,8.4,1.761,2,intestino
intimidad,9.22,1.718,2,intimidad
intuición,9.7,1.669,2,intuicion
invención,8.16,2.122,2,invencion
inversión,10.03,1.09,2,inversion
invertido,9.38,1.937,3,invertido
invitados,5.82,1.837,2,invitados
inyección,4.44,1.68,2,inyeccion
isósceles,10.04,1.261,3,isosceles
izquierda,4.8,2.03,2,izquierda
izquierdo,4.46,1.619,3,izquierdo
jerarquía,10.24,1.636,2,jerarquia
jugadores,5.16,1.931,2,jugadores
juramento,7.74,2.008,2,juramento
kilómetro,7.32,1.731,2,kilometro
lagartija,4.92,1.978,2,lagartija
lanzarote,5.86,2.321,2,lanzarote
lentillas,9.38,1.817,2,lentillas
lloriqueo,4.14,1.895,2,lloriqueo
localidad,8.04,2.04,2,localidad
madrileño,7.89,1.44,3,madrileno
madrugada,7.36,1.903,2,madrugada
magdalena,3.7,1.374,2,magdalena
magistral,9.94,1.609,3,magistral
manantial,7.5,1.951,2,manantial
manganeso,10.76,0.625,2,manganeso
maniático,8.98,2.535,2,maniatico
manicomio,8.52,2.102,2,manicomio
maravilla,6.76,2.066,2,maravilla
marcianas,7.62,1.978,3,marcianas
margarita,4.56,1.864,2,margarita
marioneta,4.7,2.053,2,marioneta
mariquita,4.44,1.897,2,mariquita
marketing,10.6,0.926,2,marketing
masculino,5.74,1.967,3,masculino
matrícula,7.9,2.533,2,matricula
mayúscula,4.92,1.496,2,mayuscula
mecanismo,9.26,1.827,2,mecanismo
melocotón,4.34,1.757,2,melocoton
memorizar,6.72,1.841,1,memorizar
menguante,9.24,1.813,3,menguante
mentirosa,4.75,1.322,3,mentirosa
mentiroso,5.1,1.717,3,mentiroso
mercancía,8.28,1.773,2,mercancia
mermelada,4.68,1.671,2,mermelada
metrópoli,9.66,1.891,2,metropoli
micrófono,5.58,2.001,2,microfono
miércoles,3.86,1.414,2,miercoles
milímetro,7.9,1.488,2,milimetro
militares,7.26,2.155,3,militares
miniatura,7.5,1.951,4,miniatura
minifalda,7.34,2.016,2,minifalda
ministros,9.38,1.783,2,ministros
minucioso,10.24,1.222,3,minucioso
miocardio,10.74,0.723,2,miocardio
modalidad,9.8,1.37,2,modalidad
monarquía,9.86,1.773,2,monarquia
monopatín,5.16,2.004,2,monopatin
monumento,8.44,1.897,2,monumento
movilidad,8.86,1.885,2,movilidad
muchísima,5.86,2.241,3,muchisima
muchísimo,5.12,1.78,3,muchisimo
mucosidad,7.9,2.644,2,mucosidad
municipio,7.7,2.131,2,municipio
muñequera,7.72,1.928,2,munequera
musculoso,6.8,1.99,3,musculoso
narcótico,10.8,0.495,3,narcotico
narración,7.52,1.693,2,narracion
natalidad,9.26,1.904,2,natalidad
naturales,7.6,2.195,3,naturales
necesario,7.22,1.982,3,necesario
necesidad,7.72,1.841,2,necesidad
necesitan,5.38,1.627,1,necesitan
neurótico,10.48,1.015,3,neurotico
nicaragua,9.78,1.389,2,nicaragua
novelista,9.4,1.604,2,novelista
noviembre,4.94,1.695,4,noviembre
obstáculo,8.14,2.01,2,obstaculo
ocasiones,7.74,1.688,2,ocasiones
occidente,9.2,1.738,2,occidente
ocupación,8.46,1.951,2,ocupacion
operación,6.36,1.893,2,operacion
oposición,9.38,2.069,2,oposicion
optimismo,9.54,1.555,2,optimismo
orangután,6.74,2.473,2,orangutan
ordenador,7.8,2.231,2,ordenador
orgulloso,7.92,1.794,3,orgulloso
oscuridad,4.2,2.458,2,oscuridad
paciencia,7.5,2.401,2,paciencia
palestina,9.62,1.602,2,palestina
palomitas,4.44,2.101,2,palomitas
pandereta,4.9,1.94,2,pandereta
paragüero,8.2,1.874,2,paraguero
parálisis,9.34,1.791,2,paralisis
parroquia,6.44,2.072,2,parroquia
partícula,10.14,1.309,2,particula
pasaporte,8.62,1.999,2,pasaporte
pasodoble,8.06,2.28,2,pasodoble
pasotismo,9.78,1.632,2,pasotismo
patronato,10.4,1.107,2,patronato
pegamento,4.24,1.098,2,pegamento
películas,4.28,1.762,2,peliculas
peligrosa,5.54,2.349,3,peligrosa
peligroso,4.74,1.988,3,peligroso
pendiente,5.64,2.585,2,pendiente
península,7.3,2.261,2,peninsula
periódico,5.59,1.288,2,periodico
periquito,5.06,1.867,2,periquito
perseguir,6.14,2.204,1,perseguir
personaje,6.1,2.159,2,personaje
perspicaz,10.6,0.969,3,perspicaz
pertenece,7.58,2.071,1,pertenece
pesadilla,5.48,1.843,2,pesadilla
pesimismo,10.28,1.341,2,pesimismo
planteado,8.56,1.656,1,planteado
platillos,6.14,2.148,2,platillos
playmobil,5.04,2.07,4,playmobil
plumífero,10.22,1.475,2,plumifero
población,8.44,1.842,2,poblacion
podríamos,6.34,2.086,1,podriamos
poliéster,9.64,1.838,2,poliester
políticas,8.8,1.75,3,politicas
políticos,8.36,1.903,2,politicos
pontífice,10.32,1.558,2,pontifice
porcelana,7.42,2.1,3,porcelana
porquería,6.5,2.288,2,porqueria
posterior,7.86,1.83,3,posterior
precisión,9.98,1.186,2,precision
predicado,8.94,1.683,2,predicado
preferido,5.54,2.032,1,preferido
preguntar,4.54,1.897,1,preguntar
preguntas,5.26,1.454,2,preguntas
prejuicio,10.36,1.241,2,prejuicio
preocupar,7.42,2.031,1,preocupar
preparado,6.42,2.148,3,preparado
presencia,8.74,2.098,2,presencia
presentar,6.16,1.57,1,presentar
prestigio,10.3,1.055,2,prestigio
presumido,6.52,2.375,3,presumido
pretender,8.82,1.903,1,pretender
primavera,4.66,1.71,2,primavera
principal,7.46,2.252,3,principal
principio,5.84,2.142,2,principio
problemas,6.56,1.971,2,problemas
procesión,6.78,2.315,2,procesion
producido,7.56,1.853,1,producido
productor,9.34,1.636,3,productor
productos,7.28,2.031,2,productos
profesión,6.82,1.903,2,profesion
profesora,3.22,1.569,2,profesora
programas,5.96,1.795,2,programas
prohibido,4.96,2.213,3,prohibido
promoción,9.26,1.782,2,promocion
pronombre,8.6,1.552,2,pronombre
propiedad,8.74,1.904,2,propiedad
propósito,9.36,1.747,2,proposito
propuesta,9.68,1.421,2,propuesta
protegido,6.36,2.058,3,protegido
prototipo,10.46,0.994,2,prototipo
provincia,8.2,1.539,2,provincia
provisión,9.82,1.395,2,provision
proyector,9.52,1.982,2,proyector
proyectos,8.94,1.973,2,proyectos
prudencia,8.98,1.9,2,prudencia
psicólogo,9.38,1.817,2,psicologo
quemadura,5.0,2.157,2,quemadura
queroseno,10.46,1.199,2,queroseno
realizado,7.52,1.764,1,realizado
realmente,7.86,2.08,4,realmente
recepción,8.42,2.232,2,recepcion
rechazado,7.4,2.204,1,rechazado
recibidor,7.8,2.148,2,recibidor
reclusión,10.46,1.11,2,reclusion
recogedor,6.24,2.3,2,recogedor
reconocer,7.32,1.584,1,reconocer
recorrido,6.9,1.282,2,recorrido
recuerdos,7.3,2.073,2,recuerdos
redacción,8.14,1.969,2,redaccion
reflexión,8.96,2.01,2,reflexion
refugiado,8.2,1.927,3,refugiado
relámpago,6.16,1.658,2,relampago
relevante,10.12,1.256,3,relevante
religiosa,6.56,2.224,3,religiosa
religioso,6.14,2.119,3,religioso
repostero,8.48,2.27,2,repostero
represión,10.38,1.427,2,represion
república,10.1,1.515,2,republica
repulsión,9.68,1.867,2,repulsion
requisito,10.18,1.24,2,requisito
reservado,7.94,1.845,3,reservado
resfriado,5.08,1.915,2,resfriado
responder,5.4,1.702,1,responder
respuesta,5.68,1.932,2,respuesta
resultado,6.4,1.629,2,resultado
retrasado,6.9,1.787,1,retrasado
reverendo,8.74,1.957,2,reverendo
reverente,10.14,1.616,3,reverente
revertido,10.58,0.928,1,revertido
revistero,8.34,2.273,2,revistero
rinconera,8.52,1.94,2,rinconera
rodillera,7.34,2.115,2,rodillera
romántico,8.04,1.906,3,romantico
rotulador,3.58,1.691,2,rotulador
sabiduría,8.84,1.811,2,sabiduria
sacerdote,6.32,2.104,2,sacerdote
salamanca,8.82,1.561,2,salamanca
salvación,7.62,2.276,2,salvacion
sanatorio,9.44,1.786,2,sanatorio
sandalias,5.22,2.269,2,sandalias
sanguíneo,8.92,1.523,3,sanguineo
santuario,8.98,1.932,2,santuario
sarampión,6.82,2.027,2,sarampion
secuestro,8.35,1.217,2,secuestro
seguridad,6.76,2.752,2,seguridad
selección,8.62,1.872,2,seleccion
selectiva,9.84,1.448,3,selectiva
semblante,10.2,1.641,2,semblante
semejanza,8.46,2.062,2,semejanza
sencillez,8.36,2.257,2,sencillez
sensación,7.76,2.191,2,sensacion
sentencia,10.26,1.175,2,sentencia
sepultura,9.4,2.241,2,sepultura
serenidad,9.86,1.262,2,serenidad
serpiente,4.64,1.396,2,serpiente
servicios,7.28,1.83,2,servicios
significa,5.96,2.157,1,significa
siguiente,6.0,1.552,3,siguiente
similitud,9.42,1.83,2,similitud
simpático,5.26,2.068,3,simpatico
sindicato,10.6,0.969,2,sindicato
sinfónica,9.26,1.747,2,sinfonica
sintético,9.92,1.441,3,sintetico
sirvienta,7.46,1.919,2,sirvienta
sirviente,7.02,1.245,2,sirviente
situación,7.86,2.119,2,situacion
sobriedad,10.42,0.992,2,sobriedad
solamente,7.22,1.855,4,solamente
solitario,6.94,1.707,3,solitario
sombrilla,5.88,2.057,2,sombrilla
soviética,9.96,1.511,2,sovietica
submarino,6.96,1.726,2,submarino
sugestión,9.1,3.284,2,sugestion
sujetador,6.84,2.351,2,sujetador
sulfúrico,10.49,0.668,3,sulfurico
tanatorio,9.8,1.641,2,tanatorio
techumbre,10.06,1.634,2,techumbre
telegrama,8.5,1.787,2,telegrama
televisor,3.06,1.331,2,televisor
tempestad,7.82,2.145,2,tempestad
temporada,8.32,1.911,2,temporada
tenacidad,9.3,2.55,2,tenacidad
tendencia,9.92,1.426,2,tendencia
tendremos,5.82,1.535,1,tendremos
terminado,5.42,1.907,1,terminado
terremoto,6.44,2.177,2,terremoto
terrestre,7.58,1.842,3,terrestre
testículo,9.02,2.045,2,testiculo
tobillera,7.56,1.981,2,tobillera
tolerante,8.74,2.107,3,tolerante
trabajado,6.72,1.98,1,trabajado
tradición,7.72,2.25,2,tradicion
traductor,8.98,1.964,2,traductor
trampolín,5.26,1.588,2,trampolin
tranquila,5.78,1.833,3,tranquila
tranquilo,5.74,1.957,3,tranquilo
trastorno,9.94,1.406,2,trastorno
travesura,4.74,1.759,2,travesura
triángulo,4.6,1.906,2,triangulo
turística,8.74,1.871,3,turistica
umbilical,8.54,1.992,2,umbilical
utensilio,8.5,2.003,2,utensilio
vagabundo,7.64,1.838,2,vagabundo
variación,9.46,2.043,2,variacion
veintidós,5.34,1.56,4,veintidos
veintiuno,5.1,1.344,2,veintiuno
velocidad,6.92,2.481,2,velocidad
verdadera,6.64,1.956,3,verdadera
verdadero,5.54,1.717,3,verdadero
vergüenza,5.0,1.807,2,verguenza
vertebral,8.58,1.63,2,vertebral
vertedero,7.2,1.979,2,vertedero
vestíbulo,9.58,2.304,2,vestibulo
vibración,8.2,1.969,2,vibracion
vigilante,7.38,1.937,3,vigilante
violación,9.3,1.46,2,violacion
violencia,7.46,2.367,2,violencia
vitalidad,9.26,1.614,2,vitalidad
viviendas,7.26,2.239,2,viviendas
zanahoria,3.66,1.636,2,zanahoria
zapatilla,4.6,2.268,2,zapatilla
zoológico,5.64,1.967,2,zoologico
abandonado,6.06,1.659,3,abandonado
abecedario,4.86,1.498,2,abecedario
abnegación,10.8,0.612,2,abnegacion
abundancia,7.84,2.014,2,abundancia
acantilado,7.86,1.852,2,acantilado
aceptación,8.68,2.199,2,aceptacion
aclaración,8.86,1.852,2,aclaracion
acompañada,6.0,2.167,3,acompanada
acompañado,5.36,1.466,3,acompanado
activación,9.54,1.644,2,activacion
actualidad,8.24,1.912,2,actualidad
admiración,8.52,2.043,2,admiracion
aeropuerto,6.44,2.83,2,aeropuerto
afirmación,7.98,2.334,2,afirmacion
afortunado,7.9,2.033,3,afortunado
agradecido,7.12,2.144,3,agradecido
agricultor,6.8,2.01,2,agricultor
agrupación,8.58,2.081,2,agrupacion
alcohólica,9.52,1.607,3,alcoholica
alcohólico,8.18,1.903,3,alcoholico
alcornoque,8.7,2.206,3,alcornoque
alteración,9.12,2.096,2,alteracion
amabilidad,7.68,1.911,2,amabilidad
ambulancia,4.48,2.053,2,ambulancia
americanos,7.54,1.74,2,americanos
angustiado,7.94,2.142,3,angustiado
anteriores,6.98,1.558,3,anteriores
anticiclón,9.72,1.654,2,anticiclon
antigüedad,7.66,1.996,2,antiguedad
antipático,6.9,2.063,3,antipatico
antisocial,10.15,0.751,3,antisocial
apariencia,9.28,1.928,2,apariencia
aplicación,9.2,1.485,2,aplicacion
aportación,9.9,1.446,2,aportacion
apostolado,10.46,1.129,2,apostolado
aprobación,7.56,1.971,2,aprobacion
archivador,7.92,2.146,2,archivador
arqueólogo,9.04,1.906,2,arqueologo
arquitecto,8.8,2.204,2,arquitecto
artificial,7.86,1.726,3,artificial
artillería,9.7,1.909,2,artilleria
asfixiarse,6.96,2.194,1,asfixiarse
asignatura,6.32,1.755,2,asignatura
asistencia,8.38,2.303,2,asistencia
asociación,8.92,2.088,2,asociacion
astronauta,5.52,1.961,3,astronauta
astronomía,9.78,1.345,2,astronomia
automático,8.4,1.841,3,automatico
aventurera,7.58,1.842,3,aventurera
baloncesto,5.1,1.717,2,baloncesto
bancarrota,9.68,1.856,2,bancarrota
barandilla,6.36,2.164,2,barandilla
barbaridad,8.26,2.028,2,barbaridad
biblioteca,7.4,1.641,2,biblioteca
bienvenida,7.34,2.153,2,bienvenida
bolígrafos,4.86,1.654,2,boligrafos
borrachera,8.86,2.05,2,borrachera
borrascosa,10.08,1.368,3,borrascosa
brillantes,5.42,2.071,3,brillantes
buhardilla,9.4,1.884,2,buhardilla
burocracia,10.48,1.741,2,burocracia
caballería,8.62,2.029,2,caballeria
calcetines,3.54,1.403,2,calcetines
calendario,6.88,2.154,2,calendario
campeonato,7.18,1.987,2,campeonato
cantábrica,9.15,1.287,2,cantabrica
carnavales,5.14,2.109,2,carnavales
carpintero,5.66,1.745,2,carpintero
carricoche,7.94,3.146,2,carricoche
castellano,7.4,2.09,2,castellano
casualidad,8.34,1.902,2,casualidad
catástrofe,8.88,1.825,2,catastrofe
causalidad,10.34,1.649,2,causalidad
cautiverio,10.6,0.948,2,cautiverio
cementerio,6.02,1.732,2,cementerio
cenicienta,3.96,1.603,2,cenicienta
centímetro,7.76,1.665,2,centimetro
científica,9.5,1.555,3,cientifica
científico,8.0,1.874,3,cientifico
cigarrillo,6.98,2.42,2,cigarrillo
ciudadanos,7.84,1.91,2,ciudadanos
claramente,7.92,2.098,4,claramente
colocación,7.02,2.025,2,colocacion
comandante,8.68,2.025,2,comandante
comentario,8.14,2.01,2,comentario
compañeros,4.64,1.336,2,companeros
complicado,7.74,1.794,3,complicado
compostela,8.76,1.768,2,compostela
comprender,6.1,2.033,1,comprender
compromiso,8.96,2.07,2,compromiso
compulsivo,9.5,1.446,3,compulsivo
concepción,10.22,1.418,2,concepcion
conciencia,9.38,1.937,2,conciencia
conclusión,9.18,1.722,2,conclusion
condimento,9.6,1.773,2,condimento
configurar,9.56,1.74,1,configurar
conjunción,9.49,1.938,2,conjuncion
conseguido,7.1,1.909,1,conseguido
considerar,8.94,1.823,1,considerar
consonante,6.04,1.678,3,consonante
constancia,9.4,2.03,2,constancia
constipado,6.4,2.507,2,constipado
contaminar,7.64,1.816,1,contaminar
contemplar,8.54,1.865,1,contemplar
contextual,10.24,1.08,3,contextual
continente,8.22,1.718,2,continente
contrabajo,9.36,1.711,2,contrabajo
convencido,7.54,1.961,3,convencido
convertido,7.34,2.2,1,convertido
copulativa,10.24,1.117,3,copulativa
cordillera,8.02,1.801,2,cordillera
corrección,6.54,2.252,2,correccion
corredores,7.4,2.626,2,corredores
corrupción,10.1,1.329,2,corrupcion
cremallera,5.76,1.825,2,cremallera
crepúsculo,10.26,1.306,2,crepusculo
crucificar,7.18,1.903,1,crucificar
cualquiera,6.42,1.98,4,cualquiera
cuestiones,7.92,2.059,2,cuestiones
cumpleaños,2.78,1.282,2,cumpleanos
curiosidad,7.14,1.938,2,curiosidad
decadencia,10.58,0.835,2,decadencia
decisiones,7.64,1.782,2,decisiones
decoración,7.74,1.946,2,decoracion
dedicación,8.6,1.75,2,dedicacion
definición,7.96,1.851,2,definicion
definitiva,8.36,1.903,3,definitiva
delegación,10.68,0.741,2,delegacion
delicadeza,8.1,2.033,2,delicadeza
democracia,10.02,1.708,2,democracia
demostrado,8.2,1.714,1,demostrado
depilación,9.24,1.975,2,depilacion
deportista,5.98,1.813,2,deportista
deportivas,5.24,1.836,3,deportivas
derivación,10.28,1.126,2,derivacion
desacuerdo,9.04,1.69,2,desacuerdo
desanimado,7.94,2.208,3,desanimado
desarrollo,8.36,2.028,2,desarrollo
desenredar,6.78,2.083,1,desenredar
desesperar,7.72,2.499,1,desesperar
desilusión,9.02,1.932,2,desilusion
desinterés,8.82,1.997,2,desinteres
desolación,9.86,1.895,2,desolacion
despedazar,8.0,2.03,1,despedazar
despreciar,8.0,2.119,1,despreciar
desventaja,7.7,1.764,2,desventaja
desvestido,6.06,2.469,1,desvestido
desviación,9.68,1.671,2,desviacion
diecinueve,4.86,1.143,4,diecinueve
diecisiete,4.94,1.544,4,diecisiete
diferencia,7.08,2.127,2,diferencia
diferentes,5.64,2.155,4,diferentes
dificultad,7.7,2.384,2,dificultad
dificultar,8.06,1.984,1,dificultar
diligencia,10.04,1.702,2,diligencia
diputación,10.5,1.147,2,diputacion
disciplina,8.54,2.197,2,disciplina
disgustado,7.38,2.147,3,disgustado
disolución,10.38,1.028,2,disolucion
distinción,9.4,1.726,2,distincion
distorsión,9.94,1.544,2,distorsion
diversidad,9.84,1.621,2,diversidad
divertirse,5.18,1.903,1,divertirse
divorciado,8.42,2.177,3,divorciado
dominación,9.34,1.71,2,dominacion
dominancia,9.9,1.374,4,dominancia
dominicana,9.32,1.755,2,dominicana
dormitorio,5.16,1.557,2,dormitorio
doscientas,5.98,1.407,4,doscientas
doscientos,6.28,1.429,2,doscientos
dramaturgo,10.12,1.335,2,dramaturgo
económicas,9.48,1.515,3,economicas
económicos,8.92,1.614,3,economicos
eficiencia,10.24,1.255,2,eficiencia
ejecutivos,9.16,1.695,2,ejecutivos
elecciones,9.48,1.657,2,elecciones
elocuencia,10.74,0.922,2,elocuencia
embarazosa,9.34,1.768,3,embarazosa
emergencia,6.6,1.829,2,emergencia
empresario,8.6,2.167,2,empresario
encontrado,5.54,1.705,1,encontrado
encuentran,5.5,1.729,1,encuentran
enfermedad,4.88,1.955,2,enfermedad
enfurecido,6.82,2.247,3,enfurecido
entrenador,6.84,1.707,2,entrenador
entretener,7.14,1.726,1,entretener
entrevista,8.44,2.012,2,entrevista
entusiasmo,7.54,2.296,2,entusiasmo
equilátero,9.02,1.824,3,equilatero
equilibrio,7.9,2.043,2,equilibrio
escalofrío,7.1,2.384,2,escalofrio
escaparate,6.2,1.917,2,escaparate
escarabajo,5.94,2.152,2,escarabajo
esclavitud,8.16,1.646,2,esclavitud
esclerosis,10.78,0.616,2,esclerosis
escritorio,5.88,1.78,2,escritorio
escurridor,7.12,2.191,2,escurridor
espabilado,7.2,2.39,1,espabilado
espaguetis,4.64,1.663,2,espaguetis
específico,9.38,1.64,3,especifico
espiración,10.04,1.414,2,espiracion
espiritual,8.92,1.872,3,espiritual
espumadera,7.8,2.176,2,espumadera
estantería,5.88,2.237,2,estanteria
estridente,10.06,1.434,3,estridente
estropeado,5.64,1.893,3,estropeado
estructura,9.2,1.666,2,estructura
estudiando,5.8,1.604,1,estudiando
estudiante,5.76,1.933,2,estudiante
exaltación,10.26,1.046,2,exaltacion
excelencia,9.74,1.838,2,excelencia
excitación,10.12,1.288,2,excitacion
exhibición,9.2,1.75,2,exhibicion
existencia,8.72,2.041,2,existencia
expedición,9.3,1.81,2,expedicion
expediente,9.96,1.564,2,expediente
exposición,8.6,1.863,2,exposicion
exprimidor,6.92,1.957,2,exprimidor
exteriores,7.94,1.921,2,exteriores
extranjera,7.28,1.762,3,extranjera
extranjero,6.98,2.29,2,extranjero
extremidad,7.38,2.108,2,extremidad
familiares,5.46,2.032,2,familiares
federación,9.54,1.656,2,federacion
fertilidad,9.8,1.498,2,fertilidad
finalmente,8.06,1.973,4,finalmente
financiera,10.22,1.403,3,financiera
financiero,10.44,1.072,3,financiero
firmamento,8.54,1.787,2,firmamento
fisiología,10.42,1.43,2,fisiologia
folclórica,7.58,2.4,3,folclorica
formalidad,10.0,1.714,2,formalidad
fotografía,5.3,2.452,2,fotografia
fragilidad,9.32,1.671,2,fragilidad
franquista,10.34,1.255,3,franquista
frecuencia,9.4,1.565,2,frecuencia
frivolidad,10.5,0.839,2,frivolidad
fundamento,9.16,2.054,2,fundamento
generación,9.28,1.807,2,generacion
gobernador,8.38,1.872,2,gobernador
golondrina,6.86,2.222,2,golondrina
guarnición,8.56,3.144,2,guarnicion
guillotina,9.18,1.674,2,guillotina
habitación,3.42,1.386,2,habitacion
habitantes,7.72,1.863,2,habitantes
hablaremos,6.2,1.702,1,hablaremos
hambriento,4.74,2.38,3,hambriento
hectómetro,9.42,1.667,2,hectometro
hipopótamo,5.66,2.056,2,hipopotamo
homosexual,9.98,1.846,3,homosexual
honorífico,10.5,0.909,3,honorifico
hormiguero,5.5,2.033,2,hormiguero
hospitales,5.06,1.57,2,hospitales
hostilidad,9.8,1.629,2,hostilidad
ignorancia,8.84,1.765,2,ignorancia
igualmente,7.44,1.875,4,igualmente
imaginario,6.28,2.09,3,imaginario
imperdible,7.12,2.199,2,imperdible
imperfecto,8.26,1.364,3,imperfecto
importante,5.16,1.719,3,importante
impotencia,9.88,1.56,2,impotencia
improbable,8.84,1.899,3,improbable
inclinarse,7.26,2.184,1,inclinarse
incorrecta,7.25,1.31,3,incorrecta
incorrecto,6.66,2.076,3,incorrecto
indicación,8.64,2.018,2,indicacion
individual,7.64,2.275,3,individual
industrial,8.66,2.246,3,industrial
inesperado,8.6,2.02,3,inesperado
infantería,9.58,1.605,2,infanteria
influencia,9.38,1.64,2,influencia
ingenuidad,9.34,1.869,2,ingenuidad
inglaterra,8.74,1.639,2,inglaterra
ingratitud,9.92,1.602,2,ingratitud
inhibición,10.44,1.232,2,inhibicion
iniciación,8.7,2.27,2,iniciacion
iniciativa,9.66,2.076,2,iniciativa
injusticia,8.9,1.898,2,injusticia
innovación,9.68,1.596,2,innovacion
inorgánica,10.24,1.135,3,inorganica
inoxidable,8.8,1.702,2,inoxidable
inservible,8.82,2.238,3,inservible
inspección,9.32,1.911,2,inspeccion
integridad,10.1,1.581,2,integridad
intensidad,9.4,2.07,2,intensidad
intentando,6.58,1.896,1,intentando
intérprete,9.86,1.539,3,interprete
intestinal,9.06,1.557,3,intestinal
inundación,7.32,1.24,2,inundacion
investigar,8.08,2.117,1,investigar
invitación,5.9,1.972,2,invitacion
irritación,8.34,2.544,2,irritacion
itinerario,9.86,1.498,2,itinerario
justamente,8.62,1.883,4,justamente
kilómetros,7.68,1.708,2,kilometros
langostino,7.46,1.982,2,langostino
lavaplatos,7.9,1.619,2,lavaplatos
levantarse,3.0,1.498,1,levantarse
liberación,8.68,1.889,2,liberacion
licenciado,10.24,1.364,3,licenciado
literatura,9.24,1.661,2,literatura
macarrones,4.4,1.829,2,macarrones
maleducado,4.9,1.832,3,maleducado
maloliente,8.02,1.767,3,maloliente
maquillaje,7.2,2.39,2,maquillaje
maquinilla,6.76,1.996,2,maquinilla
matemática,6.1,2.033,3,matematica
matemático,7.0,1.906,3,matematico
materiales,6.08,1.872,2,materiales
matrimonio,6.36,1.987,2,matrimonio
melancolía,9.42,1.96,2,melancolia
mercadillo,7.0,2.213,2,mercadillo
metralleta,6.8,2.365,2,metralleta
microondas,7.66,2.361,2,microondas
millonario,6.82,1.924,3,millonario
minicadena,7.84,1.899,2,minicadena
ministerio,9.94,1.284,2,ministerio
moderación,8.82,1.637,2,moderacion
monaguillo,7.64,1.946,2,monaguillo
monárquico,9.92,1.816,3,monarquico
monasterio,8.36,2.211,2,monasterio
mortalidad,9.0,2.02,2,mortalidad
motivación,9.66,1.56,2,motivacion
movimiento,5.76,2.095,2,movimiento
muchísimas,5.22,1.866,3,muchisimas
muchísimos,5.3,1.93,3,muchisimos
multimedia,10.2,1.294,2,multimedia
nacimiento,4.54,1.982,2,nacimiento
naturaleza,6.56,2.062,2,naturaleza
navegación,7.52,2.234,2,navegacion
nobiliario,10.52,0.931,2,nobiliario
nochevieja,5.3,2.178,2,nochevieja
obediencia,6.48,2.169,2,obediencia
obligación,7.82,2.632,2,obligacion
occidental,8.56,1.567,3,occidental
ocurrencia,8.88,2.512,2,ocurrencia
pantalones,3.42,1.691,2,pantalones
parabólica,8.89,1.468,3,parabolica
paranormal,9.92,1.455,3,paranormal
paréntesis,7.88,1.698,2,parentesis
parlamento,10.3,1.182,2,parlamento
participar,5.34,1.803,1,participar
particular,7.16,2.411,3,particular
patrimonio,10.48,0.974,2,patrimonio
pecaminoso,10.38,1.193,3,pecaminoso
peluquería,5.76,2.036,2,peluqueria
pendientes,5.78,2.141,2,pendientes
penetrante,9.54,2.252,3,penetrante
percepción,8.94,2.622,2,percepcion
perfección,7.92,2.019,2,perfeccion
periódicos,6.06,1.812,2,periodicos
periodista,8.24,1.923,2,periodista
permanecer,7.49,1.394,1,permanecer
personajes,5.94,2.478,2,personajes
personales,8.17,1.3,3,personales
pervertido,9.12,2.017,3,pervertido
pesadumbre,10.44,1.215,2,pesadumbre
pirotecnia,9.62,1.872,2,pirotecnia
pontificia,10.71,0.683,2,pontificia
posaplatos,8.68,1.932,4,posaplatos
precaución,7.02,2.299,2,precaucion
precedente,10.38,1.086,3,precedente
precipicio,8.0,1.959,2,precipicio
predominio,8.62,3.288,2,predominio
preguntado,6.52,2.234,1,preguntado
presentado,6.86,1.726,1,presentado
presidente,7.9,1.919,2,presidente
pretensión,9.82,1.913,2,pretension
prevención,9.72,1.727,2,prevencion
principios,7.3,2.384,2,principios
prisionero,7.66,1.836,2,prisionero
privacidad,8.84,2.132,2,privacidad
privilegio,8.9,1.876,2,privilegio
prodigiosa,9.64,1.804,3,prodigiosa
producción,8.84,2.004,2,produccion
profesores,4.28,1.666,2,profesores
propaganda,7.72,2.45,2,propaganda
proporción,9.55,1.659,2,proporcion
protección,7.9,1.898,2,proteccion
provincial,9.54,1.313,2,provincial
proximidad,8.0,2.373,2,proximidad
proyección,9.4,1.884,2,proyeccion
psicología,9.64,1.977,2,psicologia
psiquiatra,10.32,1.039,2,psiquiatra
publicidad,6.64,2.211,2,publicidad
puntuación,6.58,1.785,2,puntuacion
putrefacto,9.6,1.641,3,putrefacto
quinientas,6.38,1.469,4,quinientas
quinientos,6.6,1.539,2,quinientos
quirúrgica,10.04,1.772,3,quirurgica
reaccionar,7.94,2.161,1,reaccionar
recompensa,7.46,2.493,2,recompensa
reconocido,7.54,2.131,3,reconocido
rectificar,8.72,2.071,1,rectificar
referencia,9.08,2.117,2,referencia
refrigerio,9.48,2.131,2,refrigerio
refugiados,9.44,1.656,2,refugiados
regimiento,10.16,1.476,2,regimiento
reglamento,9.42,1.785,2,reglamento
relaciones,8.18,2.097,2,relaciones
relajación,8.32,1.953,2,relajacion
relevancia,10.16,1.131,2,relevancia
reparación,8.26,2.028,2,reparacion
repertorio,9.2,1.539,2,repertorio
repugnante,7.92,1.957,3,repugnante
reputación,9.64,1.663,2,reputacion
resentirse,9.44,1.704,1,resentirse
residencia,7.88,1.891,2,residencia
resolución,9.96,1.355,2,resolucion
respetuoso,6.4,1.773,3,respetuoso
respingona,8.04,2.294,3,respingona
resplandor,9.04,1.665,2,resplandor
resultados,6.72,1.371,2,resultados
reverencia,9.22,1.706,2,reverencia
revolución,9.6,1.726,2,revolucion
sacrificio,8.36,2.117,2,sacrificio
salvavidas,7.22,2.279,2,salvavidas
sangriento,7.58,1.928,3,sangriento
satisfacer,9.06,1.845,1,satisfacer
satisfecho,7.76,1.89,3,satisfecho
scalextric,6.38,2.364,4,scalextric
secretaria,7.08,1.782,2,secretaria
secretario,7.5,1.498,2,secretario
secundaria,9.26,1.601,3,secundaria
separación,6.78,2.324,2,separacion
septiembre,5.1,1.389,4,septiembre
servilleta,3.56,1.554,2,servilleta
sevillanas,7.16,1.788,2,sevillanas
sexualidad,9.0,1.578,2,sexualidad
sinceridad,8.16,1.963,2,sinceridad
sindicatos,10.3,1.249,2,sindicatos
sobresalto,8.34,2.438,2,sobresalto
socialismo,10.66,0.745,2,socialismo
socialista,10.54,0.813,3,socialista
solemnidad,10.54,1.265,2,solemnidad
sorprender,6.38,2.049,1,sorprender
sospechoso,7.78,1.909,3,sospechoso
substancia,9.92,1.226,2,substancia
sudorípara,10.4,0.99,3,sudoripara
suficiente,7.12,1.757,3,suficiente
superficie,8.54,1.971,2,superficie
suposición,10.2,1.309,2,suposicion
sustantivo,8.66,1.745,3,sustantivo
tecnología,9.58,1.486,2,tecnologia
telediario,5.9,2.121,2,telediario
telefónica,8.4,1.938,2,telefonica
televisión,3.1,1.619,2,television
televisivo,7.78,2.332,3,televisivo
termómetro,4.65,1.337,2,termometro
territorio,8.0,2.148,2,territorio
terrorismo,9.46,1.432,2,terrorismo
terrorista,8.26,2.127,3,terrorista
testamento,8.64,2.058,2,testamento
testimonio,9.62,1.483,2,testimonio
tirachinas,5.64,1.838,2,tirachinas
tocadiscos,7.14,2.195,2,tocadiscos
tolerancia,9.64,1.638,2,tolerancia
totalmente,7.42,1.885,4,totalmente
trabajador,6.58,2.041,2,trabajador
trabajando,5.3,2.501,1,trabajando
traducción,7.8,2.399,2,traduccion
traicionar,7.6,2.119,1,traicionar
transcurso,9.66,1.636,2,transcurso
transeúnte,9.78,1.542,2,transeunte
transición,10.68,0.935,2,transicion
transistor,9.22,2.064,2,transistor
transporte,6.06,1.932,2,transporte
tributaria,10.7,1.216,3,tributaria
triunfante,8.74,1.782,3,triunfante
únicamente,8.34,1.586,4,unicamente
vacaciones,4.42,1.715,2,vacaciones
valladolid,8.36,1.699,2,valladolid
vegetación,6.74,2.211,2,vegetacion
veintiocho,5.34,1.507,2,veintiocho
veintiséis,5.02,1.464,2,veintiseis
veintitrés,5.16,1.376,4,veintitres
ventanilla,6.24,2.454,2,ventanilla
vergonzoso,5.9,2.252,3,vergonzoso
victimismo,9.76,1.572,2,victimismo
vigilancia,7.44,1.842,2,vigilancia
villancico,4.42,1.642,2,villancico
virginidad,8.94,2.714,2,virginidad
zapatillas,4.18,1.837,2,zapatillas
abatimiento,10.02,1.491,2,abatimiento
abstracción,10.52,1.403,2,abstraccion
actividades,5.56,1.68,2,actividades
actualmente,8.34,1.624,4,actualmente
acurrucarse,5.56,2.5,1,acurrucarse
adolescente,8.52,1.752,3,adolescente
adquisición,9.84,1.49,2,adquisicion
advertencia,7.4,2.515,2,advertencia
agotamiento,8.26,2.146,2,agotamiento
agresividad,7.76,1.791,2,agresividad
agricultura,6.96,2.05,2,agricultura
aguardiente,9.84,1.67,2,aguardiente
albaricoque,6.5,2.533,2,albaricoque
antecedente,10.0,1.195,2,antecedente
apartamento,6.16,1.983,2,apartamento
apreciación,9.48,1.865,2,apreciacion
aprendizaje,8.12,2.047,2,aprendizaje
aristóteles,10.74,0.694,2,aristoteles
arrepentido,5.92,1.915,3,arrepentido
ascendencia,10.1,1.329,2,ascendencia
asignaturas,6.1,1.488,2,asignaturas
atmosférico,8.72,1.629,3,atmosferico
autoridades,9.14,1.796,2,autoridades
autoritario,9.6,1.485,3,autoritario
avergonzado,7.22,1.951,1,avergonzado
bastoncillo,5.9,2.323,2,bastoncillo
calculadora,6.66,1.733,3,calculadora
capitalismo,10.54,1.343,2,capitalismo
cascabelera,7.48,3.454,2,cascabelera
castañuelas,6.88,2.353,3,castanuelas
catolicismo,6.98,2.714,2,catolicismo
celebración,6.02,2.428,2,celebracion
chubasquero,6.14,1.852,2,chubasquero
circulación,8.6,2.02,2,circulacion
combatiente,9.44,1.798,3,combatiente
combinación,9.26,1.915,2,combinacion
comerciante,8.66,2.037,2,comerciante
comparación,7.92,2.009,2,comparacion
compatriota,9.84,1.39,2,compatriota
competencia,8.94,1.707,2,competencia
competición,7.42,1.751,2,competicion
complejidad,9.46,1.46,2,complejidad
complemento,8.94,1.963,2,complemento
complutense,10.2,2.185,2,complutense
comportarse,4.9,1.919,1,comportarse
composición,8.74,1.978,2,composicion
comprensión,8.64,2.229,2,comprension
comunidades,8.56,1.82,2,comunidades
concentrado,6.8,2.04,3,concentrado
condiciones,7.94,2.094,2,condiciones
conferencia,9.56,1.74,2,conferencia
confidencia,9.92,1.523,2,confidencia
conformidad,10.16,1.057,2,conformidad
consciencia,9.19,1.249,2,consciencia
consecuente,9.92,1.51,3,consecuente
conserjería,9.04,1.818,2,conserjeria
conservador,9.64,1.711,3,conservador
considerado,8.84,1.719,3,considerado
consonantes,6.16,2.179,3,consonantes
construirse,7.42,2.158,1,construirse
contestador,7.08,2.372,2,contestador
continuidad,8.88,1.986,2,continuidad
conveniente,9.36,1.711,3,conveniente
cooperación,9.5,1.729,2,cooperacion
cordialidad,10.0,1.385,2,cordialidad
corresponde,8.82,1.826,1,corresponde
creatividad,8.76,1.802,2,creatividad
crecimiento,6.14,2.424,2,crecimiento
cualificado,9.72,1.429,3,cualificado
decaimiento,9.7,1.529,2,decaimiento
decepcionar,7.66,1.869,1,decepcionar
declaración,9.36,1.838,2,declaracion
decreciente,9.17,1.119,3,decreciente
delincuente,7.98,1.868,3,delincuente
democrática,10.44,0.837,3,democratica
democrático,9.96,1.498,3,democratico
dependencia,9.48,1.992,2,dependencia
dependiente,8.66,1.975,3,dependiente
desasosiego,10.54,1.216,2,desasosiego
desconocido,6.42,2.516,3,desconocido
desconsuelo,8.76,2.095,2,desconsuelo
descontento,7.31,2.123,2,descontento
descripción,7.76,1.791,2,descripcion
desenfadado,8.92,2.337,3,desenfadado
desesperado,7.52,2.225,3,desesperado
desigualdad,9.0,1.512,2,desigualdad
desordenado,5.62,2.212,3,desordenado
desperdicio,8.16,2.189,2,desperdicio
despertador,5.87,1.467,2,despertador
destrucción,7.64,2.145,2,destruccion
determinado,8.86,1.69,3,determinado
diapositiva,9.56,1.864,2,diapositiva
diccionario,6.12,1.335,2,diccionario
diferencias,6.74,1.759,2,diferencias
disertación,10.94,0.314,2,disertacion
disminución,8.64,1.675,2,disminucion
disposición,9.7,1.474,2,disposicion
distracción,8.1,1.644,2,distraccion
efectividad,8.74,2.098,2,efectividad
elaboración,8.88,1.81,2,elaboracion
electrónico,8.44,1.831,3,electronico
empresarial,9.8,1.457,3,empresarial
empresarios,8.68,1.755,2,empresarios
encantadora,6.84,2.298,3,encantadora
encontramos,5.38,1.713,1,encontramos
enhorabuena,7.3,2.41,2,enhorabuena
ensaladilla,5.48,1.515,2,ensaladilla
entretenido,7.22,2.131,1,entretenido
entrometido,6.94,2.054,3,entrometido
espectáculo,7.54,2.644,2,espectaculo
esperanzado,9.22,1.741,3,esperanzado
estabilidad,8.98,2.045,2,estabilidad
estadística,10.4,1.125,2,estadistica
estereotipo,10.54,1.034,2,estereotipo
esterilidad,10.3,1.374,2,esterilidad
estudiantes,6.26,2.018,2,estudiantes
exactamente,8.28,1.629,4,exactamente
experiencia,8.48,2.092,2,experiencia
experimento,8.86,1.863,2,experimento
explicación,7.52,2.033,2,explicacion
exportación,10.26,1.103,2,exportacion
extranjeros,7.14,1.796,3,extranjeros
ferrocarril,6.58,2.331,2,ferrocarril
fraternidad,10.06,1.476,2,fraternidad
frigorífico,5.86,1.874,2,frigorifico
frustración,10.12,1.586,2,frustracion
fundamental,8.76,2.237,3,fundamental
generalidad,9.9,1.764,2,generalidad
generosidad,8.12,2.265,2,generosidad
gobernación,9.94,1.531,2,gobernacion
guardarropa,8.62,2.089,2,guardarropa
hamburguesa,4.94,1.731,2,hamburguesa
helicóptero,4.6,1.807,2,helicoptero
herramienta,6.6,1.784,2,herramienta
humillación,9.08,1.782,2,humillacion
hundimiento,8.22,1.951,2,hundimiento
ilustración,9.9,1.632,2,ilustracion
imaginación,5.98,1.767,2,imaginacion
impaciencia,8.96,1.927,2,impaciencia
impedimento,9.48,1.843,2,impedimento
impermeable,7.12,1.986,3,impermeable
importación,10.08,1.51,2,importacion
importancia,6.8,1.938,2,importancia
importantes,5.82,1.687,3,importantes
impresionar,8.02,2.208,1,impresionar
incapacidad,8.78,1.855,2,incapacidad
inclinación,8.56,1.798,2,inclinacion
incomodidad,8.6,1.807,2,incomodidad
indiferente,8.58,1.5,3,indiferente
indignación,9.66,1.465,2,indignacion
infelicidad,8.96,2.185,2,infelicidad
inferencial,10.66,0.634,3,inferencial
infidelidad,10.0,1.355,2,infidelidad
información,6.94,1.845,2,informacion
informática,8.74,2.248,2,informatica
inscripción,9.6,1.629,2,inscripcion
inseguridad,9.16,1.822,2,inseguridad
insistencia,9.12,1.599,2,insistencia
inspiración,9.6,1.629,2,inspiracion
instalación,8.8,1.906,2,instalacion
institución,10.04,1.653,2,institucion
instrucción,8.78,2.073,2,instruccion
instrumento,5.9,2.092,2,instrumento
integración,10.0,1.552,2,integracion
intelectual,9.16,1.811,3,intelectual
inteligente,6.06,2.024,3,inteligente
interesante,7.52,1.741,3,interesante
interrumpir,7.26,1.998,1,interrumpir
interruptor,6.34,2.654,2,interruptor
intolerante,9.42,1.797,3,intolerante
intranquilo,7.82,2.685,3,intranquilo
invernadero,7.26,2.127,2,invernadero
jeringuilla,6.44,2.196,2,jeringuilla
laboratorio,8.52,1.705,2,laboratorio
lanzamiento,7.4,2.07,2,lanzamiento
liberalismo,10.66,0.798,2,liberalismo
lingüística,9.86,1.578,3,linguistica
lógicamente,8.94,1.812,4,logicamente
luminosidad,8.02,1.985,2,luminosidad
mandamiento,7.42,1.444,2,mandamiento
mantequilla,4.36,1.549,2,mantequilla
maravillosa,6.92,1.782,3,maravillosa
maravilloso,6.7,2.288,3,maravilloso
masturbarse,9.54,2.022,1,masturbarse
matemáticas,5.1,1.298,3,matematicas
matrimonial,8.92,2.009,3,matrimonial
medicamento,6.22,2.297,2,medicamento
menosprecio,9.66,1.586,2,menosprecio
microscopio,8.0,1.641,2,microscopio
milisegundo,9.57,1.514,2,milisegundo
motocicleta,6.54,2.178,2,motocicleta
movimientos,6.32,1.647,2,movimientos
muchedumbre,9.32,1.963,2,muchedumbre
multiplicar,6.78,1.433,1,multiplicar
necesidades,7.8,2.07,2,necesidades
negligencia,10.0,1.471,2,negligencia
nerviosismo,9.34,1.686,2,nerviosismo
normalmente,8.32,2.004,4,normalmente
novecientos,6.82,1.687,4,novecientos
obligatoria,7.5,1.717,3,obligatoria
observación,7.8,2.06,2,observacion
ochocientos,6.52,1.46,4,ochocientos
ocupacional,9.78,1.135,3,ocupacional
oportunidad,8.14,2.176,2,oportunidad
orientación,9.28,1.807,2,orientacion
pantorrilla,8.32,2.104,2,pantorrilla
patriotismo,10.24,1.559,2,patriotismo
pensamiento,6.98,2.403,2,pensamiento
periodistas,7.68,1.684,2,periodistas
perjudicial,9.06,1.789,3,perjudicial
perplejidad,10.36,1.191,2,perplejidad
persecución,8.56,2.072,2,persecucion
persistente,9.96,1.34,3,persistente
perspectiva,10.14,1.325,2,perspectiva
pertenencia,8.56,2.14,2,pertenencia
pintalabios,5.14,2.01,2,pintalabios
popularidad,9.18,1.769,2,popularidad
portalibros,8.26,1.915,2,portalibros
posibilidad,8.44,1.897,2,posibilidad
preferencia,8.14,2.408,2,preferencia
preguntarle,6.08,1.828,1,preguntarle
preparación,7.5,2.375,2,preparacion
preposición,9.26,1.676,2,preposicion
presidencia,9.54,1.693,2,presidencia
presupuesto,10.22,1.542,2,presupuesto
principales,7.46,1.832,3,principales
prismáticos,7.36,1.956,3,prismaticos
procedencia,9.56,1.567,2,procedencia
profesional,8.82,1.935,3,profesional
profundidad,8.36,2.068,2,profundidad
prohibición,6.1,1.485,2,prohibicion
propietario,8.94,1.8,3,propietario
proposición,9.44,1.487,2,proposicion
prosperidad,9.56,1.96,2,prosperidad
providencia,10.34,1.364,2,providencia
psicológico,10.12,1.189,3,psicologico
publicación,8.56,1.775,2,publicacion
rápidamente,6.8,1.948,4,rapidamente
rascacielos,7.04,2.04,2,rascacielos
realización,8.86,1.895,2,realizacion
rendimiento,7.66,2.897,2,rendimiento
repercusión,10.41,1.306,2,repercusion
republicano,10.5,1.199,3,republicano
repugnancia,9.16,2.024,2,repugnancia
resistencia,8.65,1.751,2,resistencia
respiración,6.22,2.122,2,respiracion
responsable,7.58,2.031,3,responsable
restaurante,5.38,1.817,2,restaurante
rinoceronte,6.0,2.339,2,rinoceronte
saltamontes,4.74,1.562,2,saltamontes
seguimiento,9.3,1.581,2,seguimiento
seguramente,7.9,2.159,4,seguramente
seiscientos,6.76,1.673,2,seiscientos
seleccionar,8.16,2.044,1,seleccionar
sentimiento,7.5,2.401,2,sentimiento
servidumbre,9.76,1.585,2,servidumbre
significado,6.62,1.937,2,significado
simplemente,8.2,1.485,4,simplemente
simplicidad,10.24,1.001,2,simplicidad
situaciones,7.66,1.814,2,situaciones
sobrecogido,9.96,1.69,1,sobrecogido
sobrenombre,9.8,1.884,2,sobrenombre
solidaridad,8.36,1.914,2,solidaridad
sorprendido,6.12,2.362,3,sorprendido
sublevación,10.72,0.882,2,sublevacion
sufrimiento,8.14,1.773,2,sufrimiento
superdotado,8.46,1.887,2,superdotado
superficial,9.6,1.654,3,superficial
suprarrenal,10.86,0.405,3,suprarrenal
surrealismo,10.52,1.515,2,surrealismo
tatarabuelo,6.48,2.367,2,tatarabuelo
temperatura,7.06,1.57,2,temperatura
trabajadora,5.28,2.11,3,trabajadora
tradicional,7.8,1.616,3,tradicional
tratamiento,8.84,1.973,2,tratamiento
trayectoria,9.94,1.316,2,trayectoria
trescientas,6.28,1.471,4,trescientas
trescientos,6.32,1.671,2,trescientos
tripulación,9.08,1.978,2,tripulacion
últimamente,7.3,2.121,4,ultimamente
universidad,8.52,2.131,2,universidad
veinticinco,5.18,1.521,2,veinticinco
veintisiete,5.58,1.739,2,veintisiete
veterinaria,6.62,2.098,2,veterinaria
violonchelo,8.18,2.077,2,violonchelo
vocabulario,6.9,2.159,2,vocabulario
aburrimiento,5.38,1.737,2,aburrimiento
adolescencia,8.8,1.457,2,adolescencia
aglomeración,10.54,1.11,2,aglomeracion
alcantarilla,7.18,1.699,2,alcantarilla
apareamiento,9.62,1.713,2,apareamiento
aristocracia,10.54,0.788,2,aristocracia
articulación,8.54,1.528,2,articulacion
aterrorizado,7.5,2.27,1,aterrorizado
averiguación,8.94,1.921,2,averiguacion
ayuntamiento,7.92,2.32,2,ayuntamiento
blancanieves,3.6,1.578,2,blancanieves
calificativo,9.22,1.972,2,calificativo
calzoncillos,3.58,1.341,2,calzoncillos
civilización,9.1,1.717,2,civilizacion
coincidencia,8.84,2.014,2,coincidencia
colaboración,8.38,1.861,2,colaboracion
comprometido,8.76,1.954,1,comprometido
comunicación,7.58,1.991,2,comunicacion
congregación,10.38,1.008,2,congregacion
conocimiento,7.56,1.668,2,conocimiento
consecuencia,8.92,1.759,2,consecuencia
conservación,8.76,2.162,2,conservacion
considerarse,8.9,1.711,1,considerarse
constitución,9.7,1.729,2,constitucion
construcción,7.46,2.032,2,construccion
constructiva,10.06,1.268,3,constructiva
contestación,6.18,2.464,2,contestacion
continuación,6.86,2.195,4,continuacion
contrariedad,9.72,1.415,2,contrariedad
contribución,10.06,1.361,2,contribucion
contrincante,8.4,2.176,2,contrincante
conveniencia,9.74,1.352,2,conveniencia
conversación,7.06,2.28,2,conversacion
cumplimiento,9.18,1.769,2,cumplimiento
curiosidades,8.5,2.053,2,curiosidades
demostración,8.18,2.301,2,demostracion
denominación,9.84,1.405,2,denominacion
departamento,9.28,1.874,2,departamento
desagradable,7.52,2.375,3,desagradable
desaparición,6.9,2.082,2,desaparicion
descendencia,8.78,1.822,2,descendencia
desconfianza,9.2,1.969,2,desconfianza
desesperanza,9.98,1.647,2,desesperanza
desperdicios,8.12,1.955,2,desperdicios
destinatario,8.69,1.917,2,destinatario
determinante,9.22,2.122,2,determinante
dificultades,7.52,1.729,2,dificultades
directamente,7.94,1.609,4,directamente
distribución,9.52,1.619,2,distribucion
distribuidor,9.72,1.617,3,distribuidor
electricidad,7.22,1.753,2,electricidad
electricista,7.29,1.389,2,electricista
enciclopedia,7.68,1.801,2,enciclopedia
enfermedades,6.7,2.206,2,enfermedades
equivocación,6.84,2.122,2,equivocacion
especulación,10.46,1.092,2,especulacion
estremecerse,9.24,1.768,1,estremecerse
extraversión,10.68,0.741,2,extraversion
extravertido,10.2,1.485,3,extravertido
extremidades,8.16,1.877,2,extremidades
felicitación,5.92,2.44,2,felicitacion
financiación,10.04,1.551,2,financiacion
funcionarios,9.72,1.691,2,funcionarios
generalmente,8.82,1.956,4,generalmente
herramientas,6.6,1.959,2,herramientas
heterosexual,10.1,1.141,3,heterosexual
hidrográfica,10.78,0.648,3,hidrografica
impresionado,6.38,2.24,1,impresionado
indiferencia,9.58,1.762,2,indiferencia
inmobiliaria,9.76,1.408,3,inmobiliaria
inmortalidad,8.62,1.905,2,inmortalidad
inteligencia,7.1,2.197,2,inteligencia
interrumpida,8.8,1.904,1,interrumpida
intervención,9.84,1.633,2,intervencion
intolerancia,9.78,1.461,2,intolerancia
introducción,8.7,1.693,2,introduccion
introversión,10.42,1.214,2,introversion
introvertido,10.12,1.335,3,introvertido
investigador,9.08,1.602,2,investigador
lavavajillas,8.3,1.632,2,lavavajillas
localización,9.0,1.714,2,localizacion
medicamentos,5.88,2.413,2,medicamentos
mediterráneo,8.28,1.715,2,mediterraneo
menstruación,9.26,1.44,2,menstruacion
nacionalidad,8.72,1.617,2,nacionalidad
naturalmente,8.5,1.909,4,naturalmente
nombramiento,9.72,1.617,2,nombramiento
notificación,9.9,1.488,2,notificacion
organización,8.8,2.06,2,organizacion
particulares,8.5,2.178,3,particulares
persecutoria,10.1,1.298,3,persecutoria
persistencia,10.2,1.525,2,persistencia
personalidad,9.08,1.828,2,personalidad
personalizar,9.6,1.578,1,personalizar
portabilidad,10.32,1.435,2,portabilidad
posiblemente,8.16,2.054,4,posiblemente
precisamente,8.86,1.773,4,precisamente
predilección,9.76,1.847,2,predileccion
predominante,9.88,1.48,3,predominante
preocupación,8.22,2.288,2,preocupacion
presentación,7.54,2.435,2,presentacion
presupuestos,9.92,1.523,2,presupuestos
pretendiente,8.74,2.372,2,pretendiente
probabilidad,9.94,1.504,2,probabilidad
protagonista,7.5,2.297,2,protagonista
psiquiátrico,9.72,1.938,3,psiquiatrico
publicitario,9.24,1.88,3,publicitario
ramificación,10.16,1.315,2,ramificacion
razonamiento,9.08,1.883,2,razonamiento
renacimiento,10.44,0.929,2,renacimiento
reproducción,9.38,1.537,2,reproduccion
resurrección,8.0,2.339,2,resurreccion
romanticismo,9.16,1.92,2,romanticismo
satisfacción,9.2,1.874,2,satisfaccion
sensibilidad,8.4,2.531,2,sensibilidad
sinvergüenza,7.06,2.054,2,sinverguenza
sobresaltado,8.56,1.981,1,sobresaltado
supermercado,4.3,1.854,2,supermercado
superstición,9.56,1.692,2,supersticion
temperamento,9.26,2.319,2,temperamento
temperaturas,7.4,1.784,2,temperaturas
trabajadores,6.36,1.588,2,trabajadores
tranquilidad,6.72,2.021,2,tranquilidad
tranquilizar,6.56,2.278,1,tranquilizar
transparente,6.5,1.909,3,transparente
tuberculosis,10.16,1.49,2,tuberculosis
veinticuatro,5.08,1.536,4,veinticuatro
absolutamente,8.84,1.583,4,absolutamente
circunstancia,9.04,1.851,2,circunstancia
clasificación,8.42,1.875,2,clasificacion
claustrofobia,10.1,1.515,2,claustrofobia
coleccionista,8.12,1.799,2,coleccionista
completamente,8.02,1.922,4,completamente
concentración,8.6,1.969,2,concentracion
concretamente,8.74,1.871,4,concretamente
confederación,10.66,0.872,2,confederacion
conocimientos,7.76,1.901,2,conocimientos
consecuencias,8.5,1.764,2,consecuencias
consideración,9.48,2.14,2,consideracion
contaminación,7.8,1.539,2,contaminacion
contracepción,10.58,1.052,2,contracepcion
contribuyente,10.6,0.833,3,contribuyente
cuatrocientos,6.68,1.671,4,cuatrocientos
declaraciones,9.3,1.729,2,declaraciones
desesperación,9.12,1.891,2,desesperacion
desobediencia,6.0,2.424,2,desobediencia
despreocupado,8.5,1.729,3,despreocupado
desproporción,9.62,1.737,2,desproporcion
determinación,10.16,1.201,2,determinacion
documentación,9.78,1.595,2,documentacion
efectivamente,8.62,1.689,4,efectivamente
entendimiento,9.0,1.841,2,entendimiento
escurreplatos,8.6,2.312,2,escurreplatos
especialmente,7.96,2.194,4,especialmente
especificidad,10.52,0.909,2,especificidad
evidentemente,9.18,1.848,4,evidentemente
evolucionista,10.34,1.319,3,evolucionista
fallecimiento,8.0,2.25,2,fallecimiento
fotocopiadora,7.64,2.028,2,fotocopiadora
imposibilidad,9.58,1.605,2,imposibilidad
impresionante,7.68,1.911,3,impresionante
inconsciencia,9.98,1.545,2,inconsciencia
inconveniente,9.28,1.485,2,inconveniente
independencia,9.74,1.382,2,independencia
independiente,8.36,2.028,3,independiente
indispensable,9.56,1.842,3,indispensable
instituciones,9.62,1.589,2,instituciones
intelectuales,8.94,1.57,3,intelectuales
interferencia,9.32,1.696,2,interferencia
internacional,8.84,1.73,3,internacional
investigación,9.08,1.736,2,investigacion
irresponsable,7.46,1.854,3,irresponsable
levantamiento,8.82,1.815,2,levantamiento
manifestación,9.8,1.539,2,manifestacion
meteorológico,9.54,1.74,3,meteorologico
participación,6.98,1.879,2,participacion
peregrinación,9.86,1.414,2,peregrinacion
perfectamente,8.06,1.91,4,perfectamente
perseverancia,10.54,1.054,2,perseverancia
personalmente,9.18,1.6,4,personalmente
posibilidades,8.68,1.708,2,posibilidades
prácticamente,8.52,1.681,4,practicamente
probablemente,8.28,1.819,4,probablemente
procedimiento,9.58,1.579,2,procedimiento
profesionales,8.3,1.865,3,profesionales
protagonistas,7.2,1.818,2,protagonistas
psicoanálisis,10.9,0.463,2,psicoanalisis
recriminación,10.26,1.226,2,recriminacion
representante,8.7,1.887,2,representante
resentimiento,10.2,1.143,2,resentimiento
sencillamente,8.08,1.736,4,sencillamente
significación,9.5,1.619,2,significacion
sobresaliente,7.26,1.861,3,sobresaliente
supervivencia,9.18,1.395,2,supervivencia
temperamental,9.72,1.819,3,temperamental
transferencia,10.08,1.563,2,transferencia
transparencia,9.26,1.771,2,transparencia
trascendencia,10.34,1.319,2,trascendencia
universitaria,9.12,1.848,3,universitaria
universitario,9.54,1.705,3,universitario
voluptuosidad,10.62,1.524,2,voluptuosidad
aborrecimiento,9.96,1.538,2,aborrecimiento
acontecimiento,9.2,1.773,2,acontecimiento
administración,9.76,1.585,2,administracion
agradecimiento,7.4,2.507,2,agradecimiento
articulaciones,9.38,1.398,2,articulaciones
característica,8.0,1.852,2,caracteristica
circunstancias,9.3,1.764,2,circunstancias
comportamiento,6.24,2.412,2,comportamiento
constantemente,9.36,1.723,4,constantemente
constitucional,10.52,1.111,3,constitucional
contraposición,10.1,2.131,2,contraposicion
descomposición,8.96,1.795,2,descomposicion
descubrimiento,7.5,2.013,2,descubrimiento
destornillador,6.84,2.289,2,destornillador
disconformidad,10.08,1.226,2,disconformidad
enfrentamiento,8.68,1.911,2,enfrentamiento
espermatozoide,9.32,1.596,2,espermatozoide
exclusivamente,8.8,1.99,4,exclusivamente
extraordinario,8.52,1.919,3,extraordinario
extraterrestre,6.06,2.034,3,extraterrestre
funcionamiento,8.44,2.062,2,funcionamiento
identificación,8.86,2.176,2,identificacion
indudablemente,9.24,1.762,4,indudablemente
inmediatamente,8.4,1.969,4,inmediatamente
insatisfacción,9.28,1.885,2,insatisfaccion
interpretación,8.74,1.925,2,interpretacion
intranquilidad,9.34,1.923,2,intranquilidad
multiplicación,6.38,1.469,2,multiplicacion
particularidad,10.3,0.909,2,particularidad
reconocimiento,9.46,1.644,2,reconocimiento
reconstrucción,9.32,1.584,2,reconstruccion
representación,8.6,1.863,2,representacion
representantes,8.88,1.624,2,representantes
transatlántico,9.12,1.923,3,transatlantico
verdaderamente,8.56,1.95,4,verdaderamente
vicepresidente,9.21,1.055,2,vicepresidente
afortunadamente,8.86,1.552,4,afortunadamente
aproximadamente,8.9,2.053,4,aproximadamente
arrepentimiento,8.12,2.327,2,arrepentimiento
características,7.96,1.603,2,caracteristicas
correspondencia,8.94,1.984,2,correspondencia
deslumbramiento,9.18,1.758,2,deslumbramiento
desmoralización,10.42,1.012,2,desmoralizacion
entretenimiento,8.22,2.169,2,entretenimiento
establecimiento,8.86,2.1,2,establecimiento
internacionales,9.36,1.495,3,internacionales
responsabilidad,7.9,1.876,2,responsabilidad
condicionamiento,10.62,1.123,2,condicionamiento
desgraciadamente,9.14,1.784,4,desgraciadamente
electrodoméstico,7.28,2.204,2,electrodomestico
fundamentalmente,9.4,1.294,4,fundamentalmente
responsabilidades,8.66,1.757,2,responsabilidades
esternocleidomastoideo,9.96,1.34,3,esternocleidomastoideo
