palabra,SER_m,SER_sd,palabra_noaccents
abad,1.6111111111111112,1.2711699398086063,abad
abandonado,4.72972972972973,1.7582922372551133,abandonado
abandonar,3.9722222222222223,2.1042285469448836,abandonar
abandono,4.052631578947368,1.9305141231071996,abandono
abanicarse,4.257142857142857,1.8042899392486649,abanicarse
abarcar,2.5294117647058822,1.3758808554312565,abarcar
abastecer,3.2058823529411766,1.8053692942913517,abastecer
abeja,4.777777777777778,1.8687063686046266,abeja
abejas,4.617647058823529,1.8093143834956986,abejas
aberración,3.5405405405405403,2.008241278590058,aberracion
abertura,3.1538461538461537,1.8572540786199954,abertura
abierta,3.3823529411764706,1.7235394498804246,abierta
abierto,4.085714285714285,1.9759052813007685,abierto
abismo,4.305555555555555,1.7041033577715452,abismo
aborto,4.676470588235294,2.010888364444991,aborto
abrasador,4.513513513513513,2.0360858640159667,abrasador
abrasar,4.918918918918919,1.8615760702870743,abrasar
abrazar,6.088235294117647,0.9959812295548892,abrazar
abrazo,6.090909090909091,1.2339883600452937,abrazo
abrigar,4.378378378378378,1.6890390323651059,abrigar
abrigarse,4.722222222222222,1.7502834237608669,abrigarse
abrigo,4.588235294117647,1.4795094817524375,abrigo
abril,3.264705882352941,1.8959098484099086,abril
abrir,3.2941176470588234,1.8179144188395115,abrir
abrochar,2.810810810810811,1.4498627873361334,abrochar
abrocharse,3.342857142857143,1.4741469545799968,abrocharse
abrumado,3.641025641025641,1.7989350575911573,abrumado
absoluta,3.5428571428571427,1.8205179796655993,absoluta
absoluto,3.081081081081081,2.059913406734187,absoluto
absorber,3.5405405405405403,1.8796364097965947,absorber
abstener,2.914285714285714,1.5023790657297034,abstener
abstracto,3.473684210526316,1.9554061181174056,abstracto
abstraer,3.235294117647059,1.7066505124012652,abstraer
absurdo,3.588235294117647,1.4998514483779473,absurdo
abuelo,4.894736842105263,1.9971530234677848,abuelo
abundancia,3.857142857142857,1.784621514377722,abundancia
abundante,3.942857142857143,1.6967591451466097,abundante
aburrida,4.162162162162162,2.0751641637003817,aburrida
aburrido,4.166666666666667,1.9346465162548798,aburrido
aburrir,4.2,1.9220087531171195,aburrir
aburrirse,4.4411764705882355,2.0477804165928304,aburrirse
abusar,4.277777777777778,1.9655767762903749,abusar
abuso,4.657894736842105,1.8927502624984014,abuso
acabar,3.5,1.9108938095862762,acabar
acabarse,3.5454545454545454,1.9217652869645185,acabarse
academia,2.735294117647059,1.5037090210424189,academia
académico,3.2058823529411766,1.8053692942913517,academico
acampada,4.294117647058823,1.6611316289716633,acampada
acampar,4.485714285714286,1.8844788415372777,acampar
acaparar,2.8823529411764706,1.4722628611303803,acaparar
acariciar,5.882352941176471,1.4091627835156704,acariciar
acarrear,2.3947368421052633,1.65283497131134,acarrear
acceder,2.6486486486486487,1.531452038212541,acceder
acceso,2.6944444444444446,1.9540353037378748,acceso
accidente,5.264705882352941,1.377499348939224,accidente
acción,3.9743589743589745,2.0962018219323744,accion
aceite,4.105263157894737,1.656917908619275,aceite
acelerar,4.617647058823529,1.4357915329891062,acelerar
acelgas,4.085714285714285,2.0489800701156398,acelgas
acento,3.588235294117647,2.061444728146119,acento
acentuar,2.25,1.5923926292577109,acentuar
acepción,2.2857142857142856,1.3627702877384937,acepcion
acequia,2.5,1.6376257758774382,acequia
acera,2.3684210526315788,1.4222375335037991,acera
acercarse,3.526315789473684,1.6722996321664232,acercarse
acero,3.4411764705882355,1.941433030093668,acero
acertar,4.057142857142857,1.781322330095673,acertar
ácido,5.285714285714286,1.7076200943285427,acido
aclamar,3.5277777777777777,1.8436936701107236,aclamar
acobardar,3.2777777777777777,1.8763355032176205,acobardar
acogedor,5.0,1.7320508075688772,acogedor
acoger,3.5428571428571427,2.0050356772952673,acoger
acomodar,3.911764705882353,1.4846211037658332,acomodar
acompañada,4.4,1.8818013897827355,acompanada
acompañado,4.542857142857143,1.5212776585113301,acompanado
acompañar,3.411764705882353,1.5976810289390462,acompanar
acontecimiento,3.914285714285714,1.6868248727299773,acontecimiento
acoplarse,3.6923076923076925,1.8659532085554067,acoplarse
acordar,3.411764705882353,1.8605578677704808,acordar
acordarse,3.323529411764706,1.6827212490900083,acordarse
acordeón,3.3783783783783785,2.01868151898091,acordeon
acostar,4.914285714285715,1.2688908674954853,acostar
acostarse,5.2727272727272725,1.5666989036012802,acostarse
acostumbrar,3.2857142857142856,1.6551422290302815,acostumbrar
acostumbrarse,3.2058823529411766,1.754291910416243,acostumbrarse
acotar,1.9428571428571428,1.1867617121160159,acotar
acre,2.5428571428571427,1.578213009235765,acre
acreditar,2.411764705882353,1.3054117441431576,acreditar
activar,3.0588235294117645,1.6132251993048006,activar
actividad,3.4722222222222223,1.9782548024691016,actividad
activo,4.131578947368421,1.9196150040748101,activo
acto,3.8285714285714287,1.5240370978523623,acto
actor,4.171428571428572,1.5046147501000002,actor
actriz,3.2777777777777777,1.7502834237608673,actriz
actual,3.5714285714285716,1.9746289939797668,actual
actualidad,3.588235294117647,1.7428233287055273,actualidad
actuar,4.051282051282051,2.0124444150377756,actuar
acuchillar,4.588235294117647,2.105082551592599,acuchillar
acudir,2.5135135135135136,1.5022505639062869,acudir
acuerdo,2.8684210526315788,1.8769015961703934,acuerdo
acumular,2.5555555555555554,1.106976433984403,acumular
acurrucarse,5.111111111111111,1.8788716641002199,acurrucarse
acusar,3.58974358974359,1.9697441554137876,acusar
acústica,4.147058823529412,1.827937286590452,acustica
adaptar,3.3529411764705883,2.0726553447819343,adaptar
adecuado,3.054054054054054,1.7942182752439064,adecuado
adelantar,3.0588235294117645,1.4129525602833974,adelantar
ademán,2.235294117647059,1.4576615463133797,ademan
adherirse,2.823529411764706,1.731536158676943,adherirse
adhesión,2.641025641025641,1.8279580135564482,adhesion
adhesiva,3.2777777777777777,1.717325347511749,adhesiva
adicción,5.257142857142857,1.4213261649694948,adiccion
adicto,4.157894736842105,1.7167901505579044,adicto
adiestrar,3.1578947368421053,1.7167901505579042,adiestrar
adinerado,2.8055555555555554,1.6530395284262511,adinerado
adivinar,2.8333333333333335,1.889822365046136,adivinar
adjetivo,2.5526315789473686,1.6877518778357143,adjetivo
adjuntar,1.9705882352941178,1.1142409868727206,adjuntar
admirado,4.333333333333333,1.8400991582740047,admirado
admirar,4.8,1.7954190072973792,admirar
admitir,3.0555555555555554,1.9558621693250335,admitir
adoctrinar,3.3714285714285714,1.8800143035393655,adoctrinar
adolescente,4.410256410256411,1.5847621225771382,adolescente
adorable,5.5675675675675675,1.4632638658632762,adorable
adorar,3.611111111111111,2.0877572078022286,adorar
adosado,2.176470588235294,1.2178119533221001,adosado
adquirir,3.5128205128205128,1.9038989755346356,adquirir
aduana,2.588235294117647,1.4998514483779473,aduana
adueñar,2.6052631578947367,1.461940097197954,aduenar
adulterar,3.6857142857142855,1.8274287396008984,adulterar
adulto,3.057142857142857,1.9843928860108375,adulto
advertencia,4.029411764705882,1.6234138014586696,advertencia
advertir,3.4285714285714284,1.5771477286491564,advertir
aérea,2.8823529411764706,1.6654184274002795,aerea
afán,2.823529411764706,1.5069654082071615,afan
afectar,3.823529411764706,1.7832654459232606,afectar
afecto,4.9393939393939394,1.4564381625088383,afecto
afeitar,3.6176470588235294,1.5572840748686707,afeitar
afeitarse,3.3714285714285714,1.8000933682600415,afeitarse
aferrar,4.6,1.666274463656961,aferrar
afianzar,3.088235294117647,1.6943336414099637,afianzar
afición,4.457142857142857,1.6331646857424706,aficion
afilada,3.7948717948717947,2.041406728336939,afilada
afilado,4.085714285714285,1.560004309410122,afilado
afilar,3.6944444444444446,2.0258253266183277,afilar
afiliarse,2.5555555555555554,1.6638070706226633,afiliarse
afligido,3.7058823529411766,1.4674118994711225,afligido
afortunado,4.294117647058823,1.4879192663970402,afortunado
afrontar,3.764705882352941,1.8100531304676846,afrontar
agachar,2.764705882352941,1.3270798091917266,agachar
agacharse,3.3823529411764706,1.985015164927232,agacharse
agarrar,3.5384615384615383,1.7895332212053428,agarrar
agarrarse,4.057142857142857,1.8777780540223772,agarrarse
agencia,2.3947368421052633,1.669106795997132,agencia
agenda,2.8823529411764706,1.903182436554433,agenda
agente,2.6176470588235294,1.3710139110837012,agente
ágil,3.918918918918919,1.8764383872168628,agil
agilidad,4.114285714285714,1.622841164556208,agilidad
agilizar,3.1470588235294117,1.5202143577155933,agilizar
aglomeración,3.9705882352941178,1.6784786422783793,aglomeracion
agobiado,4.589743589743589,1.8312772177671766,agobiado
agonía,4.882352941176471,1.6286210170301434,agonia
agosto,5.486486486486487,1.7735968103392745,agosto
agradable,4.676470588235294,1.5318950085728964,agradable
agradar,4.323529411764706,1.3644976483827553,agradar
agradecer,4.914285714285715,1.633679149351307,agradecer
agradecido,4.323529411764706,1.4506129996888597,agradecido
agrario,3.242424242424242,1.820547703136048,agrario
agregar,2.411764705882353,1.328422328310143,agregar
agresión,5.205882352941177,1.148897014260248,agresion
agresiva,4.9714285714285715,1.6713100582849278,agresiva
agresivo,4.972972972972973,1.4811123163668902,agresivo
agrio,4.685714285714286,1.9966358260455856,agrio
agrupación,3.3714285714285714,1.6642559596287057,agrupacion
agua,5.4,1.556768901206825,agua
aguanieve,4.147058823529412,2.2174562677683727,aguanieve
aguantar,4.514285714285714,2.005454746309624,aguantar
agudizar,3.257142857142857,1.6687941603384862,agudizar
agudo,4.323529411764706,1.9183419013887715,agudo
aguijón,4.405405405405405,1.950205964328718,aguijon
águila,3.9210526315789473,1.8362944318377414,aguila
aguja,4.529411764705882,1.8296430206156886,aguja
agujerear,3.0294117647058822,1.604638996834001,agujerear
ahogarse,4.588235294117647,1.9558404697109124,ahogarse
ahorcar,4.333333333333333,2.1439429162340526,ahorcar
ahorrar,4.230769230769231,1.580498563271104,ahorrar
aire,4.617647058823529,1.497770178639363,aire
ajedrez,3.657142857142857,1.9991594872501257,ajedrez
ajo,4.297297297297297,2.27137825100954,ajo
ajustar,2.7714285714285714,1.4967752451366176,ajustar
ala,3.8461538461538463,1.9267980193282974,ala
alardear,3.6285714285714286,1.8163589028233231,alardear
alargar,3.3783783783783785,1.655820564476037,alargar
alargarse,3.4857142857142858,1.8370601285658523,alargarse
alarma,4.675675675675675,1.930084253400671,alarma
alba,4.323529411764706,1.8376630125225857,alba
alborozo,2.411764705882353,1.437962511814284,alborozo
álbum,4.4,2.002939017015334,album
alcachofa,3.1470588235294117,2.0469097616144474,alcachofa
alcalde,2.7058823529411766,1.5672676815846585,alcalde
alcalina,1.6764705882352942,1.0363276723909671,alcalina
alcantarillar,2.5588235294117645,1.5411757902326675,alcantarillar
alcanzar,4.457142857142857,1.8840328638144224,alcanzar
alcoba,2.7941176470588234,1.4930020959352412,alcoba
alcohólica,4.794117647058823,1.4308169263217567,alcoholica
alcohólico,4.617647058823529,1.6699610934018598,alcoholico
alcornoque,2.914285714285714,1.8688062967546732,alcornoque
aldea,3.3142857142857145,1.8750910342046387,aldea
alegar,2.763157894736842,1.9233165404935268,alegar
alegoría,2.4473684210526314,1.7194808836524145,alegoria
alegrar,5.264705882352941,1.3098420799889596,alegrar
alegre,5.4,1.518513204730593,alegre
alejar,3.4705882352941178,1.3758808554312567,alejar
alejarse,3.9411764705882355,1.6132251993048006,alejarse
alemán,3.5714285714285716,1.8356873097452255,aleman
alergia,4.973684210526316,1.618922599776864,alergia
alérgica,4.628571428571429,1.8000933682600415,alergica
alerta,4.264705882352941,1.5822658001703103,alerta
alertar,3.5384615384615383,1.984759747440664,alertar
alfa,2.5714285714285716,1.6677867384776799,alfa
alfabeto,2.857142857142857,1.865205510564092,alfabeto
alfombra,2.4705882352941178,1.4819171472698967,alfombra
algarabía,2.8285714285714287,1.7737582945246397,algarabia
alicates,2.3529411764705883,1.276414318153182,alicates
alimentar,5.472222222222222,1.3832903034041921,alimentar
alimentarse,5.0,2.0,alimentarse
alimento,6.051282051282051,1.1459015744616,alimento
alistar,2.6857142857142855,1.6046151924889613,alistar
aliviar,4.216216216216216,2.0157041109902676,aliviar
alma,4.514285714285714,1.9759052813007685,alma
almadraba,1.6666666666666667,1.218898800440088,almadraba
almendra,4.052631578947368,1.9583137868136629,almendra
almidón,2.8823529411764706,1.6654184274002795,almidon
almohada,4.529411764705882,1.5999108709577898,almohada
almorzar,5.171428571428572,1.6888164021989285,almorzar
almuerzo,4.72972972972973,1.9528988232404192,almuerzo
alojarse,3.5135135135135136,1.7578652081687292,alojarse
alquilar,2.2222222222222223,1.3545924239123128,alquilar
alta,3.675675675675676,1.9156381886122624,alta
altar,3.4411764705882355,1.8122675645417803,altar
alterar,4.147058823529412,1.4382723841402199,alterar
alto,3.6052631578947367,1.8238580089975076,alto
aludir,2.857142857142857,1.4781319121038663,aludir
alumbrar,4.228571428571429,1.7335057014058888,alumbrar
aluminio,2.5588235294117645,1.3749088448151034,aluminio
alumno,3.6857142857142855,1.6228411645562086,alumno
alzar,2.9473684210526314,1.6917505474068846,alzar
amabilidad,5.114285714285714,1.604615192488961,amabilidad
amable,4.676470588235294,1.7183605335758734,amable
amado,5.514285714285714,1.615575449681459,amado
amamantar,4.457142857142857,1.596740377122334,amamantar
amanecer,5.424242424242424,1.5213132285607516,amanecer
amar,6.371428571428571,0.807527609643246,amar
amargo,5.264705882352941,1.5434872662825796,amargo
amarilla,3.5588235294117645,1.8940285184021117,amarilla
amarillo,3.8055555555555554,1.801894946112397,amarillo
amarrar,3.0294117647058822,1.4870204929738073,amarrar
amasar,3.235294117647059,1.8919097859428096,amasar
amatista,2.5,1.6001893827313256,amatista
ámbar,3.5,1.5811388300841898,ambar
ambición,3.676470588235294,1.8043816742533887,ambicion
ambientar,3.7714285714285714,1.610365583004173,ambientar
ambiente,3.948717948717949,1.7312714820817,ambiente
ámbito,2.9411764705882355,1.7570839560250098,ambito
ambulancia,5.138888888888889,1.8385207994903756,ambulancia
amenaza,4.6571428571428575,1.7479880391106652,amenaza
amenazar,4.0,1.874873733122184,amenazar
ameno,3.6842105263157894,1.8174122255900118,ameno
americana,2.764705882352941,1.349721038055794,americana
americano,3.1470588235294117,1.5788824766976217,americano
ametrallar,4.529411764705882,1.910660588884903,ametrallar
amigable,4.314285714285714,1.4505866677562795,amigable
amigo,5.735294117647059,1.286499208668136,amigo
aminorar,2.5,1.561855927860806,aminorar
amistad,5.588235294117647,1.5786002057600488,amistad
amo,3.7058823529411766,2.0379641024094237,amo
amoldar,2.973684210526316,1.867023098125233,amoldar
amontonar,3.176470588235294,1.5269416498802557,amontonar
amor,6.235294117647059,0.9865404361127618,amor
amordazar,4.205882352941177,2.0416780348186543,amordazar
amoroso,5.685714285714286,1.3233519955785318,amoroso
amortizar,2.736842105263158,1.7810444935231016,amortizar
ampliar,2.7941176470588234,1.591252827647865,ampliar
amplio,2.735294117647059,1.675289636277529,amplio
amplitud,2.8857142857142857,1.5295410417243887,amplitud
ampolla,3.891891891891892,1.7761347512659775,ampolla
amputar,4.617647058823529,1.7583516020711665,amputar
amueblar,2.942857142857143,1.7479880391106657,amueblar
análisis,2.8529411764705883,1.597959929356452,analisis
analizar,2.891891891891892,1.7124346505582138,analizar
analogía,2.1025641025641026,1.231064404550447,analogia
anatomía,4.571428571428571,1.786974345345889,anatomia
ancha,2.878787878787879,1.556389567186983,ancha
ancho,2.5277777777777777,1.4635790009642433,ancho
ancla,3.324324324324324,1.944422994304681,ancla
andar,4.264705882352941,1.7974531397678548,andar
andén,3.6285714285714286,1.9263759679117416,anden
anécdota,4.0588235294117645,1.774246343980046,anecdota
anfitrión,3.358974358974359,1.813504596183276,anfitrion
ángel,4.571428571428571,1.8986948192921163,angel
ángulo,2.5142857142857142,1.3144318515757956,angulo
angustia,4.742857142857143,1.7713879095360285,angustia
angustiado,4.512820512820513,1.8477838058745837,angustiado
anhelar,4.891891891891892,1.8676155889229424,anhelar
anhelo,3.735294117647059,2.0197333086687874,anhelo
anillo,4.4,1.7354436625492493,anillo
animado,4.4411764705882355,1.5800110561674585,animado
animados,3.6285714285714286,1.5355725945969831,animados
animal,5.243243243243243,1.7224885970499102,animal
animar,4.742857142857143,1.5782130092357651,animar
ánimo,4.714285714285714,1.8080120472566572,animo
anís,4.2,1.8117265083826728,anis
anochecer,5.382352941176471,1.392941206580912,anochecer
ánodo,1.7647058823529411,1.1562432251572008,anodo
anonadar,3.1842105263157894,1.843253046198116,anonadar
anónima,3.3529411764705883,1.73872738102494,anonima
anormal,3.588235294117647,1.5199211913146968,anormal
anotar,2.7837837837837838,1.5117160068231352,anotar
ansia,3.9705882352941178,1.6419739435729634,ansia
ansiedad,5.771428571428571,1.4769944499022387,ansiedad
ansioso,4.411764705882353,1.5786002057600488,ansioso
antecedente,2.7777777777777777,1.640750892751088,antecedente
anteceder,2.5714285714285716,1.4809717454848252,anteceder
antecesor,2.6285714285714286,1.4967752451366176,antecesor
antena,2.638888888888889,1.869343319041327,antena
anteponer,3.0,1.4552137502179978,anteponer
anterior,2.411764705882353,1.4167321993860322,anterior
anteriores,2.41025641025641,1.4994375913716294,anteriores
antesala,2.176470588235294,1.2666009927622472,antesala
antibalas,3.0,1.820517979665599,antibalas
anticuario,2.925,1.8727122795697373,anticuario
antídoto,3.7941176470588234,1.7885055851643272,antidoto
antigua,3.3947368421052633,1.7481955745036315,antigua
antiguo,3.3333333333333335,1.5856499343441837,antiguo
antipático,4.0,1.5374122295716148,antipatico
antisocial,4.235294117647059,1.6340843702377361,antisocial
antojo,4.2105263157894735,1.7730397586560904,antojo
antología,2.2285714285714286,1.1902969052673689,antologia
antorcha,3.75,1.9621416870348585,antorcha
anual,2.657142857142857,1.6439346119609992,anual
anular,2.9411764705882355,1.6503659184811517,anular
anunciar,2.676470588235294,1.5318950085728957,anunciar
añadidura,2.108108108108108,1.3288211940534986,anadidura
añadir,2.5,1.4616304718921387,anadir
añicos,4.0,1.7822655773580136,anicos
año,3.5,2.0780235364840838,ano
añorar,4.891891891891892,1.92619059550456,anorar
apaciguar,3.1578947368421053,1.8087821166124336,apaciguar
apagar,3.742857142857143,1.6863266228674674,apagar
aparador,2.2058823529411766,1.5526987603154725,aparador
aparato,2.6315789473684212,1.667188159286086,aparato
aparcar,2.918918918918919,1.8764383872168628,aparcar
aparecer,3.4411764705882355,1.4395112064061828,aparecer
aparición,3.3823529411764706,1.5377020612698387,aparicion
apariencia,3.710526315789474,1.8440246046438762,apariencia
apartar,2.914285714285714,1.5023790657297034,apartar
apelar,2.3513513513513513,1.5314520382125407,apelar
apelativo,2.6315789473684212,1.6178239076925416,apelativo
apellidar,2.948717948717949,1.8488790053024868,apellidar
apéndice,2.7058823529411766,1.5672676815846585,apendice
aperitivo,4.352941176470588,1.6121198718716367,aperitivo
apertura,3.1714285714285713,1.580873070131042,apertura
apestar,4.918918918918919,2.0052483689111984,apestar
apetecer,4.970588235294118,1.5072610945453764,apetecer
apetencia,3.0,1.5763402186230246,apetencia
ápice,2.1621621621621623,1.4242642060125392,apice
aplastado,3.8529411764705883,1.6354473568540804,aplastado
aplastar,3.676470588235294,1.5318950085728957,aplastar
aplaudir,4.5,1.7968225924034427,aplaudir
aplausos,4.647058823529412,1.411690431795447,aplausos
aplicado,3.2285714285714286,1.832480066270111,aplicado
apogeo,3.3636363636363638,1.764549903980152,apogeo
aporrear,3.735294117647059,1.958800243955959,aporrear
apostar,3.9714285714285715,1.8548143126614536,apostar
apóstol,2.6,1.8019597175101922,apostol
apoteosis,3.55,1.9341731155782413,apoteosis
apoyar,4.0285714285714285,1.7737582945246393,apoyar
apoyarse,3.2058823529411766,1.5526987603154725,apoyarse
aprender,4.764705882352941,1.8595995582205451,aprender
apresurar,3.5428571428571427,1.5594655408534184,apresurar
apretado,4.117647058823529,1.3203467378008662,apretado
apretar,4.0256410256410255,1.7242417019355663,apretar
aprobación,4.0285714285714285,1.901790399252524,aprobacion
aprobar,4.527777777777778,2.090606352385575,aprobar
aprovechar,3.4411764705882355,1.7089989355917785,aprovechar
aproximar,3.142857142857143,1.4978976864230735,aproximar
apto,3.5588235294117645,1.8617550610400868,apto
apurar,3.2941176470588234,1.6611316289716638,apurar
apuros,3.4705882352941178,1.5999108709577898,apuros
árabe,3.676470588235294,1.5515503143297071,arabe
araña,4.868421052631579,1.9336431464784776,arana
arañar,4.783783783783784,1.7342166841278828,aranar
arar,3.0,1.6765472885698187,arar
árbitro,2.8529411764705883,1.3287577461486682,arbitro
árbol,4.088235294117647,1.8318337733708352,arbol
arca,2.6,1.7523094005609048,arca
archivo,2.5,1.5225576567676569,archivo
arco,3.2058823529411766,1.754291910416243,arco
arcoíris,5.054054054054054,1.5082356496167217,arcoiris
arder,5.428571428571429,1.614014255453379,arder
ardiente,4.815789473684211,1.6083441738346378,ardiente
ardilla,3.4285714285714284,1.5956874654502233,ardilla
ardor,4.9714285714285715,1.7402791237532638,ardor
área,2.8823529411764706,1.7366757845806056,area
arena,4.2,1.8439088914585777,arena
argot,2.41025641025641,1.8023077124670897,argot
argumentar,3.0833333333333335,2.0053499872662055,argumentar
argumento,3.2,1.549193338482967,argumento
aristocracia,3.1842105263157894,1.9151637169153204,aristocracia
aritmética,2.230769230769231,1.3852899841119808,aritmetica
arma,4.411764705882353,1.760124772760805,arma
armar,3.7941176470588234,1.7885055851643272,armar
armario,3.282051282051282,1.9187265232401296,armario
armazón,2.3714285714285714,1.5919967906728347,armazon
armonía,4.914285714285715,1.6515844188042506,armonia
armónica,4.606060606060606,2.1497004724407818,armonica
aroma,5.485714285714286,1.597266572680241,aroma
arpa,3.8529411764705883,2.3501431670274573,arpa
arquetipo,1.8571428571428572,1.0885191544386494,arquetipo
arrancar,4.026315789473684,1.4609667681305394,arrancar
arrastrar,3.3529411764705883,1.3457532067227758,arrastrar
arrastrarse,4.0285714285714285,1.5621575254927975,arrastrarse
arrebato,4.108108108108108,1.8676155889229424,arrebato
arreglar,3.8,1.7115524428733941,arreglar
arreglo,2.8823529411764706,1.7191383656188357,arreglo
arrepentido,4.264705882352941,1.879858529967514,arrepentido
arrepentirse,4.264705882352941,1.7634130736867066,arrepentirse
arrestar,3.5,1.4407489634761415,arrestar
arrogante,4.285714285714286,1.7247579296719833,arrogante
arroyo,3.914285714285714,1.9907348417315736,arroyo
arroz,4.117647058823529,2.0115530843235763,arroz
arrugado,4.3428571428571425,1.781322330095673,arrugado
arrugar,3.9210526315789473,1.8654986862783909,arrugar
arruinar,3.7941176470588234,1.9814199341474084,arruinar
arte,4.75,2.0615528128088303,arte
artefacto,3.342857142857143,1.8461861664914885,artefacto
artesanal,3.4722222222222223,1.7806276760274509,artesanal
articular,2.6176470588235294,1.66996109340186,articular
artículo,2.7222222222222223,1.717325347511749,articulo
artificial,3.6857142857142855,1.9368171065440538,artificial
artificio,2.3823529411764706,1.4567441047793086,artificio
artilugio,2.0294117647058822,1.1673667367366674,artilugio
artístico,4.9411764705882355,1.5163987736218039,artistico
arzobispo,2.4411764705882355,1.4810147313855813,arzobispo
as,2.0588235294117645,1.3693877523912965,as
asalariar,2.5428571428571427,1.5967403771223339,asalariar
asaltar,3.7567567567567566,1.9207262140110417,asaltar
asamblea,2.973684210526316,1.5154491280620257,asamblea
ascender,4.485714285714286,1.4010800155894143,ascender
ascensor,3.5428571428571427,1.7879146107860369,ascensor
ascética,1.7428571428571429,1.1717974414110481,ascetica
asco,4.911764705882353,1.3341129627975499,asco
asearse,4.588235294117647,1.760124772760805,asearse
asediado,2.6857142857142855,1.5675276256394517,asediado
asesinar,5.324324324324325,1.8265640794498113,asesinar
asesino,5.166666666666667,1.9198214202665531,asesino
asesor,2.6923076923076925,1.7191467613454456,asesor
asesorar,2.5833333333333335,1.7133926245067956,asesorar
asesorarse,2.588235294117647,1.4167321993860322,asesorarse
asfaltar,2.823529411764706,1.7139461509042935,asfaltar
asfixiar,5.216216216216216,2.0157041109902676,asfixiar
asfixiarse,5.0,2.077447826946374,asfixiarse
asiento,2.588235294117647,1.2089977581958697,asiento
asignatura,3.057142857142857,1.814044184280253,asignatura
asilo,3.4545454545454546,1.697257145568054,asilo
asistencia,2.8157894736842106,1.7061932205445396,asistencia
asistente,2.5135135135135136,1.6265440804496034,asistente
asistir,3.054054054054054,1.7942182752439064,asistir
asma,4.131578947368421,1.9613984618203653,asma
asomar,3.264705882352941,1.5037090210424189,asomar
asombrado,4.2368421052631575,1.822297488490178,asombrado
asonante,2.7142857142857144,1.9031155349835698,asonante
áspero,4.647058823529412,1.6492854824121697,aspero
aspirar,4.0,1.632993161855452,aspirar
asqueado,4.411764705882353,1.4998514483779473,asqueado
asquerosa,4.6,1.8182085559531327,asquerosa
asqueroso,4.666666666666667,1.9912087486503651,asqueroso
astronauta,3.742857142857143,1.7879146107860369,astronauta
astucia,3.2222222222222223,1.8065137872410673,astucia
astuto,3.1944444444444446,1.68725380332225,astuto
asumir,3.5142857142857142,1.721344012707522,asumir
asunto,2.8157894736842106,1.7836382974421743,asunto
asustado,4.564102564102564,1.7289313979095473,asustado
asustar,5.085714285714285,1.421917275897511,asustar
asustarse,4.9411764705882355,1.9218232578936871,asustarse
atacar,3.9444444444444446,1.926424436906652,atacar
ataque,4.285714285714286,1.672817780791169,ataque
atar,3.657142857142857,1.8933763359617213,atar
atardecer,5.685714285714286,1.4707226829297342,atardecer
ataúd,4.857142857142857,1.9424492898651127,ataud
atender,3.5128205128205128,1.9449231465237746,atender
atentar,4.117647058823529,1.49270358506633,atentar
atento,3.6176470588235294,1.8425066240142913,atento
aterrizar,4.205882352941177,1.7542919104162424,aterrizar
aterrorizado,4.588235294117647,1.8276934803490756,aterrorizado
atestiguar,1.9696969696969697,1.2115292114938996,atestiguar
ático,3.5945945945945947,1.8627855405198874,atico
atisbar,2.0,1.138989594902999,atisbar
atlas,2.388888888888889,1.3789805298071838,atlas
atleta,4.055555555555555,1.9992061916734345,atleta
atmósfera,4.2,1.231928187364641,atmosfera
atmosférico,3.3529411764705883,1.535091606015478,atmosferico
átomo,3.088235294117647,1.8152159410538384,atomo
atontar,3.0,1.5559732104309982,atontar
atormentar,4.371428571428571,1.8484606359587634,atormentar
atornillar,3.0,1.9847906537954927,atornillar
atracador,3.9411764705882355,1.9375269534092077,atracador
atraer,4.485714285714286,2.0632844828435215,atraer
atrapar,3.6285714285714286,1.6642559596287057,atrapar
atravesar,3.6285714285714286,1.610365583004173,atravesar
atrever,3.3947368421052633,2.0072769464344113,atrever
atrevido,4.176470588235294,1.424261387213996,atrevido
atribuir,2.5428571428571427,1.4621269185848471,atribuir
atributo,2.388888888888889,1.8712528694934047,atributo
atrocidad,4.0588235294117645,1.5752090091349442,atrocidad
atropellar,5.114285714285714,1.7949509016950287,atropellar
atún,3.764705882352941,2.075233809819726,atun
audaz,3.0,1.7071279138616748,audaz
audiencia,4.0285714285714285,2.0506199103702083,audiencia
auditivo,5.205882352941177,2.0416780348186543,auditivo
auditorio,3.735294117647059,1.8473375358822495,auditorio
auge,2.891891891891892,1.897129173013556,auge
aula,3.611111111111111,1.8091478306141464,aula
aumentar,3.5428571428571427,1.596740377122334,aumentar
aumento,2.8333333333333335,1.8283482006601322,aumento
aura,3.676470588235294,1.7359058107965475,aura
aurora,4.771428571428571,1.864304227346181,aurora
ausencia,4.4,2.002939017015334,ausencia
ausentar,2.7058823529411766,1.4255123855994118,ausentar
ausentarse,2.764705882352941,1.3939006427226193,ausentarse
ausente,3.088235294117647,1.3566368187951103,ausente
auténtica,4.256410256410256,1.7728648940411724,autentica
autentificar,2.764705882352941,1.6888013236829962,autentificar
autobús,4.117647058823529,1.9503644707150123,autobus
autómata,2.4411764705882355,1.2598984199214232,automata
automático,2.878787878787879,1.6911086555418267,automatico
automóvil,3.6470588235294117,1.773241389867146,automovil
autonomía,3.8378378378378377,2.179621698999794,autonomia
autor,2.676470588235294,1.6090763063679716,autor
autoridad,3.7941176470588234,1.855040827202527,autoridad
autoritario,3.324324324324324,1.9868184233712571,autoritario
autorizar,3.1142857142857143,1.5861798090237507,autorizar
autosugestionarse,3.0588235294117645,1.6132251993048006,autosugestionarse
auxiliar,3.9411764705882355,2.0291986247835694,auxiliar
auxilio,4.628571428571429,1.4967752451366176,auxilio
avalancha,4.594594594594595,1.892374455830844,avalancha
avalar,2.057142857142857,1.4130246478608164,avalar
avanzar,3.4166666666666665,2.019547332590011,avanzar
avaricia,3.942857142857143,1.6259451033142525,avaricia
avaro,2.764705882352941,1.5965649400644928,avaro
ave,4.228571428571429,2.0304406112049307,ave
avenida,3.142857142857143,1.7002224273667867,avenida
aventura,4.647058823529412,1.905054726664421,aventura
aventurera,4.705882352941177,1.9310761917819352,aventurera
avergonzado,4.277777777777778,1.830083700054822,avergonzado
avergonzar,4.138888888888889,2.0305210841101533,avergonzar
averiguar,3.230769230769231,1.9929023857249857,averiguar
aversión,2.6666666666666665,1.7566201313073597,aversion
avestruz,3.264705882352941,1.7461442116397883,avestruz
avión,4.378378378378378,1.8158461656476568,avion
aviso,3.742857142857143,1.720855757411157,aviso
avispa,4.594594594594595,1.862785540519888,avispa
ayudar,4.676470588235294,1.8043816742533891,ayudar
azafata,2.945945945945946,1.5625112612206802,azafata
azar,3.1052631578947367,1.8569005516198152,azar
azote,4.823529411764706,1.4661966513127962,azote
azotea,3.9705882352941178,1.8665361553560482,azotea
azúcar,5.0,1.6388149028228556,azucar
azufre,4.088235294117647,1.7984445646307565,azufre
azul,4.6923076923076925,1.7343866829493075,azul
azulejo,2.657142857142857,1.513524463799977,azulejo
azules,4.294117647058823,1.9928571200392826,azules
baba,4.176470588235294,1.6961737374436572,baba
babear,3.5135135135135136,1.8046486518867755,babear
bacteria,3.323529411764706,1.5119842117841351,bacteria
bahía,3.5,1.6560266430297075,bahia
bailar,5.833333333333333,1.4040757000349275,bailar
bailarín,4.512820512820513,1.8334866823364147,bailarin
bailarina,4.371428571428571,1.9415838635401934,bailarina
baja,2.5294117647058822,1.4613255526290123,baja
bajada,2.611111111111111,1.960725489313699,bajada
bajar,2.735294117647059,1.3327761759259749,bajar
bajarse,2.5294117647058822,1.4613255526290123,bajarse
bajo,3.1470588235294117,1.597959929356452,bajo
bala,4.166666666666667,1.5946338585572373,bala
balancear,3.5714285714285716,1.8516401995451028,balancear
balancearse,4.257142857142857,1.8525476439512276,balancearse
balanza,2.9166666666666665,1.5923926292577109,balanza
balcón,3.5142857142857142,1.560004309410122,balcon
ballena,3.4411764705882355,1.5607142201586257,ballena
balneario,4.705882352941177,1.714985851425088,balneario
bambú,3.324324324324324,1.930084253400671,bambu
bancaria,2.3823529411764706,1.4773995557787778,bancaria
bancarrota,3.641025641025641,2.0709415540709664,bancarrota
banco,2.7714285714285714,1.5546082216073205,banco
banda,3.210526315789474,1.9334592264565198,banda
bandera,3.6176470588235294,1.7235394498804246,bandera
bando,2.6315789473684212,1.403105679431495,bando
banquete,4.5588235294117645,1.7089989355917785,banquete
bañar,5.0,1.5904124511289146,banar
bañarse,5.282051282051282,1.8056740678777565,banarse
bañera,4.147058823529412,1.6901201847381089,banera
baño,4.315789473684211,2.119475498068621,bano
bar,4.942857142857143,1.589355347355671,bar
baraja,3.1470588235294117,1.811283705856596,baraja
baranda,2.3783783783783785,1.7376764714754929,baranda
barata,3.4285714285714284,1.9294271366471063,barata
barato,3.5135135135135136,2.0631909162161306,barato
barba,4.588235294117647,1.7428233287055273,barba
barbarie,3.638888888888889,1.8845655471718943,barbarie
barco,3.638888888888889,1.869343319041327,barco
barítono,3.1666666666666665,1.9346465162548798,baritono
barniz,2.911764705882353,1.4846211037658332,barniz
barnizar,3.3333333333333335,2.1246848505803664,barnizar
barra,2.9714285714285715,1.7570984485745793,barra
barranco,3.823529411764706,1.731536158676943,barranco
barrer,2.8285714285714287,1.524037097852363,barrer
barril,3.15,1.6878145480822084,barril
barrio,3.6285714285714286,1.6285271997532418,barrio
barro,4.162162162162162,1.8029838465029988,barro
barroco,3.3823529411764706,1.9229823094783904,barroco
base,2.176470588235294,1.4661966513127955,base
básico,1.9411764705882353,1.3013088159930006,basico
basílica,2.72972972972973,1.6608004871923232,basilica
bastardo,3.088235294117647,1.4846211037658332,bastardo
basto,3.081081081081081,1.9632509657082444,basto
bastón,3.2941176470588234,1.732565303587226,baston
basura,4.6,1.8818013897827355,basura
bata,2.9411764705882355,1.6132251993048006,bata
bate,2.878787878787879,1.3864878235485822,bate
batido,4.147058823529412,1.9405146605862293,batido
batidora,3.1142857142857143,1.8907114840626495,batidora
batir,3.1470588235294117,1.5001485369117864,batir
baúl,3.2941176470588234,1.4879192663970409,baul
bautismal,2.5588235294117645,1.4183040762695858,bautismal
bayeta,3.3846153846153846,1.8008095345585788,bayeta
beata,2.2,1.2319281873646408,beata
beatitud,2.1025641025641026,1.391607775104068,beatitud
bebé,5.6571428571428575,1.136114563994763,bebe
beber,5.166666666666667,1.5766148184367308,beber
bebida,5.029411764705882,1.6419739435729634,bebida
becar,3.6842105263157894,1.875954001019283,becar
bedel,2.0,1.3333333333333333,bedel
beige,2.9166666666666665,1.8727367292662513,beige
belén,3.257142857142857,1.9605349981552478,belen
bella,5.285714285714286,1.6009450990224594,bella
belleza,5.0588235294117645,1.324390688274108,belleza
bello,4.777777777777778,1.7421023606323003,bello
bendecir,3.1794871794871793,1.8334866823364147,bendecir
beneficio,3.2058823529411766,1.7016820869756166,beneficio
besar,6.542857142857143,0.7413365173339121,besar
besarse,6.151515151515151,1.2530266388133007,besarse
beso,6.358974358974359,1.0127393670836655,beso
bestia,4.487179487179487,1.6838520198732752,bestia
biblia,2.8857142857142857,1.7784895867235302,biblia
biblioteca,4.243243243243243,1.6398747480186375,biblioteca
bíceps,3.5,1.7624019422539814,biceps
bicho,4.685714285714286,1.9519436553377876,bicho
bicicleta,4.512820512820513,1.8334866823364147,bicicleta
bien,3.9722222222222223,2.0491965130768564,bien
bigote,3.7567567567567566,1.977728851842793,bigote
bingo,2.9166666666666665,1.7133926245067956,bingo
biografía,3.026315789473684,1.8378430675182893,biografia
biológico,3.5405405405405403,1.6765472885698185,biologico
blanca,3.7941176470588234,1.8874290958338955,blanca
blanco,3.7837837837837838,2.096758545087249,blanco
blanda,3.742857142857143,1.7713879095360285,blanda
blando,4.857142857142857,1.911926302155486,blando
blanquear,3.1470588235294117,1.597959929356452,blanquear
blasfemia,3.3529411764705883,1.7902488897759519,blasfemia
blindada,2.5142857142857142,1.560004309410122,blindada
bloque,2.5142857142857142,1.560004309410122,bloque
bloquear,3.3783783783783785,1.7535891979238112,bloquear
blusa,3.611111111111111,1.9015449024077804,blusa
bobina,1.7428571428571429,0.9500110569900548,bobina
boca,5.117647058823529,1.8218323423902008,boca
bocado,4.5,1.3980505908390635,bocado
bocanada,3.1621621621621623,1.8931677379683196,bocanada
boceto,3.264705882352941,1.5822658001703103,boceto
bochorno,4.205882352941177,1.6473930142244462,bochorno
bocina,4.485714285714286,1.8844788415372777,bocina
boda,4.914285714285715,1.5787453799742108,boda
bodega,3.864864864864865,2.149446468307625,bodega
bofetada,5.117647058823529,1.3203467378008662,bofetada
boina,2.7941176470588234,1.3878130116974405,boina
bola,2.72972972972973,1.8203883689514757,bola
bolas,3.088235294117647,1.7471647518856743,bolas
bolígrafo,3.282051282051282,1.8345904167690796,boligrafo
boloñesa,4.852941176470588,1.6168122947438694,bolonesa
bolsa,2.789473684210526,1.8181947497277104,bolsa
bolso,3.27027027027027,1.7740200526338892,bolso
bomba,5.3428571428571425,1.7977577070087176,bomba
bombear,3.4411764705882355,1.6365369288316076,bombear
bombilla,3.5428571428571427,2.132974409582256,bombilla
bonanza,2.676470588235294,1.6646154935999415,bonanza
bondad,4.294117647058823,1.5478119799037893,bondad
bondadosa,4.176470588235294,1.8001782442941443,bondadosa
bonita,4.794117647058823,1.3658033880579803,bonita
bonito,4.852941176470588,1.2341689128826112,bonito
borde,4.514285714285714,1.7718622402205335,borde
boreal,3.588235294117647,2.031832238643069,boreal
borrachera,5.235294117647059,1.3719886811400708,borrachera
borracho,5.228571428571429,1.2622508906411474,borracho
borrar,3.361111111111111,1.9589031592453945,borrar
borrascosa,3.342857142857143,1.8777780540223776,borrascosa
bosque,4.970588235294118,1.6964364453732805,bosque
bostezar,4.514285714285714,1.5410353389738947,bostezar
bota,2.6944444444444446,1.939358427705181,bota
botánico,3.4411764705882355,1.5800110561674585,botanico
botella,3.638888888888889,1.9734346820820912,botella
botón,3.1176470588235294,1.919038677936255,boton
bóveda,2.5833333333333335,1.5376233980678475,boveda
boxeador,4.114285714285714,1.9215714857350257,boxeador
brasa,4.216216216216216,1.9455809634361882,brasa
brazo,3.3513513513513513,2.0168211540856986,brazo
brecha,3.8684210526315788,1.9887664604320445,brecha
breve,3.264705882352941,1.355322247925535,breve
brevedad,3.1176470588235294,1.6099069403248867,brevedad
brillante,4.4411764705882355,1.4810147313855813,brillante
brillantes,5.0285714285714285,1.3391330445196132,brillantes
brillar,5.052631578947368,1.6265926651855034,brillar
brindar,4.411764705882353,1.3054117441431576,brindar
brío,2.1944444444444446,1.39015815019,brio
brisa,4.352941176470588,1.73872738102494,brisa
broche,2.6857142857142855,1.5861798090237507,broche
broma,4.923076923076923,1.457911544941768,broma
bromear,4.942857142857143,1.6077543187874914,bromear
bronca,4.2631578947368425,1.5885436220829168,bronca
bronce,3.2285714285714286,1.7836795129848908,bronce
brotar,3.2941176470588234,1.5672676815846585,brotar
bruja,3.5,1.4195603245905104,bruja
brujo,3.088235294117647,1.5833919681421857,brujo
bruma,3.6486486486486487,2.137186834969645,bruma
brutal,4.088235294117647,1.8646251887374452,brutal
bruto,3.676470588235294,1.5119842117841351,bruto
buceador,3.3142857142857145,1.7618744792612977,buceador
bucear,4.5,1.7100416440082458,bucear
buen,3.264705882352941,1.6201164105090453,buen
buena,3.8529411764705883,1.725606664356423,buena
buenas,3.5142857142857142,1.8209795129420379,buenas
bueno,4.194444444444445,1.9830632068947482,bueno
buey,3.5526315789473686,1.9270109667572848,buey
búfalo,3.3142857142857145,1.7281651026012357,bufalo
bufanda,3.857142857142857,1.9725000133133104,bufanda
búho,4.352941176470588,1.9366067315793813,buho
bulto,3.8529411764705883,1.7430790058621444,bulto
buque,2.5405405405405403,1.7415605166152088,buque
burdel,3.735294117647059,1.7110837170141666,burdel
burla,4.0588235294117645,1.3693877523912965,burla
burlarse,3.764705882352941,1.538571228778491,burlarse
burlón,3.25,1.6453397391246762,burlon
burro,3.3076923076923075,1.8659532085554071,burro
buscar,3.857142857142857,1.833396994056423,buscar
busto,2.5277777777777777,1.6645224301988006,busto
butaca,2.5428571428571427,1.559465540853418,butaca
butano,2.911764705882353,1.8152159410538384,butano
butifarra,3.5,2.102122479523712,butifarra
buzón,2.2,1.5107458228227773,buzon
cabalgata,4.176470588235294,1.7139461509042941,cabalgata
caballero,4.147058823529412,1.39549823710683,caballero
caballo,3.9705882352941178,1.5272334686406615,caballo
cabaña,3.5142857142857142,1.788384558122523,cabana
cabeza,3.742857142857143,2.0628771618479735,cabeza
cable,2.8285714285714287,1.5621575254927982,cable
cabo,2.4358974358974357,1.6025452090654153,cabo
cabra,3.090909090909091,1.9583736295016008,cabra
cabras,2.9705882352941178,1.714206135153177,cabras
cabrear,4.5,1.5025231304628084,cabrear
cabrearse,5.057142857142857,1.2353341330053444,cabrearse
cacahuete,4.088235294117647,1.8152159410538384,cacahuete
cachear,3.7941176470588234,1.591252827647865,cachear
cachondearse,4.085714285714285,1.704171845992143,cachondearse
cachorro,5.864864864864865,1.2284172780488765,cachorro
cactus,4.027777777777778,2.0768948128136056,cactus
cadáver,5.0285714285714285,1.7902631138485543,cadaver
cadena,2.864864864864865,1.797562580616105,cadena
cadencia,2.0588235294117645,1.347077115755897,cadencia
cadera,3.5526315789473686,1.6056886780654926,cadera
caer,4.514285714285714,1.633679149351307,caer
caerse,4.323529411764706,1.6277999325226848,caerse
café,4.805555555555555,1.939358427705181,cafe
cagar,4.583333333333333,2.0753657164805572,cagar
cagarse,4.225,2.1302160718623155,cagarse
caída,4.081081081081081,1.8465941378413153,caida
caja,2.5142857142857142,1.6692976432765785,caja
cal,2.8181818181818183,1.6854996561581055,cal
calabaza,2.823529411764706,1.5269416498802557,calabaza
calabozo,3.6176470588235294,1.5957273611277374,calabozo
calamidad,3.823529411764706,1.914388710652142,calamidad
calavera,4.0588235294117645,1.6503659184811517,calavera
calcar,3.088235294117647,1.4640675398152985,calcar
calcetín,4.0285714285714285,1.83888895941055,calcetin
calculadora,2.4411764705882355,1.1855487534059141,calculadora
cálculo,2.7948717948717947,1.641236491177615,calculo
caldo,4.085714285714285,1.9307333043268753,caldo
calendario,3.342857142857143,1.8461861664914885,calendario
calentar,4.944444444444445,1.4331672107497626,calentar
calentarse,5.352941176470588,1.432995441663677,calentarse
calibrar,3.1142857142857143,1.6586924079532288,calibrar
calidad,3.8285714285714287,1.3169866292079826,calidad
cálido,5.176470588235294,1.5661299190524267,calido
caliente,5.314285714285714,1.4505866677562795,caliente
calificar,3.6857142857142855,1.8274287396008984,calificar
cáliz,2.9210526315789473,1.8066181478912982,caliz
callado,3.7567567567567566,1.7385403425064727,callado
callar,3.735294117647059,1.6013029454149683,callar
callarse,3.8205128205128207,1.7452460974374882,callarse
calle,3.142857142857143,1.6652655174768614,calle
callejón,3.5,1.8995020684663937,callejon
callo,2.769230769230769,1.7085164149287448,callo
calma,4.885714285714286,1.6586924079532284,calma
calmar,4.027777777777778,1.9196147100188188,calmar
calor,5.428571428571429,1.0923723316362295,calor
calumniar,2.6842105263157894,1.7101487711148589,calumniar
calvario,3.5,1.8995020684663937,calvario
calvo,3.085714285714286,1.7383465533361862,calvo
calzado,3.289473684210526,1.7384039703571859,calzado
calzar,3.3714285714285714,1.911047053407146,calzar
cama,5.088235294117647,1.7297336817052702,cama
cámara,4.428571428571429,1.6500572946507803,camara
camarada,3.0,1.8149704259460602,camarada
camarero,3.0588235294117645,1.4129525602833974,camarero
cambiar,3.810810810810811,2.079500979640145,cambiar
cambiarse,3.6176470588235294,1.6880095124382433,cambiarse
camello,3.676470588235294,1.7532755187258162,camello
caminar,4.513513513513513,1.9093573907589028,caminar
camino,4.083333333333333,1.5560940111151933,camino
camión,2.911764705882353,1.6581780263896355,camion
camisa,3.4411764705882355,1.8122675645417803,camisa
campana,4.111111111111111,2.1216944411454026,campana
campaña,2.8947368421052633,1.7977384243514845,campana
campeón,4.054054054054054,1.942877961884064,campeon
campo,4.970588235294118,1.7492040461332443,campo
canal,2.6285714285714286,1.6818357317441643,canal
cancelar,3.0,1.7056057308448835,cancelar
cáncer,5.742857142857143,1.4821061552608792,cancer
canción,5.846153846153846,1.4241980483667502,cancion
candado,3.6153846153846154,1.6641005886756874,candado
candidato,2.4285714285714284,1.21958802797633,candidato
candil,2.72972972972973,1.6608004871923232,candil
canela,4.8,1.9673810600120452,canela
cangrejo,4.142857142857143,2.002099738111101,cangrejo
canguro,3.763157894736842,1.634661887947768,canguro
canon,3.0,1.8744368523675354,canon
cansado,5.114285714285714,1.7949509016950287,cansado
cansar,3.871794871794872,1.949081932056153,cansar
cantante,4.342105263157895,1.648526217966491,cantante
cantar,5.527777777777778,1.6298310361350974,cantar
cantidad,3.2058823529411766,1.8386327556046027,cantidad
cantina,3.6315789473684212,1.6833212445988381,cantina
cañón,3.696969696969697,1.7227312704838882,canon
caoba,3.3714285714285714,2.0012601072341205,caoba
caos,5.0,1.475286612233465,caos
capa,2.7567567567567566,1.816672865515501,capa
capaces,3.1470588235294117,1.6720945482397576,capaces
capacidad,3.1578947368421053,1.778646855693633,capacidad
capaz,3.5277777777777777,2.076894812813606,capaz
capellán,1.4722222222222223,0.9098229375970788,capellan
capilla,3.4571428571428573,1.7547055583882603,capilla
capital,3.2857142857142856,1.9031155349835698,capital
capitalizar,2.3823529411764706,1.3260720278977705,capitalizar
capitán,3.2058823529411766,1.8220769328917246,capitan
capitular,1.9411764705882353,1.0993435085234369,capitular
capítulo,3.0789473684210527,1.9225768033352053,capitulo
capote,2.657142857142857,1.9241935995121076,capote
capricho,3.5428571428571427,1.9903126733795187,capricho
captar,3.6470588235294117,1.905054726664421,captar
capturar,3.5294117647058822,1.796213089161634,capturar
capucha,2.9714285714285715,1.6357353857213095,capucha
cara,4.666666666666667,1.9148542155126764,cara
caracol,3.4871794871794872,1.890026383438725,caracol
carácter,4.2,1.6413767535391819,caracter
caracterizar,2.6,1.332843047112185,caracterizar
caramelo,5.461538461538462,1.334682178729686,caramelo
caravana,3.176470588235294,1.641702520487619,caravana
carbón,3.4444444444444446,1.8584854731657858,carbon
carbonizar,3.923076923076923,1.8550729221674018,carbonizar
carcajada,5.9714285714285715,1.3391330445196132,carcajada
cárcel,4.285714285714286,1.7247579296719833,carcel
carecer,3.3823529411764706,1.7924877901169534,carecer
carencia,3.264705882352941,1.6013029454149683,carencia
cargar,2.6470588235294117,1.535091606015478,cargar
caricatura,3.9743589743589745,1.7394369852458083,caricatura
caricia,5.8,1.549193338482966,caricia
cariño,5.394736842105263,1.6852215137773032,carino
cariñoso,5.764705882352941,1.3270798091917253,carinoso
carmín,3.823529411764706,1.546659905326668,carmin
carnaval,4.833333333333333,2.007130147392398,carnaval
carne,5.029411764705882,1.1930428150931036,carne
carnero,2.606060606060606,1.599597487248627,carnero
carnosos,4.4411764705882355,1.6179144164088313,carnosos
caro,3.5,1.6742252844316692,caro
carpeta,2.090909090909091,1.0417424214878035,carpeta
carpintero,2.9696969696969697,1.8111606859423135,carpintero
carretera,3.5294117647058822,1.762149068740627,carretera
carrito,2.7027027027027026,1.7617047435945685,carrito
carro,2.8529411764705883,1.811283705856596,carro
carromato,2.323529411764706,1.5709597189306521,carromato
carroña,3.0294117647058822,1.6419739435729634,carrona
carruaje,2.9705882352941178,1.6419739435729634,carruaje
carta,3.3529411764705883,1.8729712732378816,carta
cartel,3.2,1.8597912596342003,cartel
cartulina,3.230769230769231,1.870287600478072,cartulina
casa,4.735294117647059,2.049520616963462,casa
casado,3.1315789473684212,1.833193235735068,casado
casar,4.205128205128205,1.908147174886057,casar
casarse,4.676470588235294,1.7532755187258167,casarse
cascabel,4.571428571428571,1.8516401995451028,cascabel
cascada,4.864864864864865,1.7346495349231241,cascada
casco,3.324324324324324,1.871631107617899,casco
casero,4.147058823529412,1.9405146605862293,casero
casino,4.0,1.9402850002906638,casino
casita,4.2,1.6942810378724418,casita
caso,2.4358974358974357,1.682649411444748,caso
casta,3.088235294117647,1.8152159410538384,casta
castaña,3.911764705882353,1.8968498136874925,castana
castaño,3.888888888888889,1.996822873291867,castano
castañuelas,4.052631578947368,1.9444636364741856,castanuelas
castigar,3.8421052631578947,1.7324613920970031,castigar
castigo,4.405405405405405,1.4232095859449256,castigo
castillo,3.8529411764705883,1.6538724611187703,castillo
castrar,4.571428571428571,1.770438866923285,castrar
casual,2.3714285714285714,1.1398068537544186,casual
casualidad,3.263157894736842,1.9408024326302653,casualidad
catalizar,1.9722222222222223,1.44392542567843,catalizar
catalogar,2.323529411764706,1.5119842117841351,catalogar
catalogarse,2.5945945945945947,1.6576331764741399,catalogarse
catar,3.8157894736842106,1.943182999796214,catar
catástrofe,5.176470588235294,1.3135791548583713,catastrofe
catecismo,2.7941176470588234,1.8386327556046027,catecismo
categoría,2.4,1.5377600210543065,categoria
católica,3.235294117647059,1.954928868417061,catolica
católico,3.054054054054054,1.7629827305189656,catolico
catre,2.6285714285714286,1.610365583004173,catre
cauce,2.4411764705882355,1.5607142201586257,cauce
caudal,2.8529411764705883,1.5788824766976217,caudal
caudaloso,4.228571428571429,1.8000933682600415,caudaloso
caudillo,2.945945945945946,1.9285277335882984,caudillo
causar,2.6,1.6305899329419904,causar
cautela,2.8857142857142857,1.6937849813436208,cautela
cavar,3.235294117647059,1.6340843702377361,cavar
cavidad,3.1714285714285713,1.617654698224895,cavidad
cavilar,2.0789473684210527,1.6171643341483686,cavilar
cazar,3.5294117647058822,1.67395909072867,cazar
cazo,3.0,1.909727421264462,cazo
cebo,2.9411764705882355,1.704560308907349,cebo
cebolla,4.914285714285715,1.9609635772396448,cebolla
ceder,3.1578947368421053,1.9386023913797903,ceder
ceja,2.9411764705882355,1.7397522719957683,ceja
celda,3.5142857142857142,1.6155754496814578,celda
celebrar,5.324324324324325,1.5465742438990417,celebrar
celeridad,2.810810810810811,1.7294481752833737,celeridad
celo,3.735294117647059,1.7461442116397883,celo
celofán,2.7058823529411766,1.6972243251798433,celofan
celos,4.323529411764706,1.7183605335758734,celos
célula,3.1621621621621623,1.740266798088307,celula
celulosa,2.6857142857142855,1.4707226829297335,celulosa
cementerio,4.769230769230769,2.019139192062567,cementerio
cena,5.138888888888889,1.8845655471718943,cena
cenar,5.216216216216216,1.6689173991798656,cenar
cenicero,3.3529411764705883,1.96765285403973,cenicero
ceniza,3.8285714285714287,1.7737582945246393,ceniza
censo,2.230769230769231,1.307096792242831,censo
censura,3.2777777777777777,1.8456297587406871,censura
censurar,3.857142857142857,1.5744813738620909,censurar
central,2.4411764705882355,1.501336303160343,central
centralizar,2.2777777777777777,1.4265064440515631,centralizar
centrar,3.1538461538461537,1.6628836959435314,centrar
centrifugar,2.948717948717949,1.8056740678777574,centrifugar
centro,2.7837837837837838,1.5117160068231352,centro
centuria,1.6,1.0346923384727065,centuria
cepillar,3.8857142857142857,1.9966358260455856,cepillar
cepillarse,3.9705882352941178,1.800425776539287,cepillarse
cepillo,3.5384615384615383,1.9979746830248117,cepillo
cera,3.2857142857142856,1.8875977352402271,cera
cerámica,2.7058823529411766,1.4255123855994118,ceramica
cercanía,3.3333333333333335,1.7260262647673315,cercania
cercano,4.470588235294118,1.8130051081785845,cercano
cerdo,4.027777777777778,2.0069324297987157,cerdo
cereal,3.857142857142857,1.9424492898651127,cereal
cereales,4.72972972972973,1.995114152243044,cereales
cerebral,4.411764705882353,1.5199211913146968,cerebral
cerebro,4.868421052631579,1.2980453627932782,cerebro
ceremonia,4.27027027027027,1.938622773583932,ceremonia
cereza,4.638888888888889,2.179813593311892,cereza
cerrada,3.8529411764705883,1.5788824766976217,cerrada
cerrado,3.2564102564102564,1.757958575614411,cerrado
cerrar,3.2058823529411766,1.754291910416243,cerrar
cerro,2.6216216216216215,1.8310796959315707,cerro
certificar,3.088235294117647,1.5446417071816567,certificar
cesar,2.7058823529411766,1.5081478057277968,cesar
césped,4.0,2.0291986247835694,cesped
cesta,2.8529411764705883,1.8444405071223429,cesta
cetro,2.1470588235294117,1.5400187511880155,cetro
chaleco,2.675675675675676,1.9156381886122624,chaleco
champán,4.7631578947368425,1.6835324915400722,champan
champiñón,3.4,2.002939017015334,champinon
chantaje,3.108108108108108,1.791705949705534,chantaje
chapa,3.0285714285714285,2.1072105102371195,chapa
chapotear,4.029411764705882,1.5072610945453764,chapotear
chaqueta,3.5405405405405403,2.0493168861110034,chaqueta
charca,3.0303030303030303,1.510067227080646,charca
charco,3.6,1.7690143483606575,charco
charlar,4.2368421052631575,1.7923894745421547,charlar
charlatán,4.4,1.518513204730593,charlatan
chata,2.891891891891892,1.9548200227441197,chata
chatear,3.8823529411764706,1.5909727514637633,chatear
chaval,3.951219512195122,1.8296341097634126,chaval
cheque,3.3513513513513513,1.8290285250223262,cheque
chica,4.277777777777778,2.159511996607581,chica
chicle,3.878787878787879,1.8329889483705253,chicle
chico,4.891891891891892,1.7917059497055345,chico
chiflado,3.7058823529411766,1.4674118994711225,chiflado
chillar,5.0,1.3257359305592338,chillar
chillido,5.25,1.5376233980678475,chillido
chimenea,3.9166666666666665,1.8879315968238135,chimenea
chip,2.918918918918919,1.7540172680383102,chip
chispa,4.45945945945946,1.8498437560837189,chispa
chiste,4.852941176470588,1.5400187511880155,chiste
chivo,2.088235294117647,1.215247750244432,chivo
chocar,4.257142857142857,2.0485699049488613,chocar
chocolate,5.914285714285715,1.578745379974212,chocolate
chófer,2.473684210526316,1.5375804458016245,chofer
choque,4.885714285714286,1.4905867098212693,choque
chorro,4.0,1.8311038136792213,chorro
choza,2.973684210526316,1.6189225997768635,choza
chulo,4.514285714285714,1.5787453799742108,chulo
chupar,5.314285714285714,1.4905867098212693,chupar
cicatriz,4.837837837837838,1.4627507100116677,cicatriz
cicatrizar,4.264705882352941,1.5237279549087528,cicatrizar
ciclo,2.8684210526315788,1.7269102643641998,ciclo
ciclón,4.564102564102564,2.023478919230986,ciclon
ciega,4.235294117647059,1.5965649400644928,ciega
ciego,4.647058823529412,1.432995441663677,ciego
cielo,4.861111111111111,1.7752710501743956,cielo
ciempiés,3.388888888888889,1.960725489313699,ciempies
cieno,1.9714285714285715,1.6357353857213093,cieno
científica,2.6944444444444446,1.9540353037378748,cientifica
científico,3.7948717948717947,1.8803623276195744,cientifico
cierto,3.4411764705882355,1.8940285184021117,cierto
ciervo,3.4857142857142858,1.755184397408877,ciervo
cifra,2.264705882352941,1.377499348939224,cifra
cigarro,4.470588235294118,1.7792626003683434,cigarro
cilindro,2.142857142857143,1.2635816774004696,cilindro
cima,4.257142857142857,1.6510755343617893,cima
cinc,1.9705882352941178,1.1930428150931032,cinc
cine,5.088235294117647,1.4640675398152985,cine
cinta,2.8,1.7286512933838472,cinta
cintura,3.5789473684210527,1.654340383737022,cintura
cinturón,3.25,1.917960226013936,cinturon
circo,4.088235294117647,1.6943336414099637,circo
circuito,3.051282051282051,1.7312714820817,circuito
circular,3.235294117647059,1.8432320679523744,circular
círculo,2.7714285714285714,1.4159950624231437,circulo
cirugía,4.631578947368421,1.8804981029558323,cirugia
cisne,3.9714285714285715,1.8548143126614536,cisne
cisterna,3.5588235294117645,2.002894518631204,cisterna
citar,2.717948717948718,1.6050695664333114,citar
ciudad,3.911764705882353,1.6212162859992818,ciudad
civil,2.4571428571428573,1.3578282214593997,civil
civilizar,3.1463414634146343,1.6816803443246298,civilizar
clamor,2.588235294117647,1.6536029910622172,clamor
clan,2.4705882352941178,1.3758808554312565,clan
clara,3.8157894736842106,1.9009992131862787,clara
clarificar,2.6315789473684212,1.7921910587033292,clarificar
claro,3.7435897435897436,1.5847621225771382,claro
clase,3.9705882352941178,1.817178867759901,clase
clásica,3.3783783783783785,2.1518900135998194,clasica
clásico,3.5428571428571427,1.4213261649694948,clasico
clasificar,3.121212121212121,1.8329889483705253,clasificar
claustro,2.761904761904762,1.8845912257753545,claustro
clausurar,3.0,1.775250729197189,clausurar
clavada,3.358974358974359,1.9397121257816023,clavada
clavar,4.135135135135135,1.7185614488441938,clavar
clave,2.8333333333333335,1.8283482006601322,clave
clavel,4.4,1.7523094005609046,clavel
clavo,2.7941176470588234,1.451841292033982,clavo
clero,2.1714285714285713,1.2244017575393895,clero
clientela,3.1794871794871793,1.6201331146056595,clientela
clima,4.352941176470588,1.4746823580151076,clima
climatizar,3.6285714285714286,1.456945117576586,climatizar
clínica,3.857142857142857,1.6652655174768618,clinica
clínico,3.7058823529411766,1.977592839864972,clinico
cloro,3.810810810810811,1.807973663737602,cloro
club,3.9473684210526314,1.8736778173688624,club
coacción,2.914285714285714,1.5787453799742108,coaccion
coagular,3.8823529411764706,1.5718104959867512,coagular
cobarde,3.823529411764706,1.731536158676943,cobarde
cobertizo,2.5277777777777777,1.7482417471131406,cobertizo
cobijo,3.0588235294117645,1.6132251993048006,cobijo
cobrar,3.657142857142857,1.6259451033142531,cobrar
cocer,4.057142857142857,2.0283702113484394,cocer
coche,3.735294117647059,1.863668970629055,coche
cochecito,3.25,1.7299876134981842,cochecito
cochino,4.029411764705882,1.8337789119845436,cochino
cocina,4.371428571428571,1.7335057014058888,cocina
cocinar,5.057142857142857,1.589355347355671,cocinar
cocinero,4.473684210526316,1.6230908469897158,cocinero
cocodrilo,4.029411764705882,1.8987283482540251,cocodrilo
codificar,2.823529411764706,1.2666009927622472,codificar
código,2.6666666666666665,1.6754156331667822,codigo
codo,2.5142857142857142,1.1973359784864694,codo
coger,3.4571428571428573,1.596740377122334,coger
cognitivo,3.6176470588235294,2.1036001734739354,cognitivo
cogote,2.526315789473684,1.6230908469897158,cogote
cohabitar,2.676470588235294,1.6090763063679716,cohabitar
coherencia,3.6857142857142855,1.6937849813436208,coherencia
cohesión,3.0294117647058822,1.731793502240626,cohesion
cohete,3.606060606060606,2.0757437513364025,cohete
coito,6.0285714285714285,1.3609191160153984,coito
cojear,3.764705882352941,1.5774706169171826,cojear
cojín,4.0285714285714285,1.7902631138485543,cojin
cola,3.4705882352941178,1.8624730076164386,cola
colaborar,3.4166666666666665,2.0615528128088303,colaborar
colcha,4.076923076923077,1.8120156759025563,colcha
colección,2.9714285714285715,1.5993696237197053,coleccion
colectivo,3.6216216216216215,1.7693588190727823,colectivo
colega,4.176470588235294,1.8169336178947235,colega
cólera,4.052631578947368,2.0127615615965753,colera
colgante,3.588235294117647,1.5976810289390462,colgante
colgar,3.0,1.6603483841521804,colgar
colina,3.6,1.8502781984784626,colina
colisión,4.264705882352941,1.7634130736867066,colision
collar,3.135135135135135,1.782042557201055,collar
colmo,3.0,1.7320508075688772,colmo
colocar,3.0285714285714285,1.484938388219095,colocar
colonia,4.823529411764706,1.7489492643904128,colonia
coloquio,2.5142857142857142,1.5023790657297034,coloquio
color,4.764705882352941,1.6888013236829962,color
colorear,4.428571428571429,1.8986948192921163,colorear
colorín,3.8823529411764706,1.7882564029150976,colorin
columna,2.5833333333333335,1.6278820596099706,columna
columpiar,3.9473684210526314,1.8298924561672967,columpiar
columpiarse,3.8684210526315788,1.579788775336736,columpiarse
columpio,4.823529411764706,1.7315361586769435,columpio
comarca,2.8857142857142857,1.4905867098212697,comarca
combatiente,3.176470588235294,1.546659905326668,combatiente
combatir,3.7222222222222223,1.7826322609494585,combatir
combinación,2.5588235294117645,1.3967749969686822,combinacion
combustión,4.135135135135135,2.0022509855183017,combustion
comedia,4.323529411764706,1.4918076940673126,comedia
comentar,3.3076923076923075,1.5070683663088231,comentar
comenzar,3.27027027027027,1.9528988232404192,comenzar
comer,5.470588235294118,1.2847660821791664,comer
comercial,2.4571428571428573,1.4004801097534822,comercial
comercializar,2.5,1.5811388300841898,comercializar
comerciar,2.3142857142857145,1.3009369603443188,comerciar
comercio,3.3333333333333335,1.8400991582740052,comercio
comerse,5.117647058823529,1.297192910640252,comerse
cometa,4.0,1.7922391615298479,cometa
cómico,3.888888888888889,1.5996031253814673,comico
comida,5.0588235294117645,1.8080824677925178,comida
comienzo,3.361111111111111,2.1132612275516283,comienzo
comisario,2.948717948717949,1.9594402792193646,comisario
comité,2.5135135135135136,1.8502495570661337,comite
comitiva,2.054054054054054,1.2006004503753285,comitiva
cómoda,4.384615384615385,1.5323766304834536,comoda
cómodo,4.5,1.6922282244532987,comodo
compadecer,4.0,1.7407765595569784,compadecer
compadre,3.0,1.7489492643904123,compadre
compaginar,3.7058823529411766,1.5281085905548826,compaginar
compañía,4.631578947368421,2.058877319784544,compania
comparar,2.8378378378378377,1.641704965940956,comparar
compartimentar,2.3947368421052633,1.5689465166536072,compartimentar
compartir,4.131578947368421,1.7269102643641998,compartir
compasión,4.513513513513513,1.8502495570661335,compasion
compenetrarse,4.171428571428572,1.932473487919719,compenetrarse
compensar,3.5,1.6922282244532987,compensar
competir,3.911764705882353,1.8152159410538384,competir
complacer,4.111111111111111,1.8636029279371378,complacer
complementar,3.0277777777777777,1.8896123731164867,complementar
completar,3.4571428571428573,1.8525476439512276,completar
completo,3.875,1.8423438249226904,completo
complicado,3.588235294117647,1.7428233287055273,complicado
cómplice,2.973684210526316,1.5851820955209437,complice
componer,3.411764705882353,1.7772577968016727,componer
comportar,2.942857142857143,1.4741469545799968,comportar
comportarse,3.176470588235294,1.641702520487619,comportarse
composición,2.911764705882353,1.5833919681421857,composicion
compostura,3.085714285714286,1.4424535586657765,compostura
comprar,3.676470588235294,2.0702889307254897,comprar
comprarse,3.948717948717949,2.1019880057336944,comprarse
comprobar,2.5405405405405403,1.5915505122467943,comprobar
comprobarse,2.5277777777777777,1.6985054120963627,comprobarse
comprometer,3.3055555555555554,2.0398801707725656,comprometer
comprometerse,4.323529411764706,1.8210983737809234,comprometerse
comprometido,4.472222222222222,1.9637589481270874,comprometido
compromiso,4.0606060606060606,1.8189865643297427,compromiso
compuesto,2.3157894736842106,1.4906059561946474,compuesto
compulsivo,3.526315789473684,1.856134345459025,compulsivo
comulgar,2.7567567567567566,2.0331339438496507,comulgar
común,2.911764705882353,1.4005982933456111,comun
comunicar,3.6176470588235294,1.6699610934018598,comunicar
comunicarse,4.542857142857143,1.6331646857424706,comunicarse
comunidad,3.526315789473684,1.7357425719155968,comunidad
comunión,3.1842105263157894,1.7219609054465208,comunion
concebir,2.973684210526316,1.533179739560241,concebir
conceder,3.0256410256410255,1.7989350575911567,conceder
concentrado,4.0,1.874873733122184,concentrado
concentrarse,4.589743589743589,1.727760167292183,concentrarse
concepción,3.2857142857142856,1.8875977352402271,concepcion
concepto,2.4210526315789473,1.6213371016402018,concepto
concertar,2.7941176470588234,1.5720939860235028,concertar
conciencia,4.411764705882353,2.046692039999024,conciencia
concluir,3.0588235294117645,1.7222461808081844,concluir
concordar,2.263157894736842,1.5714378082527667,concordar
concordia,2.4210526315789473,1.5001185349087156,concordia
concretizar,2.5,1.7359474397324113,concretizar
concreto,2.111111111111111,1.2823589374447562,concreto
concursar,3.0294117647058822,1.2669527775191383,concursar
concurso,3.8857142857142857,1.7949509016950287,concurso
condenar,3.5277777777777777,1.9782548024691016,condenar
condición,2.6470588235294117,1.6121198718716367,condicion
condicionar,3.0285714285714285,1.524037097852363,condicionar
condimentar,3.676470588235294,1.7006342530788618,condimentar
conducir,4.388888888888889,2.0602049520483257,conducir
conducta,3.3823529411764706,1.9386766164507439,conducta
conducto,2.1578947368421053,1.1746492470031487,conducto
conductor,3.4857142857142858,1.5787453799742108,conductor
conectar,3.7142857142857144,1.775179006241816,conectar
conejito,4.578947368421052,1.7026462543421406,conejito
conejo,3.411764705882353,1.7942272255482012,conejo
conferenciar,2.289473684210526,1.6588484240229295,conferenciar
confesar,3.6842105263157894,2.1448273811711136,confesar
confesión,4.529411764705882,1.5808569620313069,confesion
confianza,4.857142857142857,1.7513500194867684,confianza
confiar,4.5588235294117645,1.8779611199155424,confiar
confidente,3.3513513513513513,1.8740362888727669,confidente
configurar,2.0588235294117645,1.229465921757461,configurar
confirmar,2.6578947368421053,1.5985857903662033,confirmar
conflicto,4.176470588235294,1.6782131232318271,conflicto
conformarse,3.0588235294117645,1.4342388218903672,conformarse
confort,4.7105263157894735,1.6750618340638683,confort
confraternizar,3.5384615384615383,1.9173193162131044,confraternizar
confundir,3.5294117647058822,1.6373536319992192,confundir
confuso,3.914285714285714,1.5218299466611314,confuso
congelar,4.527777777777778,2.1042285469448836,congelar
congeniar,4.0256410256410255,2.0453693462265274,congeniar
conglomerar,2.282051282051282,1.5034822378086838,conglomerar
congreso,2.1944444444444446,1.4893803974317537,congreso
cónica,1.8055555555555556,1.4105610726524886,conica
conjetura,2.0285714285714285,1.0977440579692164,conjetura
conjugar,2.6470588235294117,1.5740769867040496,conjugar
conjunción,1.8857142857142857,1.1573658878329394,conjuncion
conjunto,3.0294117647058822,1.6234138014586696,conjunto
conmoción,3.6578947368421053,1.9901964562741399,conmocion
connotar,2.3823529411764706,1.6332660322996417,connotar
cono,2.176470588235294,1.445381112272744,cono
conocer,4.0,1.8744368523675354,conocer
conocido,3.6176470588235294,1.5957273611277374,conocido
conocimiento,3.6176470588235294,2.160453177521747,conocimiento
conquista,4.205882352941177,1.5330581788305175,conquista
conquistar,4.4,2.0750620118302914,conquistar
consagrar,2.742857142857143,1.6331646857424706,consagrar
consecuencia,3.6176470588235294,1.7235394498804246,consecuencia
consecuente,3.6470588235294117,1.920895513085632,consecuente
conseguir,3.810810810810811,2.0660998932212276,conseguir
consejo,3.1315789473684212,1.9196150040748101,consejo
consenso,2.7941176470588234,1.7016820869756166,consenso
consensuar,2.8529411764705883,1.4798106541691451,consensuar
consentir,3.1176470588235294,1.7014201889999252,consentir
conserje,3.085714285714286,1.8688062967546732,conserje
conserva,3.085714285714286,1.2918620526299276,conserva
conservación,3.2,1.4712939483165632,conservacion
conservador,3.3333333333333335,1.8652524404666158,conservador
conservar,3.2857142857142856,2.0374642338460034,conservar
consideración,3.142857142857143,1.5930521416609125,consideracion
considerado,2.5588235294117645,1.4810147313855813,considerado
considerar,3.1794871794871793,1.8619711523543347,considerar
consigna,2.4864864864864864,1.8351751599964152,consigna
consistir,2.111111111111111,1.429840705968481,consistir
consolado,3.0789473684210527,1.8654986862783904,consolado
consolar,4.705882352941177,1.6054719265536441,consolar
consonante,2.189189189189189,1.4688967484672493,consonante
consonantes,2.4864864864864864,1.6265440804496034,consonantes
constatar,2.676470588235294,1.2725681082039677,constatar
constitucional,2.2564102564102564,1.551195612184504,constitucional
constituir,2.8285714285714287,1.5432150222966394,constituir
constructiva,2.857142857142857,1.4781319121038663,constructiva
construir,3.6,1.7523094005609046,construir
cónsul,2.3333333333333335,1.659634286495757,consul
consulta,2.9705882352941178,1.4031413699623507,consulta
consultar,3.1470588235294117,1.777508520904888,consultar
consumir,4.114285714285714,1.7110613935323808,consumir
contactar,3.7058823529411766,1.4879192663970409,contactar
contagiar,3.789473684210526,1.8032687248115173,contagiar
contagiarse,4.2,1.530090347197915,contagiarse
contagio,3.864864864864865,1.7975625806161055,contagio
contaminar,4.228571428571429,1.9263759679117416,contaminar
contar,3.588235294117647,1.7772577968016727,contar
contemplar,3.8333333333333335,1.6647608150808246,contemplar
contener,2.5833333333333335,1.4217695212053785,contener
contenido,2.6857142857142855,1.5486508088433275,contenido
contentar,4.088235294117647,1.1379845836635802,contentar
contento,5.371428571428571,1.2853407487262414,contento
contestación,3.825,2.0240540683971044,contestacion
contestar,3.2777777777777777,1.798588511839391,contestar
contexto,2.72972972972973,1.677442640990688,contexto
contextual,2.0526315789473686,1.4509525002200232,contextual
contextualizar,2.5428571428571427,1.4004801097534822,contextualizar
continuar,2.911764705882353,1.6581780263896355,continuar
continuidad,3.4571428571428573,1.720855757411157,continuidad
contrapesar,2.358974358974359,1.6138737230843305,contrapesar
contrariar,2.7058823529411766,1.6427879437602386,contrariar
contrario,2.945945945945946,1.6823585617609373,contrario
contrarrestar,2.5294117647058822,1.5999108709577894,contrarrestar
contratar,3.235294117647059,1.7591117512249421,contratar
contribuir,3.5142857142857142,1.7383465533361862,contribuir
contribuyente,2.088235294117647,1.4005982933456111,contribuyente
controlar,3.923076923076923,2.044049327149876,controlar
convalidar,2.8378378378378377,2.0346104392830684,convalidar
convencer,3.7714285714285714,1.7335057014058888,convencer
convencerse,3.111111111111111,1.848208055353351,convencerse
convencido,3.4864864864864864,1.9525143564932659,convencido
convención,2.526315789473684,1.6560591794044985,convencion
conveniente,3.057142857142857,1.4939654524483637,conveniente
convento,2.9705882352941178,1.6234138014586696,convento
conversar,3.9705882352941178,1.7492040461332443,conversar
conversión,2.710526315789474,1.468735340110247,conversion
convertir,3.2857142857142856,1.6728177807911695,convertir
convicción,3.5142857142857142,1.788384558122523,conviccion
convivir,3.7567567567567566,1.9207262140110417,convivir
cónyuge,4.514285714285714,1.804755622554715,conyuge
coñac,4.0588235294117645,1.6132251993048006,conac
cooperar,3.945945945945946,1.870025934846091,cooperar
copa,4.088235294117647,1.8152159410538384,copa
copia,2.8,1.8002848777417535,copia
copla,3.3846153846153846,1.7564225695757214,copla
copulativa,2.5,1.623309931940027,copulativa
coquetear,5.485714285714286,1.2688908674954866,coquetear
coqueto,4.114285714285714,1.7110613935323808,coqueto
coraje,4.264705882352941,1.6932812601647003,coraje
corán,2.4857142857142858,1.5218299466611314,coran
coraza,3.864864864864865,1.9026613256489242,coraza
corazón,5.078947368421052,1.8509541578473379,corazon
corbata,2.4411764705882355,1.283725083157044,corbata
corcho,3.3684210526315788,1.7921910587033292,corcho
cordel,2.764705882352941,1.5581423191194752,cordel
cordero,3.6666666666666665,1.8516401995451028,cordero
cordón,2.4857142857142858,1.4826730346678232,cordon
cordura,3.3823529411764706,1.6332660322996415,cordura
coro,4.277777777777778,1.9944367068868785,coro
corona,3.2222222222222223,2.0578922797174384,corona
coronar,2.7837837837837838,1.7971448827876202,coronar
corporal,4.0,1.9720265943665387,corporal
corpus,2.588235294117647,1.6536029910622172,corpus
corrección,3.5757575757575757,1.4583874448835397,correccion
correcta,3.9714285714285715,1.6176546982248945,correcta
correcto,3.411764705882353,1.940285000290664,correcto
corredor,3.8823529411764706,1.838390367790537,corredor
corregir,2.9473684210526314,1.469461538097813,corregir
correlacionar,2.1842105263157894,1.5220054898841704,correlacionar
correo,2.8684210526315788,1.4735699000575504,correo
correr,5.228571428571429,1.5919967906728347,correr
corretear,4.514285714285714,1.7718622402205335,corretear
corrida,3.923076923076923,2.2288138854629356,corrida
corroborar,2.4166666666666665,1.746424919657298,corroborar
corromper,3.8,1.6413767535391819,corromper
corrupto,4.162162162162162,1.833538072105911,corrupto
corta,2.6176470588235294,1.3487301745638252,corta
cortar,4.147058823529412,1.8444405071223429,cortar
cortarse,5.057142857142857,1.8140441842802526,cortarse
cortas,2.25,1.3601470508735443,cortas
corte,4.529411764705882,1.74486769694937,corte
cortesana,2.3529411764705883,1.3230440781767527,cortesana
cortesía,3.5,1.7276714053454971,cortesia
corteza,2.9705882352941178,1.5856419045781958,corteza
cortina,2.7222222222222223,2.0369600755062307,cortina
corto,2.764705882352941,1.3719886811400708,corto
cortos,2.942857142857143,1.5328339218365352,cortos
cosa,2.3823529411764706,1.5957273611277376,cosa
cosechar,3.65,1.6878145480822084,cosechar
coser,3.2162162162162162,1.8728340843511757,coser
cosmos,3.526315789473684,1.9964406449812484,cosmos
costa,4.513513513513513,1.9093573907589028,costa
costar,3.4705882352941178,1.5999108709577898,costar
coste,3.257142857142857,1.6331646857424706,coste
costumbre,3.4864864864864864,1.7735968103392736,costumbre
cota,2.236842105263158,1.4965584036303192,cota
cotillear,4.029411764705882,1.6603266220772979,cotillear
cotilleo,3.735294117647059,1.4834199538088628,cotilleo
cotizar,2.7714285714285714,1.6464884966946776,cotizar
cotizarse,2.263157894736842,1.4829519597532446,cotizarse
coyote,3.176470588235294,1.914388710652142,coyote
cráneo,3.4857142857142858,1.560004309410122,craneo
creado,3.0526315789473686,1.8298924561672962,creado
crear,4.428571428571429,1.8674568155604543,crear
crecer,4.857142857142857,1.43778541192916,crecer
creciente,3.8285714285714287,1.932473487919719,creciente
crédito,2.911764705882353,1.602415734253519,credito
creer,4.117647058823529,2.041459755239817,creer
crema,3.911764705882353,1.9751125331779396,crema
cremallera,3.736842105263158,1.9957280122100236,cremallera
crepe,4.621621621621622,2.0048739410545293,crepe
crepúsculo,4.228571428571429,1.7671132039657935,crepusculo
cresta,3.176470588235294,1.8001782442941439,cresta
criado,2.5555555555555554,1.7145502441405849,criado
criatura,4.184210526315789,1.6083441738346378,criatura
crimen,4.794871794871795,1.779702624176108,crimen
criminal,4.513513513513513,1.7891900964406215,criminal
crisis,4.771428571428571,1.8000933682600415,crisis
crisma,2.4,1.193117518002609,crisma
cristal,4.4,1.6305899329419902,cristal
cristiana,3.0294117647058822,1.9146214772297734,cristiana
cristiano,3.2058823529411766,1.966066859196467,cristiano
criterio,3.235294117647059,1.8100531304676846,criterio
criticar,4.029411764705882,1.5072610945453764,criticar
cromatina,2.8823529411764706,1.5718104959867512,cromatina
cronología,2.5,1.285112894463032,cronologia
cruce,3.2058823529411766,1.8220769328917246,cruce
crucificar,3.7058823529411766,1.446613846920935,crucificar
cruel,4.828571428571428,1.5046147501000002,cruel
crueldad,4.756756756756757,1.6734097825399197,crueldad
cruz,3.1538461538461537,1.9539226610032923,cruz
cruzar,2.676470588235294,1.2240169397543907,cruzar
cuadrada,3.1714285714285713,1.7737582945246397,cuadrada
cuadrado,3.1052631578947367,1.8569005516198152,cuadrado
cuadrar,2.3333333333333335,1.4928400545843579,cuadrar
cuadro,4.410256410256411,1.9697441554137876,cuadro
cualidad,3.5142857142857142,1.9000221139801097,cualidad
cualificado,3.3055555555555554,1.8795051695964242,cualificado
cuántica,2.236842105263158,1.5842844838433532,cuantica
cuarta,2.085714285714286,1.2688908674954853,cuarta
cuartel,2.823529411764706,1.2178119533221001,cuartel
cuarto,3.4324324324324325,2.034979395753466,cuarto
cuarzo,3.789473684210526,1.9749498075981589,cuarzo
cubierta,2.58974358974359,1.6012815380508716,cubierta
cubierto,3.2051282051282053,1.8803623276195744,cubierto
cubil,1.9428571428571428,1.4939654524483634,cubil
cubismo,2.5,1.889822365046136,cubismo
cubo,2.4054054054054053,1.5358576948594094,cubo
cubrir,2.8684210526315788,1.436419208395485,cubrir
cucaracha,4.5,2.104417123236605,cucaracha
cuchara,2.8823529411764706,1.5128681546902676,cuchara
cuchillo,4.571428571428571,1.786974345345889,cuchillo
cuello,4.5675675675675675,2.1671863548612276,cuello
cuenca,3.4871794871794872,1.9584069099222736,cuenca
cuenco,2.1714285714285713,1.4649977772662173,cuenco
cuerda,2.942857142857143,1.45405835999994,cuerda
cuerdas,3.5135135135135136,1.8947533058659878,cuerdas
cuerno,3.3142857142857145,1.4505866677562802,cuerno
cuero,4.131578947368421,1.833193235735068,cuero
cuerpo,4.722222222222222,1.7006068011340807,cuerpo
cuervo,3.918918918918919,1.9632509657082444,cuervo
cuesta,3.6923076923076925,1.7037705268307597,cuesta
cuestión,2.8285714285714287,1.5046147501000007,cuestion
cueva,4.088235294117647,1.8152159410538384,cueva
cuidar,4.861111111111111,1.6414763002993507,cuidar
culebra,4.6,1.801959717510192,culebra
culminar,3.0833333333333335,1.7948338562186115,culminar
culpa,4.714285714285714,1.5824669603730335,culpa
culpable,3.8205128205128207,1.7751470639120353,culpable
culpar,3.8333333333333335,2.18435999126256,culpar
culparse,4.0,2.1514114968019085,culparse
cultivar,3.5,1.7100416440082458,cultivar
culto,3.515151515151515,1.6605950010691222,culto
cultural,3.6216216216216215,1.9343582247716533,cultural
culturizar,3.5,1.9966187634314385,culturizar
cumbre,3.5,1.862712261648849,cumbre
cumpleaños,5.6,1.1931175180026101,cumpleanos
cumplida,3.1142857142857143,1.7949509016950291,cumplida
cumplimentar,2.4324324324324325,1.3445474360571323,cumplimentar
cumplir,3.2941176470588234,1.8011681691664825,cumplir
cúmulo,3.7714285714285714,1.8163589028233231,cumulo
cuna,4.0,1.8422647458873531,cuna
cuneta,2.911764705882353,1.504893977113651,cuneta
cuñado,2.973684210526316,1.6355318517602562,cunado
cuota,2.3823529411764706,1.557284074868671,cuota
cúpula,3.4210526315789473,1.6705975455857738,cupula
cura,3.176470588235294,1.8001782442941439,cura
curar,4.026315789473684,1.6682543409895392,curar
curarse,4.864864864864865,1.8732349049195647,curarse
curiosidad,4.529411764705882,1.762149068740627,curiosidad
curioso,4.0588235294117645,1.9218232578936871,curioso
currar,3.9444444444444446,1.8814044062036583,currar
cursi,4.029411764705882,1.604638996834001,cursi
curso,3.4,1.666274463656961,curso
curvar,2.9705882352941178,1.546948004408114,curvar
curvatura,3.1052631578947367,1.5732471788098021,curvatura
curvo,2.9411764705882355,1.6503659184811517,curvo
cutis,3.9,1.7216569240422335,cutis
dactilar,3.5588235294117645,2.120479883802581,dactilar
dado,2.911764705882353,1.7297336817052702,dado
daga,3.085714285714286,1.721344012707522,daga
dama,3.5294117647058822,1.5420429997865597,dama
danza,5.4,1.376269467458616,danza
danzar,5.3428571428571425,1.5135244637999767,danzar
dañar,4.470588235294118,1.6919648631219315,danar
daño,5.088235294117647,1.443221292988279,dano
dar,3.857142857142857,1.734474952642597,dar
dardo,3.4571428571428573,1.7879146107860369,dardo
dato,2.0,1.3938641048743392,dato
deambular,3.4285714285714284,1.5956874654502233,deambular
debatir,3.5588235294117645,1.599075044585922,debatir
deber,3.4285714285714284,1.5771477286491564,deber
débil,3.6578947368421053,1.5985857903662033,debil
debilidad,4.0,1.775250729197189,debilidad
década,2.8823529411764706,1.5718104959867512,decada
decantar,2.911764705882353,1.215247750244432,decantar
decente,3.4324324324324325,1.5191470658918471,decente
decepcionar,4.823529411764706,2.007117460217198,decepcionar
decidir,3.588235294117647,1.876774264510439,decidir
decir,3.5588235294117645,1.7089989355917785,decir
decisión,4.147058823529412,1.777508520904888,decision
declaración,3.72972972972973,2.0769722708341134,declaracion
declarar,3.6,1.7012106415899304,declarar
decorar,4.1891891891891895,1.7925437827883623,decorar
decoro,1.8611111111111112,1.1988751341576767,decoro
decreciente,2.411764705882353,1.373287298261024,decreciente
decretar,2.588235294117647,1.6351748504193215,decretar
decreto,2.411764705882353,1.5976810289390462,decreto
dedal,2.8684210526315788,1.7579326407102571,dedal
dedicado,3.3513513513513513,1.7194349235886937,dedicado
dedicar,3.1052631578947367,1.871398865196842,dedicar
dedo,4.257142857142857,2.1739481180948337,dedo
defender,3.7058823529411766,1.883411021696762,defender
defenderse,4.542857142857143,1.8205179796655993,defenderse
defendido,3.3055555555555554,1.8176821102624778,defendido
definir,2.787878787878788,1.5157006580616386,definir
definitiva,3.5428571428571427,1.8042899392486649,definitiva
deforme,3.5588235294117645,1.6911745330532184,deforme
degollar,4.382352941176471,1.7755017367246642,degollar
degustar,5.085714285714285,1.5410353389738947,degustar
dejar,3.5128205128205128,1.668150486582053,dejar
delegado,3.085714285714286,1.8530011995080173,delegado
deleite,3.0,1.8822478962286404,deleite
deletrear,3.128205128205128,1.5420336398045273,deletrear
delgada,4.088235294117647,1.6943336414099637,delgada
deliberar,2.914285714285714,1.5023790657297034,deliberar
delicado,4.25,1.746424919657298,delicado
delicia,5.0588235294117645,1.4129525602833974,delicia
delincuente,3.8823529411764706,1.8710668789749731,delincuente
delirar,3.764705882352941,1.5581423191194752,delirar
delito,3.914285714285714,1.6868248727299773,delito
delta,2.5641025641025643,1.5693591014180848,delta
demandar,3.4444444444444446,1.731134136000269,demandar
demente,3.9705882352941178,1.714206135153177,demente
democracia,3.735294117647059,2.064253090094417,democracia
democrática,3.0,1.7056057308448835,democratica
democrático,2.9705882352941178,1.6419739435729634,democratico
democratizar,3.2058823529411766,1.9192708805722234,democratizar
demoler,4.142857142857143,1.4580982203432211,demoler
demonio,4.352941176470588,1.889081112864239,demonio
demora,2.7222222222222223,1.3007934086792923,demora
demostrar,3.3636363636363638,1.7287672959760556,demostrar
denegar,2.9166666666666665,1.6102351203650798,denegar
denominar,1.7027027027027026,0.9087495946771177,denominar
dentadura,3.342857142857143,1.7479880391106657,dentadura
dental,4.171428571428572,1.723295650536977,dental
dentista,4.647058823529412,1.6121198718716367,dentista
denunciar,4.0285714285714285,1.4447819759338059,denunciar
depender,3.323529411764706,1.6463106271074472,depender
dependiente,3.342857142857143,1.7977577070087183,dependiente
depilarse,4.861111111111111,1.514742369000235,depilarse
deportes,4.685714285714286,1.6586924079532284,deportes
deportiva,4.0285714285714285,1.8706040906256847,deportiva
deportivas,3.088235294117647,1.5833919681421857,deportivas
depósito,2.0,1.3309502512973848,deposito
depresión,4.6,1.8818013897827355,depresion
depresivo,4.382352941176471,1.7058669862237372,depresivo
deprimido,4.108108108108108,1.9548200227441201,deprimido
deprimir,3.763157894736842,1.8370689128640938,deprimir
deprimirse,4.647058823529412,1.6308085546407594,deprimirse
derecha,3.6470588235294117,2.1864923194700694,derecha
derecho,3.789473684210526,1.9334592264565194,derecho
derramar,3.857142857142857,1.4580982203432211,derramar
derretir,4.142857142857143,1.682834743255928,derretir
derribar,3.6666666666666665,1.406828584677844,derribar
derrotar,3.5588235294117645,1.6179144164088313,derrotar
desabrochar,3.9411764705882355,1.6319012238116848,desabrochar
desacelerar,3.2857142857142856,1.6903085094570334,desacelerar
desaconsejar,2.676470588235294,1.429570569877629,desaconsejar
desacreditar,2.6486486486486487,1.653552005300781,desacreditar
desagradable,4.857142857142857,1.5744813738620909,desagradable
desagradar,3.6176470588235294,1.5766228941778158,desagradar
desagrado,4.114285714285714,1.1573658878329385,desagrado
desagregar,2.588235294117647,1.4998514483779473,desagregar
desahuciar,3.735294117647059,1.657102683846971,desahuciar
desajustar,2.6285714285714286,1.3080230769171848,desajustar
desamortizar,2.4,1.3762694674586164,desamortizar
desanimado,4.088235294117647,1.764423625674342,desanimado
desanimar,3.1578947368421053,1.6028069261998628,desanimar
desaprovechar,3.1621621621621623,1.7875108937276984,desaprovechar
desarrollo,3.2058823529411766,1.6101837230898177,desarrollo
desastre,4.647058823529412,1.6492854824121697,desastre
desatornillar,3.1842105263157894,1.872348765702251,desatornillar
desayunar,5.235294117647059,1.5581423191194752,desayunar
desbloquear,3.7142857142857144,1.8402593898276243,desbloquear
descanso,4.833333333333333,1.8593393604027366,descanso
descargar,3.3529411764705883,1.9366067315793813,descargar
descender,2.823529411764706,1.3810533580917912,descender
descifrar,3.1470588235294117,1.597959929356452,descifrar
descodificar,2.235294117647059,1.2567110400351258,descodificar
descolgar,2.6216216216216215,1.6219218941214866,descolgar
descompensar,2.6052631578947367,1.5689465166536072,descompensar
descomposición,4.228571428571429,1.7671132039657935,descomposicion
descomprimir,2.3513513513513513,1.6196058542506948,descomprimir
desconcertar,3.4242424242424243,1.7858874374926152,desconcertar
desconectar,3.9411764705882355,1.6866890010005569,desconectar
desconfiar,3.9722222222222223,2.273903014782055,desconfiar
descongelar,3.5588235294117645,1.6549499025758,descongelar
descongestionar,4.0285714285714285,1.3609191160153984,descongestionar
desconocer,3.657142857142857,1.9088471596729784,desconocer
desconocido,3.9411764705882355,1.8576814560512958,desconocido
desconsolar,3.942857142857143,1.643934611960999,desconsolar
descontextualizar,2.3421052631578947,1.615404154759667,descontextualizar
descubrir,4.0588235294117645,1.9218232578936871,descubrir
descuidar,2.861111111111111,1.623977089524845,descuidar
desdén,2.676470588235294,1.5318950085728957,desden
desdeñoso,2.4324324324324325,1.5191470658918471,desdenoso
desear,4.416666666666667,1.9475259030003023,desear
desechar,3.142857142857143,1.4781319121038663,desechar
desembarcar,2.823529411764706,1.445381112272744,desembarcar
desembocar,2.25,1.5743479375828675,desembocar
desencajar,2.7941176470588234,1.6656859859894266,desencajar
desencantar,3.588235294117647,1.7076946547518654,desencantar
desenchufar,2.7777777777777777,1.4364860122855578,desenchufar
desenfadado,2.9705882352941178,1.6234138014586696,desenfadado
desenredar,3.2941176470588234,1.5864848081043232,desenredar
desenroscar,2.6944444444444446,1.6181019647271828,desenroscar
desenterrar,4.088235294117647,2.108678274220874,desenterrar
desenvolverse,3.0,1.7580981459830651,desenvolverse
deseo,5.914285714285715,1.0946777277953066,deseo
desertor,3.6,1.7523094005609046,desertor
desesperado,3.4594594594594597,1.9663078005150583,desesperado
desestimar,2.6470588235294117,1.3457532067227758,desestimar
deshabitar,3.2857142857142856,1.60094509902246,deshabitar
deshinchar,2.8684210526315788,1.436419208395485,deshinchar
deshonrar,2.973684210526316,1.747381703149232,deshonrar
desierto,4.138888888888889,1.7591033069278348,desierto
designar,2.857142857142857,1.286647653739729,designar
desigual,3.6578947368421053,1.7285569014623647,desigual
desilusionar,4.428571428571429,1.8356873097452255,desilusionar
desintegrar,3.4411764705882355,1.6179144164088313,desintegrar
desistir,2.9722222222222223,1.6298310361350978,desistir
desleal,4.205882352941177,2.0416780348186543,desleal
deslumbramiento,4.323529411764706,1.9183419013887715,deslumbramiento
desmantelar,2.7714285714285714,1.2622508906411474,desmantelar
desmesurar,2.5588235294117645,1.3967749969686822,desmesurar
desmontar,2.176470588235294,1.2178119533221001,desmontar
desmoralizar,3.871794871794872,2.0023602806830794,desmoralizar
desnudar,5.742857142857143,1.0939098022516234,desnudar
desnudarse,5.264705882352941,1.2864992086681373,desnudarse
desnudo,5.3428571428571425,1.327156561154382,desnudo
desordenado,3.942857142857143,1.589355347355671,desordenado
desordenar,3.7058823529411766,1.6792749475223272,desordenar
despacho,2.6285714285714286,1.456945117576586,despacho
desparramar,3.0588235294117645,1.6319012238116848,desparramar
despedazar,3.9411764705882355,1.6866890010005569,despedazar
despedida,4.972222222222222,1.8436936701107232,despedida
despedirse,5.117647058823529,1.5909727514637633,despedirse
despeinar,4.0,1.5675276256394517,despeinar
desperdicio,3.5588235294117645,1.7441013396778162,desperdicio
despersonalizarse,3.111111111111111,2.0671274447928636,despersonalizarse
despertar,4.5,1.285112894463032,despertar
despertarse,4.657894736842105,1.7441224199141605,despertarse
despierto,4.230769230769231,1.8419317442856797,despierto
despistar,3.0789473684210527,1.6826873446537096,despistar
despistarse,3.0555555555555554,1.9848633554183372,despistarse
desplazar,3.606060606060606,1.6944651431092117,desplazar
desplegar,2.5294117647058822,1.3081398803354571,desplegar
desplumar,3.088235294117647,1.6763533123442347,desplumar
desposeer,2.8285714285714287,1.524037097852363,desposeer
despreciar,4.628571428571429,1.7164552098423536,despreciar
desprecio,4.222222222222222,1.914025094791618,desprecio
desprender,3.0555555555555554,1.8352803514051932,desprender
despreocupado,3.411764705882353,1.5786002057600488,despreocupado
desprestigiar,2.710526315789474,1.6092283653109012,desprestigiar
destacar,3.8181818181818183,1.7580981459830654,destacar
destapar,3.138888888888889,1.7096829744183197,destapar
desterrar,2.861111111111111,1.7263136245070678,desterrar
destornillador,3.0294117647058822,2.0668420372950917,destornillador
destrozar,4.147058823529412,1.877011695628412,destrozar
destrucción,4.487179487179487,1.971798469362089,destruccion
destruir,4.5,1.7276714053454971,destruir
desvalorizar,3.176470588235294,1.731536158676943,desvalorizar
desván,3.176470588235294,1.914388710652142,desvan
desvanecerse,4.371428571428571,1.6464884966946776,desvanecerse
desvariar,2.9705882352941178,1.6419739435729634,desvariar
desvelar,4.057142857142857,1.5707408732048393,desvelar
desventaja,2.764705882352941,1.4367223541779577,desventaja
desvestido,4.076923076923077,1.8550729221674018,desvestido
desvestir,4.705882352941177,1.6792749475223265,desvestir
desviación,2.3783783783783785,1.4014149863491414,desviacion
desviar,2.7058823529411766,1.360245338047201,desviar
detalle,3.823529411764706,1.8001782442941439,detalle
detectar,3.4285714285714284,1.5956874654502233,detectar
detector,3.1794871794871793,1.8190771933476666,detector
detención,3.3529411764705883,1.5547064994606667,detencion
detener,2.891891891891892,1.523588304405531,detener
deteriorar,3.1578947368421053,1.685010478585971,deteriorar
determinado,2.0,1.4348601079588785,determinado
determinar,2.2222222222222223,1.4949650948837017,determinar
detestar,4.615384615384615,1.7564225695757218,detestar
deuda,3.5,1.7451230745865878,deuda
deuterio,1.7567567567567568,1.3417526971466465,deuterio
devenir,2.4411764705882355,1.5213864583968224,devenir
devoción,2.948717948717949,1.7910408316001174,devocion
devolver,3.176470588235294,1.546659905326668,devolver
devoto,2.6470588235294117,1.7212108659080054,devoto
día,4.142857142857143,1.768064031693442,dia
diablo,4.333333333333333,1.7671465750027242,diablo
diagonal,2.735294117647059,1.7634130736867066,diagonal
diagrama,2.4864864864864864,1.5920221526519456,diagrama
dialéctica,2.5675675675675675,1.590606811889736,dialectica
dialecto,3.5588235294117645,1.8122675645417803,dialecto
diamante,4.470588235294118,1.502226511541655,diamante
diámetro,2.3,1.3996336517011725,diametro
diario,3.3157894736842106,2.0014219696072946,diario
dibujar,4.717948717948718,2.0254787341673333,dibujar
diccionario,3.0,1.7480147469502525,diccionario
dicha,3.1142857142857143,1.7784895867235302,dicha
diciembre,4.628571428571429,2.0304406112049307,diciembre
dictado,2.4473684210526314,1.588767470970392,dictado
dictadura,3.4857142857142858,1.8688062967546732,dictadura
dictamen,2.3333333333333335,1.611363158344566,dictamen
dictar,3.0294117647058822,1.4456893944799982,dictar
diente,4.026315789473684,1.6843772143687104,diente
dieta,4.970588235294118,1.714206135153177,dieta
diferencia,2.9705882352941178,1.4870204929738073,diferencia
diferenciar,2.7777777777777777,1.5512411825210182,diferenciar
diferente,4.054054054054054,1.9853063847782892,diferente
diferir,2.0285714285714285,1.0427823157223146,diferir
difícil,4.27027027027027,1.9242408120354122,dificil
difíciles,4.153846153846154,2.071593100902902,dificiles
dificultad,4.684210526315789,1.9045502151553695,dificultad
dificultar,3.823529411764706,1.766190700354247,dificultar
difuminar,3.411764705882353,1.5592859099663563,difuminar
digital,3.4871794871794872,1.7452460974374882,digital
digno,3.871794871794872,1.9759006897520137,digno
dilatada,3.5294117647058822,1.7792626003683434,dilatada
dilatar,4.108108108108108,1.9548200227441201,dilatar
diligencia,2.710526315789474,1.468735340110247,diligencia
diluir,2.8684210526315788,1.5451939899481344,diluir
dimensión,2.8857142857142857,1.6586924079532288,dimension
dimensionar,2.3823529411764706,1.3929412065809121,dimensionar
dinámica,2.8,1.7789620238647428,dinamica
dinámico,3.588235294117647,1.6351748504193215,dinamico
dinamismo,2.911764705882353,1.8152159410538384,dinamismo
dinero,4.529411764705882,1.6919648631219315,dinero
dios,3.235294117647059,2.045820921832303,dios
diploma,3.3055555555555554,2.0258253266183277,diploma
diputación,1.7714285714285714,1.113703791164321,diputacion
directo,3.235294117647059,1.8100531304676846,directo
director,2.888888888888889,1.9534259688744326,director
dirigir,3.6,1.8502781984784626,dirigir
dirigirse,3.342857142857143,1.5519031417406624,dirigirse
discernir,2.8529411764705883,1.827937286590452,discernir
disciplina,4.0,1.6449566416599486,disciplina
discípulo,2.411764705882353,1.5786002057600488,discipulo
disco,3.972972972972973,2.1536337056561266,disco
discordia,2.8823529411764706,1.3203467378008662,discordia
discoteca,5.676470588235294,1.5318950085728964,discoteca
discreción,2.8684210526315788,1.8478775645585566,discrecion
discrepar,2.9411764705882355,1.6503659184811517,discrepar
discriminar,3.8823529411764706,1.7540378677083124,discriminar
disculpar,4.081081081081081,2.0190533862621307,disculpar
disculparse,4.457142857142857,1.8042899392486649,disculparse
discurrir,2.4705882352941178,1.4613255526290123,discurrir
discurso,3.4571428571428573,1.5782130092357651,discurso
discutir,4.771428571428571,1.8000933682600415,discutir
diseccionar,3.6470588235294117,1.7212108659080054,diseccionar
diseñar,3.823529411764706,1.7139461509042935,disenar
diseño,3.735294117647059,1.4834199538088628,diseno
disertación,2.3823529411764706,1.741032537289346,disertacion
disfrazar,4.205128205128205,1.8378976430391327,disfrazar
disfrazarse,4.25,1.746424919657298,disfrazarse
disfrutar,5.4411764705882355,1.501336303160343,disfrutar
disgustado,4.294117647058823,1.5864848081043226,disgustado
disimular,3.1176470588235294,1.4722628611303803,disimular
dislocar,4.171428571428572,2.0791077595041223,dislocar
disminuir,2.4444444444444446,1.3824294235551813,disminuir
disociarse,2.914285714285714,1.560004309410122,disociarse
disolver,3.0285714285714285,1.7902631138485547,disolver
disparar,4.702702702702703,1.9417183807829261,disparar
disponer,2.4210526315789473,1.5001185349087156,disponer
disputa,4.117647058823529,1.6099069403248867,disputa
distancia,5.055555555555555,1.850782760184681,distancia
distante,3.7142857142857144,1.8402593898276243,distante
distinguir,3.2,1.3890326722960418,distinguir
distinta,3.742857142857143,1.7713879095360285,distinta
distinto,3.857142857142857,1.8172839647130998,distinto
distraer,3.2941176470588234,1.4879192663970409,distraer
distribuidor,2.8,1.6233588998268558,distribuidor
distribuir,2.3055555555555554,1.6702342768852936,distribuir
distrito,2.625,1.7348243094375246,distrito
disturbio,4.05,1.9074751737471023,disturbio
diván,2.9473684210526314,1.75449027665237,divan
diversidad,3.235294117647059,1.6888013236829962,diversidad
diversificar,2.8285714285714287,1.524037097852363,diversificar
diversión,5.264705882352941,1.1364171110412673,diversion
divertida,5.2631578947368425,1.4829519597532455,divertida
divertido,5.088235294117647,1.190050853479839,divertido
divertir,4.9411764705882355,1.1791413535072044,divertir
divertirse,5.235294117647059,1.5581423191194752,divertirse
dividir,2.5405405405405403,1.5201351291285952,dividir
divina,3.823529411764706,1.914388710652142,divina
divinidad,3.1470588235294117,1.877011695628412,divinidad
divorciado,3.6285714285714286,2.0304406112049307,divorciado
divorcio,3.6176470588235294,2.0002228039888825,divorcio
doblar,2.588235294117647,1.2581286502320659,doblar
doble,2.588235294117647,1.4998514483779473,doble
docente,3.5945945945945947,1.9215077913430878,docente
doctor,3.9411764705882355,1.774246343980046,doctor
doctorar,2.8529411764705883,1.7430790058621444,doctorar
doctorarse,3.914285714285714,2.105614742866831,doctorarse
doctrina,2.823529411764706,1.898493633085534,doctrina
documento,2.8529411764705883,1.4798106541691451,documento
dogma,2.8857142857142857,1.7110613935323815,dogma
dogmatizar,2.5588235294117645,1.4810147313855813,dogmatizar
dólar,3.235294117647059,1.724314945735135,dolar
dolencia,4.5,1.5811388300841898,dolencia
doler,5.4411764705882355,1.235612385788698,doler
dolor,5.702702702702703,1.5610691646871189,dolor
domiciliar,2.588235294117647,1.7253483979979676,domiciliar
domicilio,3.2222222222222223,2.0158105227158787,domicilio
dominante,4.257142857142857,1.5782130092357651,dominante
dominar,3.764705882352941,1.5187479598073192,dominar
domingo,4.264705882352941,1.879858529967514,domingo
dominio,2.7941176470588234,1.7016820869756166,dominio
don,4.0285714285714285,2.0649129633518424,don
dorada,3.2941176470588234,1.4255123855994118,dorada
dorado,4.228571428571429,1.9566735620873066,dorado
dormido,4.805555555555555,1.8333333333333335,dormido
dormir,5.794117647058823,1.3658033880579803,dormir
dormirse,5.513513513513513,1.5567348597058608,dormirse
dormitorio,4.783783783783784,1.8277967175922059,dormitorio
dorso,2.4411764705882355,1.5800110561674585,dorso
dosificar,2.4324324324324325,1.7084843923544983,dosificar
dosis,3.128205128205128,1.9218889718121102,dosis
dotarse,2.4324324324324325,1.756583498039756,dotarse
dragón,4.846153846153846,2.0201414950243035,dragon
drama,4.857142857142857,1.396273551970664,drama
droga,4.416666666666667,1.8263937926181981,droga
ducha,5.5,1.6486202467362574,ducha
duchar,5.147058823529412,1.4170467142526852,duchar
ducharse,5.235294117647059,1.8267179299831502,ducharse
dudar,3.588235294117647,1.8110376576715506,dudar
duelo,3.6842105263157894,1.8024797207375138,duelo
dueño,2.8461538461538463,1.6628836959435314,dueno
dulce,5.647058823529412,1.3680854337396824,dulce
dúo,2.8529411764705883,1.559571676652521,duo
duque,2.3333333333333335,1.7071279138616748,duque
dura,3.942857142857143,1.908847159672978,dura
durar,3.5142857142857142,1.9307333043268753,durar
duro,4.457142857142857,1.4418708668388636,duro
echar,3.3783783783783785,1.846187533380184,echar
eclipsar,3.5588235294117645,1.8940285184021117,eclipsar
eco,4.153846153846154,1.785002750085771,eco
economía,2.5,1.4832396974191326,economia
económica,1.9428571428571428,1.34913604474378,economica
económicas,2.5,1.8121213490778656,economicas
económico,3.4411764705882355,1.4604104128549087,economico
económicos,3.230769230769231,1.6457527227051751,economicos
ecuación,2.3333333333333335,1.7237832147426693,ecuacion
edad,3.0294117647058822,1.817178867759901,edad
edición,2.4594594594594597,1.5562525251134285,edicion
edificar,2.676470588235294,1.6646154935999415,edificar
edificio,3.1025641025641026,1.788778939519061,edificio
editar,2.6470588235294117,1.3230440781767527,editar
educación,4.588235294117647,1.8605578677704808,educacion
educar,4.382352941176471,1.8912030143151535,educar
efectivo,2.9705882352941178,1.6234138014586696,efectivo
efecto,3.8,1.7954190072973792,efecto
efectuar,2.4,1.4183669151113025,efectuar
eficacia,3.6470588235294117,1.889081112864239,eficacia
eficaz,3.7058823529411766,1.732565303587226,eficaz
efigie,2.0588235294117645,1.5362523559779402,efigie
egoísta,3.735294117647059,1.7110837170141666,egoista
eje,2.236842105263158,1.2826115783361443,eje
ejecución,3.9705882352941178,2.208596072891268,ejecucion
ejecutar,3.4411764705882355,1.8779611199155424,ejecutar
ejecutivo,2.6216216216216215,1.7376764714754929,ejecutivo
ejemplificar,2.3529411764705883,1.3680854337396824,ejemplificar
ejemplo,2.588235294117647,1.539729355573098,ejemplo
ejercer,2.923076923076923,1.628441544037789,ejercer
ejercicio,4.9714285714285715,1.8228244774608033,ejercicio
ejercitar,3.3823529411764706,1.279552617894545,ejercitar
ejército,3.7837837837837838,1.8429314681768276,ejercito
elaborar,3.3529411764705883,1.685631847025816,elaborar
elástico,3.7058823529411766,1.883411021696762,elastico
electoral,2.1944444444444446,1.6530395284262511,electoral
eléctrica,3.388888888888889,1.9015449024077804,electrica
electricidad,3.973684210526316,1.7780469410588744,electricidad
eléctrico,4.457142857142857,1.7879146107860369,electrico
electrodoméstico,2.891891891891892,1.867615588922942,electrodomestico
electrón,3.0,1.7580981459830651,electron
electrónico,3.5294117647058822,2.19137834191934,electronico
elefante,4.205882352941177,1.8386327556046023,elefante
elegante,4.5588235294117645,1.501336303160343,elegante
elegir,3.9722222222222223,1.859125925360949,elegir
elemental,2.6216216216216215,1.8611727388837298,elemental
elemento,2.2285714285714286,1.2622508906411474,elemento
elevar,2.8529411764705883,1.4798106541691451,elevar
elevarse,4.2,1.7789620238647428,elevarse
eliminar,3.2,1.5867095067540027,eliminar
elocuencia,2.6486486486486487,1.6366669418909514,elocuencia
elogiar,4.0,1.7149858514250884,elogiar
elogio,4.4411764705882355,1.5800110561674585,elogio
eludir,2.264705882352941,1.0242165824878728,eludir
emancipar,3.027027027027027,1.9928551054884727,emancipar
embajada,2.4594594594594597,1.6930346618915888,embajada
embalsamar,3.0,1.7232808737106582,embalsamar
embarazo,4.641025641025641,2.2181924776146658,embarazo
embarazosa,4.0285714285714285,1.7402791237532638,embarazosa
embarcar,3.1842105263157894,1.6579906946873935,embarcar
embargar,3.176470588235294,1.9613011796484885,embargar
emborrachar,5.628571428571429,1.6642559596287057,emborrachar
embriaguez,4.578947368421052,1.7802456397069455,embriaguez
embrión,3.388888888888889,1.8864596891346919,embrion
emitir,2.7567567567567566,1.5528719880954167,emitir
emocional,5.5675675675675675,1.6421622017013715,emocional
empadronar,2.6285714285714286,1.7503901125801893,empadronar
empatar,2.75,1.5560940111151933,empatar
empequeñecer,3.4871794871794872,2.0758231705416588,empequenecer
emperatriz,2.8529411764705883,1.3736117607105036,emperatriz
empezar,2.8529411764705883,1.5400187511880155,empezar
empírica,2.6470588235294117,1.411690431795447,empirica
emplear,2.8285714285714287,1.8228244774608038,emplear
empleo,3.8529411764705883,1.909027246201051,empleo
empollón,3.1944444444444446,1.9540353037378748,empollon
emprender,3.41025641025641,1.7124612745210164,emprender
empresarial,2.0294117647058822,1.0867046131405875,empresarial
empujar,3.5128205128205128,1.699408486438348,empujar
enamorado,6.108108108108108,1.5773357245646806,enamorado
enamorar,5.823529411764706,1.6600581996970658,enamorar
enano,3.189189189189189,1.8079736637376023,enano
encadenar,4.0588235294117645,1.8412969156414731,encadenar
encajar,3.2941176470588234,1.9310761917819357,encajar
encantado,4.457142857142857,1.8525476439512276,encantado
encantadora,4.918918918918919,1.689483457851646,encantadora
encanto,4.542857142857143,1.5404899362532298,encanto
encargo,2.176470588235294,1.24244598041937,encargo
encender,3.736842105263158,1.6387901029181482,encender
encerrado,4.894736842105263,1.7365618981693516,encerrado
encerrar,3.9714285714285715,1.7737582945246393,encerrar
encestar,3.4571428571428573,1.7713879095360285,encestar
enchufar,2.7027027027027026,1.7458659879979472,enchufar
enchufe,3.2162162162162162,2.0566306741196216,enchufe
encontrar,3.8,1.9673810600120452,encontrar
encorvar,3.026315789473684,1.7161686130426121,encorvar
encuadrar,2.4411764705882355,1.5800110561674585,encuadrar
encuentro,3.4473684210526314,1.9686374547297953,encuentro
encuesta,2.7142857142857144,1.2735182525177247,encuesta
enemigo,4.147058823529412,1.777508520904888,enemigo
energía,5.3428571428571425,1.4130246478608162,energia
enérgico,5.485714285714286,1.1212238211627776,energico
enero,4.2,2.0262976960311576,enero
enfadado,4.5588235294117645,1.3749088448151034,enfadado
enfadar,4.5588235294117645,1.3300985716625218,enfadar
enfadarse,4.131578947368421,1.6953203098701797,enfadarse
enfado,5.171428571428572,1.5240370978523623,enfado
enfermar,4.4411764705882355,1.6365369288316076,enfermar
enfermarse,4.9411764705882355,1.5558526157235564,enfermarse
enfermedad,5.428571428571429,1.3992795264983025,enfermedad
enfermera,3.9705882352941178,1.3813759964230456,enfermera
enfermo,4.970588235294118,1.4456893944799982,enfermo
enfrentar,4.3428571428571425,1.846186166491488,enfrentar
enfriar,4.428571428571429,1.770438866923285,enfriar
enfurecer,5.0,1.5339299776947408,enfurecer
enfurecido,5.0,1.5763402186230246,enfurecido
engañar,3.8055555555555554,2.1087497236100345,enganar
engaño,4.794117647058823,2.0267814724964555,engano
engañosa,3.6470588235294117,1.889081112864239,enganosa
engendrar,3.717948717948718,1.7614096918559585,engendrar
englobar,2.8529411764705883,1.5001485369117864,englobar
engordar,4.685714285714286,1.640864703377434,engordar
engreído,3.6052631578947367,1.8386168962125868,engreido
enigma,3.6,1.556768901206825,enigma
enjabonar,3.676470588235294,1.718360533575873,enjabonar
enjambre,4.108108108108108,2.0382969986375037,enjambre
enjaular,3.6285714285714286,1.3522468075656267,enjaular
enlace,3.1714285714285713,1.7737582945246397,enlace
enloquecer,5.057142857142857,1.7479880391106652,enloquecer
enmarcar,2.657142857142857,1.731080199026661,enmarcar
enmascarar,2.891891891891892,1.776134751265977,enmascarar
enmienda,2.411764705882353,1.4795094817524375,enmienda
enojo,4.542857142857143,1.6687941603384862,enojo
enorme,4.205128205128205,1.8378976430391327,enorme
enredar,3.2941176470588234,1.5081478057277968,enredar
enriquecer,4.3428571428571425,1.8140441842802526,enriquecer
enrollar,3.411764705882353,1.6536029910622172,enrollar
ensalada,4.542857142857143,1.9605349981552478,ensalada
ensayo,3.5142857142857142,1.7383465533361862,ensayo
enseñar,4.285714285714286,1.8875977352402267,ensenar
ensuciar,4.205882352941177,1.3878130116974399,ensuciar
ente,2.710526315789474,1.7538820992893682,ente
entender,3.6,1.943314330785242,entender
entendimiento,2.75,1.746424919657298,entendimiento
entera,3.088235294117647,1.504893977113651,entera
entero,3.1176470588235294,1.7191383656188357,entero
enterrar,4.470588235294118,1.7792626003683434,enterrar
entierro,4.552631578947368,1.840936430645698,entierro
entorpecer,3.5588235294117645,1.6911745330532184,entorpecer
entrar,3.2285714285714286,1.8163589028233231,entrar
entrega,3.4,1.718412399999077,entrega
entregar,3.5428571428571427,1.6863266228674674,entregar
entremezclar,2.810810810810811,1.8979204678020896,entremezclar
entretenerse,3.9705882352941178,1.731793502240626,entretenerse
entrever,2.4411764705882355,1.3967749969686822,entrever
entrevistar,3.4473684210526314,2.062501347040381,entrevistar
entrometido,2.638888888888889,1.4373145152933702,entrometido
entusiasmar,4.771428571428571,1.864304227346181,entusiasmar
entusiasmo,4.611111111111111,2.0039643250000774,entusiasmo
enumerar,2.0285714285714285,1.0141851056742197,enumerar
envejecer,5.054054054054054,1.6490055243143422,envejecer
envenenar,5.0285714285714285,1.653618390534105,envenenar
enviar,2.7027027027027026,1.7458659879979472,enviar
envidiar,3.717948717948718,1.7160038944367224,envidiar
envolver,3.473684210526316,1.5894388284780523,envolver
enzarzar,3.742857142857143,1.615055219286492,enzarzar
enzima,2.5714285714285716,1.6677867384776799,enzima
épica,3.176470588235294,1.8335358825073667,epica
epidemia,4.771428571428571,1.9415838635401934,epidemia
epígrafe,1.8235294117647058,1.028991510855053,epigrafe
episodio,3.6153846153846154,1.844128443628369,episodio
época,2.4705882352941178,1.3758808554312565,epoca
epopeya,2.0833333333333335,1.5189281935440058,epopeya
equilátero,2.303030303030303,1.610218317590205,equilatero
equilibrar,3.657142857142857,1.6617293816428493,equilibrar
equilibrio,4.228571428571429,1.6642559596287057,equilibrio
equipo,4.0285714285714285,1.6713100582849278,equipo
equis,2.4242424242424243,1.4148830126176297,equis
equivaler,2.2972972972972974,1.506741607001768,equivaler
equivocar,3.5277777777777777,1.9926452069133935,equivocar
equivocarse,3.6176470588235294,1.8425066240142913,equivocarse
equívoco,2.323529411764706,1.5119842117841351,equivoco
ermita,3.2941176470588234,1.5864848081043232,ermita
erótica,5.264705882352941,1.1885520482837515,erotica
erótico,5.676470588235294,1.1734587114992945,erotico
error,3.5135135135135136,1.9093573907589028,error
erudito,2.8,1.7789620238647428,erudito
erupcionar,3.8285714285714287,1.723295650536977,erupcionar
escala,2.526315789473684,1.5375804458016245,escala
escalar,3.871794871794872,1.823523009819572,escalar
escalera,2.735294117647059,1.6387138994366204,escalera
escalinata,2.1818181818181817,1.3568010505999362,escalinata
escalofrío,5.5588235294117645,1.439511206406184,escalofrio
escándalo,3.75,1.9030051422496397,escandalo
escaño,2.5294117647058822,1.5222649416526253,escano
escapada,4.323529411764706,1.5318950085728964,escapada
escapar,4.885714285714286,1.548650808843327,escapar
escaparate,3.323529411764706,1.6277999325226842,escaparate
escaquear,3.735294117647059,1.8473375358822495,escaquear
escarmentar,4.088235294117647,1.8152159410538384,escarmentar
escayola,3.526315789473684,1.8706385974972977,escayola
escena,3.3513513513513513,1.8591547693660302,escena
escenario,3.6470588235294117,1.9829936496662703,escenario
escéptico,3.1714285714285713,1.7737582945246397,esceptico
esclavo,4.294117647058823,1.7325653035872253,esclavo
escoba,2.7027027027027026,1.927359518801491,escoba
escoger,3.5714285714285716,1.7537474881238861,escoger
escolar,3.6470588235294117,2.028319993599367,escolar
escoltar,3.2058823529411766,1.5720939860235028,escoltar
esconder,3.4,1.8973665961010273,esconder
esconderse,3.9705882352941178,1.5664144371616049,esconderse
escondite,3.857142857142857,1.3315814821848044,escondite
escopeta,4.323529411764706,1.4506129996888597,escopeta
escorbuto,2.5,1.846372364689991,escorbuto
escoria,4.171428571428572,1.7061431269819944,escoria
escorpión,3.972972972972973,2.047850994016336,escorpion
escote,4.142857142857143,1.784621514377722,escote
escribir,4.2105263157894735,1.6134216576068101,escribir
escrito,3.411764705882353,1.7428233287055273,escrito
escritor,3.235294117647059,1.3939006427226193,escritor
escritorio,3.0,1.8311038136792213,escritorio
escuchar,5.027777777777778,1.7966017304282484,escuchar
escucharse,5.3428571428571425,1.161714178243845,escucharse
escudo,3.088235294117647,1.3341129627975499,escudo
escultura,4.142857142857143,1.7002224273667872,escultura
escupir,3.7777777777777777,1.5327120894696264,escupir
esfera,3.264705882352941,1.9895000670857106,esfera
esforzarse,4.714285714285714,1.91850782352003,esforzarse
esmoquin,3.242424242424242,1.8713348015237519,esmoquin
espabilar,3.5588235294117645,1.7785110638615873,espabilar
espacial,3.235294117647059,1.5774706169171826,espacial
espacio,3.257142857142857,1.5404899362532298,espacio
espada,4.085714285714285,1.6692976432765785,espada
espanto,4.0,1.9867985355975657,espanto
espantoso,4.5,1.1870513506545997,espantoso
español,4.0588235294117645,2.255514138399602,espanol
española,4.0285714285714285,1.9776057164530796,espanola
españolas,4.589743589743589,2.073871902834339,espanolas
españoles,4.815789473684211,1.9844702902435136,espanoles
esparcir,2.9473684210526314,1.558713406056117,esparcir
espárrago,3.4571428571428573,1.8205179796655993,esparrago
especial,4.026315789473684,1.9380519908411682,especial
especializarse,3.1666666666666665,2.2232537288526344,especializarse
especie,3.051282051282051,1.6850537700106965,especie
especificar,2.6842105263157894,1.7258803183881888,especificar
específico,2.8823529411764706,1.5909727514637633,especifico
espectador,4.114285714285714,1.8112626173218398,espectador
espectro,3.264705882352941,1.863668970629055,espectro
especular,3.3142857142857145,1.7110613935323815,especular
espejo,4.264705882352941,1.4208154621695623,espejo
esperanza,4.628571428571429,1.911047053407146,esperanza
esperanzado,4.485714285714286,1.7383465533361862,esperanzado
esperar,3.5135135135135136,1.8199759098164767,esperar
esperpento,4.0,1.6877454928053721,esperpento
espiar,4.029411764705882,1.5664144371616049,espiar
espina,3.9411764705882355,1.9838923551960543,espina
espinal,3.0588235294117645,1.4552137502179976,espinal
espionaje,3.5588235294117645,1.5411757902326675,espionaje
espíritu,4.297297297297297,1.7617047435945679,espiritu
espiritual,3.823529411764706,1.7139461509042935,espiritual
esplendor,4.0588235294117645,1.8080824677925178,esplendor
esponja,4.2631578947368425,1.765804472147159,esponja
espontánea,4.051282051282051,1.9728248241480106,espontanea
esposa,3.5641025641025643,1.9028354437643535,esposa
esposo,3.263157894736842,1.765804472147159,esposo
espuma,4.057142857142857,1.9394186081955398,espuma
esqueleto,3.588235294117647,1.8276934803490756,esqueleto
esquiar,4.742857142857143,1.930298013304699,esquiar
esquimal,3.2162162162162162,1.8429314681768272,esquimal
esquina,2.5,1.285112894463032,esquina
esquivar,2.7941176470588234,1.4094789874428,esquivar
estabilidad,3.5,1.9423509653837725,estabilidad
estable,3.6470588235294117,1.8237881479371856,estable
establecer,2.0555555555555554,1.4724992252133677,establecer
estaca,3.6842105263157894,1.9045502151553695,estaca
estación,3.9714285714285715,1.7737582945246393,estacion
estado,3.1714285714285713,1.6536183905341055,estado
estallar,5.142857142857143,1.5556889365251951,estallar
estamento,2.085714285714286,1.0108653419203757,estamento
estancado,3.657142857142857,1.6967591451466104,estancado
estancar,3.076923076923077,1.5957940670567243,estancar
estantería,2.4857142857142858,1.6868248727299773,estanteria
estar,3.3142857142857145,1.7949509016950291,estar
estático,2.7435897435897436,1.6657217294290299,estatico
estatua,2.4705882352941178,1.419246366757501,estatua
estatura,3.4,1.9281200841294943,estatura
estatuto,2.3142857142857145,1.5861798090237507,estatuto
estela,3.342857142857143,1.9394186081955402,estela
estereotipar,3.8285714285714287,1.6713100582849278,estereotipar
esterilidad,3.0285714285714285,1.8706040906256851,esterilidad
esterilizar,3.2222222222222223,1.868706368604627,esterilizar
esternocleidomastoideo,3.1176470588235294,1.6654184274002795,esternocleidomastoideo
estética,4.4411764705882355,1.501336303160343,estetica
estético,4.2,1.7789620238647428,estetico
estiércol,4.1891891891891895,2.106047348811378,estiercol
estilizar,3.3421052631578947,1.8050427230022676,estilizar
estilo,4.216216216216216,2.0157041109902676,estilo
estimar,3.342857142857143,1.9241935995121078,estimar
estimular,5.0285714285714285,1.5993696237197048,estimular
estimularse,4.315789473684211,1.9045502151553695,estimularse
estímulo,4.470588235294118,1.6557575235604685,estimulo
estipular,2.4411764705882355,1.283725083157044,estipular
estirar,3.6470588235294117,1.7212108659080054,estirar
estirpe,2.6285714285714286,1.6464884966946776,estirpe
estómago,3.942857142857143,1.589355347355671,estomago
estorbar,3.411764705882353,1.5592859099663563,estorbar
estornudar,4.611111111111111,1.8864596891346919,estornudar
estrategia,3.9411764705882355,1.7397522719957683,estrategia
estrecha,3.27027027027027,1.8203883689514757,estrecha
estrecho,2.7941176470588234,1.7016820869756166,estrecho
estrella,4.411764705882353,1.9087937974387963,estrella
estremecer,4.914285714285715,1.5410353389738947,estremecer
estremecerse,4.828571428571428,1.5621575254927975,estremecerse
estrenar,4.885714285714286,1.58617980902375,estrenar
estrépito,3.588235294117647,1.9087937974387963,estrepito
estrés,5.026315789473684,1.7627810047067012,estres
estresar,5.1891891891891895,1.8979204678020891,estresar
estridente,4.285714285714286,1.7585326197685147,estridente
estropeado,4.0285714285714285,1.723295650536977,estropeado
estropear,3.5641025641025643,1.7136429615675766,estropear
estructura,2.411764705882353,1.2581286502320659,estructura
estrujar,4.45945945945946,1.9234603452371195,estrujar
estudiar,5.285714285714286,1.405272185722889,estudiar
estudio,4.323529411764706,1.6827212490900088,estudio
estudioso,3.9705882352941178,1.9146214772297734,estudioso
estufa,4.833333333333333,1.3835771443203715,estufa
estupendo,3.7777777777777777,1.8378731669453625,estupendo
estúpido,4.371428571428571,1.5919967906728347,estupido
etapa,3.342857142857143,1.6793356029176811,etapa
eternidad,5.114285714285714,1.7451011865391939,eternidad
eterno,3.9444444444444446,2.0694297964752715,eterno
ética,3.7435897435897436,2.220928548318055,etica
etiqueta,3.0,1.775250729197189,etiqueta
eufemismo,3.176470588235294,1.7832654459232606,eufemismo
euforia,5.411764705882353,1.3951788645801382,euforia
eufórico,5.714285714285714,1.0451970985368813,euforico
europeos,3.263157894736842,1.9127482778440679,europeos
evadirse,3.8823529411764706,1.8710668789749731,evadirse
evangelio,2.717948717948718,1.8771299193564228,evangelio
evidencia,2.6857142857142855,1.7451011865391943,evidencia
evidenciar,3.027027027027027,1.8482196611647426,evidenciar
evidente,2.411764705882353,1.4998514483779473,evidente
evitar,3.0526315789473686,1.6917505474068846,evitar
evocación,3.085714285714286,1.6692976432765785,evocacion
evocar,3.742857142857143,1.9605349981552478,evocar
evolucionar,3.864864864864865,2.1364841596802364,evolucionar
evolucionista,2.914285714285714,1.6155754496814578,evolucionista
exacto,3.323529411764706,1.8043816742533887,exacto
exagerar,3.9705882352941178,1.8665361553560482,exagerar
examen,5.333333333333333,1.8257418583505542,examen
examinar,3.9411764705882355,1.6319012238116848,examinar
excelencia,4.081081081081081,2.1392934760281435,excelencia
exceso,4.514285714285714,1.2688908674954853,exceso
excitado,5.384615384615385,1.407038409219963,excitado
excitar,6.057142857142857,1.3707631438868852,excitar
excitarse,5.764705882352941,1.2075224705710628,excitarse
exclamar,4.371428571428571,1.395069348597036,exclamar
excursión,4.9714285714285715,1.5432150222966388,excursion
excusa,3.4871794871794872,1.699408486438348,excusa
exfoliar,3.9705882352941178,1.8665361553560482,exfoliar
exigencia,4.114285714285714,1.9519436553377876,exigencia
exigir,3.361111111111111,1.987859980377718,exigir
exiliar,2.4166666666666665,1.4417251570848824,exiliar
exiliarse,3.5945945945945947,2.020168577391768,exiliarse
exilio,3.7058823529411766,1.8179144188395115,exilio
existencia,4.0,1.632993161855452,existencia
existir,5.162162162162162,1.771902830191215,existir
éxito,4.852941176470588,1.877011695628412,exito
expansión,4.142857142857143,1.833396994056423,expansion
expedición,3.3823529411764706,1.7924877901169534,expedicion
expediente,3.2972972972972974,1.9981222416289983,expediente
experto,3.2564102564102564,1.8878830906871762,experto
explanada,2.8461538461538463,1.7402126539511373,explanada
explicar,3.4571428571428573,1.5782130092357651,explicar
explicitar,2.1666666666666665,1.2535663410560174,explicitar
explorar,4.8,1.9673810600120452,explorar
explosión,5.382352941176471,1.5572840748686707,explosion
explotar,4.6571428571428575,1.7310801990266609,explotar
exponer,4.205882352941177,1.6101837230898173,exponer
exportar,1.9166666666666667,1.0790207200446682,exportar
expresar,4.411764705882353,1.8276934803490756,expresar
expresión,4.571428571428571,1.4609769955453114,expresion
expropiar,2.7058823529411766,1.5672676815846585,expropiar
expulsar,3.4705882352941178,1.8296430206156886,expulsar
expulsión,4.057142857142857,1.7310801990266609,expulsion
exquisito,4.527777777777778,1.8744311306345887,exquisito
éxtasis,5.235294117647059,1.538571228778491,extasis
extender,2.7058823529411766,1.3377822390333503,extender
extenso,3.8285714285714287,1.7061431269819944,extenso
exterior,4.285714285714286,1.7916707380580408,exterior
exteriorizar,3.5789473684210527,1.9539506611847286,exteriorizar
externo,2.638888888888889,1.7096829744183197,externo
extra,2.948717948717949,1.6850537700106965,extra
extraer,2.911764705882353,1.5248973548927818,extraer
extralimitarse,3.1714285714285713,1.8388889594105504,extralimitarse
extranjera,3.3529411764705883,1.6675576940848564,extranjera
extranjero,3.2285714285714286,1.6818357317441643,extranjero
extranjeros,4.342105263157895,1.8639730277232178,extranjeros
extrañar,4.647058823529412,1.856721661899885,extranar
extrañeza,3.3333333333333335,1.6035674514745464,extraneza
extraño,4.405405405405405,1.6743068127745597,extrano
extraordinario,3.9166666666666665,2.0615528128088303,extraordinario
extraterrestre,3.763157894736842,1.851722507468578,extraterrestre
extravertido,3.857142857142857,1.8964805971752483,extravertido
extremo,4.085714285714285,1.915439261116157,extremo
eyacular,5.264705882352941,1.5822658001703103,eyacular
fábrica,2.8684210526315788,1.6953203098701797,fabrica
fabricar,3.2058823529411766,1.7016820869756166,fabricar
fábula,2.914285714285714,1.721344012707522,fabula
facial,3.942857142857143,1.9545250234332867,facial
fácil,3.3684210526315788,1.7308184695917548,facil
facilitar,2.7058823529411766,1.5864848081043232,facilitar
factor,1.9705882352941178,1.1142409868727206,factor
factoría,2.8857142857142857,1.7281651026012357,factoria
factura,2.6842105263157894,1.6782433408887858,factura
facturar,2.942857142857143,1.8933763359617213,facturar
facultad,3.973684210526316,1.823077915715887,facultad
faena,3.411764705882353,1.760124772760805,faena
fajo,2.588235294117647,1.5199211913146968,fajo
falacia,4.0285714285714285,1.8228244774608033,falacia
falda,3.810810810810811,1.8534927664912626,falda
fallar,4.305555555555555,2.3030345750700865,fallar
fallecer,5.111111111111111,1.9534259688744326,fallecer
fallido,3.088235294117647,1.7984445646307565,fallido
falsa,4.0,2.072225288683357,falsa
falsedad,4.828571428571428,1.83888895941055,falsedad
falso,3.361111111111111,2.0305210841101533,falso
faltar,3.257142857142857,1.6510755343617893,faltar
fama,3.7027027027027026,1.9417183807829266,fama
famélico,2.864864864864865,2.1494464683076244,famelico
familia,5.647058823529412,1.5547064994606667,familia
familiar,5.8108108108108105,1.6970208837488943,familiar
familiarizar,4.514285714285714,1.788384558122523,familiarizar
famoso,3.5142857142857142,1.4826730346678232,famoso
fanático,4.085714285714285,1.6515844188042506,fanatico
fango,3.25,1.9030051422496397,fango
fantasear,3.8421052631578947,1.9662877052892211,fantasear
fantasía,5.351351351351352,1.2068373778005297,fantasia
fantasma,4.342105263157895,1.7441224199141605,fantasma
farmacia,3.4,1.499019287243967,farmacia
faro,3.948717948717949,1.7614096918559585,faro
farol,3.0285714285714285,1.5046147501000007,farol
farsa,3.8,1.7789620238647428,farsa
fascinar,4.4411764705882355,1.6731602555169995,fascinar
fase,1.9142857142857144,1.094677727795305,fase
fastidiar,3.914285714285714,1.755184397408877,fastidiar
fatal,3.5,1.846372364689991,fatal
fatigado,4.942857142857143,1.8620491107262185,fatigado
fauces,2.657142857142857,1.513524463799977,fauces
fauna,4.484848484848484,1.679308118713108,fauna
favor,3.8684210526315788,1.6631304353387963,favor
favorecer,3.676470588235294,1.6090763063679716,favorecer
favorito,4.428571428571429,1.5201724802626504,favorito
faz,2.2,1.5867095067540022,faz
fea,4.647058823529412,1.5740769867040496,fea
febrero,3.764705882352941,1.9078597167381643,febrero
fecundar,4.714285714285714,2.008385781013735,fecundar
fecundidad,3.3529411764705883,1.773241389867146,fecundidad
felicidad,6.228571428571429,1.436616005137938,felicidad
felicitar,4.487179487179487,1.6038078844096217,felicitar
felicitarse,4.205128205128205,1.8663147923604786,felicitarse
felino,4.589743589743589,1.633819366391922,felino
feliz,5.552631578947368,1.5543725321510111,feliz
felpa,2.9210526315789473,1.7145100781173204,felpa
femenina,4.5588235294117645,1.8617550610400868,femenina
femenino,4.257142857142857,1.8042899392486649,femenino
fenomenal,3.7777777777777777,2.057892279717438,fenomenal
fenómeno,3.8205128205128207,2.1135128512028807,fenomeno
feo,4.114285714285714,1.640864703377434,feo
feria,5.057142857142857,1.661729381642849,feria
feroz,3.764705882352941,1.5581423191194752,feroz
ferrocarril,3.2857142857142856,1.758532619768515,ferrocarril
fervor,3.342857142857143,1.7813223300956733,fervor
festejar,4.970588235294118,1.6603266220772979,festejar
festival,5.382352941176471,1.2556467820827333,festival
festivo,4.184210526315789,1.872348765702251,festivo
fétido,3.9722222222222223,2.0211186592876316,fetido
fibra,3.3714285714285714,1.5919967906728347,fibra
fibrina,2.2941176470588234,1.6972243251798433,fibrina
ficha,2.1714285714285713,1.3609191160153986,ficha
fidelidad,4.757575757575758,1.9847906537954922,fidelidad
fiebre,5.076923076923077,1.8408324116038741,fiebre
fiel,5.371428571428571,1.5546082216073205,fiel
fiera,4.4,1.7012106415899304,fiera
fiero,2.5277777777777777,1.6298310361350978,fiero
fiesta,5.948717948717949,1.2967310711882987,fiesta
figura,2.5,1.1870513506545997,figura
fijo,3.0285714285714285,1.8066171554091055,fijo
fila,2.6216216216216215,1.478575728931794,fila
filmar,3.7714285714285714,1.7671132039657935,filmar
filo,2.7142857142857144,1.6728177807911695,filo
filón,2.3142857142857145,1.5675276256394517,filon
filosofía,3.2222222222222223,2.0991305834438236,filosofia
filtrar,2.323529411764706,1.2725681082039677,filtrar
fin,4.5,2.003784298558983,fin
fina,3.5294117647058822,1.8461309930483703,fina
final,4.314285714285714,2.1250803247300136,final
financiar,3.0,1.90029237516523,financiar
financiarse,2.4705882352941178,1.5022265115416549,financiarse
financiera,1.8611111111111112,1.3554709835705032,financiera
financiero,2.189189189189189,1.4305755997312923,financiero
fingir,3.6470588235294117,1.6121198718716367,fingir
fino,3.5294117647058822,1.5999108709577898,fino
firmamento,4.2894736842105265,1.625936648758262,firmamento
firmar,3.088235294117647,1.504893977113651,firmar
fiscal,2.5588235294117645,1.4395112064061828,fiscal
física,3.3,1.8973665961010273,fisica
físico,4.564102564102564,1.8323822830700585,fisico
fisiología,3.5294117647058822,1.6557575235604685,fisiologia
flaca,3.1578947368421053,1.4430882011116875,flaca
flaco,3.0833333333333335,1.746424919657298,flaco
flamenco,3.212121212121212,1.7811087796225373,flamenco
flauta,3.909090909090909,1.9583736295016008,flauta
flautista,3.789473684210526,1.8767121154171797,flautista
flecha,3.8974358974358974,1.902835443764353,flecha
flema,4.147058823529412,1.9248353403197969,flema
flemón,3.764705882352941,1.7932334690468512,flemon
flequillo,3.3142857142857145,1.7784895867235302,flequillo
flexibilizar,3.9714285714285715,1.6176546982248945,flexibilizar
flexible,3.676470588235294,1.5901322269260296,flexible
floja,3.2857142857142856,1.7417271443536018,floja
flojo,2.735294117647059,1.377499348939224,flojo
flor,4.794117647058823,1.7016820869756162,flor
flora,3.675675675675676,1.7168131661446007,flora
florecer,4.27027027027027,1.938622773583932,florecer
flota,2.891891891891892,1.6462716088817817,flota
flotar,4.088235294117647,1.781515307664756,flotar
fluir,3.8857142857142857,1.7451011865391939,fluir
fobia,5.666666666666667,1.65615734242165,fobia
foca,3.3076923076923075,1.8375304674000599,foca
foco,3.8205128205128207,1.931345247990781,foco
fofo,3.8157894736842106,1.843253046198116,fofo
fogón,3.9411764705882355,1.8247652646148056,fogon
folclórica,3.625,1.9439254496626546,folclorica
folio,3.323529411764706,1.6827212490900083,folio
folleto,2.6857142857142855,1.7784895867235302,folleto
follón,4.205882352941177,1.6101837230898173,follon
fomentar,3.176470588235294,1.6600581996970654,fomentar
fondo,3.3333333333333335,1.7671465750027247,fondo
fontanero,2.7058823529411766,1.9153196072355554,fontanero
forastero,2.5,1.3416407864998738,forastero
forcejear,3.9705882352941178,1.4456893944799982,forcejear
forjar,2.9743589743589745,1.6620719391482979,forjar
forma,2.948717948717949,1.5719367529247739,forma
formación,3.4705882352941178,2.0335860863918422,formacion
formalizar,2.9705882352941178,1.9460183766556884,formalizar
formar,3.189189189189189,1.8534927664912628,formar
formatear,2.4594594594594597,1.5562525251134285,formatear
formular,3.1714285714285713,1.7737582945246397,formular
fortaleza,4.181818181818182,1.7932955949617146,fortaleza
fortuito,2.8823529411764706,1.5909727514637633,fortuito
fortuna,3.176470588235294,1.849989160251521,fortuna
forzar,4.111111111111111,1.9824627941423592,forzar
fosa,2.735294117647059,1.4208154621695623,fosa
fósforo,3.5588235294117645,2.077165558108748,fosforo
foto,5.285714285714286,1.672817780791169,foto
fotografiar,4.882352941176471,1.4722628611303803,fotografiar
fotógrafo,4.647058823529412,1.856721661899885,fotografo
fracasar,3.8529411764705883,1.9248353403197969,fracasar
fracaso,4.205128205128205,2.0023602806830794,fracaso
fracción,2.088235294117647,1.1643087963517378,fraccion
fraccionar,2.323529411764706,1.3644976483827547,fraccionar
fragancia,5.352941176470588,1.411690431795447,fragancia
frágil,4.4411764705882355,1.3526892736119192,fragil
fragmento,2.361111111111111,1.3969922339037184,fragmento
fragor,2.5,1.7624019422539814,fragor
fragua,2.6052631578947367,1.6364013530719486,fragua
fraile,2.1176470588235294,1.387491870188641,fraile
francés,3.911764705882353,1.8152159410538384,frances
francesa,3.236842105263158,1.807405345378716,francesa
franja,2.764705882352941,1.8919097859428096,franja
franquista,4.0588235294117645,1.999108535725714,franquista
frasco,2.857142857142857,1.7002224273667867,frasco
frase,2.5,1.6065743310164897,frase
fraternidad,3.411764705882353,1.892851737599847,fraternidad
fraude,3.4594594594594597,1.8943570383084039,fraude
frecuencia,2.8205128205128207,1.8619711523543347,frecuencia
frecuente,2.914285714285714,1.5787453799742108,frecuente
fregador,2.8285714285714287,1.6888164021989291,fregador
fregar,3.6578947368421053,1.5644067313370367,fregar
freír,4.475,1.8809094908635327,freir
frenar,3.411764705882353,1.328422328310143,frenar
freno,3.057142857142857,1.4130246478608168,freno
frente,2.8947368421052633,1.6892261731370903,frente
fresa,4.947368421052632,1.7850333999608576,fresa
fresca,4.324324324324325,1.6675673242123634,fresca
fresco,4.555555555555555,1.7799589793739543,fresco
fría,5.0285714285714285,1.8228244774608033,fria
frigorífico,3.2,1.7286512933838472,frigorifico
frío,5.7,1.5055453054181627,frio
fritas,4.4,2.0730257831092933,fritas
fritos,4.3428571428571425,1.908847159672978,fritos
frivolizar,3.5294117647058822,1.942121522235446,frivolizar
fronda,1.9210526315789473,1.4403749314331307,fronda
frondoso,3.676470588235294,1.5515503143297071,frondoso
frotar,3.787878787878788,1.7811087796225373,frotar
frustrado,4.090909090909091,1.528145043092204,frustrado
fruto,3.9444444444444446,1.9704161191331346,fruto
fuego,5.764705882352941,1.1025816407458455,fuego
fuente,4.285714285714286,1.871951302964975,fuente
fuerte,4.5588235294117645,1.1855487534059141,fuerte
fuertes,3.6578947368421053,1.5294640606907122,fuertes
fuerza,4.552631578947368,1.7351278233317982,fuerza
fuga,4.057142857142857,1.9394186081955398,fuga
fugaz,4.3428571428571425,1.7479880391106652,fugaz
fugitivo,3.3823529411764706,1.9229823094783904,fugitivo
fulgor,2.2941176470588234,1.404093836212974,fulgor
fumar,4.5588235294117645,1.4810147313855813,fumar
fumigar,3.081081081081081,2.0999785498690002,fumigar
función,2.5,1.5811388300841898,funcion
funcionar,3.0294117647058822,1.5272334686406615,funcionar
fundamental,2.8529411764705883,1.8607973680440828,fundamental
fundamentar,2.361111111111111,1.588400413313933,fundamentar
fundamento,2.7714285714285714,1.7836795129848908,fundamento
fundar,3.0,1.7320508075688772,fundar
fundir,3.5294117647058822,1.6919648631219315,fundir
fúnebre,4.0588235294117645,1.8412969156414731,funebre
funeral,5.108108108108108,1.837628057272983,funeral
furcia,3.3823529411764706,2.0599309473915355,furcia
furia,5.235294117647059,1.4986625053069267,furia
furor,4.176470588235294,1.5466599053266687,furor
fuselaje,2.9705882352941178,2.1530147168021148,fuselaje
fusil,3.8285714285714287,1.7402791237532638,fusil
fusilar,5.147058823529412,1.5001485369117864,fusilar
fusión,3.7714285714285714,1.8000933682600415,fusion
fusta,3.2972972972972974,2.066463227417868,fusta
fútbol,3.95,2.0748802869390333,futbol
futuro,4.617647058823529,1.9542448883850165,futuro
gabinete,2.3823529411764706,1.5957273611277376,gabinete
gafas,4.257142857142857,1.6510755343617893,gafas
galán,4.057142857142857,1.7310801990266609,galan
galardón,3.7058823529411766,1.883411021696762,galardon
galardonar,3.810810810810811,2.02536468373034,galardonar
gallego,3.588235294117647,2.061444728146119,gallego
gallina,3.0285714285714285,1.8228244774608038,gallina
gallinero,4.184210526315789,1.7836382974421743,gallinero
gallo,3.142857142857143,1.5556889365251945,gallo
gama,2.057142857142857,1.4540583599999395,gama
ganancias,3.5714285714285716,1.6500572946507803,ganancias
ganar,4.828571428571428,1.9776057164530796,ganar
gancho,2.911764705882353,1.6212162859992818,gancho
gangrena,3.8823529411764706,1.6471224841275038,gangrena
garaje,3.2941176470588234,2.023040192903588,garaje
garantía,2.7714285714285714,1.6992336384332773,garantia
garantizar,3.2432432432432434,1.8013175024810992,garantizar
garantizarse,3.1538461538461537,1.7097008285302209,garantizarse
garbo,2.6,1.5941067939721716,garbo
garganta,3.588235294117647,1.8441988826361917,garganta
gas,4.216216216216216,1.973929177148055,gas
gastar,3.3947368421052633,1.701183589314193,gastar
gasto,3.5675675675675675,1.8490318869394653,gasto
gástrico,3.0294117647058822,1.5856419045781958,gastrico
gatear,3.9705882352941178,1.6784786422783793,gatear
gatito,4.5,1.7624019422539814,gatito
gato,4.435897435897436,1.7289313979095473,gato
gay,3.4411764705882355,1.6731602555169995,gay
gélido,4.4411764705882355,1.941433030093668,gelido
gen,3.176470588235294,1.816933617894723,gen
general,2.911764705882353,1.6581780263896355,general
generales,2.388888888888889,1.4595063309758987,generales
generalizar,2.3421052631578947,1.5644067313370367,generalizar
generar,2.5,1.4407489634761415,generar
género,3.7142857142857144,1.5256903658465486,genero
generoso,3.9210526315789473,2.071447841321913,generoso
genial,5.027777777777778,1.6985054120963623,genial
genio,4.0,1.7242311251607114,genio
gente,4.589743589743589,1.7876469202476717,gente
geografía,2.5,1.1348474733984246,geografia
geometría,2.735294117647059,1.5037090210424189,geometria
germen,3.2941176470588234,1.6792749475223272,germen
gérmenes,4.0,1.6803361008336117,germenes
gestar,3.3714285714285714,1.8163589028233231,gestar
gestión,1.9444444444444444,1.0939951539314041,gestion
gestionar,2.4324324324324325,1.5191470658918471,gestionar
gesto,3.9166666666666665,1.7788439263425317,gesto
gigante,4.0588235294117645,1.6319012238116848,gigante
gimnasia,4.2368421052631575,1.822297488490178,gimnasia
gimnasio,5.257142857142857,1.5594655408534184,gimnasio
gimnasta,3.5135135135135136,1.9947378221157233,gimnasta
ginebra,4.722222222222222,1.950986726338548,ginebra
girar,3.6666666666666665,1.6035674514745464,girar
giro,2.735294117647059,1.4834199538088628,giro
gitano,3.8974358974358974,1.8034305291344892,gitano
glaciar,4.029411764705882,2.0073394742060655,glaciar
glamour,4.216216216216216,1.9168135470551577,glamour
glándula,2.8461538461538463,1.8286961351345037,glandula
global,3.657142857142857,1.9545250234332872,global
globo,3.675675675675676,2.173758318034741,globo
gloria,4.615384615384615,1.8724510339375844,gloria
glorieta,2.3714285714285714,1.5162980128805639,glorieta
glúteo,5.171428571428572,1.5046147501000002,gluteo
gobernador,2.948717948717949,2.0512989203085055,gobernador
gobernanta,2.7058823529411766,1.6611316289716638,gobernanta
gobernar,2.8823529411764706,1.7014201889999252,gobernar
goce,5.0,1.7320508075688772,goce
golf,2.6470588235294117,1.7212108659080054,golf
golfista,2.411764705882353,1.4998514483779473,golfista
golondrina,4.054054054054054,1.8848216235369732,golondrina
golpe,5.029411764705882,1.3139183618762544,golpe
golpear,4.722222222222222,1.6320208526523372,golpear
goma,2.857142857142857,1.5174060130378293,goma
gorda,4.105263157894737,1.7209279973663882,gorda
gordo,4.5,1.5423319612806703,gordo
gorila,3.611111111111111,2.0181714181446213,gorila
gorra,2.4324324324324325,1.590606811889736,gorra
gorro,3.8529411764705883,1.7430790058621444,gorro
gota,3.5588235294117645,1.4183040762695858,gota
gozar,4.815789473684211,1.9570422133288456,gozar
gozo,4.487179487179487,1.9584069099222736,gozo
grabar,3.8974358974358974,1.9302968382973174,grabar
gracia,3.9444444444444446,1.8352803514051932,gracia
gracioso,5.085714285714285,1.8209795129420379,gracioso
grado,3.1794871794871793,2.125927597813975,grado
graduado,4.078947368421052,2.1102270781788803,graduado
gráfico,2.7142857142857144,1.6192123824550624,grafico
gramática,2.6486486486486487,1.7355149126446632,gramatica
gran,3.1470588235294117,1.877011695628412,gran
granada,4.085714285714285,1.704171845992143,granada
granate,4.205882352941177,2.1988896890311773,granate
grande,4.428571428571429,1.2195880279763298,grande
grandes,3.8461538461538463,1.6942388686751213,grandes
grandioso,4.771428571428571,1.610365583004173,grandioso
granja,3.35,1.9020906177016694,granja
grano,3.763157894736842,1.8950035374183025,grano
grapar,3.0789473684210527,1.583386363315482,grapar
grasa,4.085714285714285,1.6515844188042506,grasa
gratificar,3.5526315789473686,1.9270109667572848,gratificar
gratitud,3.611111111111111,2.114950560418818,gratitud
grave,4.583333333333333,1.9766494016751825,grave
gravedad,3.361111111111111,1.9734346820820912,gravedad
gremio,2.6285714285714286,1.6642559596287057,gremio
griega,3.0526315789473686,1.8298924561672962,griega
griego,2.7941176470588234,1.7016820869756166,griego
grieta,3.3529411764705883,1.3680854337396824,grieta
grifo,3.1470588235294117,1.8607973680440828,grifo
gripe,4.72972972972973,1.7424224619867696,gripe
gris,3.5428571428571427,1.720855757411157,gris
gritar,5.828571428571428,0.9847577870520562,gritar
grito,5.6571428571428575,1.186761712116017,grito
grosero,4.117647058823529,1.8710668789749731,grosero
grosor,3.088235294117647,1.602415734253519,grosor
gruesa,3.6486486486486487,1.6702663828832185,gruesa
grueso,3.0256410256410255,1.8422980427370061,grueso
grupo,3.942857142857143,1.714005579352185,grupo
gruta,3.081081081081081,1.9203353060566501,gruta
guante,3.210526315789474,1.6465836004718426,guante
guapa,4.888888888888889,1.563471919941143,guapa
guapo,5.117647058823529,1.1745974392893193,guapo
guardar,3.6363636363636362,1.7287672959760556,guardar
guardería,4.914285714285715,1.704171845992143,guarderia
guardián,2.9705882352941178,1.2669527775191383,guardian
guarro,4.714285714285714,1.619212382455062,guarro
guerra,4.916666666666667,1.857417562100671,guerra
guiar,3.5,1.5423319612806703,guiar
guillotina,4.742857142857143,1.8205179796655993,guillotina
guiño,4.457142857142857,1.615055219286492,guino
guitarra,4.911764705882353,2.0942583421261722,guitarra
gusano,3.9714285714285715,1.8228244774608033,gusano
gustar,4.722222222222222,2.0648225259067816,gustar
gusto,5.323529411764706,1.7183605335758734,gusto
habano,2.6857142857142855,1.9215714857350263,habano
haber,2.4857142857142858,1.788384558122523,haber
habilidad,3.9411764705882355,1.774246343980046,habilidad
habilitar,3.2857142857142856,1.758532619768515,habilitar
habitante,2.823529411764706,1.4661966513127955,habitante
habitar,3.3846153846153846,1.7564225695757214,habitar
hábito,2.735294117647059,1.5629968015906275,habito
habitual,2.8529411764705883,1.4170467142526852,habitual
habituar,2.6944444444444446,1.4505062061115956,habituar
hablar,4.871794871794871,1.8803623276195744,hablar
hablarse,4.131578947368421,1.6136420553481035,hablarse
hacer,3.7435897435897436,1.816850205538619,hacer
hacha,3.2058823529411766,1.6288946198908778,hacha
hacienda,2.411764705882353,1.539729355573098,hacienda
hada,3.8857142857142857,1.890711484062649,hada
halcón,4.0,1.877848713148555,halcon
hálito,1.7058823529411764,1.0008908687735623,halito
hallar,3.235294117647059,1.7066505124012652,hallar
halo,2.4864864864864864,1.5567348597058601,halo
hamaca,4.277777777777778,1.830083700054822,hamaca
hambre,5.588235294117647,1.3054117441431576,hambre
hambriento,4.794117647058823,1.5330581788305175,hambriento
hamburguesa,5.588235294117647,1.5199211913146968,hamburguesa
harén,2.7714285714285714,1.8163589028233231,haren
harina,3.1714285714285713,1.580873070131042,harina
hartar,4.0588235294117645,1.8080824677925178,hartar
harto,4.166666666666667,1.9639610121239315,harto
hastío,3.2058823529411766,1.719397564770798,hastio
haz,2.5,1.5025231304628084,haz
hazaña,2.6944444444444446,1.801894946112397,hazana
hebra,2.3823529411764706,1.3710139110837012,hebra
hecha,2.6052631578947367,1.5163874867451674,hecha
hechizar,3.4705882352941178,1.618740515220081,hechizar
hechos,3.235294117647059,1.939366087144031,hechos
hedor,3.6486486486486487,2.2756710392055086,hedor
hegemonía,2.8,1.9374844912530664,hegemonia
helar,5.0,1.5118578920369088,helar
hélice,3.235294117647059,1.939366087144031,helice
helicóptero,3.9393939393939394,1.7842959735459027,helicoptero
hembra,4.228571428571429,1.6818357317441643,hembra
hemisferio,3.3714285714285714,1.6464884966946776,hemisferio
heno,2.676470588235294,1.6463106271074472,heno
heredero,3.176470588235294,1.6043612574988464,heredero
herencia,3.0789473684210527,1.7302019714530192,herencia
heridas,5.147058823529412,1.597959929356452,heridas
herido,5.2,1.3676944963310038,herido
herir,5.085714285714285,1.5410353389738947,herir
hermano,5.542857142857143,1.7547055583882603,hermano
hermoso,5.0,1.7480147469502525,hermoso
héroe,4.588235294117647,1.7772577968016727,heroe
heroína,4.457142857142857,2.2008401757037235,heroina
heroísmo,3.7058823529411766,1.7671996639900136,heroismo
herramienta,2.891891891891892,1.5948490660697467,herramienta
hervir,4.142857142857143,1.9725000133133104,hervir
heterosexual,4.571428571428571,1.8674568155604543,heterosexual
hidalguía,1.6,1.0058651529317204,hidalguia
hidrográfica,2.4871794871794872,1.6994084864383483,hidrografica
hiedra,2.7058823529411766,1.6972243251798433,hiedra
hielo,5.083333333333333,1.6102351203650798,hielo
hierba,4.4411764705882355,1.6365369288316076,hierba
hierro,3.411764705882353,1.8276934803490756,hierro
hígado,3.588235294117647,1.760124772760805,higado
hijo,4.352941176470588,2.028319993599367,hijo
hilo,3.138888888888889,2.058470691387562,hilo
hipo,4.54054054054054,1.8796364097965947,hipo
hipócrita,4.4411764705882355,1.8779611199155424,hipocrita
hipófisis,2.911764705882353,1.602415734253519,hipofisis
hipotecar,2.676470588235294,1.5901322269260296,hipotecar
hipótesis,3.0,1.820517979665599,hipotesis
hispanizar,2.5294117647058822,1.6919648631219313,hispanizar
histeria,4.628571428571429,1.6818357317441643,histeria
historia,3.4,1.834313463493342,historia
histórico,3.235294117647059,1.939366087144031,historico
hito,2.264705882352941,1.7110837170141666,hito
hogar,5.648648648648648,1.5673086666181804,hogar
hoja,3.2,1.8278885279437136,hoja
holocausto,4.378378378378378,2.2154928138922974,holocausto
hombre,4.823529411764706,1.2903038926827946,hombre
hombro,3.2058823529411766,1.5526987603154725,hombro
homenaje,3.9714285714285715,1.806617155409105,homenaje
homenajear,3.8857142857142857,1.7281651026012352,homenajear
homicida,4.0,1.8516401995451028,homicida
homologar,1.864864864864865,1.182327322655574,homologar
homosexual,3.323529411764706,1.471354524060184,homosexual
honda,2.7714285714285714,1.6818357317441643,honda
hondo,3.2857142857142856,1.6903085094570334,hondo
honesto,4.794871794871795,1.935533207909484,honesto
hongo,3.4571428571428573,1.6863266228674674,hongo
honor,4.162162162162162,1.9077839604210005,honor
honorífico,3.4705882352941178,1.9576623988155328,honorifico
honra,3.4444444444444446,2.0763215336529917,honra
hora,2.388888888888889,1.660942551303373,hora
horca,3.861111111111111,1.8845655471718943,horca
horda,2.088235294117647,1.3341129627975499,horda
horizonte,3.6470588235294117,1.5932119823417603,horizonte
hormiga,3.2,1.6413767535391819,hormiga
hornear,4.171428571428572,1.806617155409105,hornear
horno,3.8157894736842106,1.8136906252750293,horno
horquilla,3.0526315789473686,1.6594914300903711,horquilla
horrible,4.705882352941177,1.6792749475223265,horrible
horror,4.743589743589744,2.0483362789031947,horror
hospital,5.2,1.4511658599006445,hospital
hospitalizar,4.6571428571428575,1.8933763359617206,hospitalizar
hostil,3.823529411764706,1.445381112272744,hostil
hotel,3.9705882352941178,1.6234138014586696,hotel
hoyo,3.1470588235294117,1.6720945482397576,hoyo
hoz,2.735294117647059,1.6387138994366204,hoz
hueco,3.057142857142857,1.433688315106861,hueco
huérfana,4.235294117647059,1.954928868417061,huerfana
huérfano,4.2,1.8973665961010273,huerfano
huerta,3.657142857142857,2.013817813227887,huerta
huerto,3.676470588235294,1.9024798527232358,huerto
hueso,3.1714285714285713,1.8066171554091055,hueso
huevo,3.911764705882353,1.912758551488487,huevo
huir,4.9411764705882355,1.5752090091349442,huir
humana,4.257142857142857,1.8840328638144224,humana
humanidad,4.9714285714285715,1.5432150222966388,humanidad
humanismo,4.323529411764706,1.5901322269260303,humanismo
humanista,4.0,1.8353258709644942,humanista
humano,5.117647058823529,1.854800583618381,humano
húmedo,4.777777777777778,1.8222609364838283,humedo
humildad,4.2894736842105265,2.167423364234432,humildad
humilde,4.4411764705882355,1.6365369288316076,humilde
humillar,4.352941176470588,1.8237881479371856,humillar
humo,4.352941176470588,1.756069180337696,humo
humor,5.3428571428571425,1.6967591451466097,humor
hundir,3.7058823529411766,1.446613846920935,hundir
huracán,5.175,1.8658537607246337,huracan
hurgar,3.5405405405405403,1.5382998298011885,hurgar
husmear,3.857142857142857,1.4171814849709754,husmear
idea,4.54054054054054,1.952129814026416,idea
ideal,4.324324324324325,1.930084253400671,ideal
identidad,3.911764705882353,1.9285360605646957,identidad
identificar,3.1666666666666665,1.889822365046136,identificar
ideologizar,2.8529411764705883,1.9714992440176613,ideologizar
idilio,2.6315789473684212,1.8660704866554292,idilio
idioma,4.147058823529412,1.9405146605862293,idioma
idiota,3.5555555555555554,1.9485444302928783,idiota
ídolo,4.176470588235294,1.62313927472948,idolo
iglesia,2.6857142857142855,1.4905867098212697,iglesia
ignorancia,3.764705882352941,1.8100531304676846,ignorancia
ignorar,3.638888888888889,1.8996658018530939,ignorar
igual,2.911764705882353,1.9441855357718452,igual
igualar,3.0294117647058822,1.930383760208208,igualar
igualdad,4.7631578947368425,1.8806872022677843,igualdad
iguales,3.2777777777777777,2.1059251256682026,iguales
iguana,2.9411764705882355,1.6503659184811517,iguana
iluminar,4.378378378378378,1.9486655170391087,iluminar
ilusión,5.088235294117647,1.6763533123442347,ilusion
ilusionar,5.0,1.6603483841521804,ilusionar
ilustrar,3.1944444444444446,1.6356640319444657,ilustrar
imagen,5.0,1.6858544608470492,imagen
imaginar,4.911764705882353,1.84830220306856,imaginar
imaginario,4.085714285714285,1.8209795129420379,imaginario
imaginarse,4.6571428571428575,1.781322330095673,imaginarse
imán,3.7941176470588234,2.157150361636724,iman
imbécil,3.710526315789474,1.769224822418489,imbecil
imitar,3.735294117647059,1.4628495133650037,imitar
impaciencia,3.9411764705882355,1.704560308907349,impaciencia
imparcial,2.8823529411764706,1.5128681546902676,imparcial
imperfecto,3.5,1.9423509653837725,imperfecto
impermeable,2.8823529411764706,1.5718104959867512,impermeable
imponer,3.764705882352941,1.9078597167381643,imponer
importación,1.75,1.02469507659596,importacion
importante,4.352941176470588,1.7035142454096839,importante
importantes,4.2,1.8117265083826728,importantes
imposibilidad,3.657142857142857,1.7479880391106657,imposibilidad
imposible,4.027027027027027,1.964779977595548,imposible
impotente,4.157894736842105,1.8820103654462765,impotente
impregnar,3.7027027027027026,2.079861972782287,impregnar
impresionado,4.228571428571429,1.6992336384332773,impresionado
impresionante,4.9411764705882355,1.704560308907349,impresionante
impreso,2.6315789473684212,1.6010309623013266,impreso
imprimir,3.3714285714285714,1.7671132039657935,imprimir
improbable,2.9714285714285715,1.6888164021989291,improbable
improvisar,3.942857142857143,1.6967591451466097,improvisar
impuesto,3.2285714285714286,1.8163589028233231,impuesto
impugnar,2.5,1.4822178304721938,impugnar
impunidad,3.0,1.6143297699232972,impunidad
imputar,3.7058823529411766,2.023040192903588,imputar
imputarse,3.264705882352941,1.9118264078895195,imputarse
incapaz,3.823529411764706,1.641702520487619,incapaz
incendiar,5.085714285714285,1.633679149351307,incendiar
incendio,4.794117647058823,1.4308169263217567,incendio
incentivo,2.638888888888889,1.7591033069278348,incentivo
incidencia,3.235294117647059,1.6340843702377361,incidencia
incidente,3.4358974358974357,1.8889550410474347,incidente
incienso,4.444444444444445,1.963152631347918,incienso
incierto,3.5945945945945947,1.964397836197866,incierto
incisivo,3.057142857142857,1.4130246478608168,incisivo
incitar,3.026315789473684,1.778046941058874,incitar
inclinarse,2.6470588235294117,1.3230440781767527,inclinarse
incomodar,3.2777777777777777,1.8456297587406871,incomodar
incomodidad,4.083333333333333,2.019547332590011,incomodidad
incómodo,4.358974358974359,1.597484527347514,incomodo
incordiar,3.3157894736842106,1.64571947886918,incordiar
incordio,3.4473684210526314,1.8261962894564392,incordio
incorporar,2.4722222222222223,1.7645090148514582,incorporar
incorrecta,3.088235294117647,1.504893977113651,incorrecta
incorrecto,3.735294117647059,1.7805144562893216,incorrecto
incrédulo,2.742857142857143,1.4821061552608792,incredulo
increíble,4.578947368421052,2.0085167170229017,increible
incrementar,3.121212121212121,1.4525317500311257,incrementar
incremento,3.1578947368421053,1.6688937230664116,incremento
inculto,3.135135135135135,1.8583469679942586,inculto
incurrir,2.3823529411764706,1.537702061269839,incurrir
indecente,3.5,1.6560266430297075,indecente
indefenso,4.3428571428571425,1.8777780540223772,indefenso
indemnizar,2.7714285714285714,1.7503901125801893,indemnizar
indemnizarse,2.7714285714285714,1.9566735620873066,indemnizarse
independiente,4.352941176470588,1.9521915104324765,independiente
independizar,3.7777777777777777,2.1126978164167403,independizar
índice,2.3823529411764706,1.614605794507673,indice
indiferente,2.823529411764706,1.6961737374436567,indiferente
indio,2.638888888888889,1.8996658018530939,indio
indispensable,3.3513513513513513,1.9890843261301057,indispensable
individual,3.1714285714285713,1.6357353857213095,individual
individuo,3.4871794871794872,1.8190771933476666,individuo
índole,1.8888888888888888,1.140871290543899,indole
inducir,2.891891891891892,1.6462716088817817,inducir
industria,2.735294117647059,1.9118264078895195,industria
industrial,2.878787878787879,1.7456656280194338,industrial
inesperado,3.6666666666666665,1.5545631755148024,inesperado
infame,2.8974358974358974,1.7740063459637252,infame
infantil,3.8461538461538463,1.8713696298427993,infantil
infección,4.735294117647059,1.6201164105090453,infeccion
infeliz,4.942857142857143,1.846186166491488,infeliz
inferencial,1.837837837837838,1.2363367375147147,inferencial
inferior,3.2857142857142856,1.9639610121239315,inferior
inferir,2.3142857142857145,1.3884275611053587,inferir
infiel,5.529411764705882,1.5999108709577898,infiel
infierno,5.205882352941177,1.4094789874427995,infierno
infinitud,4.0,2.0291986247835694,infinitud
inflar,3.6285714285714286,1.7164552098423536,inflar
infligir,3.588235294117647,1.876774264510439,infligir
influir,3.6470588235294117,1.6675576940848564,influir
informar,2.8684210526315788,1.6793025037211933,informar
ingeniería,2.742857142857143,1.6331646857424706,ingenieria
ingenio,3.5588235294117645,1.8454066887009803,ingenio
ingenuidad,3.411764705882353,1.4998514483779473,ingenuidad
inglesa,3.057142857142857,1.5893553473556716,inglesa
ingresar,3.5294117647058822,1.7274134476874197,ingresar
inhalar,3.8,1.549193338482967,inhalar
inhibir,2.588235294117647,1.5199211913146968,inhibir
iniciar,2.857142857142857,1.7174340837227997,iniciar
iniciativa,3.411764705882353,1.8441988826361917,iniciativa
inicio,2.7058823529411766,1.6242371032450689,inicio
injuria,2.8181818181818183,1.6096301099659795,injuria
injusto,4.17948717948718,1.9983123784016887,injusto
inmaduro,3.8529411764705883,1.559571676652521,inmaduro
inmensidad,4.685714285714286,1.9818504213075652,inmensidad
inmenso,3.9411764705882355,1.8080824677925178,inmenso
inmobiliaria,2.111111111111111,1.5450895078608187,inmobiliaria
inmoral,2.9210526315789473,1.8362944318377412,inmoral
inmortal,4.771428571428571,1.6992336384332773,inmortal
inmóvil,3.5714285714285716,1.5956874654502233,inmovil
innato,3.323529411764706,1.6463106271074472,innato
innovar,3.8823529411764706,1.7712297710801903,innovar
inocencia,3.735294117647059,1.675289636277529,inocencia
inocente,3.736842105263158,1.7810444935231016,inocente
inorgánica,3.4285714285714284,1.8356873097452255,inorganica
inquieto,4.205882352941177,1.552698760315472,inquieto
inscribir,2.3823529411764706,1.2795526178945453,inscribir
inscribirse,2.1666666666666665,1.3416407864998738,inscribirse
inscripción,3.088235294117647,1.7471647518856743,inscripcion
insecto,4.294117647058823,2.0230401929035877,insecto
inseguro,3.4722222222222223,2.021118659287632,inseguro
insertar,3.4857142857142858,1.9609635772396448,insertar
inservible,2.9411764705882355,1.2045664747770721,inservible
insistir,3.7714285714285714,1.610365583004173,insistir
insolente,3.0285714285714285,1.5993696237197053,insolente
insomnio,4.9411764705882355,1.4342388218903672,insomnio
inspeccionar,3.088235294117647,1.6943336414099637,inspeccionar
inspector,2.8823529411764706,1.5524117284689833,inspector
inspirado,4.648648648648648,2.030547493441885,inspirado
inspirar,4.705882352941177,1.697224325179843,inspirar
instalar,2.7435897435897436,1.9017713172329458,instalar
instante,3.5,2.1497004724407818,instante
instaurarse,2.1714285714285713,1.4649977772662173,instaurarse
instinto,4.72972972972973,1.677442640990688,instinto
institución,2.289473684210526,1.4314591825059682,institucion
institucionalizar,2.088235294117647,1.422069491947809,institucionalizar
instituto,4.057142857142857,1.6967591451466097,instituto
insulto,4.176470588235294,1.833535882507367,insulto
integral,3.5405405405405403,1.8498437560837189,integral
integrar,3.8,1.8278885279437136,integrar
intelecto,3.5833333333333335,2.019547332590011,intelecto
intelectual,3.5833333333333335,1.9910514092523364,intelectual
intelectuales,3.3333333333333335,2.0976176963403033,intelectuales
inteligente,4.105263157894737,2.063707941889255,inteligente
intemperie,4.416666666666667,1.9030051422496397,intemperie
intención,3.4705882352941178,1.7097810265192666,intencion
intentar,4.275,1.6010813653470393,intentar
intento,2.973684210526316,1.7318454788019215,intento
intercambiar,2.823529411764706,1.4028237375032808,intercambiar
interés,3.973684210526316,1.8081922001592996,interes
interesante,4.352941176470588,1.773241389867146,interesante
interesar,4.485714285714286,1.633679149351307,interesar
interferir,2.388888888888889,1.419814430083388,interferir
interior,3.5526315789473686,1.6390070893610613,interior
interiorizar,4.228571428571429,1.9415838635401934,interiorizar
internacional,3.3513513513513513,2.0305474934418855,internacional
internacionales,4.282051282051282,2.076798116898601,internacionales
interno,3.088235294117647,1.4846211037658332,interno
interponerse,3.1944444444444446,1.6702342768852938,interponerse
interpretar,3.8857142857142857,1.7949509016950287,interpretar
intérprete,4.282051282051282,2.0124444150377756,interprete
interrogar,3.769230769230769,1.7541160386140584,interrogar
interrumpir,3.1052631578947367,1.3514651445687944,interrumpir
interruptor,2.8285714285714287,1.339133044519614,interruptor
intervalo,2.189189189189189,1.4688967484672493,intervalo
intervenir,3.323529411764706,1.6646154935999415,intervenir
intestinal,3.088235294117647,1.712125155769755,intestinal
intimidad,4.911764705882353,1.712125155769755,intimidad
íntimo,5.029411764705882,1.6784786422783793,intimo
intolerante,4.029411764705882,1.9769167012025979,intolerante
intoxicarse,4.970588235294118,1.7664429952916607,intoxicarse
intranquilo,3.9722222222222223,1.8896123731164862,intranquilo
introducir,2.764705882352941,1.4986625053069267,introducir
introvertido,3.323529411764706,1.6277999325226842,introvertido
intruso,3.3947368421052633,1.7635877695108164,intruso
intuición,3.7777777777777777,1.9582953390437903,intuicion
intuir,3.5588235294117645,1.7089989355917785,intuir
inundación,4.257142857142857,1.8525476439512276,inundacion
inútil,3.6285714285714286,1.864304227346181,inutil
invalidar,3.3714285714285714,1.7836795129848908,invalidar
invasor,3.0277777777777777,1.6122054302123998,invasor
invención,2.75,1.6453397391246762,invencion
inventar,3.6052631578947367,1.9107020597959998,inventar
inventario,2.769230769230769,1.952886372062193,inventario
inventiva,2.911764705882353,1.912758551488487,inventiva
invernar,3.3529411764705883,1.5932119823417603,invernar
invertido,3.2285714285714286,1.6285271997532418,invertido
invertir,2.7941176470588234,1.6656859859894266,invertir
investigar,4.027027027027027,1.9928551054884729,investigar
invitación,3.9714285714285715,1.7061431269819944,invitacion
invitar,3.4324324324324325,1.8490318869394653,invitar
involucrar,3.0588235294117645,1.8247652646148056,involucrar
involucrarse,3.6470588235294117,1.773241389867146,involucrarse
ir,3.5555555555555554,1.6978043711039512,ir
ira,4.694444444444445,1.600347184554374,ira
iris,4.257142857142857,1.8840328638144224,iris
ironía,4.571428571428571,1.9141226570464305,ironia
irradiar,3.6176470588235294,2.0451673397097188,irradiar
irreal,3.657142857142857,1.7479880391106657,irreal
irresponsable,3.473684210526316,1.8415158577483248,irresponsable
irritar,4.470588235294118,1.2847660821791664,irritar
irrumpir,3.027027027027027,1.6242346314920568,irrumpir
irse,4.282051282051282,1.9049619135399498,irse
isla,4.029411764705882,1.7664429952916607,isla
islam,3.6285714285714286,1.7503901125801893,islam
isósceles,2.3076923076923075,1.5585730003983935,isosceles
itinerario,2.8529411764705883,1.8444405071223429,itinerario
izquierda,2.8055555555555554,1.9974189694910132,izquierda
izquierdo,3.1842105263157894,1.7375855126986575,izquierdo
jabalí,3.264705882352941,1.5822658001703103,jabali
jabón,3.638888888888889,2.099697635072764,jabon
jamón,5.117647058823529,1.6471224841275038,jamon
jaqueca,4.647058823529412,1.685631847025816,jaqueca
jardín,4.657894736842105,1.4754992886417675,jardin
jarra,3.2941176470588234,2.052779516488682,jarra
jarrón,2.7941176470588234,1.736932366658475,jarron
jaula,3.3529411764705883,1.3680854337396824,jaula
jauría,3.388888888888889,1.8864596891346919,jauria
jazmín,4.235294117647059,1.724314945735135,jazmin
jazz,4.638888888888889,1.8845655471718943,jazz
jefe,3.742857142857143,1.8525476439512276,jefe
jerarquía,2.6470588235294117,1.5547064994606667,jerarquia
jerarquizar,2.948717948717949,1.7762870493001606,jerarquizar
jerga,3.176470588235294,1.641702520487619,jerga
jersey,4.6923076923076925,1.6882542548886992,jersey
jinete,2.735294117647059,1.6387138994366204,jinete
jirafa,3.2857142857142856,1.5448477665610745,jirafa
jornada,2.75,1.6626141206803562,jornada
jornal,2.764705882352941,1.6154335852795676,jornal
jorobado,3.3076923076923075,1.6882542548886994,jorobado
joven,4.2894736842105265,1.5752802365335146,joven
jovial,4.085714285714285,1.9759052813007685,jovial
joya,3.4722222222222223,1.8436936701107236,joya
jubilar,3.142857142857143,1.647508942095828,jubilar
jubilarse,3.675675675675676,1.871631107617899,jubilarse
júbilo,3.5714285714285716,1.944611170656493,jubilo
jubiloso,3.1621621621621623,1.740266798088307,jubiloso
judicial,2.8684210526315788,1.6136420553481035,judicial
judío,3.1,1.90545774835582,judio
juego,4.0588235294117645,1.6319012238116848,juego
juerga,5.0588235294117645,1.5362523559779402,juerga
jueves,3.6470588235294117,1.7902488897759519,jueves
juez,3.2972972972972974,1.8083888603589302,juez
jugar,4.5,1.8126539343499315,jugar
jugo,4.138888888888889,2.016401005721088,jugo
juguete,4.4324324324324325,1.7879308422578026,juguete
juicio,3.588235294117647,1.539729355573098,juicio
julio,4.371428571428571,2.0592076472405063,julio
jungla,4.794871794871795,1.8378976430391327,jungla
junio,4.235294117647059,2.045820921832303,junio
juntar,3.6176470588235294,1.5377020612698387,juntar
juntarse,4.228571428571429,1.6464884966946776,juntarse
juntos,5.257142857142857,1.4821061552608792,juntos
júpiter,3.176470588235294,1.8335358825073667,jupiter
juramento,3.5277777777777777,1.949155291198305,juramento
jurar,3.8857142857142857,1.9519436553377876,jurar
justa,3.8,1.6768317464439757,justa
justicia,4.714285714285714,1.871951302964975,justicia
justificar,2.7837837837837838,1.5117160068231352,justificar
justo,3.5277777777777777,2.2988955250120946,justo
juventud,4.7631578947368425,1.6995104307197344,juventud
juzgar,3.823529411764706,1.8001782442941439,juzgar
ketchup,4.205882352941177,2.0857294598483147,ketchup
kilo,3.0789473684210527,1.7915956793417789,kilo
laberinto,3.6470588235294117,1.6675576940848564,laberinto
labio,5.416666666666667,1.7133926245067956,labio
labios,5.333333333333333,1.740279123753264,labios
labor,3.0,1.7489492643904123,labor
laboral,3.1470588235294117,1.8444405071223429,laboral
labrador,3.789473684210526,1.8767121154171797,labrador
lacrimal,3.8,1.8439088914585777,lacrimal
lácteo,3.8461538461538463,1.9539226610032923,lacteo
ladera,3.1176470588235294,1.5909727514637633,ladera
lado,2.138888888888889,1.355470983570503,lado
ladrar,4.384615384615385,1.927848331763524,ladrar
ladrillo,2.5428571428571427,1.2209653158550444,ladrillo
ladrón,3.6470588235294117,1.4746823580151076,ladron
lago,4.473684210526316,1.7969469920329837,lago
laguna,3.764705882352941,1.6707614582181922,laguna
lamer,4.514285714285714,1.633679149351307,lamer
lámina,2.342857142857143,1.34913604474378,lamina
lámpara,2.8529411764705883,1.7944755786846316,lampara
lana,4.117647058823529,1.903182436554433,lana
lánguido,2.5142857142857142,1.560004309410122,languido
lanza,3.1052631578947367,1.67315002613553,lanza
lanzar,3.6315789473684212,1.6344443246423597,lanzar
lápiz,3.2285714285714286,1.7335057014058888,lapiz
lapso,2.4411764705882355,1.3300985716625218,lapso
larga,2.8529411764705883,1.4798106541691451,larga
largas,2.710526315789474,1.6424749738821909,largas
largo,3.473684210526316,1.9554061181174056,largo
largos,3.3947368421052633,1.7939760112321024,largos
láser,4.147058823529412,1.877011695628412,laser
lástima,4.514285714285714,1.8530011995080173,lastima
lastimar,4.352941176470588,1.5740769867040496,lastimar
lateral,2.8529411764705883,1.811283705856596,lateral
látigo,4.470588235294118,1.762149068740627,latigo
latín,2.2941176470588234,1.360245338047201,latin
latir,5.428571428571429,1.4407047761775635,latir
latitud,2.1470588235294117,1.3513708627005945,latitud
latón,2.4411764705882355,1.599075044585922,laton
laurel,3.763157894736842,1.8806872022677843,laurel
lavabo,3.272727272727273,1.807497013703053,lavabo
lavar,3.4705882352941178,1.6373536319992192,lavar
lavarse,4.575757575757576,1.8879602589551343,lavarse
lazo,3.6857142857142855,1.3884275611053587,lazo
leal,3.6666666666666665,2.280350850198276,leal
lealtad,3.823529411764706,1.914388710652142,lealtad
leche,4.352941176470588,2.3339698647943745,leche
lechera,3.135135135135135,1.9743094736889397,lechera
lecho,3.0285714285714285,1.7902631138485547,lecho
lechuga,4.027777777777778,2.23589050474444,lechuga
lector,3.6578947368421053,1.9351138773596577,lector
leer,4.857142857142857,1.5930521416609131,leer
legado,3.4054054054054053,1.8478134143940006,legado
legal,2.8378378378378377,1.6917038339679502,legal
legalizar,3.411764705882353,1.6351748504193215,legalizar
legión,2.473684210526316,1.6883838763142727,legion
legislar,2.588235294117647,1.5199211913146968,legislar
legitimar,2.5588235294117645,1.3071174965291452,legitimar
legua,2.6578947368421053,1.849416500960669,legua
lejanía,4.184210526315789,1.7061932205445396,lejania
lejano,3.918918918918919,1.7854096694281927,lejano
lema,3.0303030303030303,1.4027840283889146,lema
lencería,4.787878787878788,1.408846508619191,lenceria
lengua,4.578947368421052,1.6045809244475633,lengua
lenguaje,4.4411764705882355,1.726639343481983,lenguaje
lenta,3.2857142857142856,1.7916707380580412,lenta
lentitud,3.3823529411764706,1.5178674410591493,lentitud
lento,3.4473684210526314,1.7036902462572339,lento
leña,3.763157894736842,1.8662610478493549,lena
león,4.861111111111111,1.692888955564722,leon
leopardo,4.323529411764706,1.8703522312136036,leopardo
lepra,4.142857142857143,2.1024195744967016,lepra
lesbiana,4.205882352941177,1.6288946198908774,lesbiana
lesión,4.694444444444445,1.8488520677041658,lesion
lesionar,4.294117647058823,1.7499681687963227,lesionar
letal,4.166666666666667,2.117950491799628,letal
letargo,2.3823529411764706,1.537702061269839,letargo
letra,3.4705882352941178,2.0484331649757457,letra
levantar,3.4705882352941178,1.8296430206156886,levantar
levantarse,4.3076923076923075,1.7191467613454452,levantarse
leve,2.5142857142857142,1.2454960875898728,leve
léxico,2.6578947368421053,1.5985857903662033,lexico
ley,3.2285714285714286,1.6464884966946776,ley
leyenda,4.205128205128205,1.949081932056153,leyenda
liar,4.294117647058823,1.697224325179843,liar
liberación,5.257142857142857,1.703678669351519,liberacion
liberal,4.837837837837838,2.06173488857097,liberal
liberar,4.702702702702703,2.1326153070931584,liberar
libertad,5.864864864864865,1.7975625806161055,libertad
libra,2.945945945945946,2.040505737228804,libra
libre,5.5,1.6001893827313256,libre
libres,4.088235294117647,2.0503901632974344,libres
libro,4.416666666666667,2.0753657164805572,libro
licencia,3.1470588235294117,1.7603779370588073,licencia
licenciado,3.1470588235294117,1.8607973680440828,licenciado
licenciar,3.0588235294117645,1.6319012238116848,licenciar
licenciarse,3.763157894736842,2.1986999909198897,licenciarse
licor,4.657894736842105,1.696997599728728,licor
líder,3.588235294117647,1.940285000290664,lider
lidiar,3.2162162162162162,1.9598063273805502,lidiar
liebre,3.8,1.9372509327577028,liebre
lienzo,3.6857142857142855,1.8434530988693725,lienzo
liga,2.6176470588235294,1.66996109340186,liga
ligar,4.972222222222222,1.7966017304282484,ligar
ligera,3.6857142857142855,1.7784895867235302,ligera
ligero,3.4864864864864864,1.5920221526519454,ligero
lijar,3.7837837837837838,1.973929177148055,lijar
lima,3.7714285714285714,2.0734415023977757,lima
limar,3.142857142857143,1.8010267846402497,limar
limbo,3.2941176470588234,1.6611316289716638,limbo
limitada,3.0285714285714285,1.617654698224895,limitada
límite,3.5675675675675675,1.9370731148442106,limite
limón,4.911764705882353,1.8646251887374452,limon
limonada,4.405405405405405,2.1532850802057393,limonada
limonero,4.085714285714285,2.0489800701156398,limonero
limpia,3.676470588235294,1.821098373780923,limpia
limpiar,4.324324324324325,1.7958912064001054,limpiar
limpiarse,4.108108108108108,1.5948490660697472,limpiarse
limpio,4.973684210526316,1.7627810047067012,limpio
linaje,2.088235294117647,1.2878840306069237,linaje
linde,1.7714285714285714,1.1653253594071105,linde
línea,2.4705882352941178,1.2119429458930076,linea
lingüística,2.388888888888889,1.5358157958330023,linguistica
linterna,3.5277777777777777,1.8281311473916448,linterna
lío,3.2941176470588234,1.7842647541809702,lio
liquidar,3.2285714285714286,1.5919967906728347,liquidar
lírica,3.8529411764705883,1.597959929356452,lirica
lirio,4.228571428571429,1.6818357317441643,lirio
liso,3.3529411764705883,1.7902488897759519,liso
lista,3.1470588235294117,1.8607973680440828,lista
listo,4.114285714285714,1.8750910342046383,listo
literatura,3.5,1.8132508893914234,literatura
litro,3.342857142857143,1.5519031417406624,litro
llaga,4.323529411764706,1.7704748247770545,llaga
llama,4.153846153846154,1.9404077371096051,llama
llamada,4.205882352941177,1.4094789874427995,llamada
llamadas,4.388888888888889,2.0740268324173874,llamadas
llamado,2.5789473684210527,1.5357290538648998,llamado
llamar,3.9,2.0355809351607084,llamar
llamarse,3.6857142857142855,1.9818504213075656,llamarse
llano,2.4166666666666665,1.6102351203650798,llano
llanto,5.4,1.3547302748691556,llanto
llave,3.4571428571428573,1.7378630749362538,llave
llegada,3.6486486486486487,2.0845491947529915,llegada
llegar,3.6285714285714286,1.7503901125801893,llegar
llena,3.864864864864865,2.0160765274573698,llena
llenar,3.823529411764706,1.8335358825073667,llenar
lleno,3.911764705882353,1.2641357584082,lleno
llevar,2.088235294117647,0.9331486957680151,llevar
llevarse,3.257142857142857,1.5404899362532298,llevarse
llorar,6.085714285714285,1.0674716850199497,llorar
lloriquear,4.764705882352941,1.2805970087237548,lloriquear
lloriqueo,4.352941176470588,1.2030857532895445,lloriqueo
llorón,4.393939393939394,1.519444675271897,lloron
llover,5.769230769230769,1.1576186641808772,llover
lluvia,5.294117647058823,1.2680075462137046,lluvia
lobo,4.942857142857143,1.7310801990266609,lobo
lóbrego,2.0,1.4142135623730951,lobrego
loca,4.194444444444445,1.9245696282463398,loca
local,3.176470588235294,1.5853608371463006,local
localizar,3.2058823529411766,1.5526987603154725,localizar
locas,4.264705882352941,1.8142336812735507,locas
loco,4.685714285714286,1.548650808843327,loco
locos,4.388888888888889,2.0740268324173874,locos
locutor,3.5757575757575757,1.904440584369578,locutor
lodo,3.1515151515151514,1.6978149950968622,lodo
lógica,3.4285714285714284,1.480971745484825,logica
lógico,3.3333333333333335,1.6754156331667822,logico
lograr,4.621621621621622,2.032395293891085,lograr
logro,4.4411764705882355,2.0179674212853347,logro
lomo,4.0588235294117645,1.9375269534092077,lomo
lona,2.8823529411764706,1.7540378677083124,lona
longitud,2.264705882352941,1.355322247925535,longitud
loro,3.8684210526315788,1.5276028320600161,loro
losa,2.342857142857143,1.8461861664914883,losa
lotería,4.4411764705882355,1.6911745330532184,loteria
loto,2.4473684210526314,1.7351278233317977,loto
lubricar,4.794117647058823,1.2499554359257592,lubricar
lucha,4.352941176470588,1.5740769867040496,lucha
luchar,5.314285714285714,1.640864703377434,luchar
lucir,4.228571428571429,2.0012601072341205,lucir
lucro,2.1944444444444446,1.6530395284262511,lucro
lugar,3.7941176470588234,2.026781472496456,lugar
lujo,4.428571428571429,1.770438866923285,lujo
lujuria,4.852941176470588,1.777508520904888,lujuria
lumbre,4.078947368421052,1.950489598236998,lumbre
lumbrera,2.6176470588235294,1.651715469707139,lumbrera
luminosidad,5.228571428571429,1.1902969052673689,luminosidad
luminoso,5.0,1.451932542547383,luminoso
luna,4.9411764705882355,1.6503659184811517,luna
lunar,3.1176470588235294,1.5718104959867512,lunar
lunes,4.27027027027027,2.03645455317499,lunes
luto,5.142857142857143,1.9272482233188635,luto
luz,4.794117647058823,1.7369323666584746,luz
maceta,2.588235294117647,1.5592859099663563,maceta
machacar,3.9714285714285715,1.7402791237532638,machacar
macho,3.361111111111111,1.7591033069278348,macho
madera,3.7222222222222223,1.965576776290375,madera
madre,5.794117647058823,1.5330581788305175,madre
madrileño,3.2564102564102564,1.742924775952445,madrileno
madrugar,4.911764705882353,1.764423625674342,madrugar
madurez,4.142857142857143,1.7002224273667872,madurez
maestro,4.088235294117647,1.764423625674342,maestro
mafia,3.5294117647058822,1.9264552801775765,mafia
magdalena,4.628571428571429,2.0012601072341205,magdalena
magenta,3.7941176470588234,1.9966549566819953,magenta
mágica,4.972972972972973,1.7557285048043687,magica
mágico,5.2,1.7115524428733941,magico
magistral,3.1176470588235294,1.6471224841275038,magistral
magnetismo,3.1470588235294117,1.559571676652521,magnetismo
magnitud,2.911764705882353,1.7471647518856743,magnitud
mago,3.8823529411764706,1.6471224841275038,mago
maíz,3.0,1.7232808737106582,maiz
majestad,2.515151515151515,1.3257359305592338,majestad
mal,4.176470588235294,1.6417025204876194,mal
mala,3.638888888888889,1.9589031592453945,mala
malaria,4.027027027027027,2.006745381713143,malaria
malas,3.727272727272727,1.6060963403686142,malas
maldecir,3.263157894736842,1.765804472147159,maldecir
maldición,3.6470588235294117,1.8729712732378816,maldicion
maldito,3.3714285714285714,1.573413566771572,maldito
malecón,3.342857142857143,1.7647338933351155,malecon
maleducado,3.5555555555555554,1.731134136000269,maleducado
maleficio,3.972972972972973,1.9073904000330242,maleficio
maleta,4.361111111111111,2.072304138982607,maleta
maletero,2.861111111111111,1.9295118224607677,maletero
maleza,3.2777777777777777,1.7502834237608673,maleza
malicia,3.9210526315789473,1.9365834913002518,malicia
malla,2.5714285714285716,1.4809717454848252,malla
malo,4.594594594594595,1.7233600813439922,malo
maloliente,4.8,1.7623513704540241,maloliente
malos,3.742857142857143,1.8205179796655993,malos
maltrato,5.085714285714285,1.7718622402205335,maltrato
malvado,3.8529411764705883,1.6901201847381089,malvado
mamá,6.314285714285714,1.0224373581107578,mama
mamar,4.176470588235294,1.783265445923261,mamar
mamífero,4.368421052631579,1.4222375335037993,mamifero
manantial,4.606060606060606,1.4777388541999297,manantial
manchar,3.5405405405405403,1.6430762915031363,manchar
mancharse,3.8823529411764706,1.6099069403248867,mancharse
mandar,3.236842105263158,1.9233165404935268,mandar
mandíbula,3.5641025641025643,1.9707715800626733,mandibula
manejar,2.764705882352941,1.538571228778491,manejar
manejo,2.7837837837837838,1.7501608677670355,manejo
manera,2.1714285714285713,1.294461375283496,manera
manga,2.742857142857143,1.615055219286492,manga
mango,4.588235294117647,1.7253483979979676,mango
manguera,3.5135135135135136,2.1424495536861747,manguera
manía,3.6578947368421053,1.8784167541133443,mania
maníaco,4.628571428571429,1.8163589028233231,maniaco
manifestación,3.763157894736842,1.6012530655086512,manifestacion
manifestar,3.72972972972973,2.0227682990376312,manifestar
maniobrar,3.4285714285714284,1.6500572946507803,maniobrar
manipular,3.8823529411764706,1.9503644707150123,manipular
maniquí,3.27027027027027,1.895149490565742,maniqui
manivela,2.641025641025641,1.547275695625251,manivela
mano,3.942857142857143,1.8620491107262185,mano
manojo,2.4473684210526314,1.4084180971121876,manojo
manopla,3.0,1.970368732287556,manopla
manosear,3.8684210526315788,1.6793025037211933,manosear
mansión,4.333333333333333,2.043388997839429,mansion
manso,3.4242424242424243,1.541717853368099,manso
mantel,3.0588235294117645,1.968558563111417,mantel
mantener,3.2941176470588234,1.8672522636330584,mantener
mantequilla,3.764705882352941,2.0159789490455133,mantequilla
manto,3.1315789473684212,1.788416975255672,manto
manufacturar,2.2941176470588234,1.3823434595950477,manufacturar
manzana,4.3428571428571425,1.8620491107262185,manzana
maña,2.914285714285714,1.6692976432765785,mana
mañana,3.5277777777777777,2.104228546944884,manana
mapa,3.611111111111111,1.5906472676739898,mapa
mapache,3.5,1.7484687178050562,mapache
maquillar,4.2727272727272725,1.6634438537400213,maquillar
maquillarse,4.529411764705882,1.5999108709577898,maquillarse
máquina,3.4571428571428573,1.9150004936699894,maquina
maquinilla,3.5,1.9198214202665531,maquinilla
mar,5.764705882352941,1.2075224705710628,mar
maraña,2.942857142857143,1.6967591451466104,marana
maravilla,3.9166666666666665,2.0615528128088303,maravilla
maravillosa,4.894736842105263,1.8857857160117855,maravillosa
maravilloso,5.162162162162162,1.8486258186602869,maravilloso
marcado,2.235294117647059,1.2805970087237548,marcado
marcar,3.7058823529411766,1.7149858514250884,marcar
marchar,3.323529411764706,1.6463106271074472,marchar
marcharse,4.235294117647059,1.6888013236829962,marcharse
marcianas,2.4285714285714284,1.2899091232402722,marcianas
marco,2.057142857142857,1.2112914144648685,marco
mareado,4.264705882352941,1.6932812601647003,mareado
marear,4.685714285714286,1.4905867098212693,marear
marearse,4.894736842105263,1.3108584701928139,marearse
marejada,2.2,1.6051388065321,marejada
marfil,3.5789473684210527,1.654340383737022,marfil
margarita,4.542857142857143,1.7879146107860369,margarita
margen,2.4705882352941178,1.5420429997865595,margen
marido,3.9705882352941178,1.5272334686406615,marido
mariposa,4.589743589743589,1.8738919352927468,mariposa
mariquita,3.7222222222222223,1.8144044455587878,mariquita
mariscal,2.4571428571428573,1.5018196246134052,mariscal
mármol,3.1621621621621623,1.7875108937276984,marmol
marqués,2.710526315789474,1.7538820992893682,marques
marrón,3.342857142857143,1.9394186081955402,marron
martes,2.264705882352941,1.3098420799889596,martes
martillar,3.735294117647059,1.927611546580328,martillar
martillo,3.8157894736842106,2.011524407251198,martillo
mártir,3.3142857142857145,2.068978556898926,martir
martirio,4.029411764705882,1.8502300285762516,martirio
marzo,3.8857142857142857,1.9368171065440534,marzo
masa,3.6153846153846154,1.9549584006259924,masa
masacrar,4.675675675675675,2.0283279108946153,masacrar
masacre,4.823529411764706,1.8499891602515215,masacre
masaje,5.857142857142857,1.45809822034322,masaje
masajear,5.358974358974359,1.564191055216712,masajear
mascar,3.5135135135135136,2.1294446540200416,mascar
mascota,5.257142857142857,1.6510755343617893,mascota
masculino,3.6842105263157894,1.9186885041878001,masculino
masón,2.135135135135135,1.5122125468289127,mason
masticar,4.0,1.909727421264462,masticar
masturbar,4.828571428571428,1.901790399252524,masturbar
masturbarse,5.457142857142857,1.7547055583882603,masturbarse
matanza,4.972222222222222,1.9637589481270874,matanza
matar,5.852941176470588,0.9887964199324858,matar
matemática,3.3823529411764706,2.117956503435713,matematica
matemáticas,3.3142857142857145,1.7451011865391943,matematicas
matemático,2.764705882352941,1.5965649400644928,matematico
materia,2.5555555555555554,2.0486154829116656,materia
material,2.8823529411764706,1.430505439015068,material
materializarse,3.142857142857143,1.7846215143777213,materializarse
maternal,4.222222222222222,2.0299347084659938,maternal
matizar,2.625,1.6122527637932504,matizar
matrimonial,3.8285714285714287,1.4849383882190943,matrimonial
matrimonio,4.8,1.6591989562649168,matrimonio
matriz,2.2058823529411766,1.3878130116974405,matriz
máxima,3.5428571428571427,1.9150004936699894,maxima
máximo,3.857142857142857,2.130214807490179,maximo
mayo,3.8974358974358974,1.4831487094917135,mayo
mayor,3.742857142857143,1.7713879095360285,mayor
mayores,3.2941176470588234,1.446613846920935,mayores
mear,4.4,1.8502781984784626,mear
mecánico,2.8823529411764706,1.6471224841275038,mecanico
mecanismo,2.764705882352941,1.4367223541779577,mecanismo
mecedora,3.1470588235294117,1.5788824766976217,mecedora
mechero,4.114285714285714,1.9062039359360659,mechero
medalla,3.823529411764706,2.037089251928068,medalla
media,2.5588235294117645,1.5213864583968224,media
mediar,3.1714285714285713,1.524037097852363,mediar
mediatizar,2.5588235294117645,1.4183040762695858,mediatizar
médica,4.243243243243243,1.7224885970499102,medica
medicina,4.0,1.4354811251305468,medicina
médico,3.8529411764705883,1.597959929356452,medico
medieval,3.1578947368421053,1.685010478585971,medieval
medio,2.3333333333333335,1.6903085094570331,medio
medir,2.5675675675675675,1.4821257357919053,medir
meditar,3.972972972972973,1.8631885227940497,meditar
medrar,2.5142857142857142,1.59726657268024,medrar
médula,3.4571428571428573,1.5782130092357651,medula
mejilla,4.594594594594595,1.6908160334166635,mejilla
mejor,4.0,2.0579830217101063,mejor
mejorar,4.029411764705882,1.6964364453732805,mejorar
mejores,3.742857142857143,2.0770858707058104,mejores
melancolía,4.647058823529412,1.6492854824121697,melancolia
melena,4.447368421052632,1.719480883652415,melena
melocotón,4.82051282051282,1.971798469362089,melocoton
melodía,5.552631578947368,1.4648562040129658,melodia
membrana,3.0526315789473686,1.6431243874063008,membrana
memoria,4.147058823529412,1.5202143577155933,memoria
memorizar,4.081081081081081,1.8009006755629928,memorizar
mencionar,2.918918918918919,1.5523884532905772,mencionar
mendigar,4.571428571428571,1.9596775587973092,mendigar
mendigo,4.594594594594595,1.6743068127745597,mendigo
menester,2.6842105263157894,1.5264384117123975,menester
menguante,2.675675675675676,1.4539993514833884,menguante
menor,2.473684210526316,1.3504121914330387,menor
menosprecio,4.243243243243243,1.9062092313368,menosprecio
mensaje,3.235294117647059,1.5187479598073192,mensaje
mensual,2.735294117647059,1.5237279549087528,mensual
mental,4.571428571428571,1.5956874654502233,mental
mente,4.7105263157894735,1.858623360604848,mente
mentir,3.263157894736842,1.9268264136785913,mentir
mentira,4.352941176470588,1.6492854824121697,mentira
mentirosa,4.0,1.9069251784911847,mentirosa
mentiroso,4.647058823529412,1.6308085546407594,mentiroso
mentón,2.8205128205128207,1.652299750934004,menton
meñique,2.8285714285714287,1.8388889594105504,menique
mercado,3.8823529411764706,1.6835155475761074,mercado
mercancía,2.2941176470588234,1.360245338047201,mercancia
mercantilizar,1.8285714285714285,1.0706159383247376,mercantilizar
merced,2.3783783783783785,1.3814515584733358,merced
merecer,3.6470588235294117,1.73872738102494,merecer
merendar,5.114285714285714,1.604615192488961,merendar
merienda,5.461538461538462,1.8474185951178046,merienda
mérito,3.9210526315789473,2.2346361811310396,merito
merluza,3.8684210526315788,1.711188185768116,merluza
mermelada,4.352941176470588,1.8729712732378816,mermelada
mero,2.6923076923076925,1.808661123795374,mero
mes,2.6470588235294117,1.73872738102494,mes
mesa,2.735294117647059,1.7110837170141666,mesa
meta,4.485714285714286,1.788384558122523,meta
metabolizar,2.888888888888889,1.4885808731382435,metabolizar
metáfora,3.9411764705882355,1.90599018202483,metafora
metaforizar,2.7142857142857144,1.4260481918147618,metaforizar
metal,3.3529411764705883,1.856721661899885,metal
metálica,3.4864864864864864,1.8947533058659878,metalica
meteorológico,3.764705882352941,1.7418002447730976,meteorologico
meter,3.3823529411764706,1.8425066240142913,meter
método,2.6176470588235294,1.7058669862237374,metodo
metralleta,4.914285714285715,1.721344012707522,metralleta
metro,3.7058823529411766,1.6054719265536448,metro
mezclar,3.4444444444444446,1.888982257262881,mezclar
mezquita,3.026315789473684,1.9099574369852605,mezquita
miedo,5.205882352941177,1.6837802304717882,miedo
miedoso,4.323529411764706,1.4295705698776298,miedoso
miel,4.352941176470588,1.8237881479371856,miel
miembro,4.176470588235294,1.62313927472948,miembro
miércoles,2.4705882352941178,1.5222649416526253,miercoles
milagro,3.735294117647059,2.2061734804917212,milagro
milicia,2.8529411764705883,1.827937286590452,milicia
militar,3.4705882352941178,1.7274134476874197,militar
militares,3.6216216216216215,1.9343582247716533,militares
milla,2.5294117647058822,1.4819171472698967,milla
millonario,3.5,1.6742252844316692,millonario
mina,2.942857142857143,1.5328339218365352,mina
minero,3.085714285714286,1.4826730346678232,minero
miniatura,2.323529411764706,1.1990043403589679,miniatura
mínima,2.3684210526315788,1.4031056794314947,minima
mínimo,2.7142857142857144,1.8402593898276243,minimo
ministerio,2.657142857142857,1.69675914514661,ministerio
ministro,2.764705882352941,1.538571228778491,ministro
minucioso,3.0285714285714285,1.5621575254927982,minucioso
minuto,3.2058823529411766,1.7016820869756166,minuto
miope,3.6486486486486487,2.0845491947529915,miope
mirar,4.184210526315789,1.6742124111725012,mirar
mirarse,4.411764705882353,1.7942272255482012,mirarse
misa,3.2941176470588234,2.082094105588801,misa
miseria,3.736842105263158,1.9957280122100236,miseria
misión,4.057142857142857,1.661729381642849,mision
misterio,4.029411764705882,1.5664144371616049,misterio
místico,4.314285714285714,1.6937849813436203,mistico
mitad,3.051282051282051,1.7910408316001174,mitad
mito,2.7941176470588234,1.591252827647865,mito
mitología,2.8333333333333335,1.5023790657297036,mitologia
mixta,3.1794871794871793,2.0244790736305847,mixta
mobiliario,2.8529411764705883,1.6168122947438694,mobiliario
mocedad,2.2,1.410047975821265,mocedad
modalidad,2.3846153846153846,1.6798399769555843,modalidad
modelar,3.081081081081081,1.7854096694281927,modelar
modelo,3.6486486486486487,2.071180771876224,modelo
moderado,2.763157894736842,1.6674014501664165,moderado
moderar,3.2058823529411766,1.3434332265596973,moderar
modernizarse,3.388888888888889,1.8091478306141464,modernizarse
moderno,3.8857142857142857,1.9519436553377876,moderno
modestia,3.7058823529411766,1.7149858514250884,modestia
modesto,3.6216216216216215,1.8004837521460009,modesto
modificar,2.4166666666666665,1.4417251570848824,modificar
modo,2.282051282051282,1.5034822378086838,modo
mofeta,4.473684210526316,2.2629428592141427,mofeta
moho,3.942857142857143,1.781322330095673,moho
mojada,4.3428571428571425,1.5328339218365348,mojada
mojado,4.147058823529412,1.6538724611187703,mojado
mojar,4.6923076923076925,1.9215378456610452,mojar
mojarse,5.428571428571429,1.6853296812356282,mojarse
molde,2.3333333333333335,1.5118578920369088,molde
mole,2.3783783783783785,1.7216166716095556,mole
moler,3.0,1.7580981459830651,moler
molestar,4.676470588235294,1.7359058107965482,molestar
molestia,4.314285714285714,1.529541041724388,molestia
molesto,4.685714285714286,1.7110613935323808,molesto
molino,3.4054054054054053,2.153285080205739,molino
momento,3.7941176470588234,1.5720939860235028,momento
momia,3.0833333333333335,1.6966353257466462,momia
monarquía,2.7142857142857144,1.758532619768515,monarquia
monárquico,3.2058823529411766,1.7885055851643272,monarquico
monasterio,2.9743589743589745,1.5974845273475138,monasterio
moneda,3.911764705882353,1.7471647518856743,moneda
monja,2.6052631578947367,1.6852215137773032,monja
monje,2.4324324324324325,1.6251588048991217,monje
mono,4.333333333333333,1.7819760370137494,mono
monólogo,3.763157894736842,1.7465674525443726,monologo
monopolio,2.0833333333333335,1.5560940111151933,monopolio
monopolizar,2.7058823529411766,1.7149858514250884,monopolizar
monotonía,3.4,1.7855630188032139,monotonia
monstruo,4.588235294117647,1.5786002057600488,monstruo
montada,2.5714285714285716,1.4407047761775624,montada
montaña,4.628571428571429,1.9415838635401934,montana
montar,3.235294117647059,1.5965649400644928,montar
montarse,3.3529411764705883,1.3900589248721635,montarse
monte,4.2727272727272725,2.0042568334785473,monte
montón,2.8285714285714287,1.2715371495513121,monton
moño,3.9714285714285715,1.947633772279678,mono
moqueta,3.0588235294117645,1.8247652646148056,moqueta
mora,4.315789473684211,2.1321891194186513,mora
morado,3.272727272727273,1.5466238891680986,morado
moral,4.314285714285714,1.58617980902375,moral
moralizar,3.6285714285714286,1.6642559596287057,moralizar
morboso,4.0,1.9172051730776432,morboso
morder,5.264705882352941,1.4208154621695623,morder
morderse,5.333333333333333,1.4719601443879748,morderse
morgue,3.1176470588235294,2.1709473687121847,morgue
moribundo,4.864864864864865,1.9316395189660085,moribundo
morir,4.947368421052632,2.0657747505613724,morir
moro,3.2162162162162162,1.7659611033708014,moro
morro,3.4705882352941178,1.6557575235604685,morro
mortal,4.735294117647059,1.958800243955959,mortal
mortificar,3.4411764705882355,1.501336303160343,mortificar
moruno,2.6470588235294117,1.5547064994606667,moruno
mosca,3.5555555555555554,1.6808916756878851,mosca
mosquito,3.6,1.9128051467443734,mosquito
mostrar,3.5428571428571427,1.5404899362532298,mostrar
mote,3.764705882352941,1.8100531304676846,mote
moto,4.428571428571429,1.8674568155604543,moto
motor,3.361111111111111,1.8071726580138976,motor
mover,3.4571428571428573,1.7879146107860369,mover
moverse,3.861111111111111,1.6759266567276023,moverse
móvil,5.057142857142857,1.5519031417406617,movil
movilidad,4.057142857142857,1.9991594872501253,movilidad
movilizar,3.057142857142857,1.5328339218365352,movilizar
mozo,2.914285714285714,1.7383465533361862,mozo
muchacho,3.8823529411764706,1.7712297710801903,muchacho
muchedumbre,3.8857142857142857,1.7110613935323808,muchedumbre
muchísima,4.2,1.530090347197915,muchisima
muchísimas,4.228571428571429,1.895594184134455,muchisimas
muchísimo,4.117647058823529,1.6835155475761074,muchisimo
muchísimos,3.9166666666666665,1.9766494016751825,muchisimos
mucosidad,3.9411764705882355,1.6866890010005569,mucosidad
mudar,3.4411764705882355,1.7089989355917785,mudar
mudo,4.171428571428572,1.9626769577126373,mudo
mueble,3.076923076923077,1.9383201542167678,mueble
mueca,4.235294117647059,1.3719886811400708,mueca
muelle,3.0,1.5374122295716148,muelle
muerte,5.647058823529412,1.6492854824121697,muerte
muerto,5.052631578947368,1.7390175608123275,muerto
muestra,2.857142857142857,1.4781319121038663,muestra
mugre,4.485714285714286,1.6155754496814578,mugre
mujer,4.842105263157895,1.652619800449098,mujer
mula,2.8974358974358974,1.8034305291344894,mula
muleta,3.2058823529411766,1.4725655156430095,muleta
mulo,2.264705882352941,1.355322247925535,mulo
multa,3.7058823529411766,1.6242371032450689,multa
múltiple,2.606060606060606,1.6571699131990423,multiple
multitud,4.891891891891892,1.6630591588292243,multitud
mundo,5.235294117647059,1.7066505124012652,mundo
munición,3.388888888888889,1.9460990692412312,municion
municipio,2.7948717948717947,1.6088486759413618,municipio
muñeca,4.4324324324324325,1.965544037502941,muneca
muñeco,3.8823529411764706,1.6286210170301434,muneco
mural,4.078947368421052,1.9084673197800806,mural
murciélago,3.4722222222222223,1.9344413901856763,murcielago
murmullo,4.166666666666667,1.6987390281365427,murmullo
murmurar,4.470588235294118,1.4404396239205683,murmurar
muro,3.257142857142857,1.8840328638144224,muro
músculo,3.4705882352941178,1.2847660821791664,musculo
musculoso,3.789473684210526,1.8767121154171797,musculoso
museo,4.7894736842105265,1.3387750499706426,museo
musgo,3.5,1.862712261648849,musgo
música,6.257142857142857,1.066684173525801,musica
musical,4.9411764705882355,1.7912443020795963,musical
músico,4.945945945945946,2.054073810557746,musico
muslo,3.3529411764705883,1.856721661899885,muslo
mutación,2.6857142857142855,1.4094518870286916,mutacion
mutilar,4.162162162162162,2.3035421216696483,mutilar
mutua,2.3157894736842106,1.5614487929033007,mutua
mutuo,3.0285714285714285,1.7902631138485547,mutuo
nacer,5.0588235294117645,1.4962817849708825,nacer
nación,3.4324324324324325,2.102122479523712,nacion
nacionalizar,3.2058823529411766,1.736932366658475,nacionalizar
nadador,3.742857142857143,1.703678669351519,nadador
nadar,4.529411764705882,1.4613255526290125,nadar
naranja,4.815789473684211,1.7530708679327,naranja
narcótico,3.324324324324324,1.9010823533224737,narcotico
narcotizar,3.2941176470588234,1.6972243251798433,narcotizar
nariz,3.4857142857142858,1.755184397408877,nariz
narrar,3.911764705882353,1.5833919681421857,narrar
nasal,3.323529411764706,1.7532755187258162,nasal
nata,4.088235294117647,2.108678274220874,nata
nativo,3.0,1.6803361008336117,nativo
natural,4.352941176470588,1.7035142454096839,natural
naturales,4.2,1.8597912596342003,naturales
naturaleza,5.153846153846154,1.785002750085771,naturaleza
naufragio,4.0,2.14350054690793,naufragio
náufrago,3.7837837837837838,1.8429314681768276,naufrago
náusea,4.894736842105263,1.6072382504598095,nausea
navaja,4.6571428571428575,1.8620491107262185,navaja
nave,2.6470588235294117,1.4539883068425747,nave
navegar,3.764705882352941,1.538571228778491,navegar
navidad,5.647058823529412,1.6308085546407594,navidad
navío,2.8823529411764706,1.6654184274002795,navio
necesario,3.189189189189189,1.7454359187740311,necesario
necesidad,4.485714285714286,1.8688062967546732,necesidad
necesitar,4.333333333333333,2.0564937798755114,necesitar
néctar,3.5833333333333335,1.810682586366652,nectar
negar,3.6285714285714286,1.5919967906728347,negar
negativo,3.942857142857143,1.781322330095673,negativo
negligencia,3.6176470588235294,1.8751114048900301,negligencia
negociar,3.108108108108108,1.7445754622668357,negociar
negra,3.2972972972972974,2.066463227417868,negra
negro,4.3428571428571425,1.8140441842802526,negro
nena,4.075,1.9792189601728485,nena
nene,3.735294117647059,1.8308604291079755,nene
neón,3.5,1.8746428231227714,neon
nervio,4.3428571428571425,1.7479880391106652,nervio
nervioso,4.794117647058823,1.3434332265596967,nervioso
neurótico,3.5526315789473686,1.8555594832105422,neurotico
nevera,3.764705882352941,1.724314945735135,nevera
nexo,2.769230769230769,1.5637596137369245,nexo
nido,3.4324324324324325,1.8639942259766993,nido
niebla,4.542857142857143,1.5404899362532298,niebla
nieto,4.324324324324325,2.069004780270162,nieto
nieve,5.176470588235294,1.5853608371463013,nieve
niño,5.0,1.5904124511289146,nino
nivel,2.6470588235294117,1.5740769867040496,nivel
noble,3.3714285714285714,1.6464884966946776,noble
noche,5.111111111111111,1.7853015396009682,noche
noción,2.891891891891892,1.6961358662786647,nocion
nocturno,4.823529411764706,1.3364491223703556,nocturno
nogal,3.6216216216216215,2.138942513270302,nogal
nombrar,2.6176470588235294,1.576622894177816,nombrar
nombrarse,2.5,1.5022505639062869,nombrarse
nombre,3.5142857142857142,2.005454746309624,nombre
nómina,3.4411764705882355,1.7441013396778162,nomina
norma,3.0294117647058822,1.218177827433802,norma
normal,2.4722222222222223,1.7482417471131406,normal
normalizar,2.6285714285714286,1.4159950624231437,normalizar
normativa,2.7941176470588234,1.736932366658475,normativa
norte,4.2105263157894735,1.8032687248115173,norte
nostalgia,5.5675675675675675,1.5730462404120462,nostalgia
nota,3.6470588235294117,1.889081112864239,nota
notar,4.176470588235294,1.945789365960379,notar
noticias,3.8333333333333335,1.889822365046136,noticias
notificar,3.0588235294117645,1.7222461808081844,notificar
novela,4.352941176470588,1.7035142454096839,novela
novia,4.970588235294118,1.930383760208208,novia
noviembre,4.615384615384615,1.7861364451826511,noviembre
novio,5.333333333333333,2.094269541458478,novio
nube,4.529411764705882,1.8130051081785845,nube
nubes,4.657894736842105,1.7595502464269899,nubes
nublado,4.361111111111111,1.5334886049747163,nublado
nuca,3.076923076923077,1.7679100861962675,nuca
nuclear,4.0285714285714285,2.0791077595041223,nuclear
núcleo,2.5277777777777777,1.7482417471131406,nucleo
nudo,3.323529411764706,1.718360533575873,nudo
nuera,3.1315789473684212,1.7732403174213562,nuera
nueva,3.4473684210526314,1.7351278233317977,nueva
nuevas,3.6842105263157894,1.9186885041878001,nuevas
nuevo,4.294117647058823,1.697224325179843,nuevo
nuevos,3.8285714285714287,1.723295650536977,nuevos
nuez,3.764705882352941,2.2300811716360376,nuez
nula,2.8529411764705883,1.877011695628412,nula
nulo,2.411764705882353,1.6165366469207527,nulo
número,2.5,1.9639610121239315,numero
nupcial,2.8285714285714287,1.6713100582849283,nupcial
nutrir,3.764705882352941,1.6340843702377361,nutrir
obedecer,3.3823529411764706,1.8588805018458292,obedecer
obesa,3.676470588235294,1.6090763063679716,obesa
obesidad,3.911764705882353,1.5446417071816567,obesidad
obispo,2.2941176470588234,1.3823434595950477,obispo
objeción,2.142857142857143,1.2161379842101205,objecion
objetivo,3.7058823529411766,2.008005368891559,objetivo
objeto,2.8857142857142857,1.4905867098212697,objeto
obligación,3.764705882352941,1.724314945735135,obligacion
obligatoria,3.735294117647059,1.8959098484099086,obligatoria
obra,3.6666666666666665,1.7671465750027242,obra
obrar,2.7058823529411766,1.4674118994711225,obrar
obrero,2.9722222222222223,1.6298310361350978,obrero
obsceno,3.5277777777777777,1.9637589481270878,obsceno
obsequio,3.3529411764705883,1.756069180337696,obsequio
observar,4.176470588235294,1.8499891602515215,observar
obsesión,4.8108108108108105,1.7133112488498503,obsesion
obsesionar,4.470588235294118,2.149493162495516,obsesionar
obstáculo,3.4722222222222223,1.8436936701107236,obstaculo
obtener,3.6285714285714286,1.895594184134455,obtener
obviar,2.72972972972973,1.5027502314949939,obviar
ocasión,3.264705882352941,1.7461442116397883,ocasion
ocasionar,2.6176470588235294,1.741032537289346,ocasionar
ocaso,4.235294117647059,1.5965649400644928,ocaso
occidental,2.4444444444444446,1.4029447488244033,occidental
occidente,3.0588235294117645,1.5943304184095446,occidente
océano,5.416666666666667,1.6278820596099706,oceano
ocio,4.861111111111111,1.4765360578593163,ocio
octubre,3.8285714285714287,1.6357353857213088,octubre
ocular,3.8529411764705883,2.090850964083929,ocular
oculista,3.857142857142857,1.911926302155486,oculista
ocultar,3.4054054054054053,1.4425952589278397,ocultar
oculto,3.1714285714285713,1.3823618808936753,oculto
ocupación,3.0285714285714285,1.5621575254927982,ocupacion
ocupacional,2.7027027027027026,1.596260645398504,ocupacional
ocupar,2.5128205128205128,1.519553169638241,ocupar
ocurrir,3.3529411764705883,1.7902488897759519,ocurrir
odiar,5.147058823529412,1.7944755786846316,odiar
odio,5.382352941176471,1.8259859251731598,odio
odiosa,3.7777777777777777,1.8990390218079263,odiosa
odisea,2.823529411764706,1.766190700354247,odisea
oeste,2.6470588235294117,1.6675576940848564,oeste
ofender,3.7941176470588234,1.6101837230898177,ofender
ofertar,2.4705882352941178,1.5222649416526253,ofertar
oficial,2.2941176470588234,1.54781197990379,oficial
oficina,2.5588235294117645,1.4604104128549087,oficina
oficio,3.128205128205128,1.641236491177615,oficio
ofrecer,3.7058823529411766,1.6427879437602386,ofrecer
oído,4.685714285714286,1.9519436553377876,oido
oír,5.0,1.9069251784911847,oir
ojo,4.7368421052631575,1.4829519597532443,ojo
ola,4.647058823529412,2.0726553447819343,ola
oleaje,5.294117647058823,1.801168169166482,oleaje
óleo,3.911764705882353,1.8152159410538384,oleo
oler,5.314285714285714,1.7618744792612973,oler
olfatear,5.0588235294117645,1.968558563111417,olfatear
olfato,5.485714285714286,1.4627015410941941,olfato
olisquear,4.0256410256410255,1.9532318627985652,olisquear
olivo,3.942857142857143,2.0714140828238587,olivo
olla,2.945945945945946,1.7150631013001945,olla
olor,5.794117647058823,1.6288946198908774,olor
olvidar,4.382352941176471,1.7755017367246642,olvidar
olvidarse,4.72972972972973,1.9097505457905088,olvidarse
olvido,4.235294117647059,1.985688546016855,olvido
ombligo,4.3428571428571425,1.9545250234332867,ombligo
omitir,2.6052631578947367,1.498458192911391,omitir
onda,3.6363636363636362,1.7105953243348828,onda
opción,3.057142857142857,1.57074087320484,opcion
ópera,4.942857142857143,1.643934611960999,opera
operar,4.35,1.9288630901421753,operar
opinar,4.076923076923077,1.8832309217017016,opinar
opinión,3.7837837837837838,1.9879516975902491,opinion
opio,2.973684210526316,1.867023098125233,opio
oponer,3.1470588235294117,1.4382723841402199,oponer
oportunidad,4.470588235294118,1.8947342360637134,oportunidad
opositar,4.085714285714285,1.9459071462556325,opositar
optar,3.323529411764706,1.8864844365675972,optar
óptica,4.029411764705882,1.4870204929738073,optica
óptico,3.4722222222222223,1.7806276760274509,optico
optimismo,5.128205128205129,1.641236491177615,optimismo
optimizar,3.2857142857142856,1.6551422290302815,optimizar
opuesto,3.2058823529411766,1.771481348351693,opuesto
oración,2.9705882352941178,1.6234138014586696,oracion
oral,3.5945945945945947,1.6576331764741399,oral
orar,2.914285714285714,1.9907348417315736,orar
órbita,2.0277777777777777,1.1584746402332216,orbita
orden,3.5714285714285716,1.8674568155604543,orden
ordenado,3.717948717948718,1.7614096918559585,ordenado
ordenador,4.0588235294117645,1.6866890010005569,ordenador
ordenar,3.5,2.007130147392398,ordenar
oreja,4.0,2.3514701283890216,oreja
orejeras,3.2162162162162162,1.7816212207352533,orejeras
orgánica,3.4705882352941178,1.74486769694937,organica
organismo,3.1176470588235294,1.5718104959867512,organismo
organización,2.8529411764705883,1.6720945482397576,organizacion
organizar,3.710526315789474,1.957768927877965,organizar
órgano,4.6,1.6305899329419902,organo
orgasmo,6.371428571428571,1.238730713881191,orgasmo
orgía,5.176470588235294,1.9919624591097784,orgia
orgullo,4.828571428571428,1.7570984485745789,orgullo
orgulloso,4.315789473684211,2.0938166774589226,orgulloso
orientación,2.823529411764706,1.24244598041937,orientacion
oriental,3.4857142857142858,1.5787453799742108,oriental
oriente,3.857142857142857,1.9575323172579413,oriente
origen,3.1315789473684212,1.9613984618203653,origen
original,3.7567567567567566,1.876838438044821,original
originar,3.411764705882353,1.8441988826361917,originar
orilla,4.029411764705882,1.783515325479721,orilla
orina,3.4571428571428573,1.5594655408534184,orina
orinar,5.085714285714285,1.755184397408877,orinar
oro,4.2368421052631575,1.807405345378716,oro
orquesta,5.026315789473684,1.7003472158175665,orquesta
oscilar,2.710526315789474,1.6911198071075464,oscilar
oscura,4.578947368421052,1.7953630807582195,oscura
oscurecer,4.4324324324324325,1.6589913357978248,oscurecer
oscurecerse,4.111111111111111,1.6523191974188067,oscurecerse
oscuridad,4.923076923076923,1.8408324116038741,oscuridad
oscuro,5.171428571428572,1.4242792663559445,oscuro
ósea,2.973684210526316,1.7931829183501813,osea
oso,4.257142857142857,1.5782130092357651,oso
ostentar,2.5428571428571427,1.6863266228674672,ostentar
otoño,4.588235294117647,1.8110376576715506,otono
oveja,3.6578947368421053,1.6154041547596665,oveja
oxidado,3.6176470588235294,1.392941206580912,oxidado
oxidar,3.3529411764705883,1.6308085546407594,oxidar
ozono,3.0303030303030303,1.648576061424838,ozono
pabellón,3.4,1.9128051467443734,pabellon
paciente,3.6470588235294117,1.5740769867040496,paciente
pacifismo,4.029411764705882,1.6419739435729634,pacifismo
pactar,3.3529411764705883,1.432995441663677,pactar
pacto,3.0294117647058822,1.4245742398014514,pacto
padecer,4.142857142857143,1.7002224273667872,padecer
padre,5.944444444444445,1.4917763992625792,padre
paella,4.647058823529412,1.6492854824121697,paella
pagar,3.4411764705882355,1.6365369288316076,pagar
página,3.2857142857142856,1.7417271443536018,pagina
país,3.526315789473684,1.9275645199740716,pais
paisano,3.0588235294117645,1.5558526157235564,paisano
paja,4.382352941176471,1.985015164927232,paja
pajar,2.891891891891892,1.7445754622668357,pajar
pájaro,3.911764705882353,1.5248973548927818,pajaro
palabra,3.5,1.9886038958388508,palabra
palacio,4.142857142857143,1.8172839647130998,palacio
paladar,3.918918918918919,2.0327646524209664,paladar
paliza,4.105263157894737,2.010640259519482,paliza
palma,3.1944444444444446,2.053838836971871,palma
palmada,4.305555555555555,2.0398801707725656,palmada
palmo,1.7647058823529411,0.9553302944424515,palmo
palo,2.742857142857143,1.5404899362532298,palo
paloma,3.526315789473684,1.555058738879524,paloma
palpar,5.205882352941177,1.981419934147408,palpar
pan,4.8108108108108105,2.14525105805873,pan
pana,3.4,1.7855630188032139,pana
pancarta,3.4,1.8661063584845505,pancarta
pánico,5.0,1.8158461656476568,panico
panorama,3.4,1.518513204730593,panorama
pantalla,3.4,1.9281200841294943,pantalla
pantalón,2.8857142857142857,1.6408647033774346,pantalon
pantano,3.6470588235294117,1.7035142454096839,pantano
pantera,4.052631578947368,1.7390175608123275,pantera
panza,3.1794871794871793,1.5195531696382407,panza
paño,2.6285714285714286,1.4967752451366176,pano
pañuelo,3.7777777777777777,1.8990390218079263,panuelo
papa,4.486486486486487,2.3168659581140787,papa
papá,5.055555555555555,2.329248124480693,papa
papel,3.3636363636363638,1.9656134827672411,papel
paquete,3.5588235294117645,1.8122675645417803,paquete
par,2.41025641025641,1.8023077124670897,par
parábola,2.6857142857142855,1.7949509016950291,parabola
parabólica,2.5714285714285716,1.6853296812356275,parabolica
paradigma,2.5,1.8563259266481051,paradigma
paradoja,3.3529411764705883,1.685631847025816,paradoja
paraguas,3.1470588235294117,1.3736117607105036,paraguas
paraíso,5.138888888888889,1.8845655471718943,paraiso
paralelo,2.25,1.4614083227196586,paralelo
parálisis,4.157894736842105,1.7324613920970031,paralisis
paralizar,4.085714285714285,2.0774904058875028,paralizar
paranormal,4.4411764705882355,1.941433030093668,paranormal
parar,2.810810810810811,1.6302323937579137,parar
pararse,2.6842105263157894,1.5440428358064167,pararse
parcela,2.823529411764706,1.445381112272744,parcela
parche,3.1142857142857143,1.5101894811273064,parche
parecer,2.5588235294117645,1.4395112064061828,parecer
parecerse,3.6,1.5941067939721714,parecerse
parecido,3.176470588235294,1.445381112272744,parecido
pared,2.411764705882353,1.5199211913146968,pared
pareja,4.805555555555555,2.011672288625908,pareja
parentesco,3.264705882352941,1.675289636277529,parentesco
paréntesis,2.257142857142857,1.5212776585113297,parentesis
pariente,4.529411764705882,1.7274134476874197,pariente
parir,4.888888888888889,2.0671274447928636,parir
parlamentar,2.210526315789474,1.5095711711974311,parlamentar
parlamento,2.25,1.5376233980678475,parlamento
paro,3.5,1.9886038958388508,paro
parodia,4.088235294117647,1.6581780263896355,parodia
parodiar,3.411764705882353,1.6718280152742901,parodiar
parque,4.513513513513513,2.0631909162161306,parque
parra,2.9411764705882355,1.7397522719957683,parra
párrafo,2.6285714285714286,1.4159950624231437,parrafo
párroco,2.138888888888889,1.4373145152933702,parroco
parroquia,2.388888888888889,1.7448336437736534,parroquia
parsimonia,2.9411764705882355,1.7570839560250098,parsimonia
parte,2.142857142857143,1.0611552290631503,parte
participación,3.588235294117647,1.8605578677704808,participacion
participar,3.7941176470588234,1.6837802304717886,participar
partícula,2.8529411764705883,1.5788824766976217,particula
particular,2.6052631578947367,1.619801016878817,particular
particulares,1.9722222222222223,1.3624790663893542,particulares
partir,3.1944444444444446,1.8946457557238874,partir
pasada,3.358974358974359,2.0194733483233676,pasada
pasado,4.333333333333333,1.9338659204748359,pasado
pasaje,3.4571428571428573,1.5018196246134057,pasaje
pasaporte,3.1176470588235294,1.8218323423902008,pasaporte
pasar,2.9705882352941178,1.6419739435729634,pasar
pascua,3.2941176470588234,1.7842647541809702,pascua
pasear,3.9705882352941178,1.2906492168941643,pasear
pasearse,3.9696969696969697,1.3106498503807305,pasearse
pasillo,2.8285714285714287,1.5432150222966394,pasillo
pasión,5.472222222222222,1.6645224301988,pasion
pasmo,2.5,1.8269750512357408,pasmo
pasota,3.3714285714285714,1.573413566771572,pasota
pasta,4.647058823529412,1.4950900031928038,pasta
pastel,5.057142857142857,1.5707408732048393,pastel
pastor,2.823529411764706,1.6231392747294793,pastor
pata,2.7058823529411766,1.6792749475223272,pata
patalear,3.526315789473684,1.9275645199740716,patalear
patata,4.131578947368421,1.9613984618203653,patata
patente,2.1621621621621623,1.554804623551595,patente
patentizar,2.088235294117647,1.190050853479839,patentizar
patín,3.1052631578947367,1.5385053063037817,patin
patinar,3.735294117647059,1.7110837170141666,patinar
patio,4.027027027027027,1.9073904000330242,patio
pato,3.25,1.7133926245067956,pato
patria,2.9714285714285715,1.6536183905341055,patria
patrimonio,3.264705882352941,1.7974531397678548,patrimonio
patriota,2.942857142857143,1.814044184280253,patriota
patrocinio,2.088235294117647,1.3341129627975499,patrocinio
patrón,2.6285714285714286,1.610365583004173,patron
patronato,1.6857142857142857,1.182505529683093,patronato
patrulla,3.2941176470588234,1.6972243251798433,patrulla
pausa,3.2941176470588234,1.6427879437602386,pausa
pausado,2.864864864864865,1.7023213262771215,pausado
pavimento,2.1470588235294117,1.1581686939766869,pavimento
pavo,3.4285714285714284,2.047749328146482,pavo
pavor,4.026315789473684,1.9519476358902328,pavor
payaso,3.911764705882353,1.5446417071816567,payaso
paz,4.5588235294117645,1.7785110638615873,paz
pecado,3.8285714285714287,1.83888895941055,pecado
pecaminoso,2.641025641025641,1.8846635814157149,pecaminoso
pecar,3.6176470588235294,1.8912030143151535,pecar
pecho,4.055555555555555,1.9115355748633753,pecho
pedagogía,2.8947368421052633,1.871398865196842,pedagogia
pedalear,3.918918918918919,1.9203353060566501,pedalear
pedazo,2.942857142857143,1.4130246478608168,pedazo
pedir,3.2941176470588234,1.749968168796323,pedir
pegar,4.705882352941177,1.528108590554882,pegar
pegarse,4.638888888888889,1.7263136245070678,pegarse
peinar,4.088235294117647,1.6398013009494063,peinar
peinarse,4.5,1.6987390281365427,peinarse
peine,3.7714285714285714,1.864304227346181,peine
pelar,3.189189189189189,1.9269699564895175,pelar
pelear,4.888888888888889,1.6523191974188067,pelear
pelearse,5.0256410256410255,1.5641910552167129,pelearse
película,5.228571428571429,1.6818357317441643,pelicula
peligrar,4.323529411764706,1.8703522312136036,peligrar
peligro,5.029411764705882,1.4031413699623507,peligro
peligrosa,4.282051282051282,1.9594402792193646,peligrosa
peligroso,4.794117647058823,1.6101837230898173,peligroso
pellizco,4.891891891891892,1.5417123197525788,pellizco
pelo,3.735294117647059,1.7461442116397883,pelo
pelota,4.176470588235294,1.9919624591097784,pelota
peludo,4.594594594594595,1.802150867088477,peludo
peluquero,3.7435897435897436,1.7124612745210164,peluquero
pena,4.361111111111111,1.8071726580138976,pena
penal,3.0,2.0,penal
pene,5.088235294117647,1.7471647518856743,pene
penetrante,4.676470588235294,1.7532755187258167,penetrante
penetrar,5.162162162162162,2.217525065792361,penetrar
península,3.810810810810811,1.8684193830591111,peninsula
penitencia,3.25,1.8727367292662513,penitencia
penoso,4.088235294117647,1.764423625674342,penoso
pensador,4.205882352941177,1.5131626875762838,pensador
pensamiento,4.885714285714286,1.58617980902375,pensamiento
pensar,4.647058823529412,1.8237881479371856,pensar
pensión,2.6216216216216215,1.655820564476037,pension
penumbra,4.027777777777778,1.8896123731164862,penumbra
peña,3.342857142857143,1.7310801990266613,pena
peón,2.4722222222222223,1.3832903034041928,peon
peonza,3.142857142857143,1.417181484970975,peonza
peor,3.3529411764705883,1.7212108659080054,peor
pepita,2.735294117647059,1.879858529967514,pepita
pequeña,3.588235294117647,1.7076946547518654,pequena
pequeñas,3.2222222222222223,1.692185587780508,pequenas
pequeño,3.3157894736842106,1.8903061836629298,pequeno
pequeños,4.4,1.518513204730593,pequenos
pera,3.235294117647059,1.7932334690468512,pera
percha,2.7777777777777777,1.9728313389804746,percha
percibir,3.7948717948717947,1.9218889718121102,percibir
perdedor,3.6,1.9733518812058894,perdedor
perder,4.314285714285714,1.7110613935323808,perder
perderse,4.235294117647059,1.6707614582181922,perderse
perdida,4.8,1.8911558868150702,perdida
pérdida,4.5,1.894969416879621,perdida
perdidas,4.0,2.0,perdidas
perdido,4.371428571428571,1.6642559596287057,perdido
perdonar,4.742857142857143,1.8205179796655993,perdonar
peregrino,3.6216216216216215,2.177554073207309,peregrino
pereza,4.264705882352941,1.8473375358822495,pereza
perezoso,3.8157894736842106,1.872348765702251,perezoso
perfección,5.0,1.6803361008336117,perfeccion
perfecto,4.588235294117647,1.5786002057600488,perfecto
perfil,2.7837837837837838,1.5835111327387335,perfil
perfilar,3.0,1.5146344928922038,perfilar
perfume,5.382352941176471,1.4357915329891062,perfume
periferia,2.0,1.0897247358851685,periferia
periodista,3.8421052631578947,1.8384234695752404,periodista
peripecia,2.0833333333333335,1.4217695212053785,peripecia
perito,1.972972972972973,1.322591867980916,perito
perjudicial,3.764705882352941,2.0159789490455133,perjudicial
perjuicio,3.2222222222222223,2.0991305834438236,perjuicio
permanecer,3.1176470588235294,1.7882564029150976,permanecer
permitir,3.0588235294117645,1.4342388218903672,permitir
perro,5.029411764705882,1.6964364453732805,perro
persa,2.4285714285714284,1.4609769955453116,persa
persecutoria,3.5294117647058822,2.0035618906223904,persecutoria
perseguir,4.0,1.8257418583505538,perseguir
perseverar,3.5294117647058822,1.8461309930483703,perseverar
persiana,2.8947368421052633,1.9561334404851711,persiana
persistente,3.857142857142857,1.6652655174768618,persistente
persona,4.942857142857143,1.7310801990266609,persona
personal,3.6857142857142855,1.8907114840626495,personal
personales,3.8823529411764706,1.8710668789749731,personales
personificar,3.0,1.8822478962286404,personificar
perspicaz,2.810810810810811,1.5062432634766434,perspicaz
persuadir,3.4358974358974357,1.84668795692624,persuadir
pertenecer,3.176470588235294,1.6782131232318267,pertenecer
perturbar,3.6470588235294117,1.535091606015478,perturbar
perversa,3.810810810810811,1.6970208837488943,perversa
perverso,3.611111111111111,1.8864596891346919,perverso
pervertido,4.323529411764706,1.7183605335758734,pervertido
pervertir,3.3055555555555554,1.9245696282463398,pervertir
pesada,4.323529411764706,1.1734587114992945,pesada
pesadilla,5.722222222222222,1.7338826968250203,pesadilla
pesado,4.083333333333333,1.5189281935440058,pesado
pesar,3.6176470588235294,1.6699610934018598,pesar
pesaroso,2.742857142857143,1.5782130092357651,pesaroso
pescado,4.114285714285714,1.77848958672353,pescado
pescar,3.088235294117647,1.602415734253519,pescar
pescuezo,3.323529411764706,1.342105723047185,pescuezo
pesetas,2.823529411764706,1.445381112272744,pesetas
pesimismo,4.0,1.632993161855452,pesimismo
peso,4.228571428571429,1.6642559596287057,peso
pestaña,3.0606060606060606,1.6759212753623367,pestana
pestañear,4.171428571428572,1.5046147501000002,pestanear
peste,4.473684210526316,1.6396578763985636,peste
petaca,3.2285714285714286,1.8163589028233231,petaca
petate,2.5588235294117645,1.8454066887009803,petate
petróleo,2.9722222222222223,1.904672616954887,petroleo
pez,3.2857142857142856,1.7417271443536018,pez
pezón,4.777777777777778,2.0158105227158782,pezon
piadosa,2.911764705882353,1.5446417071816567,piadosa
piano,4.628571428571429,1.8484606359587634,piano
picaporte,2.8333333333333335,2.0354009783964297,picaporte
picar,3.911764705882353,1.6943336414099637,picar
pico,3.323529411764706,1.7875086477484246,pico
picotear,3.864864864864865,2.029807902270587,picotear
pie,3.27027027027027,1.9242408120354122,pie
piedra,2.861111111111111,1.987859980377718,piedra
piel,4.9411764705882355,1.999108535725714,piel
pierna,3.361111111111111,1.869343319041327,pierna
pieza,3.0,1.556997888323046,pieza
pijo,4.078947368421052,1.7457528221583862,pijo
pila,2.6,1.459250411925891,pila
pillar,3.3529411764705883,1.4539883068425747,pillar
piloto,3.257142857142857,1.7547055583882603,piloto
pimiento,4.147058823529412,2.1338875171453804,pimiento
pinar,3.6857142857142855,2.1388758533319288,pinar
pincel,3.871794871794872,1.6571930481752506,pincel
pinchar,4.676470588235294,1.5119842117841356,pinchar
pincharse,5.138888888888889,1.588400413313933,pincharse
pinchazo,5.3428571428571425,1.4130246478608162,pinchazo
pineal,2.1176470588235294,1.5718104959867516,pineal
pingüino,4.114285714285714,1.640864703377434,pinguino
pino,4.25,2.247220505424423,pino
pinta,3.342857142857143,1.7140055793521853,pinta
pintar,3.911764705882353,1.7471647518856743,pintar
pintarse,4.705882352941177,1.7842647541809695,pintarse
pintura,4.428571428571429,1.770438866923285,pintura
pinza,2.676470588235294,1.6090763063679716,pinza
piña,4.485714285714286,1.9907348417315736,pina
piojo,4.085714285714285,1.8370601285658523,piojo
piojos,4.918918918918919,1.6051718215121324,piojos
pipa,3.2857142857142856,1.6903085094570334,pipa
pirámide,3.8823529411764706,1.6471224841275038,piramide
pirata,3.5945945945945947,1.9215077913430878,pirata
piropo,4.588235294117647,1.3951788645801382,piropo
pirotecnia,4.323529411764706,2.142224675358492,pirotecnia
pirueta,4.142857142857143,2.0167366934620654,pirueta
pisar,3.5714285714285716,1.7026918875314894,pisar
pista,2.6857142857142855,1.2549063375273817,pista
pistola,4.676470588235294,1.7704748247770545,pistola
pitar,3.7058823529411766,1.7149858514250884,pitar
pito,4.102564102564102,2.0104316346558093,pito
pitón,4.026315789473684,2.046577130634428,piton
pizza,5.628571428571429,1.4159950624231437,pizza
placa,2.2941176470588234,1.1685114012411943,placa
placer,5.882352941176471,1.273618226474978,placer
plaga,4.029411764705882,1.4665005577625956,plaga
plagiar,3.6470588235294117,1.5740769867040496,plagiar
plana,3.2285714285714286,2.0448747162215137,plana
plancha,3.1142857142857143,1.8750910342046387,plancha
planchar,3.1470588235294117,1.6168122947438694,planchar
planear,3.676470588235294,1.6646154935999415,planear
planeta,3.5428571428571427,1.6687941603384862,planeta
plano,2.1794871794871793,1.4486253896601948,plano
planta,3.7837837837837838,2.2501251216461418,planta
plantar,3.6,1.801959717510192,plantar
plantear,2.4705882352941178,1.6187405152200809,plantear
plástico,3.0,1.5175738212786563,plastico
plata,3.5428571428571427,1.8840328638144224,plata
plataforma,2.361111111111111,1.606287250201137,plataforma
plátano,4.052631578947368,2.3009676979662115,platano
plateado,3.4594594594594597,2.142099108021986,plateado
plato,3.1052631578947367,1.6239670094540601,plato
playa,5.7105263157894735,1.5050885712797335,playa
plaza,3.4857142857142858,2.2012219677398517,plaza
plazo,2.0833333333333335,1.4217695212053785,plazo
pleito,2.2777777777777777,1.7338826968250205,pleito
plena,3.1842105263157894,1.9009992131862787,plena
plenitud,3.4615384615384617,1.9714562323605767,plenitud
pleno,3.057142857142857,1.5519031417406624,pleno
plomo,2.7777777777777777,1.742102360632301,plomo
pluma,4.2,1.8597912596342003,pluma
plural,3.2941176470588234,1.749968168796323,plural
pluralidad,2.5,1.6065743310164897,pluralidad
pobre,4.294117647058823,1.4674118994711218,pobre
pobreza,4.277777777777778,1.950986726338548,pobreza
poder,3.5277777777777777,2.0069324297987157,poder
poderoso,3.823529411764706,1.6043612574988464,poderoso
podrido,4.647058823529412,2.0726553447819343,podrido
poema,4.617647058823529,1.5957273611277374,poema
poesía,4.828571428571428,1.4849383882190943,poesia
poeta,4.485714285714286,1.560004309410122,poeta
polar,3.7941176470588234,2.071149757760912,polar
polémica,3.717948717948718,1.9049619135399498,polemica
polen,4.264705882352941,1.8959098484099086,polen
policía,3.6176470588235294,1.4357915329891062,policia
política,3.676470588235294,1.8540796660876369,politica
políticas,2.2222222222222223,1.3961398028873575,politicas
político,3.323529411764706,1.5709597189306521,politico
pollo,4.815789473684211,1.7219609054465208,pollo
polo,3.8947368421052633,1.8857857160117855,polo
polvo,3.973684210526316,2.0199925355128765,polvo
pólvora,4.305555555555555,1.8642416220535432,polvora
pomo,2.7222222222222223,1.4853784724268784,pomo
pompa,3.823529411764706,1.8824643460794281,pompa
ponderar,3.3142857142857145,1.7784895867235302,ponderar
poner,3.054054054054054,1.7942182752439064,poner
ponerse,3.1714285714285713,1.7570984485745793,ponerse
ponzoña,2.5428571428571427,1.7036786693515187,ponzona
pop,4.647058823529412,1.96765285403973,pop
popa,2.176470588235294,1.4242613872139953,popa
popular,3.7941176470588234,1.719397564770798,popular
poquito,2.7714285714285714,1.1902969052673689,poquito
porcelana,2.9705882352941178,1.5664144371616049,porcelana
porcentaje,2.4864864864864864,1.4457143874535145,porcentaje
porche,3.176470588235294,1.6231392747294793,porche
porquería,4.4411764705882355,1.7441013396778162,porqueria
portador,3.027027027027027,2.0881475906554976,portador
portarse,3.325,1.8451252476423325,portarse
portátil,3.6285714285714286,1.9263759679117416,portatil
portavoz,2.411764705882353,1.3951788645801382,portavoz
portería,2.4705882352941178,1.3081398803354571,porteria
poseer,3.7714285714285714,1.6818357317441643,poseer
posesión,4.514285714285714,2.034575090361456,posesion
posible,3.735294117647059,1.7110837170141666,posible
posicionar,2.5588235294117645,1.5800110561674585,posicionar
positiva,4.425,1.9066348392538122,positiva
positivo,4.885714285714286,1.843453098869372,positivo
postal,2.8333333333333335,1.8593393604027366,postal
póster,3.3823529411764706,1.5572840748686707,poster
posterior,2.763157894736842,1.7465674525443726,posterior
postre,5.542857142857143,1.5594655408534184,postre
postular,2.5384615384615383,1.6358830521537553,postular
postularse,2.6176470588235294,1.2556467820827335,postularse
postura,3.323529411764706,1.5709597189306521,postura
potencia,3.0588235294117645,1.4962817849708825,potencia
potenciarse,3.948717948717949,1.8345904167690796,potenciarse
pozo,4.2,1.9822743918806707,pozo
práctica,3.4285714285714284,1.7198788309870294,practica
practicar,3.4722222222222223,1.949155291198305,practicar
práctico,3.411764705882353,1.5199211913146968,practico
pradera,4.121212121212121,1.727671405345497,pradera
prado,4.0,1.6627404735414788,prado
precaución,3.4210526315789473,1.8252223699751633,precaucion
precedente,2.1842105263157894,1.5914512017192892,precedente
precepto,2.142857142857143,1.3962735519706635,precepto
precio,3.5294117647058822,1.4192463667575013,precio
precioso,5.029411764705882,1.5856419045781958,precioso
precipicio,5.088235294117647,1.5833919681421857,precipicio
precipitarse,4.257142857142857,1.615055219286492,precipitarse
precisar,2.9473684210526314,1.6431243874063008,precisar
precisión,3.027027027027027,1.64124760279907,precision
preciso,3.6285714285714286,1.911047053407146,preciso
precursor,2.3529411764705883,1.411690431795447,precursor
predecir,3.1176470588235294,1.200118829529429,predecir
predestinar,2.9210526315789473,1.964297260315958,predestinar
predisponer,2.6153846153846154,1.4976364644856526,predisponer
predominante,2.6285714285714286,1.436616005137938,predominante
preferir,3.5384615384615383,1.847418595117805,preferir
pregón,3.1714285714285713,1.9171933267411612,pregon
preguntar,3.5588235294117645,1.5800110561674585,preguntar
prejuicio,3.6176470588235294,1.8093143834956986,prejuicio
prejuzgar,4.176470588235294,1.783265445923261,prejuzgar
premiar,3.8823529411764706,1.6654184274002795,premiar
premio,5.0,1.88880056320607,premio
prenda,3.0,1.4354811251305468,prenda
prensa,3.212121212121212,1.536179834800758,prensa
preocupar,4.264705882352941,1.5822658001703103,preocupar
preparado,2.8974358974358974,1.7440858228954306,preparado
prepararse,3.303030303030303,1.510067227080646,prepararse
presa,3.4705882352941178,1.8130051081785845,presa
presagio,2.7058823529411766,1.6792749475223272,presagio
prescribir,2.1621621621621623,1.5186527932039984,prescribir
presencia,3.411764705882353,1.4588839042190114,presencia
presenciar,3.257142857142857,1.8683565779906708,presenciar
presentación,3.7714285714285714,1.8484606359587634,presentacion
presentar,3.2564102564102564,1.8738919352927468,presentar
presentir,3.823529411764706,1.6043612574988464,presentir
preservar,3.027027027027027,1.936297820390564,preservar
presidencia,2.8529411764705883,1.6538724611187703,presidencia
presión,4.421052631578948,1.7649987205778754,presion
preso,3.8205128205128207,1.8477838058745837,preso
prestar,3.323529411764706,1.5119842117841351,prestar
prestigio,3.7058823529411766,1.8672522636330584,prestigio
presumido,3.9473684210526314,1.985724300030741,presumido
presumir,3.2162162162162162,1.7816212207352533,presumir
presuponer,2.5526315789473686,1.6877518778357143,presuponer
presupuestar,1.9411764705882353,1.324390688274108,presupuestar
pretender,3.4705882352941178,1.5999108709577898,pretender
pretendiente,3.942857142857143,1.643934611960999,pretendiente
pretensión,2.411764705882353,1.4998514483779473,pretension
pretérito,1.9705882352941178,1.290649216894164,preterito
prevalecer,2.918918918918919,1.5877723454642425,prevalecer
prever,2.9705882352941178,1.7492040461332443,prever
previa,2.088235294117647,1.422069491947809,previa
previsto,2.5833333333333335,1.6626141206803562,previsto
prima,3.742857142857143,1.8995797854642849,prima
primaria,3.324324324324324,1.7958912064001054,primaria
primavera,5.0,1.3926212476455828,primavera
primer,3.282051282051282,1.9323930888751708,primer
primera,3.5142857142857142,2.1607655039418807,primera
primeras,2.717948717948718,1.7312714820817,primeras
primero,2.9210526315789473,2.0714478413219126,primero
primeros,2.8823529411764706,1.934764974879737,primeros
primo,4.294117647058823,1.9775928398649716,primo
princesa,4.147058823529412,1.5400187511880155,princesa
principal,2.7714285714285714,1.7503901125801893,principal
principales,2.676470588235294,1.718360533575873,principales
príncipe,3.914285714285714,1.8530011995080173,principe
principio,3.5142857142857142,1.804755622554715,principio
pringar,4.0588235294117645,1.7570839560250098,pringar
prior,2.235294117647059,1.5187479598073192,prior
prioridad,4.114285714285714,1.827428739600898,prioridad
prisa,4.0,1.9069251784911847,prisa
prisión,4.128205128205129,1.989174480710491,prision
prismáticos,3.735294117647059,2.0788811607618194,prismaticos
privacidad,4.405405405405405,2.0338723255496247,privacidad
privada,3.3783783783783785,1.8611727388837298,privada
privado,3.5142857142857142,1.560004309410122,privado
privilegio,3.6470588235294117,1.8070963305673797,privilegio
proa,2.5135135135135136,1.7578652081687294,proa
probabilidad,2.8378378378378377,1.708044910831509,probabilidad
probable,3.1176470588235294,1.5909727514637633,probable
probar,3.9411764705882355,2.0880783752646286,probar
problema,4.333333333333333,1.7969882210706525,problema
procedencia,2.857142857142857,1.4580982203432205,procedencia
proceder,2.4705882352941178,1.5808569620313067,proceder
procesar,2.8461538461538463,1.6942388686751213,procesar
procesión,3.657142857142857,1.9394186081955402,procesion
proclamar,3.088235294117647,1.6581780263896355,proclamar
procrear,4.5,1.5225576567676569,procrear
procurar,2.6470588235294117,1.3900589248721635,procurar
prodigio,3.5,1.8995020684663937,prodigio
prodigiosa,3.5294117647058822,1.8947342360637134,prodigiosa
producir,2.4444444444444446,1.4231643704775725,producir
producto,2.2941176470588234,1.3377822390333503,producto
productor,2.411764705882353,1.6165366469207527,productor
profanar,3.638888888888889,1.742785582709929,profanar
profecía,2.973684210526316,1.7931829183501813,profecia
profesión,3.5294117647058822,2.106775420826053,profesion
profesional,3.7058823529411766,1.8994323197352683,profesional
profesionales,3.0833333333333335,2.1957751641341994,profesionales
profesor,4.052631578947368,1.9444636364741856,profesor
profunda,4.5588235294117645,1.7613902303782696,profunda
profundizar,2.9722222222222223,1.904672616954887,profundizar
profundo,4.205882352941177,1.7885055851643268,profundo
progenie,2.4871794871794872,1.587314761207461,progenie
programa,2.764705882352941,1.5774706169171826,programa
progresar,3.8529411764705883,1.6720945482397576,progresar
progreso,3.8421052631578947,2.0205206151355566,progreso
prohibido,4.457142857142857,1.6331646857424706,prohibido
prohibir,4.529411764705882,1.6373536319992192,prohibir
prójimo,3.0,1.8009006755629926,projimo
prole,2.7714285714285714,1.8000933682600415,prole
prólogo,2.8823529411764706,1.6654184274002795,prologo
prolongar,3.176470588235294,1.731536158676943,prolongar
prometer,4.228571428571429,2.0012601072341205,prometer
promoción,2.8684210526315788,1.7424904921463658,promocion
promocionar,2.764705882352941,1.5965649400644928,promocionar
promocionarse,3.0303030303030303,1.5709242598874813,promocionarse
promover,3.057142857142857,1.5328339218365352,promover
pronosticar,2.736842105263158,1.9268264136785913,pronosticar
pronunciar,2.918918918918919,1.689483457851646,pronunciar
propiciar,2.6176470588235294,1.651715469707139,propiciar
propiedad,3.2941176470588234,1.749968168796323,propiedad
propietario,2.138888888888889,1.692888955564722,propietario
proponer,3.4411764705882355,1.501336303160343,proponer
proporción,2.6578947368421053,1.4937041892009324,proporcion
propósito,3.5588235294117645,1.909960755912686,proposito
prosa,3.764705882352941,1.6525246714228865,prosa
prosperar,4.0588235294117645,1.890024474277776,prosperar
prostituir,3.5277777777777777,1.7806276760274509,prostituir
protagonista,4.0,1.9194297398747862,protagonista
protagonizar,3.3055555555555554,2.011672288625908,protagonizar
proteger,4.055555555555555,2.0134468589879035,proteger
protegido,4.128205128205129,1.823523009819572,protegido
prótesis,3.4285714285714284,1.5583874449479589,protesis
protestar,4.6,1.5941067939721714,protestar
protocolo,2.9705882352941178,1.731793502240626,protocolo
protón,2.0,1.3719886811400708,proton
provecho,3.4857142857142858,1.8844788415372777,provecho
provincia,2.911764705882353,1.504893977113651,provincia
provocar,4.162162162162162,1.787510893727698,provocar
próxima,3.1621621621621623,1.8635914179274848,proxima
próximo,3.088235294117647,1.6763533123442347,proximo
próximos,2.8823529411764706,1.854800583618381,proximos
proyectar,3.657142857142857,1.8301857370039725,proyectar
proyectil,3.3157894736842106,1.694271160496928,proyectil
psicoanalizar,4.176470588235294,2.0957473279823358,psicoanalizar
psicológico,4.8,1.8117265083826728,psicologico
psiquiátrico,4.0,1.8918106058538346,psiquiatrico
psíquico,4.176470588235294,1.8001782442941443,psiquico
pública,3.5454545454545454,1.6219376739510734,publica
publicación,3.0555555555555554,1.7879668332565337,publicacion
publicar,2.9411764705882355,1.4342388218903672,publicar
públicas,2.588235294117647,1.5976810289390462,publicas
publicidad,3.5428571428571427,1.7547055583882603,publicidad
publicitario,3.257142857142857,1.8683565779906708,publicitario
públicos,2.972972972972973,1.5896625513067315,publicos
pudor,3.3333333333333335,1.804755622554715,pudor
pueblo,4.4411764705882355,1.925761187097876,pueblo
puente,3.810810810810811,2.0660998932212276,puente
puerta,2.676470588235294,1.471354524060184,puerta
puerto,4.461538461538462,1.536334562079392,puerto
puesto,2.3421052631578947,1.5470340548929675,puesto
puestos,2.6153846153846154,1.5663464800441051,puestos
pulmón,4.135135135135135,1.8732349049195647,pulmon
pulsar,4.0,1.7471781760734562,pulsar
pulso,4.285714285714286,1.544847766561074,pulso
pulverizar,3.323529411764706,1.6646154935999415,pulverizar
puntapié,3.3513513513513513,1.8740362888727669,puntapie
punto,3.0,1.8637822325921867,punto
puntual,4.085714285714285,1.788384558122523,puntual
punzante,4.705882352941177,1.4255123855994112,punzante
puño,3.8823529411764706,1.6099069403248867,puno
pupila,3.891891891891892,1.92619059550456,pupila
pura,3.764705882352941,1.970368732287556,pura
purgatorio,3.5588235294117645,1.941433030093668,purgatorio
purificar,3.235294117647059,1.5187479598073192,purificar
puro,3.9705882352941178,1.8665361553560482,puro
pus,4.5,1.8132508893914234,pus
puta,4.361111111111111,2.126738317945081,puta
putrefacto,4.794117647058823,1.6656859859894262,putrefacto
quebrado,3.2058823529411766,1.5720939860235028,quebrado
quebrar,3.4615384615384617,1.9035445309675625,quebrar
quedar,3.1666666666666665,1.8593393604027366,quedar
quedo,1.7837837837837838,1.4363366816533871,quedo
quehacer,2.5,1.285112894463032,quehacer
queja,3.8974358974358974,1.7740063459637248,queja
quejar,3.942857142857143,1.6077543187874914,quejar
quejarse,3.5588235294117645,1.6365369288316076,quejarse
quemadura,5.314285714285714,1.5675276256394512,quemadura
quemar,5.285714285714286,1.544847766561074,quemar
quemarse,5.611111111111111,1.3789805298071849,quemarse
querencia,2.3684210526315788,1.746363830573113,querencia
querer,5.589743589743589,1.7124612745210164,querer
quererse,5.972972972972973,1.8179122104229355,quererse
queroseno,3.264705882352941,1.927611546580328,queroseno
queso,4.871794871794871,1.935533207909484,queso
quicio,3.4285714285714284,2.076276563887359,quicio
quieto,3.0588235294117645,1.5163987736218039,quieto
quimera,2.9705882352941178,2.0223792486356125,quimera
química,3.6486486486486487,1.8740362888727669,quimica
químicas,3.4324324324324325,2.179966112638509,quimicas
químico,3.7941176470588234,1.771481348351693,quimico
quirófano,4.648648648648648,2.0711807718762234,quirofano
quirúrgica,3.923076923076923,1.9518495329277517,quirurgica
quitar,2.909090909090909,1.2590580894967767,quitar
quitarse,3.4210526315789473,1.8399703133235072,quitarse
rabia,5.257142857142857,1.4621269185848473,rabia
rabo,3.8378378378378377,2.1923289685415153,rabo
ración,2.5588235294117645,1.283725083157044,racion
racionalizar,3.361111111111111,1.8845655471718943,racionalizar
radiador,4.171428571428572,1.9626769577126373,radiador
radiante,4.864864864864865,2.0022509855183017,radiante
radical,3.6052631578947367,2.0072769464344113,radical
radio,4.735294117647059,1.8959098484099086,radio
raíz,3.7714285714285714,1.7164552098423536,raiz
rama,2.8285714285714287,1.617654698224895,rama
ramo,3.411764705882353,1.5199211913146968,ramo
rana,3.324324324324324,1.7958912064001054,rana
rancho,3.4285714285714284,1.8674568155604543,rancho
rancio,3.9705882352941178,1.7492040461332443,rancio
rango,2.2941176470588234,1.4879192663970409,rango
ranura,2.323529411764706,1.6463106271074472,ranura
rapaz,3.5294117647058822,1.910660588884903,rapaz
rápida,3.8378378378378377,2.101765309785423,rapida
rápido,4.538461538461538,1.7895332212053432,rapido
raptar,4.542857142857143,1.703678669351519,raptar
rapto,3.7142857142857144,1.8080120472566579,rapto
raqueta,2.8947368421052633,1.5208367839682333,raqueta
raro,3.8823529411764706,1.903182436554433,raro
rascacielos,4.235294117647059,1.6525246714228865,rascacielos
rascar,4.358974358974359,1.6934421421468526,rascar
raso,2.5675675675675675,1.7406981444322938,raso
raspar,3.9705882352941178,1.817178867759901,raspar
rastrear,3.257142857142857,1.5212776585113301,rastrear
rastro,3.5428571428571427,1.5782130092357651,rastro
rata,3.871794871794872,2.015459816668293,rata
rato,2.1176470588235294,1.4722628611303807,rato
ratón,4.0,1.9148542155126762,raton
rayar,3.7058823529411766,1.9467052470965098,rayar
rayo,4.885714285714286,1.6586924079532284,rayo
raza,3.4594594594594597,1.8943570383084039,raza
razón,3.5714285714285716,1.9141226570464305,razon
razonamiento,3.8378378378378377,1.8635914179274844,razonamiento
razonar,4.228571428571429,1.6992336384332773,razonar
reacción,3.891891891891892,1.9117151081305643,reaccion
readaptar,2.736842105263158,1.7504317695359772,readaptar
reafirmar,3.2857142857142856,1.8402593898276243,reafirmar
reafirmarse,3.2564102564102564,1.9830591561358284,reafirmarse
realidad,4.529411764705882,1.8947342360637134,realidad
realización,3.923076923076923,2.0181363913093495,realizacion
realizar,2.973684210526316,1.8524905384047416,realizar
reaparecer,3.5428571428571427,1.720855757411157,reaparecer
rebaño,2.864864864864865,1.828207412287332,rebano
rebelde,4.6571428571428575,1.8777780540223772,rebelde
rebelión,4.205882352941177,1.7369323666584746,rebelion
rebotar,3.230769230769231,1.7838683344960786,rebotar
recado,2.5,1.3980505908390635,recado
recalentar,3.473684210526316,1.555058738879524,recalentar
recapacitar,3.0789473684210527,1.8654986862783904,recapacitar
receta,3.8529411764705883,1.6168122947438694,receta
recetar,2.6857142857142855,1.6046151924889613,recetar
rechazado,4.333333333333333,2.0,rechazado
rechazar,3.289473684210526,1.7692248224184894,rechazar
recibir,3.1621621621621623,1.5725689088154367,recibir
reciclar,3.8285714285714287,1.5432150222966388,reciclar
recipiente,2.057142857142857,1.34913604474378,recipiente
reclamar,3.4,1.6124515496597096,reclamar
reclutar,2.7941176470588234,1.5526987603154725,reclutar
recodo,1.5,0.9102589898327995,recodo
recogedor,2.210526315789474,1.2337132422705155,recogedor
recoger,2.8823529411764706,1.2495988661179265,recoger
recomendar,3.142857142857143,1.6295588927295477,recomendar
recompensa,4.5675675675675675,1.740698144432293,recompensa
recompensar,3.7714285714285714,1.8484606359587634,recompensar
reconocer,3.735294117647059,1.7634130736867066,reconocer
reconocido,3.1470588235294117,1.6168122947438694,reconocido
reconocimiento,3.857142857142857,2.0312681802677037,reconocimiento
reconsiderar,2.5294117647058822,1.5808569620313067,reconsiderar
reconstrucción,2.911764705882353,1.6212162859992818,reconstruccion
reconstruir,3.176470588235294,1.731536158676943,reconstruir
recopilar,2.6470588235294117,1.5547064994606667,recopilar
récord,3.7941176470588234,2.0117746088090587,record
recordar,4.794117647058823,1.7542919104162424,recordar
recorrer,2.8529411764705883,1.597959929356452,recorrer
recortar,3.4210526315789473,1.6213371016402016,recortar
recrear,3.135135135135135,1.5485147393221343,recrear
recta,3.2,1.9220087531171195,recta
recto,2.9705882352941178,1.4456893944799982,recto
rector,2.4857142857142858,1.2918620526299276,rector
recuerdo,4.823529411764706,1.7315361586769435,recuerdo
recuerdos,6.0285714285714285,1.3391330445196132,recuerdos
recuperar,4.029411764705882,1.930383760208208,recuperar
recurrir,3.1176470588235294,1.6835155475761074,recurrir
red,2.942857142857143,1.8461861664914885,red
redacción,2.9714285714285715,1.6536183905341055,redaccion
redactar,2.891891891891892,1.791705949705534,redactar
redoblar,2.4,1.5377600210543065,redoblar
redonda,3.6470588235294117,2.0133245977310454,redonda
reducir,2.657142857142857,1.433688315106861,reducir
reeditar,2.393939393939394,1.2732682832820903,reeditar
reembolsar,2.3055555555555554,1.6356640319444655,reembolsar
reemprender,2.736842105263158,1.8842764835043024,reemprender
reenviar,2.2972972972972974,1.4881917600614225,reenviar
reestructurar,2.735294117647059,1.6013029454149683,reestructurar
reexaminar,3.0588235294117645,1.8576814560512958,reexaminar
referencia,2.8823529411764706,1.49270358506633,referencia
referir,2.5428571428571427,1.4418708668388633,referir
reflexión,3.871794871794872,2.0023602806830794,reflexion
refrán,3.3714285714285714,1.7671132039657935,refran
refrescar,4.9714285714285715,1.653618390534105,refrescar
refrigerio,3.942857142857143,1.781322330095673,refrigerio
refugiado,4.057142857142857,1.8140441842802526,refugiado
refugiar,3.8157894736842106,1.872348765702251,refugiar
refunfuñar,4.514285714285714,1.6692976432765785,refunfunar
refutar,2.393939393939394,1.4128737102841573,refutar
regadera,3.1142857142857143,1.4905867098212697,regadera
regalar,4.771428571428571,1.832480066270111,regalar
regalo,5.2,1.4712939483165632,regalo
regañar,4.088235294117647,1.4846211037658332,reganar
regazo,4.54054054054054,1.5915505122467941,regazo
régimen,3.2058823529411766,1.533058178830518,regimen
región,2.088235294117647,1.1110368364954923,region
regla,4.085714285714285,1.9759052813007685,regla
reglamento,3.0588235294117645,1.5558526157235564,reglamento
regresar,3.6842105263157894,1.8614911656750355,regresar
regresión,2.5945945945945947,1.3008428775959808,regresion
regular,2.911764705882353,1.6763533123442347,regular
rehabilitar,3.0,1.8257418583505538,rehabilitar
rehabilitarse,3.945945945945946,2.1466504391978,rehabilitarse
rehacer,3.4285714285714284,1.6321352720343025,rehacer
rehén,4.2,1.8911558868150702,rehen
reimportar,2.085714285714286,1.37992814330032,reimportar
reina,3.2941176470588234,1.6972243251798433,reina
reincorporar,2.857142857142857,1.5930521416609125,reincorporar
reingresar,2.3947368421052633,1.4433346090706443,reingresar
reino,3.235294117647059,1.8758242395118225,reino
reinsertar,3.2,1.8439088914585777,reinsertar
reinsertarse,2.473684210526316,1.720101224319696,reinsertarse
reinstalar,2.3823529411764706,1.576622894177816,reinstalar
reinventar,3.641025641025641,1.9532318627985652,reinventar
reír,6.117647058823529,1.1485090699593823,reir
reírse,6.147058823529412,1.1840442493056267,reirse
reiterar,2.5789473684210527,1.6379218696900972,reiterar
reja,3.2051282051282053,1.8378976430391327,reja
relación,4.970588235294118,1.5856419045781958,relacion
relacionar,3.1714285714285713,2.064912963351843,relacionar
relajado,4.852941176470588,1.7603779370588073,relajado
relámpago,5.117647058823529,1.297192910640252,relampago
relatar,3.4411764705882355,1.4810147313855813,relatar
relativizar,2.3714285714285714,1.5355725945969831,relativizar
relato,3.2222222222222223,1.7584264249787342,relato
releer,3.088235294117647,1.3566368187951103,releer
relevante,3.142857142857143,1.6828347432559274,relevante
relieve,3.6486486486486487,1.798397685228224,relieve
religión,2.9714285714285715,1.580873070131042,religion
religiosa,2.891891891891892,1.5596257347301088,religiosa
religioso,3.4285714285714284,1.9746289939797668,religioso
reliquia,3.323529411764706,1.6277999325226842,reliquia
rellenar,2.923076923076923,1.6604472350071575,rellenar
reloj,3.3529411764705883,1.5932119823417603,reloj
remediar,3.1714285714285713,1.6536183905341055,remediar
remedio,3.3421052631578947,1.8347444890151734,remedio
remojar,3.857142857142857,1.7002224273667872,remojar
remolino,3.411764705882353,1.6536029910622172,remolino
remover,3.4,1.801959717510192,remover
remunerar,2.473684210526316,1.5723427537975396,remunerar
rencor,4.897435897435898,1.7136429615675761,rencor
rendir,3.5588235294117645,1.7785110638615873,rendir
rendirse,3.8684210526315788,1.8624461193959188,rendirse
renegar,2.823529411764706,1.6961737374436567,renegar
renta,2.6285714285714286,1.5162980128805639,renta
rentabilizar,2.5428571428571427,1.7879146107860366,rentabilizar
renunciar,3.5405405405405403,1.8796364097965947,renunciar
reñir,4.6,1.4792684996705792,renir
reo,2.4857142857142858,1.7383465533361862,reo
reojo,2.8823529411764706,1.4722628611303803,reojo
reordenar,3.2,1.549193338482967,reordenar
repartir,2.7058823529411766,1.5281085905548826,repartir
repasar,3.611111111111111,1.9460990692412312,repasar
repatriar,3.27027027027027,2.1427999420364916,repatriar
repercutir,2.8529411764705883,1.39549823710683,repercutir
repertorio,3.075,1.7742820866696825,repertorio
repetir,3.121212121212121,1.5157006580616386,repetir
repisa,2.5588235294117645,1.7613902303782696,repisa
réplica,3.0606060606060606,1.638203931509176,replica
replicar,3.0294117647058822,1.783515325479721,replicar
reponer,3.085714285714286,1.3366205975701329,reponer
reportaje,3.0,1.6499158227686108,reportaje
reposo,4.457142857142857,1.4213261649694948,reposo
representación,3.4411764705882355,1.7785110638615873,representacion
reptil,3.7941176470588234,1.719397564770798,reptil
república,3.5142857142857142,2.0632844828435215,republica
republicano,3.7142857142857144,2.0374642338460034,republicano
repugnante,4.882352941176471,1.3874918701886405,repugnante
repugnar,4.411764705882353,1.5786002057600488,repugnar
repulsión,4.388888888888889,1.728381204278034,repulsion
reputación,3.026315789473684,1.9794463067649943,reputacion
requerir,2.823529411764706,1.4661966513127955,requerir
res,1.8888888888888888,1.389301526004607,res
resbalar,4.228571428571429,1.6818357317441643,resbalar
rescatar,4.628571428571429,1.8484606359587634,rescatar
rescate,4.057142857142857,1.8140441842802526,rescate
resentirse,3.4722222222222223,1.8591259253609493,resentirse
reservado,3.176470588235294,1.4867207810906917,reservado
reservar,2.5294117647058822,1.3758808554312565,reservar
resfriar,4.147058823529412,1.559571676652521,resfriar
resistencia,4.205882352941177,1.7193975647707975,resistencia
resistir,4.382352941176471,1.9542448883850165,resistir
resolución,3.0,1.8408935028645435,resolucion
resolver,3.657142857142857,1.7977577070087183,resolver
resonancia,4.0285714285714285,1.7570984485745789,resonancia
resoplar,3.9714285714285715,1.8228244774608033,resoplar
respaldo,3.0285714285714285,1.5046147501000007,respaldo
respetar,4.771428571428571,1.7671132039657935,respetar
respeto,4.514285714285714,1.721344012707522,respeto
respetuoso,4.487179487179487,1.8334866823364147,respetuoso
respingona,3.864864864864865,1.5304712811230219,respingona
respirar,5.515151515151516,1.4387757843304696,respirar
responder,3.235294117647059,1.6525246714228865,responder
responsabilidad,4.5,1.9136776536716318,responsabilidad
responsabilizar,3.4411764705882355,1.909960755912686,responsabilizar
responsable,4.088235294117647,1.9751125331779396,responsable
respuesta,3.0,1.8586407545691703,respuesta
restar,2.9411764705882355,1.4962817849708825,restar
restaurante,4.717948717948718,1.9594402792193646,restaurante
restaurar,2.8823529411764706,1.838390367790537,restaurar
restringir,3.515151515151515,1.9384467383902395,restringir
resucitar,3.945945945945946,2.0809445764676986,resucitar
resuello,2.2972972972972974,1.7774023627640307,resuello
resultar,2.6470588235294117,1.6121198718716367,resultar
resumir,3.342857142857143,1.3707631438868846,resumir
retener,3.282051282051282,1.6050695664333114,retener
retina,3.3783783783783785,2.0729923534102332,retina
retirar,2.923076923076923,1.7378846092246047,retirar
reto,4.088235294117647,1.9597100443970066,reto
retórica,2.9714285714285715,1.4447819759338063,retorica
retrasado,3.5405405405405403,1.804232594555163,retrasado
retrasar,3.0294117647058822,1.242804602444567,retrasar
reunión,3.5789473684210527,1.8546009834910204,reunion
revalorizar,3.057142857142857,1.7813223300956733,revalorizar
revelar,2.861111111111111,1.7591033069278348,revelar
revender,2.5,1.3762047064079508,revender
reverencia,3.0,1.5904124511289146,reverencia
reverendo,2.289473684210526,1.6911198071075464,reverendo
reverente,2.4705882352941178,1.419246366757501,reverente
revés,3.264705882352941,1.675289636277529,reves
revisar,3.4571428571428573,1.4821061552608792,revisar
revisión,3.0833333333333335,1.8879315968238135,revision
revocar,2.0294117647058822,1.2428046024445667,revocar
revolución,4.702702702702703,1.984171599669982,revolucion
revólver,3.676470588235294,1.8540796660876369,revolver
revuelta,3.8,1.8117265083826728,revuelta
rey,3.235294117647059,1.8267179299831502,rey
rezar,3.057142857142857,1.6259451033142531,rezar
ría,4.264705882352941,1.863668970629055,ria
ribera,3.0,1.8422647458873531,ribera
rico,5.315789473684211,1.5614487929032999,rico
rictus,1.9210526315789473,1.5662242245219469,rictus
ridiculizar,4.228571428571429,1.8163589028233231,ridiculizar
ridículo,5.2,1.6768317464439757,ridiculo
riego,3.085714285714286,1.5023790657297034,riego
rienda,2.676470588235294,1.4918076940673122,rienda
riesgo,4.527777777777778,1.8896123731164862,riesgo
rifar,2.857142857142857,1.611408903867105,rifar
rifle,4.176470588235294,1.6961737374436572,rifle
rígido,3.1142857142857143,1.6228411645562086,rigido
rigor,3.1714285714285713,1.6536183905341055,rigor
rimar,3.4473684210526314,1.8409364306456975,rimar
rincón,3.176470588235294,1.566129919052426,rincon
rinoceronte,3.6578947368421053,1.8784167541133443,rinoceronte
riña,4.428571428571429,1.8674568155604543,rina
riñón,3.2,1.4712939483165632,rinon
río,4.771428571428571,1.9263759679117416,rio
riqueza,4.3428571428571425,1.6967591451466097,riqueza
risa,6.085714285714285,1.1725143564009737,risa
rítmica,4.303030303030303,1.828333402392198,ritmica
ritmo,4.885714285714286,1.6763305263621027,ritmo
rito,3.6,1.6124515496597096,rito
ritual,3.264705882352941,1.5037090210424189,ritual
rival,3.9714285714285715,1.9626769577126373,rival
rizado,4.088235294117647,1.7471647518856743,rizado
robar,4.714285714285714,2.037464233846003,robar
roble,3.0555555555555554,1.771914935791936,roble
robot,2.8823529411764706,1.430505439015068,robot
roca,3.3714285714285714,2.1155685411020935,roca
rocío,4.314285714285714,1.77848958672353,rocio
rodar,3.054054054054054,1.5976709775647024,rodar
rodear,3.088235294117647,1.4640675398152985,rodear
rodillo,2.257142857142857,1.4418708668388633,rodillo
roja,4.342105263157895,1.8494165009606693,roja
rojo,4.657894736842105,1.7595502464269899,rojo
rojos,4.588235294117647,1.9246038090336621,rojos
roll,3.027027027027027,1.723795658270281,roll
rollo,3.1714285714285713,1.580873070131042,rollo
romana,2.7058823529411766,1.8509524454822497,romana
romano,3.5384615384615383,1.861608724875991,romano
romántico,5.514285714285714,1.4826730346678243,romantico
romper,4.594594594594595,1.6743068127745597,romper
romperse,4.029411764705882,1.4665005577625956,romperse
ron,4.5588235294117645,1.925761187097876,ron
roncar,4.823529411764706,1.6600581996970658,roncar
rondar,2.5,1.3314380468978917,rondar
ronquido,4.529411764705882,1.561570579191601,ronquido
roña,3.5454545454545454,1.8215877190467162,rona
ropa,4.6,1.397476717684623,ropa
rosado,3.735294117647059,1.7634130736867066,rosado
rosal,4.0,1.8942637868358374,rosal
rosario,2.7714285714285714,1.573413566771572,rosario
rostro,4.578947368421052,1.5357290538648998,rostro
rotas,3.5,1.7624019422539814,rotas
roto,4.085714285714285,1.5023790657297034,roto
rotos,3.588235294117647,1.760124772760805,rotos
rótulo,2.6857142857142855,1.8112626173218402,rotulo
rozar,4.029411764705882,1.714206135153177,rozar
rubia,3.2857142857142856,1.9936875171316057,rubia
rubio,3.4857142857142858,1.9000221139801097,rubio
rueda,2.6315789473684212,1.4781480859065281,rueda
ruego,3.3823529411764706,1.6517154697071388,ruego
rugido,4.235294117647059,1.7591117512249421,rugido
rugir,4.0,2.173067468400883,rugir
rugoso,4.135135135135135,1.945966800021724,rugoso
ruido,5.147058823529412,1.4591893337008917,ruido
ruidosa,5.057142857142857,1.6967591451466097,ruidosa
ruidoso,4.794117647058823,1.5131626875762838,ruidoso
ruina,3.9411764705882355,1.5362523559779402,ruina
rumbo,2.9705882352941178,1.5272334686406615,rumbo
rumor,4.111111111111111,1.8788716641002199,rumor
rumorear,4.257142857142857,2.0485699049488613,rumorear
rural,4.4,1.801959717510192,rural
rusa,2.9705882352941178,1.6419739435729634,rusa
ruso,2.764705882352941,1.939366087144031,ruso
rústico,4.314285714285714,1.6937849813436203,rustico
ruta,3.1470588235294117,1.5202143577155933,ruta
rutina,3.4722222222222223,1.9196147100188192,rutina
sábado,4.787878787878788,1.9804919805059764,sabado
sábana,4.394736842105263,1.6852215137773032,sabana
saber,3.7058823529411766,1.8179144188395115,saber
sabiduría,4.085714285714285,1.9307333043268753,sabiduria
sabio,4.0,1.5763402186230246,sabio
sable,3.088235294117647,1.5446417071816567,sable
sabor,5.9714285714285715,1.224401757539389,sabor
sabrosa,5.264705882352941,1.5434872662825796,sabrosa
sabroso,5.382352941176471,1.279552617894545,sabroso
sacar,2.727272727272727,1.4420629162923004,sacar
sacerdote,2.2285714285714286,1.3080230769171848,sacerdote
saciedad,4.264705882352941,1.9118264078895195,saciedad
saco,2.235294117647059,1.4154734410749614,saco
sacramento,2.588235294117647,1.6718280152742901,sacramento
sacrificar,4.0588235294117645,1.8247652646148056,sacrificar
sacrificio,4.4411764705882355,2.162926979680449,sacrificio
sacristán,2.0,1.495090003192804,sacristan
sacristía,2.2777777777777777,1.5420044674960502,sacristia
sacudir,3.5833333333333335,1.7133926245067956,sacudir
sal,4.116279069767442,2.227632763673041,sal
sala,2.735294117647059,1.6201164105090453,sala
saldo,2.764705882352941,1.538571228778491,saldo
salero,3.8974358974358974,1.651074160642283,salero
salir,3.8333333333333335,1.992844341996778,salir
saliva,4.2105263157894735,1.7267043243164377,saliva
salival,3.6176470588235294,1.985015164927232,salival
salsa,4.351351351351352,2.1371868349696443,salsa
saltamontes,3.735294117647059,1.8142336812735507,saltamontes
saltar,3.7941176470588234,1.365803388057981,saltar
salud,5.162162162162162,1.787510893727698,salud
saludar,4.085714285714285,1.4424535586657765,saludar
saludo,3.2941176470588234,1.7842647541809702,saludo
salvación,3.641025641025641,2.2300245394823928,salvacion
salvador,3.2941176470588234,1.883411021696762,salvador
salvaje,5.0,1.6087993330796875,salvaje
salvar,4.411764705882353,1.9865860324111622,salvar
sana,4.228571428571429,1.5162980128805639,sana
sanar,4.705882352941177,1.867252263633058,sanar
sanatorio,3.5405405405405403,2.0493168861110034,sanatorio
sandía,4.617647058823529,1.9542448883850165,sandia
sandwich,5.333333333333333,1.6596342864957576,sandwich
sangrar,5.485714285714286,1.2454960875898744,sangrar
sangre,5.428571428571429,1.2899091232402733,sangre
sangriento,5.088235294117647,1.3566368187951103,sangriento
sanguíneo,4.3428571428571425,1.714005579352185,sanguineo
sanitario,4.0,1.9601288894248496,sanitario
sano,4.358974358974359,2.019473348323368,sano
santo,2.823529411764706,1.7832654459232606,santo
santuario,3.3421052631578947,1.906976038192882,santuario
sapo,4.088235294117647,2.0942583421261722,sapo
sarampión,3.914285714285714,1.721344012707522,sarampion
sarcasmo,4.714285714285714,1.8080120472566572,sarcasmo
sargento,3.342857142857143,1.7310801990266613,sargento
sarmiento,2.236842105263158,1.403359107714864,sarmiento
sartén,3.1176470588235294,1.7014201889999252,sarten
sastre,2.4285714285714284,1.2669025285343474,sastre
satélite,3.2972972972972974,2.0394016669501767,satelite
sátira,2.823529411764706,1.5069654082071615,satira
satisfacer,4.2105263157894735,1.947387643594335,satisfacer
satisfecho,4.264705882352941,1.675289636277529,satisfecho
sauna,4.277777777777778,1.891501461214814,sauna
sazón,2.5588235294117645,1.6731602555169995,sazon
seca,4.026315789473684,1.7931829183501817,seca
secador,3.6285714285714286,1.9263759679117416,secador
secar,3.5428571428571427,1.8683565779906708,secar
secarse,4.333333333333333,1.740279123753264,secarse
seco,3.3529411764705883,1.6675576940848564,seco
secretario,2.8421052631578947,1.9105159313011064,secretario
secreto,4.911764705882353,1.8646251887374452,secreto
sector,1.7837837837837838,1.1089317966988457,sector
secuencia,2.1666666666666665,1.4638501094227998,secuencia
secuenciar,2.45,1.4841038045110264,secuenciar
secundaria,3.5945945945945947,1.8923744558308435,secundaria
sed,5.685714285714286,1.2312458676294606,sed
seda,4.176470588235294,1.9766912702535555,seda
sede,2.5428571428571427,1.651075534361789,sede
sedimentar,2.263157894736842,1.42722960758731,sedimentar
sedimento,2.5428571428571427,1.4004801097534822,sedimento
segmento,2.057142857142857,1.1361145639947619,segmento
segregar,3.176470588235294,1.7832654459232606,segregar
seguido,2.2285714285714286,1.1653253594071105,seguido
seguir,3.3947368421052633,1.808978712680251,seguir
segunda,2.5142857142857142,1.788384558122523,segunda
segundo,3.0,1.4770978917519928,segundo
segura,3.588235294117647,1.760124772760805,segura
seguridad,4.621621621621622,1.9909706085133363,seguridad
seguro,4.051282051282051,2.0640878952714705,seguro
selección,2.8857142857142857,1.4905867098212697,seleccion
seleccionar,3.0,1.7149858514250884,seleccionar
selectiva,2.757575757575758,1.3469944095629869,selectiva
selva,4.305555555555555,1.9096663050976728,selva
semana,2.9444444444444446,1.8965298301965612,semana
semanal,2.8,1.530090347197915,semanal
semblante,2.0277777777777777,1.4240006242195886,semblante
sembrar,3.411764705882353,1.6898564948722812,sembrar
semejante,3.3714285714285714,1.7836795129848908,semejante
semilla,3.0,1.7149858514250884,semilla
seminario,3.4,1.7855630188032139,seminario
sencillez,3.3142857142857145,2.166203354902285,sencillez
sencillo,3.6666666666666665,1.6754156331667818,sencillo
senda,2.6944444444444446,1.6530395284262511,senda
sendero,3.6578947368421053,1.4937041892009324,sendero
senil,2.8947368421052633,1.7209279973663882,senil
seno,4.171428571428572,1.7737582945246393,seno
sensación,5.8,1.207817672255114,sensacion
sensibilidad,4.972222222222222,1.9782548024691011,sensibilidad
sensibilizar,3.9166666666666665,2.4421887138969653,sensibilizar
sensual,5.285714285714286,1.3188994648263859,sensual
sentado,3.324324324324324,1.8265640794498113,sentado
sentar,2.764705882352941,1.046171187376943,sentar
sentarse,4.085714285714285,1.8844788415372777,sentarse
sentencia,2.888888888888889,1.8326838676460702,sentencia
sentenciar,3.942857142857143,1.8620491107262185,sentenciar
sentimiento,5.676470588235294,1.6463106271074477,sentimiento
sentir,5.583333333333333,1.810682586366652,sentir
seña,3.3823529411764706,1.6332660322996415,sena
señal,3.236842105263158,1.3240848043044835,senal
señalar,3.4,1.376269467458616,senalar
señalarse,3.264705882352941,1.5629968015906275,senalarse
señor,3.1621621621621623,1.5725689088154367,senor
separar,3.6176470588235294,1.5957273611277374,separar
separarse,3.8333333333333335,1.8283482006601322,separarse
septiembre,4.621621621621622,1.9909706085133363,septiembre
séptimo,2.9411764705882355,1.9218232578936871,septimo
sepulcro,3.5588235294117645,1.941433030093668,sepulcro
sequía,4.121212121212121,1.596041504738672,sequia
ser,3.484848484848485,1.9384467383902395,ser
serenar,2.8055555555555554,1.7207879332187077,serenar
sereno,3.4358974358974357,1.6350578904103832,sereno
serie,3.4571428571428573,1.8525476439512276,serie
serio,3.6153846153846154,1.968373421667115,serio
sermón,3.2941176470588234,1.446613846920935,sermon
serpiente,5.171428571428572,1.5621575254927975,serpiente
servidora,2.717948717948718,1.7910408316001174,servidora
servidumbre,3.0606060606060606,1.638203931509176,servidumbre
servilleta,2.7567567567567566,1.9636333302976543,servilleta
servir,3.5,1.3314380468978917,servir
seta,3.324324324324324,2.069004780270162,seta
seudónimo,2.0294117647058822,1.2181778274338015,seudonimo
sexo,5.7631578947368425,1.2613637091766525,sexo
sexto,2.1470588235294117,1.3287577461486682,sexto
sexual,6.088235294117647,1.0259554913502482,sexual
sexualidad,5.083333333333333,1.6966353257466462,sexualidad
sexy,5.323529411764706,1.4506129996888597,sexy
sien,2.5789473684210527,1.604580924447563,sien
sierra,4.108108108108108,2.065373033077988,sierra
siesta,5.111111111111111,1.909042808436847,siesta
sífilis,3.588235294117647,1.9087937974387963,sifilis
sigilo,3.176470588235294,1.641702520487619,sigilo
siglo,3.1176470588235294,1.6835155475761074,siglo
significar,3.4594594594594597,1.8796364097965947,significar
signo,2.891891891891892,1.852682496390688,signo
siguiente,2.7567567567567566,1.8318995212226725,siguiente
silbar,4.676470588235294,1.4713545240601846,silbar
silbato,3.5,1.8789100644530674,silbato
silenciar,4.085714285714285,1.5218299466611314,silenciar
silencio,4.526315789473684,1.7043163344438332,silencio
silla,2.823529411764706,1.9613011796484885,silla
silueta,3.891891891891892,1.92619059550456,silueta
simetría,2.5833333333333335,1.6453397391246762,simetria
similar,2.8285714285714287,1.316986629207983,similar
similitud,2.176470588235294,1.1926692303602573,similitud
simpatía,4.617647058823529,1.6146057945076728,simpatia
simpático,4.594594594594595,1.4806053465364069,simpatico
simple,2.7142857142857144,1.5448477665610745,simple
simplicidad,3.7058823529411766,1.749968168796323,simplicidad
simulacro,3.7142857142857144,1.7916707380580412,simulacro
sinceridad,4.368421052631579,2.2591681395566936,sinceridad
sincero,5.0285714285714285,1.723295650536977,sincero
sindicato,3.057142857142857,1.9394186081955402,sindicato
síndrome,3.6857142857142855,1.6408647033774346,sindrome
sinfonía,4.542857142857143,2.1739481180948337,sinfonia
singular,2.411764705882353,1.2089977581958697,singular
siniestro,4.823529411764706,1.3364491223703556,siniestro
sinónimo,2.3529411764705883,1.411690431795447,sinonimo
sintaxis,3.0256410256410255,1.53017335597155,sintaxis
síntesis,2.5294117647058822,1.3758808554312565,sintesis
sintético,3.236842105263158,1.6012530655086512,sintetico
sintetizar,2.4,1.5185132047305934,sintetizar
sintonizar,3.4571428571428573,1.8205179796655993,sintonizar
sirena,4.135135135135135,1.8583469679942588,sirena
sistematizar,2.2941176470588234,1.404093836212974,sistematizar
situar,2.911764705882353,1.422069491947809,situar
snob,2.8,1.5680636241593533,snob
sobar,4.857142857142857,1.5930521416609131,sobar
soberano,2.5945945945945947,1.690816033416663,soberano
soberbia,3.5294117647058822,1.7792626003683434,soberbia
sobrar,2.9714285714285715,1.6357353857213095,sobrar
sobre,2.611111111111111,1.7117706418088638,sobre
sobrecogido,3.1052631578947367,1.7977384243514845,sobrecogido
sobreponer,2.763157894736842,1.5497900559878073,sobreponer
sobresaliente,4.914285714285715,1.9307333043268753,sobresaliente
sobresaltado,4.638888888888889,1.9734346820820912,sobresaltado
sociable,4.117647058823529,1.5718104959867512,sociable
social,3.7941176470588234,1.855040827202527,social
sociales,3.0588235294117645,1.8576814560512958,sociales
socialismo,3.735294117647059,1.9118264078895195,socialismo
socialista,2.7941176470588234,1.3434332265596973,socialista
sociedad,4.114285714285714,1.7281651026012352,sociedad
socio,2.7714285714285714,1.5355725945969831,socio
socorrer,4.382352941176471,1.5572840748686707,socorrer
soda,2.8947368421052633,1.67315002613553,soda
sofá,4.914285714285715,1.4826730346678232,sofa
soga,3.8285714285714287,1.5993696237197048,soga
sol,5.583333333333333,1.4614083227196586,sol
sola,4.027777777777778,2.157857550059597,sola
solapa,2.3846153846153846,1.4256186951522525,solapa
solar,3.25,1.9030051422496397,solar
soldado,3.2857142857142856,1.4866351380259535,soldado
soleado,5.457142857142857,1.196633934463353,soleado
soledad,4.388888888888889,1.9313618848260234,soledad
solemne,3.1621621621621623,1.6246967839075819,solemne
solicitar,2.9411764705882355,1.5752090091349442,solicitar
solicitud,2.5,1.5025231304628084,solicitud
solidaridad,4.205882352941177,1.8713050342459656,solidaridad
solidificar,3.0,1.4142135623730951,solidificar
sólido,3.675,1.9267017120404202,solido
solitario,4.324324324324325,1.7488735113090823,solitario
solo,4.82051282051282,1.971798469362089,solo
soltar,3.7714285714285714,1.5546082216073205,soltar
soltarse,3.4210526315789473,1.780245639706945,soltarse
soltero,4.108108108108108,1.9405581067738649,soltero
solución,3.8285714285714287,1.6888164021989285,solucion
solucionar,3.8823529411764706,1.8710668789749731,solucionar
sombra,4.461538461538462,1.8616087248759912,sombra
sombrear,2.9705882352941178,1.5272334686406615,sombrear
sombrero,2.8529411764705883,1.4170467142526852,sombrero
sonajero,3.7777777777777777,2.099130583443823,sonajero
sonar,4.513513513513513,1.923850618213691,sonar
soneto,3.4324324324324325,2.2427728440548833,soneto
sonido,4.6571428571428575,1.643934611960999,sonido
sonreír,6.0285714285714285,0.9544235798364885,sonreir
sonrojar,4.705882352941177,1.3602453380472004,sonrojar
sonsacar,3.6,1.8182085559531327,sonsacar
soñar,5.823529411764706,1.2424459804193706,sonar
sopa,3.888888888888889,2.1879903078628082,sopa
soplar,4.371428571428571,1.832480066270111,soplar
sopor,2.8529411764705883,1.811283705856596,sopor
soportar,3.2777777777777777,1.9800593225039802,soportar
sordo,4.081081081081081,2.0190533862621307,sordo
sorprendido,4.777777777777778,2.0015866722051294,sorprendido
sortear,2.8055555555555554,1.6181019647271828,sortear
soso,4.411764705882353,1.8110376576715506,soso
sospecha,3.6176470588235294,1.6699610934018598,sospecha
sospechar,3.676470588235294,1.5901322269260296,sospechar
sospecharse,3.264705882352941,1.7287028510525102,sospecharse
sospechoso,3.7222222222222223,1.9065467827778668,sospechoso
sostener,3.323529411764706,1.718360533575873,sostener
sotana,2.4054054054054053,1.7233600813439915,sotana
sótano,3.5405405405405403,1.819563357185127,sotano
spray,4.176470588235294,2.007117460217198,spray
suave,5.297297297297297,1.4503805030417383,suave
subastar,2.176470588235294,1.336449122370355,subastar
subestimar,3.1176470588235294,1.7882564029150976,subestimar
subir,3.7948717948717947,1.823523009819572,subir
subirse,3.5142857142857142,2.005454746309624,subirse
subsanar,2.764705882352941,1.5965649400644928,subsanar
suburbio,2.6666666666666665,1.65615734242165,suburbio
subvencionar,2.891891891891892,1.807142984316893,subvencionar
suceder,2.6315789473684212,1.6178239076925416,suceder
suceso,3.4571428571428573,1.6510755343617893,suceso
sucia,4.942857142857143,1.5519031417406617,sucia
suciedad,4.4411764705882355,1.4395112064061828,suciedad
sucio,4.382352941176471,1.392941206580912,sucio
sucursal,2.4285714285714284,1.5007001167242358,sucursal
sudar,5.428571428571429,1.4201432049934537,sudar
sudor,4.428571428571429,1.7368957143965422,sudor
sudorípara,3.1176470588235294,1.965840184051977,sudoripara
suegra,3.5588235294117645,2.120479883802581,suegra
sueldo,3.676470588235294,1.5515503143297071,sueldo
suelo,2.942857142857143,1.7140055793521853,suelo
sueño,5.8108108108108105,1.350675506672244,sueno
suero,3.3823529411764706,1.8912030143151535,suero
suerte,4.617647058823529,1.6880095124382433,suerte
suficiente,3.358974358974359,1.6934421421468522,suficiente
sugerencia,2.4857142857142858,1.4826730346678232,sugerencia
sugerir,3.0285714285714285,1.6357353857213095,sugerir
sugestión,3.3714285714285714,1.864304227346181,sugestion
sugestionar,2.3947368421052633,1.8238580089975076,sugestionar
suicidarse,5.076923076923077,2.309985365465324,suicidarse
suicidio,4.647058823529412,2.214037213850238,suicidio
sujetar,2.8823529411764706,1.7712297710801903,sujetar
sujetarse,3.323529411764706,1.386527999374022,sujetarse
sulfúrico,3.861111111111111,1.7096829744183197,sulfurico
sultán,2.657142857142857,1.551903141740662,sultan
suma,2.6486486486486487,1.6868151485403924,suma
sumar,2.5675675675675675,1.7406981444322938,sumar
superar,3.918918918918919,2.0733544797739722,superar
superficial,3.657142857142857,1.5328339218365352,superficial
superficie,2.5555555555555554,1.5202339001321838,superficie
superior,3.8205128205128207,2.011438276612231,superior
superponer,2.588235294117647,1.2581286502320659,superponer
superstición,3.6052631578947367,2.1122483689470535,supersticion
suplantar,2.8285714285714287,1.3823618808936753,suplantar
suplemento,2.324324324324324,1.633912381270694,suplemento
suplicio,4.057142857142857,1.7479880391106652,suplicio
suplir,2.7948717948717947,1.7195392158104017,suplir
suponer,3.057142857142857,1.607754318787492,suponer
suprarrenal,2.710526315789474,1.6424749738821909,suprarrenal
supremo,3.857142857142857,1.5366666970475826,supremo
suprimir,2.6470588235294117,1.5152228147216893,suprimir
sur,4.702702702702703,1.9128928770736635,sur
surco,2.4324324324324325,1.4821257357919053,surco
suscitar,2.7714285714285714,1.3522468075656267,suscitar
suspender,4.5,1.8789100644530674,suspender
suspenso,4.823529411764706,1.8001782442941443,suspenso
suspiro,4.714285714285714,1.506289335760301,suspiro
sustancia,2.9444444444444446,1.722862144297671,sustancia
sustantivo,2.0,1.1281521496355325,sustantivo
sustentar,2.257142857142857,1.2209653158550444,sustentar
sustentarse,3.2,1.5107458228227777,sustentarse
sustento,3.1621621621621623,1.708044910831509,sustento
sustituir,3.142857142857143,1.5930521416609125,sustituir
susto,5.105263157894737,1.7977384243514845,susto
sustrato,2.676470588235294,1.450612999688859,sustrato
susurro,5.4,1.376269467458616,susurro
suturar,3.4285714285714284,2.047749328146482,suturar
tabaco,4.942857142857143,2.057166199680824,tabaco
tabique,2.1714285714285713,1.0977440579692164,tabique
tabla,2.526315789473684,1.5020138212424725,tabla
tablero,2.272727272727273,1.1256311360945264,tablero
tabú,2.9166666666666665,1.8879315968238135,tabu
taburete,2.8974358974358974,1.7440858228954306,taburete
tachar,2.8684210526315788,1.579788775336736,tachar
taco,3.6666666666666665,1.854345299891061,taco
taconear,3.7941176470588234,1.934995290334976,taconear
tacto,5.5588235294117645,1.6549499025758012,tacto
talante,2.588235294117647,1.6718280152742901,talante
talento,4.470588235294118,1.5999108709577898,talento
tallar,2.789473684210526,1.7882181186391395,tallar
talle,2.1621621621621623,1.6917038339679502,talle
taller,2.9473684210526314,1.6594914300903711,taller
tambor,4.4411764705882355,2.134722698201682,tambor
tango,4.03030303030303,1.9603068714624838,tango
tanque,3.7142857142857144,1.7417271443536018,tanque
tapa,2.8823529411764706,1.838390367790537,tapa
tapado,2.972972972972973,1.7870908465138793,tapado
tapar,3.088235294117647,1.602415734253519,tapar
taparse,4.2,1.4911503652431255,taparse
tapete,2.6,1.5941067939721716,tapete
tapia,2.7567567567567566,1.816672865515501,tapia
tapiz,3.1470588235294117,1.877011695628412,tapiz
tapizar,2.6363636363636362,1.7105953243348828,tapizar
tapón,2.789473684210526,1.757730335324846,tapon
taponar,2.945945945945946,1.7942182752439064,taponar
tararear,4.5588235294117645,1.5213864583968224,tararear
tardar,3.1142857142857143,1.7110613935323815,tardar
tarde,3.8378378378378377,1.8029838465029988,tarde
tarea,3.5,1.8132508893914234,tarea
tarima,3.2857142857142856,1.4667175952451383,tarima
tarjeta,2.8285714285714287,1.3823618808936753,tarjeta
tarta,5.552631578947368,1.5716640934880457,tarta
tartamudear,3.823529411764706,1.766190700354247,tartamudear
taxi,2.972972972972973,1.723795658270281,taxi
taza,2.8285714285714287,1.6357353857213095,taza
teatral,4.411764705882353,1.1313078261483285,teatral
teatro,4.8,1.6942810378724418,teatro
techo,2.918918918918919,1.689483457851646,techo
tecla,2.5428571428571427,1.482106155260879,tecla
teclear,4.026315789473684,1.7473817031492325,teclear
técnico,2.1578947368421053,1.3259635107586643,tecnico
tecno,3.135135135135135,2.110320699195611,tecno
tecnología,3.088235294117647,1.6581780263896355,tecnologia
tedio,2.4242424242424243,1.4583874448835397,tedio
teja,2.5675675675675675,1.6921475595713762,teja
tejano,2.7142857142857144,1.6192123824550624,tejano
tejer,3.3529411764705883,1.6492854824121697,tejer
tejido,3.5588235294117645,1.6179144164088313,tejido
tela,3.787878787878788,2.117746086018927,tela
tele,4.416666666666667,2.0476467329246866,tele
teléfono,3.857142857142857,1.8172839647130998,telefono
televisión,4.394736842105263,1.619801016878817,television
televisivo,3.764705882352941,2.1750489166134446,televisivo
tema,2.4,1.4183669151113025,tema
temblar,5.4,1.168206267040603,temblar
temer,4.885714285714286,1.510189481127306,temer
temerario,4.135135135135135,1.6186785104276025,temerario
temeroso,3.973684210526316,1.7627810047067012,temeroso
temor,4.9411764705882355,1.6319012238116848,temor
temperamental,3.7777777777777777,1.9872610168788467,temperamental
tempestad,4.352941176470588,1.5547064994606667,tempestad
templo,3.871794871794872,2.154303980645638,templo
temporada,2.8823529411764706,1.8218323423902008,temporada
temporal,3.411764705882353,1.7076946547518654,temporal
tenaz,2.4705882352941178,1.4613255526290123,tenaz
tender,3.2058823529411766,1.8220769328917246,tender
tenedor,3.6176470588235294,1.9696901137958291,tenedor
tener,3.526315789473684,1.9691793064180405,tener
tenis,3.2941176470588234,1.5281085905548826,tenis
tenor,3.8,1.7115524428733941,tenor
tensar,3.526315789473684,1.7666098562128194,tensar
tensión,4.666666666666667,1.6733200530681511,tension
tenso,4.571428571428571,1.7368957143965422,tenso
tentar,3.4857142857142858,1.9000221139801097,tentar
tentativa,3.9722222222222223,1.8896123731164862,tentativa
tenue,3.3947368421052633,1.669106795997132,tenue
teología,2.588235294117647,1.4588839042190114,teologia
teorema,2.6578947368421053,1.81995419885158,teorema
teoría,3.0588235294117645,1.7222461808081844,teoria
tercer,2.5,1.6376257758774382,tercer
tercera,2.081081081081081,1.4790833944330817,tercera
tercero,2.5714285714285716,1.6853296812356275,tercero
terminal,3.2941176470588234,2.008005368891559,terminal
terminar,4.27027027027027,2.03645455317499,terminar
terminarse,3.6216216216216215,2.032395293891085,terminarse
término,2.3947368421052633,1.6030287833434544,termino
termita,3.085714285714286,1.9000221139801097,termita
termómetro,3.6,1.7354436625492493,termometro
ternura,4.882352941176471,1.7191383656188357,ternura
terraza,3.8,1.9822743918806707,terraza
terreno,2.8285714285714287,1.4034770746826128,terreno
terrestre,2.676470588235294,1.4082137457269008,terrestre
terrible,4.529411764705882,1.6919648631219315,terrible
territorio,3.0,1.5763402186230246,territorio
terror,5.0,1.9601288894248496,terror
terrorismo,5.529411764705882,1.618740515220081,terrorismo
terrorista,4.5,2.076249216932016,terrorista
tertulia,3.5405405405405403,1.6089091299972749,tertulia
tesis,3.0588235294117645,1.890024474277776,tesis
tesitura,3.1142857142857143,1.6228411645562086,tesitura
tesón,2.2,1.3676944963310036,teson
tesoro,4.6571428571428575,1.589355347355671,tesoro
test,4.147058823529412,1.909027246201051,test
testamento,4.102564102564102,1.902835443764353,testamento
testimonio,3.0789473684210527,1.6337914608956645,testimonio
tetera,3.1714285714285713,1.9324734879197194,tetera
textil,3.0285714285714285,1.9476337722796784,textil
texto,3.6470588235294117,1.9366067315793813,texto
textura,4.111111111111111,1.8326838676460702,textura
tez,2.9411764705882355,1.8080824677925178,tez
tibia,3.1842105263157894,1.7836382974421743,tibia
tiburón,4.891891891891892,2.024623199288969,tiburon
tic,3.657142857142857,1.6793356029176811,tic
tiempo,4.0588235294117645,1.774246343980046,tiempo
tienda,3.1052631578947367,1.782641127186205,tienda
tierno,5.588235294117647,1.1041971458477857,tierno
tierra,3.7941176470588234,1.6288946198908778,tierra
tieso,2.9743589743589745,1.912385937254676,tieso
tiestos,2.526315789473684,1.447025693289947,tiestos
tigre,4.457142857142857,1.596740377122334,tigre
tijeras,3.25,1.6453397391246762,tijeras
timbre,4.594594594594595,1.892374455830844,timbre
tímido,3.6470588235294117,1.4746823580151076,timido
timo,3.864864864864865,2.056995680897564,timo
timón,3.1052631578947367,1.871398865196842,timon
tinglado,2.2941176470588234,1.3149354579092554,tinglado
tiniebla,4.277777777777778,1.4853784724268777,tiniebla
tinta,3.4864864864864864,1.9093573907589028,tinta
tinto,4.3428571428571425,2.0714140828238587,tinto
tío,4.324324324324325,2.0419769023350067,tio
típica,3.282051282051282,1.7614096918559585,tipica
típico,3.1176470588235294,1.5524117284689833,tipico
tipificar,2.2,1.471293948316563,tipificar
tipo,2.1470588235294117,1.2584828032722206,tipo
tiranía,3.8285714285714287,1.8228244774608033,tirania
tirano,3.657142857142857,1.7479880391106657,tirano
tirantes,3.4411764705882355,2.002894518631204,tirantes
tirar,3.358974358974359,1.9260974928483798,tirar
tiroides,2.942857142857143,1.7813223300956733,tiroides
titular,2.973684210526316,1.9099574369852605,titular
título,2.7941176470588234,1.771481348351693,titulo
toalla,3.5294117647058822,2.106775420826053,toalla
tobillo,3.25,1.9766494016751825,tobillo
tobogán,4.472222222222222,1.7966017304282484,tobogan
tocadiscos,3.7948717948717947,1.989174480710491,tocadiscos
tocar,5.264705882352941,1.8473375358822495,tocar
toldo,2.6315789473684212,1.761772029176321,toldo
tolerante,3.6857142857142855,1.7618744792612977,tolerante
tomar,3.9743589743589745,2.1702192405277434,tomar
tomate,4.444444444444445,2.0763215336529917,tomate
tomo,2.4444444444444446,1.4821691525684229,tomo
tonada,1.911764705882353,1.4220694919478087,tonada
tonificar,4.742857142857143,1.8525476439512276,tonificar
tono,4.2,1.7623513704540241,tono
tonta,3.948717948717949,1.8910971188943255,tonta
tontear,4.647058823529412,1.773241389867146,tontear
tontería,3.911764705882353,1.7984445646307565,tonteria
tonto,3.411764705882353,1.4167321993860322,tonto
tope,2.6470588235294117,1.5740769867040496,tope
tópico,3.081081081081081,1.6562739034481113,topico
tórax,2.3333333333333335,1.5275252316519465,torax
torbellino,4.411764705882353,1.5976810289390462,torbellino
torcer,3.1842105263157894,1.8136906252750293,torcer
torcido,3.4285714285714284,1.480971745484825,torcido
torear,3.918918918918919,2.113164798463543,torear
torero,3.5,1.9423509653837725,torero
tormenta,5.297297297297297,1.4115567620512093,tormenta
tormento,4.0,1.874873733122184,tormento
tornado,4.564102564102564,2.1000610491736684,tornado
tornillo,2.323529411764706,1.4082137457269008,tornillo
torno,2.1842105263157894,1.5743769794428892,torno
toro,4.8,1.8117265083826728,toro
torpe,4.114285714285714,1.548650808843327,torpe
torre,3.323529411764706,1.7006342530788618,torre
torrente,3.914285714285714,1.6155754496814578,torrente
torso,3.72972972972973,1.6608004871923232,torso
torta,3.9411764705882355,1.9375269534092077,torta
tortuga,3.972972972972973,1.9362978203905645,tortuga
tortura,5.088235294117647,1.6398013009494063,tortura
torturar,5.088235294117647,1.7297336817052702,torturar
tos,4.564102564102564,2.0364426128716633,tos
toser,4.384615384615385,2.0341218797953946,toser
tostada,4.176470588235294,1.9919624591097784,tostada
tostador,3.289473684210526,1.7227867860241945,tostador
tostar,3.588235294117647,1.8110376576715506,tostar
total,2.6176470588235294,1.8425066240142915,total
tóxico,5.142857142857143,1.784621514377722,toxico
trabajadora,4.352941176470588,1.889081112864239,trabajadora
trabajar,4.514285714285714,1.4424535586657765,trabajar
trabajo,4.0,1.5374122295716148,trabajo
tradición,4.142857142857143,1.7002224273667872,tradicion
tradicional,2.5833333333333335,1.5560940111151933,tradicional
traducir,4.435897435897436,1.8323822830700585,traducir
traer,2.5,1.285112894463032,traer
tragar,4.157894736842105,1.7479921421907882,tragar
tragarse,3.823529411764706,1.566129919052426,tragarse
tragedia,5.0285714285714285,1.7737582945246393,tragedia
traición,4.882352941176471,1.919038677936255,traicion
traicionar,4.411764705882353,1.7076946547518654,traicionar
traidor,4.055555555555555,2.123937642943199,traidor
traje,3.323529411764706,1.5901322269260296,traje
trámite,2.823529411764706,1.6231392747294793,tramite
trampa,3.264705882352941,1.657102683846971,trampa
trampolín,3.5294117647058822,1.6557575235604685,trampolin
trance,3.9705882352941178,1.8987283482540251,trance
tranquila,4.457142857142857,1.6331646857424706,tranquila
tranquilidad,5.257142857142857,1.5212776585113301,tranquilidad
tranquilizar,4.3428571428571425,1.589355347355671,tranquilizar
tranquilizarse,4.333333333333333,1.985662897587892,tranquilizarse
tranquilo,4.514285714285714,1.59726657268024,tranquilo
transatlántico,3.4705882352941178,1.8947342360637134,transatlantico
transferir,2.911764705882353,1.781515307664756,transferir
transformar,3.088235294117647,1.712125155769755,transformar
transición,2.7941176470588234,1.6837802304717886,transicion
transistor,2.4571428571428573,1.5967403771223339,transistor
transitar,2.6176470588235294,1.3710139110837012,transitar
tránsito,2.6470588235294117,1.5740769867040496,transito
transmitir,4.085714285714285,1.9609635772396448,transmitir
transparente,3.7142857142857144,1.6903085094570334,transparente
transpirar,3.8,1.4100479758212654,transpirar
tranvía,3.8974358974358974,1.7289313979095473,tranvia
trapo,2.914285714285714,1.6868248727299773,trapo
trascendencia,2.914285714285714,1.59726657268024,trascendencia
trasero,4.162162162162162,1.8784377893687423,trasero
trasfondo,2.473684210526316,1.5894388284780527,trasfondo
trasladar,3.8055555555555554,1.5642331657478041,trasladar
traslucir,2.611111111111111,1.4595063309758987,traslucir
trasnochar,5.428571428571429,1.7869743453458902,trasnochar
trastero,2.5428571428571427,1.5967403771223339,trastero
trastocar,3.0,1.3719886811400708,trastocar
tratado,2.4210526315789473,1.749618938394153,tratado
tratar,3.257142857142857,1.7378630749362538,tratar
trauma,4.676470588235294,1.8376630125225857,trauma
travesía,3.5588235294117645,1.4810147313855813,travesia
travesura,4.055555555555555,1.8814044062036583,travesura
trayecto,3.3823529411764706,1.5957273611277374,trayecto
trazar,2.717948717948718,1.6213820931655152,trazar
trecho,2.0588235294117645,1.229465921757461,trecho
tregua,3.7027027027027026,1.8836263026534876,tregua
tremendo,3.5,2.033805211017918,tremendo
tren,4.128205128205129,1.823523009819572,tren
trenza,3.5142857142857142,1.8370601285658523,trenza
trepar,3.8285714285714287,1.7402791237532638,trepar
tribu,3.6315789473684212,1.7308184695917548,tribu
tribuna,2.526315789473684,1.5020138212424725,tribuna
tribunal,3.1176470588235294,1.6835155475761074,tribunal
tributaria,1.7428571428571429,1.0666841735258006,tributaria
trigo,3.3714285714285714,1.9865091208939762,trigo
trineo,3.735294117647059,1.8308604291079755,trineo
tripa,3.657142857142857,1.6617293816428493,tripa
triste,5.285714285714286,1.3188994648263859,triste
triunfante,4.914285714285715,1.2918620526299276,triunfante
triunfar,5.256410256410256,1.9292478588674578,triunfar
triunfo,4.416666666666667,2.0753657164805572,triunfo
trocear,3.5294117647058822,1.910660588884903,trocear
trofeo,3.861111111111111,1.9146469689927215,trofeo
trombón,3.2941176470588234,2.1395186624453344,trombon
trompeta,4.194444444444445,2.149012323895321,trompeta
tronco,3.5945945945945947,1.9924783486828581,tronco
trono,3.4210526315789473,1.6866980208001863,trono
tropa,3.1176470588235294,1.7366757845806056,tropa
tropezar,4.0588235294117645,1.5943304184095446,tropezar
tropical,4.894736842105263,1.6892261731370903,tropical
trozo,2.3823529411764706,1.2312768903657143,trozo
truco,3.7941176470588234,1.533058178830518,truco
tubo,2.3823529411764706,1.3260720278977705,tubo
tuerca,2.4210526315789473,1.670597545585774,tuerca
tuerto,3.5675675675675675,2.0485840711810432,tuerto
tufo,4.235294117647059,2.03095474681262,tufo
tumba,4.486486486486487,2.1031936248057197,tumba
tumor,5.117647058823529,1.6835155475761074,tumor
tumulto,2.8421052631578947,1.685010478585971,tumulto
túnel,3.911764705882353,1.6763533123442347,tunel
túnica,2.7941176470588234,1.5131626875762842,tunica
turba,2.0,1.3257359305592338,turba
turbio,4.029411764705882,1.2669527775191383,turbio
turismo,4.5675675675675675,2.217863593397691,turismo
turista,3.742857142857143,1.8366026363090846,turista
turística,3.6857142857142855,1.7110613935323815,turistica
turno,2.210526315789474,1.491559944104269,turno
turquesa,4.264705882352941,1.9432684670718723,turquesa
ubicar,2.5789473684210527,1.7026462543421403,ubicar
úlcera,4.235294117647059,1.8100531304676846,ulcera
última,3.0555555555555554,1.9411991057730191,ultima
últimas,2.871794871794872,1.74987950230997,ultimas
últimos,2.676470588235294,1.7875086477484246,ultimos
ultrajar,2.057142857142857,1.3271565611543823,ultrajar
umbral,2.6857142857142855,1.3453936351913687,umbral
única,3.8823529411764706,2.2396523794438865,unica
único,3.264705882352941,1.974209830876137,unico
unida,3.0588235294117645,1.890024474277776,unida
unidad,3.1714285714285713,1.9776057164530798,unidad
unificar,3.263157894736842,1.8842764835043024,unificar
uniforme,2.8947368421052633,1.9561334404851711,uniforme
unión,4.628571428571429,1.8800143035393655,union
unir,4.088235294117647,1.8646251887374452,unir
universitaria,4.72972972972973,2.2441114134632523,universitaria
universitario,5.3076923076923075,1.7037705268307606,universitario
universo,4.823529411764706,1.9301528944823083,universo
uña,3.057142857142857,1.7140055793521853,una
uranio,3.4,1.8661063584845505,uranio
urbana,2.5277777777777777,1.5943849886597317,urbana
urbanidad,2.588235294117647,1.6718280152742901,urbanidad
urbanismo,2.5294117647058822,1.637353631999219,urbanismo
urbano,3.7837837837837838,1.8876077619736216,urbano
urraca,3.1176470588235294,1.6286210170301434,urraca
usar,3.2,1.3890326722960418,usar
uso,2.323529411764706,1.6090763063679716,uso
usurpar,3.4,1.556768901206825,usurpar
utensilio,2.769230769230769,1.979653590929729,utensilio
útil,3.2564102564102564,1.816850205538619,util
utilizar,3.176470588235294,1.4242613872139953,utilizar
utopía,3.8285714285714287,1.9626769577126373,utopia
uvas,4.3428571428571425,1.908847159672978,uvas
vaca,3.5294117647058822,1.8624730076164386,vaca
vacación,3.735294117647059,1.8959098484099086,vacacion
vaciar,2.911764705882353,1.3566368187951103,vaciar
vacilar,3.9411764705882355,1.6132251993048006,vacilar
vacío,3.861111111111111,2.1666666666666665,vacio
vagabundo,3.789473684210526,1.9749498075981589,vagabundo
vagina,4.6,1.9128051467443734,vagina
vagón,3.2285714285714286,1.911047053407146,vagon
vaho,3.4,1.8661063584845505,vaho
vaina,2.9705882352941178,1.8665361553560482,vaina
vale,2.4054054054054053,1.5716138106958621,vale
valer,3.1470588235294117,1.9714992440176613,valer
validar,2.7714285714285714,1.5355725945969831,validar
valiente,4.641025641025641,1.7394369852458083,valiente
valla,2.588235294117647,1.351041058946397,valla
vallar,2.4,1.332843047112185,vallar
valle,3.973684210526316,2.006568162179816,valle
valor,4.235294117647059,1.9236774052211272,valor
valorar,3.5588235294117645,1.972403186863883,valorar
vals,3.735294117647059,1.7110837170141666,vals
vampiro,4.216216216216216,1.973929177148055,vampiro
vándalo,3.4,1.666274463656961,vandalo
vanidad,3.0303030303030303,1.5906926259661327,vanidad
vapor,3.323529411764706,1.6463106271074472,vapor
vaporizar,3.4285714285714284,2.076276563887359,vaporizar
vaquero,4.0285714285714285,1.886261697982894,vaquero
vara,2.7941176470588234,1.4308169263217574,vara
variar,2.6470588235294117,1.411690431795447,variar
varón,3.9705882352941178,1.4870204929738073,varon
vasija,2.7837837837837838,1.8125355955912383,vasija
vaso,2.5,1.5811388300841898,vaso
vegetación,4.428571428571429,1.786974345345889,vegetacion
vegetal,3.7027027027027026,1.9559718366647885,vegetal
vehículo,3.5,1.7451230745865878,vehiculo
vejez,4.702702702702703,1.8236846837723413,vejez
vela,4.157894736842105,1.7009745344944405,vela
velar,3.5428571428571427,1.5404899362532298,velar
velero,3.871794871794872,1.9759006897520137,velero
velo,3.5294117647058822,1.6919648631219315,velo
velocidad,5.0285714285714285,1.6176546982248945,velocidad
veloz,3.911764705882353,1.422069491947809,veloz
vena,4.405405405405405,1.950205964328718,vena
vencedor,3.9166666666666665,2.2344702152539746,vencedor
vencer,4.243243243243243,2.1782434998743243,vencer
vencido,3.9444444444444446,1.8196458751941575,vencido
venda,3.1176470588235294,1.3654770701969003,venda
vender,2.864864864864865,1.6526437097061275,vender
veneno,4.4411764705882355,1.4810147313855813,veneno
venenosa,4.157894736842105,1.9662877052892211,venenosa
venganza,4.078947368421052,1.950489598236998,venganza
vengar,3.6176470588235294,1.7058669862237372,vengar
venir,2.9411764705882355,1.8412969156414731,venir
venta,3.2285714285714286,1.8163589028233231,venta
ventaja,3.6176470588235294,1.5766228941778158,ventaja
ventana,3.9210526315789473,1.9642972603159585,ventana
ventilador,3.914285714285714,2.005454746309624,ventilador
ver,5.5,1.6922282244532987,ver
vera,2.3529411764705883,1.5740769867040496,vera
veranear,5.485714285714286,1.4627015410941941,veranear
verano,6.0,1.5217718205053643,verano
verbal,2.9444444444444446,2.0831904712921814,verbal
verbena,5.371428571428571,1.5162980128805639,verbena
verbo,2.6857142857142855,1.5101894811273064,verbo
verdad,5.054054054054054,1.747155560490408,verdad
verdadera,3.5428571428571427,1.9903126733795187,verdadera
verdadero,4.147058823529412,1.8444405071223429,verdadero
verde,4.352941176470588,1.9829936496662703,verde
verdes,3.8378378378378377,2.217525065792361,verdes
verdugo,3.657142857142857,2.0855646314446297,verdugo
verdura,3.8421052631578947,1.668893723066412,verdura
vergonzoso,4.594594594594595,1.8174991893542358,vergonzoso
vergüenza,5.628571428571429,1.4159950624231437,verguenza
verificar,2.6666666666666665,1.867006771737662,verificar
verja,2.4444444444444446,1.5756077184818824,verja
verse,4.055555555555555,2.0275875100994067,verse
versión,2.588235294117647,1.4167321993860322,version
verso,4.514285714285714,1.633679149351307,verso
vertedero,3.914285714285714,1.804755622554715,vertedero
vertical,2.5428571428571427,1.5404899362532294,vertical
vértice,2.58974358974359,1.534136971822624,vertice
vértigo,4.8108108108108105,1.926969956489517,vertigo
vestíbulo,2.2857142857142856,1.072968081632292,vestibulo
vestido,4.052631578947368,1.4694615380978138,vestido
vestir,4.135135135135135,1.8129497474521428,vestir
vestirse,4.685714285714286,1.409451887028691,vestirse
vetar,2.823529411764706,1.7489492643904123,vetar
vez,2.2058823529411766,1.754291910416243,vez
vía,2.9714285714285715,1.4034770746826128,via
viajar,5.394736842105263,1.5689465166536072,viajar
viaje,5.823529411764706,1.192669230360258,viaje
viajes,5.264705882352941,1.6387138994366204,viajes
viciar,3.4166666666666665,1.8727367292662513,viciar
vicio,4.027777777777778,1.9196147100188188,vicio
vicioso,4.428571428571429,1.770438866923285,vicioso
víctima,4.029411764705882,1.5664144371616049,victima
victimismo,4.0,1.7656860023298393,victimismo
victoria,5.085714285714285,1.5218299466611314,victoria
vida,5.617647058823529,1.8259859251731598,vida
vídeo,4.029411764705882,2.095959953897556,video
vidriera,3.676470588235294,2.0259017929964696,vidriera
vidrio,3.142857142857143,1.417181484970975,vidrio
vieja,3.736842105263158,1.8407432477467294,vieja
viejo,4.0588235294117645,1.5362523559779402,viejo
viento,4.75,1.679710859472121,viento
vientre,4.114285714285714,1.622841164556208,vientre
viernes,5.428571428571429,1.614014255453379,viernes
viga,2.257142857142857,1.4621269185848471,viga
vigilancia,3.6216216216216215,1.8004837521460009,vigilancia
vigilante,3.088235294117647,1.602415734253519,vigilante
vigilar,4.114285714285714,1.5675276256394512,vigilar
vigilia,3.6,1.7690143483606575,vigilia
vigor,3.057142857142857,1.7479880391106657,vigor
vigoroso,3.5135135135135136,1.9382354750537294,vigoroso
vil,2.6578947368421053,1.6154041547596665,vil
villa,2.742857142857143,1.7378630749362538,villa
vínculo,3.6216216216216215,1.846187533380184,vinculo
vino,4.588235294117647,1.9865860324111622,vino
violación,5.6571428571428575,1.877778054022378,violacion
violencia,5.405405405405405,1.4806053465364069,violencia
violento,5.0285714285714285,1.5240370978523623,violento
violín,4.842105263157895,2.0470983523748623,violin
virgen,3.9166666666666665,2.0336455654106214,virgen
virtud,3.857142857142857,1.682834743255928,virtud
viruela,3.236842105263158,1.822297488490178,viruela
visión,5.0285714285714285,1.6357353857213088,vision
visita,4.542857142857143,1.703678669351519,visita
visitar,3.4411764705882355,1.726639343481983,visitar
víspera,3.0,1.7056057308448835,vispera
visual,4.7631578947368425,1.7153395460314065,visual
vital,4.421052631578948,1.8103542873713143,vital
vitrina,3.1176470588235294,1.7191383656188357,vitrina
viuda,3.763157894736842,1.951218753252463,viuda
viudo,3.4285714285714284,1.786974345345889,viudo
vívido,3.2,1.7789620238647428,vivido
vivienda,3.5294117647058822,1.6919648631219315,vivienda
vivir,5.735294117647059,1.7461442116397872,vivir
vivo,5.176470588235294,1.6417025204876194,vivo
vocablo,2.9411764705882355,1.4962817849708825,vocablo
vocación,3.9705882352941178,2.1530147168021148,vocacion
vocal,3.0256410256410255,1.754500671013948,vocal
vocales,3.1142857142857143,1.5295410417243887,vocales
vocalizar,4.147058823529412,1.725606664356423,vocalizar
volantes,3.1666666666666665,1.5946338585572373,volantes
volar,4.970588235294118,1.714206135153177,volar
volátil,2.5277777777777777,1.8896123731164867,volatil
volcán,4.837837837837838,1.8931677379683192,volcan
volumen,4.027027027027027,2.0342414158939297,volumen
voluntad,4.25,1.679710859472121,voluntad
voluntario,3.7777777777777777,2.179267388184926,voluntario
voluptuosidad,3.210526315789474,2.0422284428540984,voluptuosidad
volver,3.6470588235294117,1.7902488897759519,volver
vomitar,5.4,1.5377600210543063,vomitar
vómito,4.911764705882353,1.6943336414099637,vomito
vorágine,2.3714285714285714,1.6992336384332773,voragine
votar,3.58974358974359,1.6814459428835073,votar
voto,3.5714285714285716,1.5583874449479589,voto
voz,5.378378378378378,1.7054056433612528,voz
vulnerar,2.7435897435897436,1.6498476599203546,vulnerar
web,2.5588235294117645,1.501336303160343,web
yanqui,2.7058823529411766,1.5081478057277968,yanqui
yate,3.7058823529411766,1.8179144188395115,yate
yegua,2.8529411764705883,1.7603779370588073,yegua
yema,3.235294117647059,1.6888013236829962,yema
yerba,3.9411764705882355,2.1453427566876146,yerba
yerma,1.6111111111111112,1.2018504251546631,yerma
yeso,3.4210526315789473,1.9814215337611396,yeso
zafiro,3.914285714285714,2.1743346321201287,zafiro
zaguán,1.9714285714285715,1.3609191160153986,zaguan
zampar,5.114285714285714,1.409451887028691,zampar
zanahoria,3.7027027027027026,2.2713782510095406,zanahoria
zapatear,3.1538461538461537,1.7552696829601508,zapatear
zapato,3.236842105263158,1.731023920179408,zapato
zombi,4.0,1.6696942198734437,zombi
zorro,3.4857142857142858,1.5410353389738947,zorro
zumo,5.205128205128205,1.6729974231503604,zumo
zurra,3.342857142857143,1.9394186081955402,zurra
