palabra,word,alegria_m,alegria_sd,ira_m,ira_sd,tristeza_m,tristeza_sd,miedo_m,miedo_sd,asco_m,asco_sd,categoria_palabra,palabra_noaccents
abandonado,derelict,1.03,0.18,2.83,1.46,4.3,0.84,3.33,1.52,1.77,1.19,1,abandonado
abanico,fan,2.67,1.32,1.0,0.0,1.0,0.0,1.0,0.0,1.0,0.0,1,abanico
abeja,bee,1.47,0.86,1.97,1.16,1.47,0.97,3.53,1.36,2.07,1.2,1,abeja
abejas,bees,1.37,0.76,2.0,1.2,1.17,0.46,3.47,1.14,2.2,1.37,1,abejas
abejorro,bumblebee,1.14,0.58,1.59,1.09,1.14,0.44,3.48,1.35,2.1,1.47,1,abejorro
abnegación,abnegation,1.44,0.89,1.69,1.01,2.0,1.1,1.94,1.24,1.31,0.6,1,abnegacion
abogada,lawyer,1.57,0.94,1.93,1.23,1.37,0.89,2.03,1.22,1.5,0.94,1,abogada
abogado,lawyer,1.83,1.05,1.73,1.01,1.4,0.77,1.6,0.89,1.53,0.78,1,abogado
aborto,abortion,1.67,1.06,1.87,1.11,3.5,1.5,2.9,1.56,1.7,1.21,1,aborto
abrasador,scorching,1.37,0.76,1.77,1.25,1.53,0.94,2.17,1.15,1.5,1.01,1,abrasador
abrigo,coat,2.5,1.17,1.03,0.18,1.53,0.86,1.07,0.25,1.13,0.43,1,abrigo
abrumado,overwhelmed,1.5,0.97,2.27,1.41,2.67,1.45,2.5,1.25,1.27,0.78,1,abrumado
abstinente,abstinent,1.48,0.75,1.67,1.14,1.89,1.19,1.7,1.14,1.48,1.12,3,abstinente
absurdo,absurd,1.63,1.07,2.17,1.34,1.83,1.09,1.57,0.9,1.23,0.57,1,absurdo
abuela,grandmother,4.33,0.96,1.13,0.43,2.3,1.32,1.67,1.21,1.1,0.55,1,abuela
abuelo,grandfather,4.6,0.72,1.07,0.25,2.6,1.43,1.2,0.48,1.1,0.55,1,abuelo
abundancia,abundance,3.67,1.12,1.2,0.48,1.37,0.76,1.73,1.08,1.2,0.55,1,abundancia
aburrido,bored,1.03,0.18,1.4,0.77,2.9,1.49,1.17,0.53,1.33,0.88,3,aburrido
accidente,accident,1.03,0.18,3.13,1.17,4.17,0.87,3.83,1.21,1.8,1.0,1,accidente
acción,action,2.8,1.13,1.73,1.01,1.57,0.97,2.27,1.11,1.4,0.72,1,accion
acelerador,accelerator,1.9,1.16,1.37,0.72,1.23,0.5,1.9,0.92,1.07,0.25,1,acelerador
acento,accent,2.67,1.54,1.47,0.86,1.27,0.64,1.27,0.64,1.27,0.64,1,acento
acidez,acidity,1.17,0.59,1.63,1.03,1.57,0.82,1.53,0.82,2.77,1.14,1,acidez
ácido,sour,1.17,0.53,1.83,1.23,1.63,1.07,2.47,1.48,2.2,1.24,1,acido
acierto,success,4.07,0.94,1.1,0.4,1.03,0.18,1.17,0.59,1.03,0.18,1,acierto
acogedor,cozy,4.07,0.94,1.1,0.4,1.2,0.55,1.13,0.43,1.1,0.4,1,acogedor
acontecimiento,event,2.5,1.04,1.37,0.72,1.57,0.9,1.63,0.81,1.2,0.61,1,acontecimiento
acoso,harassment,1.13,0.51,3.9,1.3,3.7,1.47,3.93,1.34,4.07,1.08,1,acoso
acre,pungent,1.0,0.0,1.25,0.62,1.25,0.45,1.17,0.58,1.42,1.0,1,acre
activar,activate,2.53,1.17,1.33,0.61,1.13,0.35,1.4,0.77,1.1,0.31,1,activar
acto,event,2.03,1.16,1.27,0.69,1.17,0.46,1.43,0.82,1.13,0.51,1,acto
actriz,actress,2.53,1.14,1.23,0.68,1.37,0.72,1.1,0.4,1.27,0.69,1,actriz
acuerdo,agreement,3.3,1.06,1.1,0.31,1.0,0.0,1.47,0.73,1.1,0.31,1,acuerdo
acurrucarse,snuggle,3.9,1.3,1.07,0.25,1.83,1.18,1.6,1.22,1.07,0.25,2,acurrucarse
ademán,gesture,1.45,0.96,1.68,1.04,1.36,0.79,2.0,1.2,1.36,0.73,1,ademan
adicción,addiction,1.1,0.31,2.5,1.41,3.23,1.17,3.57,1.43,2.9,1.32,1,adiccion
adicto,addict,1.3,0.6,2.33,1.3,3.6,1.22,2.97,1.35,2.23,1.5,1,adicto
adinerado,wealthy,3.0,1.23,1.87,1.25,1.4,0.77,1.4,0.77,1.73,1.08,3,adinerado
adiós,bye-bye,1.33,0.71,2.33,1.3,4.17,0.91,3.67,1.35,1.43,0.94,1,adios
admiración,admiration,3.67,1.12,1.3,0.79,1.37,0.72,1.43,0.73,1.2,0.61,1,admiracion
admirado,admired,3.77,0.97,1.23,0.57,1.3,0.75,1.57,0.86,1.27,0.52,1,admirado
adolescente,teenager,2.83,1.23,1.83,1.18,1.97,1.1,1.7,1.06,1.4,0.72,1,adolescente
adopción,adoption,3.53,1.38,1.17,0.46,1.77,1.01,1.77,0.77,1.03,0.18,1,adopcion
adorable,adorable,4.43,0.68,1.03,0.18,1.03,0.18,1.03,0.18,1.03,0.18,1,adorable
adoración,worship,2.97,1.33,1.6,1.1,1.5,0.9,1.6,0.97,1.43,0.86,1,adoracion
adulto,adult,2.11,1.2,1.57,1.0,1.89,1.29,2.04,1.23,1.36,0.83,1,adulto
adversario,adversary,2.03,1.22,2.5,1.38,1.77,1.1,2.63,1.13,1.9,1.06,1,adversario
aeropuerto,airport,3.27,0.98,1.13,0.35,2.2,1.37,1.7,0.95,1.17,0.38,1,aeropuerto
afectar,impair,1.33,0.71,1.57,0.97,3.0,1.08,2.2,1.32,1.1,0.4,2,afectar
afecto,affection,4.37,0.81,1.2,0.61,1.5,0.94,1.43,0.94,1.03,0.18,1,afecto
afianzar,secure,1.9,1.35,1.17,0.47,1.31,0.66,1.52,1.02,1.14,0.58,2,afianzar
afligido,distressed,1.1,0.41,1.97,1.02,4.1,0.94,2.55,1.3,1.48,0.87,1,afligido
afortunado,lucky,4.1,0.99,1.33,0.8,1.13,0.43,1.07,0.25,1.07,0.25,1,afortunado
agente,agent,1.43,0.73,1.87,1.14,1.37,0.72,2.07,1.11,1.77,1.25,1,agente
agilidad,agility,3.07,1.2,1.1,0.4,1.13,0.57,1.13,0.43,1.03,0.18,1,agilidad
agobiado,burdened,1.07,0.25,2.77,1.19,2.57,1.36,2.3,1.32,1.57,1.01,1,agobiado
agonía,agony,1.07,0.25,2.2,1.3,3.6,1.22,3.07,1.44,2.03,1.19,1,agonia
agradecido,grateful,4.3,0.84,1.03,0.18,1.1,0.4,1.07,0.25,1.03,0.18,1,agradecido
agresión,assault,1.1,0.31,4.31,1.04,3.48,1.38,3.93,1.13,3.41,1.55,1,agresion
agresividad,aggressiveness,1.3,0.84,4.4,0.86,3.43,1.48,3.87,1.14,3.2,1.58,1,agresividad
agresivo,aggressive,1.23,0.57,3.9,1.3,2.87,1.41,3.4,1.5,2.23,1.57,3,agresivo
agricultor,farmer,2.17,1.23,1.2,0.66,1.5,0.86,1.3,0.79,1.2,0.55,1,agricultor
aguanieve,slush,2.27,1.28,1.03,0.18,1.3,0.7,1.1,0.31,1.0,0.0,1,aguanieve
aguardiente,brandy,2.17,1.18,1.27,0.52,1.37,0.72,1.5,0.78,2.43,1.38,1,aguardiente
agudo,sharp,1.53,0.9,1.57,1.17,1.4,0.93,1.73,1.05,1.37,0.89,1,agudo
águila,eagle,2.07,1.17,1.3,0.75,1.13,0.51,2.27,1.11,1.37,0.76,1,aguila
aguja,needle,1.13,0.35,1.5,1.07,1.37,0.85,2.17,1.29,1.6,1.04,1,aguja
ahogarse,drown,1.03,0.18,2.23,1.45,3.43,1.38,4.57,0.86,1.47,1.07,2,ahogarse
ahorrar,save,2.53,1.33,1.17,0.53,1.37,0.67,1.23,0.5,1.07,0.37,2,ahorrar
aire,air,2.87,1.48,1.13,0.57,1.13,0.43,1.1,0.31,1.1,0.55,1,aire
aislamiento,isolation,1.1,0.4,2.37,1.54,3.77,1.25,4.0,1.23,1.83,1.32,1,aislamiento
ajedrez,chess,2.1,1.24,1.47,1.04,1.47,0.9,1.27,0.58,1.03,0.18,1,ajedrez
alambrada,wire fence,1.2,0.76,1.93,1.28,2.2,1.24,2.03,1.1,1.53,1.04,1,alambrada
alambre,wire,1.17,0.53,1.4,0.77,1.67,0.99,1.83,1.12,1.23,0.63,1,alambre
alba,dawn,3.13,1.14,1.07,0.37,1.53,0.9,1.0,0.0,1.0,0.0,1,alba
albañil,builder,1.73,1.08,1.23,0.57,1.43,0.68,1.33,0.66,1.43,0.86,1,albanil
albergue,hostel,2.9,1.37,1.37,0.85,1.53,1.01,1.73,0.87,1.87,0.94,1,albergue
alcaldesa,mayor,1.43,0.82,2.13,1.43,1.43,0.9,1.23,0.63,1.93,1.41,1,alcaldesa
alce,elk,2.39,1.2,1.11,0.42,1.18,0.48,2.21,1.2,1.14,0.52,1,alce
alcohólico,alcoholic,1.27,0.64,2.63,1.63,3.9,0.92,2.63,1.33,2.47,1.5,3,alcoholico
alegre,merry,4.83,0.38,1.1,0.4,1.1,0.4,1.23,0.57,1.03,0.18,1,alegre
alergia,allergy,2.43,1.89,1.89,1.4,2.0,1.41,2.0,1.41,2.21,1.55,1,alergia
alerta,alert,1.4,0.77,1.57,0.9,1.5,0.9,3.0,1.34,1.33,0.8,1,alerta
alfiler,pin,1.5,1.11,1.53,0.78,1.6,0.97,2.53,1.28,1.3,0.75,1,alfiler
alfombra,carpet,1.6,0.86,1.2,0.61,1.3,0.79,1.13,0.51,2.03,1.1,1,alfombra
alianza,alliance,3.1,1.21,1.4,0.72,1.3,0.53,2.0,1.11,1.23,0.43,1,alianza
alicates,pliers,1.31,0.76,1.45,0.87,1.17,0.54,1.83,1.04,1.21,0.62,1,alicates
aliento,breath,1.43,0.68,1.6,1.16,1.73,1.2,1.8,1.21,2.5,1.31,1,aliento
alivio,relief,3.7,1.12,1.07,0.25,1.23,0.63,1.37,0.56,1.03,0.18,1,alivio
alma,soul,2.7,1.37,1.57,1.1,1.97,1.16,1.9,0.88,1.27,0.74,1,alma
almeja,clam,1.72,1.16,1.0,0.0,1.03,0.19,1.1,0.41,1.69,1.14,1,almeja
almohada,pillow,3.03,1.5,1.03,0.18,1.2,0.66,1.03,0.18,1.07,0.25,1,almohada
altercado,altercation,1.07,0.26,2.79,1.32,2.25,1.27,2.93,1.27,1.64,1.03,1,altercado
aluminio,aluminum,1.07,0.37,1.07,0.37,1.03,0.18,1.07,0.25,1.0,0.0,1,aluminio
alumno,student,2.67,1.35,1.4,0.86,1.47,0.78,1.57,0.97,1.37,0.72,1,alumno
amabilidad,kindness,4.03,1.03,1.23,0.5,1.03,0.18,1.13,0.43,1.13,0.43,1,amabilidad
amable,kind,4.37,1.0,1.1,0.31,1.23,0.5,1.27,0.52,1.13,0.35,1,amable
amado,loved,4.33,0.88,1.4,0.72,1.37,0.72,1.97,1.07,1.07,0.37,3,amado
amanecer,sunrise,4.07,0.94,1.07,0.25,1.77,1.01,1.4,0.97,1.03,0.18,1,amanecer
amante,lover,2.97,1.38,2.2,1.21,2.0,1.31,2.23,1.3,1.83,1.15,1,amante
amarillo,yellow,2.07,1.23,1.2,0.61,1.07,0.25,1.17,0.59,1.13,0.57,3,amarillo
ambición,ambition,2.73,1.31,1.8,0.96,1.67,1.12,1.93,1.14,1.8,1.13,1,ambicion
ambiente,atmosphere,2.77,1.25,1.57,1.01,1.53,0.82,1.53,0.97,1.57,1.07,1,ambiente
ambulancia,ambulance,1.07,0.25,1.43,1.04,3.07,1.26,3.03,1.35,1.23,0.68,1,ambulancia
amenaza,menace,1.03,0.18,2.73,1.17,2.33,1.42,3.77,1.19,1.7,0.95,1,amenaza
ametralladora,machine gun,1.23,0.82,4.07,1.26,3.63,1.38,4.4,1.0,3.47,1.48,1,ametralladora
amiga,friend,4.1,1.18,1.33,0.66,1.9,1.16,1.53,0.73,1.2,0.66,1,amiga
amigable,friendly,4.17,1.29,1.2,0.66,1.13,0.51,1.23,0.57,1.1,0.4,1,amigable
amigo,friend,4.53,0.73,1.2,0.48,1.53,0.94,1.57,0.94,1.13,0.51,3,amigo
amor,love,4.7,0.6,1.63,1.16,2.23,1.33,2.6,1.5,1.07,0.25,1,amor
ampliación,extension,2.4,1.43,1.37,0.81,1.4,0.93,1.57,1.01,1.3,0.88,1,ampliacion
amplitud,amplitude,2.57,1.3,1.33,0.88,1.57,1.1,2.0,1.26,1.47,0.82,1,amplitud
ampolla,blister,1.0,0.0,1.97,1.35,1.87,1.14,1.67,1.06,3.4,1.0,1,ampolla
análisis,analysis,1.4,0.67,1.7,1.12,1.7,0.95,3.1,1.3,1.83,1.15,1,analisis
analista,analyst,1.69,1.07,1.28,0.59,1.34,0.72,1.86,1.19,1.38,0.62,1,analista
analogía,analogy,1.41,0.87,1.1,0.41,1.14,0.35,1.14,0.35,1.03,0.19,1,analogia
anciano,elderly,2.7,1.26,1.1,0.4,2.63,1.07,1.27,0.69,1.17,0.46,3,anciano
anfitrión,host,3.69,1.26,1.21,0.68,1.03,0.19,1.31,0.54,1.17,0.54,1,anfitrion
ángel,angel,3.1,1.54,1.17,0.59,1.5,0.94,1.07,0.25,1.13,0.57,1,angel
anguila,eel,1.24,0.64,1.21,0.49,1.21,0.49,2.62,1.45,2.83,1.58,1,anguila
angustia,distress,1.0,0.0,2.53,1.2,3.57,1.04,3.5,1.17,1.9,1.21,1,angustia
angustiado,anguished,1.07,0.25,2.33,1.3,3.6,1.25,3.63,1.25,1.8,1.1,1,angustiado
anhelo,desire,1.83,1.05,1.67,0.92,3.6,1.22,2.33,1.32,1.33,0.66,1,anhelo
anillo,ring,2.7,1.42,1.07,0.37,1.27,0.74,1.3,0.75,1.2,0.66,1,anillo
ánimo,cheer,4.1,0.88,1.27,0.64,1.5,0.86,1.23,0.68,1.07,0.25,1,animo
anorak,anorak,2.13,1.17,1.3,0.75,1.57,1.01,1.07,0.37,1.23,0.57,1,anorak
ansioso,anxious,1.33,0.92,2.23,1.5,2.47,1.46,2.8,1.42,1.43,1.01,1,ansioso
antecedente,antecedent,1.73,1.2,1.6,1.13,1.77,1.07,1.9,1.16,1.43,1.01,1,antecedente
antena,antenna,1.47,0.94,1.17,0.53,1.1,0.4,1.2,0.61,1.1,0.4,1,antena
anticuario,antiquarian,1.66,1.08,1.03,0.19,1.76,1.12,1.14,0.35,1.17,0.47,1,anticuario
antorcha,torch,2.13,1.22,1.47,0.86,1.5,0.9,2.2,1.1,1.23,0.73,1,antorcha
antropólogo,anthropologist,1.9,1.06,1.13,0.43,1.13,0.51,1.2,0.55,1.13,0.35,1,antropologo
añoranza,yearning,1.43,0.97,1.87,1.38,4.03,1.07,2.8,1.47,1.5,1.22,1,anoranza
apariencia,appearance,1.53,1.01,1.53,0.94,1.97,1.1,1.7,0.99,2.23,1.04,1,apariencia
apartamento,apartment,2.97,1.3,1.23,0.73,1.43,0.77,1.47,0.86,1.37,0.85,1,apartamento
aplastado,crushed,1.17,0.53,2.17,1.32,2.7,1.29,2.73,1.48,2.17,1.26,1,aplastado
aplauso,applause,4.03,0.85,1.23,0.57,1.2,0.55,1.33,0.61,1.17,0.46,1,aplauso
aprecio,appreciation,3.93,1.05,1.27,0.83,1.4,0.67,1.5,0.94,1.3,0.84,1,aprecio
aprender,learn,3.93,1.23,1.23,0.82,1.47,0.94,1.8,1.06,1.17,0.46,2,aprender
aprobación,acceptance,4.0,0.74,1.27,0.58,1.43,0.9,2.17,1.26,1.27,0.58,1,aprobacion
aptitud,aptitude,3.47,1.36,1.1,0.4,1.03,0.18,1.13,0.35,1.1,0.4,1,aptitud
apuros,hardship,1.13,0.51,2.13,1.28,2.33,1.3,3.1,1.4,1.4,0.81,1,apuros
árbitro,referee,1.3,0.6,2.17,1.18,1.37,0.72,1.1,0.4,1.33,0.76,1,arbitro
árbol,tree,3.07,1.57,1.03,0.18,1.37,0.67,1.03,0.18,1.03,0.18,1,arbol
archivador,folder,1.43,0.9,1.27,0.74,1.23,0.73,1.13,0.51,1.13,0.51,1,archivador
arco,arch,1.43,0.82,1.4,0.81,1.37,0.96,1.97,1.16,1.07,0.37,1,arco
arcoíris,rainbow,4.03,1.22,1.0,0.0,1.03,0.18,1.0,0.0,1.13,0.73,1,arcoiris
ardilla,squirrel,3.4,1.28,1.0,0.0,1.13,0.51,1.13,0.35,1.1,0.31,1,ardilla
argumento,argument,2.37,1.27,1.57,0.9,1.5,1.04,1.8,0.89,1.3,0.65,1,argumento
arma,weapon,1.2,0.81,3.33,1.32,3.2,1.54,3.7,1.32,2.27,1.44,1,arma
armario,cabinet,1.83,1.09,1.3,0.88,1.33,0.88,1.47,0.94,1.2,0.61,1,armario
arqueólogo,archaeologist,2.17,1.18,1.13,0.43,1.07,0.37,1.2,0.55,1.07,0.37,1,arqueologo
arquitecto,architect,2.1,1.21,1.2,0.55,1.27,0.83,1.17,0.65,1.27,0.64,1,arquitecto
arrebatar,snatch,1.27,0.78,3.43,1.48,3.17,1.39,3.07,1.23,1.93,1.05,1,arrebatar
arrepentido,repentant,1.4,0.72,1.83,1.21,3.03,1.47,1.7,1.12,1.37,0.81,1,arrepentido
arrogante,arrogant,1.0,0.0,3.27,1.34,2.27,1.41,1.63,1.13,3.03,1.47,1,arrogante
arroyo,stream,2.04,1.14,1.25,0.59,1.61,1.17,1.64,1.03,1.29,0.76,1,arroyo
arte,art,3.63,1.27,1.6,1.0,1.97,1.35,1.5,0.86,1.47,0.9,1,arte
artefacto,artifact,1.37,0.81,1.73,1.31,1.67,1.15,2.6,1.65,1.47,0.97,1,artefacto
artesana,artisan,2.53,1.38,1.0,0.0,1.17,0.65,1.0,0.0,1.07,0.25,1,artesana
artista,artist,3.37,1.19,1.23,0.68,1.5,0.86,1.13,0.35,1.07,0.25,1,artista
as,ace,2.84,1.6,1.68,1.11,1.28,0.61,1.56,0.87,1.32,0.69,1,as
asalariada,salaried,3.2,1.3,1.57,0.73,1.53,0.78,1.6,0.81,1.23,0.5,1,asalariada
ascender,ascend,3.73,1.31,1.13,0.43,1.53,1.01,2.07,1.01,1.13,0.43,1,ascender
ascensor,elevator,1.4,0.67,1.2,0.55,1.17,0.53,1.73,0.87,1.23,0.57,1,ascensor
asediado,embattled,1.15,0.61,2.62,1.5,3.0,1.55,3.19,1.5,1.96,1.34,1,asediado
asesina,killer,1.13,0.73,3.27,1.41,2.57,1.3,4.07,1.08,2.53,1.43,1,asesina
asesinar,assassin,1.0,0.0,4.13,0.97,3.73,1.14,4.23,1.19,2.83,1.34,1,asesinar
asesinato,murder,1.1,0.4,3.9,1.37,3.93,1.28,4.13,1.04,3.2,1.45,1,asesinato
asesino,killer,1.0,0.0,4.13,1.14,3.8,1.37,4.37,0.93,3.93,1.36,3,asesino
asesor,advisor,1.73,1.11,1.07,0.25,1.17,0.59,1.27,0.78,1.23,0.43,1,asesor
asesora,adviser,2.13,1.11,1.47,0.86,1.53,1.07,1.6,0.86,1.3,0.6,1,asesora
asfalto,asphalt,1.43,0.86,1.57,1.1,1.63,1.16,1.8,1.19,1.93,1.23,1,asfalto
asfixiarse,suffocate,1.07,0.37,2.77,1.43,3.33,1.42,4.77,0.57,2.0,1.11,2,asfixiarse
asiento,seat,1.9,1.21,1.23,0.57,1.27,0.74,1.27,0.74,1.3,0.6,1,asiento
asilo,asylum,1.64,0.91,1.82,1.19,3.68,1.19,2.89,1.31,1.68,1.22,1,asilo
asistenta,housekeeper,2.13,1.43,1.23,0.63,1.77,1.04,1.37,0.61,1.2,0.48,1,asistenta
asno,donkey,2.33,1.3,1.17,0.59,1.43,0.68,1.3,0.65,1.33,0.8,1,asno
asombrado,astonished,2.43,1.33,1.33,0.76,1.27,0.64,1.67,1.06,1.17,0.46,1,asombrado
áspero,rough,1.1,0.4,1.4,0.72,1.4,0.62,1.23,0.68,2.2,1.24,1,aspero
asqueado,disgusted,1.03,0.19,2.28,1.31,2.41,1.05,1.59,1.05,3.48,1.64,1,asqueado
asqueroso,nasty,1.2,0.81,1.93,1.05,1.63,1.03,1.9,1.27,4.23,1.1,3,asqueroso
astronauta,astronaut,2.3,1.37,1.13,0.51,1.4,0.81,1.73,1.08,1.1,0.4,1,astronauta
asunto,issue,1.57,0.94,1.33,0.71,1.4,0.72,1.67,0.8,1.1,0.4,1,asunto
asustado,scared,1.03,0.18,1.87,1.17,2.97,1.3,3.73,1.36,1.23,0.77,1,asustado
atentado,attack,1.0,0.0,3.87,1.22,4.23,1.04,4.43,0.68,2.83,1.42,1,atentado
aterrorizado,terrified,1.1,0.4,2.47,1.38,2.63,1.27,4.77,0.5,1.7,0.99,1,aterrorizado
ático,penthouse,3.1,1.35,1.03,0.18,1.27,0.58,1.47,0.68,1.03,0.18,1,atico
atleta,athlete,2.47,1.22,1.07,0.37,1.03,0.18,1.0,0.0,1.03,0.18,1,atleta
atracador,robber,1.03,0.18,3.2,1.37,2.5,1.36,3.97,1.19,2.17,1.62,1,atracador
atracción,attraction,3.79,0.98,1.17,0.54,1.69,1.14,2.28,1.39,1.24,0.51,1,atraccion
atraco,robbery,1.03,0.18,3.43,1.33,2.73,1.28,4.2,1.06,2.23,1.55,1,atraco
atraer,attract,3.23,1.38,1.1,0.4,1.33,0.71,1.67,0.99,1.1,0.31,1,atraer
atrevido,bold,2.73,1.28,1.33,0.92,1.03,0.18,1.67,1.06,1.13,0.73,1,atrevido
atrocidad,outrage,1.04,0.19,3.7,1.44,3.44,1.31,3.59,1.34,3.07,1.66,1,atrocidad
atún,tuna,2.0,1.23,1.07,0.37,1.13,0.43,1.27,0.64,1.67,1.09,1,atun
aumento,increase,2.9,1.27,1.6,1.1,1.7,0.84,1.9,1.06,1.4,0.86,1,aumento
aurora,daylight,3.57,1.3,1.1,0.31,1.5,1.07,1.07,0.25,1.03,0.18,1,aurora
autobús,bus,1.63,1.03,1.5,0.86,1.57,0.97,1.47,0.9,1.53,0.9,1,autobus
autoridad,authority,1.5,0.73,2.53,1.2,1.5,0.78,2.5,1.11,1.97,1.22,1,autoridad
auxilio,help,1.6,1.0,1.53,0.86,2.67,1.03,2.77,1.17,1.23,0.57,1,auxilio
avalancha,avalanche,1.17,0.59,1.7,1.12,1.83,1.34,3.73,1.23,1.3,0.79,1,avalancha
avance,advance,3.23,1.38,1.33,0.92,1.43,0.86,2.27,1.39,1.1,0.4,1,avance
avaricia,greed,1.13,0.43,3.3,1.37,2.77,1.28,1.87,1.28,3.1,1.49,1,avaricia
avenida,avenue,1.83,1.18,1.07,0.25,1.1,0.4,1.23,0.43,1.1,0.55,1,avenida
aventura,adventure,4.4,0.62,1.13,0.51,1.27,0.64,2.73,0.87,1.1,0.31,1,aventura
avergonzado,shamed,1.2,0.48,2.33,1.32,3.03,1.3,3.0,1.26,1.6,1.04,1,avergonzado
avestruz,ostrich,2.03,1.13,1.17,0.53,1.07,0.37,1.87,1.14,1.4,0.81,1,avestruz
avión,plane,2.83,1.32,1.2,0.55,1.27,0.58,2.43,1.19,1.07,0.37,1,avion
avispa,wasp,1.03,0.18,2.27,1.31,1.47,0.9,4.07,0.74,2.97,1.43,1,avispa
ayuda,help,3.03,1.33,1.43,0.94,2.23,1.33,2.27,1.39,1.3,0.75,1,ayuda
ayudar,help,4.37,0.81,1.1,0.4,1.3,0.53,1.23,0.57,1.13,0.51,1,ayudar
ayuntamiento,city hall,1.33,0.71,2.1,1.27,1.5,0.86,1.6,0.86,1.67,0.88,1,ayuntamiento
azada,hoe,1.47,0.9,1.37,0.83,1.26,0.56,2.26,1.1,1.37,0.68,1,azada
azafata,stewardess,2.55,1.45,1.41,0.87,1.24,0.58,1.31,0.76,1.28,0.59,1,azafata
azar,random,2.1,1.16,1.63,0.93,1.63,0.93,2.43,1.25,1.23,0.63,1,azar
azúcar,sugar,2.97,1.19,1.0,0.0,1.3,0.75,1.17,0.46,1.03,0.18,1,azucar
azul,blue,2.87,1.22,1.0,0.0,1.43,0.82,1.07,0.37,1.0,0.0,1,azul
bacteria,bacterium,1.23,0.5,1.77,1.19,1.93,1.26,2.9,1.42,2.97,1.43,1,bacteria
bailarín,dancer,3.27,1.17,1.1,0.4,1.47,0.78,1.13,0.51,1.17,0.53,1,bailarin
bailarina,dancer,3.8,1.1,1.27,0.58,1.43,0.68,1.3,0.6,1.23,0.68,1,bailarina
bala,bullet,1.07,0.37,2.53,1.36,2.73,1.51,4.03,1.3,1.77,1.3,1,bala
balancín,rocker,3.3,1.34,1.1,0.4,1.23,0.5,1.37,0.72,1.1,0.4,1,balancin
balanza,balance,1.77,0.97,1.43,1.01,1.63,1.07,1.77,1.07,1.37,0.81,1,balanza
balcón,balcony,2.33,1.24,1.13,0.35,1.43,0.68,2.33,1.24,1.13,0.35,1,balcon
ballena,whale,3.07,1.23,1.17,0.59,1.67,1.21,2.6,1.38,1.37,0.81,1,ballena
baloncesto,basketball,2.2,1.16,1.4,0.97,1.3,0.7,1.2,0.81,1.33,0.96,1,baloncesto
bancarrota,bankrupt,1.0,0.0,2.9,1.63,3.5,1.36,3.5,1.5,1.63,1.22,1,bancarrota
banco,bench,1.63,1.03,2.13,1.31,1.87,1.17,1.73,1.14,1.97,1.22,1,banco
banda,band,2.54,1.4,1.54,0.96,1.29,0.66,1.82,1.02,1.5,0.88,1,banda
bandeja,tray,1.6,0.86,1.1,0.4,1.13,0.43,1.13,0.51,1.4,0.77,1,bandeja
bandera,flag,2.1,1.12,1.47,0.9,1.4,0.81,1.47,0.73,1.47,0.86,1,bandera
banquero,banker,1.33,0.71,3.07,1.39,1.87,1.2,2.13,1.17,2.67,1.21,1,banquero
banquete,banquet,3.87,1.17,1.2,0.76,1.2,0.76,1.3,0.7,1.4,0.89,1,banquete
bañador,swimsuit,3.1,1.37,1.3,0.7,1.3,0.7,1.47,0.9,1.43,0.82,1,banador
bañera,bathtub,3.0,1.51,1.13,0.43,1.3,0.7,1.43,0.63,1.2,0.48,1,banera
baño,bath,2.47,1.33,1.03,0.18,1.23,0.5,1.2,0.41,2.0,1.26,1,bano
bar,bar,3.07,1.26,1.37,0.76,1.33,0.84,1.23,0.68,1.5,0.82,1,bar
baranda,railing,1.48,0.73,1.22,0.6,1.17,0.49,1.78,1.04,1.26,0.54,1,baranda
barbaridad,barbarity,1.27,0.69,2.9,1.3,2.6,1.38,2.53,1.2,2.27,1.17,1,barbaridad
barco,ship,2.47,1.31,1.1,0.31,1.37,0.76,2.13,1.33,1.1,0.31,1,barco
barra,bar,1.6,0.93,1.53,1.01,1.3,0.7,1.53,0.86,1.5,0.86,1,barra
barranco,ravine,1.8,1.32,1.5,0.78,1.9,0.92,2.93,1.36,1.43,0.77,1,barranco
barrendero,street cleaner,1.17,0.46,1.03,0.18,1.37,0.81,1.03,0.18,1.5,1.01,1,barrendero
barril,barrel,1.4,0.97,1.03,0.18,1.07,0.25,1.0,0.0,1.1,0.31,1,barril
bastardo,bastard,1.07,0.25,2.1,1.27,2.23,1.22,1.6,1.04,1.87,1.14,1,bastardo
basto,coarse,1.53,1.07,1.87,1.14,1.43,0.97,1.37,0.72,2.3,1.18,1,basto
bastón,cane,1.4,0.81,1.3,0.6,2.53,1.33,1.73,0.94,1.13,0.43,1,baston
basura,trash,1.03,0.18,1.17,0.46,1.3,0.7,1.17,0.75,3.9,1.16,1,basura
basurero,garbage collector,1.07,0.25,1.03,0.18,1.37,0.76,1.03,0.18,2.37,1.35,1,basurero
bata,coat,2.23,1.41,1.17,0.53,1.23,0.68,1.3,0.88,1.2,0.55,1,bata
bautizo,christening,3.07,1.39,1.4,0.89,1.37,0.93,1.37,0.96,1.4,0.97,1,bautizo
bayoneta,bayonet,1.24,0.52,2.16,1.4,1.76,1.05,2.6,1.41,1.84,1.03,1,bayoneta
beato,blessed,1.25,0.53,1.04,0.2,1.54,0.88,1.04,0.2,1.0,0.0,3,beato
bebida,beverage,3.3,1.39,1.63,1.16,1.6,0.97,1.53,0.86,1.73,1.11,1,bebida
belleza,beauty,3.87,1.22,1.23,0.63,1.57,1.07,1.4,0.86,1.2,0.66,1,belleza
bendecir,bless,2.2,1.4,1.23,0.63,1.43,0.9,1.23,0.63,1.57,0.97,1,bendecir
bendición,blessing,2.5,1.33,1.37,0.72,1.3,0.75,1.17,0.46,1.33,0.92,1,bendicion
bengala,flare,2.07,1.17,1.5,0.97,1.2,0.66,2.37,1.43,1.1,0.55,1,bengala
beso,kiss,4.27,1.14,1.1,0.4,1.47,1.01,1.3,0.7,1.13,0.35,1,beso
bestia,beast,1.23,0.82,2.37,1.45,1.63,1.27,3.3,1.15,1.63,1.13,1,bestia
bicicleta,bicycle,3.03,1.4,1.03,0.18,1.03,0.18,1.17,0.46,1.03,0.18,1,bicicleta
billete,bill,3.63,1.4,1.33,0.84,1.33,0.66,1.23,0.63,1.23,0.68,1,billete
billetera,wallet,2.5,1.25,1.57,1.25,1.5,1.01,1.67,1.09,1.57,1.22,1,billetera
bisonte,buffalo,1.71,1.08,1.64,0.99,1.68,1.06,2.93,1.25,1.46,0.88,1,bisonte
bisturí,scalpel,1.13,0.43,1.53,1.2,2.2,1.35,3.4,1.25,2.03,1.45,1,bisturi
blanco,white,2.87,1.36,1.17,0.46,1.23,0.57,1.17,0.46,1.1,0.4,3,blanco
blasfemia,blasphemy,1.08,0.27,2.92,1.6,2.42,1.47,1.77,1.27,2.35,1.57,1,blasfemia
blusa,blouse,2.33,1.27,1.0,0.0,1.07,0.25,1.07,0.25,1.13,0.35,1,blusa
boda,wedding,4.13,1.07,1.1,0.31,1.57,1.17,1.93,1.08,1.17,0.53,1,boda
bodega,cellar,1.5,0.82,1.13,0.51,1.27,0.74,1.47,1.01,1.43,0.94,1,bodega
bofetada,slap,1.2,0.61,4.1,1.21,3.03,1.33,3.1,1.3,2.7,1.39,1,bofetada
bolígrafo,pen,1.6,1.07,1.07,0.25,1.0,0.0,1.0,0.0,1.03,0.18,1,boligrafo
bolsa,bag,1.27,0.74,1.13,0.43,1.1,0.31,1.1,0.55,1.23,0.77,1,bolsa
bolsillo,pocket,1.17,0.46,1.17,0.53,1.17,0.59,1.2,0.81,1.07,0.25,1,bolsillo
bolso,bag,2.67,1.6,1.17,0.53,1.2,0.48,1.33,0.8,1.23,0.63,1,bolso
bomba,bomb,1.1,0.4,3.37,1.43,3.37,1.33,4.5,0.97,2.2,1.42,1,bomba
bombardeo,bombardment,1.03,0.18,3.6,1.25,4.13,1.01,4.1,1.09,2.97,1.43,1,bombardeo
bombero,firefighter,2.7,1.15,1.27,0.78,1.67,1.03,1.73,1.08,1.1,0.4,1,bombero
bombilla,lightbulb,1.73,0.91,1.07,0.37,1.1,0.4,1.27,0.58,1.07,0.37,1,bombilla
bondad,goodness,4.1,1.06,1.27,0.52,1.27,0.52,1.43,0.77,1.2,0.61,1,bondad
borde,edge,1.0,0.0,2.83,1.42,1.83,1.12,1.6,1.04,1.63,1.0,1,borde
borracho,drunk,1.87,1.31,1.77,1.1,2.67,1.37,2.23,1.07,2.53,1.22,1,borracho
bota,boot,1.63,1.1,1.17,0.53,1.07,0.37,1.07,0.37,1.2,0.61,1,bota
bote,pot,2.55,1.57,1.28,0.65,1.28,0.7,1.55,0.91,1.34,0.77,1,bote
botella,bottle,1.7,0.88,1.33,0.61,1.63,0.81,1.47,0.82,1.37,0.61,1,botella
botín,swag,3.07,1.48,1.43,0.77,1.23,0.5,1.63,1.0,1.17,0.46,1,botin
boxeador,boxer,1.37,0.93,2.33,1.42,1.93,1.17,2.57,1.41,1.6,0.93,1,boxeador
brazalete,bracelet,2.53,1.31,1.17,0.46,1.23,0.68,1.17,0.46,1.07,0.25,1,brazalete
brazo,arm,1.47,0.86,1.07,0.37,1.1,0.4,1.17,0.46,1.07,0.37,1,brazo
brevedad,brevity,1.9,0.92,1.73,0.83,2.73,1.26,2.2,1.3,1.3,0.6,1,brevedad
brillante,bright,3.63,1.3,1.3,0.75,1.17,0.59,1.4,0.89,1.13,0.43,1,brillante
brío,zest,2.5,1.43,1.4,0.82,1.1,0.31,1.25,0.72,1.25,0.72,1,brio
brisa,breeze,3.33,1.06,1.13,0.43,1.6,0.93,1.27,0.74,1.13,0.43,1,brisa
bruja,witch,1.87,1.28,1.5,0.94,1.33,0.71,1.97,1.27,1.4,0.89,1,bruja
brújula,compass,2.1,1.18,1.17,0.53,1.2,0.48,1.37,0.76,1.13,0.43,1,brujula
brutal,brutal,1.87,1.22,2.37,1.38,1.9,1.18,2.83,1.39,1.53,1.04,1,brutal
brutalidad,brutality,1.17,0.59,3.77,1.36,3.4,1.48,3.43,1.25,3.2,1.47,1,brutalidad
buceador,diver,2.33,1.37,1.03,0.18,1.1,0.31,1.7,1.21,1.1,0.4,1,buceador
bueno,good,4.03,1.03,1.07,0.25,1.13,0.43,1.1,0.4,1.03,0.18,1,bueno
buey,ox,1.67,0.96,1.37,0.89,1.27,0.69,2.33,1.27,1.37,0.72,1,buey
búfalo,buffalo,1.8,1.13,1.77,1.22,1.33,0.76,3.13,1.17,1.43,0.68,1,bufalo
bufanda,scarf,2.1,1.21,1.17,0.53,1.3,0.7,1.2,0.55,1.2,0.55,1,bufanda
búho,owl,2.6,1.35,1.07,0.25,1.23,0.63,1.8,1.06,1.3,0.7,1,buho
buitre,vulture,1.37,1.0,1.53,1.04,1.53,1.17,2.9,1.42,2.53,1.59,1,buitre
bulto,lump,1.13,0.57,1.43,0.9,1.77,1.14,2.67,1.52,1.8,1.03,1,bulto
burla,ridicule,1.3,0.65,3.3,1.09,2.7,1.18,2.27,1.17,2.67,1.15,1,burla
burro,donkey,2.33,1.35,1.13,0.43,1.6,0.97,1.57,0.97,1.37,0.61,3,burro
butaca,armchair,2.53,1.22,1.13,0.57,1.53,0.9,1.23,0.5,1.27,0.69,1,butaca
buzón,mailbox,1.7,1.12,1.23,0.63,1.2,0.61,1.37,0.76,1.23,0.82,1,buzon
caballero,knight,2.47,1.28,1.2,0.55,1.07,0.25,1.23,0.57,1.23,0.5,1,caballero
caballo,horse,3.43,1.36,1.1,0.4,1.1,0.4,1.3,0.6,1.13,0.51,1,caballo
cabello,hair,2.5,1.48,1.33,0.8,1.23,0.57,1.27,0.69,1.5,0.82,1,cabello
cable,cord,1.07,0.25,1.03,0.18,1.1,0.31,1.93,1.17,1.03,0.18,1,cable
cachondeo,joke,3.87,1.41,1.37,0.89,1.37,1.0,1.3,0.75,1.47,0.97,1,cachondeo
cadáver,corpse,1.07,0.25,1.67,1.15,3.53,1.41,3.27,1.57,3.47,1.48,1,cadaver
cadena,chain,1.23,0.77,2.57,1.57,2.87,1.46,3.1,1.65,1.9,1.35,1,cadena
caída,fall,1.17,0.59,2.5,1.28,3.03,1.25,3.0,1.23,1.23,0.57,1,caida
caimán,alligator,1.33,0.66,1.7,1.12,1.43,0.97,3.67,1.27,2.0,1.23,1,caiman
caja,box,1.93,1.14,1.2,0.55,1.3,0.7,1.7,1.02,1.27,0.64,1,caja
calcetín,sock,1.9,1.32,1.13,0.51,1.2,0.55,1.1,0.4,1.9,1.12,1,calcetin
calculadora,calculator,1.7,0.95,1.2,0.48,1.2,0.61,1.3,0.65,1.33,0.8,1,calculadora
cálculo,calculation,1.47,0.82,1.8,1.19,1.6,0.93,1.97,1.03,1.7,1.09,1,calculo
calefacción,heating,3.03,1.22,1.07,0.25,1.2,0.48,1.13,0.43,1.0,0.0,1,calefaccion
calidad,quality,3.83,0.99,1.07,0.25,1.17,0.59,1.07,0.25,1.03,0.18,1,calidad
callado,quiet,1.53,0.86,1.6,1.04,2.7,1.39,2.03,1.3,1.2,0.48,1,callado
calle,street,2.2,1.27,1.07,0.37,1.13,0.43,1.97,1.16,1.37,0.76,1,calle
callejón,alley,1.2,0.55,1.3,0.7,1.97,1.22,3.07,1.36,1.87,1.14,1,callejon
calmar,soothe,2.27,1.23,1.3,0.7,1.33,0.66,1.2,0.48,1.03,0.18,2,calmar
calor,warmth,3.57,1.14,1.6,0.97,1.27,0.64,1.23,0.57,1.47,0.9,1,calor
calvario,calvary,1.47,0.9,2.7,1.6,3.4,1.4,3.27,1.48,2.1,1.27,1,calvario
calzoncillos,underpants,1.5,0.94,1.07,0.37,1.27,0.83,1.1,0.4,2.2,1.06,1,calzoncillos
cama,bed,4.57,0.73,1.07,0.37,1.4,0.77,1.27,0.64,1.13,0.43,1,cama
camaleón,chameleon,2.73,1.48,1.0,0.0,1.13,0.35,1.2,0.76,1.2,0.48,1,camaleon
camarera,waitress,2.17,1.12,1.2,0.55,1.37,0.67,1.33,0.71,1.17,0.46,1,camarera
camarero,waiter,2.4,1.28,1.33,0.84,1.27,0.64,1.2,0.55,1.17,0.53,1,camarero
cambio,exchange,2.7,1.32,1.57,1.1,2.13,1.17,2.9,1.27,1.4,0.86,1,cambio
camello,camel,2.33,1.37,1.0,0.0,1.03,0.18,1.4,0.77,1.3,0.65,1,camello
camión,truck,1.4,0.67,1.3,0.79,1.33,0.92,1.93,0.94,1.33,0.66,1,camion
camionero,truck driver,1.3,0.6,1.13,0.43,1.27,0.58,1.23,0.63,1.33,0.61,1,camionero
camisa,shirt,2.2,1.27,1.07,0.25,1.17,0.46,1.03,0.18,1.03,0.18,1,camisa
camiseta,t-shirt,1.83,1.29,1.0,0.0,1.03,0.18,1.0,0.0,1.0,0.0,1,camiseta
camisón,nightgown,1.87,1.01,1.07,0.25,1.5,0.82,1.5,1.07,1.3,0.84,1,camison
campamento,camp,3.63,1.35,1.2,0.76,1.47,0.86,1.47,0.78,1.27,0.69,1,campamento
campaña,campaign,1.6,1.04,1.27,0.78,1.2,0.66,1.3,0.65,1.23,0.68,1,campana
campeón,champ,4.57,0.86,1.07,0.25,1.27,0.83,1.17,0.46,1.07,0.25,1,campeon
campeona,champion,4.0,1.29,1.0,0.0,1.03,0.18,1.03,0.18,1.03,0.18,1,campeona
campeonato,championship,3.3,1.26,1.33,0.66,1.27,0.58,1.9,1.24,1.0,0.0,1,campeonato
campesino,peasant,2.4,1.33,1.2,0.61,1.63,0.85,1.37,0.85,1.23,0.68,1,campesino
campo,field,3.73,1.31,1.03,0.18,1.2,0.55,1.5,0.9,1.4,0.86,1,campo
canario,canary,2.93,1.23,1.07,0.37,1.1,0.4,1.1,0.4,1.03,0.18,3,canario
cáncer,cancer,1.03,0.18,3.67,1.54,4.63,0.72,4.8,0.55,2.3,1.6,1,cancer
candado,padlock,1.47,0.86,1.9,1.06,2.03,1.22,2.4,1.1,1.27,0.58,1,candado
candidata,candidate,2.6,1.28,1.27,0.64,1.5,0.94,1.93,1.01,1.2,0.55,1,candidata
candidato,candidate,2.2,1.13,1.4,0.72,1.37,0.81,2.0,1.14,1.47,0.86,1,candidato
cangrejo,crab,2.37,1.19,1.27,0.64,1.3,0.65,1.97,1.13,1.7,0.95,1,cangrejo
canguro,kangaroo,3.23,1.3,1.1,0.31,1.13,0.35,1.97,1.1,1.17,0.38,1,canguro
cansado,weary,1.13,0.35,1.47,0.9,2.67,1.24,1.23,0.5,1.3,0.7,1,cansado
cantante,singer,3.43,0.94,1.1,0.4,1.4,0.67,1.13,0.57,1.17,0.53,1,cantante
cantidad,amount,2.63,1.45,1.3,0.65,1.3,0.6,1.6,0.77,1.37,0.72,1,cantidad
cantimplora,canteen,2.47,1.14,1.23,0.57,1.23,0.57,1.23,0.63,1.47,0.73,1,cantimplora
caña,cane,2.03,1.13,1.2,0.61,1.17,0.59,1.2,0.55,1.3,0.6,1,cana
cañón,cannon,1.27,0.78,3.17,1.53,2.53,1.36,3.3,1.24,1.7,1.12,1,canon
caos,chaos,1.5,0.97,3.17,1.56,2.67,1.4,3.27,1.44,1.93,1.28,1,caos
capacidad,capacity,2.9,1.47,1.2,0.61,1.13,0.57,1.13,0.35,1.07,0.25,1,capacidad
capaz,capable,3.97,1.0,1.2,0.66,1.1,0.31,1.37,0.56,1.07,0.25,3,capaz
capilla,chapel,1.33,0.76,1.6,1.3,1.67,1.03,1.6,0.97,1.5,1.14,1,capilla
capital,capital,2.53,1.5,1.3,0.75,1.33,0.84,1.77,1.14,1.27,0.83,1,capital
capitán,captain,2.1,1.24,1.2,0.55,1.23,0.63,1.3,0.53,1.03,0.18,1,capitan
capricho,infatuation,3.17,1.49,1.6,1.0,1.27,0.69,1.1,0.4,1.33,0.76,1,capricho
cara,face,3.03,1.27,1.83,1.18,1.83,1.26,1.87,1.17,1.77,1.19,1,cara
caracol,snail,1.83,1.12,1.2,0.76,1.17,0.53,1.2,0.55,2.6,1.43,1,caracol
caramelo,candy,3.5,1.2,1.03,0.18,1.07,0.37,1.07,0.25,1.2,0.48,1,caramelo
cárcel,jail,1.13,0.43,2.6,1.3,3.47,1.28,3.47,1.38,2.1,1.27,1,carcel
carcelero,jailer,1.13,0.43,2.2,1.13,2.57,1.3,2.93,1.23,1.9,1.12,1,carcelero
cardenal,cardinal,1.17,0.53,2.23,1.38,1.9,1.27,1.63,0.96,2.27,1.31,1,cardenal
carga,load,1.07,0.25,2.07,1.41,2.67,1.37,2.17,1.23,1.73,1.17,1,carga
caricia,caress,4.53,0.86,1.2,0.76,1.4,0.62,1.23,0.57,1.1,0.31,1,caricia
caridad,charity,3.33,1.37,1.37,0.93,2.23,1.17,1.27,0.52,1.2,0.66,1,caridad
cariño,love,4.13,1.11,1.33,0.84,1.5,0.86,1.9,1.09,1.17,0.59,1,carino
cariñoso,cuddle,4.57,0.5,1.03,0.18,1.1,0.31,1.07,0.25,1.07,0.37,1,carinoso
carmín,carmine,2.47,1.25,1.1,0.4,1.27,0.64,1.1,0.4,1.27,0.64,1,carmin
carnicería,butchery,1.3,0.65,1.93,1.46,2.27,1.66,1.8,1.24,2.97,1.47,1,carniceria
carnicero,butcher,1.4,0.72,1.0,0.0,1.1,0.31,1.33,0.66,1.4,0.77,1,carnicero
carpeta,folder,1.23,0.57,1.07,0.37,1.07,0.37,1.07,0.37,1.07,0.37,1,carpeta
carpintero,carpenter,1.83,1.21,1.07,0.25,1.23,0.57,1.07,0.25,1.0,0.0,1,carpintero
carretera,highway,2.0,1.14,1.2,0.55,1.3,0.75,1.87,1.28,1.13,0.43,1,carretera
carro,wagon,1.33,0.76,1.17,0.53,1.27,0.64,1.23,0.68,1.2,0.55,1,carro
carroña,carcass,1.17,0.76,1.45,0.87,1.41,0.73,1.45,0.83,3.48,1.48,1,carrona
carta,letter,2.57,1.45,1.37,0.96,1.97,1.27,1.67,1.12,1.1,0.31,1,carta
cartel,poster,1.63,1.1,1.17,0.53,1.13,0.43,1.2,0.55,1.27,0.64,1,cartel
cartera,wallet,2.23,1.07,1.23,0.57,1.43,0.9,1.5,0.97,1.2,0.66,1,cartera
carterista,pickpocket,1.1,0.55,3.3,1.39,2.63,1.19,3.17,1.15,2.63,1.4,1,carterista
casa,house,3.77,1.04,1.23,0.63,1.33,0.8,1.23,0.57,1.17,0.53,1,casa
casaca,coat,1.5,0.89,1.31,0.79,1.44,1.09,1.5,1.03,1.19,0.4,1,casaca
cascada,waterfall,3.27,1.31,1.03,0.18,1.07,0.25,1.53,0.9,1.03,0.18,1,cascada
casco,helmet,1.8,1.19,1.27,0.74,1.17,0.53,1.8,1.1,1.07,0.37,1,casco
caseta,stand,1.9,1.09,1.0,0.0,1.17,0.46,1.23,0.5,1.03,0.18,1,caseta
casino,casino,2.63,1.13,1.67,1.12,1.63,1.13,1.87,1.31,1.3,0.84,1,casino
casita,cottage,2.9,1.37,1.1,0.4,1.1,0.4,1.17,0.38,1.1,0.4,1,casita
castidad,chastity,1.27,0.58,1.87,1.36,2.63,1.54,2.23,1.55,1.93,1.36,1,castidad
castigo,punishment,1.03,0.18,3.87,1.17,3.83,1.21,3.83,1.29,2.47,1.53,1,castigo
castillo,castle,2.47,1.36,1.27,0.83,1.2,0.61,1.57,0.77,1.0,0.0,1,castillo
casualidad,chance,3.5,1.14,1.27,0.69,1.4,0.89,2.03,1.03,1.23,0.63,1,casualidad
catálogo,catalog,2.03,1.0,1.13,0.43,1.17,0.46,1.07,0.25,1.1,0.4,1,catalogo
cateto,hick,1.27,0.64,1.63,0.89,1.7,0.99,1.13,0.35,1.37,0.76,1,cateto
caudal,flow,1.89,1.01,1.15,0.36,1.52,1.16,1.7,1.07,1.19,0.48,1,caudal
cazador,hunter,1.23,0.82,3.2,1.47,2.83,1.39,2.57,1.17,2.53,1.5,1,cazador
cazadora,jacket,1.87,1.2,2.23,1.22,1.93,1.23,1.8,1.13,2.1,1.32,1,cazadora
cebolla,onion,1.63,1.13,1.27,0.78,1.33,0.61,1.07,0.25,1.73,1.23,1,cebolla
cebra,zebra,2.97,1.25,1.03,0.18,1.13,0.43,1.47,0.78,1.1,0.31,1,cebra
celador,warden,1.25,0.55,1.6,0.99,2.0,1.08,2.1,1.25,1.6,1.14,1,celador
celadora,warden,1.4,0.94,1.6,1.14,2.05,1.1,1.95,1.05,1.55,0.76,1,celadora
celo,zeal,1.4,0.81,1.9,1.52,1.87,1.41,1.8,1.35,1.9,1.27,1,celo
celos,jealousy,1.27,0.64,3.3,1.47,3.13,1.46,3.2,1.35,2.07,1.41,1,celos
célula,cell,1.5,0.86,1.07,0.37,1.07,0.37,1.1,0.4,1.1,0.4,1,celula
cementerio,cemetery,1.13,0.35,1.63,1.1,4.23,1.1,3.07,1.28,1.33,0.66,1,cementerio
cemento,cement,1.2,0.61,1.47,1.17,1.5,1.07,1.3,0.7,1.43,0.73,1,cemento
cena,dinner,3.43,1.17,1.17,0.46,1.3,0.65,1.33,0.76,1.17,0.46,1,cena
cenicero,ashtray,1.3,0.84,1.6,1.04,1.87,1.38,1.57,1.17,3.3,1.44,1,cenicero
ceniza,ash,1.27,0.58,1.73,0.98,2.57,1.25,1.8,1.13,2.1,1.18,1,ceniza
centímetro,centimeter,1.0,0.0,1.0,0.0,1.0,0.0,1.0,0.0,1.0,0.0,1,centimetro
centuria,century,1.39,0.78,1.44,0.86,1.28,0.46,1.44,0.7,1.11,0.32,1,centuria
cepillo,brush,1.33,0.76,1.03,0.18,1.1,0.4,1.07,0.37,1.73,0.91,1,cepillo
cerdo,pig,1.57,1.04,1.1,0.4,1.37,0.89,1.37,0.67,2.47,1.33,1,cerdo
cerilla,match,1.47,0.9,1.2,0.55,1.13,0.43,2.0,1.05,1.07,0.37,1,cerilla
certeza,certainty,3.1,1.3,1.33,0.8,1.47,1.07,1.8,1.13,1.17,0.65,1,certeza
cerveza,beer,3.33,1.24,1.37,0.85,1.27,0.78,1.3,0.79,1.9,1.24,1,cerveza
césped,lawn,3.2,1.32,1.03,0.18,1.2,0.41,1.03,0.18,1.3,0.53,1,cesped
cesta,basket,2.0,1.34,1.07,0.37,1.1,0.4,1.1,0.4,1.07,0.37,1,cesta
chacal,jackal,1.65,0.93,1.39,0.78,1.26,0.75,2.43,1.16,1.35,0.65,1,chacal
chaleco,vest,1.5,1.04,1.07,0.25,1.07,0.37,1.27,0.91,1.03,0.18,1,chaleco
chalet,chalet,3.57,1.33,1.3,0.88,1.37,0.81,1.67,1.09,1.43,0.9,1,chalet
champán,champagne,3.23,1.17,1.2,0.55,1.13,0.43,1.27,0.58,1.83,1.02,1,champan
champiñón,mushroom,1.9,1.35,1.07,0.37,1.1,0.4,1.13,0.51,1.53,1.14,1,champinon
chándal,tracksuit,2.37,1.07,1.2,0.61,1.23,0.77,1.07,0.37,1.4,0.93,1,chandal
chantaje,blackmail,1.07,0.26,3.93,1.28,2.79,1.42,2.79,1.63,3.0,1.63,1,chantaje
chantajista,blackmailer,1.3,0.84,4.0,1.34,2.73,1.46,3.33,1.35,3.4,1.61,1,chantajista
chaqueta,jacket,1.9,1.27,1.0,0.0,1.1,0.4,1.03,0.18,1.03,0.18,1,chaqueta
cheque,paycheck,3.33,1.47,1.1,0.4,1.17,0.59,1.03,0.18,1.2,0.81,1,cheque
chica,girl,2.97,1.48,1.28,0.65,1.34,0.81,1.34,0.81,1.24,0.64,1,chica
chico,boy,2.8,1.3,1.27,0.69,1.17,0.53,1.2,0.61,1.13,0.43,1,chico
chiflado,madman,1.5,1.01,1.33,0.8,1.97,1.3,2.47,1.38,1.2,0.66,1,chiflado
chillido,shriek,1.87,1.38,2.8,1.35,1.93,1.26,3.33,1.18,1.67,1.32,1,chillido
chimpancé,chimpanzee,3.27,1.39,1.1,0.31,1.63,1.03,2.1,1.24,1.43,0.73,1,chimpance
china,china,2.07,1.14,1.43,0.9,1.47,0.78,1.5,0.97,1.2,0.76,1,china
chinche,bedbug,1.07,0.37,1.62,1.01,1.17,0.54,2.24,1.24,3.41,1.32,1,chinche
chincheta,tack,1.2,0.55,1.6,0.86,1.23,0.63,1.97,1.03,1.27,0.64,1,chincheta
chiste,joke,4.07,1.01,1.1,0.31,1.2,0.76,1.2,0.48,1.2,0.41,1,chiste
chocolate,chocolate,4.17,0.91,1.3,0.7,1.47,0.86,1.37,0.76,1.23,0.77,1,chocolate
chófer,driver,2.27,1.26,1.2,0.55,1.23,0.77,1.2,0.48,1.07,0.37,1,chofer
choque,crash,1.17,0.59,2.53,1.2,3.13,1.25,3.6,1.22,1.73,1.01,1,choque
chorizo,chorizo,2.3,1.24,1.17,0.46,1.1,0.31,1.1,0.4,1.67,1.03,1,chorizo
cicatriz,scar,1.25,0.7,2.21,1.34,2.5,1.32,2.18,1.39,2.5,1.26,1,cicatriz
ciclo,cycle,2.0,1.31,1.2,0.55,1.57,1.01,1.3,0.65,1.1,0.4,1,ciclo
ciclón,cyclone,1.07,0.25,1.83,1.23,2.73,1.48,3.93,1.39,1.37,0.81,1,ciclon
ciego,blind,1.1,0.31,1.6,1.13,3.63,1.27,2.07,1.55,1.1,0.55,3,ciego
cielo,heaven,4.07,0.91,1.03,0.18,1.93,1.2,1.97,1.25,1.0,0.0,1,cielo
ciempiés,roach,1.47,0.97,1.27,0.64,1.07,0.37,1.8,1.06,3.23,1.19,1,ciempies
cieno,slime,1.36,0.93,1.57,0.94,1.57,0.94,2.21,1.58,3.71,1.49,1,cieno
científica,scientific,2.53,1.43,1.3,0.65,1.2,0.48,1.83,1.15,1.33,0.84,1,cientifica
científico,scientist,3.4,1.61,1.37,0.96,1.37,0.89,1.27,0.64,1.2,0.81,3,cientifico
ciervo,deer,2.67,1.3,1.1,0.4,1.2,0.48,1.83,1.18,1.17,0.46,1,ciervo
cigarrillo,cigarette,1.83,1.21,2.6,1.54,2.83,1.58,2.77,1.43,3.53,1.63,1,cigarrillo
cigüeña,stork,2.83,1.34,1.1,0.55,1.17,0.46,1.47,0.94,1.33,0.76,1,ciguena
cinturón,belt,1.8,1.16,2.07,1.26,1.4,0.67,1.9,1.03,1.53,0.82,1,cinturon
circo,circus,3.2,1.52,1.23,0.63,1.93,1.36,1.4,0.81,1.6,1.22,1,circo
circulación,circulation,1.47,0.73,1.33,0.61,1.2,0.55,1.47,0.94,1.47,0.73,1,circulacion
círculo,circle,1.63,1.07,1.3,0.65,1.3,0.65,1.3,0.65,1.27,0.64,1,circulo
cirujano,surgeon,2.1,1.27,1.33,0.8,1.77,1.01,3.03,1.3,1.9,1.24,1,cirujano
cisne,swan,3.03,1.1,1.1,0.55,1.23,0.77,1.37,0.81,1.03,0.18,1,cisne
ciudad,city,2.5,1.38,1.57,0.97,1.63,0.96,1.7,0.95,1.43,0.9,1,ciudad
civilización,civilization,2.77,1.25,1.6,1.04,1.53,0.82,1.6,0.81,1.63,1.0,1,civilizacion
cliente,customer,3.33,1.58,1.33,0.76,1.07,0.25,1.37,0.76,1.13,0.57,1,cliente
clima,climate,2.53,1.14,1.7,1.02,2.0,1.11,1.93,1.28,1.63,1.07,1,clima
cobarde,coward,1.1,0.4,2.4,1.45,2.73,1.28,2.0,1.14,1.93,1.31,1,cobarde
cocaína,cocaine,1.03,0.18,2.7,1.53,3.0,1.53,3.5,1.33,3.7,1.21,1,cocaina
coche,car,2.87,1.38,1.4,0.93,1.23,0.68,1.83,1.18,1.17,0.46,1,coche
cochinilla,cochineal,1.61,0.99,1.07,0.38,1.21,0.57,1.18,0.48,2.21,1.26,1,cochinilla
cocina,cuisine,2.3,1.24,1.07,0.37,1.03,0.18,1.23,0.73,1.17,0.59,1,cocina
cocinero,cook,2.67,1.27,1.1,0.4,1.17,0.53,1.13,0.43,1.13,0.43,1,cocinero
coco,coconut,3.03,1.52,1.23,0.63,1.2,0.55,1.23,0.57,1.7,1.24,1,coco
cocodrilo,crocodile,1.33,0.84,1.4,0.86,1.13,0.43,3.8,1.1,1.8,1.1,1,cocodrilo
codicia,greed,1.07,0.37,3.2,1.37,2.8,1.42,1.93,1.2,2.93,1.46,1,codicia
código,code,1.5,0.94,1.53,0.9,1.4,0.86,1.67,1.03,1.23,0.68,1,codigo
codo,elbow,1.33,0.66,1.37,0.81,1.3,0.75,1.3,0.65,1.27,0.64,1,codo
coito,intercourse,3.73,1.39,1.27,0.69,1.17,0.46,1.37,0.61,1.2,0.41,1,coito
cojo,lame,1.13,0.51,1.33,0.61,2.7,1.06,1.47,0.78,1.2,0.48,3,cojo
cola,tail,1.5,1.11,1.63,1.03,1.43,0.97,1.13,0.43,1.23,0.63,1,cola
colaboración,collaboration,3.47,1.33,1.1,0.4,1.07,0.25,1.3,0.65,1.13,0.57,1,colaboracion
colapso,collapse,1.13,0.43,2.63,1.25,2.27,1.17,2.77,1.25,1.5,0.9,1,colapso
cólera,rage,1.0,0.0,3.97,1.38,2.57,1.19,2.5,1.57,2.2,1.42,1,colera
colibrí,hummingbird,2.83,1.23,1.13,0.43,1.1,0.4,1.2,0.48,1.33,0.84,1,colibri
collar,necklace,2.93,1.39,1.0,0.0,1.17,0.46,1.07,0.25,1.03,0.18,1,collar
colonia,colony,3.37,1.19,1.23,0.82,1.43,0.9,1.2,0.48,1.7,0.99,1,colonia
color,color,3.63,1.35,1.27,0.74,1.63,1.13,1.27,0.74,1.3,0.84,1,color
columna,column,1.17,0.53,1.2,0.61,1.1,0.4,1.37,0.93,1.07,0.37,1,columna
columpio,swing,3.87,0.9,1.07,0.25,1.13,0.43,1.43,0.73,1.07,0.37,1,columpio
coma,coma,1.17,0.46,1.5,1.04,2.13,1.61,2.0,1.41,1.07,0.25,1,coma
comadreja,weasel,1.93,1.23,1.2,0.55,1.27,0.58,1.87,0.9,1.77,1.01,1,comadreja
comadrona,midwife,2.83,1.42,1.45,1.02,1.45,1.02,2.1,1.52,1.72,1.07,1,comadrona
combinación,combination,1.97,0.96,1.4,0.67,1.4,0.72,1.6,0.72,1.47,0.78,1,combinacion
comedia,comedy,4.43,0.68,1.07,0.25,1.13,0.43,1.0,0.0,1.07,0.37,1,comedia
comedor,dining room,2.73,1.26,1.1,0.55,1.27,0.58,1.17,0.46,1.33,0.71,1,comedor
comer,eat,3.73,1.34,1.17,0.65,1.2,0.66,1.23,0.68,1.33,0.96,2,comer
comercio,trade,2.13,1.17,1.4,0.77,1.37,0.67,1.53,1.01,1.3,0.6,1,comercio
cometa,comet,3.43,1.1,1.1,0.31,1.3,0.65,1.47,0.97,1.03,0.18,1,cometa
comida,food,3.23,1.41,1.13,0.43,1.2,0.48,1.2,0.48,1.4,0.67,1,comida
comodidad,comfort,4.1,1.06,1.03,0.18,1.23,0.77,1.13,0.51,1.17,0.75,1,comodidad
compañero,partner,4.0,0.98,1.43,0.77,1.7,1.21,1.4,0.67,1.17,0.53,1,companero
compasión,compassion,1.97,1.33,1.57,0.77,2.8,1.3,1.23,0.43,1.2,0.48,1,compasion
complejo,complex,1.43,0.94,2.2,1.32,2.57,1.5,2.63,1.45,2.17,1.46,3,complejo
complicación,complication,1.57,0.94,2.83,1.29,2.93,1.14,3.43,1.33,1.87,1.2,1,complicacion
compositor,composer,3.27,1.31,1.27,0.83,1.37,0.72,1.23,0.77,1.2,0.76,1,compositor
compositora,composer,3.3,0.95,1.27,0.83,1.27,0.58,1.33,0.76,1.07,0.37,1,compositora
comprometido,engaged,2.73,1.44,1.27,0.78,1.33,0.84,1.93,0.98,1.1,0.4,1,comprometido
compromiso,commitment,2.73,1.2,1.53,1.17,1.7,1.32,2.57,1.36,1.43,1.01,1,compromiso
comunidad,community,2.37,1.27,1.23,0.57,1.17,0.38,1.47,0.73,1.1,0.31,1,comunidad
concentrado,concentrate,2.1,1.18,1.4,0.86,1.37,0.76,1.4,0.81,1.27,0.74,1,concentrado
concesionario,dealer,2.23,1.36,1.33,0.84,1.37,0.81,1.53,0.97,1.37,0.96,3,concesionario
conciencia,consciousness,3.0,1.2,1.87,1.33,2.17,1.37,2.03,1.19,1.73,1.23,1,conciencia
concurso,competition,3.6,1.25,1.53,1.04,1.43,0.86,2.63,1.35,1.2,0.48,1,concurso
conde,count,1.47,0.97,1.93,1.23,1.5,0.78,1.5,0.9,2.07,1.31,1,conde
condenado,condemned,1.27,0.69,2.37,1.13,3.03,1.47,2.93,1.44,1.67,1.06,1,condenado
condesa,countess,1.64,1.19,1.89,1.23,1.57,1.07,1.32,0.94,1.86,1.3,1,condesa
condición,condition,1.47,0.9,1.9,1.03,2.1,1.06,2.47,1.01,1.8,1.13,1,condicion
condón,condom,2.67,1.56,1.27,0.69,1.27,0.58,2.3,1.44,1.87,1.17,1,condon
conducto,duct,1.79,1.24,1.48,0.91,1.48,0.83,2.07,1.19,1.86,1.03,1,conducto
conductor,conductor,2.5,1.59,1.37,0.89,1.1,0.4,1.67,1.06,1.13,0.73,1,conductor
conejito,bunny,3.47,1.22,1.07,0.25,1.23,0.63,1.13,0.51,1.03,0.18,1,conejito
conejo,rabbit,3.53,1.25,1.1,0.31,1.1,0.4,1.3,0.65,1.3,0.84,1,conejo
conferencia,conference,2.03,1.25,1.33,0.76,1.3,0.7,1.53,0.9,1.47,0.94,1,conferencia
confianza,trust,4.23,1.14,1.27,0.64,1.2,0.55,1.63,1.13,1.33,0.84,1,confianza
confort,comfort,4.43,0.97,1.1,0.4,1.1,0.4,1.13,0.43,1.03,0.18,1,confort
confuso,confused,1.17,0.46,2.3,1.15,2.6,1.07,2.43,1.25,1.6,0.86,1,confuso
conjunto,set,2.47,1.22,1.2,0.55,1.3,0.75,1.47,0.82,1.07,0.25,3,conjunto
conjuro,spell,1.79,1.08,1.86,1.19,1.45,0.91,2.14,1.25,1.62,1.01,1,conjuro
conocimiento,knowledge,3.5,1.43,1.13,0.57,1.4,0.89,1.63,0.93,1.03,0.18,1,conocimiento
conquista,conquest,2.63,1.4,1.67,1.3,1.8,1.27,2.13,1.25,1.7,1.39,1,conquista
consejo,advice,3.37,0.96,1.47,0.78,1.63,0.76,2.37,1.22,1.37,0.67,1,consejo
conserje,janitor,1.5,0.9,1.27,0.69,1.53,0.86,1.3,0.6,1.27,0.69,1,conserje
considerado,thoughtful,3.57,1.22,1.2,0.48,1.2,0.55,1.37,0.76,1.07,0.37,1,considerado
consigna,locker,1.82,1.22,1.25,0.65,1.29,0.66,1.36,0.73,1.21,0.57,1,consigna
consolado,consoled,2.48,1.33,1.31,0.76,2.07,1.28,1.28,0.7,1.14,0.44,1,consolado
consolador,dildo,2.8,1.47,1.03,0.18,1.2,0.55,1.03,0.18,1.27,0.58,1,consolador
conspiración,conspiracy,1.53,0.82,3.07,1.34,2.43,1.25,3.37,1.27,2.2,1.32,1,conspiracion
contable,accountant,1.47,0.82,1.63,1.07,1.3,0.65,1.2,0.55,1.5,0.86,1,contable
contaminación,contamination,1.1,0.4,2.77,1.25,3.17,1.21,2.77,1.28,3.6,1.1,1,contaminacion
contaminar,pollute,1.13,0.57,3.73,1.31,3.77,1.22,3.43,1.38,3.9,1.21,1,contaminar
contenedor,container,1.33,0.88,1.27,0.58,1.43,1.07,1.3,0.7,3.5,1.2,1,contenedor
contenido,contents,1.53,1.04,1.27,0.78,1.27,0.69,1.3,0.75,1.2,0.66,1,contenido
contexto,context,1.47,0.78,1.27,0.64,1.33,0.71,1.67,0.99,1.27,0.69,1,contexto
contrariedad,contrariness,1.63,1.25,2.23,1.22,2.1,1.03,2.37,1.0,1.7,1.02,1,contrariedad
contrincante,opponent,1.67,0.84,2.6,1.33,1.7,0.95,2.47,1.01,1.7,1.15,1,contrincante
convencido,confident,2.9,1.27,1.23,0.63,1.47,1.01,1.43,1.07,1.17,0.46,1,convencido
convivir,live with,3.7,1.12,1.37,0.85,1.13,0.35,1.77,0.9,1.3,0.79,1,convivir
copa,glass,3.1,1.3,1.3,0.6,1.4,0.81,1.37,0.72,1.23,0.63,1,copa
coqueto,flirt,3.07,1.11,1.43,0.82,1.4,0.72,1.3,0.53,1.43,0.9,3,coqueto
coral,coral,2.97,1.63,1.17,0.59,1.3,0.79,1.27,0.74,1.13,0.35,1,coral
corazón,heart,3.43,1.41,1.4,1.0,1.73,1.2,1.57,1.04,1.37,0.93,1,corazon
corbata,tie,1.87,1.14,1.23,0.63,1.13,0.43,1.13,0.43,1.17,0.46,1,corbata
corcho,cork,1.55,1.15,1.07,0.37,1.1,0.41,1.14,0.52,1.17,0.54,1,corcho
cordero,lamb,2.11,1.23,1.04,0.19,1.25,0.65,1.14,0.45,1.21,0.5,1,cordero
corona,crown,2.2,1.4,1.7,1.26,1.33,0.71,1.4,0.93,1.8,1.35,1,corona
corrección,correction,2.07,1.17,1.97,1.19,1.7,0.95,1.97,1.19,1.77,1.07,1,correccion
corredor,runner,2.13,1.31,1.23,0.73,1.43,0.9,1.47,0.94,1.27,0.64,1,corredor
corredora,brokerage,2.57,1.3,1.23,0.68,1.03,0.18,1.23,0.57,1.0,0.0,1,corredora
correo,mail,2.33,1.42,1.23,0.73,1.3,0.79,1.33,0.76,1.07,0.37,1,correo
corrupto,corrupt,1.0,0.0,4.37,0.85,3.43,1.48,2.33,1.18,4.1,1.27,1,corrupto
corte,cut,1.03,0.18,1.63,1.22,1.6,0.93,2.47,1.53,2.37,1.59,1,corte
cortesía,politeness,3.21,0.82,1.17,0.38,1.07,0.26,1.31,0.76,1.31,0.81,1,cortesia
corteza,cortex,1.27,0.64,1.03,0.18,1.23,0.68,1.2,0.48,1.27,0.64,1,corteza
cortina,curtains,1.31,0.71,1.0,0.0,1.0,0.0,1.07,0.37,1.03,0.19,1,cortina
costa,coast,4.33,0.88,1.13,0.57,1.37,0.85,1.73,1.11,1.1,0.55,1,costa
costo,cost,1.4,1.0,1.5,0.82,1.53,0.97,1.7,1.09,1.43,0.82,1,costo
costumbre,custom,2.73,1.2,1.53,0.86,2.1,1.18,1.7,1.09,1.8,1.03,1,costumbre
cotilleo,gossip,1.97,1.16,1.97,1.33,1.63,1.19,1.63,1.07,2.07,1.34,1,cotilleo
cotorra,parrot,1.66,0.86,1.66,0.97,1.17,0.47,1.24,0.51,1.55,0.83,1,cotorra
cráneo,skull,1.5,0.97,1.13,0.43,1.3,0.79,1.43,0.82,1.67,1.09,1,craneo
creación,creation,3.2,1.13,1.2,0.48,1.23,0.63,1.8,0.92,1.1,0.4,1,creacion
creatividad,creativity,4.4,0.81,1.43,1.01,1.53,1.01,1.6,0.86,1.17,0.53,1,creatividad
crecimiento,growth,3.66,1.26,1.21,0.56,1.69,1.04,1.97,1.05,1.14,0.44,1,crecimiento
creencia,belief,2.43,1.22,1.8,1.13,2.1,1.21,2.33,1.12,1.83,1.18,1,creencia
crepe,pancakes,3.31,1.19,1.15,0.78,1.08,0.39,1.08,0.27,1.31,0.68,1,crepe
crepúsculo,twilight,2.4,1.3,1.13,0.51,1.7,1.02,1.53,0.78,1.1,0.4,1,crepusculo
criado,servant,1.27,0.58,1.37,0.81,2.33,1.09,1.07,0.37,1.13,0.51,1,criado
criatura,kids,2.67,1.49,1.3,0.79,1.5,0.9,2.2,1.16,1.67,1.12,1,criatura
crimen,crime,1.03,0.18,3.63,1.33,3.53,1.43,3.77,1.28,2.73,1.53,1,crimen
criminal,criminal,1.07,0.37,3.33,1.35,2.53,1.33,3.57,1.3,2.83,1.42,1,criminal
cristal,crystal,1.47,0.73,1.13,0.35,1.2,0.48,1.63,0.81,1.1,0.4,1,cristal
criterio,criterion,1.73,0.74,1.4,0.62,1.27,0.45,1.7,0.99,1.17,0.38,1,criterio
crucero,cruise,3.97,1.3,1.0,0.0,1.03,0.18,2.3,1.24,1.07,0.25,1,crucero
crucificar,crucify,1.1,0.4,3.57,1.52,3.43,1.43,3.53,1.36,2.97,1.5,2,crucificar
crucifijo,crucifix,1.5,1.07,1.57,1.01,1.83,1.23,2.03,1.33,1.5,0.97,1,crucifijo
crucifixión,crucifixion,1.22,0.8,2.48,1.6,3.0,1.44,3.22,1.45,3.07,1.57,1,crucifixion
cruel,cruel,1.07,0.25,3.73,1.34,3.5,1.41,3.37,1.43,3.23,1.43,1,cruel
crueldad,cruelty,1.0,0.0,4.5,0.82,4.37,0.72,3.67,1.21,3.6,1.33,1,crueldad
cruz,cross,1.23,0.63,1.2,0.48,1.83,1.29,1.43,0.82,1.33,0.84,1,cruz
cuaderno,notebook,2.4,1.35,1.53,0.94,1.67,1.03,1.47,0.86,1.27,0.78,1,cuaderno
cuadrado,square,1.1,0.55,1.0,0.0,1.0,0.0,1.0,0.0,1.0,0.0,3,cuadrado
cuadro,box,2.87,1.41,1.5,0.78,1.73,0.94,1.43,0.73,1.33,0.92,1,cuadro
cuarto,room,2.17,1.29,1.17,0.38,1.43,0.77,1.47,0.86,1.23,0.68,3,cuarto
cubo,cube,1.63,1.1,1.13,0.51,1.17,0.53,1.2,0.61,1.33,0.71,1,cubo
cuchara,spoon,1.47,0.82,1.03,0.18,1.13,0.43,1.03,0.18,1.43,1.01,1,cuchara
cuchillo,knife,1.3,0.84,2.07,1.41,1.73,1.17,3.27,1.28,1.27,0.58,1,cuchillo
cuenco,bowl,1.3,0.6,1.1,0.4,1.17,0.53,1.13,0.51,1.13,0.51,1,cuenco
cuerda,rope,1.5,0.82,1.33,0.8,1.4,0.72,1.47,0.73,1.23,0.63,1,cuerda
cuerpo,body,2.3,1.37,1.23,0.57,1.4,0.77,1.37,0.61,1.23,0.57,1,cuerpo
cuervo,crow,1.73,1.36,1.57,1.04,2.23,1.38,2.17,1.09,1.63,0.93,1,cuervo
cuestión,question,1.37,0.49,1.2,0.48,1.27,0.52,1.6,0.86,1.0,0.0,1,cuestion
cueva,cave,1.53,0.73,1.27,0.64,1.6,0.93,3.07,1.36,1.6,0.97,1,cueva
culebra,snake,1.3,0.6,1.83,1.18,1.33,0.66,3.83,1.12,3.33,1.24,1,culebra
culpa,fault,1.07,0.37,2.67,1.56,3.4,1.28,2.73,1.53,1.8,1.3,1,culpa
culpabilidad,guilt,1.0,0.0,2.43,1.43,3.63,1.03,2.67,1.06,1.77,1.17,1,culpabilidad
culpable,guilty,1.1,0.55,3.4,1.22,3.53,1.11,2.7,1.47,2.43,1.48,1,culpable
cumpleaños,birthday,3.97,1.13,1.17,0.46,1.73,1.01,1.7,0.99,1.23,0.68,1,cumpleanos
cura,priest,2.5,1.81,1.77,1.33,1.8,1.4,1.8,1.35,1.93,1.28,1,cura
curación,healing,3.7,1.34,1.33,0.55,1.9,1.3,1.93,1.2,1.47,0.9,1,curacion
curandera,healer,2.45,1.33,1.45,0.83,1.45,0.74,2.1,1.18,1.66,1.01,1,curandera
curandero,healer,2.43,1.22,1.47,0.94,1.43,0.68,2.2,1.03,1.67,1.03,1,curandero
curar,heal,3.93,1.11,1.2,0.48,1.37,0.76,1.77,1.1,1.53,0.94,1,curar
curioso,curious,2.47,1.33,1.17,0.53,1.1,0.4,1.5,0.97,1.1,0.4,1,curioso
curso,course,2.83,1.05,1.3,0.53,1.5,0.82,2.23,1.07,1.33,0.61,1,curso
daga,dagger,1.32,0.77,2.11,1.29,1.93,1.21,3.0,1.33,1.32,0.67,1,daga
dama,lady,2.33,1.42,1.2,0.55,1.17,0.46,1.03,0.18,1.1,0.4,1,dama
daño,damage,1.03,0.18,3.6,1.04,3.9,1.16,3.73,1.11,2.63,1.47,1,dano
dardo,dart,1.83,1.23,1.6,0.86,1.17,0.53,2.03,0.89,1.13,0.73,1,dardo
débil,feeble,1.07,0.25,2.07,1.14,3.1,1.3,2.47,1.17,1.37,0.76,1,debil
decadencia,decline,1.3,0.84,2.13,1.46,3.8,1.21,2.17,1.29,2.13,1.28,1,decadencia
decepcionar,disappoint,1.0,0.0,3.53,1.36,4.33,0.84,3.37,1.3,2.9,1.52,2,decepcionar
declive,decline,1.0,0.0,2.18,1.39,3.04,1.26,2.86,1.3,1.54,0.96,1,declive
decorador,decorator,2.2,1.32,1.0,0.0,1.03,0.18,1.0,0.0,1.0,0.0,1,decorador
decorar,decorate,4.0,1.11,1.17,0.59,1.07,0.37,1.13,0.35,1.0,0.0,2,decorar
dedicado,addicted,2.67,1.24,1.03,0.18,1.23,0.68,1.27,0.83,1.13,0.57,1,dedicado
dedo,finger,1.4,0.77,1.13,0.43,1.13,0.43,1.1,0.4,1.17,0.46,1,dedo
defecto,defect,1.2,0.61,2.5,1.36,3.2,1.3,2.4,1.33,2.1,1.35,1,defecto
defendido,sheltered,2.4,1.3,1.53,0.78,1.37,0.67,1.47,0.94,1.17,0.46,1,defendido
deforme,deformed,1.23,0.43,1.73,1.01,3.33,1.09,2.47,1.14,2.5,1.22,1,deforme
degeneración,degeneration,1.23,0.68,2.47,1.59,2.9,1.49,2.87,1.59,2.43,1.45,1,degeneracion
degradación,degradation,1.17,0.46,3.03,1.45,3.43,1.14,2.9,1.47,2.67,1.49,1,degradacion
delantal,smock,2.03,1.3,1.0,0.0,1.2,0.66,1.13,0.57,1.27,0.58,1,delantal
deleite,delight,3.8,1.06,1.17,0.53,1.13,0.43,1.23,0.73,1.17,0.59,1,deleite
delicado,gentle,2.23,1.22,1.4,0.89,2.0,1.29,2.47,1.41,1.23,0.77,1,delicado
delincuente,criminal,1.0,0.0,3.03,1.33,2.33,1.37,3.4,1.25,1.8,1.19,1,delincuente
delirio,delirium,1.3,0.6,1.8,1.16,2.37,1.16,3.1,1.24,1.37,0.93,1,delirio
demente,insane,1.17,0.46,1.73,1.11,3.13,1.07,2.67,1.32,1.37,0.85,1,demente
demonio,demon,1.13,0.43,2.73,1.64,2.1,1.37,3.5,1.46,2.53,1.48,1,demonio
dentista,dentist,1.17,0.38,1.5,1.01,1.37,0.93,2.9,1.37,1.9,1.3,1,dentista
dependienta,clerk,1.8,0.89,1.27,0.69,1.2,0.48,1.3,0.6,1.2,0.48,1,dependienta
deportes,athletics,3.2,1.47,1.4,0.77,1.13,0.43,1.2,0.55,1.0,0.0,1,deportes
deportista,athlete,3.4,1.28,1.47,0.94,1.23,0.5,1.43,0.82,1.3,0.75,1,deportista
depresión,depression,1.03,0.18,1.77,1.07,4.6,0.67,3.27,1.55,1.27,0.83,1,depresion
deprimido,depressed,1.13,0.43,2.07,1.05,4.53,0.78,3.07,1.34,1.63,1.03,1,deprimido
derecha,right,1.4,0.86,1.5,1.01,1.43,0.94,1.3,0.75,1.43,1.17,1,derecha
desafío,challenge,2.7,1.24,1.97,1.22,1.4,0.77,3.07,1.14,1.07,0.25,1,desafio
desagrado,displeased,1.0,0.0,2.6,1.35,2.63,1.33,1.93,1.17,3.3,1.37,1,desagrado
desagüe,drain,1.1,0.4,1.27,0.87,1.23,0.68,1.23,0.68,3.8,1.06,1,desague
desahogo,relief,2.93,1.33,1.83,1.44,2.38,1.45,2.03,1.3,1.55,0.95,1,desahogo
desanimado,discouraged,1.03,0.18,1.77,1.07,3.9,1.09,2.0,1.2,1.23,0.68,1,desanimado
desánimo,despondency,1.03,0.18,2.23,1.38,3.97,1.4,2.63,1.27,1.8,0.96,1,desanimo
desaparecer,disappear,1.73,1.2,2.47,1.36,3.47,1.36,3.63,1.25,1.73,1.14,2,desaparecer
desaparición,disappearance,1.1,0.4,2.77,1.43,4.17,0.91,4.03,1.19,1.87,1.25,1,desaparicion
desastre,disaster,1.03,0.18,2.17,1.23,3.27,1.31,3.07,1.51,1.33,0.8,1,desastre
desatascador,plunger,1.4,1.0,1.33,0.84,1.23,0.82,1.27,0.83,3.23,1.36,1,desatascador
descanso,vacation,4.17,1.09,1.07,0.37,1.2,0.66,1.07,0.25,1.03,0.18,1,descanso
descenso,decrease,1.77,1.04,2.3,1.44,2.67,1.32,2.77,1.14,1.5,0.9,1,descenso
descomposición,decompose,1.1,0.4,1.47,0.94,1.83,1.32,2.03,1.35,3.87,1.2,1,descomposicion
desconfianza,distrust,1.03,0.18,2.53,1.41,3.07,1.26,2.83,1.05,2.17,1.42,1,desconfianza
desconsuelo,grief,1.23,0.77,2.43,1.33,3.87,1.28,2.73,1.31,1.83,1.21,1,desconsuelo
descontento,discontent,1.0,0.0,2.43,1.19,3.5,1.14,2.17,1.18,1.93,1.2,1,descontento
desdén,scorn,1.0,0.0,2.14,1.28,2.18,1.1,1.68,1.13,1.73,1.03,1,desden
desdeñoso,scornful,1.31,0.88,2.15,1.08,2.23,1.31,1.42,0.86,2.19,1.41,1,desdenoso
desenfadado,nonchalant,2.52,1.27,1.28,0.8,1.03,0.19,1.1,0.56,1.0,0.0,3,desenfadado
deseo,wish,4.3,1.06,1.1,0.31,1.47,0.9,1.9,1.21,1.0,0.0,1,deseo
desertor,deserter,1.08,0.4,2.24,1.54,2.04,1.31,2.08,1.47,1.8,1.08,1,desertor
desesperado,despairing,1.0,0.0,2.7,1.34,3.27,1.36,2.83,1.62,1.33,0.8,1,desesperado
desgaste,wear,1.27,0.58,1.6,0.97,2.33,0.92,1.77,0.9,1.23,0.5,1,desgaste
desigualdad,inequality,1.07,0.25,3.8,1.32,4.0,1.2,2.77,1.43,3.57,1.41,1,desigualdad
desleal,disloyal,1.03,0.18,3.57,1.45,3.3,1.51,2.5,1.59,2.53,1.59,1,desleal
deslumbramiento,dazzle,1.73,1.08,1.6,1.1,1.3,0.79,1.97,1.16,1.1,0.31,1,deslumbramiento
desnudo,nude,2.3,1.39,1.03,0.18,1.03,0.18,1.5,1.01,1.37,0.72,1,desnudo
desolación,desolation,1.1,0.4,2.2,1.32,3.77,1.25,2.93,1.36,1.63,1.16,1,desolacion
desordenado,messy,1.07,0.37,2.13,1.17,1.83,1.15,1.23,0.57,2.27,1.31,1,desordenado
despedazar,mangle,1.07,0.37,2.55,1.48,2.28,1.33,3.17,1.54,3.17,1.34,2,despedazar
desperdicio,waste,1.03,0.18,2.47,1.46,2.8,1.56,1.6,0.97,2.8,1.49,1,desperdicio
despilfarro,waste,2.61,1.64,2.25,1.27,2.46,1.26,2.39,1.34,2.07,1.36,1,despilfarro
despreciar,despise,1.03,0.18,3.3,1.34,3.07,1.34,2.1,1.3,2.93,1.46,1,despreciar
despreocupado,carefree,2.27,1.36,1.83,1.18,1.37,0.67,1.37,0.67,1.2,0.66,1,despreocupado
destino,destiny,2.7,1.12,1.47,0.78,1.9,0.92,2.83,1.26,1.27,0.58,1,destino
destornillador,screwdriver,1.33,0.76,1.3,0.75,1.17,0.46,1.43,0.86,1.2,0.55,1,destornillador
destreza,skill,3.23,1.14,1.33,0.84,1.33,0.71,1.3,0.53,1.1,0.31,1,destreza
destrucción,destruction,1.07,0.37,3.43,1.45,3.93,1.11,3.57,1.25,1.83,1.26,1,destruccion
destruir,destroy,1.07,0.25,3.7,1.32,3.77,1.17,3.63,1.16,2.53,1.46,1,destruir
desván,attic,1.87,1.07,1.17,0.75,1.73,1.11,2.47,1.33,1.7,0.95,1,desvan
desventaja,handicap,1.17,0.53,2.77,1.59,2.6,1.4,2.37,1.38,1.27,0.69,1,desventaja
desvestido,naked,2.34,1.29,1.17,0.47,1.24,0.64,1.31,0.6,1.45,0.74,2,desvestido
desviación,deviation,1.66,1.11,1.72,0.96,1.59,0.87,1.72,1.0,1.69,1.0,1,desviacion
detalle,detail,3.13,1.38,1.1,0.4,1.27,0.74,1.3,0.7,1.07,0.37,1,detalle
detergente,detergent,1.6,1.07,1.07,0.25,1.17,0.46,1.3,0.7,1.47,0.97,1,detergente
deterioro,deterioration,1.07,0.25,2.0,1.36,3.37,1.13,2.73,1.28,2.27,1.26,1,deterioro
detestar,detest,1.13,0.57,2.83,1.39,2.1,1.21,1.7,1.09,2.33,1.37,2,detestar
deuda,debt,1.0,0.0,2.6,1.45,2.73,1.48,2.67,1.47,1.8,1.32,1,deuda
devoto,devoted,1.4,0.71,1.52,1.16,1.6,1.12,1.68,1.18,1.52,1.05,1,devoto
diablo,devil,1.17,0.65,2.43,1.36,1.57,1.01,2.83,1.53,1.8,1.32,1,diablo
diadema,diadem,2.1,1.24,1.0,0.0,1.13,0.57,1.0,0.0,1.0,0.0,1,diadema
diamante,diamond,3.43,1.41,1.07,0.25,1.07,0.25,1.07,0.25,1.1,0.31,1,diamante
diario,daily,2.67,1.32,1.5,1.07,2.1,1.18,1.53,1.07,1.4,0.97,1,diario
diccionario,dictionary,1.5,0.97,1.3,0.95,1.17,0.53,1.17,0.53,1.47,1.11,1,diccionario
dicha,bliss,3.57,1.57,1.27,0.64,1.1,0.4,1.3,0.84,1.1,0.4,1,dicha
dictador,dictator,1.03,0.18,4.1,1.03,3.03,1.43,3.37,1.19,3.9,1.35,1,dictador
diente,tooth,1.6,1.04,1.23,0.57,1.23,0.63,1.6,0.93,1.77,0.77,1,diente
dieta,diet,1.57,1.07,1.67,1.18,1.7,0.99,1.6,1.1,1.5,0.9,1,dieta
diferencia,difference,1.77,1.17,1.33,0.61,1.8,0.92,1.93,1.05,1.43,0.94,1,diferencia
dificultar,hinder,1.2,0.55,2.6,1.19,2.47,1.31,2.73,1.34,1.8,1.21,2,dificultar
difunto,deceased,1.0,0.0,2.4,1.52,4.47,1.17,3.4,1.48,1.8,1.21,3,difunto
difusión,diffusion,1.57,0.86,1.57,0.73,1.57,0.82,1.73,1.01,1.47,0.73,1,difusion
dignidad,dignity,3.17,1.46,1.73,1.26,1.73,1.14,1.77,1.04,1.5,0.97,1,dignidad
digno,dignified,3.5,1.5,1.11,0.42,1.11,0.31,1.29,0.71,1.04,0.19,1,digno
dinámica,dynamics,2.67,1.27,1.07,0.25,1.03,0.18,1.2,0.61,1.07,0.25,1,dinamica
dinero,money,3.73,1.23,2.07,1.28,2.17,1.34,2.07,1.17,2.1,1.3,1,dinero
dios,god,2.0,1.41,1.43,1.1,1.5,1.17,1.63,1.16,1.73,1.46,1,dios
diosa,goddess,3.03,1.25,1.43,1.01,1.27,0.74,1.6,1.16,1.33,0.96,1,diosa
diploma,diploma,3.63,1.56,1.17,0.46,1.3,0.65,1.47,0.9,1.13,0.51,1,diploma
diputada,deputy,1.2,0.76,2.97,1.27,1.7,1.09,1.37,0.76,2.4,1.25,1,diputada
director,director,1.53,0.73,1.77,0.94,1.37,0.72,1.97,1.03,1.7,1.12,1,director
directora,director,2.23,1.38,1.77,1.17,1.03,0.18,1.97,1.19,1.27,0.78,1,directora
disco,disk,3.93,1.05,1.0,0.0,1.7,0.99,1.07,0.37,1.03,0.18,1,disco
discusión,discussion,1.28,0.59,3.38,1.12,2.83,1.14,2.24,1.18,1.76,1.09,1,discusion
diseñador,designer,2.3,1.32,1.13,0.35,1.2,0.55,1.03,0.18,1.13,0.57,1,disenador
diseñadora,designer,3.13,1.5,1.13,0.43,1.1,0.4,1.3,0.92,1.07,0.25,1,disenadora
diseño,design,2.43,1.14,1.3,0.65,1.4,0.77,1.33,0.71,1.3,0.65,1,diseno
disertación,dissertation,1.5,0.86,1.83,1.38,1.83,1.2,2.33,1.46,2.0,1.46,1,disertacion
disgustado,upset,1.13,0.57,2.5,1.2,3.6,1.33,2.1,1.16,1.77,1.04,1,disgustado
disgusto,disgust,1.0,0.0,3.27,1.34,4.13,1.2,3.2,1.52,2.27,1.46,1,disgusto
disminución,decrease,1.47,0.68,2.0,1.17,2.33,1.21,2.17,1.05,1.67,0.96,1,disminucion
disminuido,decreased,1.47,0.97,1.37,0.72,2.87,1.43,1.8,1.13,1.1,0.4,1,disminuido
disparate,nonsense,2.37,1.27,1.97,1.1,1.57,0.97,1.57,0.94,1.27,0.64,1,disparate
distante,aloof,1.1,0.31,1.93,1.2,3.53,1.11,2.67,1.32,1.4,0.86,1,distante
distorsión,distortion,1.31,0.6,1.97,1.05,2.0,1.07,2.55,1.12,1.83,1.1,1,distorsion
distrito,district,1.63,0.85,1.3,0.75,1.33,0.8,1.53,0.9,1.3,0.75,1,distrito
disturbio,riot,1.5,0.78,2.37,1.3,1.93,1.14,2.6,1.38,1.5,0.9,1,disturbio
diversión,fun,4.53,0.86,1.17,0.59,1.07,0.25,1.27,0.52,1.03,0.18,1,diversion
divinidad,divinity,2.47,1.36,2.03,1.3,1.73,1.05,2.1,1.16,1.73,1.2,1,divinidad
división,division,1.43,0.73,1.7,1.12,2.3,1.21,1.97,1.1,1.57,0.97,1,division
divorciado,divorced,1.17,0.46,1.57,0.97,3.43,1.25,1.4,0.89,1.3,0.65,1,divorciado
divorcio,divorce,1.37,0.67,2.9,1.4,4.0,1.08,3.4,1.35,1.77,1.36,1,divorcio
doctor,doctor,1.93,1.23,1.37,0.85,1.7,1.12,2.07,1.23,1.23,0.5,1,doctor
doctora,doctor,2.23,1.28,1.2,0.55,1.33,0.66,2.27,1.05,1.1,0.31,1,doctora
documento,document,1.63,0.89,1.17,0.46,1.33,0.61,1.27,0.58,1.17,0.38,1,documento
dólar,dollar,2.73,1.48,1.43,1.04,1.63,1.25,1.37,1.03,1.43,1.04,1,dolar
dolencia,illness,1.0,0.0,2.18,1.36,3.61,1.2,2.86,1.24,1.71,1.12,1,dolencia
dolor,pain,1.03,0.18,2.77,1.33,3.83,1.23,3.63,1.4,1.77,1.25,1,dolor
dorada,golden,2.73,1.34,1.23,0.68,1.2,0.66,1.2,0.48,1.2,0.55,1,dorada
dormir,sleep,3.4,1.25,1.03,0.18,1.37,0.93,1.13,0.43,1.03,0.18,2,dormir
dormitorio,room,3.3,1.42,1.27,0.83,1.53,1.01,1.63,1.1,1.07,0.37,1,dormitorio
dramatismo,drama,1.34,0.86,2.17,1.28,3.17,1.51,2.0,1.39,1.66,1.2,1,dramatismo
drogadicta,junkie,1.03,0.18,2.13,1.07,3.53,1.36,2.67,1.18,2.37,1.27,1,drogadicta
dromedario,dromedary,2.4,1.45,1.1,0.4,1.1,0.4,1.63,1.1,1.4,0.81,1,dromedario
duda,doubt,1.27,0.58,2.5,1.28,2.57,1.07,3.5,1.07,1.47,0.9,1,duda
dudar,doubt,1.33,0.71,2.13,1.22,2.77,1.43,3.27,1.34,1.6,1.07,2,dudar
duelo,duel,1.6,0.77,2.57,1.19,2.2,1.21,2.9,1.35,1.7,0.99,1,duelo
dureza,hardness,1.4,0.89,1.93,1.17,2.1,0.96,2.13,1.07,1.33,0.66,1,dureza
duro,hard,1.37,0.93,1.97,1.33,1.67,1.03,1.83,1.23,1.4,0.97,3,duro
echar,throw,1.21,0.49,2.0,1.16,2.21,1.24,1.97,1.18,1.69,0.93,1,echar
ecologista,ecologist,3.57,1.36,1.2,0.41,1.53,1.11,1.17,0.46,1.07,0.37,1,ecologista
edificio,building,1.53,0.97,1.13,0.43,1.27,0.69,1.23,0.57,1.1,0.4,1,edificio
editora,editor,2.63,1.45,1.33,0.71,1.3,0.7,1.53,0.82,1.2,0.61,1,editora
educación,education,3.67,1.27,1.77,1.01,1.4,0.77,1.53,0.86,1.23,0.68,1,educacion
educador,educator,2.67,1.12,1.4,0.77,1.37,0.76,1.33,0.76,1.33,0.84,1,educador
educadora,educator,2.93,1.34,1.4,0.72,1.2,0.48,1.3,0.65,1.2,0.61,1,educadora
efectividad,effectiveness,3.47,1.01,1.07,0.25,1.13,0.43,1.33,0.76,1.0,0.0,1,efectividad
efectivo,cash,3.07,1.39,1.17,0.53,1.23,0.68,1.43,0.82,1.03,0.18,3,efectivo
efecto,effect,2.2,1.1,1.5,0.78,1.6,0.86,1.8,0.92,1.27,0.58,1,efecto
egoísmo,selfishness,1.13,0.43,3.27,1.34,3.27,1.23,2.3,1.37,3.23,1.41,1,egoismo
egoísta,selfish,1.17,0.46,3.47,1.41,2.97,1.19,1.93,1.31,2.9,1.52,1,egoista
ejecución,execution,1.27,0.74,3.3,1.49,3.67,1.49,3.93,1.28,2.83,1.53,1,ejecucion
ejecutivo,executive,1.7,0.95,1.5,0.86,1.4,0.86,1.47,0.9,1.43,0.73,3,ejecutivo
ejemplar,exemplary,1.87,1.2,1.13,0.57,1.07,0.37,1.1,0.4,1.03,0.18,1,ejemplar
ejemplo,instance,1.8,1.13,1.33,0.88,1.27,0.64,1.33,0.8,1.2,0.61,1,ejemplo
ejercicio,exercise,3.37,1.56,1.4,1.0,1.23,0.63,1.23,0.68,1.07,0.37,1,ejercicio
ejército,army,1.43,0.94,2.23,1.14,2.4,1.19,3.1,1.18,1.7,0.99,1,ejercito
electricidad,electricity,2.3,1.06,1.67,0.96,1.33,0.71,2.1,0.99,1.37,0.76,1,electricidad
electrodoméstico,appliance,1.33,1.03,1.33,0.92,1.03,0.18,1.17,0.65,1.17,0.65,1,electrodomestico
elefante,elephant,2.83,1.44,1.37,1.03,1.53,1.2,1.6,1.0,1.1,0.31,1,elefante
elegante,elegant,3.37,1.0,1.33,0.61,1.17,0.38,1.2,0.48,1.2,0.48,1,elegante
eliminación,elimination,1.37,0.72,2.27,1.11,2.87,0.94,2.6,1.04,1.3,0.65,1,eliminacion
elogio,praise,3.93,0.98,1.4,0.86,1.23,0.77,1.47,0.94,1.4,0.86,1,elogio
embajada,embassy,1.73,1.26,1.3,0.47,1.33,0.88,1.53,1.01,1.4,0.77,1,embajada
embarazada,pregnant,3.8,1.32,1.07,0.37,1.47,1.01,2.3,1.29,1.03,0.18,1,embarazada
embarazo,pregnancy,3.67,1.4,1.17,0.46,1.4,0.89,2.8,1.35,1.3,0.6,1,embarazo
emoción,emotion,3.77,1.25,2.67,1.4,2.97,1.45,2.83,1.42,2.5,1.43,1,emocion
emperador,emperor,1.27,0.52,2.03,1.22,1.7,1.09,2.0,1.31,1.9,1.3,1,emperador
emperatriz,empress,1.87,1.25,1.13,0.35,1.13,0.35,1.13,0.35,1.1,0.31,1,emperatriz
empleo,employment,3.77,1.28,1.33,0.71,1.73,1.23,2.7,1.37,1.23,0.68,1,empleo
empresaria,businesswoman,2.4,1.13,1.6,1.04,1.53,0.97,1.57,0.97,1.43,0.86,1,empresaria
empresario,entrepreneur,1.77,0.94,1.6,1.0,1.43,0.86,1.57,1.01,1.47,1.04,1,empresario
enamorado,valentine,4.7,0.6,1.3,0.7,1.4,0.77,2.1,1.32,1.07,0.25,1,enamorado
encaje,lace,2.31,1.31,1.21,0.56,1.21,0.56,1.34,0.72,1.17,0.54,1,encaje
encanto,charm,3.5,1.22,1.17,0.53,1.07,0.37,1.0,0.0,1.03,0.18,1,encanto
encargado,manager,1.77,1.14,1.5,0.86,1.3,0.7,1.5,0.9,1.2,0.48,3,encargado
enchufe,plug,1.27,0.64,1.33,0.88,1.3,0.75,2.07,1.2,1.23,0.82,1,enchufe
encuentro,find,3.6,1.13,1.4,0.81,1.6,0.97,2.17,1.18,1.2,0.48,1,encuentro
enemigo,enemy,1.2,0.55,3.73,1.17,2.37,1.33,2.53,1.14,2.8,1.56,1,enemigo
enérgico,vigorous,4.0,1.2,1.57,1.07,1.1,0.31,1.17,0.38,1.07,0.25,3,energico
enfadado,angry,1.0,0.0,3.9,1.16,2.7,1.26,2.27,1.26,1.53,0.94,1,enfadado
enfado,anger,1.1,0.31,3.83,1.44,3.07,1.44,2.57,1.5,1.93,1.23,1,enfado
enfermedad,sickness,1.0,0.0,2.93,1.44,4.14,1.11,3.96,1.37,2.43,1.32,1,enfermedad
enfermera,nurse,2.87,1.48,1.23,0.57,1.37,0.67,1.93,1.34,1.17,0.46,1,enfermera
enfermero,nurse,2.1,1.35,1.37,0.96,2.07,1.46,2.4,1.61,1.63,1.03,1,enfermero
enfermo,sick,1.03,0.18,2.1,1.45,4.23,0.9,3.23,1.45,1.7,1.32,3,enfermo
enfurecido,enraged,1.03,0.18,4.17,1.23,2.5,1.33,3.0,1.23,1.37,0.61,1,enfurecido
engaño,deceit,1.0,0.0,4.07,1.21,3.93,1.12,3.18,1.61,3.21,1.47,1,engano
engreído,disdainful,1.1,0.31,2.9,1.47,2.0,1.26,1.43,0.9,2.93,1.46,1,engreido
enigma,enigma,2.13,1.2,1.43,0.97,1.27,0.58,2.37,1.19,1.17,0.59,1,enigma
enmienda,amendment,1.77,1.02,1.36,0.73,1.41,0.8,1.41,0.67,1.27,0.63,1,enmienda
enredo,tangle,1.07,0.37,1.87,1.2,1.77,0.94,1.8,1.03,1.73,1.17,1,enredo
ensalada,salad,2.5,1.41,1.07,0.37,1.07,0.37,1.07,0.37,1.13,0.51,1,ensalada
enterrador,undertaker,1.07,0.25,1.33,0.84,3.03,1.33,2.57,1.1,2.07,1.2,1,enterrador
entierro,burial,1.13,0.43,3.03,1.47,4.77,0.57,3.63,1.4,1.6,1.3,1,entierro
entorno,environment,2.3,1.12,1.73,0.91,1.8,0.89,1.87,0.94,1.67,0.84,1,entorno
entrometido,busybody,1.07,0.37,2.6,1.19,1.5,0.97,1.4,0.97,1.83,1.12,1,entrometido
entusiasmo,excitement,4.37,1.1,1.13,0.43,1.23,0.77,1.43,0.86,1.07,0.37,1,entusiasmo
episodio,episode,2.93,1.2,1.37,0.81,1.73,0.98,1.77,1.19,1.13,0.43,1,episodio
época,time,2.07,1.11,1.5,0.78,2.2,1.24,1.67,0.99,1.37,0.72,1,epoca
erección,erection,3.33,1.56,1.0,0.0,1.0,0.0,1.07,0.37,1.27,0.64,1,ereccion
erizo,hedgehog,2.55,1.4,1.0,0.0,1.0,0.0,1.38,0.73,1.03,0.19,1,erizo
erótico,erotic,3.2,1.3,1.2,0.81,1.2,0.81,1.23,0.63,1.27,0.74,3,erotico
error,mistake,1.13,0.57,3.0,1.44,2.97,1.3,2.53,1.43,1.33,0.76,1,error
erudito,scholar,3.0,1.35,1.36,0.79,1.18,0.5,1.45,1.01,1.41,1.1,1,erudito
escala,scale,1.3,0.75,1.3,0.6,1.17,0.46,1.33,0.66,1.2,0.48,1,escala
escándalo,scandal,1.7,1.12,2.73,1.2,2.17,1.05,2.63,1.25,1.87,1.22,1,escandalo
escaparate,showcase,2.53,1.22,1.1,0.31,1.23,0.57,1.17,0.53,1.23,0.57,1,escaparate
escarabajo,beetle,1.33,0.61,1.33,0.96,1.17,0.59,2.07,1.41,2.97,1.5,1,escarabajo
escasez,scarcity,1.03,0.19,2.59,1.43,3.66,1.23,3.0,1.13,2.17,1.34,1,escasez
escena,scene,2.53,1.46,1.7,0.99,1.87,1.07,1.9,1.06,1.63,1.03,1,escena
escenario,stage,2.93,1.36,1.2,0.66,1.2,0.48,1.83,1.02,1.03,0.18,1,escenario
escéptico,skeptical,1.72,0.96,2.0,1.1,1.86,0.79,1.83,0.97,1.79,1.21,1,esceptico
esclavo,slave,1.03,0.18,3.57,1.36,4.23,1.07,2.7,1.62,1.87,1.46,1,esclavo
escoba,broom,1.23,0.63,1.1,0.4,1.03,0.18,1.07,0.37,1.4,0.93,1,escoba
esconder,hide,1.23,0.63,1.87,1.22,1.8,1.06,2.17,1.49,1.27,0.74,2,esconder
escopeta,shotgun,1.23,0.82,2.8,1.37,2.33,1.06,3.63,1.3,2.07,1.39,1,escopeta
escorbuto,scurvy,1.0,0.0,1.38,1.02,2.0,1.51,2.63,1.5,3.19,1.76,1,escorbuto
escoria,scum,1.03,0.18,2.73,1.39,1.9,1.16,1.7,0.99,2.9,1.32,1,escoria
escorpión,scorpion,1.17,0.59,1.67,0.99,1.53,0.97,3.8,1.13,3.3,1.58,1,escorpion
escote,cleavage,1.83,1.12,1.13,0.43,1.13,0.35,1.13,0.43,1.47,0.94,1,escote
escritor,writer,2.57,1.38,1.33,0.84,1.97,1.38,1.3,0.79,1.1,0.31,1,escritor
escritora,writer,3.23,1.07,1.23,0.57,1.47,0.82,1.23,0.57,1.1,0.31,1,escritora
escudo,shield,1.8,0.96,1.7,1.15,1.73,1.17,1.9,1.21,1.23,0.57,1,escudo
escuela,school,3.07,1.01,1.7,1.15,2.03,0.85,1.83,1.12,1.3,0.6,1,escuela
escultor,sculptor,2.57,1.33,1.0,0.0,1.0,0.0,1.0,0.0,1.0,0.0,1,escultor
escultora,sculptor,2.47,1.14,1.1,0.31,1.23,0.5,1.13,0.43,1.2,0.55,1,escultora
esfera,sphere,1.67,0.99,1.23,0.57,1.27,0.64,1.33,0.71,1.17,0.53,1,esfera
esfuerzo,effort,3.5,1.14,1.4,0.77,1.27,0.52,1.8,0.96,1.03,0.18,1,esfuerzo
espacio,space,2.4,1.3,1.17,0.46,1.6,0.97,2.2,1.24,1.13,0.43,1,espacio
espada,sword,1.3,0.6,2.93,1.44,2.17,1.39,3.5,1.2,1.57,1.07,1,espada
espanto,fright,1.27,0.64,2.37,1.52,2.33,1.21,3.37,1.1,2.0,1.17,1,espanto
espantoso,dreadful,1.07,0.25,2.1,1.32,2.27,1.31,3.43,1.45,2.57,1.48,1,espantoso
esparadrapo,bandage,1.03,0.18,1.2,0.61,1.37,0.61,1.33,0.61,1.83,0.91,1,esparadrapo
esperanza,hope,4.3,0.75,1.1,0.31,1.27,0.58,1.17,0.46,1.03,0.18,1,esperanza
esperanzado,hopeful,4.0,0.95,1.27,0.83,1.6,1.13,2.2,1.32,1.1,0.4,1,esperanzado
espina,thorn,1.0,0.0,1.57,0.94,1.43,0.86,1.83,1.23,1.83,1.26,1,espina
espíritu,spirit,1.7,1.15,1.37,0.76,1.73,0.98,2.8,1.54,1.3,0.75,1,espiritu
esposa,wife,2.83,1.54,1.24,0.58,1.45,0.87,1.45,0.83,1.14,0.44,1,esposa
esposo,spouse,3.1,1.4,1.27,0.52,1.23,0.68,1.47,0.9,1.13,0.43,1,esposo
espuma,foam,1.67,0.92,1.0,0.0,1.07,0.25,1.07,0.25,1.13,0.51,1,espuma
esqueleto,skeleton,1.2,0.76,1.13,0.43,1.67,1.15,1.97,1.1,2.13,1.14,1,esqueleto
esquina,corner,1.23,0.68,1.17,0.46,1.53,1.14,1.8,1.35,1.33,0.71,1,esquina
estado,state,1.57,0.94,2.3,1.42,1.93,1.17,2.07,1.2,1.9,1.32,1,estado
estafador,swindler,1.07,0.25,4.43,0.9,2.77,1.33,2.93,1.31,3.6,1.3,1,estafador
estallido,pop,1.47,0.94,2.07,1.17,1.7,0.95,3.3,1.09,1.37,0.76,1,estallido
estancado,stagnant,1.07,0.25,2.5,1.46,2.7,1.47,2.73,1.34,2.23,1.22,1,estancado
estantería,shelf,1.6,1.0,1.2,0.55,1.13,0.35,1.13,0.43,1.23,0.5,1,estanteria
estatua,statue,2.0,1.14,1.13,0.51,1.4,0.72,1.3,0.75,1.23,0.63,1,estatua
esterilla,mat,2.14,1.33,1.1,0.41,1.14,0.44,1.1,0.41,1.48,0.91,1,esterilla
estiércol,manure,1.23,0.68,1.17,0.46,1.2,0.41,1.13,0.35,4.37,1.1,1,estiercol
estilista,stylist,2.63,1.35,1.57,1.04,1.3,0.75,1.3,0.65,1.5,0.97,1,estilista
estilo,style,2.8,1.1,1.17,0.46,1.17,0.46,1.1,0.4,1.3,0.6,1,estilo
estimulación,stimulation,3.17,1.42,1.53,0.94,1.37,0.61,1.53,0.82,1.53,0.73,1,estimulacion
estímulo,stimulus,2.43,1.22,1.63,0.85,1.67,0.88,1.87,1.07,1.57,0.82,1,estimulo
estómago,stomach,1.5,1.04,1.33,0.84,1.4,0.89,1.6,1.0,1.8,1.06,1,estomago
estrella,star,2.87,1.5,1.0,0.0,1.17,0.53,1.2,0.61,1.0,0.0,1,estrella
estremecerse,thrill,1.57,1.01,1.5,0.97,2.3,1.32,2.9,1.47,1.83,1.39,2,estremecerse
estrés,stress,1.17,0.46,3.07,1.41,2.77,1.33,3.2,1.24,2.2,1.4,1,estres
estuche,case,1.3,0.65,1.0,0.0,1.13,0.43,1.0,0.0,1.1,0.4,1,estuche
estufa,stove,2.33,1.32,1.0,0.0,1.17,0.59,1.5,0.68,1.0,0.0,1,estufa
estúpido,stupid,1.13,0.35,3.03,1.43,2.57,1.36,1.67,0.92,2.43,1.5,3,estupido
eternidad,eternity,3.67,1.37,1.03,0.18,1.63,0.81,2.9,1.54,1.03,0.18,1,eternidad
ética,ethics,2.83,1.49,1.7,1.09,1.7,1.15,1.87,1.25,1.77,1.22,1,etica
etiqueta,label,1.87,1.28,2.57,1.48,2.1,1.37,1.87,1.25,2.27,1.36,1,etiqueta
eufórico,elated,4.33,0.8,1.33,0.88,1.13,0.35,1.4,0.72,1.0,0.0,1,euforico
evolución,evolution,3.3,1.37,1.4,0.77,1.6,0.97,2.3,1.09,1.27,0.64,1,evolucion
excelencia,excellence,3.7,1.32,1.3,0.6,1.33,0.71,1.8,1.19,1.23,0.5,1,excelencia
exceso,excess,1.87,1.25,1.63,1.07,2.2,1.06,2.17,1.39,1.77,1.1,1,exceso
excitado,aroused,3.63,1.35,1.63,1.19,1.1,0.4,1.7,1.12,1.27,0.64,1,excitado
exclusión,exclusion,1.03,0.18,3.5,1.17,3.97,1.1,3.3,1.44,2.63,1.59,1,exclusion
excusa,excuse,1.4,0.81,2.57,1.38,1.93,1.14,1.63,1.0,1.53,0.97,1,excusa
exhibición,display,2.83,1.51,1.07,0.25,1.2,0.55,1.53,0.78,1.27,0.58,1,exhibicion
exigencia,requirement,1.97,1.16,2.7,1.37,1.83,1.09,2.3,1.12,1.97,1.25,1,exigencia
exilio,exile,1.07,0.25,3.0,1.2,3.83,0.95,3.27,1.2,2.03,1.45,1,exilio
éxito,success,4.43,0.73,1.33,0.71,1.3,0.6,2.43,1.33,1.13,0.43,1,exito
explotación,exploitation,1.23,0.77,3.5,1.57,3.3,1.53,2.77,1.65,3.0,1.68,1,explotacion
explotador,operator,1.27,0.87,3.93,1.26,3.3,1.56,3.03,1.35,3.77,1.43,1,explotador
exquisito,luscious,3.6,1.25,1.13,0.57,1.03,0.18,1.07,0.25,1.2,0.66,1,exquisito
éxtasis,ecstasy,3.67,1.54,1.57,1.01,1.37,0.81,1.77,1.19,1.27,0.64,1,extasis
exterior,outdoors,3.7,1.37,1.17,0.53,1.2,0.48,1.57,0.86,1.2,0.55,1,exterior
extinción,extinction,1.0,0.0,3.27,1.36,3.9,1.16,3.67,1.27,2.47,1.61,1,extincion
extrañeza,strangeness,1.43,0.73,2.0,1.17,3.07,1.51,2.83,1.21,1.87,1.14,1,extraneza
extraordinario,outstanding,4.13,1.07,1.13,0.43,1.17,0.53,1.23,0.63,1.1,0.4,1,extraordinario
extraterrestre,alien,1.6,1.04,1.37,1.07,1.23,0.82,2.93,1.41,1.87,1.25,1,extraterrestre
fábrica,factory,1.53,0.82,1.23,0.57,1.47,0.78,1.33,0.8,1.67,1.15,1,fabrica
facha,facade,1.13,0.51,3.03,1.54,2.47,1.43,1.7,1.09,3.23,1.5,1,facha
fácil,easy,3.1,1.37,1.2,0.48,1.17,0.46,1.47,0.94,1.17,0.53,1,facil
facilidad,ease,3.33,1.03,1.33,0.76,1.37,0.81,1.87,0.9,1.37,0.76,1,facilidad
facultad,faculty,3.07,1.41,1.43,0.9,1.6,0.97,2.0,1.05,1.5,0.9,1,facultad
faisán,pheasant,1.96,0.96,1.21,0.57,1.46,0.92,1.86,1.04,1.36,0.68,1,faisan
faja,belt,1.4,0.97,1.17,0.53,1.33,0.71,1.33,0.76,1.4,0.72,1,faja
falda,skirt,3.0,1.49,1.2,0.48,1.23,0.57,1.57,0.97,1.27,0.58,1,falda
falso,false,1.0,0.0,3.1,1.49,3.1,1.4,2.27,1.39,2.8,1.52,3,falso
fama,fame,3.17,1.39,1.4,0.67,1.43,0.77,2.13,1.11,1.73,0.87,1,fama
famélico,starving,1.31,0.74,2.0,1.23,3.38,1.36,2.35,1.2,2.19,1.23,1,famelico
familia,family,4.3,0.88,1.3,0.6,1.9,1.27,1.47,0.9,1.13,0.43,1,familia
famosa,famous,2.43,1.36,1.7,1.18,1.73,1.11,2.1,1.35,1.7,1.12,1,famosa
famoso,famous,2.33,1.09,1.67,0.8,1.53,0.97,1.3,0.79,1.43,0.68,3,famoso
fantasía,fantasy,3.97,0.89,1.27,0.64,1.5,0.9,1.63,0.93,1.17,0.53,1,fantasia
farmacéutica,pharmaceutical,1.7,1.18,1.57,1.04,1.2,0.66,1.9,1.21,1.47,0.82,1,farmaceutica
faro,lighthouse,2.27,1.28,1.13,0.51,1.53,0.86,1.6,0.93,1.17,0.53,1,faro
farol,headlight,1.47,1.07,2.2,1.4,1.87,1.11,1.7,1.06,1.73,1.17,1,farol
fascinación,fascination,3.33,1.35,1.1,0.31,1.27,0.64,1.33,0.71,1.03,0.18,1,fascinacion
fascinante,fascinating,3.87,0.97,1.03,0.18,1.1,0.4,1.23,0.5,1.07,0.25,1,fascinante
fascinar,fascinate,3.97,1.0,1.13,0.35,1.1,0.31,1.7,0.92,1.1,0.31,2,fascinar
fase,phase,1.93,1.22,1.45,0.83,1.66,1.08,1.9,1.23,1.24,0.79,1,fase
fastidiar,annoy,1.03,0.18,3.67,1.12,2.23,1.38,1.63,1.07,2.1,1.35,1,fastidiar
fatalidad,fatality,1.0,0.0,2.67,1.4,3.9,0.96,3.37,1.3,1.3,0.65,1,fatalidad
fatigado,fatigued,1.07,0.25,1.87,1.31,2.37,1.0,1.4,0.72,1.4,0.72,1,fatigado
favor,favor,3.0,1.19,1.21,0.57,1.21,0.57,1.29,0.6,1.11,0.42,1,favor
faz,face,1.4,0.94,1.05,0.22,1.0,0.0,1.05,0.22,1.0,0.0,1,faz
fealdad,ugliness,1.21,0.62,1.55,0.99,2.07,1.03,1.45,0.74,1.9,1.21,1,fealdad
feliz,happy,4.63,0.76,1.0,0.0,1.1,0.4,1.2,0.76,1.0,0.0,1,feliz
felpudo,doormat,1.73,1.14,1.13,0.51,1.13,0.51,1.13,0.51,2.0,1.05,1,felpudo
feo,ugly,1.1,0.31,1.43,0.9,2.27,1.31,1.3,0.75,1.73,0.98,3,feo
festivo,festive,4.83,0.46,1.07,0.37,1.0,0.0,1.1,0.4,1.0,0.0,1,festivo
fétido,foul,1.07,0.37,2.0,1.05,1.57,0.94,2.03,1.16,4.43,1.01,1,fetido
fiebre,fever,1.0,0.0,1.87,1.2,2.93,1.23,2.43,1.5,1.53,0.9,1,fiebre
firma,signature,2.27,1.2,1.43,1.01,1.23,0.57,1.83,1.15,1.23,0.68,1,firma
firmamento,sky,2.77,1.45,1.3,0.75,1.53,1.01,1.8,1.21,1.1,0.4,1,firmamento
flamenco,flamenco,2.9,1.4,1.23,0.5,1.43,0.86,1.33,0.71,1.33,0.66,3,flamenco
flecha,arrow,1.43,0.97,2.17,1.44,1.87,1.25,3.27,1.28,1.47,1.01,1,flecha
flemón,toothache,1.0,0.0,1.72,1.13,1.86,1.25,1.83,1.28,4.1,1.11,1,flemon
flexible,limber,2.63,1.25,1.1,0.4,1.1,0.4,1.17,0.53,1.23,0.68,1,flexible
flor,flower,3.87,1.11,1.1,0.31,1.43,0.86,1.17,0.46,1.13,0.43,1,flor
florecer,blossom,4.03,1.1,1.13,0.43,1.17,0.53,1.17,0.53,1.17,0.46,2,florecer
foca,seal,3.23,0.97,1.0,0.0,1.23,0.57,1.23,0.77,1.23,0.77,1,foca
foco,focus,1.7,0.88,1.13,0.43,1.13,0.35,1.5,0.82,1.07,0.25,1,foco
fofo,flabby,1.57,0.97,1.1,0.31,1.6,0.77,1.13,0.35,1.63,0.85,1,fofo
folleto,pamphlet,1.23,0.57,1.23,0.63,1.13,0.51,1.13,0.51,1.17,0.53,1,folleto
follón,stink,1.3,0.65,2.7,1.39,2.03,1.25,2.97,1.16,1.67,0.99,1,follon
fontanero,plumber,1.23,0.77,1.13,0.73,1.13,0.73,1.0,0.0,1.27,0.83,1,fontanero
forastero,outsider,1.83,0.95,1.23,0.77,1.27,0.52,1.4,0.72,1.0,0.0,1,forastero
fortuito,haphazard,2.69,1.51,1.24,0.64,1.24,0.69,1.83,1.14,1.03,0.19,1,fortuito
fotógrafa,photographer,2.77,1.1,1.13,0.43,1.2,0.55,1.13,0.43,1.1,0.4,1,fotografa
fotógrafo,photographer,2.87,1.11,1.2,0.61,1.17,0.46,1.2,0.61,1.23,0.63,1,fotografo
fracaso,failure,1.03,0.18,3.3,1.32,3.9,1.09,3.3,1.34,1.53,1.04,1,fracaso
fracción,fraction,1.28,0.59,1.24,0.58,1.52,0.91,1.34,0.81,1.31,0.66,1,fraccion
fragancia,fragrance,3.0,1.08,1.1,0.4,1.33,0.84,1.03,0.18,1.33,0.71,1,fragancia
fragilidad,fragility,1.17,0.46,1.83,1.21,3.07,1.51,3.43,1.1,1.57,1.04,1,fragilidad
fraude,fraud,1.03,0.18,4.37,0.81,3.5,1.2,2.6,1.19,3.4,1.48,1,fraude
fregona,mop,1.3,0.6,1.13,0.43,1.33,0.76,1.0,0.0,2.17,0.91,1,fregona
frialdad,chill,1.23,0.57,2.0,1.05,2.7,1.26,2.13,1.17,2.07,1.23,1,frialdad
frío,cold,1.33,0.71,1.37,0.76,2.63,1.3,1.57,0.86,1.33,0.66,3,frio
frustración,frustration,1.07,0.37,3.7,1.12,3.87,1.14,3.43,1.43,2.27,1.34,1,frustracion
frustrado,frustrated,1.13,0.57,3.07,1.34,3.03,1.33,2.07,1.36,1.43,0.9,1,frustrado
fruto,fruit,3.0,1.31,1.03,0.18,1.17,0.46,1.13,0.35,1.17,0.53,1,fruto
fuego,fire,1.8,1.1,2.1,1.21,1.97,1.25,3.87,1.25,1.43,0.86,1,fuego
fuerte,strong,2.4,1.3,1.37,0.85,1.13,0.35,1.6,1.0,1.07,0.25,1,fuerte
fuerza,force,3.17,1.39,1.63,1.0,1.23,0.68,1.93,1.34,1.17,0.46,1,fuerza
fugitivo,fugitive,1.2,0.41,2.2,1.1,1.93,1.14,3.3,1.12,1.7,1.02,1,fugitivo
función,function,2.1,1.12,1.53,1.07,1.53,1.01,1.63,1.03,1.5,1.04,1,funcion
funeral,funeral,1.1,0.31,2.07,1.23,4.53,0.63,3.07,1.41,1.5,1.04,1,funeral
furcia,whore,1.1,0.31,2.3,1.34,2.73,1.34,1.63,1.13,2.5,1.38,1,furcia
furgoneta,van,2.1,1.47,1.4,0.81,1.53,1.01,1.83,0.95,1.6,0.86,1,furgoneta
fusil,gun,1.07,0.26,3.45,1.7,3.0,1.54,3.86,1.16,2.9,1.57,1,fusil
fútbol,football,2.77,1.63,2.1,1.3,1.37,0.76,1.27,0.64,1.43,0.97,1,futbol
futbolista,soccer player,2.67,1.45,2.13,1.43,1.63,0.96,1.33,0.76,1.8,1.21,1,futbolista
futuro,future,3.47,1.33,1.63,1.19,1.87,1.17,2.9,1.27,1.4,1.0,3,futuro
gabardina,raincoat,1.73,1.23,1.03,0.18,1.23,0.5,1.23,0.57,1.13,0.43,1,gabardina
gacela,gazelle,2.33,1.45,1.27,0.91,1.2,0.48,1.4,0.89,1.03,0.18,1,gacela
gafas,glasses,1.63,1.03,1.23,0.63,1.43,0.86,1.1,0.4,1.13,0.35,1,gafas
galardón,award,4.0,0.85,1.38,0.68,1.31,0.66,1.45,0.78,1.28,0.75,1,galardon
gallina,chicken,1.6,0.86,1.37,0.89,1.3,0.88,2.17,1.53,2.07,1.48,1,gallina
gamberro,hooligan,1.37,0.76,3.03,1.3,2.37,1.27,2.3,1.12,2.1,1.16,1,gamberro
ganado,cattle,2.53,1.41,1.53,1.17,1.67,1.24,1.63,1.0,1.57,1.01,1,ganado
ganadora,winner,4.1,0.92,1.4,0.81,1.4,0.67,1.5,0.82,1.2,0.55,1,ganadora
ganancias,profit,3.97,1.13,1.2,0.66,1.17,0.59,1.27,0.74,1.1,0.31,1,ganancias
ganar,win,4.2,1.19,1.23,0.63,1.17,0.59,1.33,0.84,1.0,0.0,2,ganar
gangrena,gangrene,1.04,0.19,2.29,1.36,3.39,1.31,3.79,1.1,3.86,1.35,1,gangrena
ganso,goose,1.67,0.96,1.1,0.4,1.13,0.35,1.67,0.92,1.27,0.52,1,ganso
garfio,hook,1.33,0.92,1.43,1.01,1.77,1.19,2.27,1.08,1.23,0.57,1,garfio
garrapata,tick,1.07,0.37,1.9,1.4,1.67,1.27,3.03,1.45,4.17,0.95,1,garrapata
garrote,club,1.0,0.0,1.93,1.23,1.7,1.18,2.2,1.37,1.6,1.3,1,garrote
garza,heron,2.17,1.31,1.0,0.0,1.03,0.19,1.34,0.61,1.34,0.72,1,garza
gatito,kitten,3.83,1.18,1.17,0.53,1.27,0.58,1.33,0.76,1.27,0.87,1,gatito
gato,cat,3.37,1.5,1.13,0.35,1.23,0.63,1.57,0.82,1.3,0.79,1,gato
gaviota,seagull,1.93,1.17,1.77,1.1,1.33,0.66,2.2,1.1,2.87,1.43,1,gaviota
gélido,frigid,1.33,0.78,1.26,0.71,1.93,1.24,1.81,1.14,1.11,0.42,1,gelido
gemido,groan,2.9,1.49,1.5,1.04,1.6,1.16,1.7,1.09,1.6,1.1,1,gemido
género,gender,1.47,1.04,1.43,1.01,1.47,1.11,1.37,0.93,1.3,0.88,1,genero
generoso,lavish,4.23,0.82,1.13,0.35,1.17,0.38,1.37,0.67,1.0,0.0,1,generoso
genial,terrific,4.47,0.82,1.03,0.18,1.03,0.18,1.17,0.53,1.0,0.0,1,genial
genialidad,genius,3.87,1.11,1.17,0.46,1.13,0.35,1.23,0.57,1.13,0.43,1,genialidad
genio,genius,3.47,1.14,1.27,0.58,1.13,0.43,1.4,0.81,1.13,0.43,1,genio
gente,people,3.1,1.27,1.8,1.16,1.73,1.08,1.87,1.07,1.83,1.09,1,gente
gerente,manager,1.57,0.94,1.6,0.89,1.53,0.9,1.93,1.28,1.67,1.03,1,gerente
gérmenes,germs,1.03,0.18,1.9,1.09,1.9,1.24,3.37,1.19,4.13,1.01,1,germenes
gestión,management,1.34,0.55,1.38,0.78,1.41,0.95,1.62,0.86,1.55,1.09,1,gestion
gimnasio,gym,2.9,1.49,1.63,0.89,1.37,0.85,1.6,0.97,1.47,0.82,1,gimnasio
gimnasta,gymnast,2.63,1.35,1.2,0.66,1.2,0.48,1.47,0.9,1.13,0.43,1,gimnasta
glaciar,glacier,2.17,1.18,1.37,0.81,1.73,1.01,1.8,1.24,1.17,0.65,1,glaciar
glamour,glamour,3.03,1.22,1.3,0.6,1.27,0.69,1.4,0.89,1.63,1.07,1,glamour
globo,globe,3.4,1.19,1.07,0.25,1.17,0.38,1.37,0.81,1.0,0.0,1,globo
gloria,glory,3.9,0.92,1.1,0.31,1.17,0.53,1.33,0.8,1.0,0.0,1,gloria
gobernador,governor,1.33,0.61,2.73,1.41,2.4,1.3,2.47,1.31,2.23,1.38,1,gobernador
goce,enjoyment,4.53,0.73,1.1,0.4,1.2,0.55,1.33,0.71,1.1,0.31,1,goce
golfista,golfer,1.21,0.63,1.25,0.75,1.0,0.0,1.07,0.38,1.18,0.61,1,golfista
golfo,gulf,1.63,0.96,1.83,1.21,1.7,0.99,1.63,0.93,2.03,1.27,1,golfo
golondrina,swallow,3.03,1.59,1.03,0.18,1.5,0.86,1.43,0.73,1.4,0.77,1,golondrina
golpe,hit,1.1,0.4,3.03,1.33,2.5,1.28,2.77,1.38,1.57,1.14,1,golpe
goma,rubber,1.23,0.68,1.1,0.4,1.07,0.37,1.07,0.37,1.13,0.43,1,goma
góndola,gondola,3.0,1.53,1.03,0.18,1.27,0.69,1.17,0.46,1.13,0.51,1,gondola
gordo,fat,1.43,0.94,1.33,0.8,2.17,1.32,1.3,0.65,1.43,0.9,3,gordo
gorila,gorilla,2.5,1.25,1.37,0.89,1.3,0.6,2.83,1.26,1.3,0.7,1,gorila
gorra,cap,1.77,1.07,1.0,0.0,1.0,0.0,1.0,0.0,1.1,0.31,1,gorra
gorrión,sparrow,3.1,1.24,1.2,0.55,1.23,0.57,1.47,0.78,1.17,0.46,1,gorrion
gorro,hat,2.17,1.39,1.23,0.73,1.17,0.46,1.17,0.53,1.27,0.74,1,gorro
gota,drop,1.63,1.16,1.37,0.76,1.7,1.21,1.2,0.48,1.3,0.75,1,gota
gozar,enjoy,4.3,1.02,1.57,0.94,1.4,0.86,1.47,0.68,1.37,0.85,1,gozar
grado,degree,2.2,1.16,1.4,0.77,1.4,0.86,1.9,1.03,1.4,0.77,1,grado
graduada,graduate,4.93,0.25,1.0,0.0,1.1,0.31,1.6,0.89,1.0,0.0,1,graduada
graduado,graduate,4.67,0.66,1.07,0.25,1.63,1.1,2.27,1.41,1.03,0.18,3,graduado
granada,grenade,1.69,1.34,2.59,1.55,2.72,1.58,3.17,1.69,1.79,1.32,1,granada
granja,farm,2.67,1.45,1.2,0.66,1.3,0.84,1.23,0.57,1.73,0.94,1,granja
granjero,farmer,2.2,1.16,1.07,0.25,1.23,0.63,1.07,0.25,1.37,0.72,1,granjero
grano,grain,1.07,0.25,2.0,1.29,1.93,1.08,1.7,1.12,3.13,1.38,1,grano
grapadora,stapler,1.13,0.43,1.0,0.0,1.03,0.18,1.2,0.41,1.0,0.0,1,grapadora
grave,severe,1.1,0.31,2.8,1.16,4.0,0.98,4.13,0.97,1.63,0.85,1,grave
grieta,crack,1.07,0.25,1.8,1.0,1.9,1.09,2.63,1.45,1.53,0.9,1,grieta
grillo,cricket,2.03,1.1,1.2,0.55,1.2,0.55,1.5,0.78,2.23,1.14,1,grillo
grito,scream,2.17,1.56,2.97,1.52,2.27,1.46,3.37,1.43,1.5,1.14,1,grito
grosero,crude,1.1,0.31,3.4,1.04,2.3,1.34,2.1,1.27,3.3,1.44,1,grosero
guadaña,scythe,1.16,0.55,1.56,0.87,2.04,1.4,3.2,1.26,1.44,0.87,1,guadana
guante,glove,1.87,1.17,1.13,0.51,1.23,0.73,1.2,0.61,1.37,0.89,1,guante
guantes,gloves,2.0,1.08,1.1,0.4,1.13,0.35,1.07,0.25,1.43,0.97,1,guantes
guapa,pretty,4.0,1.02,1.17,0.53,1.17,0.46,1.2,0.48,1.13,0.35,1,guapa
guapo,handsome,3.77,1.17,1.17,0.46,1.13,0.43,1.27,0.64,1.07,0.25,3,guapo
guardaespaldas,bodyguard,1.27,0.91,1.6,1.04,1.43,0.97,2.17,1.15,1.27,0.74,1,guardaespaldas
guardería,nursery,3.53,1.41,1.13,0.51,1.27,0.69,1.3,0.7,1.17,0.46,1,guarderia
guardia,guard,1.57,1.14,1.8,1.24,1.37,0.72,1.87,0.78,1.67,1.09,1,guardia
guardián,guardian,2.27,1.28,1.4,0.77,1.27,0.74,1.73,1.05,1.13,0.43,1,guardian
guerra,war,1.13,0.43,4.37,0.93,4.43,0.68,4.37,0.85,3.03,1.69,1,guerra
guerrero,warrior,2.0,1.44,2.9,1.56,2.2,1.24,2.83,1.29,1.7,1.26,3,guerrero
guillotina,guillotine,1.1,0.41,3.45,1.38,3.66,1.23,4.14,1.06,2.66,1.54,1,guillotina
guiño,wink,3.2,1.3,1.27,0.64,1.13,0.51,1.17,0.46,1.4,0.67,1,guino
guión,script,2.87,1.36,1.5,0.94,1.47,0.86,1.73,1.01,1.13,0.35,1,guion
gusano,maggot,1.4,0.77,1.53,0.78,1.5,1.04,2.33,1.32,3.8,1.21,1,gusano
habilidad,skill,3.47,1.41,1.27,0.69,1.33,0.76,1.57,0.94,1.07,0.25,1,habilidad
habitación,room,2.67,1.42,1.27,0.69,1.53,0.97,1.4,0.81,1.2,0.55,1,habitacion
habitante,inhabitant,2.0,1.2,1.23,0.57,1.27,0.58,1.37,0.72,1.23,0.82,1,habitante
hábito,habit,1.7,1.12,1.13,0.43,1.47,0.82,1.3,0.75,1.13,0.43,1,habito
hacha,ax,1.47,1.11,2.33,1.58,1.47,1.07,2.97,1.4,1.5,1.14,1,hacha
hada,fairy,3.17,1.34,1.17,0.46,1.43,0.9,1.53,0.82,1.07,0.25,1,hada
halcón,hawk,2.23,1.25,1.2,0.48,1.2,0.61,2.6,1.25,1.4,0.81,1,halcon
hallazgo,finding,3.62,1.15,1.21,0.68,1.34,0.97,1.72,0.96,1.21,0.49,1,hallazgo
hamaca,hammock,3.93,1.26,1.0,0.0,1.17,0.46,1.13,0.35,1.03,0.18,1,hamaca
hambriento,hungry,1.2,0.55,2.57,1.5,3.17,1.44,1.93,1.17,1.2,0.66,1,hambriento
hamburguesa,hamburger,3.57,1.04,1.13,0.43,1.23,0.63,1.33,0.76,1.43,0.77,1,hamburguesa
hámster,hamster,2.6,1.35,1.27,0.69,1.23,0.63,1.57,0.94,1.9,1.18,1,hamster
harto,blase,1.07,0.37,2.57,1.48,1.9,1.3,1.47,0.97,1.7,1.15,3,harto
hastío,ennui,1.06,0.24,1.35,0.7,1.76,0.97,1.53,1.01,1.71,1.36,1,hastio
hechicero,sorcerer,2.13,1.33,1.4,0.89,1.3,0.79,2.0,1.2,1.4,0.67,3,hechicero
hedor,stench,1.15,0.54,1.81,0.94,1.38,0.75,1.62,0.8,4.04,1.04,1,hedor
heno,hay,1.09,0.29,1.09,0.29,1.3,1.02,1.09,0.29,1.35,0.57,1,heno
heridas,wounds,1.13,0.51,1.93,1.23,3.03,1.22,2.67,1.21,2.13,1.14,1,heridas
herido,hurt,1.0,0.0,1.73,1.05,3.9,1.12,3.13,1.17,2.2,1.21,3,herido
hermana,sister,3.97,1.3,1.5,0.68,1.2,0.61,1.1,0.4,1.0,0.0,1,hermana
hermano,brother,4.3,1.24,1.47,0.63,1.47,0.94,1.1,0.4,1.1,0.4,1,hermano
hermoso,beautiful,4.33,0.66,1.17,0.38,1.2,0.48,1.4,0.72,1.13,0.43,3,hermoso
héroe,hero,3.87,1.28,1.33,0.8,1.3,0.7,1.5,0.9,1.13,0.43,1,heroe
heroína,heroin,1.73,1.41,2.77,1.65,2.83,1.74,3.0,1.7,3.07,1.86,1,heroina
heroísmo,heroism,3.03,0.89,1.7,1.06,1.37,0.67,2.0,1.17,1.5,0.9,1,heroismo
herramienta,tool,1.8,1.1,1.37,0.76,1.17,0.53,1.7,0.95,1.23,0.63,1,herramienta
herrero,blacksmith,1.17,0.46,1.1,0.4,1.1,0.4,1.2,0.55,1.07,0.37,1,herrero
hervir,scalding,1.47,0.97,1.37,0.85,1.07,0.37,1.7,0.99,1.07,0.37,1,hervir
hidalguía,nobility,2.0,1.26,1.43,0.75,1.52,0.93,1.38,0.74,1.33,0.73,1,hidalguia
hielo,ice,1.97,1.1,1.13,0.43,1.2,0.48,1.33,0.76,1.0,0.0,1,hielo
hiena,hyena,1.37,0.76,1.57,0.97,1.4,0.72,3.33,1.3,1.9,1.18,1,hiena
hierro,iron,1.17,0.65,1.2,0.55,1.07,0.37,1.17,0.46,1.13,0.43,1,hierro
hija,daughter,3.77,1.41,1.33,0.92,1.53,1.01,2.27,1.34,1.17,0.75,1,hija
hijo,son,4.43,0.86,1.23,0.73,1.43,0.97,2.0,1.29,1.33,0.88,1,hijo
hipopótamo,hippopotamus,2.7,1.29,1.3,0.7,1.27,0.58,2.73,1.34,1.7,1.06,1,hipopotamo
historia,history,2.17,1.26,1.53,0.82,1.8,1.0,1.6,0.93,1.37,0.72,1,historia
hogar,home,4.3,0.99,1.67,1.09,1.83,1.09,1.5,0.94,1.23,0.73,1,hogar
hoguera,bonfire,2.53,1.28,1.6,1.07,1.63,0.96,2.1,1.03,1.07,0.25,1,hoguera
hoja,sheet,2.17,1.26,1.3,0.65,1.57,0.94,1.33,0.8,1.27,0.52,1,hoja
holgazán,idle,1.23,0.63,2.33,1.21,2.5,1.25,1.23,0.57,1.9,1.16,1,holgazan
hombre,man,2.57,1.52,1.57,0.97,1.47,0.94,1.53,0.9,1.3,0.65,1,hombre
homenaje,tribute,3.5,1.22,1.17,0.46,2.17,1.21,1.23,0.68,1.03,0.18,1,homenaje
homicida,murderer,1.03,0.19,3.76,1.35,3.52,1.35,4.24,1.02,2.62,1.57,1,homicida
homicidio,homicide,1.0,0.0,3.83,1.15,4.53,0.82,4.33,0.96,3.37,1.45,1,homicidio
honesto,honest,3.57,1.14,1.17,0.46,1.27,0.69,1.37,0.81,1.1,0.4,1,honesto
hongo,fungus,1.17,0.53,1.7,1.02,1.7,0.84,2.63,1.45,3.83,1.34,1,hongo
honor,honor,3.73,1.17,1.7,1.02,1.3,0.7,1.8,1.06,1.3,0.7,1,honor
honradez,honesty,4.53,0.73,1.13,0.57,1.3,0.7,1.3,0.84,1.07,0.25,1,honradez
horca,gallows,1.32,0.67,2.46,1.64,2.82,1.61,3.11,1.42,2.71,1.74,1,horca
hormiga,ant,1.37,0.93,1.07,0.37,1.07,0.25,1.27,0.58,1.67,0.88,1,hormiga
hormigueo,tingling,2.48,1.45,1.48,0.78,1.34,0.72,2.28,1.31,1.86,1.3,1,hormigueo
hormiguero,anthill,1.7,1.09,1.3,0.6,1.03,0.18,1.7,0.99,2.17,1.39,1,hormiguero
hornear,bake,2.3,1.32,1.13,0.43,1.1,0.31,1.3,0.6,1.1,0.31,2,hornear
horquilla,hairpin,2.17,1.51,1.03,0.19,1.0,0.0,1.0,0.0,1.07,0.26,1,horquilla
horror,horror,1.13,0.51,2.27,1.36,2.2,1.06,4.17,1.32,1.77,1.14,1,horror
hospital,hospital,1.63,1.1,1.7,1.34,3.47,1.2,3.0,1.41,2.07,1.39,1,hospital
hostil,hostile,1.21,0.56,3.1,1.32,2.83,1.47,3.03,1.35,2.45,1.21,1,hostil
hotel,hotel,2.87,1.36,1.1,0.55,1.03,0.18,1.17,0.75,1.17,0.46,1,hotel
huerto,orchard,2.7,1.37,1.0,0.0,1.1,0.31,1.07,0.37,1.17,0.38,1,huerto
huevo,egg,1.87,1.01,1.17,0.65,1.07,0.25,1.13,0.57,1.37,0.67,1,huevo
humanidad,humanity,3.87,1.17,1.63,1.19,1.97,1.19,1.73,1.14,1.6,1.19,1,humanidad
humanismo,humanism,3.2,1.16,1.53,1.11,1.53,0.82,1.37,0.81,1.43,0.94,1,humanismo
humano,humane,2.87,1.2,1.5,0.78,1.83,1.18,1.8,1.24,1.37,0.76,3,humano
humilde,humble,3.13,1.57,1.1,0.4,1.53,0.97,1.17,0.46,1.0,0.0,1,humilde
humillar,humiliate,1.0,0.0,4.23,0.94,4.0,1.34,2.8,1.19,3.47,1.38,2,humillar
humor,humor,4.47,0.78,1.57,1.19,1.53,1.17,1.3,0.88,1.1,0.4,1,humor
hurgar,poke,1.27,0.64,1.97,1.27,1.87,1.36,2.13,1.41,2.63,1.5,1,hurgar
idea,idea,3.67,0.99,1.3,0.75,1.3,0.79,1.57,0.77,1.07,0.25,1,idea
idealismo,idealism,2.13,1.33,2.0,1.11,2.13,1.04,2.07,1.08,1.73,1.08,1,idealismo
identidad,identity,2.9,1.35,1.2,0.76,1.4,0.81,1.83,1.05,1.03,0.18,1,identidad
idiota,idiot,1.2,0.61,2.9,1.49,2.5,1.14,1.8,1.37,2.17,1.37,1,idiota
ídolo,idol,3.43,1.28,1.53,0.94,1.37,0.85,1.27,0.69,1.07,0.37,1,idolo
iglesia,church,1.72,1.16,1.79,1.37,1.79,1.05,1.55,1.02,2.1,1.42,1,iglesia
ignorancia,ignorance,1.27,0.64,2.8,1.37,3.5,1.25,2.9,1.42,2.27,1.31,1,ignorancia
iguana,iguana,1.77,1.22,1.07,0.25,1.1,0.4,1.97,1.13,2.0,1.17,1,iguana
imagen,image,2.37,1.19,1.6,0.89,1.63,0.89,1.67,0.92,1.63,0.85,1,imagen
imaginar,imagine,3.83,1.02,1.6,1.1,1.93,1.36,2.0,1.26,1.5,1.04,2,imaginar
imán,magnet,1.57,0.97,1.07,0.25,1.03,0.18,1.1,0.31,1.07,0.25,1,iman
imparcial,detached,1.5,1.04,1.5,1.04,1.4,0.89,1.3,0.75,1.33,0.71,1,imparcial
impermeable,waterproof,1.6,1.1,1.03,0.18,1.1,0.31,1.13,0.43,1.17,0.46,1,impermeable
importación,import,1.93,1.34,1.27,0.69,1.27,0.69,1.43,0.9,1.17,0.46,1,importacion
impotencia,impotence,1.03,0.18,3.6,1.35,3.37,1.1,2.67,1.21,1.57,1.01,1,impotencia
impotente,impotent,1.1,0.4,3.03,1.59,2.8,1.35,2.23,1.3,1.53,0.97,1,impotente
impresionado,impressed,3.2,1.13,1.23,0.5,1.37,0.67,1.8,1.0,1.13,0.43,1,impresionado
impresora,printer,1.2,0.48,1.7,1.21,1.23,0.73,1.13,0.51,1.17,0.53,1,impresora
impureza,impurity,1.27,0.64,1.7,0.95,2.07,0.78,1.87,0.9,2.53,1.36,1,impureza
incapacidad,disability,1.03,0.18,2.6,1.61,3.83,1.09,3.63,1.35,1.8,1.45,1,incapacidad
incendio,fire,1.0,0.0,2.4,1.22,3.4,1.19,4.1,0.84,1.2,0.48,1,incendio
incentivo,incentive,3.5,1.32,1.18,0.55,1.07,0.26,1.07,0.26,1.07,0.38,1,incentivo
incomodidad,discomfort,1.13,0.57,2.5,1.22,2.43,1.17,2.4,1.38,2.1,1.32,1,incomodidad
incordio,nuisance,1.0,0.0,2.77,1.3,1.37,0.72,1.2,0.48,1.63,0.85,1,incordio
incremento,increase,2.23,0.97,1.6,0.81,1.53,0.82,1.8,0.92,1.27,0.58,1,incremento
indecisión,indecision,1.23,0.68,2.37,1.1,2.4,1.1,3.03,1.13,1.57,1.07,1,indecision
indefenso,helpless,1.17,0.59,2.07,1.2,3.23,1.41,3.27,1.55,1.4,0.89,1,indefenso
indicio,indication,1.77,0.9,1.5,0.86,1.57,0.9,2.37,1.1,1.27,0.58,1,indicio
indiferente,indifferent,1.27,0.74,1.8,1.24,1.9,1.32,1.63,1.19,1.4,0.81,1,indiferente
indio,indian,2.0,1.29,1.1,0.4,1.2,0.55,1.13,0.43,1.17,0.53,3,indio
industria,industry,1.83,0.99,2.17,1.09,1.93,1.05,2.1,1.06,2.2,1.24,1,industria
infanta,infanta,1.47,0.82,2.0,1.39,1.53,0.9,1.2,0.55,1.73,1.2,1,infanta
infección,infection,1.03,0.18,1.77,1.25,2.4,1.33,3.33,1.24,3.07,1.31,1,infeccion
infeliz,unhappy,1.0,0.0,2.27,1.23,4.57,0.63,2.8,1.32,1.43,0.82,1,infeliz
inferior,inferior,1.13,0.35,2.3,1.56,3.47,1.22,2.77,1.41,1.63,1.03,1,inferior
inferioridad,inferiority,1.07,0.25,3.03,1.47,3.7,1.21,3.2,1.52,2.33,1.52,1,inferioridad
infiel,unfaithful,1.13,0.57,3.97,1.27,3.6,1.5,2.7,1.78,3.23,1.57,1,infiel
infierno,hell,1.0,0.0,2.69,1.67,2.41,1.57,3.52,1.6,2.14,1.55,1,infierno
infinito,infinity,2.2,1.19,1.4,0.86,1.67,0.99,2.8,1.24,1.13,0.73,3,infinito
inflación,inflation,1.21,0.56,2.31,1.34,2.31,1.54,2.14,1.25,2.0,1.2,1,inflacion
información,information,3.07,1.17,2.03,1.3,2.1,1.18,2.13,1.14,1.63,1.13,1,informacion
informática,computing,1.83,1.18,1.43,0.82,1.17,0.46,1.47,0.82,1.17,0.65,1,informatica
informático,computer,1.87,1.17,1.07,0.25,1.23,0.57,1.23,0.68,1.03,0.18,3,informatico
informe,report,1.37,0.61,1.77,1.07,1.63,0.93,2.0,1.11,1.63,1.03,1,informe
ingeniero,engineer,2.1,1.42,1.27,0.58,1.37,0.76,1.37,0.67,1.2,0.55,1,ingeniero
ingenio,wit,3.87,0.9,1.23,0.57,1.23,0.63,1.53,0.9,1.13,0.51,1,ingenio
ingrediente,ingredient,2.63,1.13,1.27,0.83,1.23,0.63,1.23,0.63,1.57,0.97,1,ingrediente
ingresar,sign,1.83,1.15,1.57,0.86,2.63,1.38,2.77,1.48,1.27,0.58,1,ingresar
ingreso,entry,2.77,1.41,1.23,0.5,2.03,1.45,2.37,1.22,1.37,0.72,1,ingreso
inmaduro,immature,1.27,0.78,2.23,1.41,2.37,1.35,1.83,1.15,1.47,0.86,1,inmaduro
inmensidad,immensity,2.0,1.26,1.1,0.4,1.73,0.98,2.67,1.12,1.1,0.4,1,inmensidad
inmoral,immoral,1.23,0.68,3.07,1.44,2.83,1.37,2.1,1.45,2.53,1.57,1,inmoral
innovación,innovation,3.6,1.04,1.07,0.25,1.3,0.7,1.93,1.05,1.03,0.18,1,innovacion
inocente,innocent,2.1,1.45,1.1,0.4,1.4,0.93,1.3,0.7,1.03,0.18,1,inocente
inodoro,odorless,1.47,1.01,1.03,0.18,1.03,0.18,1.1,0.31,2.73,1.14,1,inodoro
inquieto,troubled,1.9,1.12,1.63,0.76,1.57,0.86,1.67,1.09,1.27,0.58,1,inquieto
insecto,insect,1.7,1.12,1.4,0.93,1.27,0.83,2.37,1.27,2.93,1.44,1,insecto
inseguridad,insecurity,1.07,0.25,2.63,1.45,3.5,1.2,3.83,1.15,2.2,1.52,1,inseguridad
inseguro,insecure,1.1,0.31,1.97,1.27,3.0,1.11,3.2,1.47,1.27,0.52,1,inseguro
insolente,insolent,1.16,0.47,3.24,1.09,2.2,1.26,1.48,0.82,2.92,1.38,1,insolente
insomnio,insomnia,1.0,0.0,3.2,1.37,3.23,1.36,2.4,1.43,1.8,1.32,1,insomnio
inspiración,inspiration,3.87,1.04,1.33,0.92,1.57,0.94,1.47,1.07,1.03,0.18,1,inspiracion
inspirado,inspired,3.63,1.1,1.33,0.66,1.47,1.01,1.3,0.65,1.17,0.53,1,inspirado
inspirar,inspire,3.2,1.47,1.17,0.53,1.33,0.8,1.4,0.97,1.2,0.66,2,inspirar
instancia,instance,1.37,0.67,1.2,0.61,1.13,0.35,1.37,0.76,1.23,0.43,1,instancia
instante,instant,2.33,1.32,1.13,0.35,1.3,0.53,1.37,0.61,1.0,0.0,1,instante
institución,institution,1.33,0.55,2.2,1.32,1.77,1.22,2.03,1.16,2.1,1.35,1,institucion
instituto,institute,2.93,1.2,1.4,0.72,2.2,0.96,1.27,0.58,1.4,0.77,1,instituto
insulto,insult,1.07,0.25,4.0,1.08,3.17,1.37,2.57,1.36,3.0,1.41,1,insulto
intelecto,intellect,3.28,1.1,1.07,0.37,1.14,0.44,1.34,0.67,1.07,0.37,1,intelecto
intelectual,intellectual,2.8,1.47,1.4,0.93,1.2,0.55,1.47,0.82,1.4,0.93,1,intelectual
intensidad,intensity,2.73,1.23,1.63,0.85,1.43,0.86,2.17,0.95,1.4,0.93,1,intensidad
interés,interest,2.83,1.37,1.43,0.86,1.3,0.75,1.33,0.76,1.33,0.8,1,interes
interrupción,interruption,1.17,0.53,2.6,1.16,1.7,0.92,1.67,0.99,1.57,0.94,1,interrupcion
íntimo,intimate,3.23,1.25,1.07,0.37,1.53,0.9,1.73,1.14,1.23,0.43,1,intimo
intruso,intruder,1.03,0.18,2.47,1.5,1.47,0.94,3.6,1.22,1.5,0.82,1,intruso
inundación,flood,1.23,0.57,2.5,1.46,3.67,1.27,3.5,1.33,1.5,0.86,1,inundacion
inútil,useless,1.27,0.83,2.53,1.38,2.9,1.42,1.87,1.48,2.0,1.39,1,inutil
inválido,invalid,1.17,0.75,1.9,1.45,3.83,1.02,2.43,1.57,1.43,0.9,1,invalido
invasión,invasion,1.17,0.46,3.43,1.07,2.77,1.3,3.53,1.07,2.3,1.15,1,invasion
invasor,invader,1.03,0.18,2.9,1.49,2.1,1.3,3.4,1.16,1.8,1.37,1,invasor
invernadero,emissions,2.1,1.35,1.07,0.25,1.37,0.85,1.47,0.97,1.13,0.43,1,invernadero
invertir,invest,2.73,1.31,1.5,0.78,1.57,1.01,2.67,1.18,1.23,0.57,2,invertir
investigador,researcher,3.1,1.49,1.13,0.57,1.2,0.61,1.4,0.77,1.1,0.4,1,investigador
investigadora,researcher,2.83,1.56,1.13,0.35,1.2,0.48,1.5,0.86,1.2,0.48,1,investigadora
invitación,treat,3.6,1.28,1.17,0.59,1.37,0.89,1.5,0.97,1.07,0.25,1,invitacion
invitada,invited,3.27,1.28,1.17,0.46,1.4,0.77,1.57,0.82,1.13,0.43,1,invitada
inyección,injection,1.1,0.31,1.47,0.86,1.9,1.12,3.1,1.32,2.23,1.33,1,inyeccion
irritación,irritation,1.0,0.0,3.0,1.41,2.07,1.11,2.03,0.96,2.2,1.21,1,irritacion
irritar,irritate,1.0,0.0,3.77,1.19,2.47,1.22,1.87,0.97,2.3,1.29,2,irritar
jabalí,wild boar,1.47,0.73,1.43,0.68,1.43,0.82,3.37,1.1,1.83,0.95,1,jabali
jaqueca,headache,1.03,0.18,2.63,1.3,2.73,1.39,2.6,1.33,1.9,1.42,1,jaqueca
jardín,garden,3.4,1.43,1.07,0.37,1.17,0.59,1.03,0.18,1.03,0.18,1,jardin
jardinero,gardener,1.77,1.25,1.07,0.37,1.07,0.25,1.03,0.18,1.03,0.18,1,jardinero
jarra,jug,1.67,1.06,1.07,0.37,1.23,0.63,1.1,0.4,1.17,0.53,1,jarra
jefe,boss,1.47,0.86,2.23,1.17,1.43,0.77,2.07,1.01,1.77,1.1,1,jefe
jerarquía,hierarchy,1.47,0.73,2.8,1.4,2.43,1.38,2.1,1.24,2.83,1.51,1,jerarquia
jeringa,syringe,1.17,0.53,1.37,0.72,1.53,1.01,2.77,1.5,2.63,1.22,1,jeringa
jersey,jersey,2.47,1.14,1.07,0.25,1.23,0.63,1.03,0.18,1.2,0.48,1,jersey
jirafa,giraffe,3.37,1.16,1.07,0.25,1.27,0.58,2.03,1.13,1.03,0.18,1,jirafa
jornalera,laborer,1.46,0.88,1.43,1.0,1.39,0.79,1.18,0.39,1.21,0.79,1,jornalera
joven,young,3.8,1.16,1.23,0.5,1.17,0.46,1.57,1.07,1.03,0.18,1,joven
jovial,jolly,3.93,1.19,1.07,0.37,1.07,0.37,1.07,0.37,1.07,0.37,1,jovial
joya,jewel,3.2,1.37,1.17,0.53,1.13,0.43,1.17,0.46,1.13,0.43,1,joya
jubilado,retired,2.33,1.09,1.1,0.4,2.03,1.25,1.17,0.46,1.1,0.4,1,jubilado
júbilo,joy,4.2,1.19,1.2,0.66,1.27,0.83,1.33,0.76,1.0,0.0,1,jubilo
jubiloso,joyful,3.36,1.47,1.21,0.57,1.29,0.76,1.21,0.57,1.14,0.45,1,jubiloso
juego,game,3.93,1.08,1.3,0.65,1.27,0.64,1.37,0.56,1.03,0.18,1,juego
juez,judge,1.63,1.1,1.43,0.73,1.1,0.4,1.77,1.04,1.13,0.43,1,juez
jugo,juice,2.33,1.3,1.07,0.37,1.13,0.43,1.07,0.25,1.77,0.97,1,jugo
juguete,toy,3.9,1.09,1.13,0.43,1.33,0.61,1.37,0.85,1.0,0.0,1,juguete
justicia,justice,3.63,1.33,2.27,1.28,2.17,1.26,2.17,1.23,2.13,1.38,1,justicia
juventud,youth,3.83,0.95,1.5,1.11,1.57,1.17,1.6,1.19,1.03,0.18,1,juventud
ketchup,ketchup,2.1,1.37,1.0,0.0,1.0,0.0,1.07,0.37,1.37,0.81,1,ketchup
koala,koala,3.37,1.27,1.1,0.4,1.37,0.76,1.6,0.93,1.17,0.59,1,koala
laberinto,maze,1.33,0.66,2.23,1.25,1.8,1.1,3.07,1.31,1.33,0.84,1,laberinto
laboratorio,laboratory,1.97,0.93,1.3,0.75,1.37,0.76,1.67,0.84,1.63,0.93,1,laboratorio
lado,side,1.37,0.96,1.33,0.88,1.57,1.14,1.37,0.85,1.33,0.88,1,lado
ladrillo,brick,1.1,0.4,1.3,0.7,1.03,0.18,1.57,1.01,1.03,0.18,1,ladrillo
ladrón,thief,1.23,0.82,3.7,1.21,2.53,1.28,3.87,1.01,2.6,1.45,1,ladron
ladrona,thief,1.1,0.4,3.57,1.19,2.87,1.2,3.3,1.37,2.37,1.35,1,ladrona
lagartija,lizard,1.8,1.03,1.43,0.77,1.33,0.76,2.0,1.23,2.6,1.5,1,lagartija
lagarto,lizard,1.6,0.81,1.07,0.25,1.0,0.0,1.6,0.93,2.2,1.47,1,lagarto
lago,lake,3.4,1.19,1.0,0.0,1.27,0.58,1.6,0.81,1.17,0.59,1,lago
lágrima,tear,1.97,1.52,2.5,1.55,4.07,1.08,2.07,1.17,1.13,0.57,1,lagrima
lamento,regret,1.27,0.78,2.03,1.19,4.1,1.12,2.67,1.27,1.6,0.93,1,lamento
lámpara,lamp,2.13,1.38,1.03,0.18,1.1,0.31,1.13,0.57,1.03,0.18,1,lampara
lancha,boat,2.83,1.32,1.17,0.46,1.1,0.4,1.73,1.05,1.1,0.4,1,lancha
lánguido,listless,1.12,0.33,1.24,0.66,2.6,1.29,1.56,0.87,1.56,0.87,3,languido
lanza,lance,1.53,1.28,2.47,1.59,1.6,1.07,2.4,1.28,1.2,0.55,1,lanza
lástima,pity,1.03,0.18,2.2,1.35,4.33,0.96,2.2,1.45,1.93,1.2,1,lastima
lata,can,1.6,0.86,1.3,0.75,1.13,0.43,1.3,0.88,1.5,1.04,1,lata
latido,beat,3.5,1.07,1.27,0.74,1.57,1.04,1.97,1.13,1.17,0.75,1,latido
látigo,whip,1.4,0.97,2.63,1.65,1.83,1.26,2.8,1.58,1.63,0.96,1,latigo
lavabo,bathroom,1.67,1.18,1.07,0.25,1.1,0.31,1.17,0.38,2.0,1.11,1,lavabo
leal,loyal,3.83,1.23,1.2,0.55,1.2,0.76,1.37,0.81,1.07,0.25,1,leal
leche,milk,2.13,1.25,1.07,0.37,1.13,0.51,1.13,0.43,1.47,0.9,1,leche
lechera,milkmaid,2.31,1.2,1.21,0.49,1.41,0.95,1.17,0.6,1.52,0.91,1,lechera
lechero,milkman,1.97,1.25,1.1,0.55,1.2,0.66,1.03,0.18,1.37,0.81,3,lechero
lechuza,owl,2.37,1.35,1.07,0.25,1.3,0.6,2.0,0.87,1.57,0.97,1,lechuza
legalidad,legality,2.43,1.5,1.83,1.05,1.53,0.97,1.77,1.1,1.87,1.31,1,legalidad
lejos,away,1.9,1.16,2.37,1.25,3.7,1.21,3.17,1.32,1.6,1.1,1,lejos
lentilla,contact lens,2.0,1.6,1.3,0.84,1.47,1.01,1.77,1.22,1.77,1.22,1,lentilla
lento,slow,1.3,0.53,2.2,1.24,2.0,1.14,1.7,1.06,1.63,1.07,3,lento
leñador,woodcutter,1.57,0.94,1.13,0.43,1.07,0.37,1.27,0.58,1.07,0.37,1,lenador
león,lion,2.83,1.26,1.93,1.23,1.17,0.46,3.13,1.11,1.03,0.18,1,leon
leopardo,leopard,2.47,1.46,1.3,0.88,1.27,0.64,3.67,1.15,1.1,0.4,1,leopardo
lepra,leprosy,1.0,0.0,2.24,1.53,3.31,1.51,3.21,1.7,3.41,1.43,1,lepra
lesbiana,lesbian,1.87,1.14,1.13,0.43,1.1,0.55,1.03,0.18,1.2,0.61,1,lesbiana
lesión,injury,1.0,0.0,2.23,1.33,3.33,1.09,2.8,1.4,1.5,1.01,1,lesion
letra,letter,3.0,1.51,1.33,0.76,1.67,0.88,1.53,0.94,1.23,0.68,1,letra
leyenda,legend,2.47,1.25,1.3,0.7,1.67,1.06,2.0,1.29,1.37,0.76,1,leyenda
libélula,dragonfly,1.9,1.12,1.23,0.57,1.23,0.57,1.8,1.06,2.17,1.21,1,libelula
liberación,liberty,4.27,1.05,1.37,0.76,1.4,0.89,1.67,1.06,1.0,0.0,1,liberacion
liberar,release,4.13,0.86,1.37,0.81,1.43,0.77,1.73,0.98,1.17,0.53,1,liberar
libertad,freedom,4.63,0.67,1.43,1.01,1.3,1.02,1.83,1.21,1.17,0.75,1,libertad
libre,free,4.43,1.07,1.1,0.4,1.2,0.61,1.73,0.94,1.03,0.18,1,libre
librería,bookshop,3.27,1.44,1.13,0.43,1.27,0.74,1.2,0.66,1.07,0.37,1,libreria
libreta,book,1.73,1.05,1.03,0.18,1.0,0.0,1.03,0.18,1.0,0.0,1,libreta
libro,book,3.43,1.14,1.33,0.66,1.67,0.92,1.53,0.94,1.23,0.63,1,libro
licenciada,degree,3.73,1.41,1.0,0.0,1.2,0.48,1.33,0.61,1.0,0.0,1,licenciada
licenciado,grass,4.1,1.21,1.27,0.83,1.37,0.96,1.57,1.14,1.03,0.18,3,licenciado
líder,leader,2.23,1.25,1.8,1.19,1.47,0.86,1.9,1.03,1.37,0.81,1,lider
liebre,hare,2.4,1.07,1.17,0.46,1.1,0.31,1.43,0.86,1.3,0.65,1,liebre
liga,garter,1.77,1.07,1.4,1.0,1.2,0.55,1.17,0.59,1.13,0.35,1,liga
lija,sanding,1.0,0.0,1.27,0.91,1.1,0.31,1.17,0.38,1.1,0.31,1,lija
lima,lime,2.03,1.15,1.41,0.91,1.38,0.94,1.31,0.93,1.62,1.18,1,lima
limón,lemon,2.1,1.06,1.03,0.18,1.13,0.35,1.07,0.25,1.33,0.66,1,limon
limpiador,cleaner,1.9,1.18,1.0,0.0,1.43,0.68,1.0,0.0,1.1,0.31,1,limpiador
lince,lynx,2.57,1.43,1.17,0.53,1.77,1.1,2.3,1.21,1.2,0.55,1,lince
linterna,lantern,1.8,1.16,1.13,0.35,1.1,0.31,1.43,0.73,1.03,0.18,1,linterna
lío,mess,1.8,1.21,1.87,0.9,1.77,1.1,2.23,1.22,1.5,1.07,1,lio
lira,lira,2.25,1.42,1.08,0.28,1.71,1.08,1.13,0.45,1.08,0.28,1,lira
liso,smooth,1.97,1.33,1.13,0.43,1.17,0.53,1.07,0.37,1.17,0.65,3,liso
lista,list,2.73,1.41,1.87,1.38,1.53,0.94,1.77,1.25,1.7,1.21,1,lista
litro,quart,1.67,1.27,1.17,0.65,1.2,0.66,1.2,0.66,1.27,0.83,1,litro
llama,flame,2.23,1.41,1.67,1.09,1.8,1.37,2.67,1.56,1.3,0.79,1,llama
llamada,call,3.07,1.2,1.17,0.46,1.6,0.97,2.03,1.16,1.03,0.18,1,llamada
llano,plain,1.6,1.07,1.23,0.68,1.3,0.79,1.13,0.35,1.17,0.59,3,llano
llave,key,2.17,1.32,1.23,0.5,1.3,0.75,1.5,0.86,1.03,0.18,1,llave
lloriqueo,blubber,1.3,0.75,2.53,1.59,3.57,1.17,2.13,1.57,1.47,0.97,1,lloriqueo
llovizna,drizzle,2.24,1.24,1.38,0.78,2.45,1.15,1.38,0.73,1.17,0.47,1,llovizna
lluvia,rain,2.1,1.32,1.27,0.64,2.67,1.4,1.43,0.86,1.23,0.68,1,lluvia
lobo,wolf,2.1,1.32,1.7,1.15,1.5,0.97,3.83,1.12,1.43,0.9,1,lobo
lóbrego,dreary,1.06,0.25,1.13,0.5,2.75,1.29,2.63,1.54,1.44,0.81,3,lobrego
loca,crazy,1.7,1.06,2.13,1.22,2.5,1.07,2.83,1.21,1.57,0.9,1,loca
local,local,2.13,1.28,1.4,0.72,1.33,0.71,1.7,1.02,1.3,0.6,1,local
loco,mad,1.5,1.07,1.93,1.28,2.6,1.4,2.87,1.57,1.3,0.65,3,loco
logro,achievement,4.53,0.78,1.33,0.55,1.17,0.46,1.97,1.16,1.07,0.25,1,logro
lombriz,worm,1.17,0.53,1.4,1.07,1.27,0.74,1.63,0.93,3.7,1.26,1,lombriz
loro,parrot,3.3,1.32,1.07,0.37,1.13,0.43,1.53,0.78,1.13,0.43,1,loro
lotería,lottery,3.9,1.12,1.4,0.72,1.6,1.13,1.37,0.72,1.3,0.7,1,loteria
lucha,fight,1.8,1.27,3.37,1.16,2.33,1.49,2.67,1.21,1.47,1.01,1,lucha
luchador,fighter,2.27,1.23,1.97,1.3,1.47,0.82,1.9,1.12,1.27,0.58,1,luchador
luciérnaga,firefly,2.4,1.1,1.13,0.43,1.27,0.64,1.57,0.94,1.67,0.66,1,luciernaga
ludópata,compulsive gambler,1.41,0.98,2.03,1.4,2.45,1.4,2.17,1.26,1.79,1.26,1,ludopata
lugar,place,2.33,1.12,1.2,0.55,1.7,0.88,1.6,0.86,1.3,0.6,1,lugar
lujo,luxury,3.53,1.14,1.43,0.68,1.27,0.58,1.23,0.5,1.37,0.72,1,lujo
lujuria,lust,2.63,1.25,1.6,1.04,1.2,0.55,1.5,0.86,1.5,0.78,1,lujuria
lunar,mole,1.66,1.17,1.1,0.41,1.1,0.41,1.28,0.59,1.31,0.54,1,lunar
machete,machete,1.17,0.46,2.23,1.17,1.73,1.05,3.43,1.1,1.7,1.09,1,machete
machista,sexist,1.17,0.46,4.07,1.2,3.17,1.58,2.53,1.43,3.8,1.58,1,machista
madrastra,stepmother,1.63,0.85,2.4,1.52,2.77,1.43,2.33,1.21,2.03,1.47,1,madrastra
maduración,maturation,2.97,1.27,1.23,0.63,1.87,1.11,1.77,0.97,1.5,0.86,1,maduracion
maestra,teacher,3.13,1.22,1.67,1.12,1.5,0.97,1.93,1.14,1.37,0.89,1,maestra
maestro,teacher,2.57,1.07,1.3,0.65,1.3,0.7,1.47,0.78,1.13,0.43,3,maestro
mafioso,mafioso,1.17,0.46,2.8,1.4,1.93,1.31,3.4,1.25,2.6,1.54,1,mafioso
magdalena,muffin,2.7,1.42,1.03,0.18,1.23,0.68,1.13,0.51,1.13,0.43,1,magdalena
mágico,magical,3.7,1.02,1.13,0.43,1.17,0.65,1.83,1.23,1.07,0.25,3,magico
magistral,masterful,1.93,1.14,1.13,0.43,1.2,0.55,1.17,0.53,1.17,0.46,1,magistral
mago,magician,3.33,0.99,1.17,0.53,1.13,0.51,1.4,0.77,1.1,0.4,1,mago
maíz,corn,2.23,1.36,1.23,0.77,1.3,0.79,1.23,0.73,1.5,0.97,1,maiz
malabarista,juggler,2.93,1.17,1.17,0.65,1.27,0.69,1.5,0.82,1.07,0.37,1,malabarista
malaria,malaria,1.0,0.0,2.79,1.32,4.24,1.12,4.1,1.18,2.38,1.52,1,malaria
maldad,evil,1.13,0.35,3.8,1.37,3.23,1.36,3.43,1.55,3.07,1.53,1,maldad
maldición,curse,1.0,0.0,3.23,1.3,2.97,1.52,3.8,1.4,1.93,1.55,1,maldicion
maldito,damn,1.03,0.18,2.53,1.31,2.2,1.24,3.1,1.32,1.63,0.93,3,maldito
maleducado,rude,1.0,0.0,3.53,1.07,2.37,1.35,1.43,0.73,2.7,1.51,1,maleducado
maleficio,hex,1.3,0.84,2.13,1.31,1.97,1.13,2.8,1.56,1.7,1.09,1,maleficio
maleta,suitcase,3.2,1.49,1.23,0.57,2.0,1.11,1.8,1.03,1.17,0.46,1,maleta
maletero,trunk,1.31,0.76,1.07,0.26,1.14,0.44,1.34,0.81,1.24,0.69,1,maletero
malicia,malice,1.03,0.18,3.6,1.33,3.17,1.51,3.43,1.17,2.77,1.5,1,malicia
maltrato,abuse,1.0,0.0,4.53,0.82,4.33,1.03,3.87,1.36,3.87,1.33,1,maltrato
malvado,wicked,1.03,0.18,3.27,1.6,2.5,1.48,3.23,1.52,2.23,1.38,1,malvado
manejo,handling,1.93,1.12,1.46,1.1,1.46,1.04,1.54,0.92,1.32,0.9,1,manejo
manera,manner,1.4,0.86,1.1,0.4,1.13,0.51,1.1,0.4,1.1,0.4,1,manera
manga,manga,1.73,1.05,1.13,0.51,1.23,0.63,1.2,0.61,1.37,0.76,1,manga
mango,mango,3.21,1.66,1.1,0.41,1.14,0.44,1.1,0.31,1.48,0.91,1,mango
manguera,hydrant,1.8,1.1,1.27,0.64,1.3,0.65,1.3,0.65,1.33,0.66,1,manguera
maníaco,maniac,1.1,0.4,2.03,1.43,2.27,1.31,2.8,1.24,1.27,0.83,1,maniaco
manicomio,madhouse,1.2,0.55,2.23,1.25,3.63,1.13,3.67,1.12,2.07,1.28,1,manicomio
maniquí,dummy,1.23,0.5,1.23,0.63,1.27,0.74,1.63,1.0,1.2,0.66,1,maniqui
mano,hand,2.37,1.35,1.23,0.5,1.23,0.77,1.4,0.72,1.27,0.69,1,mano
manosear,tamper,1.4,0.81,2.2,1.24,1.6,1.1,2.1,1.18,3.23,1.28,1,manosear
manso,meek,1.72,0.92,1.14,0.44,1.55,0.83,1.28,0.7,1.21,0.49,1,manso
manta,blanket,3.27,1.26,1.2,0.66,1.67,0.92,1.2,0.66,1.2,0.55,1,manta
mantel,tablecloth,1.6,0.93,1.17,0.46,1.23,0.57,1.03,0.18,1.33,0.66,1,mantel
mantequilla,butter,2.1,1.18,1.0,0.0,1.0,0.0,1.07,0.25,1.3,0.6,1,mantequilla
manto,mantle,1.88,1.07,1.27,0.6,1.5,0.99,1.42,0.76,1.31,0.79,1,manto
manual,manual,1.97,1.22,1.37,0.67,1.4,0.72,1.23,0.5,1.33,0.66,1,manual
manuscrito,manuscript,1.87,1.07,1.2,0.61,1.3,0.6,1.33,0.76,1.2,0.61,1,manuscrito
manzana,apple,2.8,1.37,1.07,0.25,1.03,0.18,1.1,0.4,1.17,0.46,1,manzana
mapache,raccoon,2.5,1.25,1.1,0.31,1.07,0.25,2.33,1.24,1.63,0.96,1,mapache
maquillaje,make up,2.9,1.4,1.2,0.55,1.3,0.65,1.5,0.86,1.47,0.94,1,maquillaje
máquina,machine,1.3,0.65,1.13,0.57,1.17,0.46,1.3,0.79,1.2,0.76,1,maquina
maquinilla,razor,1.13,0.51,1.13,0.51,1.07,0.37,1.37,0.93,1.13,0.43,1,maquinilla
maravilla,wonder,4.24,0.95,1.1,0.41,1.14,0.58,1.17,0.54,1.1,0.41,1,maravilla
marca,brand,1.7,1.09,1.37,0.85,1.3,0.65,1.2,0.55,1.5,1.07,1,marca
marco,frame,1.7,0.92,1.23,0.5,1.4,0.72,1.27,0.52,1.2,0.48,1,marco
mareado,seasick,1.03,0.18,1.3,0.7,2.2,1.3,2.4,1.35,2.37,1.35,1,mareado
margen,margin,1.17,0.46,1.27,0.64,1.27,0.69,1.3,0.75,1.13,0.43,1,margen
marido,husband,3.03,1.22,1.57,0.86,1.77,1.04,1.97,0.93,1.3,0.75,1,marido
mariposa,butterfly,3.23,1.25,1.17,0.53,1.33,0.8,1.33,0.61,1.77,1.28,1,mariposa
mariquita,sissy,3.07,1.28,1.23,0.57,1.27,0.69,1.33,0.66,1.3,0.6,1,mariquita
marqués,marquis,1.57,0.82,2.43,1.52,1.8,1.32,1.6,1.19,2.43,1.63,1,marques
martillo,hammer,1.27,0.74,1.53,0.97,1.2,0.61,1.7,1.06,1.07,0.37,1,martillo
mártir,martyr,1.1,0.41,2.45,1.53,3.55,1.12,1.97,1.21,1.34,0.77,1,martir
masacre,massacre,1.0,0.0,4.23,1.17,4.67,0.48,4.4,0.93,3.67,1.47,1,masacre
masajista,massage,3.8,1.32,1.1,0.31,1.03,0.18,1.4,0.86,1.33,0.84,1,masajista
máscara,mask,2.17,1.12,1.97,1.25,2.17,1.26,2.3,1.26,1.73,1.01,1,mascara
mascota,pet,3.87,1.57,1.07,0.25,1.7,1.21,1.37,0.85,1.13,0.35,1,mascota
masturbación,masturbation,3.33,1.37,1.3,1.02,1.23,0.82,1.3,1.02,1.7,1.12,1,masturbacion
masturbarse,masturbate,3.1,1.45,1.2,0.76,1.13,0.43,1.17,0.46,1.43,0.63,1,masturbarse
matanza,slaughter,1.07,0.25,3.8,1.32,3.7,1.44,3.77,1.38,3.73,1.46,1,matanza
mate,matt,2.0,1.41,1.13,0.57,1.3,0.75,1.33,0.8,1.37,1.0,1,mate
matemático,mathematician,1.6,0.97,1.17,0.59,1.3,0.7,1.23,0.5,1.13,0.35,3,matematico
materia,matter,1.47,1.01,1.37,0.93,1.37,0.81,1.57,1.14,1.5,1.07,1,materia
material,material,1.53,0.94,1.27,0.64,1.3,0.7,1.3,0.75,1.3,0.75,1,material
maternidad,motherhood,3.93,1.34,1.17,0.46,1.33,0.8,2.5,1.36,1.27,0.58,1,maternidad
matrimonio,marriage,3.47,1.28,1.67,1.03,1.87,1.07,2.8,1.37,1.27,0.83,1,matrimonio
mayordomo,butler,1.7,0.84,1.43,1.01,1.97,1.13,1.03,0.18,1.1,0.4,1,mayordomo
mecánica,mechanics,1.43,0.77,1.43,0.9,1.47,1.11,1.7,1.15,1.5,0.9,1,mecanica
mecanismo,mechanism,1.53,0.94,1.57,0.97,1.37,0.85,1.53,0.82,1.33,0.66,1,mecanismo
mecedora,rocker,2.13,1.55,1.07,0.37,1.73,1.01,1.17,0.53,1.07,0.37,1,mecedora
mechero,lighter,1.57,1.19,1.47,0.97,1.37,0.76,2.1,1.21,1.4,0.86,1,mechero
mechón,tuft,1.63,1.1,1.1,0.55,1.0,0.0,1.0,0.0,1.23,0.43,1,mechon
media,average,1.57,0.86,1.4,0.77,1.53,0.78,1.53,0.97,1.3,0.6,1,media
medicina,medicine,2.27,1.34,1.33,0.8,1.77,1.17,1.9,1.09,1.67,0.96,1,medicina
médico,doctor,1.77,1.07,1.57,0.97,2.03,1.25,2.77,1.28,1.57,1.1,3,medico
medusa,jellyfish,1.4,0.72,1.8,1.35,1.47,0.78,3.67,1.27,3.03,1.38,1,medusa
mejillón,mussel,1.8,1.16,1.0,0.0,1.1,0.4,1.0,0.0,1.73,0.83,1,mejillon
mejorar,improve,4.3,0.88,1.17,0.38,1.2,0.48,2.03,1.33,1.13,0.35,1,mejorar
melena,mane,3.17,1.51,1.13,0.43,1.17,0.46,1.03,0.18,1.07,0.25,1,melena
melodía,melody,3.9,1.18,1.59,1.12,2.66,1.52,1.52,0.99,1.21,0.62,1,melodia
memoria,memory,3.07,1.36,1.63,1.03,2.27,1.34,2.1,1.27,1.23,0.68,1,memoria
mendigo,beggar,1.1,0.31,1.8,1.3,4.2,0.76,2.03,1.16,1.73,0.94,1,mendigo
menosprecio,contempt,1.0,0.0,3.27,1.26,3.2,1.54,2.1,1.32,2.63,1.35,1,menosprecio
mensaje,message,2.8,1.45,1.27,0.58,1.6,0.97,1.73,0.78,1.23,0.68,1,mensaje
mensajero,messenger,2.47,1.14,1.27,0.64,1.53,0.78,1.37,0.61,1.17,0.53,1,mensajero
menstruación,menstruation,2.07,1.41,2.21,1.35,2.21,1.32,1.24,0.58,2.83,1.31,1,menstruacion
mente,mind,3.1,1.52,1.57,0.97,1.6,1.07,2.23,1.33,1.27,0.83,1,mente
mentira,lie,1.2,0.48,3.73,1.08,3.6,1.4,2.3,1.21,2.8,1.54,1,mentira
mentón,chin,1.33,0.71,1.27,0.69,1.27,0.69,1.2,0.61,1.27,0.69,1,menton
mercader,merchant,1.43,0.73,1.17,0.53,1.03,0.18,1.03,0.18,1.03,0.18,1,mercader
mercado,market,2.67,1.18,1.47,0.97,1.1,0.4,1.37,0.81,1.4,0.72,1,mercado
mercenario,mercenary,1.03,0.19,2.31,1.37,1.62,1.15,2.52,1.53,1.86,1.41,1,mercenario
mérito,merit,4.77,0.57,1.1,0.55,1.17,0.53,1.47,0.82,1.1,0.55,1,merito
mermelada,jelly,2.87,1.59,1.07,0.25,1.03,0.18,1.03,0.18,1.43,0.9,1,mermelada
mero,mere,1.35,0.75,1.12,0.43,1.19,0.49,1.19,0.63,1.69,1.12,3,mero
mes,month,1.33,0.66,1.1,0.4,1.13,0.43,1.13,0.43,1.1,0.4,1,mes
mesa,table,1.83,1.12,1.23,0.73,1.2,0.61,1.17,0.53,1.2,0.55,1,mesa
metal,metal,1.37,0.72,1.57,0.97,1.27,0.69,1.7,1.06,1.27,0.74,1,metal
método,method,1.7,0.95,1.17,0.46,1.3,0.7,1.37,0.72,1.27,0.58,1,metodo
mezquita,mosque,1.5,0.9,1.7,0.99,1.57,0.9,1.8,0.89,1.7,1.02,1,mezquita
micrófono,microphone,2.1,1.09,1.0,0.0,1.17,0.53,1.43,0.73,1.0,0.0,1,microfono
microscopio,microscope,2.03,1.27,1.03,0.18,1.0,0.0,1.17,0.53,1.13,0.35,1,microscopio
miedo,fear,1.07,0.25,1.97,1.07,2.4,1.16,4.1,1.21,1.5,0.73,1,miedo
miedoso,afraid,1.23,0.77,1.83,1.18,2.47,1.25,2.7,1.76,1.53,1.25,1,miedoso
miel,honey,2.93,1.46,1.0,0.0,1.03,0.18,1.03,0.18,1.37,0.61,1,miel
miembro,member,1.67,0.99,1.1,0.31,1.13,0.35,1.1,0.31,1.23,0.57,1,miembro
milagro,miracle,3.57,1.01,1.23,0.57,1.27,0.58,1.83,1.09,1.27,0.58,1,milagro
militar,military,1.67,0.76,1.77,0.94,1.77,0.94,2.4,1.19,1.33,0.61,1,militar
millonaria,millionaire,3.0,1.53,2.4,1.3,1.93,1.17,1.7,1.09,2.4,1.48,1,millonaria
millonario,millionaire,3.5,1.36,1.87,1.14,1.63,1.03,1.53,0.9,1.9,1.3,3,millonario
mimo,mime,3.47,1.48,1.17,0.59,1.43,0.77,1.63,1.0,1.23,0.57,1,mimo
mina,mine,1.31,0.66,1.97,1.4,2.41,1.45,2.93,1.49,1.79,1.21,1,mina
minifalda,miniskirt,2.7,1.26,1.3,0.65,1.23,0.77,1.27,0.69,1.37,0.81,1,minifalda
ministra,minister,1.37,0.49,2.6,1.28,2.0,1.11,1.9,1.09,2.23,1.36,1,ministra
ministro,minister,1.0,0.0,3.27,1.55,2.27,1.64,1.63,1.25,2.8,1.58,1,ministro
miseria,misery,1.07,0.25,2.8,1.49,4.2,1.1,3.07,1.44,1.77,1.1,1,miseria
misil,missile,1.13,0.43,3.97,1.22,4.1,1.24,4.53,0.86,3.4,1.59,1,misil
misionero,missionary,2.6,1.45,1.1,0.4,1.53,0.94,1.17,0.53,1.07,0.37,3,misionero
misterio,mystery,2.37,1.25,1.67,0.92,1.77,1.14,3.33,0.99,1.43,0.97,1,misterio
místico,mystic,2.43,1.3,1.13,0.43,1.3,0.6,2.47,1.14,1.27,0.58,3,mistico
mochila,backpack,2.03,1.35,1.17,0.53,1.33,0.84,1.1,0.4,1.1,0.4,1,mochila
moco,mucus,1.3,0.84,1.37,0.89,1.3,0.88,1.2,0.61,3.93,0.94,1,moco
modesto,modest,2.7,1.26,1.1,0.4,1.27,0.58,1.2,0.55,1.13,0.43,3,modesto
modista,dressmaker,2.83,1.39,1.33,0.88,1.43,0.94,1.37,0.67,1.33,0.8,1,modista
mofeta,skunk,1.53,1.01,1.57,1.17,1.37,0.81,2.3,1.34,3.43,1.19,1,mofeta
moho,mildew,1.07,0.37,1.6,1.04,1.6,0.93,2.07,1.34,4.13,1.17,1,moho
molde,mold,1.2,0.55,1.07,0.25,1.17,0.59,1.1,0.4,1.1,0.31,1,molde
molestar,disturb,1.23,0.68,3.6,1.16,2.23,1.22,1.73,1.01,2.1,1.21,2,molestar
molestia,ache,1.07,0.25,2.4,1.4,2.53,1.31,2.27,0.98,1.5,0.82,1,molestia
molino,windmill,1.59,0.91,1.1,0.41,1.07,0.37,1.17,0.54,1.07,0.37,1,molino
momento,moment,2.55,1.33,1.62,1.15,1.79,1.21,1.9,1.23,1.52,1.06,1,momento
mona,mona,2.77,1.22,1.0,0.0,1.1,0.31,1.33,0.61,1.03,0.18,1,mona
monarquía,monarchy,1.27,0.58,2.33,1.42,1.77,1.19,1.27,0.69,2.5,1.59,1,monarquia
monasterio,monastery,1.5,0.82,1.8,1.19,2.1,1.06,2.4,1.16,1.67,1.12,1,monasterio
moneda,coin,2.57,1.52,1.23,0.63,1.27,0.69,1.37,0.81,1.43,0.86,1,moneda
monedero,purse,2.2,1.3,1.07,0.25,1.23,0.77,1.17,0.46,1.2,0.81,1,monedero
monitor,monitor,2.33,1.24,1.3,0.65,1.17,0.53,1.3,0.6,1.17,0.53,1,monitor
monja,nun,1.43,0.82,1.4,0.81,1.77,1.07,1.33,0.71,1.17,0.46,1,monja
monje,monk,1.5,0.9,1.97,1.4,2.13,1.25,1.9,1.06,1.97,1.35,1,monje
mono,cute,2.7,1.26,1.13,0.43,1.2,0.55,1.67,0.96,1.17,0.46,3,mono
montaje,assembly,1.61,0.74,1.71,1.05,1.5,1.0,1.54,0.79,1.57,1.03,1,montaje
montaña,mountain,2.83,1.62,1.07,0.25,1.13,0.35,2.03,1.25,1.1,0.31,1,montana
montón,heap,1.72,1.19,1.34,0.61,1.52,0.83,1.59,0.98,1.52,0.83,1,monton
monumento,monument,2.57,1.17,1.17,0.46,1.4,0.72,1.33,0.76,1.1,0.4,1,monumento
moño,bun,2.0,1.29,1.0,0.0,1.07,0.25,1.0,0.0,1.07,0.25,1,mono
mora,arrears,2.43,1.61,1.17,0.75,1.1,0.31,1.03,0.18,1.3,0.84,1,mora
moral,moral,2.9,1.42,1.4,0.77,1.6,0.97,1.53,1.07,1.27,0.69,1,moral
morboso,morbid,2.5,1.48,1.83,1.32,1.47,1.11,1.63,1.22,2.07,1.28,3,morboso
mordisco,bite,1.73,1.14,2.6,1.33,1.57,0.97,2.33,1.18,2.1,1.03,1,mordisco
morena,brunette,2.27,1.48,1.23,0.57,1.33,0.88,1.43,1.01,1.53,1.07,1,morena
morgue,morgue,1.1,0.44,2.14,1.49,4.24,1.26,3.1,1.48,3.1,1.51,1,morgue
moribundo,dying,1.17,0.65,2.17,1.44,3.83,1.09,3.07,1.36,1.97,1.22,1,moribundo
morsa,walrus,2.6,1.33,1.23,0.73,1.27,0.58,1.8,0.96,1.5,0.82,1,morsa
mosca,fly,1.07,0.37,2.3,1.49,1.07,0.37,1.23,0.68,2.93,1.2,1,mosca
mosquito,mosquito,1.17,0.53,2.6,1.61,1.37,0.93,1.87,1.14,3.13,1.61,1,mosquito
motivo,reason,2.0,1.34,1.47,0.86,1.7,1.09,1.97,1.25,1.13,0.43,1,motivo
moto,bike,2.97,1.45,1.73,1.31,1.87,1.41,2.23,1.1,1.33,0.84,1,moto
motor,engine,1.5,1.14,1.27,0.69,1.13,0.57,1.33,0.76,1.0,0.0,1,motor
motosierra,chainsaw,1.17,0.59,2.8,1.27,1.6,1.0,3.43,1.1,1.53,0.73,1,motosierra
móvil,mobile,2.77,1.36,1.9,1.12,1.9,1.3,1.73,1.17,1.63,1.07,1,movil
movilidad,mobility,3.5,1.61,1.2,0.61,1.2,0.55,1.37,0.72,1.03,0.18,1,movilidad
movimiento,movement,2.83,1.51,1.4,0.72,1.33,0.71,1.83,1.29,1.47,0.97,1,movimiento
mucosidad,mucus,1.0,0.0,1.3,0.7,1.37,0.76,1.1,0.31,3.57,1.22,1,mucosidad
mudo,mute,1.13,0.43,1.23,0.82,3.47,1.25,1.23,0.63,1.17,0.53,3,mudo
mueca,grin,1.93,1.11,1.7,0.84,1.7,0.79,1.73,0.87,1.97,1.19,1,mueca
muelle,spring,1.67,0.92,1.07,0.25,1.27,0.52,1.17,0.46,1.13,0.57,1,muelle
muerte,death,1.0,0.0,2.87,1.55,4.67,0.76,4.2,1.19,1.83,1.37,1,muerte
muerto,dead,1.0,0.0,2.27,1.36,4.53,0.97,3.53,1.53,2.17,1.42,1,muerto
muestra,sample,1.37,0.72,1.13,0.43,1.1,0.4,1.2,0.48,1.33,0.71,1,muestra
mugre,grime,1.03,0.18,1.87,1.14,1.8,1.1,1.7,1.02,4.43,0.73,1,mugre
mujer,woman,3.23,1.68,1.3,0.84,1.43,0.9,1.3,0.84,1.2,0.66,1,mujer
muleta,crutch,1.2,0.61,1.77,1.07,2.13,1.25,1.77,1.01,1.33,0.84,1,muleta
multa,penalty,1.0,0.0,4.07,1.11,3.17,1.46,2.7,1.37,2.27,1.57,1,multa
mundo,world,3.6,1.19,1.97,0.96,2.47,1.17,2.2,1.16,1.97,1.07,1,mundo
municipio,municipality,1.67,1.03,1.07,0.25,1.2,0.48,1.07,0.25,1.03,0.18,1,municipio
muñeca,doll,2.93,1.34,1.2,0.66,1.3,0.84,1.53,1.01,1.13,0.57,1,muneca
murciélago,bat,1.47,0.82,1.27,0.58,1.2,0.66,2.77,1.33,2.97,1.43,1,murcielago
músculo,muscle,2.07,1.34,1.5,0.97,1.27,0.64,1.43,0.77,1.77,1.07,1,musculo
musculoso,muscular,1.93,1.25,1.17,0.38,1.1,0.41,1.48,0.91,1.69,0.89,1,musculoso
museo,museum,3.1,1.18,1.13,0.43,1.37,0.76,1.23,0.57,1.17,0.46,1,museo
música,music,4.83,0.38,1.33,1.03,2.83,1.64,1.47,1.04,1.2,0.81,1,musica
músico,musician,3.93,1.17,1.27,0.91,1.7,1.12,1.03,0.18,1.0,0.0,1,musico
mutación,mutation,1.27,0.69,1.57,0.94,2.1,1.27,2.7,1.21,1.77,1.1,1,mutacion
mutilación,mutilation,1.0,0.0,4.03,1.16,3.83,1.34,4.1,1.24,4.17,1.15,1,mutilacion
mutilar,mutilate,1.0,0.0,3.57,1.5,3.83,1.37,4.23,1.22,3.93,1.26,2,mutilar
nacimiento,birth,4.17,1.15,1.07,0.37,1.17,0.65,1.67,0.88,1.23,0.5,1,nacimiento
nación,nation,2.73,1.41,1.37,0.67,1.67,1.21,1.6,0.97,1.43,0.73,1,nacion
nadador,swimmer,2.37,1.27,1.03,0.18,1.03,0.18,1.2,0.61,1.0,0.0,1,nadador
nadadora,swimmer,2.97,1.27,1.23,0.68,1.33,0.8,1.6,1.13,1.13,0.43,1,nadadora
narcótico,narcotic,1.2,0.61,1.9,1.35,2.57,1.48,3.1,1.47,2.17,1.34,1,narcotico
natural,natural,2.93,1.51,1.1,0.55,1.07,0.25,1.13,0.57,1.1,0.4,1,natural
naturaleza,nature,4.13,0.94,1.2,0.55,1.7,0.95,2.03,1.16,1.27,0.58,1,naturaleza
naufragio,shipwreck,1.2,0.66,2.3,1.21,3.67,0.84,3.7,0.88,1.53,0.97,1,naufragio
navaja,knife,1.2,0.48,2.33,1.37,1.73,1.2,3.6,1.3,1.57,0.97,1,navaja
navajero,navajero,1.04,0.19,1.79,1.03,1.43,0.69,2.71,1.08,1.25,0.52,1,navajero
navidad,christmas,4.23,0.86,1.27,0.64,1.63,0.89,1.2,0.55,1.13,0.51,1,navidad
necesitar,need,1.6,0.97,1.93,1.14,3.0,0.98,2.57,1.25,1.17,0.46,2,necesitar
néctar,nectar,2.17,1.15,1.0,0.0,1.03,0.18,1.03,0.18,1.0,0.0,1,nectar
negligencia,neglect,1.03,0.19,3.03,1.35,2.83,1.34,2.72,1.51,1.97,1.21,1,negligencia
negro,black,1.37,0.89,1.67,1.3,2.3,1.32,2.33,1.58,1.2,0.61,3,negro
nene,infant,3.27,1.6,1.13,0.43,1.03,0.18,1.33,0.92,1.2,0.61,1,nene
nervio,nerve,1.27,0.58,2.0,1.11,1.47,0.94,2.13,1.17,1.73,1.14,1,nervio
nervioso,nervous,1.7,1.15,2.37,1.3,2.5,1.2,3.13,1.53,1.67,1.12,1,nervioso
neurótico,neurotic,1.1,0.31,2.37,1.38,2.67,1.24,3.3,0.88,1.63,0.96,1,neurotico
nevera,icebox,2.17,1.42,1.17,0.53,1.3,0.65,1.23,0.63,1.27,0.64,1,nevera
niebla,fog,1.37,1.07,1.27,0.52,2.47,1.2,2.53,1.11,1.17,0.59,1,niebla
nieta,granddaughter,3.53,1.31,1.23,0.73,1.67,0.88,1.57,0.97,1.07,0.37,1,nieta
nieto,grandson,4.23,1.07,1.17,0.53,1.6,1.13,1.37,1.07,1.1,0.4,1,nieto
nieve,snow,4.2,1.0,1.03,0.18,1.27,0.78,1.6,0.93,1.0,0.0,1,nieve
niña,girl,3.37,1.38,1.3,0.84,1.43,0.73,1.47,0.82,1.07,0.25,1,nina
niño,child,4.2,0.96,1.23,0.5,1.13,0.35,1.53,0.9,1.07,0.25,1,nino
nitrógeno,nitrogen,1.33,0.61,1.13,0.43,1.13,0.43,1.63,1.07,1.37,0.93,1,nitrogeno
noción,notion,1.67,0.84,1.2,0.66,1.23,0.77,1.3,0.84,1.03,0.18,1,nocion
nombre,name,1.33,0.71,1.1,0.4,1.17,0.53,1.07,0.37,1.07,0.37,1,nombre
notario,notary,1.27,0.69,1.43,0.82,1.53,1.01,1.37,0.76,1.33,0.92,1,notario
noticias,news,2.4,1.19,2.63,1.27,2.97,1.22,2.5,1.22,1.93,1.08,1,noticias
novedad,novelty,3.47,0.82,1.27,0.58,1.4,0.67,2.2,0.85,1.23,0.5,1,novedad
novela,novel,3.13,1.2,1.7,0.99,2.57,1.3,1.63,1.03,1.33,0.92,1,novela
novia,bride,3.9,1.03,1.53,0.86,1.63,0.96,2.1,1.12,1.2,0.55,1,novia
novio,sweetheart,4.13,1.2,1.6,1.1,1.93,1.14,2.23,1.22,1.23,0.43,1,novio
nubes,clouds,2.37,1.35,1.0,0.0,1.47,0.86,1.3,0.75,1.07,0.37,1,nubes
nublado,overcast,1.23,0.43,1.63,0.85,3.3,1.12,1.87,1.28,1.63,1.16,1,nublado
nuclear,nuclear,1.27,0.69,2.93,1.28,3.17,1.26,3.97,1.07,2.8,1.32,1,nuclear
nudo,knot,1.23,0.57,1.27,0.64,1.53,0.78,1.4,0.86,1.23,0.57,1,nudo
nutria,otter,2.8,1.45,1.13,0.51,1.3,0.65,1.53,0.78,1.47,0.86,1,nutria
nutrir,nourish,2.9,1.45,1.13,0.43,1.27,0.78,1.17,0.46,1.33,0.61,2,nutrir
obedecer,obey,1.33,0.61,2.33,1.15,2.3,1.18,2.1,1.12,2.0,1.26,2,obedecer
obesidad,obesity,1.1,0.31,1.97,1.27,3.2,1.3,2.2,1.52,2.17,1.39,1,obesidad
obispo,bishop,1.27,0.69,2.5,1.43,2.07,1.48,2.0,1.34,2.73,1.44,1,obispo
obsceno,obscene,1.23,0.68,2.03,1.33,1.7,1.18,1.67,0.99,3.13,1.22,1,obsceno
obsequio,gift,4.2,0.85,1.17,0.46,1.23,0.5,1.4,0.56,1.2,0.48,1,obsequio
obsesión,obsession,1.17,0.53,2.07,1.14,2.2,1.37,2.93,1.26,1.5,0.97,1,obsesion
oca,goose,2.27,1.28,1.43,0.77,1.37,0.76,2.13,1.17,1.83,1.02,1,oca
ocaso,sunset,2.82,1.36,1.07,0.38,2.18,0.9,1.57,1.03,1.14,0.52,1,ocaso
océano,ocean,3.67,1.21,1.1,0.4,1.3,0.53,2.8,1.24,1.07,0.25,1,oceano
odiar,hate,1.03,0.18,4.07,1.17,2.8,1.19,2.27,1.2,2.2,1.3,2,odiar
odio,hatred,1.03,0.18,4.1,1.21,3.63,1.4,3.3,1.49,3.13,1.55,1,odio
ofender,offend,1.07,0.25,3.37,1.16,3.0,1.31,2.5,1.38,2.57,1.25,2,ofender
oficina,office,1.6,1.0,1.33,0.61,1.93,1.2,1.4,0.62,1.37,0.61,1,oficina
olla,kettle,1.62,1.24,1.1,0.41,1.14,0.44,1.31,0.97,1.1,0.41,1,olla
ombligo,belly button,1.5,0.82,1.0,0.0,1.03,0.18,1.17,0.53,1.77,1.01,1,ombligo
opción,option,2.07,1.44,1.13,0.73,1.13,0.73,1.5,1.11,1.13,0.73,1,opcion
opinión,opinion,2.37,1.5,1.53,0.97,1.37,0.93,1.6,1.1,1.27,0.83,1,opinion
opio,opium,1.66,1.2,1.76,1.09,2.03,1.4,2.03,1.15,2.59,1.59,1,opio
oportunidad,chance,4.13,1.01,1.07,0.25,1.23,0.68,2.2,1.32,1.0,0.0,1,oportunidad
oposición,opposition,1.63,1.13,1.73,0.87,1.43,0.9,2.07,1.08,1.5,0.9,1,oposicion
optimismo,optimism,4.33,0.96,1.1,0.31,1.27,0.91,1.27,0.69,1.0,0.0,1,optimismo
oración,prayer,1.6,0.89,1.17,0.46,1.77,1.07,1.3,0.7,1.07,0.25,1,oracion
orangután,orangutan,2.5,1.5,1.2,0.48,1.3,0.65,1.67,1.09,1.07,0.25,1,orangutan
ordenado,tidy,3.1,1.24,1.23,0.57,1.13,0.43,1.13,0.43,1.13,0.51,1,ordenado
ordenador,computer,2.47,1.5,1.33,0.71,1.1,0.31,1.23,0.57,1.03,0.18,1,ordenador
orfanato,orphanage,1.2,0.55,2.07,1.36,4.27,1.14,2.9,1.3,1.57,1.04,1,orfanato
órgano,organ,1.63,0.72,1.33,0.71,1.57,0.77,2.1,1.21,2.57,1.3,1,organo
orgasmo,orgasm,4.7,0.53,1.13,0.35,1.2,0.61,1.13,0.43,1.13,0.35,1,orgasmo
orgullo,pride,2.2,1.27,2.5,1.22,2.3,1.32,1.8,1.06,1.8,1.1,1,orgullo
orgulloso,proud,3.07,1.66,1.9,1.12,1.53,0.97,1.33,0.96,1.27,0.58,1,orgulloso
orina,urine,1.1,0.31,1.1,0.55,1.1,0.4,1.17,0.53,3.3,1.21,1,orina
oro,gold,3.2,1.24,1.23,0.63,1.3,0.6,1.5,0.94,1.1,0.4,1,oro
orquesta,orchestra,3.2,1.03,1.2,0.55,1.47,1.01,1.37,0.93,1.1,0.4,1,orquesta
oscuro,dark,1.13,0.43,2.4,1.43,3.2,1.58,3.83,1.23,1.53,1.07,3,oscuro
oso,bear,2.6,1.16,1.3,0.75,1.3,0.7,3.33,0.96,1.23,0.63,1,oso
ostra,oyster,1.37,0.85,1.03,0.18,1.13,0.43,1.33,0.92,2.63,1.43,1,ostra
otoño,autumn,2.2,1.24,1.03,0.18,2.6,1.22,1.1,0.31,1.23,0.57,1,otono
oveja,sheep,2.27,1.31,1.03,0.18,1.07,0.25,1.17,0.75,1.13,0.43,1,oveja
oxidado,rusty,1.1,0.4,1.4,0.77,1.6,1.1,1.47,0.97,2.3,1.26,1,oxidado
paciente,patient,2.07,1.14,1.37,0.76,1.93,1.23,1.8,1.16,1.33,0.76,1,paciente
pacto,pact,2.3,1.21,1.8,1.32,1.67,1.18,2.2,1.19,1.47,1.01,1,pacto
padre,father,3.57,1.61,1.4,0.97,1.57,1.25,1.27,0.83,1.1,0.55,1,padre
página,page,1.53,1.04,1.13,0.43,1.43,0.77,1.13,0.57,1.13,0.51,1,pagina
pájaro,bird,3.3,1.21,1.13,0.43,1.33,0.66,1.37,0.61,1.33,0.84,1,pajaro
pala,shovel,1.4,0.81,1.1,0.4,1.27,0.69,1.23,0.68,1.2,0.66,1,pala
palacio,palace,3.03,1.0,1.2,0.55,1.23,0.43,1.1,0.31,1.17,0.46,1,palacio
palma,palm,1.8,1.19,1.67,1.21,1.47,0.86,1.57,0.97,1.33,0.76,1,palma
palo,stick,1.47,0.97,1.5,0.94,1.13,0.43,1.4,0.97,1.23,0.57,1,palo
paloma,dove,2.0,1.26,1.53,0.97,1.2,0.55,1.73,1.26,2.43,1.45,1,paloma
pamela,pamela,2.1,1.11,1.0,0.0,1.03,0.19,1.03,0.19,1.03,0.19,1,pamela
panadera,baker,2.5,1.07,1.27,0.64,1.47,0.9,1.3,0.95,1.33,0.8,1,panadera
panadero,baker,2.7,1.21,1.1,0.4,1.2,0.66,1.07,0.37,1.07,0.37,3,panadero
pancarta,banner,1.73,1.31,1.6,1.04,1.5,1.11,1.33,0.76,1.2,0.66,1,pancarta
pánico,panic,1.03,0.18,2.37,1.43,2.73,1.36,4.8,0.41,1.6,1.1,1,panico
pantano,swamp,1.47,0.9,1.03,0.18,1.33,0.8,1.93,1.28,1.67,1.09,1,pantano
pantera,panther,2.43,1.28,1.23,0.5,1.17,0.65,3.67,1.12,1.17,0.53,1,pantera
pañuelo,kerchief,1.77,1.17,1.03,0.18,1.5,0.94,1.07,0.37,1.77,1.17,1,panuelo
papa,pope,2.8,1.65,2.0,1.36,1.83,1.23,1.33,0.92,1.87,1.33,1,papa
papagayo,parrot,2.93,1.11,1.07,0.37,1.3,0.84,1.43,0.63,1.1,0.31,1,papagayo
papel,paper,1.8,1.06,1.13,0.35,1.3,0.75,1.1,0.4,1.17,0.59,1,papel
paracaídas,parachute,3.03,1.59,1.37,1.0,1.2,0.61,3.63,1.3,1.17,0.65,1,paracaidas
paraguas,umbrella,1.9,1.12,1.5,1.01,2.17,1.44,1.37,0.76,1.43,1.01,1,paraguas
paraíso,paradise,4.6,0.97,1.03,0.18,1.07,0.25,1.57,1.04,1.0,0.0,1,paraiso
parálisis,paralysis,1.1,0.4,2.4,1.43,3.63,1.27,3.47,1.38,1.13,0.43,1,paralisis
parchís,parchesi,3.27,1.11,1.13,0.51,1.17,0.38,1.0,0.0,1.07,0.37,1,parchis
pared,wall,1.53,1.17,1.53,1.14,1.43,0.82,1.53,1.04,1.1,0.55,1,pared
pareja,couple,4.33,0.84,1.3,0.6,1.67,1.03,1.9,1.09,1.2,0.55,1,pareja
parque,park,3.77,1.1,1.0,0.0,1.2,0.48,1.3,0.65,1.13,0.35,1,parque
párrafo,paragraph,1.33,0.66,1.03,0.18,1.07,0.25,1.2,0.55,1.1,0.4,1,parrafo
parte,part,1.33,0.8,1.33,0.84,1.5,0.9,1.43,0.97,1.23,0.57,1,parte
partera,midwife,2.29,1.05,1.18,0.39,1.24,0.56,1.71,0.99,2.0,1.12,1,partera
parto,delivery,3.7,1.37,1.27,0.52,1.17,0.46,3.4,1.22,2.23,1.33,1,parto
pasado,past,3.17,1.34,1.8,1.19,3.13,1.31,1.67,0.96,1.53,0.94,3,pasado
pasaje,passage,1.9,1.32,1.17,0.46,1.37,0.85,1.7,1.06,1.3,0.88,1,pasaje
pase,pass,1.83,1.32,1.23,0.63,1.17,0.53,1.47,1.01,1.13,0.51,1,pase
pasillo,corridor,1.17,0.38,1.17,0.54,1.28,0.65,1.86,1.19,1.1,0.41,1,pasillo
pasión,passion,4.0,1.23,1.3,0.84,1.23,0.57,1.4,0.81,1.2,0.55,1,pasion
pasividad,passivity,1.31,0.66,2.24,1.09,2.52,1.12,1.69,1.04,1.72,1.03,1,pasividad
pasta,pasta,3.7,1.32,1.17,0.46,1.13,0.51,1.07,0.37,1.23,0.57,1,pasta
pastel,pie,4.0,1.14,1.07,0.25,1.17,0.46,1.07,0.25,1.4,0.72,1,pastel
pastelero,baker,3.7,1.06,1.03,0.18,1.07,0.25,1.03,0.18,1.07,0.25,1,pastelero
pastor,pastor,2.63,1.25,1.4,0.86,1.57,0.77,1.5,0.82,1.43,0.94,1,pastor
pata,leg,1.24,0.69,1.1,0.41,1.1,0.41,1.24,0.58,1.38,0.68,1,pata
patente,patent,2.12,1.3,1.44,0.77,1.48,0.87,1.64,0.91,1.32,0.8,1,patente
patera,dinghy,1.0,0.0,1.97,1.47,4.03,1.22,1.73,1.28,1.47,1.14,1,patera
patinadora,skater,3.0,1.17,1.0,0.0,1.1,0.31,1.27,0.58,1.0,0.0,1,patinadora
patinete,scooter,3.07,1.44,1.27,0.64,1.27,0.69,1.83,1.21,1.17,0.46,1,patinete
pato,duck,2.8,1.35,1.0,0.0,1.2,0.61,1.43,0.86,1.37,0.81,3,pato
patriota,patriot,1.73,1.17,2.0,1.26,1.5,0.82,1.8,1.19,1.8,1.24,1,patriota
patrón,pattern,1.63,0.96,1.27,0.64,1.27,0.78,1.5,0.82,1.33,0.84,1,patron
patronato,patronage,1.91,1.31,1.35,0.65,1.17,0.49,1.43,0.84,1.35,0.83,1,patronato
pausa,pause,2.03,1.13,1.97,1.4,1.83,1.15,2.13,1.28,1.17,0.38,1,pausa
pausado,leisurely,1.43,0.86,1.7,1.09,1.47,0.78,1.17,0.46,1.17,0.53,1,pausado
pavimento,pavement,1.1,0.41,1.1,0.41,1.1,0.41,1.1,0.41,1.14,0.44,1,pavimento
pavo,turkey,2.03,1.07,1.07,0.25,1.17,0.46,1.6,1.0,1.5,1.01,1,pavo
payaso,clown,3.47,1.33,1.17,0.46,1.3,0.65,2.1,1.16,1.23,0.57,1,payaso
paz,peace,4.4,0.93,1.13,0.43,1.2,0.48,1.23,0.5,1.0,0.0,1,paz
peca,sins,1.41,0.73,1.21,0.56,1.17,0.47,1.41,0.91,1.55,0.74,1,peca
pecado,sin,2.13,1.43,2.17,1.34,2.1,1.32,1.93,1.34,1.8,1.13,1,pecado
pecaminoso,sinful,1.42,0.78,1.58,0.97,1.54,0.88,1.5,0.78,1.63,0.92,1,pecaminoso
pecar,sin,1.53,1.07,1.83,1.15,1.93,1.28,2.1,1.12,1.37,0.81,2,pecar
pedante,pedant,1.14,0.35,3.66,0.81,1.97,0.94,1.28,0.59,3.41,1.38,1,pedante
pedazo,piece,1.69,1.04,1.41,0.87,1.62,1.05,1.28,0.65,1.59,0.95,1,pedazo
pediatra,pediatrician,2.4,1.25,1.27,0.83,1.3,0.88,2.0,1.29,1.13,0.43,1,pediatra
pedófilo,pedophile,1.0,0.0,4.53,0.9,4.1,1.32,3.83,1.49,4.83,0.75,1,pedofilo
pegamento,glue,1.27,0.74,1.2,0.55,1.17,0.53,1.2,0.55,1.8,1.24,1,pegamento
peinado,hairstyle,2.67,1.37,1.17,0.53,1.23,0.57,1.2,0.41,1.27,0.64,1,peinado
peine,comb,1.3,0.92,1.0,0.0,1.0,0.0,1.0,0.0,1.5,1.11,1,peine
pelícano,pelican,2.4,1.19,1.03,0.18,1.03,0.18,1.27,0.69,1.17,0.46,1,pelicano
película,movie,3.53,1.17,1.73,1.17,2.5,1.38,2.4,1.38,1.67,1.12,1,pelicula
peligro,danger,1.1,0.4,1.77,1.07,1.9,1.3,4.2,0.96,1.37,0.96,1,peligro
pellizco,pinch,1.3,0.7,3.1,1.21,1.73,1.31,1.77,1.19,1.2,0.48,1,pellizco
pelota,ball,3.2,1.3,1.2,0.66,1.07,0.25,1.3,0.65,1.03,0.18,1,pelota
peluca,wig,2.2,1.21,1.3,0.84,1.8,1.32,1.73,1.28,1.73,1.11,1,peluca
peluche,stuffed toy,3.8,1.27,1.17,0.46,1.73,1.08,1.23,0.5,1.1,0.4,1,peluche
peluquera,hairdresser,2.27,1.28,1.5,0.86,1.27,0.74,1.47,0.82,1.13,0.43,1,peluquera
peluquero,hairdresser,2.3,1.15,1.47,0.97,1.2,0.66,1.77,1.25,1.2,0.55,1,peluquero
pena,grief,1.0,0.0,1.9,1.27,4.5,0.78,2.57,1.52,1.63,1.25,1,pena
pendiente,slope,1.87,1.01,1.4,0.81,1.4,0.81,1.7,0.92,1.37,0.61,1,pendiente
pene,penis,2.67,1.54,1.13,0.51,1.07,0.37,1.33,0.96,1.4,0.89,1,pene
penetración,penetration,2.53,1.43,1.27,0.78,1.17,0.75,1.67,1.15,1.63,1.03,1,penetracion
penoso,embarrassed,1.03,0.18,1.73,1.14,3.73,1.17,1.57,1.25,1.83,1.12,1,penoso
pensamiento,thought,2.73,1.51,1.87,1.25,2.47,1.33,2.23,1.41,1.67,1.21,1,pensamiento
peón,workman,1.21,0.49,1.24,0.64,1.41,0.82,1.14,0.35,1.14,0.58,1,peon
peonza,spinning top,2.55,1.35,1.0,0.0,1.03,0.19,1.03,0.19,1.0,0.0,1,peonza
perdedor,loser,1.07,0.37,2.73,1.44,3.57,1.43,2.23,1.45,1.73,1.41,1,perdedor
perdición,perdition,1.4,1.0,2.53,1.28,3.6,1.25,3.63,1.33,1.83,1.09,1,perdicion
perdido,lost,1.1,0.4,2.6,1.33,4.0,0.87,4.2,0.66,1.47,1.17,3,perdido
perdiz,partridge,1.93,1.41,1.13,0.73,1.2,0.61,1.17,0.75,1.13,0.43,1,perdiz
perezoso,lazy,1.57,0.73,1.7,0.95,1.97,1.27,1.33,0.76,1.5,0.94,1,perezoso
perfección,perfection,2.93,1.51,1.47,0.82,1.33,0.71,1.87,1.2,1.33,0.71,1,perfeccion
perfume,perfume,3.23,0.9,1.23,0.63,1.43,0.9,1.13,0.51,1.43,0.97,1,perfume
periódico,newspaper,2.23,1.22,1.7,0.99,1.8,1.06,1.63,0.85,1.43,0.73,3,periodico
periodista,journalist,1.77,1.07,1.93,1.11,1.6,0.93,1.23,0.68,1.57,0.97,1,periodista
periquito,parakeet,2.97,1.45,1.13,0.73,1.07,0.37,1.0,0.0,1.07,0.37,1,periquito
perro,dog,3.67,1.6,1.17,0.59,1.2,0.55,1.5,0.9,1.33,0.84,1,perro
persecución,persecution,1.3,0.84,2.6,1.35,2.23,1.41,3.23,1.43,1.7,1.21,1,persecucion
persona,person,2.77,1.57,1.77,1.41,2.0,1.46,1.97,1.45,1.97,1.4,1,persona
perversión,perversion,1.24,0.79,3.21,1.29,2.83,1.56,3.24,1.46,3.62,1.45,1,perversion
perverso,evil,1.23,0.63,2.93,1.17,2.13,1.36,3.17,1.23,2.5,1.48,3,perverso
pervertido,pervert,1.1,0.31,4.13,1.17,2.9,1.47,3.73,1.34,4.37,0.93,1,pervertido
pesar,bereavement,1.53,1.11,1.77,1.22,2.33,1.45,1.83,1.32,1.5,1.01,2,pesar
pesaroso,regretful,1.05,0.22,1.57,0.87,2.9,1.34,1.38,0.97,1.38,0.8,3,pesaroso
pescado,fish,2.1,1.32,1.13,0.51,1.27,0.69,1.1,0.4,1.97,1.1,1,pescado
pescador,fisherman,2.2,1.21,1.37,0.96,1.8,1.06,1.17,0.46,1.6,0.86,1,pescador
pesimismo,gloom,1.0,0.0,2.27,1.17,4.07,0.94,2.87,1.31,1.5,1.04,1,pesimismo
pesimista,pessimistic,1.2,0.81,2.8,1.61,4.2,1.03,3.17,1.51,2.2,1.61,1,pesimista
peste,pest,1.07,0.25,2.0,1.29,2.2,1.45,2.6,1.43,4.17,0.87,1,peste
petróleo,oil,1.43,0.94,1.97,1.22,2.03,1.35,2.4,1.45,2.8,1.24,1,petroleo
pezón,nipple,2.32,1.36,1.0,0.0,1.0,0.0,1.0,0.0,1.18,0.55,1,pezon
piano,piano,3.63,1.19,1.03,0.18,2.1,1.12,1.17,0.65,1.03,0.18,1,piano
picaresca,picaresque,2.59,1.3,1.17,0.47,1.03,0.19,1.14,0.35,1.14,0.58,1,picaresca
piedra,stone,1.13,0.35,1.4,0.93,1.23,0.77,1.47,0.94,1.2,0.41,1,piedra
piel,fur,2.13,1.38,1.2,0.55,1.17,0.65,1.17,0.53,1.27,0.58,1,piel
pieza,item,1.6,0.97,1.17,0.46,1.17,0.46,1.2,0.55,1.1,0.4,1,pieza
pijama,pajamas,2.93,1.39,1.0,0.0,1.13,0.35,1.0,0.0,1.0,0.0,1,pijama
pila,stack,1.47,0.82,1.5,0.97,1.17,0.46,1.4,0.89,1.57,1.01,1,pila
piloto,pilot,2.33,1.15,1.1,0.31,1.23,0.57,2.03,1.16,1.13,0.43,1,piloto
pincel,brush,2.57,1.17,1.03,0.18,1.2,0.48,1.0,0.0,1.1,0.4,1,pincel
pinchazo,prick,1.1,0.4,2.6,1.57,2.3,1.37,3.23,1.45,2.87,1.74,1,pinchazo
pincho,spike,1.77,1.28,1.63,1.13,1.27,0.58,1.97,1.03,1.23,0.57,1,pincho
pingüino,penguin,3.47,1.43,1.07,0.37,1.3,0.53,1.53,0.82,1.23,0.57,1,pinguino
pino,pine,2.5,1.36,1.0,0.0,1.17,0.65,1.2,0.55,1.03,0.18,1,pino
pinta,pint,2.23,1.38,1.1,0.31,1.27,0.58,1.07,0.25,1.37,0.81,1,pinta
pintor,painter,2.57,1.36,1.03,0.18,1.47,1.01,1.13,0.43,1.1,0.4,1,pintor
pintora,painter,3.0,1.11,1.17,0.46,1.37,0.67,1.1,0.4,1.07,0.37,1,pintora
pintura,paint,2.97,1.59,1.7,1.32,1.73,1.39,1.5,1.22,1.33,0.92,1,pintura
pinza,clothes pin,1.23,0.63,1.13,0.51,1.13,0.51,1.13,0.43,1.1,0.4,1,pinza
piojo,louse,1.07,0.26,2.07,1.51,1.62,1.05,2.34,1.42,4.45,0.91,1,piojo
piojos,lice,1.03,0.18,2.17,1.49,1.7,1.15,2.47,1.57,4.1,1.18,1,piojos
pipa,pipe,2.23,1.07,1.13,0.43,1.1,0.4,1.03,0.18,1.23,0.63,1,pipa
pirata,pirate,2.03,1.3,1.7,0.99,1.3,0.7,2.43,1.3,1.53,1.01,1,pirata
pirómano,arsonist,1.37,1.0,3.23,1.45,2.8,1.35,3.73,1.23,2.8,1.42,1,piromano
pirotecnia,fireworks,3.28,1.51,1.31,0.89,1.17,0.47,2.69,1.26,1.07,0.37,1,pirotecnia
pista,track,2.53,1.31,1.13,0.35,1.1,0.31,1.4,0.62,1.1,0.31,1,pista
pistola,pistol,1.0,0.0,3.0,1.44,2.47,1.36,4.1,0.96,1.93,1.26,1,pistola
pitón,python,1.31,0.81,2.0,1.44,1.62,1.29,3.93,1.28,2.93,1.65,1,piton
pizarra,board,1.83,0.99,1.23,0.63,1.53,0.97,1.33,0.71,1.17,0.53,1,pizarra
pizza,pizza,4.07,1.2,1.1,0.55,1.2,0.66,1.1,0.55,1.13,0.43,1,pizza
placer,pleasure,4.77,0.43,1.17,0.46,1.07,0.25,1.37,0.76,1.1,0.31,1,placer
placidez,placidity,3.76,1.48,1.34,0.77,1.41,0.82,1.48,0.87,1.34,0.86,1,placidez
plan,plan,2.77,1.3,1.1,0.31,1.13,0.43,1.43,0.77,1.17,0.46,1,plan
plancha,iron,1.4,0.81,1.17,0.46,1.2,0.55,1.5,0.63,1.13,0.43,1,plancha
plano,plane,1.4,0.72,1.33,0.71,1.53,1.04,1.5,0.82,1.23,0.63,3,plano
planta,plant,2.5,1.48,1.0,0.0,1.13,0.43,1.03,0.18,1.13,0.43,1,planta
plástico,plastic,1.2,0.55,1.27,0.64,1.23,0.5,1.27,0.64,1.6,1.0,3,plastico
plato,plate,1.7,0.84,1.17,0.46,1.2,0.48,1.1,0.4,1.27,0.52,1,plato
playa,beach,4.3,1.12,1.07,0.25,1.5,0.82,1.47,0.86,1.23,0.5,1,playa
pleito,lawsuit,1.5,1.05,2.5,1.5,2.3,1.56,2.75,1.37,1.55,1.0,1,pleito
pluma,pen,2.13,1.36,1.37,1.03,1.87,1.41,1.5,1.11,1.53,0.94,1,pluma
plumero,duster,1.2,0.55,1.1,0.4,1.13,0.51,1.07,0.37,1.8,1.1,1,plumero
pobre,poor,1.0,0.0,1.87,1.28,4.23,0.86,1.4,0.81,1.17,0.59,1,pobre
pobreza,poverty,1.03,0.18,3.0,1.36,4.67,0.61,2.8,1.42,1.67,0.88,1,pobreza
poder,power,2.5,1.48,2.17,1.39,1.53,1.07,2.67,1.37,2.17,1.21,2,poder
poderío,power,2.27,1.31,1.97,0.96,1.57,1.19,1.87,1.11,1.63,1.13,1,poderio
poderoso,powerful,2.23,1.41,2.33,1.42,1.57,0.86,2.03,1.33,1.7,0.99,3,poderoso
podrido,rotten,1.07,0.37,1.4,0.93,1.5,0.94,1.53,1.04,4.47,1.01,1,podrido
poesía,poetry,3.83,1.15,1.67,1.37,2.8,1.3,1.53,1.11,1.13,0.57,1,poesia
poetisa,poet,3.07,1.41,1.45,1.02,1.93,1.16,1.34,0.67,1.28,0.84,1,poetisa
policía,police,1.9,1.21,2.37,1.27,2.1,1.37,2.57,1.17,2.03,1.27,1,policia
polilla,moth,1.03,0.18,1.6,1.0,1.2,0.61,2.0,1.26,3.47,1.31,1,polilla
polo,pole,2.43,1.41,1.33,0.92,1.13,0.51,1.13,0.51,1.2,0.48,1,polo
pompa,pomp,3.52,1.3,1.52,1.02,1.34,0.77,1.38,0.82,1.62,1.21,1,pompa
ponzoña,poison,1.17,0.51,1.89,1.08,1.89,1.18,3.11,1.32,2.78,1.31,1,ponzona
porción,portion,2.1,1.06,1.4,0.86,1.37,0.76,1.53,0.86,1.4,0.81,1,porcion
pornografía,pornography,1.79,0.94,1.52,0.99,1.45,0.95,1.59,1.09,2.07,1.07,1,pornografia
porquería,garbage,1.1,0.4,2.1,1.16,2.17,1.15,1.77,1.07,4.3,0.92,1,porqueria
portería,goal,1.93,1.2,1.13,0.43,1.2,0.55,1.17,0.46,1.17,0.46,1,porteria
portero,goalie,2.13,1.25,1.67,1.09,1.4,0.89,1.73,1.08,1.37,0.85,3,portero
pórtico,porch,1.7,1.13,1.1,0.31,1.15,0.37,1.25,0.64,1.15,0.37,1,portico
posadera,innkeeper,1.72,1.13,1.07,0.26,1.17,0.47,1.17,0.76,1.24,0.58,1,posadera
posición,position,1.67,1.12,1.4,1.1,1.33,0.84,1.5,1.04,1.23,0.68,1,posicion
póster,poster,1.9,1.18,1.27,0.87,1.07,0.37,1.13,0.43,1.1,0.55,1,poster
pozo,pit,1.27,0.58,1.63,0.93,2.63,1.52,3.67,1.37,1.87,1.11,1,pozo
pradera,prairie,3.73,1.08,1.07,0.25,1.2,0.48,1.07,0.25,1.03,0.18,1,pradera
precipicio,cliff,1.13,0.57,1.6,1.07,1.9,1.12,3.9,1.3,1.13,0.43,1,precipicio
predominante,controlling,1.73,1.01,1.97,1.25,1.5,0.78,1.83,1.12,1.27,0.52,1,predominante
pregón,proclamation,2.24,1.21,1.14,0.44,1.31,0.6,1.17,0.47,1.14,0.35,1,pregon
prenda,garment,1.97,1.38,1.2,0.55,1.13,0.43,1.1,0.4,1.2,0.55,1,prenda
prensa,press,1.5,0.68,1.6,0.89,1.6,0.81,1.43,0.73,1.63,0.93,1,prensa
preocupación,concern,1.1,0.55,2.37,1.33,3.7,1.09,3.83,1.09,1.43,0.97,1,preocupacion
presa,dam,1.27,0.69,2.2,1.21,2.57,1.33,2.63,1.19,1.83,1.09,1,presa
presentador,presenter,2.53,1.38,1.47,1.07,1.23,0.68,1.43,0.86,1.4,0.93,1,presentador
presentadora,presenter,2.77,1.28,1.27,0.69,1.27,0.69,1.4,0.81,1.37,0.89,1,presentadora
presente,present,2.97,1.35,1.33,0.71,1.93,1.17,2.2,1.16,1.4,0.97,1,presente
preservativo,condom,2.47,1.48,1.37,0.89,1.4,0.93,1.83,1.21,1.3,0.7,1,preservativo
presidente,president,1.3,0.65,3.47,1.25,2.8,1.37,2.6,1.63,3.3,1.21,1,presidente
presión,pressure,1.13,0.43,2.87,1.28,2.27,1.36,2.63,1.27,1.8,1.35,1,presion
preso,prisoner,1.4,0.72,2.5,1.36,2.77,1.14,3.03,1.35,1.8,1.1,1,preso
prestigio,prestige,2.73,1.28,1.3,0.75,1.07,0.25,1.27,0.58,1.23,0.57,1,prestigio
prima,cousin,3.13,1.43,1.33,0.76,1.37,0.81,1.27,0.64,1.27,0.69,1,prima
primavera,spring,4.0,1.08,1.03,0.18,1.33,0.84,1.1,0.4,1.0,0.0,1,primavera
primo,cousin,3.7,1.26,1.07,0.37,1.3,0.7,1.27,0.78,1.2,0.81,3,primo
princesa,princess,2.47,1.28,1.43,0.86,1.47,0.94,1.0,0.0,1.83,1.29,1,princesa
príncipe,prince,2.4,1.43,1.57,0.94,1.33,0.8,1.17,0.46,1.37,0.76,1,principe
prioridad,priority,1.97,1.16,1.57,0.82,1.6,1.13,1.97,1.22,1.5,0.97,1,prioridad
prisión,prison,1.33,0.84,2.57,1.55,3.33,1.4,4.0,1.05,2.27,1.51,1,prision
prisionero,prisoner,1.2,0.41,2.2,1.24,2.97,1.54,2.93,1.2,1.67,0.96,1,prisionero
privacidad,privacy,2.63,1.61,1.37,0.76,1.33,0.71,1.63,1.03,1.17,0.53,1,privacidad
privación,deprivation,1.13,0.43,3.23,1.25,3.17,1.21,2.53,1.22,1.67,1.06,1,privacion
privilegio,privilege,3.37,1.47,1.83,1.37,1.77,1.3,1.57,0.94,1.8,1.3,1,privilegio
probabilidad,probability,1.5,0.9,1.5,0.97,1.6,1.0,1.8,1.1,1.47,0.9,1,probabilidad
problema,trouble,1.23,0.57,2.33,1.54,3.1,1.45,3.43,1.14,1.63,1.19,1,problema
proceso,process,1.53,0.78,1.23,0.57,1.3,0.65,1.6,0.81,1.23,0.63,1,proceso
prodigio,prodigy,3.77,1.01,1.1,0.31,1.2,0.48,1.4,0.67,1.1,0.31,1,prodigio
profesor,professor,2.2,1.19,1.57,0.73,1.3,0.53,1.43,0.57,1.3,0.6,1,profesor
profesora,teacher,2.37,1.13,1.67,0.99,1.3,0.65,1.73,0.98,1.4,0.81,1,profesora
programa,program,2.57,1.41,1.57,1.01,1.43,0.9,1.43,0.94,1.67,1.03,1,programa
progreso,progress,3.93,1.11,1.03,0.18,1.27,0.69,1.6,0.86,1.03,0.18,1,progreso
prohibición,ban,1.1,0.31,3.07,1.31,2.67,1.21,2.4,1.1,1.83,1.18,1,prohibicion
promoción,promotion,2.7,1.37,1.07,0.37,1.27,0.64,1.17,0.46,1.17,0.46,1,promocion
propietario,owner,2.3,1.37,1.7,1.24,1.47,0.94,1.73,1.01,1.57,1.22,3,propietario
proporción,ratio,1.6,0.86,1.33,0.71,1.43,0.77,1.33,0.71,1.3,0.65,1,proporcion
propuesta,proposal,3.17,1.29,1.33,0.66,1.37,0.85,2.5,1.28,1.23,0.68,1,propuesta
prosperidad,prosperity,3.77,1.17,1.17,0.75,1.3,0.79,1.77,1.19,1.13,0.57,1,prosperidad
prostituta,prostitute,1.13,0.57,1.57,1.14,3.43,1.33,1.43,0.86,2.13,1.14,1,prostituta
protegido,protected,3.23,1.41,1.23,0.68,1.37,0.81,1.83,1.37,1.13,0.57,1,protegido
prótesis,prosthesis,1.5,1.11,1.47,0.86,2.77,1.07,2.77,1.33,1.77,1.07,1,protesis
provocación,provocation,2.0,1.29,2.77,1.25,1.63,0.76,1.97,1.13,1.87,0.97,1,provocacion
proxeneta,procurer,1.12,0.44,3.32,1.31,2.6,1.41,2.8,1.32,3.48,1.36,1,proxeneta
psicóloga,psychologist,3.27,1.34,1.03,0.18,1.17,0.46,1.43,0.9,1.0,0.0,1,psicologa
psiquiatra,psychiatrist,2.13,1.33,1.3,0.7,1.57,1.01,1.9,1.16,1.2,0.48,1,psiquiatra
publicación,journal,2.87,1.38,1.3,0.7,1.2,0.48,1.73,1.14,1.1,0.31,1,publicacion
publicidad,advertising,1.9,0.88,2.13,1.28,1.77,0.97,1.33,0.76,2.03,1.19,1,publicidad
publicista,publicist,1.63,0.96,1.53,0.86,1.27,0.74,1.3,0.6,1.4,0.93,1,publicista
pueblo,village,3.17,1.34,1.27,0.83,1.53,0.78,1.33,0.84,1.2,0.48,1,pueblo
puente,bridge,2.27,1.39,1.3,1.02,1.37,0.67,1.67,1.03,1.03,0.18,1,puente
puerta,door,1.4,0.89,1.2,0.55,1.33,0.8,1.37,0.89,1.17,0.53,1,puerta
puerto,port,2.87,1.25,1.1,0.4,1.57,1.1,1.33,0.61,1.33,0.76,1,puerto
pulga,flea,1.07,0.37,1.5,1.25,1.13,0.73,1.9,1.4,3.47,1.31,1,pulga
pulpo,octopus,2.1,1.49,1.03,0.18,1.2,0.48,1.53,1.17,2.1,1.21,1,pulpo
pulsera,bracelet,2.47,1.28,1.03,0.18,1.1,0.31,1.07,0.37,1.2,0.81,1,pulsera
puntapié,kick,1.17,0.53,2.73,1.46,1.87,1.04,1.77,1.07,1.43,1.01,1,puntapie
puñal,dagger,1.23,0.57,2.93,1.39,2.5,1.57,3.93,1.05,2.13,1.14,1,punal
puño,fist,1.31,0.6,3.66,1.29,2.0,1.25,3.03,1.35,1.93,1.13,1,puno
pupila,pupil,1.9,1.42,1.3,0.92,1.43,0.97,1.67,1.09,1.3,0.7,1,pupila
pureza,purity,3.33,1.03,1.07,0.37,1.13,0.35,1.1,0.4,1.03,0.18,1,pureza
purgatorio,purgatory,1.17,0.54,2.0,1.31,3.03,1.35,3.59,1.24,2.14,1.41,1,purgatorio
pus,pus,1.0,0.0,1.43,0.94,1.93,1.23,2.13,1.31,4.33,0.92,1,pus
puta,hooker,1.23,0.68,2.63,1.65,3.47,1.33,2.23,1.07,2.47,1.41,1,puta
putrefacto,putrid,1.07,0.37,1.37,0.61,1.77,1.17,1.87,1.07,4.37,1.13,1,putrefacto
puzle,puzzle,3.07,1.2,1.47,0.94,1.3,0.75,1.07,0.37,1.07,0.37,0,puzle
queja,gripe,1.2,0.55,2.77,1.3,2.23,1.22,1.93,1.01,1.47,0.82,1,queja
quemadura,burn,1.0,0.0,2.13,1.25,2.63,1.33,2.87,1.22,1.77,0.9,1,quemadura
querida,darling,3.67,1.52,1.67,1.27,1.8,1.21,1.73,1.23,1.5,1.14,1,querida
querido,dear,3.9,1.37,1.83,1.34,2.27,1.36,2.4,1.28,1.6,1.04,3,querido
queroseno,kerosene,1.08,0.41,1.21,0.59,1.25,0.61,2.54,1.44,1.92,1.1,1,queroseno
quiebra,bankruptcy,1.03,0.18,2.97,1.4,3.6,1.1,3.47,1.25,1.4,0.67,1,quiebra
quietud,stillness,1.72,1.03,1.45,1.02,1.62,0.98,1.62,1.18,1.31,0.71,1,quietud
quimera,chimera,1.65,1.03,2.13,1.42,1.65,1.15,2.0,1.21,1.52,0.85,1,quimera
quiosco,kiosk,1.97,0.85,1.23,0.57,1.23,0.63,1.1,0.31,1.13,0.35,1,quiosco
rabia,rabies,1.1,0.4,4.1,1.24,2.57,1.41,2.53,1.61,2.1,1.49,1,rabia
radiador,radiator,1.7,1.02,1.07,0.25,1.1,0.31,1.17,0.46,1.03,0.18,1,radiador
radiante,radiant,3.73,1.31,1.03,0.18,1.1,0.4,1.17,0.59,1.03,0.18,1,radiante
radio,radio,2.77,1.33,1.13,0.43,1.4,0.67,1.1,0.4,1.03,0.18,1,radio
ramo,bouquet,3.1,1.37,1.07,0.25,1.47,1.04,1.27,0.83,1.03,0.18,1,ramo
rana,frog,2.67,1.37,1.17,0.53,1.27,0.83,1.3,0.6,1.8,1.03,1,rana
rancio,rancid,1.2,0.55,2.47,1.22,2.43,1.33,1.87,1.11,3.3,1.26,1,rancio
rápido,quick,2.4,1.22,1.67,1.06,1.5,0.97,2.23,1.22,1.33,0.61,3,rapido
rapto,abduction,1.03,0.19,3.79,1.18,3.59,1.48,3.83,1.44,2.76,1.48,1,rapto
rareza,rarity,1.77,0.86,1.27,0.74,1.5,0.68,2.3,0.99,1.6,0.86,1,rareza
raro,odd,1.83,1.05,1.6,0.93,1.93,1.2,2.3,1.15,1.63,1.0,3,raro
rascacielos,skyscraper,2.37,1.43,1.3,0.84,1.57,1.07,2.37,1.33,1.3,0.88,1,rascacielos
rastro,trace,1.57,1.17,1.47,0.97,1.5,1.07,2.03,1.19,1.37,0.89,1,rastro
rata,rat,1.27,0.69,1.4,0.77,1.13,0.43,2.73,1.31,3.4,1.57,1,rata
ratón,mouse,1.47,0.86,1.17,0.53,1.2,0.48,1.97,1.27,2.37,1.45,1,raton
realeza,royalty,1.37,0.96,2.73,1.36,1.47,0.9,1.3,0.6,2.17,1.23,1,realeza
realidad,reality,3.17,1.26,2.47,1.33,3.1,1.24,2.8,1.21,2.37,1.27,1,realidad
realismo,realism,2.63,1.33,2.17,1.46,2.5,1.22,2.57,1.41,2.07,1.34,1,realismo
rebelde,defiant,1.73,1.01,2.7,1.51,2.07,1.39,2.27,1.44,1.37,0.85,1,rebelde
rebelión,rebellion,2.5,1.31,2.73,1.34,1.67,0.99,2.77,1.1,1.4,0.81,1,rebelion
recado,errand,1.17,0.59,1.3,0.95,1.07,0.25,1.13,0.51,1.07,0.25,1,recado
rechazado,rejected,1.03,0.18,2.93,1.44,3.8,1.13,2.83,1.44,1.47,0.86,1,rechazado
rechazo,rejection,1.27,0.87,3.33,1.37,4.1,1.09,4.13,1.01,2.27,1.36,1,rechazo
recogedor,dustpan,1.37,0.96,1.03,0.18,1.13,0.51,1.13,0.57,1.6,1.1,1,recogedor
recompensa,reward,3.7,1.34,1.17,0.59,1.2,0.61,1.43,0.86,1.3,0.84,1,recompensa
reconocido,thankful,2.53,1.31,1.27,0.78,1.4,0.86,1.63,1.1,1.3,0.7,1,reconocido
recorte,cut,1.07,0.25,3.3,1.42,3.1,1.56,2.83,1.46,2.47,1.5,1,recorte
recreo,recreation,4.4,0.93,1.0,0.0,1.27,0.83,1.1,0.31,1.1,0.55,1,recreo
rectángulo,rectangle,1.17,0.46,1.2,0.66,1.17,0.53,1.17,0.53,1.3,0.95,1,rectangulo
recuerdo,remember,3.87,0.82,2.1,1.18,3.0,1.14,1.9,1.06,1.6,0.97,1,recuerdo
recuerdos,memories,3.87,1.14,2.3,1.53,3.67,1.45,2.03,1.52,1.8,1.49,1,recuerdos
recurso,resource,2.53,1.17,1.4,0.77,1.67,1.03,1.6,0.93,1.3,0.65,1,recurso
refinería,refinery,1.27,0.58,1.5,0.86,1.57,1.1,1.43,0.77,1.87,1.07,1,refineria
reflejo,reflection,1.87,1.01,1.27,0.58,1.5,0.86,1.5,0.68,1.4,0.72,3,reflejo
reflexión,reflection,2.8,1.47,1.47,0.94,2.03,1.33,2.23,1.33,1.33,0.76,1,reflexion
refrigerio,refreshment,2.66,1.29,1.0,0.0,1.1,0.31,1.1,0.31,1.03,0.19,1,refrigerio
refugiada,refugee,1.53,0.97,1.97,0.89,3.17,0.83,2.23,1.07,1.23,0.57,1,refugiada
refugiado,refugee,1.43,0.9,2.3,1.53,3.7,1.49,3.03,1.47,1.87,1.28,3,refugiado
regalo,present,4.6,0.67,1.07,0.25,1.27,0.69,1.6,0.86,1.03,0.18,1,regalo
régimen,regime,1.47,1.04,2.5,1.48,2.37,1.59,2.5,1.48,2.47,1.48,1,regimen
regresión,regression,1.46,0.66,1.83,1.13,2.13,0.95,1.96,1.12,1.46,0.88,1,regresion
rehén,hostage,1.03,0.18,3.5,1.31,3.6,1.22,4.2,1.21,1.5,0.86,1,rehen
reina,queen,2.45,1.48,1.79,1.29,1.41,0.91,1.55,1.12,1.76,1.24,1,reina
relajado,relaxed,3.73,1.17,1.0,0.0,1.07,0.25,1.0,0.0,1.0,0.0,1,relajado
relámpago,lightning,1.57,0.77,1.7,1.06,1.8,1.21,2.93,1.11,1.13,0.43,1,relampago
relato,story,2.67,1.12,1.43,0.82,2.0,0.95,1.73,0.94,1.3,0.7,1,relato
reloj,clock,1.93,1.05,1.73,1.05,1.9,1.16,1.63,0.96,1.37,0.72,1,reloj
reno,reindeer,2.8,1.49,1.07,0.25,1.13,0.57,1.93,1.26,1.13,0.35,1,reno
repisa,mantel,1.24,0.64,1.24,0.64,1.28,0.75,1.59,1.05,1.21,0.62,1,repisa
réplica,reply,1.43,0.82,1.57,0.94,1.33,0.84,1.63,0.89,1.13,0.43,1,replica
reportera,reporter,3.13,1.41,1.43,0.97,1.63,0.89,1.67,0.84,1.23,0.82,1,reportera
represión,repression,1.07,0.25,3.73,1.23,3.43,1.33,3.0,1.49,2.9,1.42,1,represion
reptil,reptile,1.37,0.81,1.43,0.9,1.27,0.83,2.3,1.37,2.4,1.48,1,reptil
repugnante,obnoxious,1.07,0.37,2.13,1.31,1.8,1.0,2.03,1.19,4.73,0.45,1,repugnante
repulsión,repulsion,1.13,0.43,2.27,1.17,2.07,1.23,2.23,1.22,3.4,1.38,1,repulsion
reputación,reputation,2.1,0.99,1.6,0.93,1.5,0.78,2.0,0.98,1.67,0.96,1,reputacion
resaca,hangover,1.59,0.82,1.93,1.28,2.17,1.0,1.66,1.01,3.17,1.34,1,resaca
rescate,rescue,3.33,1.35,1.37,0.72,1.53,1.01,2.53,1.36,1.1,0.31,1,rescate
resentirse,resent,1.23,0.5,2.33,1.12,3.3,1.12,2.3,1.26,1.77,1.14,2,resentirse
reservado,reserved,1.23,0.57,1.2,0.48,1.57,0.97,1.33,0.88,1.0,0.0,1,reservado
respeto,respect,3.4,1.19,1.23,0.57,1.2,0.61,1.43,0.82,1.03,0.18,1,respeto
respetuoso,respectful,3.13,1.43,1.2,0.66,1.17,0.46,1.27,0.74,1.07,0.25,1,respetuoso
respuesta,answer,1.97,1.33,1.33,0.96,1.3,0.88,1.77,1.19,1.2,0.81,1,respuesta
restaurante,restaurant,2.8,1.32,1.03,0.18,1.07,0.25,1.03,0.18,1.13,0.35,1,restaurante
retórica,rhetoric,2.31,1.49,1.45,0.69,1.45,0.78,1.28,0.59,1.45,0.95,1,retorica
retrasado,delayed,1.3,0.7,1.73,1.14,3.1,1.52,1.67,1.09,1.27,0.74,1,retrasado
retrato,portrait,2.37,1.43,1.3,0.75,1.5,0.94,1.53,0.94,1.3,1.02,1,retrato
retrete,toilet,1.14,0.44,1.07,0.26,1.1,0.31,1.14,0.35,3.17,1.39,1,retrete
reunión,reunion,2.0,1.23,1.23,0.57,1.47,0.9,1.8,1.1,1.33,0.84,1,reunion
revelación,revelation,2.57,1.07,1.67,1.09,1.6,0.97,2.17,1.21,1.2,0.61,1,revelacion
reverendo,reverend,1.3,0.75,1.97,1.33,1.43,0.9,1.43,0.86,1.87,1.11,1,reverendo
reverente,reverent,2.38,1.12,1.08,0.28,1.08,0.28,1.23,0.6,1.08,0.28,3,reverente
revés,backwards,1.1,0.31,1.17,0.53,1.2,0.66,1.27,0.69,1.07,0.25,1,reves
revivir,revive,3.9,1.09,1.3,0.88,1.8,1.13,2.7,1.29,1.43,1.04,1,revivir
revolución,revolution,2.8,1.54,2.7,1.64,1.8,1.13,2.6,1.22,1.27,0.83,1,revolucion
revólver,revolver,1.27,0.78,3.3,1.51,2.93,1.51,4.03,1.16,2.5,1.36,1,revolver
revuelta,revolt,1.47,0.86,2.43,1.41,1.53,1.01,2.37,1.27,1.2,0.81,1,revuelta
rey,king,1.23,0.5,2.8,1.47,2.0,1.23,1.47,1.04,2.53,1.33,1,rey
riego,irrigation,2.03,1.13,1.27,0.64,1.23,0.57,1.23,0.63,1.33,0.71,1,riego
riesgo,risk,2.4,1.22,1.47,0.78,1.5,0.82,3.43,1.17,1.03,0.18,1,riesgo
rifle,rifle,1.0,0.0,2.63,1.45,2.27,1.39,3.83,1.15,1.87,1.11,1,rifle
rígido,rigid,1.07,0.26,1.55,1.06,1.45,0.87,1.62,1.01,1.38,0.78,1,rigido
rinoceronte,rhinoceros,1.8,1.06,1.37,0.76,1.17,0.46,2.43,1.38,1.4,0.77,1,rinoceronte
riña,quarrel,1.04,0.19,3.56,1.12,3.22,1.28,3.0,1.24,1.37,0.93,1,rina
río,river,2.67,1.3,1.1,0.4,1.2,0.61,1.43,0.86,1.13,0.43,1,rio
riqueza,riches,3.0,1.26,1.83,1.05,1.7,1.02,1.7,1.02,1.47,0.94,1,riqueza
risa,laughter,4.83,0.38,1.1,0.31,1.1,0.31,1.03,0.18,1.2,0.76,1,risa
rivalidad,rivalry,1.87,1.07,3.23,1.01,2.03,1.16,2.47,1.14,2.0,1.02,1,rivalidad
roca,rock,1.3,0.75,1.13,0.43,1.03,0.18,1.5,0.73,1.0,0.0,1,roca
rojo,red,2.53,1.53,2.07,1.36,1.13,0.51,1.5,0.94,1.07,0.37,3,rojo
romanticismo,romanticism,3.87,1.2,1.43,0.94,2.1,1.27,1.87,1.17,1.3,0.65,1,romanticismo
romántico,romantic,4.13,1.04,1.3,0.7,1.6,1.13,1.57,0.86,1.13,0.43,3,romantico
rompecabezas,puzzle,2.43,1.22,1.83,1.02,1.43,0.73,1.73,1.05,1.37,0.67,1,rompecabezas
roña,filth,1.0,0.0,2.07,1.36,1.9,1.23,1.62,1.18,4.21,1.15,1,rona
ropa,clothing,3.07,1.53,1.13,0.35,1.13,0.35,1.1,0.31,1.1,0.31,1,ropa
rotación,rotation,1.69,1.04,1.28,0.65,1.38,0.78,1.62,1.01,1.31,0.76,1,rotacion
roto,broken,1.23,0.82,2.67,1.47,3.3,1.24,2.37,1.43,1.27,0.69,3,roto
rotulador,marker,1.87,1.14,1.07,0.37,1.07,0.37,1.03,0.18,1.03,0.18,1,rotulador
rotura,breakage,1.34,0.86,2.72,1.19,3.62,1.32,3.52,1.27,1.83,1.17,1,rotura
rubio,blond,2.17,1.39,1.2,0.55,1.13,0.43,1.17,0.53,1.17,0.53,3,rubio
rugido,roar,1.2,0.48,2.3,1.39,1.17,0.46,2.9,1.24,1.17,0.46,1,rugido
ruido,noise,1.6,0.86,2.73,1.28,1.57,0.68,2.0,1.34,1.53,1.07,1,ruido
ruidoso,noisy,1.47,1.04,3.2,1.42,1.37,0.72,1.43,0.9,1.47,1.01,3,ruidoso
ruiseñor,nightingale,3.14,1.16,1.03,0.19,1.14,0.44,1.21,0.41,1.21,0.77,1,ruisenor
ruptura,rupture,1.27,0.58,2.57,1.3,4.03,1.1,2.93,1.44,2.1,1.18,1,ruptura
sabio,wise,3.67,1.06,1.23,0.57,1.43,0.77,1.47,0.82,1.17,0.53,3,sabio
sabor,taste,3.5,1.14,1.17,0.53,1.4,0.81,1.5,0.86,2.27,1.28,1,sabor
sacapuntas,pencil sharpener,1.23,0.57,1.03,0.18,1.0,0.0,1.03,0.18,1.07,0.37,1,sacapuntas
sacerdote,priest,1.37,0.72,2.17,1.32,2.0,1.23,1.4,0.67,2.27,1.36,1,sacerdote
saciedad,satiety,2.55,1.06,1.55,0.91,1.52,0.83,1.48,0.83,1.72,0.96,1,saciedad
saco,bag,1.13,0.43,1.2,0.66,1.4,0.81,1.6,1.13,1.17,0.53,1,saco
sacrificio,sacrifice,1.9,1.3,2.37,1.43,3.27,1.51,3.17,1.18,2.2,1.35,1,sacrificio
sádico,sadist,1.07,0.25,3.03,1.5,2.37,1.33,3.73,1.26,2.53,1.48,1,sadico
salamandra,salamander,1.97,1.1,1.33,0.96,1.1,0.4,2.13,1.28,2.5,1.48,1,salamandra
saltamontes,grasshopper,1.66,1.04,1.21,0.77,1.07,0.26,1.83,1.34,2.72,1.51,1,saltamontes
salto,jump,3.07,1.34,1.47,0.82,1.13,0.43,2.33,1.27,1.07,0.37,1,salto
salud,health,4.23,1.19,1.47,1.04,1.6,1.13,2.1,1.45,1.4,0.97,1,salud
saludar,greet,3.63,0.96,1.27,0.69,1.4,0.72,1.4,0.77,1.1,0.31,1,saludar
saludo,salute,3.33,1.03,1.17,0.53,1.13,0.43,1.27,0.69,1.13,0.51,1,saludo
salvador,savior,3.4,1.28,1.1,0.31,1.1,0.31,1.47,0.82,1.0,0.0,1,salvador
sangriento,bloody,1.03,0.18,2.23,1.52,2.87,1.41,3.53,1.28,3.67,1.47,3,sangriento
sanguijuela,leech,1.07,0.25,1.3,0.75,1.07,0.25,2.57,1.45,3.93,1.14,1,sanguijuela
sanidad,health,2.63,1.45,1.87,1.28,2.57,1.48,2.63,1.25,1.73,1.17,1,sanidad
santo,saint,1.93,1.2,1.23,0.68,1.23,0.73,1.23,0.63,1.23,0.63,3,santo
sapo,toad,1.73,1.05,1.03,0.18,1.4,0.81,1.73,1.08,3.3,1.32,1,sapo
sarampión,measles,1.03,0.18,1.9,1.24,2.27,1.26,2.7,1.34,2.77,1.36,1,sarampion
sastre,tailor,2.3,1.32,1.0,0.0,1.23,0.63,1.13,0.35,1.0,0.0,1,sastre
satisfecho,satisfied,4.07,1.11,1.0,0.0,1.03,0.18,1.07,0.25,1.0,0.0,1,satisfecho
secador,hairdryer,1.63,1.0,1.07,0.37,1.07,0.37,1.27,0.58,1.07,0.37,1,secador
sección,section,1.33,0.71,1.13,0.43,1.17,0.53,1.4,0.77,1.17,0.46,1,seccion
secretaria,secretary,1.93,1.26,1.33,0.96,1.67,1.15,1.63,1.27,1.33,0.92,1,secretaria
secretario,secretary,1.43,0.73,1.13,0.35,1.33,0.8,1.23,0.57,1.07,0.25,3,secretario
secuestrador,kidnapper,1.0,0.0,3.77,1.41,2.53,1.33,4.37,1.0,2.9,1.67,1,secuestrador
secuestro,kidnapping,1.07,0.25,3.7,1.21,3.7,1.37,4.23,0.94,2.9,1.56,1,secuestro
seda,silk,2.97,1.35,1.0,0.0,1.07,0.25,1.0,0.0,1.07,0.37,1,seda
seguridad,security,3.4,1.38,1.3,0.65,1.4,0.89,1.8,1.19,1.13,0.43,1,seguridad
seguro,safe,3.53,1.04,1.03,0.18,1.13,0.43,1.4,0.86,1.03,0.18,3,seguro
semáforo,semaphore,1.23,0.63,1.67,1.06,1.23,0.57,1.4,0.67,1.17,0.53,1,semaforo
senadora,senator,1.69,1.17,2.55,1.45,1.72,1.16,1.59,0.87,2.34,1.4,1,senadora
seno,breast,1.77,1.07,1.1,0.4,1.1,0.4,1.07,0.37,1.07,0.37,1,seno
sensualidad,sensuality,3.63,1.1,1.23,0.63,1.33,0.84,1.5,0.94,1.2,0.41,1,sensualidad
sentimiento,sentiment,3.97,1.33,2.47,1.55,3.33,1.56,2.9,1.49,1.97,1.5,1,sentimiento
señal,signal,2.03,1.27,1.57,1.14,1.37,0.56,1.93,1.34,1.3,0.7,1,senal
sepia,sepia,1.81,1.04,1.15,0.53,1.3,0.67,1.48,0.98,2.15,1.1,1,sepia
sepulturero,gravedigger,1.03,0.18,1.13,0.57,3.23,1.25,2.17,1.26,1.43,0.9,1,sepulturero
sequía,drought,1.0,0.0,2.07,1.14,3.17,1.12,2.63,1.27,1.17,0.46,1,sequia
seriedad,seriously,1.33,0.84,1.47,0.9,1.9,0.92,1.67,0.92,1.2,0.48,1,seriedad
serio,serious,1.17,0.53,1.83,1.23,2.33,1.15,1.9,1.09,1.7,1.06,1,serio
serpiente,snake,1.37,0.93,1.53,1.11,1.47,1.07,3.13,1.33,2.77,1.41,1,serpiente
servilleta,napkin,1.6,1.1,1.0,0.0,1.1,0.4,1.0,0.0,1.43,0.9,1,servilleta
severidad,severity,1.2,0.48,2.87,1.41,2.13,1.38,2.63,1.4,2.13,1.22,1,severidad
sexo,sex,4.37,0.81,1.17,0.53,1.07,0.25,1.37,0.93,1.2,0.41,1,sexo
sexy,sexy,4.07,0.98,1.13,0.35,1.13,0.43,1.07,0.37,1.1,0.31,1,sexy
sierra,saw,1.57,1.01,1.57,0.97,1.23,0.63,2.57,1.28,1.17,0.53,1,sierra
significado,meaning,1.93,1.36,1.4,0.89,1.33,0.71,1.63,1.16,1.3,0.79,1,significado
signo,sign,1.37,0.76,1.3,0.75,1.2,0.55,1.37,0.76,1.13,0.43,1,signo
silbato,whistle,1.73,1.08,1.53,1.11,1.03,0.18,1.17,0.38,1.03,0.18,1,silbato
silla,chair,1.8,1.03,1.03,0.18,1.23,0.63,1.13,0.57,1.07,0.37,1,silla
símbolo,symbol,1.87,1.11,1.43,0.86,1.43,0.9,1.43,0.82,1.5,0.94,1,simbolo
simetría,symmetry,2.47,1.17,1.33,0.76,1.4,0.86,1.27,0.64,1.33,0.66,1,simetria
simpático,nice,4.3,0.88,1.17,0.46,1.07,0.25,1.1,0.31,1.03,0.18,1,simpatico
siniestro,incident,1.17,0.53,3.0,1.53,2.83,1.6,3.93,1.26,2.6,1.4,3,siniestro
sirena,mermaid,2.0,1.11,1.1,0.55,1.23,0.57,1.77,1.07,1.1,0.31,1,sirena
situación,situation,2.13,1.14,1.9,1.18,2.2,1.13,2.27,1.17,1.77,1.1,1,situacion
snob,snob,1.32,0.65,1.55,0.86,1.55,1.01,1.14,0.47,2.45,1.26,1,snob
sobrecogido,awed,1.33,0.71,1.37,0.72,2.7,1.26,2.57,1.22,1.17,0.46,2,sobrecogido
sobresaltado,startled,1.57,1.19,2.07,1.26,1.5,0.97,3.13,1.38,1.33,0.84,2,sobresaltado
sociable,social,3.8,1.1,1.27,0.52,1.23,0.57,1.3,0.7,1.13,0.35,1,sociable
sociedad,society,2.23,1.19,2.07,1.34,2.37,1.22,1.73,0.98,2.47,1.22,1,sociedad
socorro,relief,1.33,0.61,1.57,0.77,2.93,1.34,3.87,1.11,1.3,0.53,1,socorro
sofá,sofa,3.33,1.52,1.03,0.18,1.27,0.69,1.03,0.18,1.03,0.18,1,sofa
soga,noose,1.14,0.44,2.62,1.57,3.14,1.57,3.62,1.35,1.62,1.05,1,soga
sol,sun,4.7,0.47,1.07,0.25,1.2,0.48,1.3,0.65,1.0,0.0,1,sol
solar,solar,2.9,1.32,1.14,0.44,1.28,0.75,1.62,0.86,1.14,0.44,1,solar
soldado,soldier,1.77,1.14,2.0,0.95,2.67,1.18,2.3,1.24,1.37,0.67,1,soldado
soleado,sunlight,3.77,1.48,1.37,1.07,1.3,1.02,1.27,1.01,1.23,0.82,1,soleado
soledad,loneliness,1.33,0.88,1.93,1.26,4.2,0.96,3.27,1.36,1.43,1.01,1,soledad
solemne,solemn,2.04,1.1,1.14,0.45,1.82,1.12,1.32,0.86,1.07,0.38,1,solemne
solitario,lonely,1.33,0.71,1.7,1.26,4.07,0.98,2.53,1.43,1.47,1.14,1,solitario
solo,alone,1.5,0.97,1.43,0.9,3.6,1.35,2.63,1.38,1.3,0.88,3,solo
soltero,single,1.9,1.16,1.17,0.75,1.67,1.09,1.2,0.81,1.1,0.55,1,soltero
solución,solution,4.13,0.9,1.27,0.52,1.33,0.55,2.0,1.05,1.3,0.75,1,solucion
sombra,shadow,1.3,0.88,1.33,0.88,1.9,1.24,2.37,1.27,1.17,0.59,1,sombra
sombrero,hat,1.77,1.14,1.07,0.37,1.13,0.51,1.1,0.4,1.07,0.37,1,sombrero
sombrilla,umbrella,3.0,1.2,1.1,0.4,1.1,0.4,1.13,0.35,1.0,0.0,1,sombrilla
sonajero,rattle,3.13,1.41,1.07,0.25,1.23,0.63,1.27,0.74,1.03,0.18,1,sonajero
soplete,blowtorch,1.4,0.72,1.33,0.71,1.17,0.46,2.57,1.19,1.2,0.55,1,soplete
soplo,blow,1.4,0.89,1.63,1.0,1.97,1.35,1.93,1.31,1.57,0.9,1,soplo
sorprendido,surprised,3.17,1.32,1.27,0.69,1.47,0.78,1.57,0.9,1.13,0.43,1,sorprendido
soso,bland,1.17,0.53,1.97,1.27,1.97,1.0,1.33,0.71,1.73,1.14,1,soso
sospechoso,suspicious,1.03,0.18,2.0,0.98,1.9,1.06,3.07,1.08,1.27,0.58,1,sospechoso
spray,spray,1.21,0.57,1.18,0.39,1.04,0.19,1.29,0.6,1.43,0.84,1,spray
suave,soft,2.8,1.3,1.0,0.0,1.1,0.55,1.0,0.0,1.0,0.0,1,suave
suavidad,softness,3.77,1.04,1.3,0.7,1.5,0.9,1.33,0.8,1.23,0.77,1,suavidad
subida,rise,2.33,1.18,1.57,0.94,1.53,0.94,1.83,0.99,1.47,0.9,1,subida
submarinista,scuba diver,2.23,1.45,1.07,0.37,1.07,0.37,1.5,1.01,1.07,0.37,1,submarinista
suburbio,slum,1.24,0.51,1.9,1.08,2.79,1.45,2.76,1.38,2.21,1.18,1,suburbio
suceso,happening,2.0,1.08,1.33,0.61,1.9,0.92,1.83,0.83,1.27,0.52,1,suceso
suciedad,dirt,1.03,0.18,1.67,1.03,1.8,1.21,1.53,1.04,4.17,1.12,1,suciedad
sucio,dirty,1.07,0.25,1.8,1.06,1.93,1.11,1.47,0.97,3.97,1.19,3,sucio
sudor,sweat,1.47,0.97,1.53,0.86,1.53,1.07,1.47,0.9,3.37,1.3,1,sudor
suegra,mother-in-law,2.53,1.41,1.37,0.89,1.5,1.01,1.7,1.06,1.27,0.58,1,suegra
sueño,dream,3.17,1.64,1.47,0.82,1.8,0.81,1.53,1.04,1.17,0.53,1,sueno
suicidio,suicide,1.0,0.0,2.7,1.51,4.57,0.82,3.63,1.59,1.63,1.27,1,suicidio
sujetador,bra,2.1,1.24,1.23,0.82,1.2,0.66,1.2,0.66,1.2,0.81,1,sujetador
superdotado,exceptionally gifted,2.37,1.5,1.27,0.91,1.4,0.93,1.23,0.63,1.27,0.64,1,superdotado
superioridad,superiority,1.63,1.03,3.47,1.38,2.63,1.33,2.37,1.45,2.63,1.56,1,superioridad
supermercado,supermarket,2.07,1.05,1.2,0.48,1.2,0.48,1.2,0.55,1.17,0.38,1,supermercado
suplicio,ordeal,1.1,0.31,2.67,1.49,2.63,1.25,2.43,1.28,2.0,1.31,1,suplicio
sustento,alimony,2.52,1.43,1.1,0.31,1.41,0.73,1.48,0.91,1.07,0.37,1,sustento
tabaco,tobacco,1.37,0.81,2.4,1.45,2.77,1.41,2.67,1.35,3.57,1.36,1,tabaco
tábano,horsefly,1.0,0.0,1.91,1.2,1.52,0.9,3.17,1.19,2.91,1.31,1,tabano
tabla,table,1.17,0.65,1.07,0.25,1.1,0.4,1.2,0.48,1.07,0.25,1,tabla
tablero,board,1.33,0.88,1.13,0.51,1.13,0.51,1.1,0.4,1.13,0.51,1,tablero
tablón,board,1.37,0.93,1.07,0.25,1.2,0.76,1.37,0.72,1.07,0.25,1,tablon
taburete,stool,1.93,1.17,1.07,0.25,1.13,0.43,1.17,0.46,1.13,0.43,1,taburete
taladro,drill,1.33,0.76,2.17,1.39,1.4,0.77,2.47,1.2,1.57,0.94,1,taladro
talento,talent,3.87,1.01,1.2,0.66,1.17,0.65,1.3,0.84,1.07,0.25,1,talento
talla,size,1.6,1.0,1.77,1.19,1.77,1.22,1.77,1.14,1.73,1.08,1,talla
talle,detail,1.29,0.75,1.21,0.66,1.29,0.75,1.04,0.2,1.13,0.45,1,talle
talón,heel,1.03,0.18,1.0,0.0,1.0,0.0,1.0,0.0,1.37,0.76,1,talon
tamaño,size,1.83,1.42,1.47,1.14,1.53,1.04,1.63,1.07,1.5,1.17,1,tamano
tambor,drum,3.4,1.22,2.23,1.33,1.47,1.04,1.27,0.64,1.27,0.69,1,tambor
tanatorio,morgue,1.03,0.18,2.17,1.53,4.5,0.86,2.97,1.45,1.8,1.16,1,tanatorio
tanga,thong,2.33,1.49,1.2,0.55,1.13,0.51,1.17,0.53,1.6,0.93,1,tanga
tanque,tank,1.07,0.37,3.55,1.27,3.28,1.46,3.66,1.23,2.45,1.45,1,tanque
tarántula,tarantula,1.17,0.59,2.13,1.61,1.77,1.22,4.13,1.07,3.7,1.47,1,tarantula
tarta,cake,3.87,1.25,1.0,0.0,1.07,0.37,1.03,0.18,1.17,0.46,1,tarta
tatuaje,tattoo,2.9,1.21,1.2,0.48,1.27,0.58,2.07,1.05,1.47,0.73,1,tatuaje
taxi,taxi,1.47,1.11,1.23,0.68,1.1,0.55,1.4,0.77,1.03,0.18,1,taxi
taza,cup,2.07,1.11,1.2,0.55,1.37,0.76,1.07,0.37,1.23,0.5,1,taza
teja,tile,1.37,0.93,1.13,0.43,1.17,0.46,1.27,0.52,1.27,0.69,1,teja
tela,fabric,1.73,1.14,1.1,0.4,1.1,0.4,1.17,0.53,1.23,0.68,1,tela
teléfono,phone,2.8,1.35,2.0,1.14,1.73,0.83,1.57,0.82,1.4,0.93,1,telefono
telescopio,telescope,2.23,1.17,1.07,0.37,1.17,0.46,1.13,0.51,1.03,0.18,1,telescopio
televisión,television,2.87,1.07,2.33,1.21,2.5,1.07,1.83,1.02,2.2,1.24,1,television
temeroso,fearful,1.27,0.74,1.73,1.11,2.23,1.17,3.23,1.55,1.3,0.7,1,temeroso
temor,fear,1.07,0.26,2.07,1.16,3.03,1.4,4.45,0.99,1.48,0.91,1,temor
temperamental,moody,1.63,0.89,2.57,1.25,1.77,1.07,2.2,1.19,1.6,0.97,1,temperamental
tenedor,fork,1.43,0.9,1.13,0.51,1.0,0.0,1.3,0.84,1.2,0.61,1,tenedor
tenis,tennis,2.63,1.35,1.3,0.75,1.2,0.48,1.27,0.69,1.07,0.37,1,tenis
tensión,voltage,1.27,0.58,2.63,1.33,2.27,1.36,2.7,1.24,1.8,1.21,1,tension
tenso,tense,1.17,0.46,2.4,1.4,2.23,1.36,2.87,1.41,1.5,0.94,3,tenso
tentación,temptation,2.87,1.14,1.73,0.98,1.5,0.73,2.67,1.12,1.47,0.94,1,tentacion
tenue,subdued,1.48,0.69,1.17,0.66,2.14,1.06,1.9,1.26,1.0,0.0,3,tenue
teoría,theory,1.8,1.03,1.33,0.8,1.33,0.8,1.43,0.9,1.33,0.71,1,teoria
termita,termite,1.29,0.94,1.57,1.1,1.46,1.04,1.82,0.98,2.93,1.46,1,termita
termómetro,thermometer,1.1,0.4,1.17,0.46,1.4,0.77,1.63,0.96,1.1,0.4,1,termometro
terrible,terrible,1.07,0.37,2.67,1.54,2.8,1.45,3.63,1.45,1.87,1.28,1,terrible
terrorista,terrorist,1.03,0.18,4.13,1.17,3.37,1.47,4.37,1.16,3.53,1.63,1,terrorista
tesoro,treasure,3.9,1.12,1.1,0.4,1.17,0.53,1.33,1.03,1.0,0.0,1,tesoro
testamento,will,1.53,1.2,1.67,1.12,3.47,1.38,2.67,1.54,1.4,0.97,1,testamento
tiburón,shark,1.13,0.43,1.63,1.03,1.23,0.57,3.9,1.18,1.4,0.72,1,tiburon
tiempo,time,2.3,1.49,1.53,0.86,2.07,1.14,2.13,1.28,1.23,0.63,1,tiempo
tienda,shop,2.07,1.41,1.03,0.18,1.0,0.0,1.0,0.0,1.17,0.75,1,tienda
tierno,tender,3.73,1.01,1.07,0.25,1.37,0.81,1.3,0.95,1.0,0.0,3,tierno
tierra,earth,2.43,1.41,1.2,0.55,1.3,0.79,1.3,0.75,1.2,0.61,1,tierra
tieso,stiff,1.29,0.6,1.89,1.31,1.54,1.07,1.86,1.18,1.68,1.09,1,tieso
tigre,tiger,2.27,1.46,1.4,0.89,1.5,1.11,2.97,1.38,1.0,0.0,1,tigre
tijeras,scissors,1.1,0.31,1.37,0.85,1.2,0.61,1.8,1.06,1.2,0.55,1,tijeras
tímido,timid,1.33,0.55,1.33,0.84,2.43,1.38,2.13,1.38,1.1,0.4,1,timido
tinta,ink,1.27,0.74,1.03,0.18,1.0,0.0,1.0,0.0,1.23,0.9,1,tinta
tío,uncle,2.97,1.3,1.43,0.82,1.5,0.9,1.23,0.57,1.3,0.79,1,tio
tirano,tyrant,1.0,0.0,3.4,1.59,2.43,1.45,2.73,1.55,2.5,1.63,1,tirano
tirita,band-aid,1.2,0.55,1.2,0.55,1.87,1.14,1.53,0.94,1.97,1.07,1,tirita
titular,holder,2.8,1.47,1.3,0.53,1.27,0.52,1.4,0.72,1.2,0.48,1,titular
toalla,towel,1.83,1.26,1.0,0.0,1.03,0.18,1.0,0.0,1.33,0.8,1,toalla
tobillo,ankle,1.37,0.81,1.2,0.55,1.2,0.55,1.27,0.58,1.3,0.75,1,tobillo
tobogán,rollercoaster,3.97,1.0,1.07,0.25,1.23,0.77,1.5,0.78,1.07,0.25,1,tobogan
tolerancia,tolerance,3.73,1.2,1.33,0.88,1.2,0.48,1.23,0.63,1.2,0.66,1,tolerancia
tolerante,tolerant,3.23,1.52,1.2,0.61,1.07,0.25,1.17,0.59,1.07,0.25,1,tolerante
tomate,tomato,1.97,1.27,1.1,0.31,1.03,0.18,1.03,0.18,1.53,1.2,1,tomate
tonada,tune,2.13,1.13,1.38,0.74,1.63,0.74,1.5,1.07,1.25,0.46,1,tonada
tontería,nonsense,1.9,1.32,1.67,1.03,1.3,0.84,1.37,0.96,1.37,0.89,1,tonteria
tonto,silly,1.2,0.55,1.77,0.9,2.67,1.15,1.3,0.65,1.2,0.48,3,tonto
topo,mole,1.87,1.2,1.3,0.84,1.3,0.7,1.7,1.18,2.07,1.28,1,topo
torero,bullfighter,1.1,0.4,3.2,1.67,2.57,1.77,1.2,0.76,3.5,1.76,1,torero
tormenta,storm,1.53,0.82,1.5,0.9,2.53,1.33,2.53,1.2,1.2,0.55,1,tormenta
tornado,tornado,1.03,0.18,2.17,1.34,2.7,1.42,4.07,1.2,1.2,0.61,1,tornado
tornillo,screw,1.23,0.82,1.13,0.57,1.1,0.4,1.3,0.53,1.07,0.25,1,tornillo
toro,bull,1.37,0.76,1.8,1.21,2.3,1.51,2.33,1.24,1.13,0.51,1,toro
torpe,clumsy,1.33,0.71,2.0,1.05,2.13,1.04,1.83,1.15,1.33,0.84,1,torpe
torre,tower,1.13,0.51,1.03,0.18,1.07,0.37,1.33,0.71,1.07,0.37,1,torre
tortuga,tortoise,2.43,1.55,1.13,0.73,1.57,0.97,1.17,0.75,1.3,0.84,1,tortuga
tortura,torture,1.0,0.0,4.03,1.3,4.43,0.97,4.43,0.9,3.93,1.2,1,tortura
torturador,torturer,1.03,0.18,4.5,0.94,4.5,1.04,4.77,0.57,4.7,0.84,1,torturador
tóxico,toxic,1.2,0.76,1.87,1.28,1.93,1.31,3.63,1.25,2.93,1.41,1,toxico
tractor,tractor,1.83,1.05,1.17,0.46,1.37,0.89,1.37,0.72,1.27,0.69,1,tractor
traficante,dealer,1.33,0.96,3.1,1.27,2.9,1.58,3.33,1.21,2.97,1.5,1,traficante
tragedia,tragedy,1.0,0.0,2.97,1.4,4.83,0.38,3.73,1.31,2.03,1.4,1,tragedia
traicionar,betray,1.07,0.25,4.27,1.08,3.53,1.25,2.57,1.38,2.73,1.53,2,traicionar
traidor,traitor,1.03,0.18,4.03,0.96,3.1,1.24,2.3,1.18,3.1,1.4,1,traidor
traje,suit,2.53,1.33,1.2,0.55,1.43,0.94,1.23,0.57,1.23,0.57,1,traje
trámite,process,1.57,0.86,2.3,1.29,1.57,1.04,2.13,1.17,2.0,1.31,1,tramite
trampa,trap,1.1,0.4,3.37,1.35,2.63,1.38,3.23,1.22,2.0,1.34,1,trampa
trampolín,springboard,2.67,1.35,1.07,0.37,1.1,0.4,2.2,1.19,1.07,0.37,1,trampolin
trance,trance,1.68,1.09,1.82,1.19,2.61,1.37,3.04,1.2,1.57,1.03,1,trance
tranquilo,untroubled,3.07,1.28,1.23,0.63,1.27,0.58,1.23,0.57,1.03,0.18,3,tranquilo
tránsito,transit,1.37,0.72,2.47,1.31,1.6,0.97,1.7,0.99,2.07,1.14,1,transito
tranvía,tram,2.07,1.11,1.47,0.97,1.6,0.93,1.63,0.96,1.4,0.89,1,tranvia
trapecista,aerialist,2.73,1.31,1.17,0.46,1.07,0.25,2.37,1.13,1.07,0.25,1,trapecista
trascendencia,transcendence,2.0,1.25,1.34,0.67,1.52,0.91,1.86,1.22,1.17,0.47,1,trascendencia
trato,treatment,2.57,1.01,1.23,0.5,1.07,0.25,1.43,0.68,1.1,0.4,1,trato
trauma,trauma,1.0,0.0,2.5,1.41,4.1,0.96,4.03,1.0,1.77,1.07,1,trauma
travesía,voyage,2.72,1.44,1.14,0.44,1.28,0.59,1.62,1.05,1.17,0.47,1,travesia
travesura,mischief,2.9,1.06,1.77,1.01,1.0,0.0,1.73,0.87,1.1,0.4,1,travesura
trecho,stretch,1.26,0.86,1.3,0.72,1.3,0.72,1.48,0.8,1.11,0.42,1,trecho
tregua,truce,2.97,1.45,1.62,0.86,1.59,0.87,1.76,0.91,1.24,0.51,1,tregua
triángulo,triangle,1.2,0.76,1.1,0.4,1.07,0.25,1.07,0.25,1.07,0.37,1,triangulo
tripa,gut,1.43,0.97,1.73,1.31,1.8,1.27,1.87,1.38,2.13,1.43,1,tripa
trípode,tripod,1.71,1.12,1.07,0.38,1.11,0.42,1.07,0.38,1.07,0.38,1,tripode
triste,sad,1.03,0.18,2.07,1.36,4.47,0.94,2.17,1.18,1.5,1.04,1,triste
triunfante,triumphant,4.07,1.14,1.3,0.65,1.13,0.43,1.27,0.58,1.07,0.37,1,triunfante
triunfo,triumph,4.37,1.0,1.17,0.38,1.37,1.0,1.43,0.68,1.0,0.0,1,triunfo
trofeo,trophy,4.23,0.86,1.33,0.71,1.27,0.64,1.47,0.9,1.07,0.25,1,trofeo
trompeta,trumpet,2.63,1.56,1.33,0.76,1.17,0.53,1.07,0.25,1.03,0.18,1,trompeta
trozo,stub,1.4,0.86,1.37,0.67,1.6,1.0,1.3,0.65,1.53,0.82,1,trozo
trucha,trout,1.77,1.04,1.03,0.18,1.1,0.31,1.17,0.46,2.13,1.31,1,trucha
tuberculosis,tuberculosis,1.13,0.73,1.83,1.32,3.23,1.1,3.53,1.01,2.43,1.25,1,tuberculosis
tucán,toucan,3.17,1.28,1.17,0.54,1.07,0.26,1.66,0.86,1.17,0.47,1,tucan
tuerca,nut,1.33,0.84,1.23,0.57,1.13,0.43,1.13,0.43,1.23,0.5,1,tuerca
tumba,tomb,1.07,0.37,2.17,1.49,3.93,1.48,3.57,1.5,1.97,1.3,1,tumba
tumor,tumor,1.0,0.0,3.4,1.63,4.33,0.8,4.6,0.62,2.57,1.45,1,tumor
túnel,tunnel,1.43,0.73,1.27,0.58,1.93,1.2,2.63,1.1,1.5,0.78,1,tunel
turbio,muddy,1.2,0.61,1.57,1.07,1.73,1.05,2.23,1.36,2.5,1.36,1,turbio
turno,turn,1.67,1.15,1.57,0.82,1.27,0.74,1.33,0.66,1.1,0.4,1,turno
úlcera,ulcer,1.03,0.18,1.87,1.17,2.47,1.38,2.73,1.41,2.8,1.3,1,ulcera
unidad,unit,2.1,1.12,1.5,1.04,1.37,0.85,1.43,0.97,1.27,0.64,1,unidad
uniforme,uniform,1.67,1.09,2.03,1.27,2.13,1.25,1.6,1.07,1.93,1.36,1,uniforme
urraca,magpie,1.5,0.92,1.11,0.42,1.25,0.52,1.79,1.1,1.61,0.96,1,urraca
utensilio,utensil,1.43,0.94,1.37,0.85,1.13,0.43,1.43,0.86,1.3,0.7,1,utensilio
útero,uterus,1.87,1.14,1.23,0.63,1.33,0.92,1.8,1.1,1.63,1.07,1,utero
útil,useful,3.73,1.26,1.27,0.64,1.23,0.57,1.47,0.94,1.33,0.84,1,util
utopía,utopia,3.14,1.43,1.46,0.69,2.0,1.02,1.64,0.91,1.46,0.84,1,utopia
vaca,cow,2.53,1.38,1.03,0.18,1.07,0.25,1.47,0.82,1.17,0.38,1,vaca
vacación,holiday,4.19,1.14,1.07,0.27,1.19,0.4,1.11,0.42,1.0,0.0,1,vacacion
vacilar,tease,1.7,1.12,2.83,1.44,2.13,1.22,1.9,1.21,2.0,1.34,2,vacilar
vagina,vagina,2.47,1.61,1.07,0.37,1.13,0.51,1.3,0.65,1.63,0.85,1,vagina
vagón,wagon,1.5,0.9,1.3,0.7,1.47,0.86,1.6,0.86,1.33,0.61,1,vagon
vale,worth,1.93,1.11,1.17,0.38,1.27,0.69,1.13,0.43,1.07,0.25,1,vale
valiente,brave,3.83,1.09,1.37,0.89,1.03,0.18,1.4,0.72,1.0,0.0,1,valiente
valle,valley,3.13,1.41,1.0,0.0,1.23,0.43,1.5,0.9,1.0,0.0,1,valle
vampiro,vampire,1.2,0.55,1.47,1.11,1.23,0.68,2.43,1.52,1.57,1.33,1,vampiro
vándalo,vandal,1.2,0.48,3.47,1.22,2.8,1.54,3.47,1.28,2.47,1.33,1,vandalo
vanidad,vanity,1.5,1.03,2.15,1.29,1.73,1.12,1.35,0.85,2.04,1.31,1,vanidad
váter,toilet,1.57,1.19,1.13,0.73,1.13,0.73,1.17,0.75,3.13,1.36,1,vater
vehículo,vehicle,2.1,1.3,1.3,0.7,1.2,0.55,1.77,0.9,1.07,0.25,1,vehiculo
vela,candle,2.14,1.3,1.24,0.79,1.69,0.97,1.79,1.01,1.1,0.41,1,vela
velero,sailboat,3.47,1.11,1.13,0.43,1.1,0.4,1.87,1.22,1.1,0.4,1,velero
velo,veil,2.03,1.27,2.03,1.27,2.4,1.38,2.5,1.17,1.77,1.17,1,velo
veloz,swift,2.43,1.45,1.43,1.01,1.2,0.66,1.4,1.04,1.13,0.51,1,veloz
vencedor,champion,3.63,1.13,1.6,0.89,1.2,0.61,1.3,0.65,1.27,0.64,1,vencedor
vencedora,winner,3.87,1.22,1.57,1.17,1.53,0.97,1.23,0.63,1.2,0.66,1,vencedora
vencido,defeated,1.2,0.41,3.03,1.16,3.8,0.96,2.6,1.43,1.7,0.95,1,vencido
venda,bandage,1.28,0.7,1.76,0.99,2.45,1.21,2.66,1.29,1.72,0.84,1,venda
vendedor,seller,1.7,0.88,1.43,0.9,1.3,0.65,1.37,0.76,1.4,0.77,1,vendedor
veneno,venom,1.13,0.51,2.6,1.22,2.53,1.43,4.2,1.0,3.33,1.56,1,veneno
veneración,veneration,1.52,0.73,1.78,1.24,1.7,1.02,1.65,0.83,1.87,1.18,1,veneracion
venganza,revenge,1.4,0.81,3.37,1.35,2.07,1.01,2.63,1.1,2.0,1.31,1,venganza
ventaja,advantage,3.67,0.99,1.37,0.81,1.27,0.78,1.17,0.59,1.03,0.18,1,ventaja
ventana,window,2.43,1.33,1.1,0.4,1.5,0.78,1.7,1.02,1.1,0.4,1,ventana
ventanilla,window,2.4,1.35,1.4,0.93,1.73,1.23,1.5,0.73,1.23,0.82,1,ventanilla
verbena,verbena,3.28,1.31,1.14,0.44,1.07,0.26,1.07,0.37,1.38,0.62,1,verbena
verdad,truth,3.93,0.94,1.9,1.06,2.13,1.25,2.8,1.21,1.5,0.86,1,verdad
verdadero,true,3.6,1.07,1.43,0.86,1.73,1.14,1.87,1.14,1.33,0.8,3,verdadero
verde,green,3.2,1.16,1.07,0.37,1.07,0.37,1.1,0.4,1.17,0.53,1,verde
verdugo,executioner,1.13,0.43,2.87,1.48,2.5,1.43,3.1,1.45,2.6,1.52,1,verdugo
vergonzoso,shy,1.27,0.52,1.83,1.15,2.77,1.22,2.67,1.35,1.57,0.97,1,vergonzoso
verruga,wart,1.27,0.83,1.73,1.23,1.77,1.17,2.27,1.39,3.77,1.3,1,verruga
versión,version,1.23,0.57,1.37,0.67,1.2,0.48,1.3,0.7,1.2,0.61,1,version
verso,verse,2.67,0.99,1.33,0.71,2.1,1.06,1.2,0.55,1.17,0.46,3,verso
vertedero,dump,1.03,0.19,1.21,0.77,1.79,1.35,1.52,1.06,4.17,0.93,1,vertedero
vértigo,vertigo,1.2,0.66,1.43,0.86,1.9,1.24,3.8,1.27,1.2,0.66,1,vertigo
vestíbulo,lobby,1.63,1.0,1.23,0.77,1.3,0.88,1.37,0.85,1.43,0.77,1,vestibulo
vestido,dress,2.93,1.39,1.2,0.55,1.23,0.63,1.07,0.25,1.07,0.25,1,vestido
veterano,veteran,2.0,1.1,1.62,1.12,1.72,1.13,1.62,1.18,1.14,0.44,1,veterano
veterinaria,veterinarian,2.8,1.3,1.17,0.53,1.97,1.27,1.83,0.91,1.5,0.86,1,veterinaria
veterinario,veterinarian,2.7,1.29,1.03,0.18,1.1,0.31,1.23,0.57,1.2,0.55,3,veterinario
viajes,travels,4.9,0.31,1.1,0.4,1.37,0.72,1.83,0.87,1.07,0.37,1,viajes
víbora,viper,1.1,0.31,1.83,1.21,1.57,1.07,4.0,1.17,3.0,1.51,1,vibora
vicio,vice,2.37,1.3,2.23,1.55,2.43,1.17,3.4,1.13,2.33,1.45,1,vicio
víctima,victim,1.0,0.0,2.9,1.56,4.2,1.03,2.53,1.17,1.37,0.72,1,victima
victimismo,scapegoat,1.03,0.18,3.07,1.34,2.73,1.39,1.77,1.14,2.2,1.35,1,victimismo
victoria,victory,4.5,0.86,1.43,0.97,1.27,0.83,1.2,0.55,1.03,0.18,1,victoria
vida,life,4.2,1.16,1.63,1.33,2.17,1.39,2.3,1.49,1.3,1.02,1,vida
vídeo,video,2.13,1.41,1.17,0.75,1.33,0.96,1.33,0.88,1.13,0.73,1,video
vidrio,glass,1.47,0.86,1.23,0.57,1.27,0.64,1.6,0.93,1.17,0.53,1,vidrio
vigía,lookout,1.45,0.91,1.45,1.06,1.36,0.66,2.0,1.31,1.45,1.06,1,vigia
vigilante,watch,1.43,0.82,1.5,1.07,1.17,0.46,2.1,1.21,1.13,0.43,1,vigilante
vigoroso,mighty,2.37,1.35,1.6,1.0,1.13,0.43,1.47,0.78,1.47,0.73,1,vigoroso
vino,wine,3.0,1.31,1.23,0.68,1.43,0.86,1.37,0.89,2.03,1.4,1,vino
violación,rape,1.0,0.0,4.87,0.51,4.47,1.04,4.57,0.77,4.73,0.83,1,violacion
violencia,violence,1.23,0.63,3.9,1.16,3.17,1.56,3.53,1.38,3.23,1.59,1,violencia
violento,violent,1.07,0.37,4.37,0.81,3.47,1.36,3.93,1.23,3.43,1.22,3,violento
violín,violin,3.63,1.25,1.43,1.01,2.4,1.28,1.23,0.77,1.1,0.4,1,violin
virgen,virgin,1.53,0.94,1.17,0.53,1.27,0.83,1.4,0.77,1.17,0.46,1,virgen
virtud,virtue,3.73,1.2,1.1,0.4,1.1,0.4,1.2,0.66,1.0,0.0,1,virtud
viruela,smallpox,1.04,0.19,1.86,1.24,2.68,1.54,3.82,1.19,3.14,1.48,1,viruela
visión,vision,3.53,1.5,1.13,0.43,1.57,1.04,1.5,0.86,1.37,0.81,1,vision
vistazo,look,1.57,0.94,1.5,0.97,1.33,0.71,1.5,0.9,1.47,0.9,1,vistazo
vitalidad,vitality,4.23,0.82,1.03,0.18,1.13,0.35,1.13,0.35,1.03,0.18,1,vitalidad
viuda,widow,1.23,0.73,1.87,1.36,4.07,0.94,2.57,1.41,1.4,0.97,1,viuda
vívido,lively,2.72,1.46,1.08,0.28,1.6,1.12,1.72,1.24,1.44,1.04,3,vivido
vivir,live,4.47,0.78,1.23,0.63,1.73,1.28,2.33,1.32,1.1,0.31,2,vivir
vivo,alive,4.57,0.68,1.13,0.35,1.2,0.48,1.67,0.96,1.1,0.4,1,vivo
volcán,volcano,1.53,0.78,2.2,1.27,2.0,1.2,4.0,0.91,1.6,0.86,1,volcan
volumen,volume,1.77,1.01,1.57,1.01,1.27,0.74,1.4,0.86,1.47,0.9,1,volumen
voluntad,will,3.53,1.14,1.3,0.7,1.2,0.48,1.33,0.66,1.03,0.18,1,voluntad
voluptuosidad,voluptuousness,2.52,1.58,1.4,0.76,1.48,0.92,1.76,0.93,1.72,0.98,1,voluptuosidad
vómito,vomit,1.23,0.73,1.73,1.17,1.9,1.24,1.77,1.17,4.47,0.86,1,vomito
yate,yacht,3.53,1.5,1.17,0.46,1.13,0.35,1.53,1.04,1.23,0.73,1,yate
zafiro,sapphire,2.77,1.41,1.3,0.75,1.23,0.57,1.3,0.6,1.17,0.53,1,zafiro
zapato,shoe,2.17,1.29,1.1,0.4,1.1,0.4,1.1,0.4,1.3,0.65,1,zapato
zorro,fox,1.93,1.14,1.2,0.48,1.27,0.74,2.67,1.42,1.17,0.46,3,zorro
zurra,spanking,1.0,0.0,2.95,1.36,1.9,0.91,2.6,1.19,1.25,0.55,1,zurra
