palabra,word,valencia_m,valencia_sd,activacion_m,activacion_sd,concrecion_m,concrecion_sd,imaginabilidad_m,imaginabilidad_sd,disponibilidad_contextual_m,disponibilidad_contextual_sd,familiaridad_m,familiaridad_sd,categoria_palabra,palabra_noaccents
abandono,abandonment,1.09,0.29,7.85,1.42,4.52,1.73,3.7,1.77,3.95,1.76,5.65,1.27,1,abandono
abanico,fan,5.64,0.99,3.57,2.02,5.64,1.56,6.86,0.36,4.67,1.93,5.15,2.06,1,abanico
abeja,bee,2.9,1.62,7.14,1.61,6.86,0.35,6.77,0.53,5.78,1.88,5.48,2.02,1,abeja
abejorro,bumblebee,3.4,1.31,6.95,1.91,6.59,0.8,6.35,1.27,4.96,2.16,4.32,2.03,1,abejorro
abismo,abyss,2.95,1.2,6.55,1.68,3.75,1.59,3.9,2.2,4.35,1.93,4.74,1.94,1,abismo
abnegación,abnegation,3.9,1.8,4.91,1.77,2.18,1.01,1.45,1.34,1.96,1.74,1.77,0.87,1,abnegacion
abogada,lawyer,5.05,1.15,4.95,1.82,5.57,1.16,5.8,1.58,5.18,2.06,5.61,1.75,1,abogada
aborto,abortion,2.5,1.5,6.9,1.52,5.75,1.41,3.3,1.56,5.0,1.92,6.14,0.91,1,aborto
abrigo,coat,4.4,1.7,3.75,1.65,4.33,1.43,6.96,0.21,6.0,1.6,6.71,0.64,1,abrigo
abstinente,abstinent,3.45,1.43,3.64,2.08,4.52,2.06,2.09,1.35,2.74,2.14,3.15,1.81,3,abstinente
absurdo,absurd,4.05,1.17,4.23,1.93,3.23,1.66,1.86,1.42,3.14,1.58,5.64,1.33,1,absurdo
abuela,grandmother,8.2,1.06,2.2,1.51,5.86,1.39,6.75,0.64,6.73,0.63,6.67,0.8,1,abuela
abuso,abuse,1.71,0.85,7.2,1.24,3.6,1.54,3.14,1.65,5.59,1.26,5.4,1.47,1,abuso
accidente,accident,1.52,0.68,7.5,1.3,4.2,1.36,5.73,1.28,6.35,1.31,5.9,1.68,1,accidente
acción,action,6.43,1.44,6.95,1.81,2.05,1.36,3.81,1.78,4.45,2.24,6.45,1.39,1,accion
acelerador,accelerator,5.9,1.21,6.64,1.89,5.86,0.65,4.73,1.98,5.09,2.17,5.86,1.53,1,acelerador
acento,accent,5.23,1.27,4.77,1.9,3.3,1.56,4.33,2.03,5.5,1.73,5.8,1.58,1,acento
aceptación,acceptance,8.35,1.14,5.36,2.52,2.95,1.64,3.29,2.1,3.35,1.9,5.85,1.46,1,aceptacion
acera,sidewalk,4.96,0.21,3.9,1.74,6.32,0.99,6.36,0.9,5.77,1.88,6.33,0.73,1,acera
acidez,acidity,4.09,1.54,6.14,1.7,4.91,1.76,2.7,1.74,3.91,2.45,4.96,1.94,1,acidez
ácido,acid,4.0,2.14,6.8,1.91,5.1,1.64,3.59,1.87,4.95,2.42,5.73,1.35,1,acido
acierto,confidence,7.8,1.96,5.45,2.15,4.52,1.78,3.3,1.82,4.83,2.08,6.0,1.34,1,acierto
acoso,harassment,1.43,0.66,7.95,1.32,3.09,1.48,3.13,1.36,4.18,2.28,5.0,2.05,1,acoso
acre,acre,4.91,0.43,3.65,1.84,4.4,2.06,2.1,1.64,1.14,0.47,1.77,1.31,1,acre
activar,to enable,5.73,1.03,6.36,1.65,3.87,2.16,3.04,2.23,3.64,2.22,5.15,1.42,1,activar
acto,event,5.83,1.4,6.19,1.69,3.23,1.69,1.91,1.02,4.4,2.16,5.41,1.53,1,acto
acuerdo,agreement,6.57,1.2,4.0,2.22,3.15,1.81,3.32,1.78,4.32,1.67,5.75,1.55,1,acuerdo
ademán,gesture,5.1,0.44,3.5,1.82,3.23,1.82,2.85,1.76,1.32,0.78,3.32,1.89,1,ademan
adicción,addiction,2.61,1.92,6.85,2.08,3.82,1.89,3.86,1.49,4.86,1.81,5.48,1.47,1,adiccion
adiós,bye-bye,2.21,1.35,4.76,1.97,5.86,1.35,3.73,2.1,6.2,1.15,6.82,0.39,1,adios
admiración,admiration,7.5,1.01,5.8,2.46,2.8,1.64,2.43,1.25,5.17,1.9,5.05,2.06,1,admiracion
admirado,admired,6.95,1.1,6.68,1.89,3.74,1.6,4.17,1.99,4.86,2.19,5.24,1.51,1,admirado
adolescente,teenager,5.91,1.9,5.64,1.92,6.0,1.14,5.62,1.07,6.32,0.99,6.73,0.88,1,adolescente
adopción,adoption,5.25,1.98,5.48,2.48,4.6,1.54,3.2,1.82,5.7,1.75,5.64,1.62,1,adopcion
adoración,worship,7.0,1.86,3.14,2.08,2.23,1.27,3.36,1.73,4.61,2.19,4.05,1.86,1,adoracion
adulterio,adultery,3.45,1.85,7.59,1.33,5.27,1.78,4.0,1.9,3.61,2.62,3.95,1.86,1,adulterio
adversario,adversary,4.0,1.35,6.41,1.71,3.85,1.69,3.38,1.5,4.68,2.12,5.1,2.07,1,adversario
aeropuerto,airport,6.38,2.1,5.29,2.05,6.55,0.76,6.65,0.81,6.5,0.83,6.18,1.05,1,aeropuerto
afortunado,lucky,7.45,1.19,5.25,2.29,4.4,1.54,3.5,1.64,4.85,2.06,5.6,1.35,1,afortunado
agente,agent,4.57,1.4,5.05,1.59,3.8,1.36,5.55,1.5,5.15,2.21,5.43,1.85,1,agente
agobiado,overwhelmed,2.24,1.14,7.1,1.51,4.78,1.73,3.96,2.01,5.73,1.52,6.6,0.68,1,agobiado
agresividad,aggressiveness,1.77,1.15,7.15,1.46,4.78,1.78,4.61,2.06,5.04,1.71,5.9,1.51,1,agresividad
agresivo,aggressive,2.0,1.22,7.62,1.12,5.09,1.65,4.74,2.07,5.27,1.91,5.65,1.39,3,agresivo
agricultor,farmer,5.57,1.26,3.87,2.01,5.64,1.18,6.05,1.16,5.05,1.77,6.0,1.62,1,agricultor
aguanieve,sleet,5.71,1.38,3.33,1.96,6.3,1.03,5.19,1.75,3.73,1.96,4.7,2.2,1,aguanieve
aguardiente,brandy,4.73,1.72,5.25,2.0,6.41,0.8,5.91,1.23,4.33,2.1,4.9,2.02,1,aguardiente
agudo,sharp,4.7,1.38,5.14,1.98,3.5,1.77,1.82,1.56,2.85,1.76,5.19,1.66,1,agudo
aguijón,sting,2.45,1.5,7.0,1.86,5.82,1.33,5.75,1.52,3.63,2.62,3.67,2.06,1,aguijon
águila,eagle,5.4,1.19,4.9,1.94,6.8,0.41,6.85,0.67,5.0,2.29,5.67,1.2,1,aguila
aguja,needle,4.09,1.59,5.75,1.89,5.77,1.57,6.86,0.35,6.14,1.21,6.0,1.26,1,aguja
ahogarse,to drown,1.75,1.16,7.9,1.18,5.17,1.97,5.7,1.69,5.41,1.84,4.9,1.22,2,ahogarse
aislamiento,isolation,1.82,0.96,4.5,2.48,3.0,1.62,3.13,1.58,3.79,2.17,4.55,1.96,1,aislamiento
ajedrez,chess,4.86,1.46,3.27,1.61,6.18,1.37,6.91,0.29,5.4,1.47,5.2,1.82,1,ajedrez
albergue,hostel,5.96,2.12,5.24,2.36,6.05,0.72,5.32,1.39,6.0,1.38,5.0,1.62,1,albergue
alcaldesa,mayor,4.38,1.65,5.0,1.86,6.38,0.74,3.6,1.98,4.18,1.94,5.64,1.62,1,alcaldesa
alfiler,pin,4.27,1.48,4.8,1.99,6.43,0.87,6.9,0.31,4.32,2.25,5.0,1.75,1,alfiler
alianza,alliance,6.83,1.44,4.65,2.64,4.36,1.97,6.05,1.73,4.55,2.2,4.75,2.07,1,alianza
aliento,breath,4.65,1.42,3.52,2.04,4.81,1.6,2.5,1.85,5.45,1.67,5.67,1.77,1,aliento
alivio,relief,7.59,1.01,1.6,1.14,2.95,1.29,2.85,1.53,5.27,1.88,5.55,1.34,1,alivio
alma,soul,6.64,1.65,3.45,2.39,2.38,1.99,2.9,1.8,4.32,1.76,5.7,1.75,1,alma
altercado,altercation,2.5,1.5,7.09,1.34,2.9,1.61,3.45,1.82,3.3,2.22,4.39,1.97,1,altercado
aluminio,aluminum,4.32,1.25,3.4,1.96,5.29,1.85,5.14,1.88,4.21,2.26,4.9,1.59,1,aluminio
alumno,student,5.42,1.27,4.65,1.46,5.38,1.6,5.95,1.15,6.55,0.86,6.76,0.62,1,alumno
amabilidad,kindness,7.77,0.97,3.75,2.67,4.05,2.04,2.8,1.64,5.38,1.58,6.5,1.0,1,amabilidad
amado,loved,8.23,0.87,5.59,2.63,3.8,1.58,4.0,1.75,5.3,1.75,5.23,1.95,3,amado
amante,lover,4.95,2.44,6.09,2.31,4.76,1.37,4.1,2.02,4.65,1.82,5.95,1.4,1,amante
amargura,bitterness,1.96,0.82,7.3,1.38,2.14,0.83,2.52,1.41,3.32,1.96,4.38,1.88,1,amargura
ambición,ambition,4.5,2.15,5.76,1.73,2.91,1.9,2.0,1.41,3.5,2.01,5.45,1.39,1,ambicion
ambiente,atmosphere,5.95,1.09,2.65,1.76,2.71,1.42,2.77,1.82,4.91,2.14,5.62,1.28,1,ambiente
ambulancia,ambulance,2.65,1.04,6.82,1.14,6.8,0.52,6.85,0.37,6.35,1.27,6.32,0.95,1,ambulancia
ametralladora,machine gun,2.6,1.79,7.3,1.38,6.55,1.3,6.3,1.08,4.39,2.39,4.57,1.96,1,ametralladora
amiga,friend,8.4,0.94,3.05,2.24,4.1,1.81,5.68,1.13,6.64,1.05,6.71,0.9,1,amiga
ampliación,extension,6.39,1.41,3.95,1.86,2.7,1.69,2.3,1.11,3.68,2.12,5.05,1.56,1,ampliacion
amplitud,amplitude,6.42,1.25,3.86,2.06,3.25,2.12,2.23,1.19,3.55,2.01,5.55,1.61,1,amplitud
análisis,analysis,4.14,1.88,6.15,2.32,2.85,2.08,3.25,1.68,4.82,1.99,6.45,1.19,1,analisis
analista,analyst,5.07,1.41,4.74,2.2,3.27,1.86,2.29,1.52,2.24,1.61,4.27,1.93,1,analista
analogía,analogy,5.0,0.31,3.75,1.77,2.41,1.68,1.9,1.14,1.64,1.33,3.75,1.94,1,analogia
anfitrión,host,6.79,1.41,5.95,2.04,5.55,1.3,4.19,1.57,4.2,2.42,4.71,1.23,1,anfitrion
angustia,distress,1.86,0.83,7.6,2.06,3.27,1.45,2.59,1.33,4.79,1.89,5.26,1.96,1,angustia
anillo,ring,6.55,1.18,4.85,2.18,6.14,1.31,6.85,0.67,6.05,1.85,6.38,1.36,1,anillo
ánimo,mood,7.14,1.2,5.59,2.06,2.73,1.45,1.91,1.44,4.18,2.08,6.0,1.78,1,animo
anorak,anorak,4.7,1.78,4.3,1.72,5.9,1.14,6.57,0.81,5.09,2.02,5.1,1.89,1,anorak
antecedente,antecedent,4.1,1.09,5.55,1.32,3.61,1.8,2.26,1.54,3.05,1.65,4.5,1.74,1,antecedente
anticuario,antique,4.18,1.14,3.0,1.86,5.77,1.41,5.09,1.5,3.5,2.04,3.2,1.88,1,anticuario
antorcha,torch,5.3,1.17,3.95,2.17,6.7,0.57,6.7,0.57,5.17,2.33,4.48,1.57,1,antorcha
antropólogo,anthropologist,4.95,0.65,3.75,1.83,6.18,1.53,4.3,1.89,2.17,1.55,3.41,1.79,1,antropologo
añoranza,yearning,2.35,1.3,4.95,2.52,3.0,1.92,1.82,1.4,5.14,2.14,4.18,1.65,1,anoranza
aparato,apparatus,4.68,0.78,3.85,1.76,2.25,1.25,4.0,2.37,4.36,2.15,6.05,0.94,1,aparato
apariencia,appearance,4.55,0.94,4.73,1.8,3.27,1.72,2.18,1.56,4.36,1.99,5.1,1.92,1,apariencia
apartamento,apartment,6.32,1.49,3.65,2.03,6.18,1.14,6.55,0.6,6.23,1.27,6.05,1.09,1,apartamento
aperitivo,aperitif,6.86,1.21,5.6,2.44,5.09,1.66,5.59,1.37,5.71,1.52,6.27,0.94,1,aperitivo
aplauso,applause,7.57,1.27,5.91,2.58,5.4,1.6,6.5,1.06,6.27,0.88,6.3,1.56,1,aplauso
aprecio,appreciation,7.91,1.02,3.65,2.66,3.1,1.77,3.33,2.27,5.77,1.38,6.05,1.21,1,aprecio
aptitud,aptitude,7.4,1.14,5.18,1.76,2.75,1.71,1.68,1.25,3.83,2.15,5.09,1.66,1,aptitud
apuros,trouble,2.7,1.17,6.23,2.39,3.91,1.47,2.57,1.75,3.82,1.94,4.9,1.81,1,apuros
araña,spider,3.4,1.27,7.27,1.03,6.55,0.76,6.85,0.37,6.1,1.37,5.5,1.64,1,arana
árbitro,referee,5.0,0.73,5.8,2.14,5.14,1.2,6.65,0.49,6.26,1.1,5.86,1.52,1,arbitro
argumento,argument,5.59,0.85,4.25,2.0,3.05,1.66,2.33,1.24,4.91,1.95,5.78,1.68,1,argumento
armario,cabinet,4.95,0.51,4.0,1.93,6.5,1.1,6.9,0.3,6.18,1.5,7.0,0.0,1,armario
armonía,harmony,7.87,0.97,3.2,2.59,2.45,1.63,2.09,1.23,4.09,2.22,4.83,2.04,1,armonia
arrebatar,to snatch,2.64,1.43,7.65,1.27,3.67,2.06,2.27,1.39,3.45,2.13,3.76,1.92,1,arrebatar
arroyo,stream,4.74,1.66,4.05,2.5,5.86,1.28,5.73,1.55,3.77,2.2,4.32,2.06,1,arroyo
arroz,rice,5.14,0.35,3.77,1.48,6.41,0.91,6.85,0.67,6.09,1.54,6.91,0.29,1,arroz
artefacto,artifact,3.86,1.39,6.2,2.26,2.86,1.86,2.73,1.75,2.68,1.86,3.81,2.02,1,artefacto
artesana,artisan,6.07,1.41,3.65,2.04,4.5,1.68,3.76,2.07,3.76,2.0,4.82,1.92,1,artesana
artículo,article,4.9,0.94,3.86,1.93,2.73,1.64,4.85,2.03,5.18,1.97,6.3,0.66,1,articulo
asalariada,wage,5.89,1.71,4.91,1.95,3.95,2.13,2.48,1.94,2.38,1.96,4.2,2.12,1,asalariada
ascender,to ascend,6.77,1.66,5.8,2.48,5.0,1.1,3.45,1.97,4.33,1.97,5.48,1.68,1,ascender
asesina,killer,1.45,0.94,7.82,1.62,6.39,0.78,5.61,1.44,2.71,1.85,5.41,1.56,1,asesina
asesinar,to murder,1.19,0.4,7.95,1.43,5.96,1.66,5.3,2.05,4.91,2.39,5.57,1.97,1,asesinar
asesinato,murder,1.35,0.88,8.14,1.25,5.52,1.5,5.87,1.18,4.96,2.51,5.76,1.58,1,asesinato
asesino,murderer,1.62,1.16,7.43,1.66,4.75,1.71,5.05,1.4,5.18,1.76,5.91,1.7,3,asesino
asesor,advisor,5.71,1.33,4.22,1.62,4.09,1.8,2.81,1.78,2.81,1.72,4.85,1.31,1,asesor
asesora,advises,5.38,1.24,4.85,1.81,4.67,1.74,2.45,1.79,3.5,2.13,4.91,1.88,1,asesora
asfalto,asphalt,4.6,0.82,3.14,2.14,6.4,0.99,6.27,1.2,4.87,2.47,5.75,1.41,1,asfalto
asilo,asylum,3.39,1.42,4.43,2.15,5.55,1.57,5.57,1.36,4.71,1.9,4.5,1.37,1,asilo
asistenta,housekeeper,4.73,1.4,3.75,1.86,4.71,1.74,4.3,2.15,4.23,1.88,4.9,1.97,1,asistenta
asqueroso,gross,3.0,1.34,6.35,1.69,4.5,1.67,4.6,1.64,4.85,1.84,5.9,1.67,3,asqueroso
asunto,issue,5.13,0.76,4.05,1.79,1.67,1.11,1.59,0.96,3.36,2.17,6.09,1.31,1,asunto
asustado,scared,2.7,1.13,6.1,2.32,5.43,1.47,5.04,1.8,5.39,1.47,5.83,1.67,1,asustado
ataque,attack,3.04,1.92,7.19,1.89,3.41,1.71,4.05,1.79,4.5,2.01,5.82,1.44,1,ataque
ataúd,coffin,1.91,1.34,6.71,1.98,6.65,0.59,6.6,0.94,5.6,1.64,4.5,2.21,1,ataud
atentado,attack,1.68,0.95,8.2,1.24,4.86,1.68,4.59,1.62,5.71,1.92,5.5,1.26,1,atentado
aterrorizado,terrified,2.32,1.25,7.19,1.89,5.26,1.66,4.91,1.88,5.41,1.89,4.87,1.96,1,aterrorizado
átomo,atom,4.95,1.09,4.09,1.77,4.95,2.26,2.68,1.94,2.55,2.11,5.18,1.4,1,atomo
atracción,attraction,7.18,1.18,7.6,1.85,2.77,1.51,3.73,2.1,5.79,1.38,6.4,0.88,1,atraccion
atraco,robbery,1.45,0.89,7.5,1.63,5.65,1.56,5.13,1.87,5.3,1.99,5.35,1.53,1,atraco
atraer,to attract,7.05,1.33,6.75,2.43,3.19,1.86,3.9,2.12,4.64,2.17,5.82,1.76,1,atraer
atrevido,bold,6.27,0.94,6.09,1.48,5.17,1.37,3.57,1.97,5.77,1.54,5.82,1.56,1,atrevido
atrocidad,atrocity,2.15,0.99,6.33,2.33,3.83,1.64,2.35,1.34,2.95,2.44,3.59,1.82,1,atrocidad
aumento,increase,6.26,1.54,5.18,2.2,3.55,1.47,3.1,1.74,4.77,2.2,5.2,1.7,1,aumento
ausencia,absence,2.33,1.2,4.59,2.15,2.95,1.79,2.45,1.47,4.8,1.88,5.32,1.46,1,ausencia
autobús,bus,4.71,1.1,4.91,1.57,6.77,0.43,6.8,0.7,6.27,1.35,6.4,0.88,1,autobus
autoridad,authority,5.0,1.75,6.86,1.32,4.32,1.64,4.29,1.82,5.17,1.67,5.35,1.99,1,autoridad
auxilio,help,3.05,1.99,7.9,1.92,3.65,2.11,3.36,1.87,4.91,2.07,4.67,1.28,1,auxilio
avance,advance,7.15,1.09,4.82,1.94,2.73,1.24,2.5,1.5,3.78,2.39,5.52,1.25,1,avance
avión,plane,5.14,1.58,6.5,1.54,6.7,0.57,6.85,0.49,6.4,1.05,6.5,0.86,1,avion
avispa,wasp,3.05,1.23,6.6,1.5,6.57,1.2,7.0,0.0,5.82,1.68,5.59,1.82,1,avispa
ayuda,help,6.58,2.02,5.86,2.5,3.2,2.07,3.1,1.45,4.9,2.0,6.6,0.88,1,ayuda
ayudar,to help,7.68,1.29,4.9,2.45,2.95,1.93,3.2,1.54,5.71,1.6,6.55,0.76,1,ayudar
ayuntamiento,city hall,4.83,1.53,3.18,1.84,6.05,1.0,6.05,1.36,6.18,1.3,5.57,2.06,1,ayuntamiento
azafata,stewardess,5.75,1.25,5.4,1.31,4.71,1.49,6.74,0.54,5.77,1.51,5.27,1.64,1,azafata
azar,random,5.15,1.09,4.55,2.18,2.5,1.87,2.19,1.17,4.45,2.2,5.9,1.37,1,azar
azulejo,tile,5.1,0.55,3.76,1.87,5.52,2.02,5.91,1.73,2.91,2.18,4.95,2.11,1,azulejo
bacteria,bacterium,3.0,1.41,5.19,1.78,5.05,1.62,4.09,1.8,3.9,2.1,4.95,1.8,1,bacteria
bailarín,dancer,6.55,1.36,5.45,2.04,6.45,0.8,6.29,0.78,5.23,2.14,5.62,1.88,1,bailarin
bailarina,dancer,6.61,0.96,4.26,2.34,5.36,1.36,6.48,0.68,5.95,1.36,6.0,1.61,1,bailarina
balanza,balance,5.25,1.16,3.86,1.75,6.05,1.5,6.82,0.5,5.95,1.73,5.1,1.71,1,balanza
balcón,balcony,5.57,1.08,3.5,2.35,6.25,1.07,6.81,0.4,6.05,1.56,6.55,0.89,1,balcon
balneario,spa,7.33,1.52,3.67,3.55,6.27,0.77,6.55,0.8,6.55,0.94,5.41,1.59,1,balneario
baloncesto,basketball,6.09,1.44,4.85,2.91,6.2,1.28,6.65,0.67,5.73,1.86,5.25,2.22,1,baloncesto
banco,bank,4.64,1.26,5.0,1.78,5.05,1.63,6.73,0.55,6.25,0.91,6.67,0.48,1,banco
banda,band,5.45,1.82,4.65,1.6,3.9,1.81,5.25,1.62,4.7,2.27,5.59,1.4,1,banda
bandeja,tray,4.81,0.75,3.85,1.6,5.67,1.2,6.75,0.44,5.0,1.9,6.65,0.65,1,bandeja
banquete,banquet,7.29,1.46,4.9,1.79,5.1,1.67,6.1,1.07,5.95,1.54,5.4,1.67,1,banquete
bañador,swimsuit,6.18,1.31,3.52,2.0,5.55,1.71,7.0,0.0,5.9,1.61,6.24,0.94,1,banador
baño,bathroom,6.25,1.29,3.64,1.87,5.59,1.5,6.68,0.57,6.65,0.67,6.86,0.36,1,bano
baranda,railing,5.0,0.56,3.55,1.77,5.0,2.17,5.09,2.29,3.83,2.48,3.65,2.25,1,baranda
barbaridad,barbarity,3.48,1.9,6.73,1.78,2.45,1.47,2.09,1.44,4.05,2.24,4.71,2.03,1,barbaridad
barco,boat,5.86,1.61,3.77,1.95,6.18,1.18,6.86,0.35,6.25,0.91,6.14,1.39,1,barco
barra,bar,4.91,0.68,4.45,1.71,4.36,1.94,6.19,0.98,5.6,2.16,5.9,1.62,1,barra
barranco,ravine,3.82,1.47,6.05,2.72,6.32,1.17,6.75,0.44,5.27,2.21,5.38,1.75,1,barranco
bastón,cane,4.6,0.99,4.14,1.64,6.67,0.58,6.87,0.46,5.5,1.9,5.55,1.65,1,baston
bata,coat,5.35,0.88,3.75,1.89,6.1,1.17,6.38,1.47,6.32,1.32,5.68,1.64,1,bata
bautizo,christening,5.75,2.8,4.48,2.38,5.91,1.27,5.23,1.72,6.45,1.0,5.05,1.47,1,bautizo
bendición,blessing,6.35,1.57,3.68,2.21,3.0,1.77,2.0,1.57,4.0,2.45,4.52,1.12,1,bendicion
beneficio,benefit,7.26,1.57,5.5,2.44,2.65,1.39,2.91,2.02,3.91,1.9,5.1,2.07,1,beneficio
beso,kiss,8.14,1.11,5.86,2.94,5.75,1.41,6.71,0.56,6.55,0.6,6.67,0.66,1,beso
bestia,beast,3.45,1.64,6.25,2.0,4.18,1.62,5.52,1.72,4.75,2.02,5.33,1.62,1,bestia
bienestar,welfare,8.3,0.93,3.75,2.94,2.5,1.76,3.05,1.5,4.55,2.09,5.85,1.57,1,bienestar
bikini,bikini,6.81,1.77,5.0,2.08,4.76,1.76,6.9,0.31,6.5,0.6,6.73,0.55,1,bikini
billetera,wallet,5.35,0.94,4.75,2.02,6.19,0.98,6.6,0.68,4.91,2.09,5.24,1.89,1,billetera
blusa,blouse,5.35,0.98,4.35,1.98,6.5,0.74,6.67,1.11,6.05,1.43,5.5,1.9,1,blusa
bodega,winery,5.7,1.18,4.05,2.19,5.71,1.71,6.14,1.25,5.36,1.79,4.76,1.81,1,bodega
bofetada,slap,2.86,1.17,6.95,1.4,6.5,0.61,6.1,1.02,6.0,1.38,6.09,1.31,1,bofetada
bolsa,bag,5.0,0.31,3.55,1.87,5.38,1.75,6.73,0.77,6.25,1.86,6.55,0.83,1,bolsa
bolsillo,pocket,5.5,0.8,4.25,1.94,6.14,1.42,6.75,0.44,5.64,1.53,6.62,1.12,1,bolsillo
bolso,bag,5.35,1.32,3.8,1.77,5.48,1.54,6.85,0.37,6.09,1.19,6.7,0.73,1,bolso
bombardeo,bombardment,2.09,1.8,7.5,2.04,4.86,1.49,6.05,1.28,4.41,2.24,4.57,1.54,1,bombardeo
bombero,firefighter,5.18,1.82,5.14,2.29,6.75,0.44,6.8,0.41,6.45,0.83,5.65,1.6,1,bombero
bombilla,light bulb,4.96,0.21,3.5,2.4,6.65,0.49,6.91,0.29,6.09,1.57,6.48,0.81,1,bombilla
bondad,goodness,7.23,1.34,3.7,3.1,3.3,1.98,2.05,1.17,4.88,1.62,6.35,1.23,1,bondad
borde,edge,3.86,1.08,4.68,2.08,3.25,1.74,4.91,1.77,5.05,1.82,6.2,0.95,1,borde
borracho,drunk,3.3,1.03,6.4,1.47,6.09,1.08,6.26,1.36,6.64,0.58,6.68,0.57,1,borracho
bota,boot,5.0,0.46,4.0,2.0,5.41,1.74,6.91,0.43,5.85,1.79,6.15,1.5,1,bota
bote,pot,4.71,0.9,3.95,1.73,4.77,2.02,6.48,1.16,5.35,2.08,5.82,1.44,1,bote
botella,bottle,5.65,0.83,4.05,1.9,6.09,1.44,7.0,0.0,6.45,1.06,6.75,0.55,1,botella
botín,swag,5.85,1.53,5.23,2.14,4.95,1.81,5.5,1.99,3.9,2.25,5.0,1.88,1,botin
brazo,arm,4.8,0.52,3.4,1.88,6.36,0.79,7.0,0.0,6.32,1.39,6.86,0.35,1,brazo
brevedad,brevity,4.55,1.93,3.55,1.77,3.78,1.95,2.61,1.8,4.35,2.27,5.33,1.43,1,brevedad
brillante,bright,7.15,1.16,6.15,1.87,2.9,1.76,4.3,2.15,4.55,2.18,5.68,1.32,1,brillante
brutalidad,brutality,2.79,1.64,8.05,1.13,4.22,1.54,3.61,1.9,3.35,1.98,4.48,1.75,1,brutalidad
bufanda,scarf,5.39,1.2,3.05,1.7,6.52,0.68,6.9,0.45,5.91,1.74,6.64,0.49,1,bufanda
bulto,bulk,3.82,1.31,5.61,2.37,3.14,2.01,4.71,1.74,2.57,1.8,5.18,1.92,1,bulto
burro,donkey,4.85,1.27,4.67,2.03,5.64,1.5,6.7,0.8,5.7,2.15,5.7,1.56,3,burro
butaca,armchair,5.91,0.87,2.95,1.79,6.4,0.99,6.76,0.44,5.75,2.29,6.0,1.02,1,butaca
buzón,mailbox,4.77,0.71,3.75,1.65,5.52,1.91,6.85,0.37,5.45,2.11,6.32,1.25,1,buzon
cabello,hair,6.15,1.04,4.1,2.61,6.32,0.72,6.59,0.59,6.35,1.43,6.15,1.31,1,cabello
cachondeo,joke,5.64,2.5,7.45,1.57,3.71,2.05,3.85,1.6,5.63,1.21,6.18,0.8,1,cachondeo
cadáver,corpse,1.68,1.04,7.09,1.54,6.14,1.39,6.5,0.69,5.45,1.82,5.05,1.28,1,cadaver
caer,to fall out,3.0,1.17,6.27,2.41,4.91,1.57,5.14,1.46,5.91,1.41,6.33,1.11,2,caer
caja,box,4.85,0.88,3.55,1.73,4.19,1.94,6.6,0.75,5.5,1.99,6.68,0.65,1,caja
cálculo,calculation,4.35,0.93,4.86,1.88,3.19,1.72,4.18,1.87,4.55,1.57,5.33,1.43,1,calculo
calefacción,heating,6.57,1.47,2.5,1.92,5.57,1.5,5.95,1.47,6.59,0.85,6.75,0.44,1,calefaccion
calidad,quality,6.83,1.53,4.15,2.62,2.5,1.36,2.9,1.71,4.55,2.11,5.75,1.55,1,calidad
callado,silent,4.05,1.64,3.8,2.26,5.91,1.47,5.09,1.98,5.36,1.97,6.38,0.86,1,callado
calvario,calvary,2.13,0.87,6.27,2.37,2.73,1.64,2.5,1.54,3.59,2.13,4.14,1.46,1,calvario
cama,bed,6.86,1.25,2.55,2.16,6.77,0.53,7.0,0.0,6.75,0.55,6.95,0.21,1,cama
camarera,waitress,5.5,1.29,4.87,2.4,6.09,1.06,6.19,1.29,5.71,1.93,6.48,0.93,1,camarera
cambio,exchange,5.27,1.75,6.1,2.15,3.09,1.8,2.09,1.41,5.32,1.64,6.38,1.07,1,cambio
camión,truck,5.05,0.97,5.05,1.54,6.38,1.02,6.86,0.35,6.09,1.34,6.24,1.22,1,camion
camiseta,shirt,5.48,0.99,4.35,1.98,6.6,0.6,6.86,0.36,6.45,0.96,6.64,1.05,1,camiseta
camisón,nightgown,5.38,0.9,3.45,1.79,6.14,0.96,6.6,0.99,5.0,2.14,4.85,2.08,1,camison
campamento,camp,7.05,1.5,4.65,2.52,5.48,1.29,5.41,1.3,5.18,2.17,5.5,1.79,1,campamento
campaña,campaign,4.8,0.7,4.15,1.73,3.15,1.9,3.65,1.76,5.25,2.22,4.9,1.67,1,campana
campeona,champion,8.3,0.92,7.09,1.8,5.04,1.52,6.04,1.36,4.67,1.74,5.6,1.6,1,campeona
campeonato,championship,5.67,1.66,6.9,2.19,4.5,1.47,5.35,1.37,6.1,1.21,5.55,1.47,1,campeonato
campesino,peasant,5.05,1.05,3.75,1.74,6.19,0.93,6.75,0.55,4.83,2.24,4.65,1.98,1,campesino
canal,channel,4.76,0.62,3.27,1.72,3.59,1.68,4.22,2.04,6.15,1.69,5.9,1.14,1,canal
cáncer,cancer,1.09,0.29,7.6,1.31,5.23,1.63,3.09,1.66,5.15,1.79,5.81,1.69,1,cancer
canción,song,7.55,1.37,4.64,2.85,5.1,1.86,3.9,2.07,6.41,1.14,6.9,0.3,1,cancion
candado,padlock,3.86,1.75,4.3,2.32,6.67,0.58,6.77,0.53,4.96,2.4,5.5,1.79,1,candado
candidata,candidate,5.64,1.03,4.43,1.88,3.64,1.84,2.76,1.84,3.67,1.91,5.45,1.77,1,candidata
candidato,candidate,5.0,0.65,4.75,1.62,3.19,1.63,3.68,2.17,4.55,1.97,5.59,1.44,1,candidato
cansancio,fatigue,2.8,1.15,4.45,2.81,3.8,1.94,3.95,1.75,5.39,2.06,6.65,0.49,1,cansancio
cantidad,amount,5.38,1.32,4.73,1.8,2.05,1.12,2.8,1.61,3.59,2.06,6.55,0.89,1,cantidad
caña,cane,5.14,1.35,4.45,1.18,5.2,1.44,6.24,0.94,6.0,1.49,5.86,1.46,1,cana
cañón,canyon,2.95,1.72,5.8,1.94,6.35,0.88,6.55,1.36,4.5,2.12,5.14,1.8,1,canon
capa,layer,5.19,0.68,3.95,1.7,5.85,1.14,6.41,0.85,5.05,2.26,5.45,1.53,1,capa
capacidad,capacity,7.13,1.32,4.73,2.57,2.65,1.6,2.0,1.24,2.82,1.47,6.25,1.21,1,capacidad
capilla,chapel,3.91,1.38,4.05,2.01,5.9,1.26,5.86,1.15,5.09,1.85,4.5,1.87,1,capilla
capital,capital,5.33,0.8,4.5,1.88,4.0,2.24,4.96,1.66,5.1,2.15,6.39,0.84,1,capital
capitán,captain,5.22,1.57,3.95,2.61,5.71,1.45,5.57,1.16,4.82,2.2,5.65,1.92,1,capitan
capricho,whim,5.48,2.02,5.55,1.82,2.95,1.61,2.14,1.46,4.05,2.21,5.6,1.79,1,capricho
carcajada,laugh,8.33,0.66,4.81,2.96,5.55,1.53,6.15,1.27,6.17,1.37,6.0,1.05,1,carcajada
carcelero,jailer,3.39,1.2,5.3,2.34,5.0,1.66,4.05,1.86,4.0,2.3,4.19,1.97,1,carcelero
cardenal,cardinal,3.81,1.47,4.85,1.95,5.18,1.65,4.86,1.85,3.55,2.19,3.9,2.25,1,cardenal
carga,load,3.8,1.28,4.91,2.04,3.74,1.81,4.35,2.06,4.09,2.41,5.19,1.6,1,carga
caricia,caress,8.1,1.04,4.15,3.08,4.55,1.54,5.35,1.23,6.2,1.2,6.5,0.67,1,caricia
caridad,charity,6.5,2.69,4.32,1.86,3.91,1.78,3.13,1.79,4.83,2.29,5.24,1.41,1,caridad
cariño,love,8.58,0.72,4.86,3.28,3.5,1.79,4.19,2.04,5.55,1.79,6.82,0.5,1,carino
cariñoso,affectionate,7.35,1.46,4.48,2.69,4.3,1.49,4.15,1.42,5.65,1.84,6.68,0.89,1,carinoso
carmín,carmine,5.67,0.91,4.25,1.83,5.65,1.39,5.14,1.81,3.55,2.15,4.55,2.06,1,carmin
carnicería,butchery,4.15,1.39,5.6,1.79,6.22,1.31,6.78,0.52,6.05,1.21,5.95,1.4,1,carniceria
carpeta,folder,5.17,0.98,3.9,1.83,6.05,1.46,6.77,0.53,6.64,0.58,6.62,0.59,1,carpeta
cartel,poster,5.25,0.7,3.65,1.99,4.41,2.22,6.38,1.02,4.67,1.85,6.1,0.94,1,cartel
carterista,pickpocket,2.23,1.45,6.65,1.81,5.81,1.33,4.5,1.99,5.0,1.85,5.04,1.92,1,carterista
casaca,coat,5.08,0.98,3.85,1.79,5.48,1.63,4.7,2.39,2.09,1.69,2.38,1.66,1,casaca
casco,helmet,5.0,0.98,3.5,1.82,6.0,0.97,6.43,0.98,5.8,1.82,6.05,1.72,1,casco
caseta,stand,4.9,0.91,4.15,1.79,4.1,1.84,5.95,1.17,4.68,2.01,5.6,1.43,1,caseta
casino,casino,4.95,1.5,5.14,2.01,6.05,1.28,5.95,1.28,5.0,2.02,4.76,1.37,1,casino
castidad,chastity,2.41,1.4,4.45,1.39,5.45,1.87,2.85,1.18,2.83,2.04,3.8,2.21,1,castidad
castillo,castle,6.09,1.54,4.15,2.3,6.15,0.93,6.81,0.4,5.36,1.92,6.0,1.23,1,castillo
casualidad,chance,6.48,1.2,5.1,2.31,2.6,1.54,1.77,1.45,4.73,1.75,5.85,1.6,1,casualidad
catálogo,catalog,5.59,1.1,4.1,2.29,4.82,1.92,5.45,1.18,5.0,2.0,5.41,1.37,1,catalogo
cateto,hick,3.86,1.32,4.65,1.93,4.27,1.8,3.0,1.9,3.55,1.82,4.73,1.86,1,cateto
caudal,flow,4.81,0.98,4.18,1.92,4.68,1.81,4.43,1.97,3.65,2.66,4.45,1.95,1,caudal
cazadora,jacket,5.36,1.42,3.78,1.98,4.82,1.92,6.38,1.02,5.43,2.06,6.65,0.78,1,cazadora
cebolla,onion,3.61,1.56,3.59,2.22,6.75,0.55,6.95,0.21,6.18,1.1,6.87,0.34,1,cebolla
celador,warden,4.6,0.99,5.35,1.79,5.33,1.06,4.52,2.27,4.14,2.23,4.27,1.88,1,celador
celadora,warden,4.8,1.2,5.2,1.82,5.52,1.12,4.55,2.09,3.41,2.24,3.48,2.2,1,celadora
celda,cell,2.65,1.43,5.75,2.73,5.71,1.62,6.23,0.97,5.23,1.95,4.82,1.44,1,celda
celo,zeal,4.75,1.55,5.0,2.41,4.0,1.69,5.33,2.06,5.0,2.09,5.4,1.67,1,celo
celos,jealousy,2.55,1.1,7.15,1.53,4.87,1.94,4.13,2.14,5.27,1.55,6.0,1.41,1,celos
célula,cell,5.2,0.62,4.27,1.64,5.36,1.65,4.86,1.85,2.91,1.85,5.27,1.61,1,celula
cementerio,cemetery,2.08,1.86,5.52,2.73,6.35,0.93,6.78,0.52,6.45,1.0,5.81,1.63,1,cementerio
cemento,cement,5.0,1.1,4.0,2.28,6.81,0.51,6.17,1.15,5.6,1.79,5.5,1.28,1,cemento
cenicero,ashtray,4.39,1.56,4.05,1.84,6.7,0.57,6.91,0.29,5.77,1.66,5.75,1.83,1,cenicero
ceniza,ash,3.5,1.37,4.71,1.71,6.57,0.6,6.32,0.89,4.36,2.36,5.38,1.86,1,ceniza
centímetro,centimeter,4.83,1.27,3.1,1.92,5.9,1.41,4.05,1.99,3.9,2.31,6.0,0.95,1,centimetro
centuria,century,4.6,0.82,4.1,1.52,4.83,1.92,2.78,2.02,1.23,0.53,2.57,1.65,1,centuria
cepillo,brush,5.24,0.54,3.91,1.8,5.91,1.57,6.65,0.93,6.0,1.45,6.35,0.93,1,cepillo
cerdo,pork,4.15,1.57,4.7,1.53,5.86,1.42,6.77,0.53,5.45,1.74,5.85,1.35,1,cerdo
certeza,certainty,6.65,1.07,3.85,2.58,3.25,2.0,1.9,0.79,2.45,1.41,5.25,1.8,1,certeza
cerveza,beer,6.05,1.76,4.86,2.64,6.57,0.81,6.95,0.21,5.91,1.88,6.33,1.28,1,cerveza
cesta,basket,5.18,0.5,3.3,1.87,5.9,1.33,6.59,0.73,5.64,1.92,5.9,1.3,1,cesta
chaleco,vest,5.13,0.34,3.95,1.76,6.7,0.47,6.87,0.46,5.32,1.73,6.22,1.2,1,chaleco
chalet,chalet,6.96,1.72,4.7,2.72,6.35,0.99,6.7,0.47,5.59,1.74,6.09,1.19,1,chalet
champán,champagne,6.45,1.84,5.3,2.25,6.59,0.59,6.82,0.5,6.04,1.4,5.71,1.79,1,champan
champiñón,mushroom,5.43,0.87,3.95,1.39,6.65,1.14,6.9,0.3,5.91,1.63,5.55,1.67,1,champinon
chándal,tracksuit,4.75,1.65,3.65,2.01,5.62,1.36,6.91,0.29,6.23,1.45,6.4,0.75,1,chandal
chantajista,blackmailer,2.0,1.08,6.65,1.35,5.48,1.44,2.96,1.72,2.68,1.84,5.18,1.33,1,chantajista
charca,pond,5.0,0.98,3.5,1.6,6.0,1.38,6.05,1.21,4.36,1.97,4.95,1.75,1,charca
cheque,paycheck,7.65,1.04,7.0,1.95,5.73,1.32,6.7,0.57,5.83,1.61,5.2,1.32,1,cheque
chico,boy,5.5,1.32,4.25,1.77,5.0,1.65,6.77,0.61,5.55,1.9,6.62,0.92,1,chico
chillido,shriek,3.0,1.56,7.25,1.45,5.38,1.47,3.64,2.17,5.59,2.11,5.05,1.7,1,chillido
china,China,5.32,1.04,4.1,1.89,6.14,0.99,5.95,1.29,5.35,1.79,5.9,1.25,1,china
chocolate,chocolate,7.19,1.17,5.75,2.0,6.4,0.75,6.8,0.52,6.5,1.0,6.95,0.22,1,chocolate
chófer,driver,5.2,0.77,3.25,1.86,6.55,0.67,6.41,0.73,5.5,1.79,4.9,2.05,1,chofer
chorizo,chorizo,4.55,1.23,4.45,1.82,5.8,1.58,6.77,0.61,6.15,1.42,6.18,1.3,1,chorizo
ciclo,cycle,5.2,1.15,4.32,1.76,2.77,1.77,3.52,2.11,4.0,2.63,5.05,1.47,1,ciclo
ciclón,cyclone,3.14,1.2,6.29,1.38,5.5,1.73,5.2,1.77,4.45,2.33,4.05,1.68,1,ciclon
ciempiés,centipede,4.43,1.29,4.77,2.07,6.65,1.14,6.68,0.57,3.85,2.25,5.43,1.94,1,ciempies
científica,scientific,7.25,1.45,4.75,1.92,4.38,1.66,5.41,2.02,5.5,1.41,6.0,0.97,1,cientifica
cigarrillo,cigarette,3.36,2.38,4.55,2.24,6.95,0.22,6.9,0.45,6.09,1.8,6.24,0.7,1,cigarrillo
cinturón,belt,4.65,1.09,3.65,1.73,5.9,1.51,6.9,0.31,6.05,1.89,6.74,0.54,1,cinturon
circulación,circulation,5.0,1.54,4.91,2.41,3.71,1.06,4.18,1.82,5.73,1.75,5.1,1.26,1,circulacion
círculo,circle,5.4,0.68,3.18,1.79,6.27,1.39,6.95,0.22,4.73,2.27,5.95,1.29,1,circulo
cirujano,surgeon,5.71,1.85,6.62,1.96,6.41,0.59,6.65,0.67,5.9,1.62,5.27,1.75,1,cirujano
cisne,swan,6.95,1.05,2.45,1.79,6.59,1.1,6.68,0.72,5.57,1.78,4.9,2.07,1,cisne
civilización,civilization,6.25,1.16,4.05,2.08,5.09,1.78,4.78,2.15,5.04,2.4,5.25,1.65,1,civilizacion
claridad,clarity,6.7,1.36,2.95,2.31,2.77,1.34,2.65,1.43,3.32,1.99,5.62,1.28,1,claridad
clase,class,5.41,1.18,4.41,1.59,4.55,2.06,6.2,1.06,6.14,1.58,6.81,0.51,1,clase
cliente,customer,5.82,0.85,4.75,2.57,4.75,2.0,5.38,1.75,5.82,1.44,6.48,0.98,1,cliente
clima,climate,5.9,1.37,3.4,1.93,2.9,1.74,4.15,1.79,5.35,1.6,6.17,1.47,1,clima
cobarde,coward,2.91,1.44,5.73,2.14,4.77,1.93,2.9,1.61,4.68,1.94,5.35,1.39,1,cobarde
cocaína,cocaine,2.25,1.39,5.33,2.99,6.82,0.5,5.86,1.46,5.9,1.89,5.09,2.04,1,cocaina
coche,car,5.82,1.44,5.65,1.79,6.14,1.67,6.91,0.43,6.65,0.75,6.86,0.35,1,coche
coco,coconut,5.73,1.12,3.59,1.79,5.9,1.58,6.71,0.46,5.5,2.06,5.73,1.64,1,coco
cocodrilo,crocodile,3.85,1.23,6.85,1.98,6.95,0.21,6.75,0.44,5.0,2.28,5.68,1.52,1,cocodrilo
codicia,greed,2.74,1.39,6.05,1.94,2.85,1.9,2.45,1.47,2.14,1.13,3.95,2.06,1,codicia
código,code,4.71,0.72,3.9,1.83,3.75,1.77,4.81,1.6,5.0,1.95,5.68,1.46,1,codigo
codo,elbow,4.64,0.95,3.62,1.94,6.45,1.18,6.96,0.21,4.77,2.62,6.62,0.92,1,codo
coito,intercourse,7.43,1.16,7.86,0.99,5.95,1.15,5.6,1.47,5.64,1.81,5.38,1.24,1,coito
cojo,lame,3.31,1.54,5.0,1.52,5.19,1.97,5.5,1.64,4.45,2.15,5.9,1.12,3,cojo
cola,tail,4.07,1.21,4.7,2.29,3.0,1.88,5.62,1.83,4.76,2.21,6.09,1.11,1,cola
colaboración,collaboration,7.45,0.76,4.91,2.16,3.26,1.84,3.7,1.72,4.83,2.29,5.77,1.41,1,colaboracion
colapso,collapse,3.25,1.67,6.43,2.4,3.45,1.82,3.09,2.27,4.95,1.9,4.64,1.81,1,colapso
cólera,anger,3.05,1.47,7.0,1.95,4.05,1.76,2.67,1.46,3.68,2.19,4.38,1.63,1,colera
colonia,colony,6.43,1.03,4.41,1.97,4.95,1.91,6.2,1.28,5.9,2.15,6.59,0.73,1,colonia
columna,column,4.91,0.29,3.6,1.67,5.1,1.29,6.77,0.53,5.15,2.46,6.29,0.78,1,columna
coma,coma,2.81,1.47,3.95,2.4,3.9,1.74,5.86,1.59,5.1,2.45,6.24,1.09,1,coma
comadrona,midwife,7.0,1.34,5.45,1.93,6.74,0.54,5.87,1.52,4.64,1.87,3.1,1.61,1,comadrona
combinación,combination,5.45,0.91,3.7,1.81,3.09,1.69,1.77,0.97,3.68,1.7,4.68,1.76,1,combinacion
comedor,dining room,5.73,1.03,4.45,1.63,5.81,1.6,6.05,1.13,5.8,2.12,6.59,0.8,1,comedor
comentario,comment,5.21,1.25,4.86,1.31,3.8,1.7,3.4,1.73,4.9,2.1,6.45,0.89,1,comentario
comercio,trade,5.4,1.1,4.77,2.2,3.73,1.98,5.5,1.19,6.1,1.25,5.86,1.32,1,comercio
cometa,comet,6.26,1.18,3.3,2.18,5.4,1.57,6.19,1.08,6.18,1.3,5.15,1.95,1,cometa
comodidad,comfort,7.36,1.73,1.6,0.75,2.8,1.61,3.35,1.8,5.77,1.77,6.5,0.89,1,comodidad
compasión,compassion,4.3,2.51,4.23,2.64,2.25,1.33,2.48,0.81,4.41,2.09,6.1,1.37,1,compasion
complacer,please,7.27,1.32,4.6,2.91,3.64,1.62,2.48,1.38,5.04,1.88,5.81,1.08,1,complacer
complejo,complex,3.91,1.6,5.45,1.82,2.76,1.22,2.86,1.68,3.3,1.75,5.6,1.5,3,complejo
complicación,complication,2.25,0.85,7.59,1.33,2.4,1.6,1.77,1.15,4.83,2.1,5.68,1.76,1,complicacion
compositora,composer,6.31,1.46,4.0,1.92,5.62,1.6,3.25,2.1,4.32,1.94,5.0,1.61,1,compositora
compromiso,commitment,6.39,1.41,6.14,2.55,3.52,1.75,3.38,2.04,5.64,1.62,5.76,1.48,1,compromiso
comunicación,communication,7.25,1.07,4.09,2.27,3.17,1.47,4.61,2.27,5.7,1.94,6.32,0.89,1,comunicacion
comunidad,community,6.59,1.37,4.0,2.05,3.67,1.83,3.27,1.8,5.32,1.81,5.14,1.68,1,comunidad
concesionario,dealer,5.54,1.53,4.25,1.55,6.1,1.22,6.6,1.14,5.14,1.78,5.27,1.83,3,concesionario
conciencia,consciousness,6.65,1.4,4.8,2.95,3.05,1.76,1.62,0.67,3.55,2.18,6.14,0.65,1,conciencia
concurso,competition,5.95,1.43,6.0,2.05,3.38,1.53,4.95,1.91,5.27,1.75,5.75,1.41,1,concurso
condena,sentence,2.48,1.16,6.23,2.2,3.45,1.64,3.2,1.32,5.05,2.08,4.15,1.98,1,condena
condenado,condemned,1.92,0.93,6.75,2.02,4.71,1.82,4.25,1.94,4.05,1.89,4.38,1.94,1,condenado
condesa,countess,4.7,1.63,4.45,1.96,5.43,1.29,4.68,1.89,3.27,2.21,3.91,1.44,1,condesa
condición,condition,4.79,1.28,5.43,0.98,2.27,1.35,1.45,0.91,3.05,2.11,5.95,1.32,1,condicion
condón,condom,6.6,1.85,5.64,2.68,6.82,0.5,6.81,0.4,6.48,0.73,6.43,0.81,1,condon
conducto,duct,4.8,1.01,4.14,1.62,4.52,1.97,5.7,1.79,3.95,2.44,4.05,1.36,1,conducto
conductor,conductor,5.29,1.15,4.96,1.97,4.14,2.01,5.43,2.06,6.19,1.29,6.65,0.93,1,conductor
conferencia,conference,5.3,1.33,3.59,2.17,4.8,1.67,5.2,1.36,5.55,1.44,5.3,1.69,1,conferencia
conflicto,conflict,2.27,1.42,7.65,1.04,2.95,1.54,3.76,1.51,5.04,1.6,5.73,1.32,1,conflicto
conjunto,set,5.32,1.52,4.65,2.03,2.15,1.46,2.55,1.87,3.33,2.22,5.65,1.63,3,conjunto
conjuro,spell,4.91,1.11,5.2,1.61,3.7,2.15,3.05,1.5,4.04,2.44,3.76,1.89,1,conjuro
conquista,conquest,6.14,1.91,6.05,2.16,3.95,1.96,3.05,1.68,5.0,1.98,5.55,1.76,1,conquista
consejo,advice,5.85,1.14,4.05,1.88,3.95,1.84,2.14,1.64,4.6,1.9,6.62,0.59,1,consejo
consolador,dildo,5.73,1.46,6.1,1.68,4.86,1.65,6.25,1.41,4.77,2.11,4.95,1.84,1,consolador
conspiración,conspiracy,3.41,1.84,5.65,2.6,3.5,1.92,2.65,1.75,2.5,1.71,4.23,1.69,1,conspiracion
contaminación,contamination,1.9,1.07,6.55,1.95,4.3,1.61,5.7,1.84,5.78,1.76,6.3,1.08,1,contaminacion
contenido,content,5.14,0.79,3.95,1.59,3.5,2.12,2.09,1.15,3.5,1.87,5.7,1.59,1,contenido
contexto,context,5.23,0.61,4.32,1.7,2.59,1.56,2.3,1.22,3.14,2.23,5.75,1.41,1,contexto
contrariedad,contrariness,3.27,1.12,6.05,1.76,2.5,1.54,1.77,1.38,3.42,2.02,4.45,2.02,1,contrariedad
contrincante,opponent,3.95,1.47,6.7,1.78,5.61,1.44,2.45,1.7,3.86,1.98,4.76,2.17,1,contrincante
convivir,to live together with,6.95,0.94,5.05,2.38,4.39,1.8,4.65,2.04,5.52,2.0,6.19,1.12,1,convivir
copa,glass,5.7,1.63,4.36,2.17,6.0,1.08,6.65,0.93,6.75,0.44,6.45,0.67,1,copa
coral,coral,5.71,1.06,3.95,1.56,5.09,1.72,5.82,1.18,5.15,2.39,4.8,1.51,1,coral
corazón,heart,7.05,1.36,5.5,2.18,5.41,1.62,6.55,0.83,6.25,1.45,6.75,0.64,1,corazon
corbata,tie,4.96,1.15,4.4,2.01,6.68,0.57,6.91,0.29,6.55,0.8,5.91,1.6,1,corbata
corcho,cork,5.05,1.21,3.73,1.86,6.3,1.08,6.14,1.24,5.23,2.18,5.67,1.24,1,corcho
cordero,lamb,5.24,1.22,4.05,1.86,6.41,1.01,6.55,0.74,5.14,2.08,5.95,1.32,1,cordero
corrección,correction,4.86,1.11,5.14,2.01,3.29,1.68,2.77,2.07,4.68,1.76,5.87,1.71,1,correccion
corredor,runner,4.82,1.5,4.91,1.93,4.86,1.74,6.14,0.94,4.1,2.2,4.9,1.86,1,corredor
corredora,brokerage,5.46,1.14,4.48,2.11,4.32,1.96,5.1,1.89,4.1,1.97,5.48,1.56,1,corredora
corte,court,3.14,1.11,6.55,1.71,3.81,1.83,4.91,1.85,5.4,1.96,6.35,1.19,1,corte
corteza,cortex,4.62,0.97,3.82,1.74,4.27,1.91,5.14,1.83,4.5,2.52,6.09,1.28,1,corteza
costo,cost,4.48,2.16,4.59,2.13,3.19,2.02,2.68,2.21,3.45,2.35,4.78,1.68,1,costo
costumbre,costum,5.1,1.48,3.27,1.49,3.09,1.63,2.0,1.41,4.59,2.04,6.0,1.07,1,costumbre
cráneo,skull,4.95,0.67,5.25,1.86,6.6,0.6,5.95,1.75,5.41,2.09,5.77,1.63,1,craneo
creación,creation,7.0,1.48,6.15,2.16,1.82,1.05,2.62,1.69,4.75,2.09,4.76,1.73,1,creacion
creatividad,creativity,8.14,0.77,5.95,2.16,3.0,1.78,2.1,1.17,5.5,1.82,5.52,1.78,1,creatividad
crecimiento,growth,7.26,1.14,5.55,2.72,3.45,1.73,3.13,1.42,5.41,1.87,6.55,1.1,1,crecimiento
creencia,belief,5.5,1.37,4.15,2.01,3.05,2.06,2.2,2.14,4.0,2.11,5.25,1.48,1,creencia
crisis,crisis,1.76,0.89,7.43,1.03,3.45,1.73,3.95,2.01,5.4,2.04,6.45,1.44,1,crisis
cristal,crystal,5.0,0.9,4.04,2.14,4.05,2.26,6.48,1.08,4.9,2.19,6.1,1.41,1,cristal
criterio,criterion,6.39,1.5,4.73,2.45,1.9,1.07,1.41,0.73,3.0,1.95,6.3,1.42,1,criterio
crucero,cruise,7.38,1.84,5.05,2.99,5.65,1.04,5.91,1.38,6.6,0.68,5.91,1.7,1,crucero
crucifijo,crucifix,3.5,2.19,5.14,2.37,6.41,0.67,6.19,1.47,4.7,2.36,5.05,1.94,1,crucifijo
crucifixión,crucifixion,2.18,1.37,6.95,1.7,3.9,2.02,5.5,1.96,3.55,2.2,3.14,2.06,1,crucifixion
crueldad,cruelty,1.14,0.47,7.5,1.32,3.75,1.83,2.65,1.81,3.78,1.78,5.5,1.87,1,crueldad
cruz,cross,3.85,1.39,4.0,1.9,5.75,1.02,6.7,0.57,5.04,2.01,5.81,1.47,1,cruz
cuaderno,notebook,5.14,0.89,4.25,1.59,6.14,1.17,6.81,0.4,5.5,2.11,6.32,1.36,1,cuaderno
cuadrado,square,4.9,0.44,3.45,1.82,5.59,1.87,6.7,0.92,4.95,2.54,6.27,1.2,3,cuadrado
cuadro,box,5.45,1.15,3.68,1.81,5.55,1.47,6.8,0.52,5.4,1.79,6.32,0.95,1,cuadro
cuarto,room,5.12,1.42,3.6,1.54,4.1,2.14,4.85,2.08,5.18,2.08,6.68,0.57,3,cuarto
cubo,cube,4.9,0.3,3.36,1.87,5.64,1.59,6.75,0.91,5.5,2.31,6.18,1.33,1,cubo
cuchillo,knife,4.3,1.74,5.75,2.38,6.73,0.46,6.86,0.35,6.23,1.54,6.83,0.49,1,cuchillo
cuenco,bowl,4.78,1.13,3.65,1.84,5.73,1.45,6.74,0.92,5.27,1.78,5.27,2.0,1,cuenco
cuervo,crow,4.19,0.98,5.14,2.27,6.65,0.65,6.65,0.71,4.14,2.68,5.18,1.74,1,cuervo
cuestión,question,5.0,1.07,5.0,1.62,2.3,1.72,2.73,2.03,3.33,2.14,6.55,0.94,1,cuestion
cueva,cave,4.78,0.95,5.4,2.56,6.41,0.8,6.68,0.57,5.32,2.12,5.43,1.78,1,cueva
culebra,snake,3.57,1.54,6.6,1.96,6.3,0.8,6.2,1.44,3.87,2.24,4.4,1.96,1,culebra
culpabilidad,guilt,1.82,1.01,6.2,3.16,3.75,2.07,2.1,1.59,4.39,1.99,5.5,1.43,1,culpabilidad
culto,worship,6.64,1.33,3.6,1.57,2.23,1.19,3.67,1.98,4.6,1.67,5.19,1.4,3,culto
cumpleaños,birthday,7.8,1.24,7.0,1.35,5.59,1.5,6.0,0.97,6.41,0.96,6.61,0.66,1,cumpleanos
curación,healing,7.55,1.43,3.05,2.4,3.41,1.56,3.25,1.21,4.35,2.29,5.05,1.39,1,curacion
curandera,healer,4.65,1.35,5.05,1.76,4.71,1.49,4.55,1.68,4.23,2.16,3.59,1.79,1,curandera
curandero,healer,5.15,1.97,4.4,2.04,5.38,1.28,3.75,2.15,4.05,2.21,3.82,1.76,1,curandero
curso,course,5.05,1.25,4.95,2.28,3.14,1.39,3.17,1.37,6.35,1.18,6.36,0.79,1,curso
dama,lady,5.36,1.43,4.29,2.17,4.76,1.89,5.9,1.45,3.95,2.21,4.05,1.81,1,dama
década,decade,5.0,1.2,4.82,1.82,5.65,1.93,2.7,1.74,3.41,2.13,5.9,1.94,1,decada
decadencia,decline,2.25,1.48,5.24,2.45,2.36,1.33,2.48,1.5,3.15,2.21,4.24,1.45,1,decadencia
declive,decline,3.67,1.31,4.76,2.62,2.91,1.41,1.83,1.4,2.55,1.76,3.68,1.64,1,declive
decoro,decorum,5.27,0.7,3.45,1.73,3.78,1.68,2.87,1.96,3.45,1.97,2.76,1.81,1,decoro
dedo,finger,4.9,1.04,4.27,1.83,6.64,0.9,6.8,0.7,5.91,1.74,6.87,0.34,1,dedo
defecto,defect,3.43,1.24,5.64,2.22,3.29,1.85,2.36,1.36,4.45,1.97,6.05,0.86,1,defecto
degeneración,degeneration,2.13,1.14,6.05,1.89,2.86,1.49,2.41,1.5,3.0,1.88,4.33,1.59,1,degeneracion
degradación,degradation,2.63,1.44,5.1,2.45,3.1,1.74,2.45,1.26,2.6,1.98,5.05,2.21,1,degradacion
delantal,smock,5.52,1.31,3.3,1.89,6.6,0.75,6.68,0.57,5.68,1.86,5.67,1.2,1,delantal
delirio,delirium,3.25,1.85,6.29,1.95,3.3,1.78,2.0,1.15,3.15,2.11,4.71,1.35,1,delirio
dependienta,clerk,5.2,1.06,4.6,1.85,4.38,1.96,6.41,1.1,6.45,1.01,5.86,1.13,1,dependienta
deportista,athlete,6.27,1.34,5.75,2.43,4.95,1.99,5.95,1.43,5.86,1.39,6.62,1.12,1,deportista
depresión,depression,2.2,1.01,5.81,2.52,2.5,1.1,3.68,1.94,5.15,2.23,6.18,1.14,1,depresion
derecha,right,4.95,0.58,4.38,2.27,5.14,1.75,3.82,1.62,4.95,2.06,6.73,0.55,1,derecha
desafío,challenge,5.77,1.63,6.95,2.06,3.25,1.92,2.2,1.54,3.83,2.12,5.6,1.64,1,desafio
desagrado,displeasure,2.22,0.9,7.2,1.4,2.55,1.61,3.14,1.46,3.14,1.64,4.8,1.64,1,desagrado
desahogo,relief,6.23,1.9,3.45,2.56,3.9,1.67,2.33,1.39,4.13,2.07,4.95,1.72,1,desahogo
desánimo,despondency,1.75,0.85,4.05,2.71,3.15,1.69,2.5,1.47,4.7,2.11,5.85,1.42,1,desanimo
desaparecer,to disappear,2.96,2.16,5.68,2.98,3.35,2.08,3.52,1.72,4.73,2.39,5.86,1.25,2,desaparecer
desaparición,disappearance,1.86,1.86,7.5,1.88,3.35,1.93,2.45,1.32,5.05,1.81,4.81,1.94,1,desaparicion
descenso,decrease,3.09,1.23,4.95,2.31,3.55,1.67,3.52,1.47,3.79,2.08,5.75,1.45,1,descenso
desconfianza,distrust,2.4,1.27,7.27,1.24,2.41,1.18,1.91,1.27,4.0,2.45,5.87,1.66,1,desconfianza
desconsuelo,grief,2.21,1.35,5.38,2.8,2.36,1.26,2.95,1.72,3.5,1.7,4.35,2.01,1,desconsuelo
descontento,discontent,1.91,1.08,5.41,2.75,3.57,1.96,2.87,1.46,4.82,2.11,5.0,2.02,1,descontento
deseo,desire,7.3,1.34,7.05,1.33,2.9,1.71,2.6,1.43,5.36,1.79,6.55,0.83,1,deseo
desesperado,desperate,2.25,1.41,6.86,1.28,4.78,1.54,4.39,1.99,5.18,1.97,5.73,1.72,1,desesperado
desgaste,wear,3.25,1.21,4.82,1.94,3.43,1.99,3.59,1.79,3.57,2.33,5.75,1.41,1,desgaste
desierto,desert,3.96,1.8,3.09,2.29,5.38,1.86,6.68,0.57,6.41,1.3,6.05,1.25,3,desierto
desigualdad,inequality,1.55,1.1,5.95,1.86,2.35,1.5,3.4,1.6,4.3,1.94,5.25,2.0,1,desigualdad
desolación,desolation,1.74,1.01,6.45,2.61,3.82,2.2,3.0,1.85,2.95,1.96,4.8,1.54,1,desolacion
desorden,disorder,2.91,1.38,7.5,1.43,4.19,1.6,4.68,1.62,6.09,1.06,6.15,1.27,1,desorden
despacho,office,4.81,1.17,4.09,1.69,6.38,1.02,6.55,0.8,5.64,1.71,6.15,1.18,1,despacho
despilfarro,waste,3.48,1.78,6.45,2.09,3.1,2.02,3.15,1.53,4.41,2.24,4.86,1.53,1,despilfarro
desprecio,contempt,1.55,0.67,6.3,2.0,3.25,1.83,2.9,1.92,3.95,1.65,5.64,1.18,1,desprecio
despreocupado,carefree,5.55,2.19,3.65,2.08,3.95,2.09,2.67,1.8,3.55,2.11,5.74,1.54,1,despreocupado
destino,destiny,5.83,1.92,5.8,2.42,2.36,1.68,2.43,1.5,4.77,2.18,5.43,1.6,1,destino
destreza,skill,6.73,1.28,3.9,2.29,3.2,1.88,1.73,0.98,4.27,2.05,5.3,1.84,1,destreza
destrucción,destruction,1.55,0.67,7.5,2.14,3.7,1.78,4.55,1.85,4.52,2.11,5.14,1.85,1,destruccion
desván,attic,5.09,1.24,5.0,2.15,6.05,1.28,5.57,1.78,5.05,2.36,5.24,1.76,1,desvan
desviación,deviation,4.27,0.94,4.43,1.54,2.82,1.37,3.0,2.0,3.59,2.24,5.09,1.47,1,desviacion
detergente,detergent,5.09,1.19,4.2,1.99,6.32,1.04,5.95,1.73,6.18,1.1,6.09,1.41,1,detergente
deterioro,deterioration,2.18,1.01,5.45,1.99,2.7,1.45,3.35,1.42,4.0,2.2,4.27,1.88,1,deterioro
diablo,devil,3.45,1.43,6.18,1.65,4.76,2.19,6.43,1.12,5.25,1.97,5.91,1.65,1,diablo
diamante,diamond,7.25,1.37,4.7,2.13,5.95,1.47,6.64,0.58,5.18,2.22,5.76,1.51,1,diamante
diccionario,dictionary,5.05,1.05,3.65,1.57,6.75,0.55,6.82,0.39,6.09,1.72,6.41,1.1,1,diccionario
diente,tooth,5.09,0.61,4.0,1.62,6.1,1.61,6.91,0.43,6.2,1.44,6.76,0.54,1,diente
dieta,diet,5.5,1.22,4.5,1.73,4.95,1.43,3.65,1.61,6.05,1.88,6.09,1.41,1,dieta
diferencia,difference,4.82,1.47,4.4,1.98,3.4,1.88,2.13,0.97,4.77,1.77,6.85,0.49,1,diferencia
dificultad,difficulty,3.48,1.9,6.85,1.81,3.2,1.44,2.65,1.42,4.27,1.98,6.32,0.57,1,dificultad
difunto,deceased,2.07,0.94,5.57,2.45,5.77,1.07,5.19,1.75,6.15,1.31,4.52,1.75,3,difunto
difusión,diffusion,5.27,1.03,5.3,2.15,2.45,1.41,1.59,1.18,3.05,1.96,4.14,1.98,1,difusion
dignidad,dignity,7.3,0.97,4.95,2.89,2.5,1.61,2.62,1.56,4.27,2.25,6.15,1.27,1,dignidad
dinámica,dynamics,6.46,1.28,5.24,2.34,2.32,1.43,2.14,1.24,4.3,2.39,5.32,1.59,1,dinamica
dinero,money,6.95,1.36,5.27,2.6,5.36,1.71,6.86,0.47,6.3,1.56,6.86,0.36,1,dinero
diosa,goddess,6.58,1.33,4.9,2.05,3.67,1.88,4.2,2.19,3.91,2.33,4.95,1.6,1,diosa
diputada,deputy,3.75,1.73,5.17,2.42,5.82,1.01,4.81,1.99,5.24,2.02,5.15,1.69,1,diputada
directora,director,5.77,1.63,5.55,2.06,4.71,1.71,4.6,1.9,5.32,1.84,6.26,1.14,1,directora
disco,disk,6.14,1.28,6.64,1.68,5.27,1.64,6.73,0.55,6.05,1.73,6.36,1.05,1,disco
discusión,discussion,2.05,0.84,8.2,1.01,4.35,2.13,4.75,2.07,5.77,1.6,6.3,1.17,1,discusion
diseñadora,designer,5.85,1.22,4.4,1.67,5.33,1.46,3.35,1.9,4.91,2.04,5.82,1.26,1,disenadora
diseño,design,6.09,0.87,3.67,1.71,1.9,0.7,3.41,2.17,4.8,2.26,5.57,1.21,1,diseno
disertación,dissertation,4.38,0.86,5.05,1.89,4.43,1.67,1.96,1.07,1.91,1.48,2.4,1.27,1,disertacion
disgusto,disgust,1.74,0.81,7.45,1.57,3.91,1.93,2.45,1.6,4.82,1.76,5.68,1.7,1,disgusto
disminución,decrease,3.0,1.81,3.86,2.17,2.95,1.88,2.24,1.41,3.74,2.32,4.68,1.76,1,disminucion
disminuido,decreased,3.32,1.36,4.45,1.76,2.76,0.89,3.62,1.69,4.42,2.1,4.19,1.78,1,disminuido
disparate,nonsense,4.68,1.7,5.8,2.14,2.75,1.48,1.95,1.15,3.5,1.87,4.77,1.93,1,disparate
distorsión,distortion,2.77,1.41,5.95,2.56,2.65,1.76,3.05,1.9,2.88,1.92,4.95,1.64,1,distorsion
distrito,district,4.55,1.14,4.32,1.81,4.3,2.16,3.96,2.01,3.64,2.01,3.64,1.71,1,distrito
disturbio,disturbance,3.05,1.16,6.5,1.05,4.43,1.5,4.0,2.02,4.27,1.96,4.71,1.45,1,disturbio
diversión,fun,8.43,0.93,7.41,1.53,2.75,1.62,4.3,1.79,5.95,1.43,6.1,1.37,1,diversion
divinidad,divinity,5.79,2.11,4.29,2.08,1.85,0.88,2.52,1.83,2.8,2.09,3.75,1.74,1,divinidad
división,division,4.2,1.2,4.18,1.71,3.05,1.4,4.55,2.02,4.55,1.88,5.82,1.3,1,division
divorcio,divorce,2.68,1.43,6.4,1.35,5.19,1.94,3.65,1.57,4.95,1.99,5.71,1.59,1,divorcio
doctora,doctor,5.89,1.57,5.39,2.29,5.68,1.21,6.57,0.6,6.05,1.43,6.59,0.67,1,doctora
documento,document,4.82,1.3,4.5,2.14,4.45,1.85,6.55,0.83,5.5,1.93,6.14,1.06,1,documento
dorada,golden,6.14,1.36,4.2,2.28,4.29,2.31,5.55,1.67,3.91,2.47,4.86,1.83,1,dorada
dormitorio,room,7.3,1.46,3.09,2.69,6.41,0.73,6.87,0.34,6.77,0.53,6.5,1.41,1,dormitorio
dramatismo,drama,3.95,1.25,7.4,1.5,3.05,1.62,3.2,1.67,3.64,2.04,5.0,1.9,1,dramatismo
drogadicta,junkie,1.27,0.7,6.3,2.12,5.8,1.01,5.57,1.36,4.61,1.85,5.5,1.65,1,drogadicta
drogadicto,junkie,1.7,1.13,7.05,1.7,5.14,1.31,5.55,1.23,5.68,1.46,4.85,1.81,1,drogadicto
duda,doubt,3.1,1.12,6.36,1.92,3.15,1.95,2.43,1.78,5.52,1.83,6.25,0.97,1,duda
dudar,to doubt,3.35,1.19,5.14,2.21,3.91,1.95,3.4,1.57,4.41,2.09,6.33,0.73,2,dudar
duelo,duel,2.8,2.24,6.41,1.68,3.62,2.11,4.67,1.71,5.2,2.42,4.25,1.59,1,duelo
dureza,hardness,4.17,2.08,6.68,1.67,2.9,1.92,3.3,1.78,3.82,2.24,6.1,1.65,1,dureza
echar,throw,2.83,1.53,5.91,1.95,2.77,1.38,3.5,2.06,5.32,1.94,6.14,1.46,1,echar
edificio,building,5.0,0.56,4.09,1.57,5.52,1.83,6.77,0.69,6.23,1.34,6.68,0.65,1,edificio
editora,editor,5.62,1.33,4.5,2.01,5.38,1.5,3.0,1.84,3.36,2.13,4.57,2.11,1,editora
educadora,educator,6.71,1.15,4.3,1.82,4.91,1.72,4.57,2.16,4.57,1.94,4.82,1.5,1,educadora
efectividad,effectiveness,7.0,1.41,4.05,2.35,3.2,1.79,1.95,1.59,3.92,2.17,5.7,1.26,1,efectividad
efecto,effect,5.36,1.09,4.65,2.08,2.3,1.53,1.95,1.39,3.0,1.81,4.95,1.82,1,efecto
egoísmo,selfishness,2.27,1.16,6.9,2.1,3.33,1.93,2.36,1.4,4.55,2.13,5.77,1.63,1,egoismo
ejecutivo,executive,5.29,1.01,5.13,2.01,5.65,1.53,6.05,1.02,4.62,2.11,4.19,1.86,3,ejecutivo
ejemplar,exemplary,5.91,1.15,4.32,2.19,2.36,1.4,2.33,1.11,4.1,2.1,5.45,1.5,1,ejemplar
ejemplo,instance,5.45,1.05,4.09,1.54,2.05,1.5,1.82,1.1,4.32,2.1,6.52,1.31,1,ejemplo
electricidad,electricity,5.36,1.29,5.3,2.49,4.3,2.08,4.15,1.79,3.64,2.28,6.13,1.14,1,electricidad
elegante,elegant,7.95,1.05,4.4,2.35,4.35,2.03,4.95,1.99,5.39,2.08,6.27,1.08,1,elegante
elemento,element,5.09,0.29,4.25,2.02,1.55,1.14,1.86,1.32,3.64,2.08,5.83,1.75,1,elemento
eliminación,elimination,2.59,1.68,5.0,2.7,3.8,2.02,2.75,2.24,3.26,2.12,5.43,1.47,1,eliminacion
elogio,praise,7.8,1.06,6.05,2.34,3.14,1.88,2.8,1.54,4.22,1.98,4.81,1.36,1,elogio
embajada,embassy,4.95,0.58,4.73,1.96,5.4,1.64,4.14,2.23,4.0,2.29,3.57,1.29,1,embajada
embarazada,pregnant,7.68,1.17,5.95,2.44,6.76,0.7,6.73,0.55,6.29,1.55,6.1,1.21,1,embarazada
embarazo,pregnancy,7.2,2.07,7.18,2.34,5.95,1.63,6.85,0.49,6.52,0.95,6.09,1.41,1,embarazo
emoción,emotion,8.3,0.86,8.23,1.15,2.5,1.64,3.15,1.79,6.43,0.99,6.55,0.74,1,emocion
emperador,emperor,4.85,1.31,5.05,2.04,5.05,1.47,5.05,1.53,4.18,2.44,4.29,2.19,1,emperador
emperatriz,empress,5.1,1.45,4.75,1.83,5.38,1.5,4.59,1.79,3.5,2.43,4.29,1.38,1,emperatriz
empresaria,businesswoman,5.57,1.2,4.48,1.68,4.18,1.76,4.48,2.02,4.43,2.09,5.35,1.79,1,empresaria
empresario,entrepreneur,5.29,1.44,4.8,1.94,4.73,1.8,4.71,1.9,4.62,1.77,5.38,1.4,1,empresario
enamorado,in love,8.05,1.24,6.0,2.96,4.1,1.89,4.0,1.81,6.5,1.06,6.35,1.09,1,enamorado
encaje,lace,5.52,1.41,3.8,2.12,4.95,1.56,5.14,1.96,2.95,2.19,4.48,1.57,1,encaje
encuentro,find,7.25,1.59,5.86,2.17,2.65,1.69,3.65,1.46,5.43,1.75,6.35,1.04,1,encuentro
enemigo,enemy,2.57,1.47,6.95,2.04,5.1,1.37,3.4,1.9,4.85,1.95,5.64,1.43,1,enemigo
enérgico,energetic,6.9,1.17,6.18,2.02,4.57,1.59,4.17,2.1,5.14,2.03,5.0,1.98,3,energico
enfadado,angry,1.95,0.92,6.9,1.33,5.04,1.89,5.09,2.0,5.91,1.77,6.48,0.87,1,enfadado
enfado,anger,2.43,0.98,7.35,1.18,4.74,1.79,4.74,2.07,5.77,1.72,6.62,0.67,1,enfado
enfermedad,disease,1.35,0.65,8.35,0.93,2.35,1.35,3.1,1.41,5.77,1.31,6.1,1.22,1,enfermedad
enfermero,nurse,5.5,1.88,5.6,1.67,6.0,1.0,6.57,0.75,6.18,1.05,6.25,0.79,1,enfermero
enfurecido,enraged,2.5,0.8,7.24,1.97,5.26,1.48,4.52,2.33,4.77,2.25,5.19,1.66,1,enfurecido
engañar,to deceive,1.48,0.67,7.64,1.56,4.05,1.91,2.67,1.46,5.0,2.05,6.23,0.97,2,enganar
enigma,enigma,5.27,1.55,6.68,1.78,2.95,1.57,2.65,1.53,3.35,1.76,4.24,1.55,1,enigma
enmienda,amendment,4.7,0.98,4.0,2.02,4.3,1.77,1.83,0.98,1.77,1.19,3.14,1.88,1,enmienda
enredo,tangle,3.33,1.17,5.86,2.03,3.55,1.65,3.71,1.62,3.85,2.03,5.5,1.36,1,enredo
enterrador,undertaker,1.6,1.05,6.4,1.98,5.81,1.21,5.41,1.5,4.68,2.19,3.95,2.37,1,enterrador
entierro,burial,1.35,0.49,7.27,1.49,6.15,0.88,5.95,1.47,6.2,1.01,5.71,1.74,1,entierro
entorno,environment,5.95,1.4,5.25,2.12,2.9,1.92,2.64,1.43,4.88,2.25,6.2,1.28,1,entorno
entusiasmo,enthusiasm,7.91,1.11,7.35,2.32,3.4,1.76,2.75,1.68,5.09,2.07,5.81,1.03,1,entusiasmo
episodio,episode,5.71,1.23,4.14,1.62,3.9,1.18,3.05,2.13,4.8,2.48,6.32,0.78,1,episodio
época,time,5.22,0.74,4.65,1.93,2.55,1.34,2.76,1.48,3.82,2.13,5.71,1.19,1,epoca
erección,erection,6.9,1.94,7.41,1.97,6.27,1.2,6.57,0.6,5.96,1.3,6.2,1.11,1,ereccion
erótico,erotic,7.48,0.98,7.14,1.91,5.35,1.5,5.43,1.7,5.77,1.66,6.09,0.75,3,erotico
escala,scale,4.75,0.55,3.73,1.83,2.5,1.43,2.91,2.02,4.35,2.54,5.91,1.06,1,escala
escalera,ladder,4.95,0.49,4.0,1.84,6.29,1.27,6.82,0.5,6.36,1.09,6.6,0.99,1,escalera
escaparate,showcase,5.86,1.21,3.83,2.21,4.91,1.85,6.67,0.58,5.14,1.85,6.0,1.14,1,escaparate
escasez,scarcity,2.04,1.15,6.35,2.58,3.55,2.04,3.76,2.26,3.82,1.99,5.55,1.93,1,escasez
escena,scene,5.55,0.8,4.55,1.65,3.45,1.5,4.35,1.79,5.55,1.82,5.7,1.42,1,escena
escenario,stage,6.5,1.72,6.38,2.18,5.2,1.15,6.41,0.85,5.9,1.86,5.55,1.73,1,escenario
escéptico,skeptical,4.23,0.87,4.55,1.44,4.0,1.76,1.77,1.51,2.55,1.77,3.91,1.95,1,esceptico
escorpión,scorpion,3.35,1.73,6.5,1.82,6.7,0.56,6.78,0.67,5.36,2.01,5.05,1.76,1,escorpion
escote,cleavage,5.71,1.78,4.87,2.05,5.68,1.55,6.52,0.87,4.62,2.33,6.23,1.19,1,escote
escritora,writer,6.04,0.84,3.52,1.95,5.68,1.13,5.14,1.62,5.0,1.87,6.09,1.06,1,escritora
escuela,school,6.15,1.64,4.9,1.89,5.52,1.36,6.65,1.14,6.32,1.29,6.67,0.48,1,escuela
escultora,sculptor,6.39,1.07,4.17,1.97,5.27,1.24,4.14,2.13,3.52,1.83,4.73,2.03,1,escultora
esfuerzo,effort,7.85,1.14,5.55,2.2,2.4,1.5,3.09,1.6,5.35,2.04,6.15,1.18,1,esfuerzo
espanto,fright,2.86,1.55,7.45,1.39,3.05,1.94,2.68,1.52,3.41,2.06,4.1,1.92,1,espanto
espantoso,frightening,2.55,1.05,6.35,2.16,3.83,1.85,3.61,1.8,5.59,1.3,5.24,1.73,1,espantoso
esperanza,hope,7.7,1.36,4.65,3.23,2.5,1.67,2.3,0.92,4.5,1.92,5.95,1.36,1,esperanza
esqueleto,skeleton,4.38,2.1,5.0,2.24,5.9,1.61,6.62,0.5,5.95,1.9,5.86,1.25,1,esqueleto
esquina,corner,4.45,1.1,4.1,1.68,5.59,1.53,6.62,0.74,4.5,2.26,5.81,1.03,1,esquina
estado,state,5.17,1.2,4.86,1.49,2.35,1.66,1.95,1.33,3.45,2.26,5.55,1.73,1,estado
estallido,pop,3.35,1.43,7.45,1.47,5.25,1.45,3.95,2.37,4.73,1.98,4.09,1.57,1,estallido
estantería,shelf,5.0,0.77,3.65,2.25,5.73,1.8,6.81,0.51,5.0,2.19,6.0,1.41,1,estanteria
estilista,stylist,6.2,1.2,4.55,2.06,5.38,1.12,5.25,1.48,4.95,2.08,4.55,2.16,1,estilista
estilo,style,6.35,1.04,3.82,1.79,2.5,1.47,3.3,1.84,3.96,2.29,6.0,1.31,1,estilo
estimulación,stimulation,6.73,1.28,6.75,2.15,3.3,1.45,2.15,1.6,4.22,2.09,5.86,1.39,1,estimulacion
estímulo,stimulus,6.09,1.27,6.55,1.99,3.4,1.93,2.5,1.88,4.7,1.92,5.95,1.6,1,estimulo
estómago,stomach,4.73,1.03,4.27,1.83,5.95,1.23,5.87,1.29,5.23,1.93,6.57,0.95,1,estomago
estrecho,narrow,4.48,0.81,4.95,2.19,3.85,2.06,4.6,1.54,5.15,2.28,5.38,1.4,3,estrecho
estuche,case,5.17,0.49,3.7,1.63,5.67,1.59,6.75,0.55,6.45,0.91,5.9,1.55,1,estuche
eternidad,eternity,6.7,1.92,4.55,2.93,2.68,1.86,1.9,1.45,3.91,2.27,4.75,1.86,1,eternidad
ética,ethics,6.95,1.28,3.77,2.0,3.27,2.05,1.9,1.09,3.96,2.65,4.95,1.94,1,etica
etiqueta,label,4.81,1.03,3.86,1.88,4.41,1.87,6.2,1.01,5.2,2.38,6.05,1.28,1,etiqueta
eufórico,euphoric,7.68,1.09,7.2,1.01,4.91,1.53,4.74,1.74,5.55,1.71,5.3,1.3,1,euforico
evolución,evolution,7.09,1.41,5.59,1.76,2.59,1.47,2.73,1.55,4.41,1.92,5.61,1.73,1,evolucion
exceso,excess,3.88,2.01,6.9,1.73,3.09,1.44,3.15,1.35,4.45,2.06,6.0,1.26,1,exceso
excitado,excited,7.62,1.12,7.82,1.18,4.17,1.87,4.78,2.0,5.95,1.33,6.0,0.95,1,excitado
exclusión,exclusion,2.22,1.35,6.86,1.96,3.05,1.65,2.55,1.26,4.14,1.81,4.23,1.88,1,exclusion
excursión,tour,7.67,1.2,5.81,2.38,4.3,2.05,5.09,1.57,6.8,0.52,6.2,1.44,1,excursion
exhibición,display,5.82,1.22,6.15,1.84,3.8,1.94,3.85,2.18,4.17,2.01,5.55,1.3,1,exhibicion
exigencia,requirement,4.38,1.69,6.23,1.66,3.4,1.85,1.77,1.45,4.45,1.9,5.19,2.04,1,exigencia
exilio,exile,2.82,1.68,5.95,2.46,3.76,2.07,4.1,1.81,3.5,2.37,4.55,1.79,1,exilio
éxito,success,8.3,0.82,6.7,2.74,2.45,1.5,3.6,1.5,5.41,1.53,5.95,1.43,1,exito
explosión,explosion,1.59,1.1,8.25,1.21,5.1,1.37,5.45,1.57,5.61,1.75,5.59,1.44,1,explosion
explotación,exploitation,2.0,1.45,7.55,1.37,3.6,2.01,3.09,1.97,4.91,2.14,4.67,1.71,1,explotacion
explotador,operator,1.85,1.42,7.15,1.93,3.38,1.72,2.73,1.55,2.95,1.81,4.73,1.45,1,explotador
éxtasis,ecstasy,6.29,2.22,7.55,1.47,4.41,1.76,3.41,1.92,4.25,2.22,5.0,1.67,1,extasis
extinción,extinction,2.33,1.76,5.48,2.38,3.65,1.81,2.32,1.49,3.8,1.99,5.2,2.07,1,extincion
extrañeza,strangeness,4.18,1.14,4.82,2.28,3.14,1.65,1.86,1.52,2.59,1.74,4.6,1.7,1,extraneza
fábrica,factory,4.14,1.28,4.5,1.68,6.09,1.19,6.27,0.98,5.23,2.09,5.95,1.21,1,fabrica
facha,facade,3.05,1.53,6.81,1.72,3.55,1.68,4.15,1.53,5.0,1.84,4.82,1.62,1,facha
facilidad,ease,6.65,1.61,4.2,2.8,2.45,1.36,2.45,1.15,3.59,1.74,6.25,1.29,1,facilidad
facultad,faculty,5.71,0.9,5.68,1.64,4.38,2.2,5.81,1.5,6.15,1.57,6.45,1.0,1,facultad
falda,skirt,6.04,1.07,4.17,2.27,6.0,1.02,6.86,0.36,5.81,1.08,6.64,0.73,1,falda
falso,false,2.71,1.1,6.14,1.42,3.25,1.68,2.5,1.43,3.75,2.12,6.19,1.21,3,falso
famosa,famous,5.6,1.57,6.0,2.18,4.33,1.83,4.9,1.45,5.82,1.47,5.95,1.47,1,famosa
fantasía,fantasy,7.86,1.17,5.7,2.11,2.82,1.53,2.61,2.02,4.14,2.08,5.91,1.27,1,fantasia
farmacéutica,pharmaceutical,5.75,1.14,4.04,1.92,5.95,1.36,6.48,0.6,5.81,1.69,5.86,1.42,1,farmaceutica
faro,lighthouse,5.6,1.05,3.05,1.77,6.7,0.92,6.86,0.36,5.59,1.92,4.9,1.37,1,faro
fascinación,fascination,7.33,1.24,6.95,2.36,3.0,1.72,2.26,1.89,4.15,1.84,4.75,1.59,1,fascinacion
fascinante,fascinating,8.36,0.66,6.2,3.02,3.2,1.47,1.6,0.75,3.7,2.12,5.5,1.67,1,fascinante
fatalidad,fatality,2.32,1.25,6.7,1.72,2.35,1.42,1.86,1.25,2.86,2.01,4.68,1.94,1,fatalidad
faz,face,4.91,0.29,3.45,1.68,3.1,2.07,2.17,1.77,2.32,2.03,3.35,1.79,1,faz
fealdad,ugliness,3.14,1.32,5.25,2.15,3.36,2.04,3.81,1.83,3.77,2.33,3.76,1.87,1,fealdad
fecha,date,5.05,1.05,4.64,1.36,3.91,1.95,3.9,1.8,6.3,1.56,6.7,0.56,1,fecha
felicidad,happiness,8.83,0.49,5.3,3.74,2.85,1.87,4.0,1.98,5.95,1.56,6.75,0.72,1,felicidad
feliz,happy,8.55,0.69,5.55,3.15,5.0,2.09,5.39,1.95,6.41,1.44,6.77,0.53,1,feliz
figura,figure,5.14,0.76,3.83,2.1,2.5,1.65,5.38,1.63,4.29,2.24,5.0,1.45,1,figura
firma,signature,5.45,0.8,3.95,1.68,5.48,1.75,6.27,1.2,5.65,2.11,6.05,1.56,1,firma
flamenco,flamenco,5.86,1.24,4.19,2.16,4.95,1.36,5.85,1.69,5.0,1.92,4.86,1.73,3,flamenco
foco,focus,4.86,1.01,4.86,2.03,4.86,1.52,6.0,1.56,5.0,2.51,4.85,1.9,1,foco
follón,mess,3.67,1.77,6.5,1.93,3.61,1.83,4.61,2.19,5.86,1.39,5.95,0.97,1,follon
forastero,outsider,5.09,1.44,4.05,2.32,3.85,1.76,4.55,1.67,4.91,1.93,4.61,1.83,1,forastero
fortuna,fortune,7.09,1.57,5.7,1.87,2.62,1.5,4.4,1.43,4.55,1.93,4.9,1.97,1,fortuna
fotógrafa,photographer,7.35,1.18,3.85,2.01,5.57,1.16,6.29,1.06,6.27,1.2,6.14,1.24,1,fotografa
fotografía,photography,6.5,1.86,3.85,1.84,5.76,1.41,6.3,1.26,6.14,1.21,6.5,0.69,1,fotografia
fotógrafo,photographer,6.45,1.32,4.05,2.38,6.59,0.67,6.64,0.79,6.13,1.52,5.95,1.36,1,fotografo
fracaso,failure,1.61,0.72,7.75,1.59,3.27,1.7,2.48,1.73,4.23,2.11,5.76,1.09,1,fracaso
fracción,fraction,4.67,0.86,3.35,1.84,3.15,1.31,4.0,2.07,3.55,1.93,4.14,1.85,1,fraccion
fragilidad,fragility,3.05,1.25,4.6,2.21,3.4,1.98,3.3,1.49,4.73,1.91,5.85,1.79,1,fragilidad
frialdad,chill,3.33,1.66,4.81,2.77,2.85,1.76,2.3,1.33,3.4,2.06,5.1,2.13,1,frialdad
frustración,frustration,1.88,1.08,5.62,2.62,3.8,1.88,2.32,1.43,4.0,2.03,5.5,1.15,1,frustracion
fruto,fruit,6.23,1.11,3.15,1.79,4.14,1.98,5.91,1.27,4.95,1.85,6.18,1.18,1,fruto
fuerte,strong,7.5,1.56,6.19,2.04,3.73,1.64,4.96,1.69,5.4,1.96,6.71,0.56,1,fuerte
fuerza,force,7.63,1.44,7.24,1.76,2.2,1.4,3.41,1.92,5.4,1.79,6.5,1.19,1,fuerza
fugitivo,fugitive,2.85,1.53,6.91,1.77,4.05,1.57,5.14,1.49,5.26,1.98,4.25,2.15,1,fugitivo
función,function,5.33,0.97,4.05,1.47,2.59,1.47,2.17,1.56,3.45,2.06,5.5,1.44,1,funcion
furgoneta,van,5.25,0.75,4.35,2.21,6.27,0.98,7.0,0.0,5.38,1.86,6.14,1.17,1,furgoneta
furia,fury,3.05,1.32,7.09,1.34,3.76,2.1,3.62,1.53,4.64,2.24,5.19,1.86,1,furia
fusil,rifle,2.59,1.44,6.86,1.93,6.4,0.82,6.3,1.08,4.45,1.67,5.15,1.69,1,fusil
fútbol,football,5.32,2.15,6.0,2.25,6.64,0.73,6.32,0.89,6.17,1.4,6.65,0.93,1,futbol
futuro,future,7.4,1.57,7.41,1.68,2.0,1.52,2.61,1.8,4.48,2.56,6.75,0.44,3,futuro
gabardina,raincoat,5.0,1.15,3.3,1.89,6.32,1.13,6.52,0.87,4.0,2.1,4.73,2.05,1,gabardina
galardón,award,7.75,0.97,6.0,2.7,4.27,1.88,3.14,1.71,3.14,1.85,4.33,1.83,1,galardon
ganado,cattle,6.29,1.97,4.14,1.82,4.65,2.03,6.0,1.27,5.25,1.59,4.5,2.16,1,ganado
ganadora,winner,7.5,1.36,6.05,2.09,4.1,2.02,5.24,1.7,4.68,1.81,6.09,1.34,1,ganadora
ganar,to win,7.58,1.35,7.1,2.45,4.14,1.7,3.45,1.67,6.15,1.18,6.52,0.81,2,ganar
gangrena,gangrene,2.4,1.47,6.36,2.22,5.39,1.88,4.26,2.42,2.68,2.08,3.7,2.36,1,gangrena
garfio,hook,4.29,1.18,4.87,2.18,6.0,1.45,6.43,1.47,3.38,2.62,4.04,2.08,1,garfio
garganta,throat,4.55,1.15,3.95,1.94,6.35,0.93,6.14,0.89,5.09,2.09,6.4,0.82,1,garganta
garrote,club,3.15,1.73,6.3,1.63,5.05,1.77,4.32,2.42,3.05,2.3,3.2,2.02,1,garrote
gato,cat,5.76,1.7,4.1,1.97,6.38,1.16,7.0,0.0,6.4,1.14,6.62,1.16,1,gato
gemido,groan,5.27,2.1,7.1,2.02,4.5,1.54,3.86,2.14,5.38,1.91,5.77,1.45,1,gemido
género,genre,4.9,0.44,3.91,1.51,2.5,1.61,3.81,2.34,3.86,2.1,5.45,1.99,1,genero
genialidad,genius,8.27,0.88,5.7,2.72,3.2,1.99,2.3,1.89,4.04,2.27,4.86,1.74,1,genialidad
genio,genius,6.45,1.36,5.2,2.02,3.86,1.81,4.95,1.99,4.55,2.19,5.82,1.26,1,genio
gente,people,6.48,1.4,5.41,2.42,3.1,2.15,6.6,0.68,6.2,1.4,6.85,0.49,1,gente
gerente,manager,4.73,0.83,5.2,1.96,5.24,1.37,3.5,1.85,2.95,1.56,4.48,1.83,1,gerente
gestión,management,4.64,0.73,4.5,1.85,3.5,1.67,2.48,1.5,3.73,2.29,5.25,1.83,1,gestion
gimnasio,gym,5.5,1.95,6.1,2.27,6.2,0.83,6.87,0.34,5.75,1.96,6.77,0.53,1,gimnasio
gimnasta,gymnast,6.04,1.14,4.96,2.1,5.59,1.33,5.9,1.04,5.24,1.67,4.82,1.89,1,gimnasta
giro,rotation,4.86,0.73,4.82,1.92,4.3,1.56,4.18,1.71,4.0,2.23,6.45,1.05,3,giro
globo,globe,6.17,1.37,3.6,2.16,5.77,1.51,6.48,1.21,6.5,1.19,5.57,1.33,1,globo
gobernador,governor,3.45,1.64,5.45,1.84,6.23,0.81,5.71,1.62,4.55,2.26,5.45,1.47,1,gobernador
goce,enjoyment,7.1,1.37,6.77,1.15,3.09,1.77,2.77,1.69,4.55,2.11,4.65,2.25,1,goce
golfista,golfer,5.1,1.21,4.0,1.65,5.48,1.75,5.95,1.53,4.68,2.21,5.3,1.82,1,golfista
golfo,gulf,4.19,1.65,4.7,1.87,4.29,1.62,4.15,2.3,3.45,2.32,4.09,1.82,1,golfo
gota,drop,5.41,1.05,3.29,1.82,5.25,1.71,6.65,0.99,5.85,2.18,6.52,1.08,1,gota
gozar,to enjoy,7.77,1.34,4.4,3.22,3.86,1.88,3.4,1.7,6.05,1.56,4.95,1.7,1,gozar
grado,degree,5.39,1.23,4.27,1.55,3.1,1.55,1.91,1.48,4.18,2.4,5.62,1.2,1,grado
graduada,graduate,7.07,1.46,6.61,2.43,4.36,1.47,5.52,1.33,4.95,1.94,5.95,1.53,1,graduada
granjero,farmer,5.5,1.1,2.95,1.82,5.95,0.9,6.38,1.02,5.19,1.89,4.76,1.58,1,granjero
grano,grain,3.7,1.45,4.77,2.11,4.68,1.73,6.52,0.73,5.2,1.88,6.23,1.07,1,grano
grave,grave,2.7,1.56,6.82,1.82,3.78,1.73,3.39,1.7,5.18,1.68,5.82,1.1,1,grave
grieta,crack,3.0,1.23,4.85,1.98,6.14,0.71,6.85,0.37,3.88,2.42,4.75,1.8,1,grieta
guante,glove,5.15,0.81,3.95,1.79,6.14,1.39,6.86,0.36,5.91,1.74,6.62,0.59,1,guante
guardería,nursery,6.55,1.54,4.43,2.31,6.2,0.83,6.35,1.14,5.6,1.79,5.33,1.93,1,guarderia
guardián,guardian,5.29,1.46,4.91,1.98,3.82,1.44,4.1,2.23,3.29,1.62,4.36,1.81,1,guardian
guerrero,warrior,3.65,1.6,6.23,2.18,5.7,1.3,5.45,1.32,4.26,2.14,5.55,1.47,3,guerrero
guión,script,4.9,0.72,4.23,1.77,4.24,1.84,5.09,1.2,5.3,2.18,5.0,1.82,1,guion
habilidad,skill,7.26,1.25,4.85,2.68,3.4,2.06,2.65,0.99,4.45,1.77,6.45,1.05,1,habilidad
habitación,room,5.63,1.38,3.52,1.89,5.76,1.45,6.71,0.46,6.65,0.67,6.91,0.29,1,habitacion
hábito,habit,5.32,0.95,4.0,1.85,2.82,1.53,3.25,1.8,4.27,2.37,5.5,1.14,1,habito
hacha,ax,3.91,1.95,6.05,2.04,6.5,0.89,6.55,1.0,4.36,2.7,5.05,1.96,1,hacha
hacienda,ranch,3.0,1.34,5.8,1.82,4.57,1.99,2.32,1.62,4.64,2.13,5.0,1.52,1,hacienda
hada,fairy,6.27,1.49,4.2,2.46,4.68,1.91,5.59,1.82,4.5,2.32,4.33,1.85,1,hada
hallazgo,finding,6.14,2.23,6.7,1.95,3.7,1.69,2.7,1.78,3.0,2.02,4.77,1.77,1,hallazgo
hechicero,sorcerer,5.32,1.12,5.0,2.28,5.18,1.59,4.52,1.78,3.57,2.13,4.59,1.89,3,hechicero
heno,hay,4.91,0.68,3.91,1.8,5.55,1.61,3.86,2.15,1.64,1.33,3.41,2.15,1,heno
herido,wounded,2.05,1.4,6.91,1.8,5.04,1.52,6.52,0.73,5.68,1.89,5.43,1.94,3,herido
hermana,sister,7.75,1.48,3.6,1.9,5.05,1.77,5.36,2.24,5.91,1.69,6.67,0.86,1,hermana
heroína,heroin,3.85,2.48,6.15,2.08,5.14,1.64,4.23,2.16,5.2,1.58,5.59,1.68,1,heroina
heroísmo,heroism,6.41,1.56,6.15,1.69,3.05,1.56,3.25,1.62,3.67,2.08,3.45,1.99,1,heroismo
herramienta,tool,5.25,1.21,4.4,1.9,3.29,1.95,5.64,1.56,5.09,1.74,5.67,1.62,1,herramienta
hervir,to boil,4.52,0.75,4.45,1.92,5.5,1.28,4.86,1.9,5.86,1.67,6.05,1.5,1,hervir
hidalguía,nobility,4.9,0.54,3.6,1.88,4.17,1.85,1.57,0.84,1.64,1.43,1.85,1.23,1,hidalguia
hielo,ice,5.05,1.53,4.3,1.78,6.5,0.74,6.5,0.74,5.86,1.64,6.64,0.95,1,hielo
hierro,iron,4.81,0.81,4.77,1.31,5.86,1.21,5.91,1.38,4.82,2.11,5.86,1.49,1,hierro
hija,daughter,7.27,1.19,4.7,2.52,6.19,1.17,4.15,2.08,5.73,2.07,6.57,1.33,1,hija
hijo,son,7.05,1.56,5.27,1.96,6.2,1.51,5.85,1.69,5.85,1.63,6.67,0.8,1,hijo
historia,history,5.95,1.2,4.32,1.81,2.64,1.43,2.14,1.28,5.18,2.5,6.38,0.74,1,historia
hoguera,bonfire,5.5,1.95,3.7,2.56,6.4,0.68,6.65,0.78,5.77,1.77,5.38,1.96,1,hoguera
hoja,sheet,5.05,0.86,3.14,1.55,5.7,1.08,6.62,1.12,6.1,1.55,6.57,0.98,1,hoja
homenaje,tribute,7.0,1.26,4.5,2.09,3.24,1.55,3.91,1.82,4.14,2.01,4.57,1.99,1,homenaje
homicidio,homicide,1.27,0.7,7.8,1.24,4.65,2.03,4.25,2.4,4.04,2.16,4.73,1.52,1,homicidio
honradez,honesty,7.5,1.19,3.5,2.37,3.05,1.94,1.68,1.21,3.92,1.89,4.75,1.74,1,honradez
horca,gallows,2.82,1.33,6.39,1.99,5.86,1.28,5.57,1.99,3.33,2.37,2.9,1.89,1,horca
hormigueo,tingling,5.18,1.76,6.7,1.72,4.4,1.85,3.71,2.1,4.79,1.82,4.7,1.95,1,hormigueo
hormiguero,anthill,4.79,1.59,4.81,2.29,6.4,0.94,5.82,1.47,4.45,2.09,4.76,2.12,1,hormiguero
hornear,to bake,6.09,1.02,3.95,1.76,5.2,1.44,4.24,2.1,5.5,1.6,4.43,1.54,2,hornear
horquilla,hairpin,4.76,0.94,3.14,1.67,6.05,1.54,6.38,1.36,5.36,2.08,5.55,1.5,1,horquilla
horror,horror,2.45,1.43,7.2,1.36,2.7,1.75,3.55,1.7,3.86,2.1,5.73,1.16,1,horror
hotel,hotel,6.82,1.3,3.38,1.94,6.6,0.6,6.76,0.7,6.35,1.6,6.25,1.41,1,hotel
huérfano,orphan,1.45,0.8,5.74,2.05,6.05,1.15,4.75,1.97,5.39,1.7,4.65,1.98,3,huerfano
huerto,orchard,6.74,1.39,3.55,2.28,6.1,1.3,6.57,0.81,6.18,1.37,5.55,1.85,1,huerto
huevo,egg,5.0,0.73,3.65,1.57,6.57,0.68,6.91,0.29,5.91,1.51,6.81,0.68,1,huevo
humanidad,humanity,6.67,1.52,5.14,2.13,3.2,1.91,3.38,1.72,4.4,1.88,5.6,1.9,1,humanidad
humanismo,humanism,7.39,1.41,4.5,2.2,2.29,1.23,1.74,0.86,3.45,2.15,4.24,0.83,1,humanismo
humildad,humility,7.6,1.96,3.32,2.5,2.6,1.64,1.64,0.73,4.96,1.77,5.15,1.76,1,humildad
humillación,humiliation,1.32,0.48,7.3,1.84,2.59,1.33,3.38,1.77,4.21,2.26,5.09,1.69,1,humillacion
huracán,hurricane,2.62,1.36,7.27,1.35,6.0,1.56,6.14,0.99,5.73,1.49,5.14,1.81,1,huracan
hurgar,poke,3.73,1.49,4.6,2.09,3.59,1.62,4.25,1.71,3.79,1.86,3.95,1.36,1,hurgar
idealismo,idealism,6.0,1.41,4.05,2.13,2.81,1.83,1.45,0.8,3.32,1.86,3.71,1.87,1,idealismo
iglesia,church,4.19,1.36,3.67,2.56,5.5,1.97,6.64,0.85,6.09,1.69,5.43,2.06,1,iglesia
ilusión,illusion,7.55,1.19,5.95,2.46,2.3,1.17,2.55,1.44,5.5,2.09,6.55,0.74,1,ilusion
imagen,image,6.42,1.47,4.1,1.64,3.05,1.93,4.9,2.02,5.2,1.96,6.8,0.52,1,imagen
imán,magnet,5.19,1.47,4.1,1.74,6.24,1.37,6.3,0.92,4.41,2.2,5.2,2.04,1,iman
impermeable,waterproof,5.21,1.45,3.65,1.9,4.59,1.97,5.29,2.15,5.24,1.87,5.86,0.83,1,impermeable
importación,import,4.86,0.96,4.19,2.23,4.17,1.8,3.0,1.81,3.86,2.19,4.33,1.74,1,importacion
impotencia,impotence,2.27,1.12,7.75,1.41,3.45,1.77,2.67,1.39,5.45,1.68,5.33,1.39,1,impotencia
impresionado,impressed,5.95,1.1,6.1,1.55,4.83,1.75,3.96,1.8,5.27,2.23,5.91,1.56,1,impresionado
impureza,impurity,3.46,1.5,5.1,1.92,3.27,1.78,2.5,1.95,2.5,2.04,3.76,1.55,1,impureza
incapacidad,disability,1.88,0.9,6.24,2.36,3.36,1.53,2.55,1.28,4.6,2.04,5.24,1.48,1,incapacidad
incendio,fire,1.35,0.59,7.86,1.73,6.32,0.78,6.15,1.53,5.83,2.12,5.86,1.32,1,incendio
incentivo,incentive,7.0,1.55,6.3,1.56,3.83,1.3,2.87,1.91,2.55,1.99,4.91,1.77,1,incentivo
incomodidad,discomfort,2.95,0.92,6.09,2.02,3.68,1.62,2.59,1.4,4.32,1.81,6.14,0.85,1,incomodidad
incremento,increase,6.04,1.94,5.91,2.14,3.4,1.93,3.7,1.38,4.55,2.09,5.2,1.94,1,incremento
indecisión,indecision,2.95,1.05,6.4,2.01,3.45,1.74,2.76,1.79,4.41,1.89,5.65,1.42,1,indecision
indicio,indication,4.86,0.94,5.05,1.73,2.4,1.67,2.24,1.22,2.59,1.99,4.33,1.59,1,indicio
indio,Indian,5.1,1.02,3.75,1.83,5.52,1.29,6.32,1.13,5.0,2.45,4.75,2.15,3,indio
industria,industry,4.35,0.99,4.8,1.47,3.73,1.61,6.4,0.88,5.09,2.04,5.67,1.24,1,industria
infanta,infanta,4.25,1.33,5.0,2.08,5.48,1.25,5.64,1.56,4.5,1.85,5.23,1.93,1,infanta
inferioridad,inferiority,2.15,1.18,6.23,2.2,2.5,1.19,2.8,1.4,3.7,2.27,5.1,1.81,1,inferioridad
infiel,unfaithful,2.0,0.87,7.14,1.24,5.52,1.27,3.74,2.05,5.91,1.82,5.62,1.75,1,infiel
infinito,infinity,5.91,1.31,4.7,2.68,2.41,2.2,2.36,2.01,2.95,2.24,5.67,1.56,3,infinito
inflación,inflation,3.42,1.41,4.33,2.13,3.2,1.54,1.86,1.55,2.85,2.06,3.4,1.79,1,inflacion
información,information,5.88,1.19,5.0,1.87,2.4,1.67,2.27,1.39,5.1,1.97,6.55,1.15,1,informacion
informática,computing,5.46,1.23,4.61,1.83,3.95,2.06,3.24,2.12,4.62,1.91,6.05,0.92,1,informatica
informe,report,3.92,1.02,5.75,2.07,3.48,1.47,5.2,1.96,4.14,2.21,6.55,0.86,1,informe
ingrediente,ingredient,5.74,1.1,2.82,1.62,2.43,1.69,4.14,1.98,6.05,1.13,5.95,1.02,1,ingrediente
ingresar,sign,4.05,2.19,5.05,2.33,3.77,1.57,2.5,1.92,5.58,1.79,6.0,1.34,1,ingresar
ingreso,entry,5.05,2.46,5.4,2.28,3.65,1.5,2.86,1.91,5.5,1.89,6.05,1.67,1,ingreso
inmensidad,immensity,6.59,1.68,4.4,2.58,1.95,1.19,2.76,1.87,3.5,1.99,4.9,1.37,1,inmensidad
innovación,innovation,7.38,1.06,6.52,2.27,3.45,2.11,3.05,1.83,3.8,2.02,5.0,1.38,1,innovacion
inodoro,odorless,4.0,0.9,4.26,2.03,6.0,1.2,6.71,0.78,4.33,2.39,4.5,1.74,1,inodoro
inseguridad,insecurity,2.5,1.18,6.38,2.58,2.05,1.21,2.09,1.41,4.8,2.14,5.57,1.03,1,inseguridad
inseguro,insecure,3.0,1.34,5.65,1.95,4.0,1.49,2.6,1.19,3.85,2.03,5.7,1.82,1,inseguro
insomnio,insomnia,2.65,1.53,7.05,2.38,5.18,1.76,3.18,1.82,5.26,2.16,5.3,1.69,1,insomnio
inspiración,inspiration,6.95,1.4,4.75,3.09,3.4,1.96,2.3,1.13,3.75,2.25,6.35,1.18,1,inspiracion
instancia,instance,4.45,1.39,4.9,1.48,2.57,1.4,2.13,1.39,1.77,1.23,4.05,1.84,1,instancia
instante,instant,5.18,1.18,4.2,2.21,2.85,1.66,1.3,0.47,3.22,2.24,5.5,1.34,1,instante
institución,institution,4.57,1.36,4.23,1.8,2.64,1.33,3.7,1.84,4.27,2.31,4.9,1.45,1,institucion
instituto,institute,5.95,1.46,5.3,2.36,6.35,0.88,6.5,0.67,6.27,1.28,6.45,1.1,1,instituto
insulto,insult,2.64,1.33,7.9,1.29,3.82,1.89,3.0,1.45,5.59,1.94,6.14,1.15,1,insulto
intelectual,intellectual,6.95,1.43,4.15,2.41,4.6,2.04,2.45,1.47,4.87,1.69,5.05,1.53,1,intelectual
intensidad,intensity,6.87,1.46,6.14,2.34,3.55,2.01,2.2,1.01,4.05,2.08,5.65,1.42,1,intensidad
interrupción,interruption,3.25,1.25,6.09,1.93,2.95,1.39,2.77,1.57,4.96,2.14,5.5,1.43,1,interrupcion
intruso,intruder,3.15,1.04,6.95,1.53,4.91,1.8,3.55,1.7,4.64,1.84,4.55,1.96,1,intruso
inundación,flooding,2.45,1.15,6.45,1.6,5.7,0.98,5.91,1.06,5.55,1.64,5.77,1.6,1,inundacion
inválido,invalid,2.23,1.23,5.5,1.7,4.95,1.57,6.4,0.82,5.83,1.4,4.8,1.91,1,invalido
invasión,invasion,3.0,1.48,7.35,1.69,3.2,1.88,3.25,1.8,3.91,2.0,4.62,1.5,1,invasion
invernadero,emissions,5.46,1.69,3.38,1.63,6.09,0.81,6.85,0.37,4.5,1.93,4.35,2.06,1,invernadero
investigadora,researcher,6.55,1.39,4.95,1.67,4.52,1.5,5.52,1.6,5.5,1.54,5.3,1.63,1,investigadora
invitada,invited,6.3,1.38,5.2,2.21,3.71,1.65,4.76,1.64,4.55,2.02,5.76,1.84,1,invitada
inyección,injection,3.59,1.68,6.77,1.66,5.27,1.32,6.3,1.38,5.83,1.47,5.45,1.68,1,inyeccion
irritación,irritation,2.18,1.26,7.7,1.22,3.48,1.44,4.0,1.88,4.79,2.0,5.14,1.7,1,irritacion
jabón,soap,6.0,1.38,3.14,2.01,6.05,0.67,6.75,0.44,6.45,0.69,6.68,0.57,1,jabon
jarra,jar,5.22,0.6,3.7,1.84,6.1,1.45,6.64,0.58,5.82,1.56,6.41,1.05,1,jarra
jefe,boss,4.38,1.24,5.19,2.48,5.5,1.54,5.14,1.7,5.14,1.86,6.32,1.09,1,jefe
jerarquía,hierarchy,4.38,1.16,4.95,2.15,3.65,1.93,4.1,1.33,3.59,2.04,4.25,1.83,1,jerarquia
jeringa,syringe,3.05,1.46,6.27,1.78,6.38,0.74,6.8,0.41,5.83,1.72,5.0,1.87,1,jeringa
jeringuilla,syringe,2.86,1.33,6.45,1.47,6.7,0.73,6.95,0.22,5.58,1.93,5.74,1.21,1,jeringuilla
jersey,jersey,5.42,1.33,3.35,1.66,5.86,1.46,7.0,0.0,6.36,0.9,6.55,0.83,1,jersey
jornalera,laborer,4.42,1.17,4.95,2.44,5.38,1.6,2.45,1.54,3.55,1.82,3.15,1.69,1,jornalera
joya,jwell,6.12,1.07,4.75,1.94,4.43,2.01,6.7,0.66,5.86,1.42,6.26,1.25,1,joya
jubiloso,jubilant,5.09,1.44,5.18,2.11,4.52,1.7,3.65,2.12,2.55,1.87,2.67,1.46,1,jubiloso
juez,judge,4.3,1.17,5.55,2.06,6.38,0.92,6.55,0.76,5.09,2.11,5.43,1.16,1,juez
jugo,juice,5.3,0.98,3.86,1.86,4.4,1.7,4.9,1.87,3.9,2.13,4.4,2.21,1,jugo
juguete,toy,6.69,1.64,3.65,1.81,3.62,2.25,6.1,1.37,6.09,1.41,6.41,1.22,1,juguete
laberinto,maze,4.54,1.74,6.19,1.81,5.23,1.41,6.55,0.83,5.9,1.52,4.95,1.28,1,laberinto
laboratorio,laboratory,4.68,1.09,4.1,2.07,5.86,1.04,6.76,0.44,4.41,2.22,6.27,1.03,1,laboratorio
labrador,labrador,5.41,1.01,5.05,2.01,5.32,1.46,5.59,1.74,4.27,2.33,4.33,1.49,1,labrador
lado,side,5.3,0.8,3.5,1.85,3.4,1.96,4.5,1.73,4.3,2.24,6.6,0.88,1,lado
ladrillo,brick,4.65,0.75,3.65,1.9,6.73,0.55,6.73,0.55,5.68,1.99,5.6,1.64,1,ladrillo
ladrón,thief,2.82,1.44,7.23,1.27,5.29,1.79,5.18,1.59,5.95,1.5,6.36,0.79,1,ladron
ladrona,thief,2.3,1.17,6.5,1.28,5.14,1.42,5.4,1.6,5.18,1.89,5.36,1.81,1,ladrona
lágrima,tear,2.35,1.5,5.55,2.84,6.32,1.09,6.76,0.54,6.0,1.27,6.27,1.2,1,lagrima
lamento,regret,1.92,1.02,5.38,2.33,2.36,0.95,3.38,1.96,4.85,1.95,5.3,1.56,1,lamento
lámpara,lamp,5.0,0.0,3.8,2.35,6.4,0.88,6.81,0.4,6.5,0.96,6.48,1.17,1,lampara
lápiz,pencil,5.55,1.26,3.95,1.56,6.5,1.06,7.0,0.0,6.68,0.72,6.64,0.95,1,lapiz
lata,can,5.0,0.95,3.95,2.06,6.2,1.06,6.41,1.22,5.73,2.03,6.2,1.2,1,lata
latido,beat,6.67,1.62,5.6,1.98,5.55,1.7,4.2,1.77,5.15,1.81,5.65,1.31,1,latido
látigo,whip,2.7,1.58,6.15,2.46,6.76,0.44,6.61,0.94,4.77,2.25,4.64,1.65,1,latigo
leche,milk,5.95,1.1,3.41,1.89,6.27,1.24,6.91,0.29,6.4,1.39,6.82,0.66,1,leche
lechera,milkmaid,5.75,1.08,3.52,1.86,5.41,1.62,4.57,1.94,4.14,2.48,3.33,1.77,1,lechera
lechero,milkman,5.5,1.11,3.26,1.91,5.5,1.6,4.48,1.97,3.86,2.22,4.0,2.29,3,lechero
legalidad,legality,6.6,1.88,4.0,2.62,3.68,1.84,2.67,1.46,3.91,2.13,5.29,1.55,1,legalidad
lejos,away,2.77,1.54,4.1,2.31,5.2,1.64,4.05,2.33,4.65,2.04,6.3,1.08,1,lejos
lentilla,lens (contact lens),5.5,1.28,4.4,2.11,6.05,1.56,6.73,0.7,6.18,1.37,6.33,1.24,1,lentilla
lento,slow,3.95,1.5,3.0,1.9,4.7,1.89,4.91,1.95,5.36,2.04,5.95,1.28,3,lento
leopardo,leopard,5.4,1.27,6.68,1.91,6.85,0.37,6.85,0.37,5.05,2.06,5.95,1.53,1,leopardo
letra,letter,5.27,1.03,3.05,1.69,5.38,1.75,6.45,1.19,5.75,2.05,6.77,0.53,1,letra
liberación,release,7.29,1.19,4.52,2.94,3.64,1.56,2.68,1.73,3.64,2.19,5.43,1.8,1,liberacion
liberar,release,7.32,1.29,4.45,3.05,3.1,1.92,2.57,1.33,4.88,2.03,5.65,1.8,1,liberar
libertad,freedom,8.45,0.91,4.1,2.81,2.85,1.66,2.95,1.43,6.0,1.51,6.4,0.99,1,libertad
libre,free,7.8,1.15,4.76,2.91,2.85,1.81,3.25,1.77,4.6,1.93,6.33,0.8,1,libre
librería,bookshop,6.61,1.53,2.64,1.62,6.36,1.33,6.3,1.13,6.5,0.86,6.27,1.03,1,libreria
libreta,book,5.35,1.07,3.15,1.95,6.41,1.01,7.0,0.0,6.09,1.19,6.86,0.47,1,libreta
licenciada,degree,8.31,0.88,6.55,2.46,4.81,1.91,3.75,1.62,6.27,1.28,5.32,1.91,1,licenciada
liga,league,5.27,1.34,4.8,1.88,3.38,1.77,5.35,2.37,4.73,2.27,5.68,1.43,1,liga
ligar,link,6.91,1.72,5.95,2.52,3.82,1.71,3.64,2.28,6.05,1.29,6.52,0.87,1,ligar
lima,lime,5.05,0.94,4.27,1.75,5.32,2.01,6.45,0.74,4.55,1.82,5.48,1.7,1,lima
limón,lemon,5.27,1.2,4.45,2.06,6.82,0.39,6.95,0.22,5.7,1.98,6.45,1.01,1,limon
lince,lynx,5.81,1.47,4.5,1.54,6.52,0.98,5.75,2.07,3.65,2.23,4.76,1.3,1,lince
linterna,flashlight,5.29,0.72,3.5,1.47,6.8,0.41,6.91,0.42,5.95,1.68,6.09,1.44,1,linterna
lío,mess,3.77,1.38,6.6,1.79,2.1,1.59,2.95,2.01,3.88,2.19,6.4,1.14,1,lio
lira,lira,5.81,1.12,3.55,1.5,5.59,1.99,4.0,2.43,2.65,2.25,2.67,1.56,1,lira
liso,smooth,5.2,0.95,3.5,1.74,5.15,1.9,4.62,1.77,5.64,1.43,6.27,0.98,3,liso
lista,list,4.95,0.49,4.23,1.82,3.95,1.67,6.0,1.38,5.4,1.98,6.43,0.75,1,lista
litro,liter,5.3,0.98,4.09,1.85,5.0,1.86,5.74,1.39,4.73,2.12,6.75,0.55,1,litro
llama,flame,5.18,1.26,5.35,2.35,4.15,1.76,5.95,1.39,5.25,2.15,5.86,1.17,1,llama
llamada,call,6.29,0.96,4.24,2.07,4.0,1.84,5.05,2.28,6.39,0.84,6.6,0.94,1,llamada
llano,plain,4.71,1.06,2.71,1.45,5.35,2.01,5.57,1.5,4.5,1.95,4.6,1.9,3,llano
llanto,crying,2.59,1.3,6.9,1.92,6.14,0.89,5.5,1.61,6.29,0.95,5.64,1.47,1,llanto
llave,key,5.5,1.36,3.77,1.77,5.64,1.71,6.95,0.22,5.95,1.9,6.91,0.43,1,llave
llovizna,drizzle,5.14,1.39,3.2,1.64,5.55,1.5,6.05,1.8,4.96,2.33,5.59,2.04,1,llovizna
lluvia,rain,6.25,2.07,2.82,1.74,6.14,0.83,6.73,0.55,6.5,0.86,7.0,0.0,1,lluvia
lobo,wolf,5.86,1.58,5.45,2.21,6.76,0.54,6.8,0.41,4.65,2.33,5.9,1.48,1,lobo
loca,crazy,4.0,1.9,6.3,1.89,3.67,1.85,4.1,2.38,4.77,2.0,6.41,0.96,1,loca
local,local,4.85,0.88,4.5,2.04,3.82,1.5,5.76,1.34,4.85,2.13,6.29,0.9,1,local
loco,crazy,4.22,2.09,6.91,1.77,3.3,1.78,4.85,1.81,5.55,1.77,6.35,0.93,3,loco
locura,madness,5.82,1.97,7.2,2.04,2.45,1.53,3.55,1.54,5.82,1.4,5.83,1.8,1,locura
logro,manage,7.45,1.28,6.27,2.0,3.5,2.12,3.05,1.7,4.45,2.3,5.4,1.39,1,logro
lotería,lottery,7.62,1.36,7.0,1.98,5.6,1.05,5.5,1.19,5.7,1.66,5.86,1.85,1,loteria
lucha,struggle,3.24,1.89,6.29,1.68,4.67,1.49,4.95,1.91,5.3,1.69,5.57,1.33,1,lucha
ludópata,compulsive gambler,2.15,1.09,6.7,1.42,5.1,1.51,4.91,1.69,5.45,1.99,5.23,1.48,1,ludopata
lugar,place,6.2,1.4,3.73,1.8,2.36,1.47,2.59,2.32,5.26,1.98,6.77,0.53,1,lugar
luna,moon,6.45,1.82,2.85,2.6,5.9,1.45,6.91,0.43,5.96,1.78,6.45,1.28,1,luna
lunar,mole,5.5,1.5,4.0,2.0,6.0,1.45,6.5,1.28,4.73,2.25,5.67,1.53,1,lunar
maceta,flower pot,5.35,1.04,3.18,1.79,6.23,1.34,6.81,0.51,5.25,2.38,6.19,1.36,1,maceta
machista,sexist,1.39,0.72,7.32,2.48,4.23,1.72,4.24,2.1,5.5,1.74,5.75,1.12,1,machista
maduración,maturation,7.08,1.67,5.29,2.0,3.0,1.81,2.85,1.35,4.05,2.14,5.4,1.27,1,maduracion
maestra,teacher,6.32,1.22,4.83,1.95,5.14,1.58,6.19,0.93,6.24,1.48,6.73,0.46,1,maestra
maestro,teacher,5.59,1.05,4.1,1.68,5.55,1.37,5.95,1.02,6.55,0.67,5.45,2.04,3,maestro
mafioso,mafioso,3.46,1.32,5.55,1.64,5.09,1.31,5.43,1.72,4.43,1.9,4.67,2.01,1,mafioso
mágico,magical,7.38,1.12,6.15,2.21,2.95,1.43,3.8,1.64,4.55,1.7,6.14,1.08,3,magico
maíz,corn,5.6,1.14,3.23,1.8,6.41,0.91,6.59,0.96,5.09,2.07,5.52,1.63,1,maiz
malabarista,juggler,6.14,1.21,4.43,2.33,5.55,1.44,5.38,1.56,4.71,2.05,5.09,1.51,1,malabarista
maldad,evil,1.3,0.88,7.77,1.51,3.52,2.23,2.5,1.3,4.55,2.04,5.9,1.07,1,maldad
maldición,curse,1.86,1.21,6.85,1.98,3.52,1.78,2.0,1.2,4.0,2.31,5.25,1.86,1,maldicion
maldito,damn,2.09,1.11,7.15,1.57,3.23,1.63,2.75,1.74,3.32,2.17,5.1,1.73,3,maldito
maleficio,hex,2.05,1.28,6.32,1.89,3.23,1.88,2.36,1.79,2.78,2.17,3.76,1.89,1,maleficio
maleta,suitcase,5.3,1.81,5.15,2.01,5.43,1.4,6.86,0.35,6.05,1.76,6.7,0.8,1,maleta
maletero,trunk,4.52,1.03,4.25,1.62,6.4,1.1,6.52,0.87,6.09,1.27,6.36,1.0,1,maletero
malo,bad,2.75,1.41,5.9,1.71,2.6,1.9,3.25,1.59,4.85,1.98,6.59,0.73,3,malo
maltrato,abuse,1.68,0.99,7.86,1.08,4.7,1.26,5.48,1.93,6.0,1.2,5.0,1.95,1,maltrato
malvado,evil,3.18,1.62,7.0,1.66,3.8,1.58,3.7,1.53,3.85,2.01,5.55,1.36,1,malvado
manejo,handling,4.77,0.97,4.18,1.53,2.91,1.56,2.57,1.67,2.36,1.56,4.43,1.63,1,manejo
manga,manga,5.55,1.44,3.73,1.75,5.41,1.37,6.18,0.96,5.1,2.31,6.36,1.29,1,manga
mango,mango,5.15,0.81,3.23,1.74,5.33,1.96,6.09,1.19,4.25,2.38,5.0,1.75,1,mango
maníaco,maniac,2.75,1.52,7.1,1.29,4.39,1.8,3.22,2.02,4.05,1.86,4.64,2.06,1,maniaco
manicomio,madhouse,2.09,1.19,7.05,1.36,6.45,1.28,5.5,1.93,5.91,1.44,5.19,1.47,1,manicomio
manta,blanket,5.95,1.1,2.35,1.42,5.48,1.44,6.95,0.21,5.86,1.61,6.65,0.59,1,manta
mantel,tablecloth,5.22,0.67,4.0,2.03,6.55,0.83,6.55,0.89,6.05,1.4,6.61,0.94,1,mantel
manto,mantle,5.05,0.92,2.9,1.71,4.3,1.49,5.14,1.39,2.3,1.59,4.65,2.25,1,manto
manual,manual,5.19,0.51,3.62,1.83,4.45,1.57,5.7,1.82,5.6,1.88,5.91,1.38,1,manual
manuscrito,manuscript,5.71,1.37,3.86,1.85,5.62,1.53,5.91,1.38,3.65,2.46,4.91,1.9,1,manuscrito
manzana,apple,5.95,1.09,3.4,1.67,6.77,0.53,6.95,0.21,6.4,1.27,6.81,0.4,1,manzana
maquillaje,make up,5.75,1.78,4.74,2.22,4.73,1.98,6.14,1.65,5.71,1.52,5.7,2.03,1,maquillaje
máquina,machine,4.8,0.77,4.35,2.13,3.05,1.7,6.26,0.81,5.32,1.76,6.05,1.66,1,maquina
maquinilla,razor,4.59,1.01,4.9,1.17,5.15,1.81,5.62,1.43,5.73,1.2,5.87,1.1,1,maquinilla
maravilla,blast,7.68,0.95,5.65,2.03,2.67,1.43,2.6,1.47,4.4,1.9,5.68,1.21,1,maravilla
marca,brand,5.33,1.15,4.1,2.1,3.1,1.61,4.4,1.79,5.4,2.11,6.32,0.89,1,marca
marco,frame,4.9,1.04,3.36,1.79,4.05,1.7,6.27,1.28,5.1,2.38,5.91,1.27,1,marco
margen,margin,4.71,1.1,4.1,1.89,4.81,2.09,5.73,1.55,4.05,2.54,5.81,1.08,1,margen
marginación,marginalization,1.38,0.58,6.14,2.65,3.62,1.47,3.4,1.6,5.15,1.87,4.76,1.76,1,marginacion
marido,husband,6.04,1.51,5.4,2.64,5.86,1.46,3.9,2.47,5.36,1.99,6.17,1.07,1,marido
marqués,marquis,4.82,0.91,3.86,1.46,5.23,1.38,4.77,1.85,2.91,2.22,3.57,1.57,1,marques
martillo,hammer,4.9,1.21,5.5,2.01,6.55,0.89,6.95,0.21,6.27,1.39,5.85,1.5,1,martillo
martirio,martyrdom,2.19,1.29,6.15,1.84,2.45,1.5,2.0,1.21,2.36,1.56,3.82,1.53,1,martirio
masacre,slaughter,1.55,1.71,7.59,1.05,4.5,1.76,4.7,1.49,5.3,1.75,4.67,1.71,1,masacre
masaje,massage,8.25,0.99,2.57,2.58,5.55,1.32,6.48,0.75,6.3,1.3,6.19,0.87,1,masaje
masajista,massage,6.89,1.31,3.48,2.31,5.68,1.39,5.38,1.63,4.9,1.79,4.8,1.82,1,masajista
máscara,mask,4.93,1.54,5.0,2.34,4.09,2.09,6.33,1.06,4.62,1.99,5.85,1.6,1,mascara
masturbación,masturbation,4.78,2.0,5.82,2.52,5.5,1.7,5.5,1.37,6.09,1.27,5.85,1.42,1,masturbacion
mate,matt,4.91,1.19,4.25,2.12,4.86,1.73,4.3,2.11,3.35,2.28,4.0,1.95,1,mate
matemático,mathematician,5.86,1.58,3.85,2.21,5.7,1.45,4.55,2.16,5.0,2.13,5.57,1.4,3,matematico
materia,matter,5.05,0.67,4.35,2.32,2.55,1.73,2.95,1.96,2.55,1.22,5.48,1.91,1,materia
maternidad,motherhood,7.96,1.33,6.43,2.71,5.67,1.35,5.52,1.5,6.05,1.19,4.75,2.0,1,maternidad
matrimonio,marriage,6.61,2.06,4.86,2.75,5.36,1.73,5.05,1.4,6.36,0.95,6.5,0.91,1,matrimonio
mecánica,mechanics,4.75,1.29,4.6,1.82,3.86,1.24,3.32,1.73,4.73,2.25,4.7,1.98,1,mecanica
mecanismo,mechanism,4.45,1.1,4.3,1.87,2.5,1.5,3.77,2.07,3.04,1.83,4.95,1.99,1,mecanismo
mechero,lighter,5.3,1.11,4.65,2.18,6.95,0.21,6.95,0.21,6.41,0.73,6.57,0.98,1,mechero
mechón,tuft,4.58,0.9,4.2,1.44,5.71,1.45,6.45,0.89,5.23,1.97,5.7,1.38,1,mechon
medalla,medal,7.14,0.97,5.65,2.44,5.36,1.65,6.9,0.3,4.57,1.96,5.36,1.73,1,medalla
media,average,5.38,0.8,3.64,1.68,3.95,1.93,4.05,2.19,4.09,2.16,5.75,1.97,1,media
medusa,jellyfish,3.73,1.58,5.73,1.96,6.38,1.36,6.9,0.31,6.43,0.95,4.19,1.25,1,medusa
melena,mane,6.19,1.36,4.0,1.97,5.05,1.75,6.65,0.75,6.14,1.17,6.5,0.96,1,melena
mensaje,message,5.96,1.37,5.29,1.68,5.14,1.7,4.0,2.02,6.15,1.46,6.52,0.81,1,mensaje
mensajero,messenger,5.39,0.99,3.91,1.82,5.68,0.95,5.5,1.4,5.27,1.86,5.15,1.9,1,mensajero
menstruación,menstruation,2.55,1.54,6.36,2.4,6.55,0.91,6.0,1.41,6.26,1.51,6.19,1.12,1,menstruacion
mente,mind,5.22,1.04,4.8,1.7,3.43,1.94,3.25,1.74,4.14,2.21,6.38,0.92,1,mente
mentiroso,liar,1.91,0.97,6.57,1.95,4.68,1.73,2.38,1.75,4.83,1.7,6.43,0.81,3,mentiroso
mentón,chin,5.09,0.92,4.14,1.46,6.5,0.91,5.86,1.46,4.0,2.35,4.4,1.9,1,menton
mercado,market,5.0,1.21,5.14,2.05,4.14,2.1,6.24,1.45,5.55,1.71,5.9,1.34,1,mercado
merienda,snack,6.95,1.13,4.1,2.51,5.45,1.68,5.82,1.37,6.18,1.01,6.82,0.39,1,merienda
mérito,merit,7.46,1.5,6.24,2.39,3.15,1.95,2.5,1.36,4.6,1.88,6.05,1.39,1,merito
mero,mere,4.95,1.5,3.9,1.59,4.35,2.32,3.6,2.33,3.25,2.51,2.6,1.85,3,mero
mesa,table,5.18,0.73,3.6,1.79,6.35,1.18,7.0,0.0,6.55,1.06,6.91,0.29,1,mesa
método,method,5.0,0.53,3.86,1.61,2.25,1.37,1.5,0.74,4.0,1.95,5.9,1.52,1,metodo
metro,underground,4.67,1.02,3.85,2.37,4.5,1.71,6.65,0.75,6.05,1.82,5.5,1.5,1,metro
mezquita,mosque,4.17,1.23,4.6,2.52,6.38,1.02,6.09,1.28,4.73,2.31,3.85,2.25,1,mezquita
micrófono,microphone,5.36,1.22,5.7,2.03,6.55,1.0,6.91,0.29,5.5,2.04,5.8,1.67,1,microfono
microscopio,microscope,5.0,0.56,3.5,1.82,6.95,0.21,6.83,0.39,5.26,2.2,5.25,1.77,1,microscopio
miedo,fear,2.7,1.38,6.91,2.14,4.14,2.12,2.75,1.68,5.04,1.85,6.0,1.65,1,miedo
miedoso,scary,3.1,1.29,6.71,1.79,4.67,1.8,2.8,1.96,4.87,1.77,5.52,1.72,1,miedoso
miel,honey,5.76,0.83,3.24,1.87,6.65,0.59,6.68,0.57,5.45,1.92,6.33,1.15,1,miel
miembro,member,5.1,1.09,4.59,2.11,3.68,2.01,3.64,2.04,4.55,1.76,5.33,1.49,1,miembro
militar,military,3.71,1.61,5.78,1.81,4.55,1.95,6.38,0.86,5.14,1.96,5.35,1.69,1,militar
millonaria,millionaire,6.93,1.54,6.04,2.36,4.45,1.97,3.95,1.99,4.62,2.16,4.95,2.04,1,millonaria
mimo,mime,6.71,1.38,3.0,2.07,5.52,1.36,5.76,1.58,4.9,2.59,5.1,1.58,1,mimo
mina,mine,3.55,1.44,5.86,2.27,5.29,1.62,6.09,1.27,4.45,2.52,4.82,1.53,1,mina
minifalda,miniskirt,5.75,1.16,4.75,1.71,6.0,0.89,6.48,1.17,5.09,2.14,5.82,1.26,1,minifalda
ministra,minister,3.92,1.79,5.6,1.82,5.43,1.47,4.4,1.98,4.45,2.2,5.48,1.72,1,ministra
misil,missile,2.7,1.38,7.1,1.45,6.23,0.75,5.85,1.31,4.09,2.15,4.48,1.72,1,misil
misterio,mystery,5.32,1.49,6.6,2.3,3.14,1.73,1.95,1.36,3.91,2.0,5.33,1.49,1,misterio
mochila,backpack,5.35,0.71,3.95,1.73,6.45,0.6,6.86,0.35,6.64,0.66,6.82,0.39,1,mochila
moco,mucus,3.77,1.57,4.8,1.79,6.05,1.12,6.6,0.99,6.0,1.35,6.52,0.81,1,moco
modista,dressmaker,6.04,1.26,3.91,1.68,5.82,1.18,5.33,1.65,4.76,1.76,3.95,1.69,1,modista
modular,modular,4.85,0.37,3.95,1.62,2.45,1.39,2.0,1.67,1.95,1.28,3.24,2.0,1,modular
molde,mold,5.25,1.07,3.68,1.76,3.85,1.84,6.24,0.83,6.05,1.17,5.14,1.53,1,molde
molino,mill,5.0,0.97,3.38,1.86,6.05,1.47,6.68,0.57,4.91,2.09,5.24,1.7,1,molino
mona,mona,5.9,1.07,4.15,2.37,5.33,1.49,6.5,0.96,5.55,1.5,5.5,1.7,1,mona
monarquía,monarchy,3.36,1.71,5.05,2.42,5.73,1.7,3.68,2.17,3.95,2.13,5.4,1.76,1,monarquia
monasterio,monastery,4.2,1.4,3.1,2.13,5.62,1.4,6.26,1.14,4.67,2.14,4.05,2.01,1,monasterio
monitor,monitor,5.36,1.36,3.95,1.5,5.23,1.45,6.1,1.29,6.2,1.15,6.09,1.19,1,monitor
monje,monk,4.5,1.57,4.14,1.83,6.3,0.73,5.91,1.27,5.14,1.98,5.41,1.3,1,monje
montaje,assembly,4.96,1.04,5.52,1.99,3.15,1.46,3.45,2.2,4.1,2.34,4.6,1.93,1,montaje
montón,heap,5.18,0.96,4.0,1.95,2.5,1.68,4.0,1.88,4.23,1.95,6.05,1.53,1,monton
monumento,monument,5.86,1.25,4.1,1.77,4.45,1.54,5.95,1.02,5.18,2.02,5.7,1.34,1,monumento
moño,bun,5.8,1.36,3.95,1.7,5.33,1.88,6.64,0.79,5.41,1.92,6.05,1.73,1,mono
mora,arrears,5.3,1.08,4.05,1.56,5.43,1.99,6.68,0.72,5.05,2.33,5.86,1.77,1,mora
mordisco,bite,4.45,2.06,6.95,1.23,5.75,1.33,5.9,1.37,5.82,1.47,6.18,1.1,1,mordisco
morena,brunette,5.85,1.42,4.25,2.24,4.6,1.88,5.57,1.33,6.05,1.96,6.43,1.12,1,morena
moribundo,dying,1.64,0.85,5.6,2.3,5.32,1.46,5.5,1.41,5.17,2.12,4.81,1.78,1,moribundo
motivo,reason,5.48,1.27,4.86,1.67,2.25,1.52,1.61,0.94,2.73,1.93,6.55,0.94,1,motivo
moto,bike,5.31,1.52,6.15,1.84,6.29,1.01,6.85,0.49,6.09,1.51,6.65,0.59,1,moto
motosierra,chainsaw,3.86,1.7,6.55,1.97,6.85,0.37,6.55,0.94,5.25,2.1,5.38,1.77,1,motosierra
móvil,mobile,6.62,1.56,5.64,1.87,6.23,1.02,6.57,1.33,6.8,0.7,7.0,0.0,1,movil
movimiento,movement,5.32,1.36,5.5,1.96,3.85,1.73,4.62,1.53,4.75,2.19,6.7,0.66,1,movimiento
muelle,spring,5.45,0.74,3.1,1.83,5.1,1.89,6.09,1.41,4.7,2.41,5.45,1.74,1,muelle
muestra,sample,5.33,0.8,4.1,1.45,2.32,1.43,3.57,1.89,4.09,2.2,5.5,1.73,1,muestra
municipio,municipality,4.86,0.91,3.65,1.66,5.24,1.73,4.27,1.72,4.73,1.88,5.14,1.67,1,municipio
muñeca,wrist,5.57,1.25,3.59,1.59,5.52,1.86,6.68,0.78,5.7,2.15,6.33,1.24,1,muneca
muñeco,doll,5.48,1.04,3.9,1.77,4.67,1.77,6.75,0.72,6.05,1.4,5.67,1.2,1,muneco
músculo,muscle,5.6,1.35,4.77,2.11,5.48,1.47,5.64,1.4,5.68,1.55,6.59,0.73,1,musculo
musculoso,muscular,5.86,0.91,4.95,1.91,5.5,1.47,6.38,0.8,6.05,1.29,5.35,1.35,1,musculoso
mutilación,mutilation,1.32,0.78,7.6,2.3,4.25,1.77,3.65,2.18,3.61,2.23,4.45,2.01,1,mutilacion
mutilado,maimed,1.41,0.59,7.5,1.93,5.23,1.74,5.48,1.73,3.59,2.26,4.23,2.07,1,mutilado
nacimiento,birth,8.65,0.67,5.91,2.47,4.15,2.13,5.85,1.35,6.39,1.03,6.35,0.99,1,nacimiento
nación,nation,5.32,1.62,5.35,1.93,4.05,2.01,4.45,1.67,4.5,2.06,5.1,1.52,1,nacion
nadadora,swimmer,6.25,1.37,3.8,2.09,6.14,0.91,6.48,0.81,5.95,1.84,5.62,1.32,1,nadadora
nariz,nose,4.9,1.07,3.23,1.63,6.45,1.18,6.9,0.45,6.14,1.64,6.86,0.36,1,nariz
naufragio,shipwreck,2.0,1.11,6.4,2.04,5.55,1.76,5.52,1.25,4.21,2.17,4.36,1.94,1,naufragio
náusea,nausea,2.13,1.15,6.19,2.09,4.77,1.82,4.71,1.52,5.0,2.18,5.0,1.55,1,nausea
navaja,knife,2.35,1.5,7.41,2.17,6.45,1.0,6.43,0.81,4.7,2.4,4.68,1.78,1,navaja
navajero,navajero,2.85,1.83,6.9,1.92,5.95,1.02,3.65,2.18,2.73,1.98,3.32,1.84,1,navajero
navidad,Christmas,6.2,1.82,5.05,2.77,4.8,2.33,5.7,1.42,6.55,1.0,6.3,0.98,1,navidad
necesitar,need,5.0,1.75,5.95,1.7,2.67,1.68,2.1,1.02,4.92,2.22,6.45,0.76,2,necesitar
negro,black,4.95,1.17,3.86,1.77,6.29,0.96,6.67,0.73,5.05,2.61,6.43,1.21,3,negro
nervio,nerve,4.42,1.77,7.43,1.8,4.05,1.85,4.29,1.85,4.5,2.24,5.65,1.39,1,nervio
neurótico,neurotic,3.59,1.1,6.55,1.67,4.74,1.63,2.7,1.55,3.64,2.06,5.45,1.5,1,neurotico
niebla,fog,4.59,1.68,4.0,2.1,5.73,1.35,6.41,0.67,4.5,2.13,6.09,1.38,1,niebla
nieta,granddaughter,6.73,1.69,3.6,1.82,6.48,1.03,3.65,2.08,5.23,1.8,6.04,1.49,1,nieta
niña,girl,6.64,1.19,4.0,2.04,5.23,1.74,6.9,0.3,6.43,1.21,6.77,0.87,1,nina
niño,child,7.05,1.28,5.3,2.23,5.85,1.27,6.8,0.41,6.5,1.05,6.71,0.64,1,nino
nitrógeno,nitrogen,5.04,1.15,4.45,2.24,4.65,2.08,2.91,2.13,3.5,2.3,4.23,1.95,1,nitrogeno
noción,notion,5.41,0.73,3.4,1.82,2.9,1.65,1.2,0.41,2.65,1.92,4.82,1.92,1,nocion
novedad,novelty,6.95,1.25,6.45,2.06,2.65,1.42,2.32,1.36,5.14,1.91,5.65,1.63,1,novedad
novio,boyfriend,6.55,1.67,6.09,2.56,6.14,0.73,5.23,2.02,6.41,0.96,6.64,0.79,1,novio
obispo,bishop,3.32,1.62,3.9,2.51,6.65,0.59,5.64,1.53,4.09,2.27,5.32,1.84,1,obispo
objeto,object,4.95,0.69,3.62,1.72,1.73,1.75,4.0,2.27,3.86,1.52,6.39,1.47,1,objeto
obsesión,obsession,2.75,1.89,6.36,1.65,2.36,1.4,2.7,1.3,4.3,2.18,6.0,1.23,1,obsesion
olvido,forgot,2.35,1.27,5.3,2.64,2.6,1.7,2.4,1.27,3.45,1.77,5.55,1.54,1,olvido
ombligo,belly button,5.23,1.07,3.1,1.83,6.55,1.01,6.86,0.35,5.5,2.04,6.36,1.05,1,ombligo
opio,opium,3.88,1.87,4.05,2.01,5.29,2.05,3.24,2.1,2.65,2.43,3.38,1.32,1,opio
oportunidad,opportunity,7.9,1.14,4.82,1.99,3.4,2.09,3.24,2.0,4.59,2.11,6.45,1.15,1,oportunidad
oposición,opposition,4.43,1.62,6.23,2.05,3.65,1.73,2.78,1.57,4.36,1.99,5.7,1.66,1,oposicion
optimismo,optimism,7.83,0.94,4.6,3.08,3.05,1.94,2.8,1.58,3.91,1.87,6.2,1.01,1,optimismo
oración,prayer,4.33,1.28,3.45,1.7,3.24,1.79,3.45,1.57,4.64,2.24,5.67,1.39,1,oracion
orfanato,orphanage,1.73,0.83,6.1,2.1,6.1,1.55,5.4,1.85,5.04,2.08,4.52,1.97,1,orfanato
órgano,organ,4.91,0.87,5.6,1.73,4.62,1.99,5.68,1.32,5.0,1.92,5.62,1.47,1,organo
orgasmo,orgasm,8.15,1.27,7.36,2.44,5.0,1.95,4.0,2.29,6.14,1.52,6.23,1.23,1,orgasmo
otoño,autumn,5.19,1.86,3.4,2.11,4.95,2.11,6.19,0.98,6.59,0.67,6.35,1.39,1,otono
paciente,patient,4.95,1.53,4.0,1.93,5.1,1.51,5.0,1.8,5.7,1.38,5.81,0.93,1,paciente
pacto,pact,5.63,1.38,5.43,1.4,2.55,1.36,3.05,1.79,4.9,2.02,5.6,1.64,1,pacto
página,page,5.15,0.99,3.68,1.99,5.71,1.62,6.23,0.97,5.65,1.82,6.68,0.89,1,pagina
pala,shovel,4.38,1.02,3.5,1.64,5.19,1.63,6.5,1.24,4.95,2.19,5.18,1.79,1,pala
palma,palm,5.0,0.56,3.86,1.67,4.55,1.92,5.85,1.39,5.75,1.55,5.67,1.2,1,palma
pamela,pamela,5.7,1.34,4.35,1.95,5.0,1.95,6.05,0.92,4.05,2.32,4.29,2.03,1,pamela
panadera,baker,5.93,1.15,3.83,2.01,5.91,1.31,6.38,0.8,5.95,1.56,5.9,1.48,1,panadera
pánico,panic,2.2,0.89,7.35,1.6,3.05,1.56,3.9,1.89,5.32,1.52,5.14,1.75,1,panico
pantano,swamp,5.32,1.49,4.7,2.3,5.86,1.08,5.95,1.17,5.59,1.68,5.59,1.44,1,pantano
pañuelo,handkerchief,4.26,0.96,3.95,2.19,6.3,1.03,6.82,0.39,6.14,1.42,6.33,1.2,1,panuelo
papa,Pope,7.0,2.05,4.5,1.92,5.4,1.82,6.43,1.12,6.05,1.73,6.5,0.8,1,papa
papel,paper,5.32,0.95,3.73,1.55,5.15,2.01,6.91,0.29,6.55,1.1,6.4,1.31,1,papel
paracaídas,parachute,6.65,1.6,6.86,2.47,6.9,0.3,6.73,0.55,4.91,2.54,5.43,1.78,1,paracaidas
paraguas,umbrella,3.15,1.63,5.3,1.87,6.29,1.01,7.0,0.0,6.64,0.66,6.5,0.89,1,paraguas
pared,wall,4.77,0.61,3.45,1.76,6.32,0.95,6.55,1.0,6.0,1.54,6.52,1.17,1,pared
parque,park,7.18,1.16,3.35,2.37,4.55,1.82,6.81,0.68,6.19,1.17,6.76,0.54,1,parque
párrafo,paragraph,4.8,0.52,4.05,1.47,5.41,1.4,5.75,1.68,4.59,1.94,6.23,1.11,1,parrafo
partera,midwife,4.85,1.42,6.0,2.08,4.9,1.64,2.64,1.89,2.68,1.73,2.74,1.68,1,partera
parto,delivery,7.39,2.15,7.64,1.29,5.45,1.77,6.05,1.24,6.23,1.54,4.85,2.08,1,parto
pasado,past,5.5,2.22,5.3,2.03,2.6,1.76,3.15,1.87,5.86,1.46,6.14,1.73,3,pasado
pase,pass,4.9,1.04,3.75,1.68,3.1,1.52,4.83,2.19,4.05,2.14,4.85,1.84,1,pase
pasillo,aisle,4.7,1.03,3.77,1.69,5.7,1.26,6.32,0.89,4.36,2.11,6.1,1.26,1,pasillo
pasión,passion,7.96,0.98,6.7,3.03,2.95,1.85,4.05,1.79,5.86,1.55,6.55,1.19,1,pasion
pasividad,passivity,3.8,1.4,3.27,2.12,2.85,1.6,2.22,1.41,3.74,2.4,5.0,1.56,1,pasividad
pasta,pasta,5.95,1.25,4.82,1.89,3.7,1.72,6.59,0.67,6.3,1.56,6.9,0.3,1,pasta
pastor,pastor,5.1,0.85,3.36,1.56,6.09,1.23,6.45,0.76,4.8,2.44,5.73,1.49,1,pastor
pata,leg,4.9,0.54,3.3,1.89,5.09,1.87,6.6,0.75,5.3,2.32,5.91,1.44,1,pata
patente,patent,5.14,0.91,4.27,1.7,3.95,1.76,1.83,0.94,2.86,1.75,3.95,1.5,1,patente
patinadora,skater,6.12,1.45,4.7,2.05,6.19,0.93,5.85,1.6,5.68,1.62,5.05,1.86,1,patinadora
patrón,pattern,4.7,0.86,4.18,1.5,3.62,1.88,3.95,2.34,3.8,1.99,4.5,1.64,1,patron
patronato,patronage,4.8,0.52,3.45,1.74,4.43,1.9,2.87,2.28,2.32,1.89,2.1,1.58,1,patronato
pausa,pause,5.29,1.38,2.35,1.42,4.14,2.23,2.74,1.63,4.95,2.52,5.55,1.37,1,pausa
pausado,paused,4.86,1.25,2.68,1.52,3.95,1.54,2.48,1.91,3.36,2.08,4.77,1.77,1,pausado
pavimento,pavement,4.68,0.84,3.75,1.65,5.0,1.48,5.05,1.86,3.0,2.02,4.3,2.13,1,pavimento
peca,sins,5.45,1.7,3.25,1.71,5.29,2.12,6.05,1.17,5.45,1.84,5.14,1.68,1,peca
pecado,sin,4.08,1.89,4.81,2.58,3.77,1.6,2.18,1.74,4.0,2.47,5.3,1.34,1,pecado
pecar,to sin,3.27,1.58,6.45,1.99,4.05,1.86,2.04,1.58,4.32,1.94,5.15,1.63,2,pecar
pedazo,piece,4.9,1.18,4.05,2.01,3.45,1.95,4.43,1.99,4.09,1.93,5.64,0.85,1,pedazo
pediatra,pediatrician,5.77,1.61,3.6,1.96,6.48,0.81,5.4,1.79,5.64,1.53,5.05,2.19,1,pediatra
pedófilo,pedophile,1.14,0.35,8.0,0.86,5.5,1.71,3.1,2.29,3.52,2.43,4.05,2.27,1,pedofilo
peinado,hairstyle,6.45,1.23,3.75,1.97,3.71,1.65,6.05,1.4,6.23,1.41,6.59,0.96,1,peinado
peligro,danger,2.5,1.19,7.36,1.65,2.9,2.13,3.33,1.28,5.14,1.67,6.0,1.62,1,peligro
pelota,ball,6.04,1.46,4.15,2.56,5.91,1.51,7.0,0.0,6.55,0.91,6.38,0.92,1,pelota
peluca,wig,4.68,1.25,3.87,2.22,6.36,0.58,6.71,0.72,4.62,2.2,5.4,1.79,1,peluca
peluquera,hairdresser,5.6,0.99,4.15,1.95,6.29,0.85,6.43,1.25,6.5,0.91,6.48,1.21,1,peluquera
peluquero,hairdresser,5.55,1.05,4.45,2.11,6.14,1.01,6.52,1.12,6.32,1.36,6.1,1.34,1,peluquero
pendiente,slope,5.33,1.11,4.45,1.96,4.95,2.01,6.45,1.01,6.2,1.11,5.86,1.73,1,pendiente
pene,penis,5.77,1.48,6.6,1.96,6.82,0.39,6.87,0.34,5.95,1.43,6.43,1.21,1,pene
penetración,penetration,5.95,1.99,7.55,1.43,4.8,1.82,4.82,2.34,6.18,1.47,6.38,0.8,1,penetracion
pensión,pension,4.85,1.5,4.3,1.69,4.1,1.37,4.35,1.63,3.5,2.18,5.68,1.59,1,pension
perdición,perdition,2.74,1.29,5.91,2.37,2.86,1.36,2.23,1.97,3.95,2.4,4.52,1.44,1,perdicion
pérdida,loss,1.55,0.96,7.8,1.15,2.4,1.73,3.09,2.0,5.75,1.54,6.25,1.52,1,perdida
perdido,lost,2.7,1.3,6.29,1.79,3.6,1.35,2.8,1.58,4.8,1.47,6.05,1.09,3,perdido
perezoso,lazy,4.6,1.23,2.24,1.37,5.17,1.59,4.83,1.8,5.0,1.77,6.33,0.73,1,perezoso
perfil,profile,5.19,0.51,4.5,1.6,3.48,1.4,4.0,1.83,5.5,2.12,6.05,1.46,1,perfil
periódico,newspaper,5.61,1.1,4.04,2.03,5.32,1.91,6.9,0.3,6.24,0.94,6.65,0.78,3,periodico
persecución,persecution,2.73,1.49,7.25,2.4,4.05,1.82,4.8,1.91,4.74,2.16,4.35,2.35,1,persecucion
perversión,perversion,2.55,1.63,7.95,1.15,3.71,1.62,2.8,1.24,3.67,1.95,3.85,1.79,1,perversion
pervertido,perverted,2.23,2.07,6.95,1.32,5.04,1.64,4.17,2.23,4.45,2.22,5.55,1.53,1,pervertido
pesadilla,nightmare,2.09,1.02,7.05,1.54,4.38,1.69,3.57,1.47,5.27,1.75,6.18,1.18,1,pesadilla
pesimismo,pessimism,2.09,1.04,7.3,1.34,4.36,1.84,2.43,1.47,3.5,1.85,5.64,1.26,1,pesimismo
pesimista,pessimistic,2.23,0.91,4.95,2.54,4.76,2.23,2.55,1.82,3.23,2.14,5.65,1.92,1,pesimista
petróleo,oil,3.77,1.66,4.75,2.17,6.45,0.74,5.75,1.48,5.09,1.95,5.75,1.52,1,petroleo
picaresca,picaresque,5.73,1.28,5.5,2.01,3.45,1.97,2.22,1.38,2.73,1.83,3.64,1.94,1,picaresca
pie,foot,4.9,0.62,3.81,1.78,6.27,1.35,6.86,0.47,6.27,1.45,6.55,0.76,1,pie
pieza,piece,4.85,0.49,3.86,1.82,4.09,2.2,4.95,1.81,5.05,2.06,5.55,1.96,1,pieza
pila,stack,4.9,0.94,4.27,2.07,5.33,2.13,6.55,1.28,5.15,2.03,5.95,1.36,1,pila
piloto,pilot,5.35,1.35,5.95,2.09,5.19,1.4,6.2,1.2,6.0,1.35,5.95,1.33,1,piloto
pincel,brush,5.5,1.37,3.6,1.73,6.19,1.25,6.86,0.47,5.38,2.32,5.33,1.53,1,pincel
pinchazo,puncture,2.95,1.13,6.73,1.52,4.83,1.85,5.83,1.53,5.86,1.55,5.91,1.48,1,pinchazo
pino,pine,5.77,1.41,2.65,1.79,6.09,1.41,6.1,1.48,5.25,2.38,5.62,1.4,1,pino
pinta,pint,5.05,1.2,3.68,1.99,3.32,1.59,3.23,2.39,4.65,2.41,4.85,2.18,1,pinta
pintora,painter,6.55,1.19,2.85,1.57,5.29,1.1,6.18,1.3,4.91,1.82,5.35,2.13,1,pintora
pipa,pipe,5.14,0.89,3.75,1.62,5.41,1.79,6.57,0.95,4.55,2.01,5.7,1.61,1,pipa
pirata,pirate,4.69,1.89,5.9,2.02,5.48,1.4,6.4,1.23,4.86,1.93,5.33,1.91,1,pirata
pirómano,arsonist,1.85,1.23,7.4,1.14,5.86,1.15,4.55,2.14,4.7,2.03,5.09,1.72,1,piromano
pista,track,5.0,1.22,4.1,1.92,2.9,2.05,4.2,2.19,4.85,2.46,5.52,1.54,1,pista
placer,pleasure,8.39,0.99,6.05,3.3,2.85,2.03,4.76,2.0,6.23,1.19,6.55,0.89,1,placer
placidez,placidity,6.87,1.32,4.32,3.17,3.68,1.89,2.32,1.7,3.23,2.02,3.48,1.69,1,placidez
plan,plan,5.73,1.42,6.0,1.38,3.14,1.88,2.65,1.61,3.83,2.04,6.0,1.18,1,plan
plano,plane,4.85,0.75,3.23,1.51,4.24,2.07,4.95,1.66,4.5,2.02,5.62,1.16,3,plano
plástico,plastic,4.45,1.06,3.85,1.79,4.9,1.83,5.65,1.42,4.71,2.26,6.43,0.87,3,plastico
plato,plate,5.55,0.86,3.36,1.89,5.09,2.09,6.96,0.21,6.05,1.73,6.75,0.72,1,plato
pluma,pen,5.95,1.32,2.05,1.32,4.81,1.89,6.86,0.35,5.14,2.12,5.3,1.95,1,pluma
pobreza,poverty,1.48,0.59,7.35,1.66,3.7,1.98,3.64,1.79,6.14,0.99,6.5,1.0,1,pobreza
poderío,power,5.27,1.91,6.0,2.05,2.36,1.22,2.13,1.06,3.79,2.06,4.35,1.97,1,poderio
poetisa,poet,6.12,1.7,3.35,2.21,6.05,1.12,2.75,2.02,3.36,2.22,4.36,1.89,1,poetisa
polo,pole,5.27,0.94,4.0,1.95,4.64,1.76,6.1,1.34,5.0,1.97,5.1,1.68,1,polo
pompa,pomp,5.91,1.02,4.32,1.89,5.14,1.74,6.41,1.37,4.95,2.14,3.65,2.28,1,pompa
porción,portion,5.27,0.77,3.95,1.61,3.29,1.65,5.55,1.43,4.7,2.05,4.32,1.64,1,porcion
pornografía,pornography,3.48,2.17,6.32,2.3,4.85,1.79,6.29,1.01,5.55,1.82,5.77,1.63,1,pornografia
portería,goal,4.9,1.26,3.55,1.79,5.41,1.62,6.52,0.95,5.41,2.04,5.71,1.93,1,porteria
portero,goalie,5.09,0.61,3.6,1.96,5.5,1.14,6.41,0.73,5.8,1.28,6.05,1.46,3,portero
pórtico,porch,5.42,1.45,3.5,2.04,5.62,1.4,5.4,1.64,3.27,2.12,2.5,1.6,1,portico
posadera,innkeeper,4.95,1.36,4.2,1.7,4.0,1.92,4.18,2.08,2.91,2.2,2.91,1.72,1,posadera
posición,position,5.2,0.7,3.86,1.64,2.25,1.74,2.09,1.15,4.22,2.3,6.25,1.55,1,posicion
pozo,pit,4.22,1.38,5.55,2.56,6.45,0.69,6.85,0.49,5.77,1.74,5.48,1.78,1,pozo
precipicio,cliff,3.14,1.59,6.45,1.57,5.65,1.35,5.9,1.22,5.27,2.23,4.19,2.16,1,precipicio
pregón,proclamation,4.76,1.34,3.65,2.03,5.13,1.98,5.17,2.08,4.23,2.27,3.57,1.96,1,pregon
premio,prize,7.68,0.94,6.3,2.42,4.23,2.0,4.81,1.89,5.1,2.05,6.27,0.98,1,premio
prensa,press,4.7,1.34,4.18,1.65,4.2,2.07,6.19,1.33,5.75,1.55,6.25,1.25,1,prensa
preocupación,concern,2.21,1.18,7.24,2.21,3.75,2.15,2.81,1.12,4.95,1.88,6.75,0.55,1,preocupacion
presa,dam,3.5,1.3,5.09,2.02,3.91,1.97,5.18,1.74,4.45,2.5,4.52,1.78,1,presa
presentador,presenter,5.7,1.3,5.2,1.74,4.57,1.63,6.0,1.45,5.86,1.55,6.05,1.13,1,presentador
presentadora,presenter,5.31,1.09,4.75,1.83,5.14,1.59,5.7,1.49,6.41,0.96,6.23,1.23,1,presentadora
presente,present,6.87,1.29,5.1,2.53,2.95,1.76,3.19,2.02,4.73,2.0,6.35,1.09,1,presente
preservativo,condom,6.17,1.44,5.36,2.13,6.5,0.95,6.82,0.39,6.36,1.0,5.77,1.6,1,preservativo
presión,pressure,2.85,1.5,6.73,1.16,3.05,1.29,2.48,1.16,3.95,1.96,5.57,1.25,1,presion
prima,"bonus, cousin",6.31,1.35,4.35,1.81,4.62,2.01,4.25,2.22,5.95,1.33,6.64,0.95,1,prima
primo,cousin,5.86,1.77,4.41,1.84,5.2,1.82,5.9,1.55,6.25,1.48,6.62,0.67,3,primo
princesa,princess,6.4,2.06,4.85,2.18,5.48,1.17,6.23,0.97,5.64,1.99,6.04,1.4,1,princesa
prioridad,priority,5.36,1.18,5.2,2.02,2.9,1.86,2.2,1.32,5.27,1.88,6.35,0.88,1,prioridad
prisión,prison,2.24,1.22,6.59,1.14,5.95,1.25,6.1,1.25,5.14,2.05,5.3,1.72,1,prision
prisionero,prisoner,1.95,1.13,5.2,1.96,5.55,1.44,5.95,1.05,5.38,1.97,5.36,1.94,1,prisionero
privación,deprivation,3.52,2.0,6.45,2.39,2.95,1.43,1.59,0.96,2.73,1.91,4.43,1.57,1,privacion
privilegio,privilege,6.5,1.87,5.24,2.39,3.4,2.11,2.27,1.83,4.15,1.98,6.1,1.29,1,privilegio
probabilidad,probability,5.36,0.9,4.73,2.1,2.1,1.22,1.65,1.18,3.91,2.02,5.76,1.04,1,probabilidad
proceso,process,5.65,1.04,4.32,2.21,2.35,1.5,2.38,1.69,3.48,2.21,5.4,1.93,1,proceso
prodigio,prodigy,6.57,1.53,4.59,2.44,3.23,1.54,2.6,1.5,3.45,2.24,4.68,1.76,1,prodigio
producto,product,5.14,1.28,3.85,1.6,3.45,2.16,4.55,2.18,4.86,2.1,5.6,1.79,1,producto
profesora,teacher,6.1,1.21,4.65,2.06,5.05,1.43,6.52,0.81,6.64,0.58,6.95,0.21,1,profesora
programa,program,4.92,1.35,4.7,1.59,2.43,1.16,3.7,2.13,5.27,2.07,6.52,1.31,1,programa
progreso,progress,6.41,1.5,4.3,1.66,3.15,1.66,2.1,1.41,3.3,1.98,5.57,1.43,1,progreso
prohibición,ban,2.71,1.33,6.67,2.27,3.71,2.03,3.23,1.72,5.1,1.77,5.86,1.39,1,prohibicion
propietario,owner,5.38,1.36,4.05,1.65,4.14,1.83,3.14,2.05,4.68,1.7,5.95,1.15,3,propietario
proporción,ratio,4.9,0.97,4.1,1.55,3.24,1.41,2.68,1.81,2.73,1.78,4.68,1.52,1,proporcion
propuesta,proposal,6.09,1.2,4.68,2.12,2.95,1.64,2.25,1.41,4.95,1.7,5.25,1.71,1,propuesta
prosperidad,prosperity,8.04,0.93,4.18,2.08,2.15,1.35,2.35,1.35,3.36,2.22,5.75,1.59,1,prosperidad
protegido,protected,7.59,1.1,2.45,2.35,3.65,1.76,1.9,0.97,4.13,1.91,5.59,1.33,1,protegido
provincia,province,4.95,1.16,4.14,1.42,4.68,1.52,4.5,2.06,4.45,1.95,6.25,1.12,1,provincia
provocación,provocation,4.42,1.82,7.71,1.31,3.05,1.61,3.1,1.37,4.4,1.76,5.82,1.22,1,provocacion
psicóloga,psychologist,8.35,1.04,4.45,2.61,5.38,1.24,5.27,1.72,6.86,0.35,6.59,0.96,1,psicologa
publicidad,advertising,5.35,1.35,4.0,2.18,4.0,1.72,5.71,1.45,6.13,1.52,6.6,0.75,1,publicidad
publicista,publicist,5.5,1.4,5.45,1.39,4.81,1.44,3.85,1.63,3.41,1.92,5.65,1.56,1,publicista
puente,bridge,5.74,1.14,4.6,2.26,5.71,1.79,6.64,0.95,5.82,1.65,6.35,1.09,1,puente
puerta,gate,5.0,0.44,4.41,1.44,6.55,0.6,6.82,0.5,6.59,0.96,6.86,0.35,1,puerta
puerto,port,6.3,1.36,3.65,2.58,5.86,1.82,5.9,1.17,5.91,1.15,6.05,1.23,1,puerto
pulsera,bracelet,5.87,1.1,4.15,1.87,6.65,0.59,6.5,0.91,6.18,1.44,6.62,1.16,1,pulsera
puñal,dagger,2.36,1.4,7.05,1.43,6.18,1.01,6.7,0.47,4.04,2.25,4.91,1.8,1,punal
puño,fist,3.2,1.32,6.55,2.56,6.32,0.78,6.4,1.39,5.3,2.08,5.91,1.34,1,puno
pupila,pupil,5.3,0.92,4.05,1.84,6.55,0.83,6.09,1.48,5.0,2.45,5.43,1.36,1,pupila
pureza,purity,6.74,1.66,3.4,2.76,2.75,1.77,2.57,1.6,2.82,1.84,4.8,1.91,1,pureza
purgatorio,purgatory,3.57,2.06,5.23,2.22,4.41,2.15,2.82,1.59,2.82,2.02,4.04,2.23,1,purgatorio
puro,pure,4.85,2.13,3.55,2.31,4.15,2.54,4.77,2.54,4.35,2.35,5.57,1.9,3,puro
queja,complaint,3.09,1.28,6.36,1.59,3.2,1.99,2.23,1.31,5.55,1.74,5.85,1.98,1,queja
quemadura,burn,2.75,1.07,7.0,1.45,6.22,1.38,6.7,0.63,5.95,1.62,6.05,1.43,1,quemadura
querida,darling,5.5,2.35,4.4,1.96,2.57,1.25,2.95,1.73,3.45,2.15,5.1,1.77,1,querida
querido,dear,8.0,1.06,5.48,2.86,3.29,1.49,2.55,1.99,4.5,2.14,6.55,0.74,3,querido
quiebra,bankruptcy,1.91,1.31,7.0,1.89,3.65,1.73,2.8,2.04,3.96,2.14,4.5,1.79,1,quiebra
quietud,stillness,4.74,1.66,2.55,1.97,3.1,1.68,3.04,1.77,3.27,2.35,5.15,1.63,1,quietud
quimera,chimera,4.4,1.76,4.09,2.18,2.95,2.04,2.1,1.25,2.23,1.97,3.35,1.81,1,quimera
quiosco,kiosk,5.05,0.72,4.35,2.11,6.62,0.92,6.55,0.96,5.67,1.88,6.43,0.84,1,quiosco
rana,frog,5.32,1.39,3.6,1.98,6.6,0.82,6.95,0.22,5.45,1.92,4.95,2.24,1,rana
rapto,rapture,2.85,1.79,6.68,1.59,3.5,1.41,4.14,2.06,3.86,2.32,4.2,2.33,1,rapto
rareza,rarity,4.27,1.39,4.35,1.9,2.5,1.36,1.9,0.91,2.57,1.5,5.19,1.25,1,rareza
rastro,trace,4.45,1.01,4.5,1.63,3.32,1.59,3.68,1.94,4.36,1.92,4.75,1.74,1,rastro
realeza,royalty,4.55,2.09,4.1,2.15,4.6,1.93,4.3,2.45,4.74,1.91,5.09,2.04,1,realeza
realidad,reality,5.57,1.65,5.4,2.35,2.95,1.76,1.82,1.3,3.68,2.03,6.35,1.27,1,realidad
realismo,realism,5.9,1.59,5.14,1.83,2.7,2.05,1.91,1.57,3.57,2.04,5.64,1.53,1,realismo
rebelión,rebellion,4.83,2.01,6.62,2.13,3.95,2.01,3.86,1.88,3.5,2.09,5.14,1.65,1,rebelion
recado,errand,4.9,0.91,4.7,1.59,3.62,1.32,2.45,1.44,5.55,1.5,5.32,1.81,1,recado
rechazo,rejection,1.59,0.73,7.3,2.11,3.09,1.87,2.75,1.68,4.59,2.13,5.19,1.6,1,rechazo
recogedor,picker,4.7,0.57,3.45,1.77,6.25,1.48,5.71,1.95,5.77,1.6,6.17,1.53,1,recogedor
recorte,cut,2.13,1.14,6.18,2.28,3.27,1.35,3.73,2.1,5.86,1.7,6.05,1.29,1,recorte
recreo,recreation,7.6,1.35,5.82,2.15,4.59,1.5,4.14,1.83,6.3,1.29,5.67,1.74,1,recreo
rectángulo,rectangle,5.04,0.55,3.71,1.76,6.05,1.36,6.86,0.35,5.05,2.19,6.3,0.76,1,rectangulo
recuerdo,remember,6.43,2.21,5.95,2.82,2.45,1.57,3.27,2.33,5.36,2.01,6.05,1.28,1,recuerdo
recurso,resource,5.73,1.35,3.65,1.98,2.1,1.25,2.14,1.64,3.79,2.25,6.05,1.43,1,recurso
reflejo,reflection,5.45,1.41,5.05,1.73,3.5,1.61,4.4,1.88,4.54,2.06,6.45,0.94,3,reflejo
reflexión,reflection,5.45,1.84,3.85,2.25,2.73,1.64,2.36,1.87,4.59,1.92,5.86,1.06,1,reflexion
refrigerio,snack,4.85,1.31,5.18,1.76,4.15,1.73,3.38,2.09,3.82,2.04,3.52,1.4,1,refrigerio
refugiada,refugee,2.75,1.55,5.9,2.07,3.52,1.66,4.17,1.64,4.18,2.22,4.05,1.9,1,refugiada
refugiado,refugee,1.73,0.92,5.95,2.28,4.9,1.73,4.25,1.83,4.18,2.08,4.43,1.86,3,refugiado
régimen,regime,3.8,1.24,4.52,1.94,3.04,1.69,4.09,2.19,4.95,2.08,4.9,1.89,1,regimen
regresión,regression,4.43,1.83,4.36,2.38,3.2,1.44,2.05,1.23,2.36,1.65,4.3,1.98,1,regresion
rehén,hostage,2.05,1.24,6.5,1.96,5.1,1.68,4.1,2.1,3.65,2.04,4.5,2.06,1,rehen
reina,queen,4.62,1.81,5.35,2.11,6.0,1.26,5.75,1.68,5.68,1.59,5.55,1.93,1,reina
relación,relationship,7.27,1.72,4.0,2.99,1.8,1.01,3.57,1.63,6.45,0.86,6.7,0.92,1,relacion
relajación,relaxation,8.23,0.75,1.5,0.83,3.86,2.06,3.05,1.56,6.0,1.45,6.05,1.43,1,relajacion
relámpago,lightning,5.41,1.3,5.91,2.31,5.91,1.19,6.55,1.39,6.0,1.35,5.75,1.16,1,relampago
relato,story,6.13,1.36,4.0,2.07,4.05,1.13,4.3,1.38,4.9,1.68,4.76,1.84,1,relato
reloj,clock,5.19,1.36,3.9,2.1,6.65,0.59,6.95,0.21,6.09,1.57,6.73,0.7,1,reloj
repisa,ledge,5.0,0.56,3.86,1.73,5.76,1.48,5.14,1.73,4.14,2.32,4.81,1.81,1,repisa
réplica,reply,4.9,1.18,4.5,1.65,4.25,1.62,2.95,1.68,3.86,2.03,5.8,1.54,1,replica
reportera,reporter,5.7,1.03,5.1,1.55,5.14,1.28,5.95,1.46,5.95,1.25,5.86,1.55,1,reportera
represión,repression,2.26,1.21,6.14,2.42,3.41,1.71,2.55,1.1,3.55,2.26,4.38,1.94,1,represion
repulsión,repulsion,2.26,1.42,6.4,2.26,4.19,1.63,3.33,2.03,2.55,1.53,4.38,1.63,1,repulsion
reputación,reputation,4.73,1.39,5.4,1.9,3.1,2.0,1.55,0.86,3.13,1.7,5.85,1.69,1,reputacion
resaca,hangover,3.09,1.62,4.27,1.8,5.18,1.5,3.91,2.04,6.27,1.12,6.29,1.23,1,resaca
rescate,rescue,6.32,2.12,5.91,1.93,4.8,1.58,4.2,1.79,4.95,1.67,4.62,1.36,1,rescate
reservado,reserved,4.23,1.19,3.73,1.98,3.9,1.89,2.52,1.75,5.41,1.53,5.76,1.18,1,reservado
retórica,rhetoric,5.5,1.19,3.95,2.04,2.7,1.81,1.83,1.15,2.73,1.86,3.9,1.65,1,retorica
retrato,portrait,5.93,1.3,3.87,2.18,5.27,1.8,6.14,1.01,4.57,1.8,5.57,1.63,1,retrato
revelación,revelation,5.64,1.47,6.4,2.16,2.09,1.23,2.52,1.5,4.0,2.18,4.73,1.45,1,revelacion
reverendo,reverend,4.1,1.3,4.15,1.95,5.86,1.13,5.81,1.12,3.73,2.29,3.38,1.72,1,reverendo
reverente,reverent,4.95,1.24,4.29,1.71,3.35,1.5,2.67,1.93,1.36,0.58,2.2,1.32,3,reverente
revés,backwards,4.7,1.03,4.65,1.5,3.0,1.56,3.76,1.89,3.5,2.11,5.14,1.59,1,reves
revivir,to revive,7.05,1.62,6.1,2.55,4.29,2.08,3.67,1.93,3.08,1.79,5.32,1.59,1,revivir
revolución,revolution,5.52,2.19,6.64,1.97,3.45,2.14,4.57,1.75,5.32,1.67,5.6,1.39,1,revolucion
revólver,revolver,2.6,1.54,6.91,2.0,6.45,0.96,6.25,1.29,4.59,2.52,4.86,1.61,1,revolver
rey,king,4.0,1.7,5.35,1.31,5.75,1.48,6.05,1.21,4.95,1.81,6.23,1.19,1,rey
riego,irrigation,4.91,1.11,4.32,1.76,4.74,1.68,5.0,2.07,4.27,2.16,4.68,2.03,1,riego
riesgo,risk,4.96,1.8,7.73,1.45,2.4,1.39,2.35,1.09,4.95,1.91,5.45,1.64,1,riesgo
riña,quarrel,3.05,1.57,6.82,1.87,4.83,1.61,4.96,1.94,3.83,2.44,4.41,1.68,1,rina
risa,laughter,8.62,0.59,6.1,2.69,5.38,1.16,5.7,1.45,6.27,1.08,6.95,0.21,1,risa
rivalidad,rivalry,3.95,1.79,7.15,1.18,3.45,1.7,3.05,2.11,4.35,1.92,5.32,1.46,1,rivalidad
romanticismo,romanticism,7.27,1.39,5.15,3.1,3.38,1.6,3.9,1.77,6.04,1.27,5.73,1.64,1,romanticismo
rompecabezas,puzzle,5.32,1.7,6.05,1.76,5.1,2.13,5.45,1.54,4.59,2.09,4.45,1.88,1,rompecabezas
rotación,rotation,5.09,0.29,5.75,2.38,4.15,1.93,3.35,2.23,3.65,1.97,4.1,2.26,1,rotacion
rotura,breakage,3.08,1.64,6.76,2.32,3.3,1.53,4.86,2.03,4.7,2.08,4.65,1.95,1,rotura
rubio,blond,5.45,0.86,4.23,1.88,5.4,1.47,6.52,0.75,4.91,2.04,6.1,1.45,3,rubio
rueda,wheel,4.86,1.2,3.81,1.72,6.05,0.95,6.64,0.66,6.27,1.39,6.32,1.29,1,rueda
rugido,roar,4.52,1.2,5.55,2.48,4.59,1.37,4.45,2.24,5.41,2.13,5.0,2.07,1,rugido
ruido,noise,3.81,1.66,6.95,1.82,3.77,2.02,3.55,2.33,5.52,1.73,6.76,0.54,1,ruido
ruidoso,noisy,3.59,1.05,6.7,1.87,4.91,1.5,4.78,2.17,5.0,1.8,5.86,1.58,3,ruidoso
ruptura,rupture,1.48,0.59,7.18,1.87,3.0,1.6,3.35,1.98,5.18,2.08,5.86,1.59,1,ruptura
sabiduría,wisdom,7.39,1.2,3.95,2.42,3.35,2.23,2.18,1.18,3.64,2.13,5.25,1.68,1,sabiduria
saciedad,satiety,4.65,2.04,4.0,2.35,3.14,1.73,3.0,1.45,3.27,2.05,4.39,1.99,1,saciedad
sacrificio,sacrifice,4.27,2.16,7.55,1.61,3.5,2.09,3.4,2.54,4.43,2.13,5.1,1.09,1,sacrificio
sádico,sadist,2.45,1.88,7.7,1.42,4.3,1.53,3.85,1.87,3.45,1.79,4.91,1.9,1,sadico
salario,salary,7.85,1.18,6.59,2.28,5.65,1.39,3.65,1.63,6.35,1.27,6.32,1.04,1,salario
salto,jump,5.2,1.2,4.55,2.35,4.68,1.55,5.41,1.47,5.55,2.35,6.41,0.67,1,salto
salud,health,7.09,2.25,4.8,3.16,2.0,1.56,2.55,1.63,5.23,1.66,6.65,0.75,1,salud
salvaje,wild,4.96,2.2,7.43,1.94,3.68,1.55,4.45,1.79,4.7,1.89,5.86,1.13,1,salvaje
sangre,blood,2.95,1.82,7.18,1.68,6.27,0.88,6.25,1.41,6.22,1.38,6.1,1.3,1,sangre
sangriento,bloody,2.38,1.56,7.36,1.5,5.09,1.44,4.87,2.07,5.23,1.93,4.32,1.89,3,sangriento
sanidad,health,6.71,2.16,5.71,2.59,4.14,1.53,2.68,1.29,5.05,1.93,5.91,1.7,1,sanidad
sección,section,4.45,1.22,4.4,1.19,2.55,1.01,2.18,1.33,2.92,2.24,5.23,1.48,1,seccion
secretaria,secretary,5.43,1.17,4.09,1.68,5.27,1.35,5.52,1.57,5.1,1.67,6.05,1.07,1,secretaria
secretario,secretary,4.42,0.86,3.5,1.97,5.33,1.39,4.0,2.1,5.35,1.99,5.38,2.01,3,secretario
secuestrador,kidnapper,2.0,1.41,7.6,1.27,5.86,1.11,4.45,1.96,4.91,1.93,4.52,2.11,1,secuestrador
secuestro,kidnapping,1.64,0.85,8.15,1.31,4.5,1.77,4.45,1.65,4.38,2.28,5.05,2.06,1,secuestro
seducción,seduction,7.23,1.27,7.7,1.3,4.1,1.58,3.23,1.97,5.42,1.74,5.0,1.62,1,seduccion
seguridad,security,7.41,1.33,3.7,2.9,2.4,1.64,2.85,1.09,4.83,1.99,6.15,1.23,1,seguridad
semáforo,semaphore,4.78,0.95,4.14,1.91,6.8,0.41,6.9,0.45,6.27,1.55,6.78,0.67,1,semaforo
senadora,senator,5.35,0.93,5.0,1.86,5.38,1.32,4.59,1.71,3.5,2.2,4.25,2.05,1,senadora
seno,breast,5.46,1.82,3.76,1.92,5.55,1.63,6.04,1.85,5.2,2.17,5.45,1.5,1,seno
sensualidad,sensuality,7.05,1.36,6.2,2.35,2.65,1.5,3.95,1.67,5.95,1.62,5.82,1.1,1,sensualidad
sentimiento,feeling,6.95,1.53,5.1,2.64,2.6,1.76,2.09,1.54,4.77,2.05,6.6,0.99,1,sentimiento
señal,signal,4.8,0.52,4.6,1.73,4.41,1.97,6.83,0.49,5.85,1.87,6.2,0.89,1,senal
separación,separation,1.59,0.96,6.5,2.01,3.8,2.04,3.75,2.02,5.55,2.02,5.5,1.37,1,separacion
sequía,drought,2.41,1.5,5.25,2.92,3.91,1.57,5.4,1.19,4.41,1.84,5.27,1.49,1,sequia
serenidad,serenity,6.18,1.37,2.5,2.82,3.0,1.69,2.71,1.52,3.54,1.91,4.85,1.73,1,serenidad
seriedad,seriously,4.27,1.28,2.8,2.09,5.0,1.59,2.9,1.97,4.65,1.77,5.85,1.14,1,seriedad
serpiente,snake,4.05,1.43,6.64,2.08,6.55,1.15,6.85,0.49,5.35,2.03,6.0,1.2,1,serpiente
servilleta,napkin,5.04,0.47,3.6,1.85,6.45,1.28,6.9,0.3,6.14,1.78,6.67,0.73,1,servilleta
severidad,severity,4.0,2.08,5.0,2.07,3.36,1.84,2.22,1.54,3.13,2.16,3.67,1.62,1,severidad
sierra,saw,5.35,1.53,5.05,2.26,5.86,1.32,6.59,0.8,4.82,2.06,5.0,1.64,1,sierra
siesta,nap,7.41,1.47,1.65,1.27,5.35,1.6,5.5,1.43,6.45,0.8,6.25,1.12,1,siesta
significado,meaning,5.52,1.16,3.73,1.91,3.36,2.46,1.7,0.92,3.82,2.4,6.27,0.77,1,significado
signo,sign,5.13,0.69,3.95,2.03,2.9,1.55,4.09,1.87,4.82,2.24,5.52,1.25,1,signo
silla,chair,5.18,0.5,4.0,1.38,6.73,0.63,6.82,0.5,6.5,1.06,6.6,0.94,1,silla
símbolo,symbol,5.05,0.22,4.36,1.68,2.36,1.65,4.18,1.79,4.52,2.41,5.62,1.63,1,simbolo
simetría,symmetry,5.46,0.98,3.67,1.65,4.27,1.83,5.19,1.86,3.5,2.37,4.55,1.99,1,simetria
simpático,sympathetic,8.0,0.71,5.27,1.78,5.0,1.62,5.0,2.09,6.27,1.24,6.48,0.81,1,simpatico
siniestro,incident,2.18,1.53,6.9,2.43,3.09,1.31,3.59,1.84,3.86,2.03,4.7,2.08,3,siniestro
sirena,mermaid,6.05,2.17,5.45,2.39,4.77,1.77,6.65,0.57,5.05,2.26,5.36,1.5,1,sirena
situación,situation,5.14,0.83,4.0,1.97,2.05,1.43,2.45,1.74,5.09,2.0,5.9,1.62,1,situacion
sociedad,society,5.55,1.77,5.5,2.26,3.0,1.8,2.59,1.4,5.55,1.68,6.0,0.98,1,sociedad
socorro,relief,2.92,1.32,7.81,1.57,3.7,2.18,2.45,1.65,5.5,1.7,5.27,1.42,1,socorro
solar,solar,5.5,1.0,3.85,1.87,4.48,1.81,4.67,2.03,4.7,2.52,4.91,1.93,1,solar
soldado,soldier,3.45,1.5,5.73,1.35,6.0,1.63,6.29,1.1,5.0,2.0,5.86,1.21,1,soldado
solitario,lonely,2.65,1.75,3.73,2.62,2.77,1.6,4.36,2.06,4.86,1.78,5.67,0.97,1,solitario
solución,solution,7.86,1.13,4.55,3.25,3.95,1.96,2.3,1.59,4.87,1.66,6.0,1.48,1,solucion
sombra,shadow,4.35,1.23,4.95,2.17,4.27,1.78,5.64,1.47,4.27,2.35,6.36,1.26,1,sombra
sombrero,hat,5.4,0.68,3.18,1.68,6.45,0.76,6.86,0.47,6.14,1.64,5.9,1.48,1,sombrero
sonido,sound,6.05,1.05,5.18,2.38,3.57,2.31,3.05,1.99,5.61,1.85,6.24,1.04,1,sonido
sonrisa,smile,8.91,0.29,3.75,2.51,5.71,1.23,6.45,1.06,6.73,0.55,6.86,0.35,1,sonrisa
soplo,blow,4.85,1.5,3.95,2.24,4.14,1.78,4.1,2.05,5.4,2.21,5.09,1.44,1,soplo
sorprendido,surprised,6.0,1.21,6.86,1.78,5.35,1.3,5.09,1.83,5.95,1.5,5.95,1.57,1,sorprendido
sospecha,suspicion,3.35,1.57,6.5,2.11,3.0,1.97,2.48,1.44,4.96,2.25,5.35,1.46,1,sospecha
suavidad,softness,6.5,2.02,3.1,3.04,3.0,1.45,4.38,1.86,5.75,1.39,6.0,1.34,1,suavidad
subida,rise,5.09,1.57,6.75,2.17,4.5,2.06,5.7,1.98,5.13,2.1,5.78,1.57,1,subida
suceso,happening,5.39,1.44,5.55,2.13,1.8,0.95,2.86,1.71,3.86,2.03,6.1,1.12,1,suceso
sucio,dirty,2.33,1.15,5.73,2.19,4.5,1.36,5.5,1.76,5.45,2.06,6.05,1.39,3,sucio
sudor,sweat,3.96,1.72,5.18,2.15,6.18,0.91,5.81,1.33,6.09,1.34,6.5,0.67,1,sudor
suerte,luck,8.09,1.08,4.65,3.38,2.15,1.57,2.23,1.6,4.95,1.81,6.55,1.0,1,suerte
sufrimiento,suffering,1.5,0.8,7.75,1.89,2.55,1.41,3.14,1.75,4.86,2.1,5.57,1.12,1,sufrimiento
suicidio,suicide,1.64,0.95,7.95,1.66,6.0,1.18,4.23,1.82,4.91,2.07,5.9,1.21,1,suicidio
sujetador,bra,5.23,1.24,5.1,1.48,5.95,1.16,6.9,0.31,6.27,1.16,6.77,0.69,1,sujetador
superación,improvement,8.0,0.93,6.3,2.75,2.64,1.56,3.35,1.63,4.71,1.99,5.55,1.92,1,superacion
superioridad,superiority,4.18,1.79,5.62,2.16,3.1,2.15,2.9,2.1,4.13,1.84,5.5,1.79,1,superioridad
supermercado,supermarket,5.74,1.36,3.68,2.03,5.9,1.52,6.68,0.48,6.59,0.96,6.87,0.34,1,supermercado
suplicio,ordeal,2.96,1.15,6.4,1.9,3.29,1.49,1.86,1.13,2.32,1.55,4.09,1.77,1,suplicio
suspenso,suspense,1.45,0.74,8.4,0.88,4.1,2.13,4.32,1.99,5.79,1.25,6.0,1.3,1,suspenso
sustancia,substance,4.68,0.89,4.45,1.5,2.15,1.39,3.75,1.86,3.71,2.24,5.05,2.16,1,sustancia
sustento,livelihood,5.48,0.93,4.27,1.58,3.19,1.63,2.14,1.32,1.77,1.15,4.43,1.78,1,sustento
susurro,whisper,5.78,1.54,4.05,2.59,5.38,1.83,3.27,1.88,6.14,1.17,6.0,1.3,1,susurro
tabla,table,5.05,0.22,3.45,1.82,4.73,1.7,6.7,0.57,5.1,1.97,6.52,1.04,1,tabla
taburete,stool,5.05,0.38,3.71,1.76,6.64,0.58,6.76,0.44,5.64,1.68,5.8,1.32,1,taburete
tacaño,stingy,2.15,1.04,5.45,1.5,4.86,1.53,3.3,1.84,3.32,2.08,5.27,1.64,1,tacano
talla,size,4.68,0.65,4.59,1.87,3.55,1.63,3.9,1.58,5.85,1.93,6.23,1.54,1,talla
talle,detail,4.8,0.52,3.5,1.71,4.39,1.75,3.09,2.13,1.95,1.21,2.86,1.67,1,talle
talón,heel,5.1,1.26,3.67,1.77,6.05,1.65,6.55,0.74,6.25,1.52,5.8,1.61,1,talon
tamaño,size,5.13,1.22,4.86,2.38,2.5,2.04,2.83,1.61,5.27,2.21,6.4,1.47,1,tamano
tambor,drum,5.75,1.35,4.87,2.49,5.77,1.41,7.0,0.0,5.05,1.77,5.29,1.45,1,tambor
tanatorio,morgue,1.05,0.21,6.55,2.39,6.48,0.93,6.05,1.23,6.13,1.18,4.5,2.01,1,tanatorio
tanga,thong,5.55,1.23,5.35,1.57,6.33,0.8,6.67,0.58,5.5,2.22,6.45,0.74,1,tanga
tanque,tank,2.77,1.23,6.5,2.24,5.9,1.17,6.55,0.69,5.1,2.02,4.52,2.16,1,tanque
tarántula,tarantula,3.32,1.49,7.19,1.63,6.73,0.46,6.45,1.1,5.3,1.96,4.0,1.38,1,tarantula
tatuaje,tattoo,5.82,1.56,5.75,1.89,5.59,1.4,6.95,0.22,6.3,0.97,5.95,1.02,1,tatuaje
taza,cup,5.43,1.24,3.6,1.88,6.23,1.19,7.0,0.0,6.27,1.32,6.7,0.66,1,taza
teja,tile,4.86,0.64,3.35,1.93,5.7,1.84,6.48,1.31,3.91,2.71,5.23,1.69,1,teja
tela,cloth,4.95,1.02,3.1,1.97,5.29,1.9,6.23,1.31,5.15,2.35,6.0,1.45,1,tela
teléfono,phone,5.96,1.19,4.35,2.28,5.91,1.06,7.0,0.0,6.77,0.43,6.91,0.29,1,telefono
telescopio,telescope,5.46,1.35,3.71,2.24,6.76,0.54,6.67,0.48,6.3,1.22,5.29,1.76,1,telescopio
temor,fear,2.86,1.25,6.95,1.19,3.15,1.87,2.77,1.66,3.91,1.87,5.75,1.68,1,temor
tenedor,fork,4.9,0.79,4.05,1.59,6.9,0.3,6.91,0.29,6.32,1.25,6.65,0.93,1,tenedor
tensión,voltage,3.13,1.51,7.29,1.65,2.45,1.43,2.0,1.41,4.3,1.95,6.45,0.94,1,tension
tenso,tense,3.55,1.05,5.95,1.96,4.87,1.77,4.43,1.97,4.68,1.86,6.0,1.17,3,tenso
tentación,temptation,6.0,1.75,7.75,1.12,2.95,1.79,3.19,1.6,5.88,1.19,6.35,1.23,1,tentacion
tenue,dim,4.32,1.36,3.2,2.24,4.1,1.41,2.57,1.6,3.27,1.75,4.19,1.86,3,tenue
teoría,theory,5.14,1.08,4.5,2.02,3.55,1.88,2.48,1.4,4.59,2.2,6.35,1.23,1,teoria
ternura,tenderness,8.35,0.93,4.36,3.35,3.2,1.79,3.32,1.73,5.78,1.54,6.4,1.27,1,ternura
terremoto,earthquake,1.75,0.79,7.33,1.39,5.41,1.05,4.85,2.28,5.48,1.65,4.8,1.79,1,terremoto
terrorismo,terrorism,1.14,0.35,7.9,1.77,3.8,1.77,3.85,2.32,5.26,1.89,5.15,2.01,1,terrorismo
testamento,will,3.2,1.47,5.55,2.42,6.0,1.2,4.45,1.87,4.74,2.36,4.81,1.5,1,testamento
tiburón,shark,4.0,1.98,6.8,2.14,6.85,0.37,6.75,0.64,5.65,1.87,6.09,1.62,1,tiburon
tieso,stiff,4.55,0.83,5.15,1.31,4.48,1.86,4.7,2.2,3.55,1.99,4.48,1.47,1,tieso
tijeras,scissors,4.9,1.29,5.29,1.85,6.76,0.54,6.91,0.29,6.23,1.23,6.62,0.86,1,tijeras
tímido,shy,3.62,1.2,3.68,1.76,4.6,1.76,3.1,1.89,5.59,1.71,6.33,1.2,1,timido
tinta,ink,4.76,1.14,4.27,1.64,5.55,1.57,6.39,0.58,5.9,1.97,5.85,1.14,1,tinta
tío,uncle,6.57,1.43,4.39,2.37,4.41,2.11,5.19,2.11,5.05,2.13,6.9,0.3,1,tio
titular,holder,5.6,0.94,3.95,1.5,3.77,1.72,4.0,2.2,5.25,2.22,5.67,1.28,1,titular
tobillo,ankle,4.85,0.37,3.7,1.69,6.9,0.31,6.86,0.36,5.86,1.46,6.1,1.07,1,tobillo
tobogán,slide,6.68,1.17,5.95,1.99,6.65,0.59,6.8,0.52,6.05,1.47,5.35,1.69,1,tobogan
tolerancia,tolerance,7.52,1.47,4.14,2.17,1.95,0.9,1.77,1.15,4.09,1.9,5.61,1.75,1,tolerancia
tomate,tomato,5.14,1.46,4.5,1.82,6.76,0.7,7.0,0.0,6.0,1.59,6.57,0.81,1,tomate
tonada,tune,4.86,0.79,4.0,1.9,4.45,1.82,1.81,0.93,1.32,0.72,1.65,0.88,1,tonada
tormenta,storm,4.4,2.21,5.95,2.01,5.48,1.33,6.3,1.17,6.48,0.79,6.48,0.9,1,tormenta
tormento,torment,2.65,1.31,6.35,1.42,2.95,1.73,1.95,1.29,3.18,1.99,4.59,1.68,1,tormento
tornado,tornado,2.73,1.39,7.33,1.32,6.39,1.16,6.22,1.17,5.0,2.05,4.52,2.2,1,tornado
toro,bull,4.29,1.68,6.75,1.41,6.6,0.68,6.76,0.54,6.36,0.73,5.64,1.53,1,toro
torturador,torturer,1.33,0.66,7.95,1.0,6.09,1.06,4.3,2.13,3.83,2.29,4.0,2.26,1,torturador
tóxico,toxic,2.62,1.32,6.95,1.32,4.3,1.75,3.8,1.91,5.0,1.38,5.32,1.55,1,toxico
tractor,tractor,4.86,1.01,4.09,1.98,6.77,0.43,7.0,0.0,4.48,2.23,6.13,1.39,1,tractor
traficante,dealer,2.0,1.15,6.0,1.3,5.62,1.2,3.6,1.98,5.57,1.47,5.05,2.19,1,traficante
tragedia,tragedy,1.59,1.44,6.64,2.34,2.25,1.59,4.67,1.88,4.59,1.74,5.9,1.74,1,tragedia
traición,betrayal,1.41,0.73,7.65,1.93,3.8,1.51,2.4,1.82,4.17,1.99,5.38,1.16,1,traicion
traidor,traitor,2.35,1.23,7.68,0.99,4.55,1.97,3.3,1.87,4.41,1.92,5.15,1.98,1,traidor
trámite,process,4.27,0.88,5.35,2.32,3.15,1.84,2.91,1.31,4.59,2.26,6.25,1.02,1,tramite
trampa,trap,2.58,1.24,5.7,2.23,4.33,2.11,3.65,2.06,3.27,1.8,5.65,1.42,1,trampa
tramposo,cheater,2.6,1.1,6.15,1.46,4.43,1.36,3.35,2.21,3.91,1.63,5.81,1.81,1,tramposo
trance,trance,4.55,1.5,4.27,2.0,2.43,1.63,2.6,1.43,2.14,1.58,2.9,1.83,1,trance
tránsito,transit,3.76,1.48,6.77,2.18,3.6,1.82,3.35,1.64,5.09,2.0,6.15,1.18,1,transito
tranvía,tram,4.67,1.06,5.05,1.43,6.36,0.9,6.52,0.95,5.73,1.52,4.52,2.14,1,tranvia
trapecista,aerialist,5.73,1.0,5.95,1.57,6.38,0.86,4.8,1.79,4.73,2.03,4.5,2.3,1,trapecista
trascendencia,transcendence,5.45,1.18,4.9,1.55,2.86,1.78,1.32,1.09,1.73,1.16,4.95,1.57,1,trascendencia
trato,treatment,5.32,1.17,4.9,1.77,2.55,1.43,2.5,1.82,4.5,1.96,6.45,0.76,1,trato
travesura,mischief,5.59,1.56,6.23,1.57,4.3,1.64,4.17,1.92,5.45,1.71,5.26,1.76,1,travesura
trecho,stretch,4.91,0.68,4.27,1.86,3.05,1.5,3.0,1.73,2.23,2.11,4.05,1.73,1,trecho
tregua,truce,4.95,1.7,3.9,2.27,3.6,1.57,1.55,0.83,2.91,1.95,4.45,1.64,1,tregua
triángulo,triangle,5.32,1.04,4.6,2.06,5.6,1.23,6.62,0.67,3.95,2.28,6.09,1.35,1,triangulo
tripa,gut,3.75,1.33,4.5,1.85,5.41,1.62,5.82,1.44,5.4,2.37,5.09,1.31,1,tripa
tristeza,sadness,1.43,0.84,6.3,2.54,2.3,1.56,4.35,2.13,5.18,1.53,6.3,1.17,1,tristeza
triunfador,winner,7.91,1.41,5.23,1.66,3.95,1.36,3.45,1.64,5.15,1.66,5.73,1.12,1,triunfador
triunfante,triumphant,7.41,1.14,6.55,1.85,4.39,1.64,4.83,1.83,4.5,2.04,4.74,2.09,1,triunfante
triunfo,triumph,8.5,0.91,6.95,2.58,4.6,1.7,3.65,2.13,5.13,1.94,5.73,1.35,1,triunfo
trofeo,trophy,6.9,1.21,4.57,2.36,5.5,0.89,6.35,0.75,4.73,2.14,6.09,1.24,1,trofeo
trozo,stub,4.5,0.96,3.6,1.76,2.85,1.6,5.04,1.77,4.67,2.28,5.45,1.5,1,trozo
tuberculosis,tuberculosis,1.59,0.96,6.6,1.9,5.95,1.65,2.5,1.74,3.21,2.04,3.18,1.74,1,tuberculosis
túnel,tunnel,4.57,0.84,5.5,2.48,5.95,1.2,6.52,0.68,6.0,1.45,5.45,1.54,1,tunel
turno,turn,4.82,1.14,4.45,1.9,3.5,1.73,2.57,1.47,4.18,2.38,6.35,1.39,1,turno
uniforme,uniform,4.71,1.56,4.43,1.88,3.77,1.95,6.19,1.25,5.67,1.49,5.43,1.89,1,uniforme
utensilio,utensil,5.19,0.68,3.5,1.74,2.6,1.9,4.14,1.93,4.27,2.03,4.78,1.73,1,utensilio
útero,uterus,5.27,1.45,5.2,1.85,6.7,0.47,4.95,1.63,4.64,2.11,5.67,1.39,1,utero
utopía,utopia,5.96,1.52,5.0,1.7,2.6,1.79,2.14,1.49,1.85,1.5,4.8,1.99,1,utopia
vagón,wagon,5.14,1.21,4.05,2.19,6.35,0.81,6.68,0.65,5.23,2.11,6.29,1.49,1,vagon
vale,worth,5.24,0.94,3.95,1.7,3.55,2.11,4.52,2.11,4.15,2.21,6.82,0.39,1,vale
valiente,brave,7.68,0.99,5.4,2.35,4.4,1.7,3.6,1.27,4.0,1.59,5.75,1.33,1,valiente
valle,valley,6.0,1.3,2.35,1.76,5.4,1.31,6.0,1.2,4.75,2.02,4.82,1.62,1,valle
vándalo,vandal,3.05,1.13,6.5,1.34,4.7,1.26,4.6,1.64,4.35,1.9,3.55,1.99,1,vandalo
vegetación,vegetation,7.17,1.27,3.5,2.54,3.77,1.66,6.48,0.75,5.68,1.73,5.86,1.36,1,vegetacion
vela,candle,4.81,1.44,2.68,1.81,5.5,1.32,7.0,0.0,5.8,1.88,5.2,2.07,1,vela
velo,veil,4.59,1.53,4.35,2.01,4.24,1.73,6.0,1.48,4.68,1.94,4.48,1.83,1,velo
vencedora,winner,7.58,1.17,6.35,2.21,4.29,2.03,4.35,2.13,3.86,2.03,5.5,1.6,1,vencedora
venda,band,4.45,1.22,4.0,2.0,5.8,1.79,4.67,2.29,5.0,1.83,6.14,0.99,1,venda
vendedor,seller,5.0,1.17,4.25,1.65,5.1,1.61,4.85,1.73,5.32,1.7,6.41,0.85,1,vendedor
veneración,veneration,4.68,1.55,4.5,1.99,3.3,1.75,1.86,1.28,2.95,2.15,3.05,2.01,1,veneracion
venganza,revenge,2.17,1.53,7.1,2.17,3.59,1.5,2.62,1.75,4.09,2.35,5.75,1.68,1,venganza
ventaja,advantage,6.36,1.5,4.15,2.18,2.9,1.68,2.0,1.27,3.42,1.89,5.45,1.96,1,ventaja
ventanilla,window,5.22,1.13,3.36,1.89,6.23,1.15,6.77,0.53,6.05,1.56,6.05,1.02,1,ventanilla
verbena,verbena,7.71,1.23,6.24,2.43,4.77,1.88,5.91,1.41,5.75,1.62,5.36,1.84,1,verbena
verdadero,true,7.64,1.14,4.25,3.02,4.1,2.34,2.15,1.73,4.22,2.11,6.0,1.71,3,verdadero
verdugo,executioner,3.57,1.69,5.75,2.43,5.43,1.21,3.1,2.2,2.48,1.86,3.57,1.6,1,verdugo
vergüenza,shame,3.32,1.64,6.4,2.16,3.71,2.31,2.82,1.5,6.09,1.41,6.67,0.73,1,verguenza
verruga,wart,1.95,1.28,5.75,1.62,7.0,0.0,6.4,1.19,5.74,1.68,4.55,2.21,1,verruga
versión,version,5.0,0.31,4.2,1.44,2.35,1.57,1.41,1.14,3.14,2.03,5.2,1.91,1,version
verso,verse,6.05,1.2,4.25,1.94,4.27,1.61,4.95,1.36,5.0,1.95,5.38,1.86,3,verso
vértigo,vertigo,3.32,2.1,6.95,2.11,4.1,2.27,2.95,2.24,5.09,2.11,4.9,2.05,1,vertigo
vestíbulo,lobby,4.9,0.44,4.09,1.85,4.95,1.73,5.95,1.36,4.73,2.07,5.0,2.09,1,vestibulo
veterinaria,veterinarian,6.18,1.28,4.61,2.02,5.91,1.48,5.9,1.14,5.86,1.39,4.8,2.02,1,veterinaria
viajes,travel,7.76,1.3,6.32,2.5,3.7,2.01,5.78,1.68,6.36,1.43,6.41,0.8,1,viajes
vicio,vice,4.09,2.04,5.75,2.47,2.95,1.86,2.41,1.65,5.32,1.7,5.77,1.41,1,vicio
victoria,victory,8.09,0.87,5.43,2.31,3.95,1.88,3.95,1.86,5.41,1.65,5.95,1.5,1,victoria
vidrio,glass,5.1,0.54,4.55,2.06,5.14,1.74,6.41,0.85,4.91,2.22,5.24,1.81,1,vidrio
vigía,lookout,4.85,0.88,4.95,1.93,4.19,1.63,3.04,2.08,2.41,2.09,2.71,1.62,1,vigia
violación,violation,1.0,0.0,7.9,2.4,4.1,1.92,4.0,2.32,4.39,2.21,5.64,1.73,1,violacion
violador,rapist,1.33,0.91,7.91,1.87,5.32,1.62,3.1,2.1,4.39,2.15,5.14,1.49,1,violador
violencia,violence,1.55,1.43,7.82,1.53,2.2,1.4,4.7,1.74,6.0,1.6,6.05,1.73,1,violencia
violento,violent,2.14,0.71,7.29,1.49,5.13,1.6,4.74,2.05,5.27,1.75,6.05,1.0,3,violento
vistazo,look,4.82,0.73,4.55,1.61,3.55,1.9,2.27,1.52,4.17,2.12,5.27,1.91,1,vistazo
vitalidad,vitality,8.05,1.25,5.4,2.85,3.3,1.92,3.43,1.72,4.86,2.08,6.1,1.41,1,vitalidad
viuda,widow,1.55,1.06,5.7,2.3,6.1,1.04,4.85,2.11,5.36,1.94,4.75,2.12,1,viuda
viudo,widower,1.86,1.21,5.2,2.26,5.77,1.34,4.23,1.85,5.42,2.02,4.55,2.21,1,viudo
vivir,to live,8.48,0.85,6.41,2.91,2.41,1.59,2.85,1.14,5.64,1.79,6.29,0.96,2,vivir
vivo,alive,7.55,1.37,4.8,2.55,5.0,2.11,4.78,1.93,5.23,2.37,6.32,1.09,1,vivo
volcán,volcano,4.17,1.93,7.0,1.84,6.59,0.73,6.59,0.59,6.15,1.27,3.9,2.31,1,volcan
volumen,volume,5.36,1.05,5.41,1.99,4.05,1.86,2.36,1.56,5.55,1.57,6.36,0.95,1,volumen
voluntad,will,7.57,1.27,4.32,2.53,2.35,1.63,2.23,1.63,4.45,2.18,5.45,1.88,1,voluntad
voluptuosidad,voluptuousness,5.23,1.07,4.95,1.47,3.33,1.74,2.86,1.56,2.55,2.04,2.55,1.34,1,voluptuosidad
zapato,shoe,5.91,1.28,3.95,2.09,5.95,1.4,6.71,1.1,6.41,1.33,6.73,0.55,1,zapato
zurra,spanking,2.81,1.25,5.95,1.17,4.13,2.03,3.91,2.47,3.5,2.37,2.77,1.72,1,zurra
