palabra,mean_rt,mean_error,concreteness,familiarity,aoa,palabra_noaccents
abad,807.5545454545454,38.88888888888889,,,10.727,abad
abajo,679.7578947394737,2.564102564102564,3.85,6.4,,abajo
abandonado,620.3916666638889,0.0,4.276,6.034,,abandonado
abandonar,610.8310344724138,0.0,,,,abandonar
abandono,673.834374996875,0.0,,,,abandono
abarcar,705.9724138,3.3333333333333335,,,10.095,abarcar
abastecimiento,758.253124984375,8.571428571428571,,,10.28,abastecimiento
abatimiento,824.9876785607142,22.22222222222222,3.346,2.8,,abatimiento
abatir,748.787499996875,3.03030303030303,,,,abatir
abdomen,612.3303030333334,2.941176470588235,6.429,6.269,,abdomen
abeja,661.3918918756757,2.631578947368421,,,,abeja
aberración,692.8677419419355,3.125,,,,aberracion
abertura,701.7117647029412,8.108108108108109,,,7.56,abertura
abeto,789.5862068965517,27.500000000000004,6.1,5.095,,abeto
abierta,593.2355405351351,0.0,4.278,6.714,,abierta
abierto,563.1181081108108,5.128205128205128,,,,abierto
abismo,685.5030303060606,0.0,,,,abismo
abnegación,884.816799996,28.57142857142857,,,,abnegacion
abogado,616.7089743794871,2.5,,,,abogado
abonar,676.0470588264706,2.857142857142857,,,,abonar
abono,676.6914285571429,0.0,,,,abono
abordar,671.0151470588236,5.555555555555555,,,9.316,abordar
aborto,639.9894594540541,0.0,,,,aborto
abrasador,701.1647058882353,5.555555555555555,3.917,4.464,,abrasador
abrazar,573.7927027027027,0.0,,,,abrazar
abrazo,593.6798648648648,0.0,,,,abrazo
abrigo,643.6289473684211,0.0,,,,abrigo
abril,558.4051282102564,0.0,,,,abril
abrir,558.9424242727273,2.941176470588235,,,,abrir
abroncar,810.3000000043478,36.11111111111111,,,,abroncar
abrumado,704.8323611083333,2.7027027027027026,3.808,3.607,,abrumado
absolución,790.2328333333334,14.28571428571428,,,,absolucion
absoluto,664.244999995,0.0,2.7,5.92,,absoluto
absorber,645.5469444333334,2.7027027027027026,,,6.571,absorber
absorción,637.671875021875,3.03030303030303,,,,absorcion
abstinencia,731.3,6.25,,,10.4,abstinencia
abstracción,699.9142857095238,0.0,,,,abstraccion
abstracto,669.00312499375,3.03030303030303,2.391,4.964,,abstracto
absurdo,630.1974358948718,2.5,,,,absurdo
abuela,559.6927777833333,2.7027027027027026,,,,abuela
abuelo,546.0876388944445,2.7027027027027026,,,,abuelo
abundancia,669.1976744069767,0.0,,,,abundancia
abundante,689.6100000075,0.0,2.75,5.679,,abundante
aburrido,618.5743589769231,0.0,3.897,6.724,,aburrido
aburrimiento,676.3342857142857,0.0,,,,aburrimiento
aburrir,628.6105263184211,2.564102564102564,3.75,6.576,,aburrir
abuso,544.06128572,5.405405405405405,,,,abuso
acabar,610.5085714342857,0.0,,,,acabar
academia,608.382435874359,0.0,,,,academia
académico,645.6644594621622,0.0,,,,academico
acallar,690.4933333533334,57.14285714285714,,,9.48,acallar
acampar,701.6089393878788,10.81081081081081,5.478,4.905,6.423,acampar
acantilado,775.8606060606061,0.0,,,,acantilado
acariciar,701.5447368342105,0.0,,,,acariciar
acarrear,772.893939390909,17.5,,,9.85,acarrear
acatar,772.1103448241379,19.44444444444444,,,,acatar
acceder,629.4378378351352,0.0,,,,acceder
acceso,660.5897435897436,2.5,,,6.44,acceso
accesorio,633.1676471029411,5.555555555555555,3.05,5.923,,accesorio
accidente,577.3432432540541,0.0,,,,accidente
acción,586.885,0.0,,,,accion
acecho,724.6526315894737,36.66666666666666,,,,acecho
aceite,578.9733333025641,2.5,,,,aceite
aceleración,699.3858333416666,0.0,,,,aceleracion
acelerar,651.8111111083333,2.7027027027027026,,,6.381,acelerar
acento,593.778918918919,0.0,,,,acento
acentuar,695.3057142771429,5.405405405405405,,,6.7,acentuar
acepción,694.3481481222223,25.0,,,,acepcion
aceptable,582.3472222166666,5.263157894736842,4.111,6.5,6.885,aceptable
aceptación,626.0184210447369,0.0,,,,aceptacion
aceptar,598.1243243324325,0.0,,,,aceptar
acequia,783.6894736947369,48.64864864864865,,,10.056,acequia
acera,666.2545454515151,2.941176470588235,,,,acera
acercamiento,735.288235282353,5.555555555555555,,,6.222,acercamiento
acercar,679.5894736868421,2.564102564102564,,,,acercar
acero,650.6060526657894,2.564102564102564,,,,acero
acertar,644.7764705882353,2.857142857142857,,,4.833,acertar
ácido,604.4697674581396,0.0,,,,acido
acierto,588.2484848484848,2.941176470588235,,,,acierto
aclamar,732.14062499375,15.789473684210531,,,,aclamar
aclaración,662.5885714228572,0.0,,,,aclaracion
aclarar,642.2297297324325,5.128205128205128,,,7.3,aclarar
acné,671.0128205153846,2.5,,,,acne
acogedor,674.7513513513513,2.631578947368421,3.926,5.786,,acogedor
acogedora,806.57930555,2.7027027027027026,,,,acogedora
acometer,845.3699999950001,41.17647058823529,,,10.167,acometer
acomodar,678.0031250125,3.03030303030303,,,8.111,acomodar
acomodo,686.6262068999999,17.14285714285714,,,9.6,acomodo
acompañamiento,733.4700000025,0.0,,,,acompanamiento
acompañante,656.7270833305555,2.7027027027027026,,,,acompanante
acompañar,598.740256351282,0.0,,,,acompanar
aconsejar,598.2864864864865,2.631578947368421,4.261,6.107,,aconsejar
acontecer,763.6448275896552,6.451612903225806,,,10.15,acontecer
acontecimiento,761.5916666694444,0.0,,,,acontecimiento
acordar,666.1416666472222,0.0,,,6.158,acordar
acorde,678.2105263157895,0.0,,,8.095,acorde
acordeón,717.96666667,6.25,,,,acordeon
acosar,649.7628571257143,0.0,,,,acosar
acoso,607.3682926609756,4.651162790697674,,,,acoso
acostar,650.3342104894737,0.0,4.478,6.048,5.077,acostar
acre,771.9208333333333,44.18604651162791,,,,acre
acritud,823.0277777833334,50.0,,,10.722,acritud
acta,694.1650000030303,8.333333333333332,,,9.05,acta
actitud,603.4492857171429,2.777777777777778,,,,actitud
activa,587.0677419290322,6.0606060606060606,4.222,5.818,6.846,activa
activación,732.5619047690476,2.325581395348837,,,,activacion
activar,612.3540540432432,0.0,,,,activar
actividad,628.6399999885714,0.0,,,,actividad
acto,581.497500005,0.0,,,,acto
actor,599.175945945946,0.0,,,,actor
actriz,626.3688571371429,5.405405405405405,,,,actriz
actuación,659.7236842078947,2.564102564102564,,,,actuacion
actual,581.5674418441861,0.0,3.3,6.593,,actual
actualidad,630.5345946027027,0.0,,,,actualidad
actuar,636.6235294117647,0.0,,,,actuar
acuarela,691.6028378324324,0.0,,,,acuarela
acuático,608.3583333472222,0.0,,,,acuatico
acuchillar,733.0984285742857,5.405405405405405,,,,acuchillar
acudir,612.5852941294117,2.857142857142857,,,7.3,acudir
acueducto,781.2874999791667,31.428571428571427,,,,acueducto
acuerdo,572.9263157921052,0.0,,,,acuerdo
acumulación,638.9228571342857,0.0,,,,acumulacion
acumular,599.4485714171428,2.777777777777778,,,7.35,acumular
acurrucarse,788.1685294088235,0.0,5.645,5.214,,acurrucarse
acusación,630.28666666,6.25,,,,acusacion
acusar,649.8333333358975,2.5,,,,acusar
acústica,654.3722222333333,5.263157894736842,,,,acustica
adaptación,656.3225000075,0.0,,,,adaptacion
adaptar,618.2431579210527,5.0,,,7.0,adaptar
adelantar,611.3837837675676,2.631578947368421,,,5.6,adelantar
adelante,640.9799999942858,5.405405405405405,4.667,6.762,,adelante
adelanto,608.3843749875,5.882352941176471,,,7.04,adelanto
ademán,734.6294117352941,55.26315789473685,,,,ademan
además,605.4628571457143,0.0,,,,ademas
adentro,644.2176470647058,0.0,4.68,5.5,4.154,adentro
adhesión,653.1593750125,8.571428571428571,,,,adhesion
adición,680.9551724034483,19.44444444444444,,,,adicion
adicional,658.4182432054054,0.0,4.0,4.286,9.0,adicional
adicto,666.9342857142857,5.405405405405405,4.593,5.964,,adicto
adinerado,772.16,7.894736842105263,4.923,4.643,,adinerado
adiós,601.4421052605263,0.0,,,,adios
adivina,677.0422857142858,0.0,,,4.88,adivina
adivinar,600.1552631210526,0.0,,,,adivinar
adivino,652.7527941147059,0.0,4.913,4.667,6.0,adivino
adjetivo,637.1216216513513,2.631578947368421,,,,adjetivo
administración,708.839393939394,0.0,,,,administracion
administrador,659.3459459486486,2.631578947368421,,,9.1,administrador
administrar,641.3666666666667,2.5,,,8.444,administrar
administrativa,706.8965517310345,3.3333333333333335,,,7.714,administrativa
admirable,624.4617646852942,5.555555555555555,3.957,4.762,8.154,admirable
admiración,633.0006944472223,0.0,,,,admiracion
admirado,621.0575757515152,0.0,,,,admirado
admirador,616.63124999375,3.03030303030303,5.333,5.636,7.5,admirador
admirar,613.6232352941176,0.0,,,,admirar
admitir,571.8901351378379,0.0,,,6.2,admitir
adolescencia,628.2194285714286,2.777777777777778,,,,adolescencia
adolescente,603.3521621756756,0.0,,,,adolescente
adoptar,617.0371428542857,0.0,5.0,5.095,7.346,adoptar
adorable,604.8257142942857,5.405405405405405,3.321,6.517,,adorable
adoración,682.3486486459459,5.128205128205128,,,,adoracion
adornar,647.843589751282,2.5,3.579,6.45,,adornar
adorno,657.2989705882353,0.0,,,,adorno
adosado,742.6515151545455,17.5,4.966,4.143,,adosado
adquirir,607.1552631631579,5.0,,,,adquirir
adquisición,654.0967741967742,3.125,,,,adquisicion
adrenalina,665.2015714257143,0.0,5.481,5.727,9.346,adrenalina
aduana,709.6143243243243,5.128205128205128,,,9.7,aduana
adulterado,746.65,9.090909090909092,,,,adulterado
adulterio,717.6650000058823,5.555555555555555,,,,adulterio
adulto,575.4514285257143,0.0,,,,adulto
advenimiento,963.2875000041666,29.411764705882348,,,9.944,advenimiento
adverbio,733.2162162108108,2.631578947368421,5.15,5.654,,adverbio
advertencia,648.65555555,0.0,,,,advertencia
advertir,655.2833333277778,0.0,,,,advertir
aérea,673.4883333366666,18.91891891891892,,,,aerea
aéreo,678.7787878787879,2.941176470588235,,,,aereo
aeroplano,800.3473684263158,9.523809523809524,5.632,4.15,,aeroplano
aeropuerto,622.8169444444444,0.0,,,,aeropuerto
afamado,994.0923076923077,61.76470588235294,,,,afamado
afán,683.2628787878788,8.333333333333332,,,,afan
afectar,669.6319117647059,2.857142857142857,,,,afectar
afecto,607.5514286028572,0.0,,,,afecto
afectuoso,706.2098484848485,2.941176470588235,,,,afectuoso
afeitar,674.3290322548387,6.0606060606060606,,,,afeitar
afianzar,657.2935484,8.823529411764707,4.593,3.786,,afianzar
afición,666.9000000032258,3.125,,,,aficion
aficionado,708.7588235352941,0.0,,,7.96,aficionado
afinidad,623.8941176617647,2.857142857142857,3.556,5.444,,afinidad
afirmación,624.0046511604651,0.0,,,,afirmacion
afirmar,640.7391892054054,0.0,,,6.864,afirmar
afirmativo,612.4848484878788,0.0,4.778,6.091,6.654,afirmativo
afligido,739.6444444444445,12.90322580645161,3.947,2.75,,afligido
afortunado,637.3242424333333,0.0,,,,afortunado
afrontar,629.8881944444445,0.0,,,8.263,afrontar
afuera,629.6971428485714,5.405405405405405,4.6,5.538,3.808,afuera
agarrado,693.2159722194444,0.0,,,,agarrado
agarrar,643.6394736710527,0.0,4.333,5.92,,agarrar
agarre,680.3870967774194,0.0,4.556,5.0,7.692,agarre
agencia,599.285294117647,0.0,,,,agencia
agenda,574.2676470617647,0.0,,,,agenda
ágil,542.2848484757576,2.941176470588235,,,,agil
agilidad,629.5277777611111,7.6923076923076925,,,,agilidad
agitación,631.9706756675675,0.0,,,,agitacion
aglomeración,729.5774193387097,6.0606060606060606,,,,aglomeracion
agobiado,626.14928572,0.0,,,,agobiado
agonía,661.9657142828571,0.0,,,,agonia
agonizar,726.6100000066666,16.66666666666667,,,,agonizar
agosto,565.5534883883721,0.0,,,,agosto
agotamiento,629.1097297216216,0.0,,,,agotamiento
agradable,602.0942857057142,0.0,3.143,6.857,,agradable
agradar,653.6360294117648,5.555555555555555,,,,agradar
agradecer,611.3867567486486,0.0,,,,agradecer
agradecido,627.5088888833334,2.7027027027027026,4.172,6.517,,agradecido
agradecimiento,685.6256410230769,2.5,,,,agradecimiento
agrado,616.2806756783784,0.0,,,,agrado
agredir,645.6272727272727,5.714285714285714,,,,agredir
agregar,637.7292857057142,0.0,,,7.381,agregar
agresión,611.048589748718,2.5,,,,agresion
agresividad,623.0362162243243,0.0,,,,agresividad
agresivo,629.3777777833334,2.7027027027027026,,,,agresivo
agricultor,572.6542647088236,8.108108108108109,,,,agricultor
agricultura,637.3908333333334,0.0,,,,agricultura
agrupación,648.0001515151515,2.941176470588235,,,,agrupacion
agua,593.3076923128206,0.0,,,,agua
aguacero,780.9972222194444,2.7027027027027026,,,9.333,aguacero
aguanieve,729.16333332,16.66666666666667,,,,aguanieve
aguantar,636.5058823588236,2.857142857142857,,,,aguantar
aguante,689.9843750375001,3.03030303030303,,,,aguante
aguardar,684.7034482827586,6.451612903225806,,,8.28,aguardar
aguardiente,652.153124996875,5.882352941176471,,,,aguardiente
agudeza,630.1944444611111,5.263157894736842,,,,agudeza
agudo,650.0083333333333,7.6923076923076925,,,,agudo
aguijón,728.0129032225807,16.21621621621622,,,,aguijon
águila,649.6482352941176,8.108108108108109,,,,aguila
aguja,613.1735294441177,2.857142857142857,,,,aguja
agujero,625.6970833277778,0.0,,,,agujero
ahogar,657.3763157894737,2.564102564102564,,,,ahogar
ahogo,716.6114285657143,5.405405405405405,,,5.611,ahogo
ahora,597.6166666666667,5.263157894736842,4.0,6.75,,ahora
ahorcar,642.3771428628571,0.0,,,,ahorcar
ahorrar,539.5636363545455,0.0,,,,ahorrar
ahorro,610.3333333358975,0.0,,,,ahorro
aire,546.4482051025641,2.5,,,,aire
aislante,653.6000000142857,6.666666666666667,,,9.632,aislante
aislar,657.1305555527778,0.0,,,7.81,aislar
ajedrez,577.1199999857142,0.0,,,,ajedrez
ajo,619.4806451580645,0.0,,,,ajo
ajustar,577.6230769282051,0.0,,,7.333,ajustar
ala,648.3366666533333,9.090909090909092,,,4.3,ala
alabado,726.4434782608696,28.125,3.889,3.955,8.423,alabado
alabanza,844.1633333366667,18.91891891891892,3.538,3.515,8.719,alabanza
alabar,768.537931024138,25.64102564102564,,,,alabar
alacena,856.8000000095238,50.0,,,,alacena
alambre,666.6621621459459,5.128205128205128,,,,alambre
alarde,757.5120455045454,43.58974358974359,,,9.84,alarde
alargar,690.956250003125,3.03030303030303,,,6.04,alargar
alarma,581.1212121242424,0.0,,,,alarma
alarmar,703.0157894789473,5.0,,,,alarmar
alba,603.3444117676471,2.857142857142857,,,,alba
albañil,635.0888888944445,7.6923076923076925,,,,albanil
albaricoque,717.47375,5.882352941176471,6.75,5.556,,albaricoque
albergar,640.0218750125,3.03030303030303,,,10.048,albergar
albina,769.9683333933333,21.05263157894737,,,8.333,albina
albornoz,665.0638888944444,7.6923076923076925,6.826,6.286,,albornoz
alboroto,723.546875,0.0,,,,alboroto
álbum,587.4611110944445,5.263157894736842,,,,album
alcachofa,687.7088235294118,2.857142857142857,6.414,5.85,,alcachofa
alcaide,789.0041666708333,36.84210526315789,5.217,2.952,9.692,alcaide
alcalde,580.4883721069767,0.0,,,,alcalde
alcance,618.1290625,3.03030303030303,,,8.158,alcance
alcanzar,607.0314285771428,0.0,,,,alcanzar
alcoba,746.6999999787879,8.333333333333332,,,,alcoba
alcohol,578.6628571800001,0.0,,,,alcohol
alcohólica,631.0405405432432,2.631578947368421,,,,alcoholica
alcohólico,609.6591666472223,2.7027027027027026,,,,alcoholico
aldea,655.397297327027,2.631578947368421,,,6.15,aldea
aleación,734.2248148148149,25.0,,,,aleacion
alegoría,761.0551724172414,14.70588235294118,,,,alegoria
alegrar,638.2903225741935,3.125,,,,alegrar
alegre,562.8376388888889,0.0,4.469,6.607,,alegre
alegría,599.2333333484848,5.714285714285714,,,,alegria
alejamiento,724.9964705823529,8.108108108108109,,,6.524,alejamiento
alejar,673.7323529470589,0.0,,,,alejar
alemán,586.8444444444444,5.263157894736842,,,,aleman
alentador,762.9542857371429,7.894736842105263,,,,alentador
alergia,610.8023611055555,0.0,,,,alergia
alerta,575.9794117617647,10.52631578947368,,,,alerta
aleta,727.5001612870967,11.428571428571429,,,5.1,aleta
alfa,673.1500000055555,7.6923076923076925,,,10.364,alfa
alfabeto,657.1676470705883,2.857142857142857,,,5.85,alfabeto
alfiler,709.2366666633334,21.05263157894737,,,,alfiler
alfombra,620.0499999631579,0.0,,,,alfombra
algarabía,873.3823529352941,45.16129032258064,,,,algarabia
álgebra,719.8199999971429,5.405405405405405,,,,algebra
algo,622.7533823441177,8.108108108108109,1.3,6.571,,algo
algodón,658.6216216351352,2.631578947368421,,,,algodon
alguacil,740.0251666466667,16.66666666666667,6.2,2.423,10.038,alguacil
alguna,571.8571428228571,0.0,2.75,6.857,,alguna
alguno,610.708108118919,2.631578947368421,2.517,6.5,,alguno
aliado,672.7243902292682,2.3809523809523814,,,8.571,aliado
alianza,624.0342104736842,2.564102564102564,,,,alianza
alicatar,834.3666666666667,18.18181818181818,,,,alicatar
alicates,722.0911764823529,2.857142857142857,,,,alicates
alienación,695.4457142685715,10.25641025641026,,,,alienacion
alienígena,753.2285714392857,6.666666666666667,,,,alienigena
alimentación,603.584999995,0.0,,,,alimentacion
alimentar,618.3823529411765,0.0,,,,alimentar
alimento,575.6475,0.0,,,,alimento
aliviar,644.2772973027027,0.0,,,7.474,aliviar
alivio,633.9352777722222,2.7027027027027026,,,,alivio
alma,548.4264705852942,0.0,,,,alma
almacén,628.8794871820513,2.5,,,,almacen
almacenamiento,742.7695945864865,0.0,,,8.429,almacenamiento
almeja,690.4916666638889,2.7027027027027026,,,,almeja
almendra,624.4615714228571,2.777777777777778,,,4.05,almendra
almendro,674.7914285657143,7.894736842105263,6.65,4.821,,almendro
almíbar,696.1999999967742,8.823529411764707,,,,almibar
almidón,639.5249999972223,10.0,,,,almidon
almirante,740.86562500625,5.882352941176471,,,,almirante
almohada,626.1194444194444,2.7027027027027026,,,,almohada
almorzar,624.4794117588235,2.857142857142857,,,4.167,almorzar
almuerzo,618.6939394030303,0.0,,,,almuerzo
alojamiento,625.9486486540541,0.0,,,7.143,alojamiento
alquilar,621.5750000027778,2.7027027027027026,,,8.05,alquilar
alquiler,591.6864865135135,2.631578947368421,,,,alquiler
alrededor,639.0358974410257,0.0,3.069,5.848,,alrededor
altar,648.2403125,3.03030303030303,,,7.75,altar
altavoz,593.642500005,0.0,,,6.1,altavoz
alteración,680.3648648594594,2.631578947368421,,,,alteracion
alterado,696.2191666666666,0.0,,,,alterado
alterar,645.3864864756757,2.631578947368421,,,,alterar
alternancia,696.4793939424243,5.714285714285714,,,10.12,alternancia
alternativa,645.6857142942857,0.0,,,8.04,alternativa
alteza,659.9125000125,5.882352941176471,5.48,3.846,7.231,alteza
altitud,733.483281253125,5.882352941176471,3.964,5.571,,altitud
alto,617.8848484969697,0.0,,,,alto
altruismo,691.5515151727272,2.941176470588235,3.136,3.571,,altruismo
altura,543.1798648675675,0.0,,,,altura
alucinación,764.3532352911765,5.555555555555555,,,,alucinacion
aludir,740.28140625,11.11111111111111,,,,aludir
alumbrado,674.9323529470588,2.857142857142857,,,8.524,alumbrado
alumbrar,687.8648648783784,2.631578947368421,,,,alumbrar
aluminio,667.849722225,0.0,,,,aluminio
alumna,656.1558823647059,0.0,,,5.0,alumna
alumno,639.8261111055556,0.0,,,,alumno
alusión,653.921093753125,8.571428571428571,,,,alusion
alzar,712.8676470441177,10.52631578947368,,,7.19,alzar
ama,663.407692323077,7.142857142857142,,,,ama
amabilidad,633.6394736894737,0.0,,,,amabilidad
amable,595.3833333333333,2.325581395348837,4.812,6.536,,amable
amada,648.2011764647059,8.108108108108109,4.684,5.394,,amada
amado,662.2999999970589,8.108108108108109,,,,amado
amanecer,595.2705882264706,0.0,,,,amanecer
amante,581.4891891756756,2.631578947368421,,,,amante
amapola,700.2888888916667,2.7027027027027026,6.636,4.538,,amapola
amar,605.2324324378378,2.631578947368421,,,,amar
amargo,635.676624985,0.0,4.0,5.923,,amargo
amargura,735.712499990625,5.882352941176471,,,,amargura
amarilla,613.8421052815789,0.0,5.679,6.524,,amarilla
amarillo,585.8311428485714,2.777777777777778,5.828,6.345,,amarillo
ámbar,697.4109677387097,6.0606060606060606,,,,ambar
ambición,626.3400000166666,3.225806451612903,,,,ambicion
ambicioso,640.5743589794872,0.0,3.696,5.095,9.423,ambicioso
ambiente,576.7029411794117,0.0,,,,ambiente
ambigüedad,673.9783783567567,0.0,,,,ambiguedad
ámbito,578.5498611111111,2.7027027027027026,,,,ambito
ambulancia,614.4400000025,0.0,,,,ambulancia
amén,597.7514285714286,2.777777777777778,,,,amen
amenaza,624.9250000333334,0.0,,,,amenaza
amenazado,685.6459459378378,2.631578947368421,,,,amenazado
amenazador,678.2294117676471,2.857142857142857,,,,amenazador
amenazar,620.6420270405406,0.0,,,,amenazar
americana,620.230555525,2.7027027027027026,,,,americana
americano,590.9633783891892,0.0,,,,americano
amiga,570.8157894736842,2.564102564102564,,,,amiga
amigable,639.85,0.0,3.963,6.179,,amigable
amigo,596.3593750125,3.03030303030303,,,,amigo
aminoácido,743.7966666466667,11.76470588235294,,,,aminoacido
amistad,575.9883823529411,0.0,,,,amistad
amistoso,594.0619047357143,2.325581395348837,,,,amistoso
amnesia,678.2727273090909,2.941176470588235,5.217,4.286,9.615,amnesia
amo,635.71714284,2.777777777777778,,,,amo
amor,545.1333333358974,0.0,,,,amor
amordazar,750.1071428535714,22.22222222222222,,,,amordazar
amorosa,622.8741935580645,6.0606060606060606,4.087,5.905,5.923,amorosa
amparo,734.26562500625,11.11111111111111,,,10.429,amparo
amplia,682.4433333366667,3.225806451612903,,,,amplia
ampliar,605.1153846333333,0.0,,,6.81,ampliar
amplitud,624.7619444444445,0.0,,,,amplitud
ampolla,661.8210294117647,8.108108108108109,5.812,5.714,,ampolla
amputación,740.4612903225807,3.125,,,,amputacion
amuleto,671.3305556055556,2.7027027027027026,5.478,4.429,7.538,amuleto
anaconda,792.0259259074074,22.857142857142858,6.174,4.095,,anaconda
análisis,603.073684218421,0.0,,,,analisis
analítica,602.9378378648648,2.631578947368421,,,,analitica
analizar,652.086842118421,0.0,,,,analizar
analogía,754.8481666633334,16.66666666666667,,,,analogia
anarquía,648.9609722166666,2.7027027027027026,,,,anarquia
anatomía,633.0870967645161,0.0,,,,anatomia
ancho,602.778125003125,5.882352941176471,,,,ancho
anciana,675.1720967741935,8.823529411764707,,,5.333,anciana
anciano,621.3270270351352,2.631578947368421,,,,anciano
ancla,622.4970588147058,2.857142857142857,,,,ancla
anclar,655.7763158052632,0.0,,,,anclar
andadura,781.8757575848485,10.81081081081081,,,9.95,andadura
andar,575.2166666611112,0.0,,,,andar
andén,607.9911764882353,0.0,,,,anden
anécdota,675.9378378513513,0.0,,,,anecdota
anestesia,680.4454545484848,2.941176470588235,5.652,4.714,8.615,anestesia
ángel,544.1529411794118,0.0,,,,angel
anguila,684.6416666777777,7.6923076923076925,,,,anguila
ángulo,628.0447368236842,0.0,,,,angulo
angustia,663.2878787909091,5.714285714285714,,,,angustia
angustiado,681.79338235,5.555555555555555,3.552,5.724,,angustiado
anhelo,701.195999996,26.47058823529412,,,,anhelo
anillo,565.2363636181818,0.0,,,,anillo
animación,628.6083333722222,2.7027027027027026,,,,animacion
animal,571.6765277833333,0.0,,,,animal
animar,642.9385714257143,2.777777777777778,,,,animar
ánimo,572.2891892243243,2.631578947368421,,,,animo
aniquilar,751.7129032258065,20.51282051282051,,,,aniquilar
anís,744.706935483871,13.88888888888889,,,,anis
aniversario,650.1973683710527,0.0,,,3.2,aniversario
anoche,617.2277777583333,5.263157894736842,5.3,6.455,,anoche
anochecer,688.0911111027777,0.0,,,,anochecer
anomalía,734.6444444416667,7.6923076923076925,,,,anomalia
anónima,745.8466666666667,6.25,,,,anonima
anonimato,707.1727272848485,8.333333333333332,,,8.278,anonimato
anónimo,628.0297297027028,2.631578947368421,,,,anonimo
anorak,804.76,66.66666666666666,,,,anorak
anorexia,728.1290322580645,11.428571428571429,,,,anorexia
anormal,665.7078947315789,0.0,2.5,5.515,,anormal
anotar,674.7242424242424,2.941176470588235,,,,anotar
ansia,685.0390243829269,2.3809523809523814,,,,ansia
ansiedad,611.983783772973,0.0,,,,ansiedad
ansioso,592.3565789421052,2.564102564102564,3.897,5.862,,ansioso
ante,721.3000000290323,11.428571428571429,,,,ante
antebrazo,672.0970588294118,0.0,,,,antebrazo
antecedente,705.3316176470588,5.555555555555555,,,,antecedente
antecesor,761.268750025,15.789473684210531,,,9.19,antecesor
antena,678.4081081216216,2.631578947368421,,,,antena
antepasado,654.4507894763158,5.0,,,8.105,antepasado
anterior,568.174193548387,3.125,3.957,6.762,,anterior
antes,626.8322580677419,0.0,3.9,6.75,,antes
antesala,808.166666675,41.46341463414634,,,10.65,antesala
anticiclón,832.7689655172413,12.12121212121212,,,,anticiclon
anticipación,693.3162162243243,2.631578947368421,,,,anticipacion
anticipar,700.7115714285715,2.777777777777778,3.696,5.524,,anticipar
anticipo,757.1314285714286,10.25641025641026,,,9.381,anticipo
anticuado,735.9899999833333,14.28571428571428,,,,anticuado
antídoto,724.8298484909091,2.941176470588235,,,,antidoto
antifaz,677.6435897128205,2.5,6.0,4.75,,antifaz
antigüedad,607.7529411941176,0.0,,,,antiguedad
antiguo,638.1657894710527,2.564102564102564,,,,antiguo
antipatía,673.3294444388889,2.7027027027027026,,,,antipatia
antipático,669.6457142857142,0.0,,,,antipatico
antisocial,684.6777777805555,0.0,4.304,6.577,,antisocial
antiterrorista,828.2867647,0.0,5.308,4.364,9.812,antiterrorista
antojo,665.1805555416666,2.7027027027027026,,,,antojo
antología,668.3729730054054,2.631578947368421,,,,antologia
antorcha,705.2777777805555,5.263157894736842,,,,antorcha
antropología,701.3606060606061,0.0,,,,antropologia
antropólogo,710.2114285742857,0.0,,,,antropologo
anular,641.7757575757576,0.0,,,,anular
anunciar,609.765625,3.03030303030303,,,6.5,anunciar
anuncio,567.7914285657143,0.0,,,,anuncio
anzuelo,766.4,5.714285714285714,6.043,4.095,7.769,anzuelo
añadidura,746.3999999956521,30.303030303030297,,,,anadidura
añadir,614.5210526052632,0.0,,,,anadir
año,585.1638571428572,2.777777777777778,,,,ano
añoranza,782.7095161290323,13.88888888888889,,,,anoranza
apagar,606.639687496875,3.03030303030303,,,,apagar
aparador,726.015384625641,7.142857142857142,,,,aparador
aparato,660.28,0.0,,,,aparato
aparcamiento,667.9511628162791,0.0,5.609,6.143,5.577,aparcamiento
apareamiento,798.9136363757576,10.81081081081081,4.947,4.68,,apareamiento
aparecer,635.13484375,3.03030303030303,,,4.429,aparecer
aparecido,677.4212121151515,5.714285714285714,,,6.095,aparecido
aparentar,635.3344594648648,0.0,,,7.789,aparentar
aparición,614.0157894763158,0.0,,,,aparicion
apariencia,679.6000000162162,2.631578947368421,,,,apariencia
aparta,763.6203225774193,11.428571428571429,4.667,5.318,4.962,aparta
apartado,653.1060606212121,0.0,,,6.4,apartado
apartamento,668.6834722194444,0.0,,,,apartamento
apartar,647.1636363636363,2.941176470588235,,,5.714,apartar
aparte,628.3685714228571,0.0,3.483,6.19,,aparte
apasionado,626.6558823558823,0.0,,,,apasionado
apelación,865.6411666666667,14.28571428571428,,,,apelacion
apelativo,775.159375,5.882352941176471,,,10.524,apelativo
apellido,629.7171428571429,0.0,,,,apellido
apenas,653.0756756756757,2.631578947368421,3.0,6.148,,apenas
apéndice,620.1551351108108,5.128205128205128,,,,apendice
apendicitis,701.5428571142857,12.5,,,,apendicitis
aperitivo,632.6861111083333,5.263157894736842,,,,aperitivo
apertura,613.0350000090909,0.0,,,,apertura
apestoso,718.2749999885714,5.405405405405405,,,,apestoso
apetito,628.2125,2.857142857142857,,,,apetito
ápice,653.0681818090909,31.25,,,,apice
apilar,771.3730769038461,21.21212121212121,,,,apilar
aplastado,686.5575757666667,5.714285714285714,4.778,5.857,,aplastado
aplastante,739.4344827620689,3.3333333333333335,4.846,5.182,7.875,aplastante
aplastar,589.9117567594594,0.0,,,,aplastar
aplaudir,668.5424242393939,5.714285714285714,,,,aplaudir
aplauso,661.8157894763158,0.0,,,,aplauso
aplicación,574.7344594513513,0.0,,,,aplicacion
aplicar,585.1595714257143,2.777777777777778,,,7.1,aplicar
aplomo,733.8478260652174,34.28571428571429,,,10.28,aplomo
apodar,772.7522413724138,12.12121212121212,,,,apodar
apodo,613.3264705941176,5.555555555555555,,,,apodo
apogeo,806.2333333416667,35.135135135135144,,,,apogeo
aportación,694.9638888805556,5.263157894736842,,,,aportacion
aportar,605.6633333266667,3.225806451612903,,,7.28,aportar
aporte,711.5424242454545,0.0,,,9.35,aporte
aposento,745.0035714285714,22.22222222222222,,,8.8,aposento
apostar,612.3794117558823,0.0,,,7.955,apostar
apóstol,674.5545454787879,2.941176470588235,,,,apostol
apoyar,603.6880000325,0.0,,,7.0,apoyar
apoyo,601.4941891891892,0.0,,,,apoyo
apreciación,747.94705885,0.0,,,,apreciacion
apreciar,675.9533333388889,2.7027027027027026,,6.6,6.406,apreciar
aprecio,647.4061764705882,5.555555555555555,,,,aprecio
aprender,596.249999967647,2.857142857142857,,,,aprender
aprendizaje,608.1184210526316,0.0,,,,aprendizaje
aprensión,779.1433870967742,11.428571428571429,,,,aprension
apretar,640.8454545484849,5.714285714285714,,,,apretar
apretón,648.7463513432432,0.0,,,,apreton
aprieto,631.4303030121212,10.81081081081081,4.565,4.714,7.038,aprieto
aprisa,834.8416666666667,66.66666666666666,3.889,3.227,9.231,aprisa
aprobación,635.9300000166667,3.225806451612903,,,,aprobacion
aprobado,565.0942857114286,0.0,4.9,6.607,,aprobado
aprobar,548.1823529470588,2.857142857142857,,,,aprobar
aprovechamiento,693.7690476357143,0.0,,,8.762,aprovechamiento
aprovechar,583.6342856971429,0.0,,,6.55,aprovechar
aproximación,622.603125,3.03030303030303,,,,aproximacion
aptitud,704.3806756783783,0.0,,,,aptitud
apto,630.4090909121212,5.714285714285714,4.391,6.111,,apto
apuesta,591.7485713942857,2.777777777777778,,,8.524,apuesta
apuntar,633.4692307666667,0.0,,,,apuntar
apunte,622.7419354870967,3.125,,,6.722,apunte
apuro,634.4558823411764,2.857142857142857,3.852,5.455,9.038,apuro
aquel,735.6927272787879,5.714285714285714,1.895,6.423,,aquel
árabe,645.0131578684211,0.0,,,,arabe
araña,588.7333333305555,0.0,,,,arana
árbitro,657.2137930931035,6.451612903225806,,,,arbitro
árbol,572.7451612806451,0.0,,,,arbol
arca,681.9411764529411,10.52631578947368,,,,arca
archipiélago,712.1909091151515,2.941176470588235,,,,archipielago
archivador,649.4754053945946,0.0,,,,archivador
arcilla,655.7305555611111,10.0,,,7.5,arcilla
arco,620.7052631605263,2.564102564102564,,,,arco
arcón,689.4483333366667,16.66666666666667,,,,arcon
arder,636.7923076923076,2.5,,,,arder
ardiente,627.8692307717948,0.0,5.05,5.524,,ardiente
ardilla,630.3353846384615,2.5,,,,ardilla
ardor,638.6256410384616,9.30232558139535,,,,ardor
área,558.75,9.090909090909092,,,,area
arena,620.1942857057143,0.0,,,,arena
argentino,621.8735294029411,5.555555555555555,,,6.476,argentino
argumentación,632.5060606090909,0.0,,,,argumentacion
argumentar,648.990625003125,3.03030303030303,,,7.778,argumentar
argumento,644.6105263157895,2.564102564102564,,,,argumento
aristocracia,728.4636363606061,5.714285714285714,,,,aristocracia
aristócrata,710.5777777777778,5.263157894736842,,,,aristocrata
aritmética,751.1147058794118,0.0,,,,aritmetica
arma,590.6970588147059,0.0,,,,arma
armada,712.0238888805555,2.7027027027027026,,,8.05,armada
armadura,679.1057142828571,0.0,,,,armadura
armamento,771.0000000096774,8.823529411764707,4.522,3.762,9.269,armamento
armar,673.1516129032258,8.823529411764707,,,,armar
armario,622.0166666722222,5.263157894736842,,,,armario
armazón,776.852000004,28.57142857142857,,,,armazon
armonía,603.3087499944445,0.0,,,,armonia
armónica,672.4413889027778,2.7027027027027026,,,,armonica
aro,633.4642857321429,15.151515151515149,5.85,5.939,,aro
aroma,600.6586486351351,2.631578947368421,,,,aroma
arpa,698.5333333333333,18.91891891891892,6.217,4.778,,arpa
arqueología,714.0371428542858,0.0,,,,arqueologia
arqueólogo,616.084615374359,0.0,,,,arqueologo
arquetipo,744.2806451580645,20.51282051282051,,,,arquetipo
arquitecto,587.6741935580645,6.0606060606060606,,,,arquitecto
arquitectura,595.7937837837837,0.0,,,7.68,arquitectura
arraigo,781.0869565217391,34.28571428571429,,,10.476,arraigo
arrancar,621.0685713971428,7.894736842105263,,,4.571,arrancar
arranque,665.5508571285715,5.405405405405405,,,8.35,arranque
arrasar,668.8600000166666,3.225806451612903,,,,arrasar
arrastrar,634.5384615487179,0.0,,,5.95,arrastrar
arrebato,693.6840277916667,2.7027027027027026,,,,arrebato
arreglar,639.9837837810811,2.631578947368421,,,,arreglar
arreglo,665.8861110861111,2.7027027027027026,,,,arreglo
arrepentido,677.62750002,2.439024390243903,4.071,6.172,,arrepentido
arrepentimiento,741.6116279325581,0.0,,,,arrepentimiento
arrestar,644.2444444472222,5.263157894736842,5.074,4.909,7.538,arrestar
arresto,670.1644285714285,5.405405405405405,5.44,4.192,8.115,arresto
arriba,618.0794871769231,0.0,3.95,6.679,,arriba
arriesgado,643.6448275965517,6.451612903225806,,,,arriesgado
arriesgar,650.7805555694445,2.7027027027027026,4.259,5.818,7.231,arriesgar
arrimar,777.8604545424242,8.333333333333332,,,,arrimar
arrogancia,670.9406944583334,0.0,,,8.95,arrogancia
arrogante,633.2533333266666,3.225806451612903,3.862,5.069,,arrogante
arrojar,708.8991176470588,5.555555555555555,,,9.0,arrojar
arrojo,662.2299999975,0.0,,,10.3,arrojo
arrollar,708.0187499843751,11.11111111111111,,,,arrollar
arroyo,633.4710526289474,2.564102564102564,,,,arroyo
arroz,537.6580645032258,6.0606060606060606,,,,arroz
arruinar,649.17428572,0.0,,,,arruinar
arsenal,732.3657142828572,2.777777777777778,,,8.85,arsenal
arte,568.0254411823529,8.108108108108109,,,,arte
arteria,688.3942857228571,5.405405405405405,5.5,5.238,,arteria
artesanal,663.049999968421,0.0,4.45,5.619,,artesanal
artesano,724.1227027,0.0,,,,artesano
ártico,632.4918919027027,0.0,,,,artico
articulación,657.6096774129032,0.0,,,,articulacion
articular,669.0665714285714,0.0,,,8.389,articular
artículo,613.1164705823529,0.0,,,,articulo
artificio,622.253125025,8.571428571428571,,,9.9,artificio
artillería,701.7483870967742,6.0606060606060606,,,,artilleria
artista,588.8371428714286,2.777777777777778,,,,artista
artístico,623.1210526105264,0.0,,,,artistico
arzobispo,787.5932692192308,21.21212121212121,,,,arzobispo
as,866.1210526157895,38.70967741935484,,,,as
asado,608.2735294294117,2.857142857142857,,,,asado
asaltar,661.2263333433333,3.225806451612903,,,,asaltar
asalto,601.8397297324325,0.0,,,,asalto
asamblea,721.7416129,6.0606060606060606,,,,asamblea
ascendencia,771.1878787787879,2.941176470588235,,,,ascendencia
ascenso,619.6942856828572,0.0,,,,ascenso
ascensor,648.1812857142858,2.777777777777778,,,,ascensor
asco,600.528125015625,3.03030303030303,,,,asco
asedio,760.874999975,17.64705882352941,,,10.12,asedio
asegurar,647.1018918891892,0.0,,,7.75,asegurar
asentamiento,852.5382352970588,10.52631578947368,,,9.619,asentamiento
asentir,640.4060606090909,10.81081081081081,,,6.96,asentir
aseo,602.0484848272728,2.941176470588235,,,,aseo
asesinar,643.8157894710527,2.564102564102564,,,,asesinar
asesinato,626.1966666694444,0.0,,,,asesinato
asesino,609.5969697,0.0,,,,asesino
asfixiar,667.1666666641025,0.0,,,,asfixiar
asfixiarse,722.6962963,10.0,5.071,5.31,,asfixiarse
asiento,634.3060605969697,0.0,,,,asiento
asignatura,638.5119999942857,5.405405405405405,,,,asignatura
asimilación,669.0845714285714,2.777777777777778,,,,asimilacion
asistencia,612.7157894789474,2.564102564102564,,,,asistencia
asistente,690.3028787878787,5.714285714285714,,,,asistente
asistir,615.7499999882353,5.555555555555555,,,,asistir
asma,619.4472222361111,7.6923076923076925,,,8.15,asma
asno,700.5942857114286,0.0,,,,asno
asociación,651.5842105157894,0.0,,,,asociacion
asomar,644.20937500625,3.03030303030303,,,5.476,asomar
asombrado,636.350000003125,0.0,3.897,5.483,,asombrado
asombrar,685.5542857285715,0.0,,,,asombrar
asombro,602.0998611083334,0.0,,,,asombro
asombrosa,699.6647058647059,0.0,4.115,5.364,7.692,asombrosa
aspecto,640.2371428457143,7.894736842105263,,,,aspecto
aspereza,720.5422916625,31.428571428571427,,,9.545,aspereza
áspero,695.0439024341464,2.3809523809523814,,,,aspero
aspiración,644.8393939484848,2.941176470588235,,,,aspiracion
aspirar,639.4629729648649,0.0,,,6.8,aspirar
asqueado,768.3821428357143,9.67741935483871,4.4,4.786,,asqueado
asqueroso,608.5314285742858,2.777777777777778,,,,asqueroso
astilla,689.7200000075001,6.976744186046512,6.179,5.0,,astilla
astro,709.7588235441176,12.82051282051282,4.95,4.179,,astro
astrofísica,739.3241379275862,14.70588235294118,,,,astrofisica
astrología,647.2122973027027,0.0,,,,astrologia
astronauta,712.3027778111111,5.263157894736842,,,,astronauta
astronomía,662.1222222166667,2.7027027027027026,,,,astronomia
astronómico,693.7515151424243,0.0,,,,astronomico
astucia,765.5444444416667,2.7027027027027026,,,,astucia
asturiano,683.5999999870968,0.0,,,7.08,asturiano
astuto,667.2440277916667,2.7027027027027026,,,,astuto
asumir,601.4636363696969,2.941176470588235,,,,asumir
asustado,682.0611111083333,0.0,,,,asustado
asustar,634.1095238166666,2.325581395348837,,,,asustar
atacar,582.1114285371428,0.0,,,,atacar
atajar,693.10671875,11.11111111111111,,,8.316,atajar
atajo,606.3787879060607,2.941176470588235,,,,atajo
ataque,561.7885714285715,0.0,,,,ataque
atar,689.5096969606061,15.38461538461539,,,,atar
atardecer,639.0057142914286,0.0,,,,atardecer
atasco,616.0440540702702,0.0,,,,atasco
ataúd,670.7153846102564,0.0,,,,ataud
atemorizar,732.9273333233333,14.28571428571428,,,,atemorizar
atención,589.5961428485714,0.0,,,,atencion
atender,667.5777777833333,0.0,,,,atender
atento,638.4184210578948,0.0,4.043,6.667,,atento
ateo,658.6184210605263,5.0,,,8.095,ateo
aterrador,637.590394731579,2.564102564102564,3.852,5.409,7.115,aterrador
aterrar,672.949999996875,3.03030303030303,,,,aterrar
aterrizaje,632.512500009375,0.0,5.56,4.962,6.885,aterrizaje
aterrizar,658.4769117647058,2.857142857142857,5.8,5.077,6.115,aterrizar
aterrorizado,697.730769225641,0.0,,,,aterrorizado
aterrorizar,662.7928571333333,0.0,,,,aterrorizar
ático,627.04687499375,5.882352941176471,,,,atico
atlas,704.1052857142857,2.777777777777778,,,7.818,atlas
atleta,669.0058823588236,0.0,,,,atleta
atlético,632.0515151606061,0.0,,,,atletico
atletismo,699.0416666666666,0.0,5.643,5.926,,atletismo
atmósfera,606.7474999975,0.0,,,,atmosfera
atmosférico,648.40285718,0.0,,,,atmosferico
atómica,677.0749999972222,0.0,,,,atomica
átomo,650.2142857071428,2.325581395348837,,,,atomo
atónito,695.541666675,2.7027027027027026,,,,atonito
atontado,758.6647058911765,10.52631578947368,,,,atontado
atornillar,712.820781246875,3.03030303030303,,,,atornillar
atracador,699.40628572,2.777777777777778,5.407,5.0,,atracador
atracar,720.5463513567568,0.0,,,,atracar
atracción,593.202777775,2.7027027027027026,,,,atraccion
atraco,658.7024390219512,2.3809523809523814,,,,atraco
atractivo,638.6051282025641,0.0,,,,atractivo
atrapar,621.3433333633334,0.0,,,,atrapar
atrás,568.275000009375,3.03030303030303,,,,atras
atraso,667.4794117676471,2.857142857142857,,,7.053,atraso
atravesar,657.5870967806452,0.0,,,,atravesar
atreverse,723.4606060515151,5.714285714285714,,,4.75,atreverse
atrevido,629.8026315868422,0.0,,,,atrevido
atribuir,592.0363636090909,2.941176470588235,,,8.9,atribuir
atributo,656.6371212090909,2.941176470588235,3.85,4.808,,atributo
atrocidad,764.0974358923077,2.5,,,,atrocidad
atuendo,708.3774193580645,8.823529411764707,,,9.524,atuendo
atún,590.5718055555556,0.0,,,,atun
aturdido,706.9083784081081,5.128205128205128,,,,aturdido
audacia,733.4846153846154,25.71428571428571,,,,audacia
audaz,741.2181818181818,13.157894736842099,3.696,4.714,,audaz
audición,629.9371428542858,0.0,,,,audicion
audiencia,595.9948717923077,2.5,,,,audiencia
audio,578.1536111083333,2.7027027027027026,5.522,6.333,7.115,audio
audiovisual,613.7824324324324,0.0,5.077,5.909,8.469,audiovisual
auditivo,639.1888157631579,2.564102564102564,4.276,5.857,,auditivo
auditorio,644.9499999794118,0.0,,,8.1,auditorio
auge,803.4884615307692,25.71428571428571,,,,auge
aula,648.2837837540541,2.631578947368421,,,,aula
aullido,728.3806451580646,11.428571428571429,,,6.429,aullido
aumentar,665.37,0.0,,,6.0,aumentar
aumento,634.2823529,2.857142857142857,,,,aumento
aura,661.0526315789474,2.564102564102564,,,9.45,aura
aureola,864.0187037037037,22.857142857142858,,,10.1,aureola
aurora,667.3901388916667,2.7027027027027026,,,,aurora
ausencia,610.4067567621622,0.0,,,,ausencia
ausente,607.0923076948718,2.5,4.5,5.1,,ausente
autenticidad,689.3285714404761,2.325581395348837,,,8.714,autenticidad
auténtico,583.1888571514286,0.0,,,,autentico
auto,630.3452380666666,2.325581395348837,,,,auto
autobiografía,659.3911764705882,2.857142857142857,,,,autobiografia
autobús,583.4578947421053,0.0,,,,autobus
autómata,661.8361111138889,10.0,,,,automata
automático,625.6707317146341,2.3809523809523814,,,,automatico
automóvil,649.4393939333333,0.0,,,,automovil
autónoma,625.3054054135135,0.0,,,,autonoma
autonomía,635.0248611083333,0.0,,,,autonomia
autopista,619.9756756756757,0.0,,,7.842,autopista
autopsia,643.5894736526316,0.0,6.68,4.577,10.0,autopsia
autor,618.4660294117647,5.555555555555555,,,,autor
autora,698.5161290258064,0.0,,,5.8,autora
autoridad,616.4636363575758,0.0,,,,autoridad
autoritario,688.5086764705883,2.857142857142857,4.25,5.364,,autoritario
autorización,676.428205125641,2.5,,,,autorizacion
autorizar,637.378378372973,2.631578947368421,3.679,5.75,,autorizar
auxiliar,635.9331081135135,0.0,,,,auxiliar
auxilio,606.8090909090909,5.714285714285714,,,,auxilio
avalancha,713.1309523833334,0.0,,,,avalancha
avance,644.3570588117647,0.0,,,,avance
avanzar,635.6589743615384,0.0,,,5.286,avanzar
avaricia,747.1971428542857,5.405405405405405,,,,avaricia
avaro,757.404,39.02439024390244,,,10.0,avaro
ave,700.6361111055555,2.7027027027027026,,,,ave
avenida,589.7789473710526,0.0,,,,avenida
aventura,580.3454545484849,0.0,,,,aventura
aventurero,704.327187496875,3.03030303030303,,,,aventurero
avergonzado,630.6633823529412,0.0,3.828,6.207,,avergonzado
avería,642.2000000108109,5.128205128205128,,,,averia
averiguar,587.1454545515152,0.0,,,6.632,averiguar
aversión,665.9289474,11.62790697674419,,,,aversion
aversivo,824.7461538769231,53.57142857142857,,,,aversivo
avestruz,641.1848484969697,2.941176470588235,,,,avestruz
avidez,701.64999998,48.71794871794872,,,9.905,avidez
avión,564.7868421026316,0.0,,,,avion
avisar,635.8382352911765,2.857142857142857,,,4.429,avisar
aviso,617.1485714342857,0.0,,,,aviso
avispa,622.8012857114286,2.777777777777778,,,,avispa
avispado,700.3766666666667,5.714285714285714,,,,avispado
ayer,586.9675675594594,2.631578947368421,5.45,6.8,,ayer
ayuda,587.0657143028571,0.0,,,,ayuda
ayudante,639.7179729702702,0.0,,,,ayudante
ayudar,609.484999995,0.0,,,,ayudar
ayuntamiento,628.6400000114286,0.0,,,,ayuntamiento
azafata,645.4334848454546,0.0,,,,azafata
azafrán,707.1490909090909,8.333333333333332,,,,azafran
azar,597.29062498125,11.11111111111111,,,,azar
azote,628.1390243878049,4.651162790697674,,,8.55,azote
azotea,651.6161290322581,0.0,,,,azotea
azúcar,559.0371428342858,0.0,,,,azucar
azufre,719.3606060545454,5.714285714285714,,,,azufre
azul,548.6324324243243,5.128205128205128,5.552,6.759,,azul
azulejo,661.6764706029412,2.857142857142857,,,,azulejo
baba,729.116666675,20.0,,,2.9,baba
babosa,665.0107352852941,8.108108108108109,,,,babosa
bacalao,703.0588235352941,2.857142857142857,,,,bacalao
bachillerato,632.7432432378379,0.0,,,8.32,bachillerato
bacteria,682.5382352882353,2.857142857142857,,,,bacteria
bahía,668.9421052631579,2.564102564102564,,,,bahia
bailar,592.4628571857143,2.777777777777778,,,,bailar
bailarín,630.3600000028572,0.0,,,,bailarin
bailarina,640.3677419032258,6.0606060606060606,,,,bailarina
baile,573.29687499375,5.882352941176471,,,,baile
baja,610.7378378756757,2.631578947368421,,,,baja
bajada,667.6781428542857,2.777777777777778,,,,bajada
bajar,606.5361111111112,5.263157894736842,,,,bajar
bajo,609.7684210578948,0.0,,,,bajo
bala,650.2878788212121,5.714285714285714,,,,bala
balance,617.3027777944444,2.7027027027027026,,,8.389,balance
balanceo,670.2590277861111,0.0,,,6.65,balanceo
balancín,700.2027777777778,2.7027027027027026,,,,balancin
balanza,599.5815384410256,0.0,,,,balanza
balcón,563.9750000166666,2.7027027027027026,,,,balcon
ballena,576.56562500625,0.0,,,,ballena
ballet,711.9787878909091,10.81081081081081,5.724,4.964,,ballet
balneario,747.667647032353,2.857142857142857,,,,balneario
balón,653.7638889083333,0.0,,,,balon
baloncesto,640.0935483903226,0.0,,,,baloncesto
balonmano,666.875,24.32432432432433,6.143,5.192,,balonmano
balsa,723.2778947368421,45.71428571428571,5.87,3.905,7.462,balsa
bambú,636.8838888888889,0.0,,,,bambu
banana,634.0092857028571,2.777777777777778,6.8,6.143,,banana
banca,730.7257142857143,5.405405405405405,,,8.4,banca
bancarrota,760.446874996875,15.789473684210531,5.654,3.786,,bancarrota
banco,598.2033333444444,2.7027027027027026,,,,banco
banda,603.0857143085714,2.777777777777778,,,,banda
bandeja,594.1153846205128,2.5,,,,bandeja
bandera,615.0027026891892,0.0,,,,bandera
bandido,644.8114285828572,5.405405405405405,5.111,4.091,7.308,bandido
bando,652.759375,8.571428571428571,,,,bando
bandolero,673.5383333305556,2.7027027027027026,,,,bandolero
banqueta,669.4243243297298,0.0,5.5,5.286,,banqueta
banquete,674.2186046627907,0.0,,,,banquete
bañador,619.8710526342105,0.0,,,,banador
bañera,588.2921052631579,5.0,,,,banera
baño,576.3000000147059,0.0,,,,bano
bar,591.7076923128205,0.0,,,,bar
baraja,652.0518571599999,5.405405405405405,,,,baraja
barandilla,780.7724242393939,5.714285714285714,,,,barandilla
barba,589.6225806612903,3.125,,,,barba
barbaridad,640.7694444472222,0.0,,,,barbaridad
barbarie,798.278260873913,23.333333333333332,,,,barbarie
bárbaro,677.0235294147059,2.857142857142857,,,,barbaro
barbero,640.5580645032258,8.823529411764707,,,5.444,barbero
barbilla,714.9054054,2.631578947368421,,,,barbilla
barca,681.5983333333334,8.333333333333332,,,,barca
barco,638.4676470647058,0.0,,,,barco
barniz,754.705,29.411764705882348,,,7.4,barniz
barón,729.8850000066667,14.28571428571428,,,,baron
baronesa,809.5230769307692,21.21212121212121,5.261,2.19,10.346,baronesa
barra,585.2527777583333,5.263157894736842,,,,barra
barraca,693.1666666666666,15.625,,,,barraca
barranco,700.4513513513514,5.128205128205128,,,,barranco
barrer,656.9982857542857,12.5,,,,barrer
barrera,607.9302325651163,0.0,,,,barrera
barricada,766.3360344827586,12.12121212121212,5.321,5.0,,barricada
barrido,645.0544285714286,5.405405405405405,,,6.143,barrido
barriga,565.6617647088235,2.857142857142857,,,,barriga
barril,644.1827586137931,3.3333333333333335,5.968,5.0,,barril
barrio,638.6922972891891,0.0,,,,barrio
barro,653.5828571485714,5.405405405405405,,,,barro
barroco,710.9379310448276,0.0,,,,barroco
barullo,780.4565217347825,37.83783783783784,,,8.72,barullo
base,679.5969697,2.941176470588235,,,,base
básica,627.6114285828571,0.0,,,,basica
basílica,654.2166176529412,8.108108108108109,,,,basilica
bastante,566.2060605939394,0.0,2.833,6.905,,bastante
bastardo,619.1454054054054,0.0,,,,bastardo
basto,698.8666666466667,14.28571428571428,,,,basto
bastón,590.2594444555556,2.7027027027027026,,,,baston
basura,592.3499999555555,0.0,,,,basura
basurero,655.5948717923077,2.5,,,5.056,basurero
bata,671.503124996875,5.882352941176471,,,,bata
batalla,589.8774193419355,0.0,,,,batalla
batallón,685.965625,3.03030303030303,,,,batallon
bate,629.5535714357143,17.64705882352941,6.0,5.231,,bate
batería,574.4948717948718,0.0,,,,bateria
batido,661.7194444166666,2.7027027027027026,5.345,6.476,,batido
batidora,598.8892857107143,3.448275862068965,6.5,6.143,,batidora
batir,711.2473684210527,2.564102564102564,,,6.0,batir
baúl,606.7759722222222,0.0,,,,baul
bautismo,633.996875003125,3.03030303030303,,,5.2,bautismo
bautizo,657.6531428685714,2.777777777777778,,,,bautizo
bayeta,715.1615384576922,35.0,,,6.85,bayeta
beber,572.2361111416667,0.0,,,,beber
bebida,627.9000000216216,0.0,,,,bebida
béisbol,674.0742647205882,5.555555555555555,,,,beisbol
belga,709.7575757787879,13.157894736842099,,,8.864,belga
bella,625.8135134945946,2.631578947368421,3.0,6.0,,bella
belleza,605.2482352941176,0.0,,,,belleza
bello,603.1478378324324,0.0,,,,bello
bendecir,654.2450000142858,5.405405405405405,4.161,4.857,,bendecir
bendición,607.7777777333333,0.0,,,,bendicion
bendita,675.70312499375,5.882352941176471,3.593,4.455,7.692,bendita
beneficio,598.3054054432432,0.0,,,,beneficio
benevolencia,784.8176470617647,8.108108108108109,,,10.6,benevolencia
bengala,836.8677586206896,21.62162162162162,,,,bengala
berenjena,713.7500000333333,2.7027027027027026,6.652,5.85,,berenjena
bermudas,788.8314285742857,10.25641025641026,5.667,4.5,,bermudas
besar,547.159374996875,3.03030303030303,,,,besar
beso,574.896621627027,0.0,,,,beso
bestia,631.2342105236842,2.564102564102564,,,,bestia
beta,721.439285725,15.151515151515149,,,,beta
biblia,623.6200000142858,2.777777777777778,,,,biblia
bibliografía,671.2999999947368,0.0,,,,bibliografia
biblioteca,602.183783772973,0.0,,,,biblioteca
bicho,625.8530555555556,0.0,,,,bicho
bici,593.8527777916667,5.263157894736842,6.414,6.667,,bici
bicicleta,614.1111111111111,0.0,,,,bicicleta
bidé,791.5333333375,27.27272727272727,,,,bide
bien,578.5242424272727,0.0,,,,bien
bienestar,623.492105268421,0.0,,,,bienestar
bienvenida,623.4942856885714,0.0,,,,bienvenida
bienvenido,585.3257142371428,0.0,4.68,5.692,4.423,bienvenido
bigote,617.1761904857143,0.0,,,,bigote
bikini,638.628125003125,3.03030303030303,,,,bikini
billar,624.0172413793103,3.3333333333333335,6.652,5.536,,billar
billete,544.568749990625,0.0,,,,billete
binario,669.1857142885714,5.405405405405405,,,,binario
biografía,598.3914285685714,0.0,,,,biografia
biología,561.5461538538461,0.0,,,,biologia
biólogo,603.4425675567568,0.0,,,,biologo
biopsia,659.6100000066667,9.090909090909092,6.087,3.571,10.885,biopsia
bioquímica,661.704393930303,2.941176470588235,,,,bioquimica
bisabuelo,694.6321428678572,9.67741935483871,,,,bisabuelo
bisiesto,856.2291666583334,27.27272727272727,5.632,4.464,,bisiesto
blanco,537.066666675,2.7027027027027026,,,,blanco
blancura,682.4862069034483,14.70588235294118,,,7.0,blancura
blando,680.9220833305556,0.0,4.5,5.95,,blando
blasfemia,746.206406253125,13.513513513513509,,,,blasfemia
blindaje,692.11874999375,15.789473684210531,5.308,3.848,10.125,blindaje
bloque,585.530769248718,0.0,,,,bloque
bloquear,635.9567567945946,2.631578947368421,4.217,5.667,8.462,bloquear
bloqueo,598.5129729783783,0.0,3.8,6.107,,bloqueo
blusa,608.949999978125,5.882352941176471,,,,blusa
blusón,867.6935294117648,50.0,,,,bluson
bobina,689.40468749375,5.882352941176471,,,10.19,bobina
boca,576.169767444186,0.0,,,,boca
bocado,737.8157894947368,0.0,,,5.75,bocado
bochorno,714.4785714357142,2.325581395348837,,,,bochorno
bocina,695.9266666766666,11.76470588235294,,,5.905,bocina
boda,555.1485714285715,0.0,6.148,6.143,,boda
bodega,627.6269697060607,2.941176470588235,,,,bodega
bofetada,698.9815789578947,0.0,,,,bofetada
bohemia,706.6057143257143,7.894736842105263,,,9.833,bohemia
boina,745.6,28.57142857142857,,,,boina
bola,583.228125003125,0.0,,,,bola
boleto,667.20906249375,8.571428571428571,5.56,4.231,8.308,boleto
bolígrafo,605.4631578973684,0.0,,,,boligrafo
bolos,661.582499995,0.0,6.444,5.091,5.731,bolos
bolsa,577.249999996875,3.03030303030303,,,,bolsa
bolsillo,640.2473684210527,0.0,,,,bolsillo
bolso,569.7315277833334,2.7027027027027026,,,,bolso
bomba,601.2216216162162,2.631578947368421,,,,bomba
bombardear,725.6497142857143,2.777777777777778,,,,bombardear
bombero,638.6578947342106,0.0,,,,bombero
bombilla,577.9435897205128,0.0,,,,bombilla
bombo,631.8685714542858,7.894736842105263,3.769,4.0,6.531,bombo
bonanza,864.6181818181818,70.27027027027027,,,9.611,bonanza
bondad,625.285294117647,0.0,,,,bondad
bondadoso,712.5014516129032,11.428571428571429,,,,bondadoso
bonito,608.4499999972222,0.0,,,,bonito
bono,668.4029411911765,2.857142857142857,4.19,4.643,,bono
boquerón,711.2902777666667,0.0,,,,boqueron
boquilla,672.5631578631579,0.0,,,8.52,boquilla
borda,787.4521739043478,36.11111111111111,4.783,3.048,9.115,borda
borde,610.10588235,2.857142857142857,,,,borde
borrachera,658.9848484818182,2.941176470588235,,,,borrachera
borracho,569.2516129129032,0.0,,,,borracho
borrador,642.336842118421,2.564102564102564,,,,borrador
borrar,560.1716666666666,0.0,,,,borrar
borrasca,683.9324324378379,2.631578947368421,5.611,5.0,,borrasca
borroso,587.0283783783784,0.0,,,,borroso
bosque,601.1769230769231,0.0,,,,bosque
bota,642.5287142885715,5.405405405405405,,,,bota
botánico,618.203124996875,0.0,,,,botanico
bote,610.395,14.70588235294118,,,,bote
botella,562.1891891756757,0.0,,,,botella
botín,625.459374996875,3.03030303030303,,,,botin
botón,603.9736842210526,0.0,,,,boton
bóveda,645.48285714,2.777777777777778,,,,boveda
boxeador,632.0315789684211,0.0,6.448,4.828,,boxeador
boxeo,567.429729754054,2.631578947368421,5.7,5.524,,boxeo
bóxer,638.183,2.777777777777778,,,,boxer
braga,639.3481481333333,6.896551724137931,5.9,5.95,,braga
brandy,827.4882352882353,45.16129032258064,4.63,3.773,9.5,brandy
brasa,623.2459459594595,7.5,,,7.0,brasa
brasero,711.4962963148148,10.0,,,7.818,brasero
bravo,564.0029411882354,0.0,3.895,5.308,,bravo
bravura,767.84,47.36842105263158,4.579,2.75,,bravura
brazo,550.6764706,0.0,,,,brazo
brecha,681.525,8.571428571428571,,,7.19,brecha
breve,598.5093750125,0.0,3.2,6.148,,breve
brevedad,686.355,4.761904761904763,,,,brevedad
brigada,648.63157895,5.0,,,8.857,brigada
brillante,601.8868421105263,0.0,,,,brillante
brillantez,732.6749999964286,15.151515151515149,,,7.333,brillantez
brillar,597.7454545454545,0.0,4.522,5.714,4.385,brillar
brillo,585.2171428628571,0.0,,,,brillo
brincar,714.0055555416667,5.263157894736842,,,,brincar
brindar,616.301612916129,6.0606060606060606,,,6.762,brindar
brisa,627.3767142885714,5.405405405405405,,,,brisa
británico,611.2993750375,0.0,,,,britanico
brocha,674.8105263052631,0.0,5.2,5.667,,brocha
broche,664.7052631605263,5.0,,,9.05,broche
brócoli,659.5047619166667,2.325581395348837,,,,brocoli
broma,580.5676388916667,0.0,,,,broma
bromear,601.228472225,2.7027027027027026,,,4.889,bromear
bronca,640.9708333250001,2.7027027027027026,,,,bronca
bronce,617.0718055555556,0.0,,,,bronce
brotar,645.3536842,2.564102564102564,,,9.714,brotar
brote,641.527027027027,2.631578947368421,,,,brote
bruja,616.4628571371429,0.0,,,,bruja
brujo,639.7727272666666,5.714285714285714,,,5.55,brujo
brújula,585.6371428628571,0.0,,,,brujula
bruma,669.14166665,5.263157894736842,,,10.333,bruma
brusco,639.3909090878788,5.714285714285714,4.308,5.788,6.719,brusco
brutal,636.9205882323529,0.0,3.375,5.893,,brutal
bruto,600.0047618880952,2.325581395348837,3.75,6.038,,bruto
buceador,674.5926388861111,7.6923076923076925,6.462,5.143,,buceador
buen,627.0270270594594,2.631578947368421,3.15,6.55,,buen
buena,612.7000000027027,2.631578947368421,2.8,6.615,,buena
bueno,564.8621250225,0.0,3.259,6.786,,bueno
buey,661.503125,0.0,,,,buey
búfalo,666.7066666666667,6.25,,,,bufalo
bufanda,616.8384615358974,2.5,,,,bufanda
buhardilla,856.8959375,46.666666666666664,,,,buhardilla
búho,653.6111111,2.7027027027027026,,,,buho
buitre,647.7151515121212,15.38461538461539,,,,buitre
bulimia,743.0931034551725,19.44444444444444,6.0,4.321,,bulimia
bullicio,731.9508620586207,17.14285714285714,,,9.45,bullicio
bulto,622.5542856714286,2.777777777777778,,,,bulto
buque,722.4555555592592,27.027027027027028,,,,buque
burbuja,617.2694594594594,0.0,6.043,5.286,3.462,burbuja
burgués,698.2742857085715,0.0,,,,burgues
burguesa,775.7161290290322,16.21621621621622,,,8.611,burguesa
burguesía,649.1060606121213,0.0,,,,burguesia
burla,634.429411767647,2.857142857142857,,,,burla
burocracia,775.31949999,11.76470588235294,,,,burocracia
burra,625.4769444388888,2.7027027027027026,,,4.333,burra
burro,586.6342857228572,2.777777777777778,,,,burro
bus,636.2970588235294,2.857142857142857,5.95,6.84,,bus
buscador,617.1183783756757,0.0,4.333,6.136,7.346,buscador
buscar,582.9591025282051,0.0,,,,buscar
búsqueda,626.2599999914286,0.0,,,,busqueda
busto,668.7348484878788,10.81081081081081,,,,busto
butaca,635.6941176882353,2.857142857142857,,,,butaca
butano,661.8794871846154,0.0,6.35,5.56,,butano
buzón,618.5593750375,0.0,,,,buzon
cabalgata,739.371875,11.11111111111111,,,3.333,cabalgata
caballería,648.9574285799999,2.777777777777778,,,,caballeria
caballero,570.533333339394,0.0,,,,caballero
caballo,561.5101470705882,5.555555555555555,,,,caballo
cabaña,664.0820512820513,2.5,,,,cabana
cabecera,790.3083333277777,5.263157894736842,,,7.0,cabecera
cabellera,746.8177777777778,20.58823529411765,,,6.286,cabellera
cabello,586.6741935516129,0.0,,,,cabello
cabeza,579.6800000166667,3.225806451612903,,,,cabeza
cabida,759.67666667,21.05263157894737,,,9.455,cabida
cabina,629.9515151212121,5.714285714285714,5.55,5.35,,cabina
cable,557.5142857257143,0.0,,,,cable
cabo,685.0558823352941,2.857142857142857,,,,cabo
cabra,569.1971428685714,0.0,,,,cabra
cabrón,582.6135135513514,0.0,,,,cabron
cacao,663.4258823529411,0.0,5.192,6.03,5.188,cacao
cacería,759.2166666433333,3.225806451612903,,,,caceria
cacerola,750.1899999925,4.761904761904763,5.55,5.333,,cacerola
cachorro,608.4738157763157,2.564102564102564,,,,cachorro
cactus,587.6638888944444,0.0,,,5.75,cactus
cadáver,607.2210526315789,2.564102564102564,,,,cadaver
cadena,584.7258108027027,0.0,,,,cadena
cadencia,778.6153846076922,18.75,,,9.7,cadencia
cadera,580.1277777805556,0.0,,,,cadera
caer,624.3388888861111,2.7027027027027026,,,,caer
café,563.4948717923077,0.0,,,,cafe
cafetera,702.9544285771428,5.405405405405405,6.25,6.654,,cafetera
cafetería,573.3352941029411,2.857142857142857,,,,cafeteria
caída,618.3236111166667,2.7027027027027026,,,,caida
caja,571.3612500027778,0.0,,,,caja
cajero,658.424999996875,3.03030303030303,,,5.476,cajero
cajón,551.5837837783783,0.0,,,,cajon
cajonera,710.58583333,3.225806451612903,5.842,5.571,,cajonera
cal,634.8571429071428,24.32432432432433,,,,cal
cala,708.4153030242425,10.81081081081081,,,7.95,cala
calabacín,607.5999999818182,5.714285714285714,,,,calabacin
calabaza,605.1179487205128,0.0,6.2,6.333,,calabaza
calabozo,701.3029411764705,8.108108108108109,,,6.833,calabozo
calamar,621.0655172172413,6.451612903225806,6.379,5.848,,calamar
calamidad,741.9264705882352,5.555555555555555,,,10.6,calamidad
calavera,651.172625,0.0,,,,calavera
calcetín,594.1387096612904,0.0,,,,calcetin
calculadora,607.3374999911765,0.0,,,,calculadora
calcular,579.7727272575758,0.0,,,5.4,calcular
cálculo,574.4542857142857,0.0,,,,calculo
caldero,633.2416666722222,5.263157894736842,5.929,4.429,,caldero
caldo,645.1692307641026,0.0,,,3.95,caldo
calendario,614.0694444166667,2.7027027027027026,,,,calendario
calentamiento,639.0096774161291,0.0,,,6.1,calentamiento
calentar,615.45180555,2.7027027027027026,,,,calentar
calibre,645.5842105578947,0.0,,,9.9,calibre
calidad,562.5410256333333,2.5,,,,calidad
caliente,618.5700000075,0.0,4.13,6.576,,caliente
calificación,669.1863333466666,3.225806451612903,,,,calificacion
calificar,613.356250009375,3.03030303030303,,,7.409,calificar
calificativo,724.6817567486487,0.0,,,,calificativo
caligrafía,697.102631581579,5.0,,,,caligrafia
cáliz,637.8096774258064,3.125,,,,caliz
callado,607.7230769205128,0.0,,,,callado
callar,634.8787878757576,0.0,,,3.0,callar
calle,554.2142857142857,2.777777777777778,,6.905,,calle
callejera,636.9657142971429,0.0,4.5,5.485,7.688,callejera
callejón,566.4225806419355,6.0606060606060606,,,,callejon
calma,575.1425,0.0,,,,calma
calmado,631.7594594567568,5.128205128205128,,,,calmado
calmante,660.0627906767442,0.0,,,,calmante
calmar,601.0121212242424,2.941176470588235,4.069,6.483,,calmar
calor,521.1571428342857,0.0,,,,calor
calva,634.765625,3.03030303030303,,,5.158,calva
calvo,647.8507352941176,0.0,,,,calvo
calzada,636.0500000133334,3.225806451612903,,,6.952,calzada
calzado,572.4171428914286,0.0,,,,calzado
calzoncillos,685.3689189216217,0.0,,,,calzoncillos
cama,586.4315714285715,2.777777777777778,,,,cama
cámara,555.0131578578947,0.0,,,,camara
camarada,665.6435897076923,2.5,,,,camarada
camarero,583.8677777666667,2.7027027027027026,,,,camarero
camarote,685.9741935419355,8.823529411764707,,,7.056,camarote
cambiar,610.934375009375,3.03030303030303,,,,cambiar
cambio,598.53714286,0.0,,,,cambio
camello,601.2820512615384,0.0,,,,camello
camilla,696.7216666575757,8.333333333333332,,,,camilla
caminar,561.7657894789473,0.0,,,,caminar
caminata,622.5493055583333,2.7027027027027026,4.9,5.879,,caminata
camino,603.3204411852942,0.0,,,,camino
camión,599.0742857228571,0.0,,,,camion
camionero,597.8705882205883,0.0,,,,camionero
camioneta,669.351351345946,2.631578947368421,,,,camioneta
camisa,579.0190476190476,2.325581395348837,,,,camisa
camiseta,575.5669117676471,0.0,,,,camiseta
camisón,764.64687500625,5.882352941176471,,,,camison
campana,601.7555882411765,2.857142857142857,,,,campana
campanilla,632.0147058823529,0.0,,,4.286,campanilla
campaña,618.7,0.0,,,,campana
campeón,556.590625003125,0.0,,,,campeon
campeonato,650.0163636303031,2.941176470588235,,,,campeonato
campesino,649.3694444944445,0.0,,,,campesino
camping,662.9258064419355,11.428571428571429,,,,camping
campo,627.6526315894737,2.564102564102564,,,,campo
canadiense,698.7777777722222,5.263157894736842,6.087,3.952,8.808,canadiense
canal,578.5764706,0.0,,,,canal
canalla,657.0166666666667,9.090909090909092,4.88,3.769,7.5,canalla
canario,608.9117647264706,2.857142857142857,,,,canario
canasta,722.1861111111111,2.7027027027027026,6.357,6.381,,canasta
cancela,751.8944117617647,8.108108108108109,,,6.5,cancela
cancelar,609.6055555527778,2.7027027027027026,4.52,5.808,6.346,cancelar
cáncer,571.6970588705882,0.0,,,,cancer
cancha,713.890625015625,8.571428571428571,5.913,4.238,7.846,cancha
canciller,767.5607142857143,24.32432432432433,5.222,3.045,10.192,canciller
canción,570.6184210842106,0.0,,,,cancion
candado,719.7257142771429,10.25641025641026,,,,candado
candidato,668.5842105289473,0.0,,,,candidato
canela,637.9000000032258,0.0,,,,canela
cangrejo,611.9128205076923,0.0,,,,cangrejo
canguro,622.5057142771428,0.0,,,,canguro
canica,752.7925925962963,25.0,6.174,5.095,,canica
canoa,691.9733333366667,9.090909090909092,6.3,4.879,,canoa
canon,773.7483870935483,22.5,,,,canon
cansado,601.7263157657894,0.0,4.5,6.714,,cansado
cansancio,649.2171428,5.405405405405405,,,,cansancio
cantante,624.523,2.777777777777778,,,,cantante
cantar,587.7051351378378,0.0,,,,cantar
cante,682.3037037555556,22.857142857142858,,,6.955,cante
cantidad,561.4716216189189,0.0,,,,cantidad
cantina,700.265517237931,12.12121212121212,,,10.0,cantina
caña,612.65714282,0.0,,,,cana
cañada,725.9099999966667,6.25,,,,canada
caño,627.3884,26.47058823529412,,,,cano
cañón,640.9004411823529,5.555555555555555,,,,canon
caoba,829.891999996,35.8974358974359,,,9.5,caoba
caos,616.9093243243243,0.0,,,,caos
capa,612.7690476214286,0.0,,,,capa
capacidad,599.6461538461539,0.0,,,,capacidad
capacitación,712.4032257806451,8.823529411764707,,,,capacitacion
caparazón,774.4314285771428,7.894736842105263,,,,caparazon
capaz,573.8495833388889,0.0,3.556,6.536,,capaz
capellán,774.92812500625,17.94871794871795,,,,capellan
capilla,597.5416666583334,2.7027027027027026,,,,capilla
capital,586.112058817647,0.0,,,,capital
capitalismo,652.0769230769231,2.5,,,,capitalismo
capitalista,586.6999999911765,0.0,,,9.842,capitalista
capitán,600.26338235,0.0,,,,capitan
capitana,757.555624996875,5.882352941176471,5.739,4.048,5.769,capitana
capítulo,609.8274999975,0.0,,,,capitulo
capote,740.3389999999999,30.555555555555557,,,,capote
capricho,673.4051428628571,5.405405405405405,,,,capricho
caprichoso,637.9575757333333,5.714285714285714,,,,caprichoso
cápsula,618.5909722194444,0.0,,,,capsula
captación,662.6558139279069,0.0,,,,captacion
captar,667.68985295,0.0,,,7.556,captar
captura,563.9903225806452,6.0606060606060606,,,8.333,captura
capturar,584.8657142828572,0.0,,,7.7,capturar
capucha,642.7194444222222,2.7027027027027026,,,3.333,capucha
capullo,608.5371428885715,0.0,,,,capullo
cara,579.21875001875,3.03030303030303,,,,cara
caracol,620.4082051307693,2.5,,,,caracol
carácter,618.9822058794118,0.0,,,,caracter
característica,686.7111111138889,2.7027027027027026,,,,caracteristica
caracterización,718.48233333,3.225806451612903,,,,caracterizacion
caracterizar,665.5170270297298,5.128205128205128,,,8.316,caracterizar
carajo,675.260606060606,2.941176470588235,3.12,4.077,9.0,carajo
caramba,714.2460606151515,5.714285714285714,3.08,3.462,6.962,caramba
caramelo,646.8578947394736,0.0,6.0,6.517,,caramelo
caravana,643.965921068421,5.0,,,,caravana
carbón,604.6194444694445,0.0,,,,carbon
carbono,637.4771428742857,2.777777777777778,,,9.636,carbono
carcajada,620.0558823264706,2.857142857142857,,,,carcajada
cárcel,581.2487179538462,2.5,,,,carcel
cardenal,726.9600000142857,5.405405405405405,,,,cardenal
carecer,764.1396969606061,5.714285714285714,,,9.429,carecer
carencia,757.5378787848484,10.81081081081081,,,9.19,carencia
carga,609.561578968421,5.0,,,,carga
cargamento,731.9705882352941,0.0,5.111,4.5,7.846,cargamento
cargar,634.5064515903226,0.0,,,5.909,cargar
cargo,611.9153846256411,0.0,,,,cargo
caricatura,701.9548387161291,6.0606060606060606,,,5.833,caricatura
caricia,682.2462857142857,2.777777777777778,,,,caricia
caridad,683.9580645225807,0.0,,,,caridad
caries,675.012499946875,5.882352941176471,6.35,5.762,,caries
cariño,566.7790697930233,0.0,,,,carino
cariñoso,571.8411764764705,0.0,,,,carinoso
carisma,669.8161290225806,6.0606060606060606,4.55,4.286,,carisma
carismático,671.9499999882353,5.555555555555555,,,,carismatico
carmín,679.936406253125,13.513513513513509,,,,carmin
carnaval,603.92368425,0.0,,,,carnaval
carnero,692.8586206896551,6.451612903225806,,,7.571,carnero
carnet,613.0130555527778,2.7027027027027026,,,5.65,carnet
carpa,651.2387096806451,3.125,,,,carpa
carpeta,607.57281249375,3.03030303030303,,,,carpeta
carpintero,669.3954166666666,0.0,,,,carpintero
carrera,579.3617647529412,0.0,,,,carrera
carreta,672.4568571542857,2.777777777777778,6.259,4.571,,carreta
carretera,639.4054054243243,0.0,,,,carretera
carrito,603.896969660606,2.941176470588235,6.0,6.24,,carrito
carro,562.242972981081,0.0,,,,carro
carromato,777.915999996,34.210526315789465,,,9.7,carromato
carroña,690.541176467647,15.0,,,,carrona
carroza,698.2794117647059,0.0,,,4.444,carroza
carruaje,690.5212121333333,2.941176470588235,,,,carruaje
carta,584.8272727151515,2.941176470588235,,,,carta
cartel,612.7857142571429,0.0,,,,cartel
cartera,658.4150000030303,2.941176470588235,,,,cartera
cartero,672.3757575939394,2.941176470588235,,,,cartero
cartesiano,805.2444444444444,20.58823529411765,,,,cartesiano
cartón,596.0233333233333,3.225806451612903,,,,carton
cartucho,723.6225806483872,13.88888888888889,,,,cartucho
casa,548.802325572093,0.0,,,,casa
casamiento,671.1147059147058,0.0,,,5.842,casamiento
casar,625.6942857114286,5.405405405405405,,,,casar
cascada,598.9465714228571,2.777777777777778,,,,cascada
cáscara,581.43614286,5.405405405405405,,,,cascara
casco,634.0348648756757,0.0,,,,casco
casera,633.428125,3.03030303030303,,,7.05,casera
caserío,670.7294118205882,5.555555555555555,,,,caserio
caserón,704.4827586241379,14.70588235294118,,,,caseron
caseta,640.5138888638888,2.7027027027027026,,,,caseta
casino,633.5541176529412,0.0,,,,casino
casita,628.43428572,0.0,5.769,6.357,,casita
caso,727.8145714285714,0.0,,,,caso
casona,745.8769230692308,53.57142857142857,,,9.8,casona
casta,708.3351612967742,11.428571428571429,,,,casta
castaño,639.0666666611111,2.7027027027027026,,,,castano
castañuelas,735.2249999972222,5.263157894736842,,,,castanuelas
castellano,593.7903225870967,0.0,4.95,6.697,,castellano
castidad,638.9276470676471,8.108108108108109,,,,castidad
castigar,591.2461538435897,0.0,,,,castigar
castigo,586.4789473894737,2.564102564102564,,,,castigo
castillo,627.2011111111111,0.0,,,,castillo
casual,618.77557144,0.0,,,,casual
casualidad,612.8225806612903,0.0,,,,casualidad
catalán,573.0263157973684,0.0,,,,catalan
catálogo,640.7684210315789,0.0,,,,catalogo
catarata,751.9615384615385,13.33333333333333,,,,catarata
catarro,646.6691666694444,2.7027027027027026,5.5,5.727,,catarro
catástrofe,643.4625,0.0,,,,catastrofe
catecismo,769.636,26.47058823529412,,,8.722,catecismo
cátedra,634.3025641051282,0.0,,,,catedra
catedral,625.9388888527777,0.0,,,,catedral
catedrático,687.9714285685715,0.0,,,,catedratico
categoría,631.6027026864865,0.0,,,,categoria
cateto,721.1909090863636,29.03225806451613,,,9.2,cateto
católica,664.5974999975,0.0,,,,catolica
católico,666.6825000025,0.0,,,,catolico
catre,789.1684211105263,40.625,,,9.7,catre
cauce,739.56875,17.94871794871795,,,,cauce
caudal,690.3192307846153,16.12903225806452,,,,caudal
caudaloso,765.6750000035714,15.151515151515149,4.87,4.556,,caudaloso
caudillo,756.1024242333333,8.333333333333332,,,,caudillo
causa,578.8364705852941,0.0,,,,causa
causalidad,618.2919117647059,2.857142857142857,,,,causalidad
causar,586.0026315763158,2.564102564102564,,,6.32,causar
cautela,713.6909459783784,7.5,,,,cautela
cautiverio,786.4827586206897,21.62162162162162,,,,cautiverio
cautivo,641.9758620689655,3.3333333333333335,,,8.56,cautivo
cauto,732.6178571428571,30.0,,,,cauto
cava,695.1029629629629,18.18181818181818,,,,cava
cavar,679.8709677451614,6.0606060606060606,5.481,4.682,5.115,cavar
caverna,649.1580645193549,8.823529411764707,,,7.842,caverna
cavidad,707.98437500625,0.0,,,10.143,cavidad
caza,588.992105268421,5.0,,,,caza
cazador,559.306249996875,3.03030303030303,,,,cazador
cazadora,625.7651351486486,0.0,,,,cazadora
cazar,589.32666666,3.225806451612903,,,,cazar
cazo,636.7714285628572,7.894736842105263,6.111,4.8,,cazo
cazuela,682.3531818242424,2.941176470588235,,,,cazuela
cebo,648.9333333370371,12.90322580645161,,,7.35,cebo
cebolla,584.4378378297297,0.0,,,,cebolla
cebra,664.70666667,21.05263157894737,,,,cebra
ceder,628.9906756675675,0.0,,,,ceder
cefalea,813.0818181636364,23.25581395348837,,,,cefalea
ceguera,661.6114286057143,0.0,,,,ceguera
celda,606.8410256461539,2.5,,,,celda
celebración,633.8028571228572,5.405405405405405,,,,celebracion
celebrar,616.9657894763158,0.0,,,,celebrar
celeridad,796.60666666,58.333333333333336,,,10.727,celeridad
celo,652.5096774612903,11.428571428571429,,,,celo
celoso,592.1925714285715,2.777777777777778,4.64,5.769,6.808,celoso
célula,575.8692307538462,0.0,,,,celula
celular,623.7657142571429,0.0,5.4,4.808,7.269,celular
celulitis,714.0500000027778,5.263157894736842,,,,celulitis
celulosa,687.6638889,5.263157894736842,,,9.318,celulosa
cementerio,637.7864864837837,0.0,,,,cementerio
cemento,661.837500003125,3.03030303030303,,,,cemento
cena,576.3571428228571,0.0,,,,cena
cenar,580.357647067647,0.0,,,3.05,cenar
cencerro,725.6911764588235,10.52631578947368,,,,cencerro
cenicero,705.5096666666667,3.225806451612903,,,,cenicero
ceniza,651.2235293970588,5.555555555555555,,,,ceniza
censo,725.3430000066667,25.0,,,10.85,censo
censura,627.6970967709677,6.0606060606060606,,,,censura
centavo,723.2380769192307,21.21212121212121,6.56,3.769,7.269,centavo
centenar,761.2878787939394,15.38461538461539,,,8.0,centenar
centenario,698.9173611138889,0.0,,,8.333,centenario
centímetro,603.8885714514286,0.0,,,,centimetro
central,544.9542857371429,0.0,,,,central
centro,575.7555555388889,0.0,,,,centro
cepillo,639.7241666611111,2.7027027027027026,,,,cepillo
cera,596.4720833444444,2.7027027027027026,,,,cera
cerámica,592.1121212090909,0.0,,,,ceramica
cerca,596.3969696969697,0.0,3.393,6.462,,cerca
cercanía,618.9142857200001,0.0,,,,cercania
cercano,642.1378378027027,2.631578947368421,4.05,6.571,,cercano
cerco,761.5407407407407,18.18181818181818,,,9.727,cerco
cerdo,599.4769230717949,0.0,,,,cerdo
cereal,618.8444444138889,0.0,4.778,6.333,,cereal
cerebelo,780.8142857107143,12.5,6.611,3.952,,cerebelo
cerebral,669.4129032225807,6.0606060606060606,4.5,6.037,,cerebral
cerebro,584.4333333666667,0.0,,,,cerebro
ceremonia,684.974999996875,3.03030303030303,,,,ceremonia
cerezo,659.7999999944444,5.263157894736842,6.571,5.571,,cerezo
cerilla,708.4025641051282,2.5,,,,cerilla
cero,652.1562499875,5.882352941176471,5.45,6.815,,cero
cerrada,635.338709683871,0.0,5.3,6.286,,cerrada
cerrado,577.8263157894737,2.564102564102564,5.05,6.727,,cerrado
cerradura,650.8894736789474,2.564102564102564,,,,cerradura
cerrar,589.5504054054054,0.0,,,,cerrar
cerro,730.6357142428571,24.32432432432433,,,9.36,cerro
cerrojo,685.0741935193548,11.428571428571429,,,,cerrojo
certeza,636.1567567675676,2.631578947368421,,,,certeza
certidumbre,728.4366666666667,16.66666666666667,,,10.4,certidumbre
certificado,676.7515277777778,0.0,5.333,5.545,8.962,certificado
cerveza,572.5283333416667,2.7027027027027026,,,,cerveza
cesión,685.4888888222222,22.857142857142858,,,,cesion
césped,568.5852941,0.0,,,,cesped
cesta,595.1837837945945,2.631578947368421,,,,cesta
cetro,771.1470587882353,48.48484848484849,,,10.316,cetro
chalé,742.4228571542857,10.25641025641026,,,,chale
chaleco,704.2666666777778,5.263157894736842,,,,chaleco
chalet,635.9944444194444,0.0,,,,chalet
champán,592.5243243162162,2.631578947368421,,,,champan
champiñón,659.8017142857143,2.777777777777778,,,,champinon
chancla,732.1571428628572,2.777777777777778,6.609,6.24,,chancla
chándal,633.0864864675675,2.631578947368421,,,,chandal
chantaje,616.734375,3.03030303030303,4.484,5.393,,chantaje
chapa,655.6600000085714,5.405405405405405,,,5.444,chapa
chaqueta,579.8466666733333,0.0,,,,chaqueta
chaquetero,738.6090908818181,2.941176470588235,,,,chaquetero
chaquetón,644.38235295,0.0,,,,chaqueton
charca,698.0807691961538,25.71428571428571,,,,charca
charco,666.8309090878788,8.333333333333332,,,,charco
charla,585.642857152381,0.0,,,,charla
charlar,628.0454411794118,0.0,,,,charlar
chat,603.556323532353,0.0,5.778,6.52,,chat
chatarra,633.2490540513513,0.0,5.111,5.045,7.538,chatarra
chaval,553.3465116279069,0.0,,,,chaval
cheque,616.8333333515152,0.0,,,,cheque
chica,561.7676471058824,0.0,,,,chica
chicharra,752.2434782695652,23.333333333333332,4.308,2.97,9.312,chicharra
chico,594.0581395418604,0.0,,,,chico
chiflado,719.5721666633333,11.76470588235294,3.957,5.714,,chiflado
chillido,676.0000000117647,2.857142857142857,,,,chillido
chimenea,665.1962500055555,10.0,,,,chimenea
chimpancé,656.2720930325581,0.0,,,,chimpance
china,630.115789481579,0.0,,,,china
chincheta,758.1611111111112,15.625,,,,chincheta
chino,603.3075000125,4.761904761904763,,,,chino
chip,702.2885714314285,10.25641025641026,,,8.286,chip
chiquillo,673.7068965413794,6.451612903225806,,,5.2,chiquillo
chispa,616.5354838935484,6.0606060606060606,,,5.45,chispa
chiste,619.2733333424243,2.941176470588235,,,,chiste
chistoso,671.8621621567568,2.631578947368421,,,,chistoso
chivato,702.5342857171429,10.25641025641026,,,,chivato
chivo,734.5894736842105,44.11764705882353,,,9.789,chivo
chocante,748.575000028125,3.03030303030303,4.462,5.152,8.219,chocante
chocar,663.0393939424242,2.941176470588235,,,4.222,chocar
chocolate,601.6904761976191,0.0,,,,chocolate
choque,681.6657895131578,0.0,,,,choque
chorizo,616.3611111138889,2.7027027027027026,,,,chorizo
chorro,646.5634848484848,2.941176470588235,,,5.095,chorro
choza,661.384062509375,13.513513513513509,,,,choza
chubasquero,729.665937496875,5.882352941176471,6.609,5.571,,chubasquero
chuchería,683.5393589717949,2.5,,,,chucheria
chulo,660.4874999925,0.0,,,,chulo
chupar,579.597058817647,0.0,5.087,5.429,3.269,chupar
cicatriz,613.0903225903226,0.0,,,,cicatriz
ciclismo,693.3621621567568,0.0,5.95,5.571,,ciclismo
ciclista,631.4025641051282,0.0,6.2,6.394,,ciclista
ciclón,751.6923076846153,9.30232558139535,,,,ciclon
ciego,629.4121212151515,0.0,,,,ciego
cielo,556.953124996875,3.03030303030303,,,,cielo
ciempiés,723.1738235411765,0.0,,,,ciempies
cien,663.0647058794118,5.555555555555555,5.722,6.81,,cien
ciencia,602.6447368447368,2.564102564102564,,,,ciencia
científica,627.0342856828571,2.777777777777778,,,,cientifica
científico,623.0685714314286,0.0,,,,cientifico
ciento,750.26874999375,13.513513513513509,4.35,6.296,,ciento
cierre,598.8684210473684,2.564102564102564,,,,cierre
cierta,571.4558823647059,2.857142857142857,3.957,6.111,,cierta
cierto,577.9763157789474,2.564102564102564,3.286,6.476,,cierto
ciervo,601.7963888861111,2.7027027027027026,,,,ciervo
cifra,664.2030302666667,2.941176470588235,,,,cifra
cifrado,716.1151515212122,10.81081081081081,,,,cifrado
cigarrillo,612.1999999736842,2.564102564102564,,,,cigarrillo
cigarro,583.7108108081081,0.0,,,,cigarro
cigüeña,675.4509090909091,0.0,,,,ciguena
cilindro,720.6386363757575,5.714285714285714,,,6.944,cilindro
cima,656.7606060757576,13.157894736842099,,,,cima
cimiento,716.0032258096775,18.42105263157895,5.95,4.8,,cimiento
cinco,605.1051351297298,0.0,5.55,6.25,,cinco
cincuenta,671.2938235382353,2.857142857142857,5.759,6.75,,cincuenta
cine,542.0290322451613,0.0,,,,cine
cineasta,779.0615384653846,23.52941176470588,,,10.045,cineasta
cinismo,763.1727272772728,33.33333333333333,,,9.65,cinismo
cinta,595.2675675837838,2.631578947368421,,,,cinta
cintura,612.8948717974359,2.5,,,,cintura
cinturón,602.559374996875,0.0,,,,cinturon
ciprés,710.7642857107143,22.22222222222222,,,,cipres
circo,603.06000002,0.0,,,,circo
circuito,633.4485714057142,7.894736842105263,,,,circuito
circulación,661.6057142971429,2.777777777777778,,,,circulacion
circular,584.1675714342857,5.405405405405405,,,,circular
círculo,553.7968055555556,2.7027027027027026,,,,circulo
circunstancia,666.6405405216216,0.0,,,,circunstancia
ciruela,660.0645833388888,2.7027027027027026,6.75,5.88,,ciruela
cirugía,572.5309722222222,2.7027027027027026,,,,cirugia
cisne,753.7030303212122,13.157894736842099,,,,cisne
cisterna,675.5468749875,3.03030303030303,,,6.545,cisterna
cita,596.5294117705882,0.0,,,,cita
citar,636.9999999868421,0.0,,,9.55,citar
ciudad,568.1882352852941,2.857142857142857,,,,ciudad
ciudadana,692.8769230717949,0.0,,,6.68,ciudadana
ciudadanía,748.0514705882352,0.0,,,,ciudadania
ciudadano,639.9857142742857,2.777777777777778,,,,ciudadano
civil,595.2588235294118,2.857142857142857,,,,civil
civilización,670.9539999971429,0.0,,,,civilizacion
clamor,731.59500003,45.94594594594595,,,10.08,clamor
clan,673.063281259375,5.882352941176471,,,7.92,clan
clandestinidad,753.930625003125,11.11111111111111,,,10.619,clandestinidad
clara,584.0792307717949,2.5,,,,clara
claridad,611.9868421078947,2.564102564102564,,,,claridad
clarinete,692.6133333366666,3.225806451612903,6.609,4.75,,clarinete
claro,574.5342856914285,0.0,,,,claro
clase,553.3133333388889,2.7027027027027026,,,,clase
clásica,597.9794999925,0.0,,,,clasica
clásico,606.3027026945946,2.631578947368421,,,,clasico
clasificación,621.1692307692308,0.0,,,,clasificacion
clasificar,591.8873611166666,0.0,,,6.6,clasificar
claustro,617.962500003125,3.03030303030303,,,,claustro
clavar,631.9121211818182,5.714285714285714,5.087,6.185,,clavar
clave,588.0923076897436,2.5,,,,clave
clavel,678.5846153871795,0.0,,,,clavel
clavícula,652.4925000025,0.0,,,,clavicula
clavo,668.2842857171429,2.777777777777778,,,,clavo
clérigo,694.6142857107143,28.2051282051282,,,,clerigo
clero,749.2101666633333,18.91891891891892,,,10.15,clero
cliente,570.80588235,0.0,,,,cliente
clientela,767.4195,14.28571428571428,,,,clientela
clima,561.3400000055556,0.0,,,,clima
clínica,613.0027026810811,0.0,,,,clinica
clip,675.2635294117647,2.857142857142857,,,,clip
cloro,621.4416666666667,7.6923076923076925,,,,cloro
cloruro,787.928571425,22.22222222222222,,,10.64,cloruro
club,583.717948725641,0.0,,,,club
coacción,790.2828571457143,10.25641025641026,,,,coaccion
coaccionar,771.162500003125,13.513513513513509,,,,coaccionar
coagulación,820.3657142428572,7.894736842105263,,,,coagulacion
coartada,833.6799999966667,23.07692307692308,,,9.238,coartada
cobarde,620.3810810864865,2.631578947368421,,,,cobarde
cobardía,676.3027027054054,2.631578947368421,,,,cobardia
cobertizo,660.0967741806452,8.823529411764707,,,,cobertizo
cobertura,602.1640277777777,0.0,4.519,6.0,8.154,cobertura
cobijo,662.5810810756757,13.95348837209302,,,,cobijo
cobra,575.8558333333333,0.0,,,,cobra
cobrar,674.1727272636364,2.941176470588235,,,,cobrar
cobre,601.030303039394,0.0,,,,cobre
cobro,671.1026315842105,2.564102564102564,,,,cobro
cocaína,611.3685714342857,0.0,,,,cocaina
cocer,686.9876562375,13.513513513513509,,,,cocer
coche,565.1469444472223,2.7027027027027026,,,,coche
cochero,728.2600000057142,16.66666666666667,,,,cochero
cocido,677.8789473736842,0.0,,,,cocido
cocina,590.1421052657895,0.0,,,,cocina
cocinar,561.2571428485714,0.0,4.609,6.679,,cocinar
cocinera,608.8150000025,0.0,,,4.2,cocinera
cocinero,626.7820512769231,0.0,,,,cocinero
cocodrilo,630.636216227027,0.0,,,,cocodrilo
cóctel,607.18875,0.0,,,,coctel
codicioso,748.0363636424242,10.81081081081081,,,,codicioso
código,562.6533333333333,3.225806451612903,,,,codigo
codo,656.7461538512821,2.5,,,,codo
cofre,656.331250003125,3.03030303030303,,,,cofre
coger,612.4026315789473,5.0,,,,coger
cogida,661.745161283871,0.0,,,7.52,cogida
cogote,756.65666667,14.28571428571428,,,8.381,cogote
coherencia,665.2411765264706,2.857142857142857,,,9.429,coherencia
cohesión,617.612499984375,5.882352941176471,,,,cohesion
cohete,659.7285714285714,2.777777777777778,,,,cohete
coincidencia,703.5301428628571,0.0,,,,coincidencia
coincidir,668.7331818151515,0.0,,,7.211,coincidir
coito,736.8928571285714,22.22222222222222,,,,coito
coja,649.575,5.882352941176471,,,,coja
cojo,619.7060606121212,0.0,,,,cojo
col,795.7473809523809,38.235294117647065,6.737,5.44,,col
cola,568.9371428314286,2.777777777777778,,,,cola
colaboración,658.4735294088235,2.857142857142857,,,,colaboracion
colaborador,640.6568749975,0.0,,,7.0,colaborador
colaborar,635.9199999971429,0.0,,,5.722,colaborar
colación,725.2916666666666,62.5,,,,colacion
colador,632.5515151909091,0.0,6.65,6.0,,colador
colcha,649.1379311068965,17.14285714285714,,,7.0,colcha
colchón,621.8156756891892,0.0,,,,colchon
colección,606.9088235294117,0.0,,,,coleccion
coleccionista,674.2399999942858,0.0,,,,coleccionista
colectividad,643.6641025538462,0.0,,,8.286,colectividad
colectivo,644.1925,0.0,,,7.389,colectivo
colega,588.3096875,3.03030303030303,,,,colega
colegial,680.2088235058824,0.0,,,7.318,colegial
colegio,584.6289473947369,0.0,5.95,6.857,,colegio
cólera,660.3819696939394,10.81081081081081,,,,colera
colgante,574.8257142914285,0.0,5.857,6.333,,colgante
colgar,591.4400000057143,0.0,4.05,6.37,,colgar
colibrí,671.20624998125,5.882352941176471,,,,colibri
colina,677.1314285628571,10.25641025641026,,,,colina
colisión,651.7199999866667,0.0,,,,colision
collar,596.33437500625,3.03030303030303,,,,collar
colmena,665.6733333266667,11.76470588235294,6.348,4.238,7.192,colmena
colmo,588.6257142628572,0.0,,,9.15,colmo
colocación,664.9606060575758,2.941176470588235,,,,colocacion
colocar,637.6533333333333,0.0,,,,colocar
colon,658.4699999933333,9.090909090909092,6.278,3.769,,colon
colonia,584.974193532258,6.0606060606060606,,,,colonia
coloquio,669.8108108216217,2.631578947368421,,,,coloquio
color,562.1763157789474,0.0,,,,color
colorado,624.1277777888889,0.0,,,,colorado
colorido,612.1263157894737,2.564102564102564,4.0,5.96,,colorido
colorín,656.5392857071429,3.448275862068965,,,,colorin
colosal,685.6464285642858,9.67741935483871,3.654,3.939,9.844,colosal
columna,615.147058817647,0.0,,,,columna
columpio,684.4999999921052,5.0,,,,columpio
coma,599.4309523857142,2.325581395348837,,,,coma
comandante,694.9135135108108,7.5,,,,comandante
comando,666.02499999375,0.0,4.84,3.5,9.577,comando
comarca,654.1483870967742,3.125,,,,comarca
comba,722.4525,23.52941176470588,5.95,4.929,,comba
combate,640.5727272818182,13.157894736842099,,,,combate
combatiente,724.0322580612903,6.0606060606060606,4.263,4.25,,combatiente
combatir,608.4484848363636,2.941176470588235,,,7.636,combatir
combinación,639.016666675,0.0,,,,combinacion
combustible,625.2162162324324,0.0,,,7.7,combustible
combustión,662.1594594648649,0.0,,,,combustion
comedia,614.3939393848485,0.0,,,,comedia
comedor,562.4075000025,0.0,,,,comedor
comentar,626.3171428514286,0.0,,,5.429,comentar
comentario,669.3222222222222,5.263157894736842,,,,comentario
comenzar,581.1973684289474,0.0,,,,comenzar
comer,539.9901351216216,0.0,,,,comer
comercial,577.6848484636364,5.714285714285714,3.35,5.857,,comercial
comercialización,792.2243243297297,2.631578947368421,,,,comercializacion
comerciante,711.353846151282,2.5,,,,comerciante
comercio,620.8749999875,0.0,,,,comercio
cometa,629.380555563889,0.0,,,,cometa
cometer,632.3947368421052,2.564102564102564,,,8.6,cometer
cometido,689.9371428714286,2.777777777777778,,,9.5,cometido
cómic,631.6941176558823,5.555555555555555,,,,comic
cómico,582.6485714228571,0.0,,,,comico
comida,578.5684210631579,0.0,,,,comida
comienzo,580.5127027108108,0.0,,,,comienzo
comisario,675.6219117647058,0.0,,,,comisario
comisión,617.8419354806451,0.0,,,,comision
comité,636.4307692282051,0.0,,,,comite
comitiva,761.608125003125,13.513513513513509,,,10.15,comitiva
cómoda,569.1538461564103,2.5,,,,comoda
comodidad,634.6799999914285,0.0,,,,comodidad
comodín,658.860277775,0.0,,,,comodin
cómodo,587.8861110805556,0.0,,,,comodo
compacta,620.4869999942857,5.405405405405405,4.692,5.212,8.469,compacta
compacto,616.7337837864865,0.0,4.538,5.576,8.125,compacto
compadecer,631.4754054054055,0.0,,,,compadecer
compadre,709.2534883604651,0.0,,,9.05,compadre
compañera,568.3970588647059,2.857142857142857,,,,companera
compañero,548.551612916129,3.125,,,,companero
compañía,613.5195833333333,0.0,,,,compania
comparación,651.516666652381,0.0,,,,comparacion
comparar,645.3302702702703,0.0,,,5.611,comparar
compartimiento,771.3216216,0.0,,,8.619,compartimiento
compartir,638.1026470705882,0.0,,,,compartir
compás,669.582051276923,0.0,,,,compas
compasivo,646.7033333333334,6.25,,,,compasivo
compatibilidad,616.9123684289474,0.0,4.115,5.848,8.906,compatibilidad
compatriota,826.1818181424243,5.714285714285714,,,,compatriota
compensación,706.9960810864865,0.0,,,,compensacion
compensar,608.9843749875,3.03030303030303,,,6.944,compensar
competencia,670.3131578842106,0.0,,,,competencia
competente,664.2263157736842,0.0,,,,competente
competición,610.6168055555555,0.0,,,,competicion
competir,617.3528204871795,2.5,,,5.9,competir
competitivo,639.3818181818182,0.0,,,,competitivo
complacer,658.357727269697,0.0,,,,complacer
complacido,696.7800000085714,2.777777777777778,,,,complacido
complejidad,620.1694444944444,0.0,,,,complejidad
complejo,580.93569445,2.7027027027027026,,,,complejo
complemento,603.6566666766666,3.225806451612903,,,,complemento
completar,600.6729729216216,0.0,,,5.5,completar
completo,581.4710525921053,0.0,3.55,6.381,,completo
complicación,608.6193548741935,8.823529411764707,,,,complicacion
cómplice,574.0424242333333,0.0,,,,complice
complicidad,704.6918918567568,0.0,,,9.056,complicidad
componente,647.9015714257143,0.0,,,8.55,componente
componer,650.2500000026316,5.0,,,8.0,componer
comportamiento,614.9846153897436,0.0,,,,comportamiento
composición,605.1015789578947,2.564102564102564,,,,composicion
compostura,657.7294117735294,0.0,,,9.524,compostura
compra,598.2499999970588,5.555555555555555,,,,compra
comprador,634.243749990625,0.0,,,5.579,comprador
comprar,593.1222222444444,0.0,,,,comprar
comprender,624.2923611111111,0.0,,,,comprender
comprensible,642.6960810702702,0.0,3.435,5.714,8.269,comprensible
comprensión,640.7841891891892,0.0,,,,comprension
comprobación,637.4457142828571,0.0,,,,comprobacion
comprobar,634.4735294117647,0.0,,,6.571,comprobar
comprometido,762.5410256384615,2.5,4.062,5.25,,comprometido
compromiso,640.1647058794117,0.0,,,,compromiso
compuesto,581.1528378405405,0.0,,,7.25,compuesto
computadora,644.4636111111112,0.0,,,6.571,computadora
común,618.020000005,0.0,,,,comun
comunicación,588.4394736894736,2.564102564102564,,,,comunicacion
comunicado,595.7421052473684,0.0,,,8.15,comunicado
comunicar,617.12837497,0.0,,,6.211,comunicar
comunicativo,662.9026315763158,0.0,,,,comunicativo
comunidad,590.32925002,0.0,,,,comunidad
comunión,642.7999999914285,0.0,,,,comunion
comunismo,681.3571428571429,2.777777777777778,,,,comunismo
comunista,628.4184210421053,0.0,,,,comunista
concebir,648.0548386580646,8.823529411764707,,,9.545,concebir
conceder,682.0323529470588,5.555555555555555,,,7.56,conceder
concejal,670.1346153884615,13.33333333333333,4.85,4.05,,concejal
concentración,613.5763513594595,0.0,,,,concentracion
concentrado,662.5878787969697,0.0,4.259,6.286,,concentrado
concentrar,694.443750009375,0.0,,,6.056,concentrar
concepción,610.1733333393939,5.714285714285714,,,,concepcion
concepto,592.3897435846154,0.0,,,,concepto
concesión,648.6752702432433,5.128205128205128,,,,concesion
concha,628.7300000033333,3.225806451612903,6.034,4.929,,concha
conciencia,626.1174999941177,5.555555555555555,,,,conciencia
concierto,599.0030303181818,0.0,,,,concierto
conciliar,710.4942857171428,0.0,,,9.95,conciliar
concluir,622.6696969696969,5.714285714285714,,,9.0,concluir
conclusión,604.6345945864865,0.0,,,,conclusion
concordia,678.9032258161291,6.0606060606060606,,,9.92,concordia
concretar,657.2827941176471,2.857142857142857,,,8.727,concretar
concreto,620.0485713971428,0.0,3.85,6.333,,concreto
concurso,617.189459445946,0.0,,,,concurso
condado,717.6235294,5.555555555555555,5.48,3.346,9.538,condado
conde,590.2172413827586,9.375,,,,conde
condena,653.7384615384616,0.0,,,,condena
condenación,733.997222225,14.28571428571428,,,,condenacion
condenar,680.2705882382353,0.0,,,8.667,condenar
condensación,704.4764705941176,2.857142857142857,,,,condensacion
condición,614.0421052605263,2.564102564102564,,,,condicion
condicional,656.7297297216217,0.0,3.52,4.923,9.0,condicional
condicionamiento,759.0533333166667,3.225806451612903,3.737,5.85,,condicionamiento
cóndor,814.3538461730769,29.72972972972973,,,,condor
conducción,643.4813513513513,0.0,,,,conduccion
conducir,663.1745714371428,5.405405405405405,,,,conducir
conducta,614.7815789421053,2.564102564102564,,,,conducta
conductividad,740.2199999885714,2.777777777777778,,,10.429,conductividad
conducto,605.196875009375,5.882352941176471,,,,conducto
conductor,595.3844594675676,0.0,,,,conductor
conectar,626.7172973054054,0.0,,,6.05,conectar
conejo,617.3605882382353,2.857142857142857,,,,conejo
conexión,587.3285714257142,0.0,,,,conexion
conferencia,627.4405405162162,0.0,,,,conferencia
confesar,682.6635294117647,0.0,,,7.55,confesar
confesión,578.1285714,0.0,,,,confesion
confesor,702.18125,3.03030303030303,,,8.0,confesor
confiable,655.81142856,0.0,3.63,5.955,8.0,confiable
confianza,589.7974359051282,0.0,,,,confianza
confiar,604.2257143171429,0.0,,,,confiar
confidencia,640.291250045,0.0,,,,confidencia
confidencial,594.5916666444444,2.7027027027027026,4.72,4.885,8.692,confidencial
confidente,634.5190476357143,0.0,,,,confidente
configuración,626.0000000025641,0.0,,,,configuracion
configurar,638.4783783702703,2.631578947368421,,,,configurar
confirmación,571.41562500625,0.0,,,,confirmacion
confirmar,545.875,0.0,,,6.6,confirmar
conflicto,603.3992857257143,0.0,,,,conflicto
conforme,585.3487179512821,0.0,4.0,4.952,8.808,conforme
conformidad,647.2682432513514,0.0,,,,conformidad
confort,673.90624999375,3.03030303030303,4.038,5.607,,confort
confundido,637.4871794820513,0.0,,,,confundido
confundir,618.951282048718,2.5,,,,confundir
confusión,600.5323529441176,0.0,,,,confusion
confuso,601.4305555166667,2.7027027027027026,3.138,6.103,,confuso
congelado,664.2767142828571,2.777777777777778,,,,congelado
congoja,987.3533333266666,55.88235294117647,,,,congoja
congregación,758.5485714314285,12.5,,,,congregacion
congresista,814.0096773709678,16.21621621621622,5.667,3.591,10.192,congresista
congreso,619.171875009375,0.0,,,,congreso
conjetura,750.9642857178571,15.151515151515149,,,10.12,conjetura
conjunción,662.5161111166667,2.7027027027027026,,,,conjuncion
conjunto,596.3999999974359,2.5,,,,conjunto
conmoción,714.0951219658537,2.3809523809523814,,,,conmocion
conmovedor,733.5039189054054,0.0,3.957,5.381,9.577,conmovedor
conocedor,743.596551724138,12.12121212121212,,,8.65,conocedor
conocer,559.9147058823529,0.0,,,,conocer
conocimiento,588.79714288,0.0,,,,conocimiento
conquista,611.0026315973685,0.0,,,,conquista
conquistar,636.712499996875,0.0,,,8.0,conquistar
consciencia,609.1999999935484,3.125,,,,consciencia
consciente,592.3151515212121,0.0,,,,consciente
consecución,694.047368418421,2.564102564102564,,,,consecucion
consecuencia,677.3307692205128,0.0,,,,consecuencia
consecuente,679.0611111111111,7.6923076923076925,4.0,5.524,,consecuente
conseguir,549.9008108108108,0.0,,,,conseguir
consejero,604.7685714114285,0.0,4.95,5.357,,consejero
consejo,586.6677419258065,6.0606060606060606,,,,consejo
consenso,784.9428571428572,12.5,,,10.684,consenso
consentimiento,647.2527777333333,0.0,,,8.24,consentimiento
consentir,632.1771621702703,0.0,4.05,5.962,,consentir
conservación,640.8909091030303,2.941176470588235,,,,conservacion
conservador,627.9428571371428,0.0,,,,conservador
conservar,600.7815789447368,2.564102564102564,,,,conservar
conservatorio,668.1447368421053,0.0,,,7.72,conservatorio
considerable,615.7676470647059,0.0,3.391,5.0,9.385,considerable
consideración,603.09224999,0.0,,,,consideracion
considerado,634.0298648675675,0.0,3.63,5.393,,considerado
considerar,666.0789473710527,0.0,,,,considerar
consigna,697.5275861896552,3.3333333333333335,,,,consigna
consistencia,642.0569117705883,0.0,,,8.667,consistencia
consola,611.7030302848485,2.941176470588235,,,,consola
consolidación,656.21250000625,0.0,,,,consolidacion
consonante,692.0004545424242,2.941176470588235,4.5,5.44,,consonante
constancia,617.2935483903226,0.0,,,,constancia
constante,649.3282051282051,2.5,,,8.238,constante
constatación,825.7842105131579,7.317073170731707,,,,constatacion
constatar,801.3941176411764,2.857142857142857,,,10.056,constatar
constelación,740.152656246875,5.882352941176471,,,,constelacion
constipado,759.6888888925926,12.90322580645161,5.0,6.762,,constipado
constitución,664.0941176558823,2.857142857142857,,,,constitucion
constitucional,696.2702857171429,0.0,4.652,4.667,,constitucional
constituir,703.5545455030303,0.0,,,7.5,constituir
constituyente,674.0555555472222,0.0,,,10.25,constituyente
construcción,595.7484848363637,0.0,,,,construccion
constructiva,661.9250000277777,0.0,3.222,5.81,,constructiva
construir,635.150000003125,5.882352941176471,,,4.056,construir
consuelo,631.27187499375,0.0,,,,consuelo
cónsul,766.8193548096774,18.42105263157895,,,,consul
consulado,753.584848490909,2.941176470588235,,,,consulado
consulta,594.1256410205128,0.0,,,,consulta
consultar,551.98749999375,5.882352941176471,,,6.727,consultar
consumación,723.8657142828572,5.405405405405405,,,,consumacion
consumir,594.0628571428572,0.0,,,7.286,consumir
consumo,561.2531249875,5.882352941176471,,,,consumo
contabilidad,682.3972973054055,5.128205128205128,,,9.9,contabilidad
contactar,621.615625,3.03030303030303,4.44,5.692,6.846,contactar
contacto,601.1833333611111,0.0,,,,contacto
contador,658.4472222444444,5.263157894736842,,,7.64,contador
contagio,681.6157894947369,0.0,,,,contagio
contaminación,652.3164864918919,0.0,,,,contaminacion
contaminar,668.685294117647,0.0,4.344,6.071,,contaminar
contar,629.1411764735294,8.108108108108109,,,,contar
contemplación,713.6337878787879,0.0,,,,contemplacion
contemplar,677.8702777777778,0.0,,,,contemplar
contemporáneo,759.499999984375,0.0,,,,contemporaneo
contención,667.684375003125,3.03030303030303,,,,contencion
contener,647.6184210289474,0.0,,,6.611,contener
contenido,677.928,2.777777777777778,,,,contenido
contentar,658.7136764705882,5.555555555555555,,,,contentar
contento,583.6588235323529,0.0,,,,contento
contestación,690.578124990625,8.571428571428571,,,,contestacion
contestar,636.215000005,0.0,,,3.8,contestar
contexto,589.0790697697674,0.0,,,,contexto
contienda,819.4458,21.875,,,10.476,contienda
continental,686.6682352941176,5.555555555555555,4.846,5.0,8.156,continental
continente,672.5873611083333,0.0,,,,continente
contingencia,783.4558823588235,0.0,,,10.5,contingencia
continuación,629.681250003125,0.0,,,,continuacion
continuar,604.8000000162791,0.0,,,,continuar
continuidad,617.9562162324324,0.0,,,,continuidad
contorno,654.5611111083333,2.7027027027027026,,,,contorno
contrabajo,744.54,10.25641025641026,6.15,5.048,,contrabajo
contrabando,764.0771428542857,5.405405405405405,,,9.7,contrabando
contracción,742.49411765,5.555555555555555,,,,contraccion
contractual,751.147058832353,2.857142857142857,4.0,3.03,10.344,contractual
contradicción,695.8441176558823,0.0,,,,contradiccion
contrapartida,796.8823529029412,0.0,,,9.6,contrapartida
contraposición,729.8900000033333,3.225806451612903,,,,contraposicion
contrariedad,697.7256410205129,0.0,,,,contrariedad
contrario,631.4613750225,0.0,,,,contrario
contrarrestar,761.6805263526315,2.564102564102564,,,9.619,contrarrestar
contraseña,600.3762499916667,2.7027027027027026,,,,contrasena
contraste,611.1333333128205,0.0,,,8.05,contraste
contratar,648.1857142657143,0.0,5.08,5.577,8.5,contratar
contrato,583.4757575727273,0.0,,,,contrato
contribución,661.7447368421052,0.0,,,,contribucion
contribuir,599.1600000485714,0.0,,,8.56,contribuir
contribuyente,756.2545588294117,5.555555555555555,3.739,4.231,,contribuyente
contrincante,874.9821428857143,20.0,,,,contrincante
control,591.8857142857142,0.0,,,,control
controlar,624.360526313158,2.564102564102564,,,6.3,controlar
controversia,685.0571052578947,5.0,,,10.7,controversia
contundencia,789.2030303515152,8.333333333333332,4.385,4.939,9.656,contundencia
contundente,815.5631818090909,8.333333333333332,4.346,5.848,9.094,contundente
convencer,641.0535714142857,3.448275862068965,,,7.4,convencer
convencido,730.2499999833333,0.0,4.281,5.893,,convencido
convencimiento,750.699729745946,0.0,,,9.12,convencimiento
convención,710.9437878757576,5.714285714285714,,,,convencion
conveniencia,758.9027777805555,0.0,,,,conveniencia
conveniente,604.9328378405405,0.0,3.391,5.889,,conveniente
convenio,661.7449999972973,7.5,,,10.04,convenio
convento,664.7390243780487,2.3809523809523814,,,,convento
convergencia,780.20666666,6.25,,,10.762,convergencia
conversación,601.01842105,0.0,,,,conversacion
conversar,585.4145833222223,2.7027027027027026,,,,conversar
conversión,627.6526315815789,0.0,,,,conversion
convertir,637.5487499875,0.0,,,5.0,convertir
convicción,704.3977142942857,2.777777777777778,,,,conviccion
convincente,716.2885714371429,5.405405405405405,4.296,5.773,9.0,convincente
convivencia,669.9555555638889,0.0,,,7.526,convivencia
convocatoria,698.0230769282051,2.5,,,8.8,convocatoria
convoy,891.1517857142858,61.111111111111114,5.391,2.238,10.269,convoy
cónyuge,621.8781944555556,2.7027027027027026,,,,conyuge
coñac,699.1268333366667,16.66666666666667,,,,conac
coño,631.4652702621621,0.0,,,,cono
cooperación,679.6289473473685,0.0,,,,cooperacion
cooperar,619.3552631605263,2.564102564102564,,,,cooperar
cooperativa,645.0294117823529,2.857142857142857,,,9.0,cooperativa
coordinación,598.9779999971429,2.777777777777778,,,,coordinacion
copa,614.9879166666667,0.0,,,,copa
copia,618.6757575757575,0.0,,,,copia
copiar,595.5842105368421,0.0,,,,copiar
copla,711.031249978125,8.571428571428571,,,8.85,copla
coqueta,622.5107142892857,12.5,4.103,5.524,,coqueta
coquetear,673.8459459216216,2.631578947368421,,,,coquetear
coqueto,681.084375,13.513513513513509,3.966,5.0,,coqueto
coraje,628.115625009375,3.03030303030303,,,,coraje
coral,608.4341463219512,4.651162790697674,,,,coral
coraza,665.6866666766666,6.25,,,9.8,coraza
corazón,573.4589743717949,0.0,,,,corazon
corbata,655.9315789473684,2.564102564102564,,,,corbata
corcho,705.8447368552631,0.0,,,,corcho
cordel,845.2435294117647,52.77777777777778,,,8.2,cordel
cordero,646.3942856971429,2.777777777777778,,,,cordero
cordialidad,705.812903216129,8.823529411764707,,,,cordialidad
cordillera,667.6085714257142,5.405405405405405,,,,cordillera
cordón,648.1078571428571,5.405405405405405,,,,cordon
cordura,620.1515151424243,2.941176470588235,3.952,4.571,,cordura
cornisa,710.0903226032258,16.21621621621622,,,9.68,cornisa
coro,617.151351345946,5.128205128205128,,,,coro
corona,579.0941176382353,2.857142857142857,,,,corona
coronel,646.4289473947368,0.0,6.0,4.095,,coronel
corporación,689.3736842157895,2.564102564102564,,,,corporacion
corporal,613.843749984375,5.882352941176471,4.3,6.095,,corporal
corral,630.0151515090909,2.941176470588235,,,,corral
correa,628.137105268421,0.0,5.739,6.143,,correa
corrección,594.0058333333334,2.7027027027027026,,,,correccion
correcta,599.2712162189189,0.0,3.95,6.52,,correcta
corredor,639.3512820435898,0.0,,,,corredor
corregir,590.1508108216216,0.0,,,,corregir
correlación,681.4473684526316,0.0,,,,correlacion
correo,582.6777778027778,0.0,,,,correo
correr,550.5948717948718,0.0,,,,correr
correspondencia,641.0818918945946,5.128205128205128,,,,correspondencia
corresponder,620.7750000277778,0.0,,,8.7,corresponder
corrida,650.7435135162162,0.0,3.158,5.28,,corrida
corriente,603.7974359,0.0,,,,corriente
corromper,723.0142856964286,9.67741935483871,,,,corromper
corrupción,596.36285714,0.0,,,,corrupcion
corrupto,659.9153846205128,0.0,4.793,5.345,,corrupto
corsé,681.5379310448276,17.14285714285714,,,,corse
cortar,622.8130555583333,2.7027027027027026,,,,cortar
corte,581.9355555472222,2.7027027027027026,,,,corte
cortejo,688.454054054054,7.5,,,,cortejo
cortés,639.2705882470589,8.108108108108109,,,,cortes
cortesía,593.7611110777777,2.7027027027027026,,,,cortesia
corteza,619.8155555555555,0.0,,,,corteza
cortijo,669.5314285914286,5.405405405405405,,,9.28,cortijo
cortina,648.6668571514285,2.777777777777778,,,,cortina
corto,577.9128205128205,0.0,3.4,6.423,,corto
cosa,569.3581395348838,0.0,,,,cosa
cosecha,670.8078947368421,2.564102564102564,,,,cosecha
coser,612.1585135081081,0.0,,,,coser
costa,628.4057142828572,7.894736842105263,,,,costa
costado,709.0162161972972,2.631578947368421,,,5.4,costado
costar,683.6419354870968,6.0606060606060606,,,,costar
coste,642.1095714371429,2.777777777777778,,,8.143,coste
costear,732.7833333366667,11.76470588235294,,,,costear
costura,632.4428571542857,0.0,,,,costura
costurera,706.0689655172414,9.375,5.913,4.7,,costurera
cota,834.939000005,42.85714285714285,,,9.667,cota
cotilleo,608.9763157894737,2.564102564102564,,,,cotilleo
coyote,647.0903030363636,10.81081081081081,,,8.7,coyote
cráneo,583.258333275,0.0,,,,craneo
creación,580.0420833166667,2.7027027027027026,,,,creacion
creador,589.4685714285714,0.0,,,5.85,creador
creadora,615.7806451580645,0.0,,,6.2,creadora
crear,570.5795945756756,0.0,,,,crear
creatividad,592.0249999944444,2.7027027027027026,,,,creatividad
creativo,630.6508108189189,0.0,,,,creativo
crecer,576.812500005,0.0,,,,crecer
creciente,634.5742857457143,0.0,3.15,5.9,,creciente
crecimiento,638.4206896413793,3.3333333333333335,,,,crecimiento
crédito,570.88375,2.7027027027027026,,,,credito
crédulo,631.115000009375,17.94871794871795,,,,credulo
creencia,684.8235294117648,8.108108108108109,,,,creencia
creer,600.5022058882353,0.0,,,,creer
creído,605.6989743641026,0.0,,,,creido
crema,574.4111110861111,5.263157894736842,,,,crema
crepúsculo,639.8666666555556,0.0,,,,crepusculo
cresta,665.9833333333333,3.225806451612903,,,,cresta
creyente,658.9333333138889,10.0,,,7.35,creyente
cría,633.5230769282051,0.0,,,,cria
criada,583.5285897461539,2.5,,,,criada
criado,608.8485714228572,0.0,,,,criado
crianza,651.1877027027027,0.0,,,7.08,crianza
criar,609.530000005,0.0,4.889,5.273,6.154,criar
criatura,635.2416666611111,0.0,,,,criatura
crimen,560.520897448718,2.5,,,,crimen
criminal,582.9025641076923,2.5,,,,criminal
crisis,642.0324324351351,0.0,,,,crisis
cristal,581.3128205051282,2.5,,,,cristal
cristiana,729.2789705882353,2.857142857142857,4.783,,,cristiana
cristiano,627.9379166777778,0.0,,,,cristiano
criterio,627.37930555,2.7027027027027026,,,,criterio
crítica,590.4852941117647,2.857142857142857,,,,critica
criticar,624.3777777777777,0.0,,,,criticar
crítico,646.5512162162162,0.0,,,,critico
cromosoma,648.7939393969697,0.0,,,10.286,cromosoma
crónica,595.1588235558823,0.0,,,,cronica
cronista,751.0103448310344,14.70588235294118,,,,cronista
cronología,694.5513513486486,0.0,,,,cronologia
crucial,603.4032258258064,11.428571428571429,3.652,4.333,10.192,crucial
crucificar,678.837500003125,3.03030303030303,5.462,4.25,,crucificar
crudeza,705.32285714,7.894736842105263,,,9.65,crudeza
crudo,605.0684210631579,0.0,4.87,5.619,6.5,crudo
cruel,615.9906976767442,0.0,3.857,6.207,,cruel
crueldad,655.34714286,2.777777777777778,,,,crueldad
crujido,707.7628571514285,0.0,,,6.278,crujido
cruz,583.840624996875,0.0,,,,cruz
cruzada,595.05,2.564102564102564,4.522,3.81,7.962,cruzada
cruzar,646.4114285742858,0.0,,,,cruzar
cuaderno,631.1974999975,0.0,,,,cuaderno
cuadra,610.97453125625,8.571428571428571,,,7.714,cuadra
cuadrada,606.84062500625,0.0,,,,cuadrada
cuadrado,620.4028571485715,0.0,,,,cuadrado
cuadrante,731.77765624375,13.513513513513509,5.0,3.667,10.115,cuadrante
cuadrilla,659.3289473578948,2.564102564102564,,,8.4,cuadrilla
cuadro,584.1277631473685,5.0,,,,cuadro
cual,587.6999999939394,2.941176470588235,2.9,6.762,,cual
cualidad,635.3225,0.0,,,,cualidad
cualquier,584.8277777638889,5.263157894736842,1.95,6.385,,cualquier
cuándo,616.2108108054055,2.631578947368421,,,,cuando
cuantía,679.1166666861111,2.7027027027027026,,,,cuantia
cuántica,701.5823529411765,5.555555555555555,,,,cuantica
cuanto,599.7421052631579,2.564102564102564,1.75,6.214,,cuanto
cuarenta,700.9054054540541,0.0,6.0,6.81,,cuarenta
cuarentena,678.096875003125,0.0,5.852,6.818,10.115,cuarentena
cuarta,600.6948717948718,2.5,5.2,5.92,,cuarta
cuartel,643.7524999999999,0.0,,,,cuartel
cuarteto,761.3617647058824,5.555555555555555,4.923,4.697,8.281,cuarteto
cuarto,557.9941176588235,5.555555555555555,,,,cuarto
cuarzo,710.8666666694444,7.6923076923076925,,,10.182,cuarzo
cuatro,596.1499999941176,2.857142857142857,5.261,6.788,,cuatro
cubata,614.848717925641,0.0,6.3,5.92,,cubata
cubierta,594.3444444555555,2.7027027027027026,,,,cubierta
cubismo,688.8416666777778,14.28571428571428,,,9.905,cubismo
cubo,611.1663513513513,0.0,,,,cubo
cubrir,628.7378378675676,2.631578947368421,,,5.56,cubrir
cucaracha,668.6720930302325,0.0,,,,cucaracha
cuchara,592.21249999375,0.0,,,,cuchara
cuchilla,625.9694871948718,2.5,,,,cuchilla
cuchillo,579.4197297324324,0.0,,,,cuchillo
cuello,569.45588235,2.857142857142857,,,,cuello
cuenca,640.7297297432433,2.631578947368421,,,8.0,cuenca
cuenco,638.8079166583333,2.7027027027027026,,,,cuenco
cuenta,594.1584285714285,5.405405405405405,,,,cuenta
cuento,600.1052631605263,0.0,,,,cuento
cuerda,598.667567527027,2.631578947368421,,,,cuerda
cuerno,611.3973684236842,5.0,,,,cuerno
cuero,578.8689655103449,9.375,,,,cuero
cuerpo,613.3447368342105,0.0,,,,cuerpo
cuervo,609.6133333366666,0.0,,,,cuervo
cuestión,621.5270270297298,5.128205128205128,,,,cuestion
cuestionario,669.0333333222222,5.263157894736842,,,,cuestionario
cueva,602.512500009375,3.03030303030303,,,,cueva
cuidado,642.2735714314285,0.0,,,,cuidado
cuidar,590.8387096709678,0.0,,,,cuidar
culebra,751.50555555,10.0,,,,culebra
culminación,708.8117647176471,2.857142857142857,,,,culminacion
culminar,707.359375,0.0,,,10.048,culminar
culo,596.4060606060606,0.0,,,,culo
culpa,617.7342105342105,2.564102564102564,,,,culpa
culpable,564.68885714,2.777777777777778,,,,culpable
culpar,549.5413888888888,0.0,4.44,5.615,4.692,culpar
cultivar,629.8105263157895,2.564102564102564,,,5.889,cultivar
cultivo,636.9605263236842,0.0,,,,cultivo
culto,591.2272727090909,0.0,,,,culto
cultura,618.4380952285715,0.0,,,,cultura
cumbre,649.3951515151515,8.333333333333332,,,,cumbre
cumpleaños,584.7228571342857,0.0,,,,cumpleanos
cumplimiento,656.518918927027,2.631578947368421,,,,cumplimiento
cumplir,620.2384615333333,2.5,,,,cumplir
cúmulo,754.4407407333333,10.0,,,,cumulo
cuna,567.4081081054054,2.631578947368421,,,,cuna
cuneta,710.1176470647059,8.108108108108109,,,8.81,cuneta
cuñada,612.4000000076923,2.5,,,,cunada
cuñado,599.02105265,0.0,,,,cunado
cuota,646.6696969818182,13.157894736842099,,,9.81,cuota
cúpula,616.5999999911764,2.857142857142857,,,,cupula
cura,607.2399999428571,2.777777777777778,,,,cura
curación,673.1147058735294,2.857142857142857,,,,curacion
curar,606.0235294117647,2.857142857142857,,,,curar
curiosidad,636.1846153820513,0.0,,,,curiosidad
curioso,579.0121212121212,2.941176470588235,,,,curioso
curso,602.9894736631579,0.0,,,,curso
curva,661.3878787787879,0.0,,,,curva
curvatura,747.8393939363636,15.38461538461539,,,,curvatura
custodia,670.3829166861111,2.7027027027027026,,,9.3,custodia
daga,726.072000004,37.5,5.958,3.448,,daga
dama,624.2388888944445,2.7027027027027026,,,,dama
damas,688.0658571428571,5.405405405405405,,,,damas
danés,701.347499985,4.761904761904763,,,,danes
danza,602.4051282,0.0,,,,danza
dañar,611.1763157947369,0.0,,,,danar
dañino,654.1096774322581,6.0606060606060606,,,,danino
daño,573.1424242575757,2.941176470588235,,,,dano
dar,623.7078947394737,0.0,,,,dar
dato,593.1162162405406,7.5,,,,dato
debajo,627.0066666866667,3.225806451612903,4.0,6.179,,debajo
debate,597.1179487205128,0.0,,,,debate
deber,609.4743589794872,0.0,,,,deber
débil,549.0967742064516,6.0606060606060606,,,,debil
debilidad,607.4575000025,0.0,,,,debilidad
década,618.4906250125,3.03030303030303,,,,decada
decadencia,717.7197142714285,2.777777777777778,,,,decadencia
decapitar,687.82499998125,3.03030303030303,,,,decapitar
decena,649.6552631605263,2.564102564102564,4.857,5.519,,decena
decencia,706.397222211111,2.7027027027027026,3.957,4.286,9.962,decencia
decenio,782.9117647058823,52.77777777777778,,,10.25,decenio
decente,698.9562500111111,2.7027027027027026,3.556,6.115,,decente
decepción,596.4205128153847,0.0,,,,decepcion
decepcionar,669.27333333,6.25,3.296,6.179,,decepcionar
decidir,598.5921052631579,2.564102564102564,,,,decidir
décimo,598.318749996875,3.03030303030303,,,,decimo
decir,570.4846153974358,0.0,3.7,6.85,,decir
decisión,587.3097297351351,0.0,,,,decision
declaración,665.0763888888889,0.0,,,,declaracion
declarar,656.8352941235294,2.857142857142857,,,8.0,declarar
decoración,654.2111111138889,5.263157894736842,,,,decoracion
decorado,753.4571428428571,7.894736842105263,,,5.75,decorado
decorar,626.6529411735294,2.857142857142857,3.969,5.929,,decorar
decoro,715.7067307692307,27.77777777777778,,,,decoro
decreciente,785.2663333333334,16.66666666666667,4.889,5.185,,decreciente
decreto,659.1256944527778,0.0,,,,decreto
dedicación,661.3441176323529,0.0,,,,dedicacion
dedicar,587.6710526368421,2.564102564102564,,,6.864,dedicar
dedo,551.5694444444445,0.0,,,,dedo
deducción,719.6070967806452,3.125,,,,deduccion
deducir,657.54999999375,3.03030303030303,,,7.476,deducir
defecto,616.9441176176471,0.0,,,,defecto
defender,613.5552631631579,0.0,,,,defender
defendido,705.61842105,0.0,4.111,5.607,,defendido
defensa,563.6657894868421,2.564102564102564,,,,defensa
defensiva,637.8757575575758,2.941176470588235,4.0,5.667,7.692,defensiva
defensor,604.1696969666667,0.0,,,,defensor
deficiencia,747.853125003125,8.571428571428571,,,9.095,deficiencia
definición,574.9714285771429,0.0,,,,definicion
definir,592.4442647058823,5.555555555555555,,,5.389,definir
definitiva,603.7871794820513,0.0,3.435,6.286,,definitiva
deforme,672.1399999971428,0.0,3.935,5.214,,deforme
degollar,743.8942857314286,5.405405405405405,,,,degollar
dejar,623.0384615410256,2.5,,,,dejar
delantal,687.4225806419355,3.125,,,,delantal
delante,647.9833333027777,5.263157894736842,4.111,6.286,,delante
delantera,602.6636363575758,0.0,,,7.333,delantera
delegación,711.2276923307693,0.0,,,,delegacion
delegado,629.825806451613,0.0,5.611,5.857,,delegado
deleite,791.4384615346154,33.33333333333333,3.444,2.357,,deleite
delfín,642.8716666638888,0.0,,,,delfin
delgado,608.4967742,0.0,,,,delgado
delicadeza,634.5882353,0.0,,,,delicadeza
delicado,605.5275861896552,3.3333333333333335,4.156,6.071,,delicado
delicia,640.2117647088236,2.857142857142857,,,,delicia
delicioso,586.8368421,2.564102564102564,,,,delicioso
delimitación,742.2283823382353,2.857142857142857,,,,delimitacion
delincuencia,687.6238095238095,0.0,,,,delincuencia
delincuente,641.6088235294118,0.0,,,,delincuente
delirio,647.0933333266667,9.090909090909092,,,,delirio
delito,620.6864864675675,2.631578947368421,,,,delito
delta,686.6483870935484,11.428571428571429,,,9.273,delta
demanda,606.5333333333333,5.714285714285714,,,,demanda
demandar,700.2767647029411,2.857142857142857,4.565,4.762,9.423,demandar
demás,614.8891892,2.631578947368421,,,,demas
demasiado,592.2744736921053,2.564102564102564,2.6,6.667,,demasiado
demencia,631.562500009375,3.03030303030303,,,,demencia
demente,723.0606060636363,13.157894736842099,4.296,3.929,,demente
democracia,664.5282051282052,2.5,,,,democracia
demócrata,682.1986764617646,0.0,,,,democrata
democrático,619.1103846076923,2.5,,,,democratico
demonio,599.5800000428571,2.777777777777778,,,,demonio
demora,680.8864864729729,5.128205128205128,,,,demora
demostración,642.1536585439025,2.3809523809523814,,,,demostracion
demostrar,642.9727777805556,2.7027027027027026,,,,demostrar
denegación,702.0617647,2.857142857142857,,,,denegacion
denigrar,830.9000000037037,18.18181818181818,,,,denigrar
denominación,677.6043055833334,0.0,,,,denominacion
denominar,687.59333333,6.25,,,,denominar
densidad,600.93666668,6.25,,,9.44,densidad
dentadura,624.4212121272727,2.941176470588235,,,5.8,dentadura
dental,631.809374996875,3.03030303030303,5.522,5.393,,dental
dentista,604.0351351486487,5.128205128205128,6.586,6.207,,dentista
dentro,577.2928571333333,0.0,4.286,6.536,,dentro
denunciar,667.0085714257143,0.0,,,7.0,denunciar
departamento,638.0762162108108,2.631578947368421,,,,departamento
dependencia,657.3735294,0.0,,,,dependencia
dependiente,611.9794117264706,0.0,,,,dependiente
deporte,585.5702702513513,2.631578947368421,3.783,,,deporte
deportista,584.6105263052632,0.0,,,,deportista
deportiva,653.4212857085714,2.777777777777778,4.448,6.16,,deportiva
deportivo,608.8808333305556,0.0,,,,deportivo
depósito,575.47187501875,3.03030303030303,,,,deposito
depresión,577.8647222305556,2.7027027027027026,,,,depresion
deprimente,653.3810810783784,0.0,3.778,5.818,8.538,deprimente
deprimido,649.3789473631579,2.564102564102564,4.219,6.25,,deprimido
deprisa,622.78857142,5.405405405405405,3.75,6.481,,deprisa
derecha,592.312500003125,3.03030303030303,,,,derecha
derecho,593.8438888888888,0.0,,,,derecho
derivación,673.5641025641025,0.0,,,,derivacion
derribar,640.0354054594594,5.128205128205128,,,6.167,derribar
derrocamiento,871.957083325,31.428571428571427,4.615,3.667,9.438,derrocamiento
derroche,691.9661111166666,2.7027027027027026,,,8.722,derroche
derrota,626.7182895078947,2.564102564102564,,,,derrota
derrotar,613.8190476,0.0,4.667,5.045,6.769,derrotar
derruir,897.4054347826087,34.28571428571429,,,,derruir
derrumbar,702.7675675675675,7.5,,,,derrumbar
derrumbe,669.58333329,11.76470588235294,4.846,4.818,7.719,derrumbe
desacuerdo,616.9902777722223,2.7027027027027026,,,,desacuerdo
desafiar,646.9914285771429,0.0,,,,desafiar
desafío,572.5515151545454,2.941176470588235,,,,desafio
desafortunado,688.7105263105263,0.0,4.111,5.682,8.192,desafortunado
desagradable,664.4207142857143,0.0,,,,desagradable
desagrado,786.4482758758621,6.451612903225806,,,,desagrado
desahuciado,777.8303030333334,5.714285714285714,,,,desahuciado
desahuciar,782.0945945999999,0.0,,,,desahuciar
desahucio,724.6972222138888,2.7027027027027026,,,,desahucio
desaliento,776.1944444472223,0.0,,,10.45,desaliento
desamor,684.9945946297297,2.631578947368421,,,,desamor
desamparo,705.946527775,2.7027027027027026,,,,desamparo
desangrar,750.5344827448276,14.70588235294118,,,,desangrar
desanimado,687.66874999375,0.0,3.759,6.31,,desanimado
desánimo,706.2868421052632,0.0,,,,desanimo
desaparición,656.8771428457143,0.0,,,,desaparicion
desarrollar,636.8027777861112,2.7027027027027026,,,7.5,desarrollar
desarrollo,592.3243242945946,2.631578947368421,,,,desarrollo
desasosiego,734.1862069,25.64102564102564,,,,desasosiego
desastre,615.9930232395349,0.0,,,,desastre
desatar,684.0989393848484,0.0,4.545,5.455,,desatar
desayunar,623.8526315736842,2.564102564102564,,,3.158,desayunar
desayuno,606.034210531579,0.0,,,,desayuno
desazón,785.1739130347826,39.47368421052632,,,,desazon
descansar,637.0611111305556,0.0,,,,descansar
descansillo,698.777777775,5.263157894736842,,,6.444,descansillo
descanso,619.7666666361112,2.7027027027027026,,,,descanso
descarga,593.0378378135135,2.631578947368421,,,,descarga
descargar,684.8974358974359,2.5,,,6.24,descargar
descaro,756.1112068896551,21.62162162162162,,,9.143,descaro
descartar,677.9696969787879,0.0,,,7.5,descartar
descendencia,731.078787839394,5.714285714285714,,,,descendencia
descendente,706.9838709387096,8.823529411764707,4.538,5.515,8.5,descendente
descender,687.9883720860465,0.0,,,7.905,descender
descendiente,689.8685714171429,0.0,,,7.762,descendiente
descenso,718.2837209372093,0.0,,,,descenso
descifrar,668.780000008,10.71428571428571,,,8.24,descifrar
descomposición,687.2322222222222,0.0,,,,descomposicion
descomunal,738.4861111138889,7.6923076923076925,3.846,5.152,9.0,descomunal
desconcierto,724.0487804804878,2.3809523809523814,,,8.889,desconcierto
desconfianza,681.9428571428572,0.0,,,,desconfianza
desconfiar,646.0487179461538,2.5,,,6.04,desconfiar
desconsiderado,791.8138888583334,2.7027027027027026,,,,desconsiderado
desconsuelo,688.475675672973,2.631578947368421,,,,desconsuelo
descontento,690.498088232353,0.0,,,,descontento
describir,631.0911764735295,2.857142857142857,,,6.15,describir
descripción,648.36874999375,0.0,,,,descripcion
descubrimiento,625.1181818151515,2.941176470588235,,,,descubrimiento
descubrir,621.5589743692308,0.0,,,,descubrir
descuento,645.3771428714285,0.0,5.37,6.5,7.615,descuento
descuido,651.206249990625,5.882352941176471,3.95,5.81,,descuido
desdén,672.9147058705883,8.108108108108109,,,,desden
desdicha,766.7119999839999,13.79310344827586,,,,desdicha
desear,621.8027777611111,5.263157894736842,,,,desear
desechar,735.6562499937501,0.0,,,8.85,desechar
desembarco,750.5290322645161,0.0,,,9.0,desembarco
desembocar,680.9264705764706,0.0,,,8.95,desembocar
desempeñar,633.2249999944445,0.0,,,,desempenar
desencadenar,795.138472225,0.0,,,8.96,desencadenar
desencanto,776.5999999942857,5.405405405405405,,,7.167,desencanto
desenfadado,717.5969696939394,0.0,3.621,5.552,,desenfadado
desengaño,691.727777775,5.263157894736842,,,,desengano
desenlace,739.3548387096774,6.0606060606060606,,,,desenlace
desenroscar,894.3848387225806,8.823529411764707,,,,desenroscar
desenterrar,747.8249999666667,2.7027027027027026,,,,desenterrar
desentrañar,822.6724138,19.44444444444444,,,,desentranar
desenvoltura,774.262499990625,8.571428571428571,,,9.947,desenvoltura
deseo,550.1935483903226,6.0606060606060606,,,,deseo
desequilibrio,668.371794874359,0.0,,,7.591,desequilibrio
desertor,735.7833871,13.88888888888889,4.762,2.714,,desertor
desesperación,685.3580645129032,0.0,,,,desesperacion
desesperado,651.39687500625,3.03030303030303,,,,desesperado
desesperanza,692.94333333,6.25,,,,desesperanza
desfachatez,767.261538426923,23.52941176470588,,,10.632,desfachatez
desfavorable,649.3044444472222,2.7027027027027026,,,,desfavorable
desfiladero,696.9512500027778,2.7027027027027026,,,9.95,desfiladero
desfilar,644.0414864891892,0.0,,,7.2,desfilar
desfile,653.3027777722223,5.263157894736842,,,5.636,desfile
desgracia,663.1395588294117,0.0,,,,desgracia
desgraciada,723.3580000028571,2.777777777777778,3.652,4.81,7.538,desgraciada
desgraciado,658.535135154054,0.0,3.84,5.269,7.154,desgraciado
deshacer,657.38285714,7.894736842105263,,,,deshacer
deshonra,783.3346153807693,10.3448275862069,3.05,4.35,9.219,deshonra
desidia,787.0380952380953,43.24324324324325,,,10.952,desidia
desierto,630.1349999925,4.761904761904763,,,,desierto
designación,727.8837837837838,7.5,,,,designacion
designar,688.5131818181818,5.714285714285714,,,10.1,designar
desigual,636.5594444444445,2.7027027027027026,3.304,6.036,,desigual
desigualdad,697.3631578894737,5.0,,,,desigualdad
desilusión,747.1944444444445,2.7027027027027026,,,,desilusion
desintegración,764.7404166805555,0.0,,,,desintegracion
desinterés,717.452941167647,5.555555555555555,,,,desinteres
desistir,657.9410256435898,2.5,,,9.36,desistir
desleal,757.3103448413793,19.44444444444444,4.219,4.714,,desleal
desliz,677.6106896551725,21.62162162162162,,,8.952,desliz
deslumbramiento,786.2571428314286,0.0,4.586,5.103,,deslumbramiento
deslumbrante,683.4612499972222,5.263157894736842,4.385,5.697,7.375,deslumbrante
desmayo,679.5658571428571,0.0,,,,desmayo
desmentir,701.0552631473685,0.0,4.5,5.333,,desmentir
desmontar,650.5871428685714,2.777777777777778,,,5.5,desmontar
desnudez,661.4096774354839,0.0,,,6.429,desnudez
desnudo,641.6074324297298,0.0,,,,desnudo
desobedecer,779.8421666666667,3.225806451612903,,,,desobedecer
desobediencia,750.6914285942858,5.405405405405405,4.1,6.077,,desobediencia
desolación,746.0756756810811,2.631578947368421,,,,desolacion
desollar,692.9423076576923,29.72972972972973,,,,desollar
desorden,636.3554054054053,0.0,,,,desorden
desordenado,686.95,3.03030303030303,4.469,6.321,,desordenado
despachar,676.287499995,0.0,,,,despachar
despacho,622.1921052605263,5.0,,,,despacho
despacio,582.6154054054055,0.0,3.85,6.619,,despacio
despecho,608.9974359,0.0,,,,despecho
despedazar,822.4000000058824,8.108108108108109,4.571,3.821,,despedazar
despedida,632.4190476261905,0.0,5.333,6.16,,despedida
despedir,647.8999999970588,5.555555555555555,5.12,5.462,5.462,despedir
despegar,695.3770588235294,8.108108108108109,5.37,4.909,5.654,despegar
despegue,697.8558823588236,5.555555555555555,,,6.95,despegue
despejado,674.3759459378379,0.0,,,,despejado
desperdiciar,769.8058823794117,2.857142857142857,4.185,5.864,7.846,desperdiciar
desperdicio,711.6144117823529,5.555555555555555,4.065,5.107,,desperdicio
despertar,706.4025640948718,2.5,,,3.12,despertar
despido,733.9093939484849,10.81081081081081,5.593,5.318,7.769,despido
despierto,591.7426388833334,0.0,,,,despierto
despistado,663.4777778,5.263157894736842,,,,despistado
desplazamiento,667.0969444472222,2.7027027027027026,,,7.16,desplazamiento
desplegar,655.1440540486486,0.0,,,6.45,desplegar
despliegue,638.2500000052631,0.0,,,8.45,despliegue
despreciable,660.0333333242424,2.941176470588235,4.346,5.0,8.5,despreciable
despreciar,652.4990540675676,5.128205128205128,,,,despreciar
desprecio,635.7151515151515,0.0,,,,desprecio
despreocupación,748.0767647147059,0.0,,,,despreocupacion
despreocupado,757.5578947394737,0.0,,,,despreocupado
desproporción,857.6437500281249,15.789473684210531,,,,desproporcion
destacar,680.4235294088236,0.0,,,,destacar
destello,698.6161290451613,16.21621621621622,,,8.44,destello
desterrar,690.3130303181819,10.81081081081081,,,,desterrar
destierro,751.162162154054,5.128205128205128,,,8.6,destierro
destinatario,665.3818181969697,0.0,,,,destinatario
destino,570.2971428542858,0.0,,,,destino
destornillador,635.4878787939394,0.0,,,,destornillador
destreza,635.7689655206897,3.3333333333333335,,,,destreza
destrozar,599.54210525,2.564102564102564,,,,destrozar
destrucción,682.9225000025,0.0,,,,destruccion
destructor,637.2727272757576,2.941176470588235,4.13,4.19,6.923,destructor
destruir,620.4,0.0,,,,destruir
desuso,812.5478260869565,25.80645161290323,,,,desuso
desván,670.2606060575757,5.714285714285714,,,,desvan
desvelar,707.7696969666666,2.941176470588235,,,6.92,desvelar
desventaja,702.26562500625,0.0,,,,desventaja
desventura,806.0691935483871,6.0606060606060606,,,8.6,desventura
desvestido,840.4563333333333,11.76470588235294,5.258,4.821,,desvestido
desviación,692.9129032290323,0.0,,,,desviacion
desviar,672.0399999966667,0.0,,,7.6,desviar
desvío,681.0852941147059,0.0,,,,desvio
detalle,571.8576388833334,0.0,,,,detalle
detección,674.8571428142857,0.0,,,,deteccion
detectar,659.6744185976744,0.0,,,7.1,detectar
detective,680.0909090787878,2.941176470588235,6.55,5.308,,detective
detector,649.8321428678571,3.448275862068965,,,8.6,detector
detención,606.2545454515151,0.0,,,,detencion
detener,651.6807142857143,2.777777777777778,,,,detener
determinación,691.6631579263158,0.0,,,,determinacion
determinante,674.703124996875,5.882352941176471,,,,determinante
determinar,628.9677777777778,0.0,,,8.15,determinar
determinismo,861.8621621702703,9.75609756097561,,,10.75,determinismo
detestar,655.7444444388889,10.0,4.111,5.071,,detestar
detrás,622.5611111527778,2.7027027027027026,,,,detras
deuda,617.2428571285715,2.325581395348837,,,,deuda
devastar,720.6491666638889,2.7027027027027026,,,,devastar
devenir,782.525,24.32432432432433,,,10.4,devenir
devoción,674.6114285714285,7.894736842105263,,,,devocion
devolver,596.5615384666667,0.0,,,5.5,devolver
devorar,607.3926389027778,0.0,,,6.36,devorar
devoto,663.0351515121212,8.333333333333332,,,,devoto
día,550.8735294205883,0.0,,,,dia
diabetes,643.9641025641025,0.0,,,,diabetes
diablo,575.4645161161291,0.0,,,,diablo
diadema,798.635,2.777777777777778,,,,diadema
diagnóstico,616.240270272973,0.0,,,,diagnostico
diagonal,619.0394736815789,5.0,,,7.286,diagonal
diagrama,652.1151515121212,0.0,,,9.737,diagrama
dialéctica,718.5206944472222,0.0,,,,dialectica
dialecto,630.8400000114285,0.0,,,,dialecto
diálogo,620.5666666606061,2.941176470588235,,,,dialogo
diamante,565.4789473763158,2.564102564102564,,,,diamante
diámetro,716.7923076871795,2.5,,,,diametro
diana,700.5676470588236,2.857142857142857,,,5.65,diana
diario,632.017031259375,5.882352941176471,,,,diario
dibujar,571.7108108081081,0.0,,,2.9,dibujar
dibujo,568.43500001,0.0,,,,dibujo
dicción,810.9052631473684,51.28205128205128,,,,diccion
diccionario,635.5122222194444,0.0,,,,diccionario
dicha,698.1147058470588,8.108108108108109,,,,dicha
dichoso,669.9233333416666,2.7027027027027026,,,,dichoso
diciembre,646.0749999944444,0.0,,,,diciembre
dictado,696.0333333444445,5.263157894736842,,,,dictado
dictador,585.2800000114286,0.0,,,,dictador
dictadura,672.6037500055555,0.0,,,,dictadura
dictamen,744.3787878939394,10.81081081081081,,,,dictamen
dictar,659.4920967774193,8.823529411764707,,,6.0,dictar
diente,613.6402563948718,2.5,,,,diente
diestra,753.9303030424243,13.157894736842099,,,,diestra
diestro,677.253124975,8.571428571428571,,,6.143,diestro
dieta,559.8764705823529,0.0,,,,dieta
difamar,748.5115384461538,23.52941176470588,,,,difamar
diferencia,666.0871794871795,0.0,,,,diferencia
diferenciar,644.3135135216216,2.631578947368421,,,6.158,diferenciar
diferente,567.915151509091,0.0,2.609,6.619,,diferente
difícil,573.2129032451613,0.0,,,,dificil
dificultad,582.5285714166666,0.0,,,,dificultad
dificultar,628.84375,5.882352941176471,3.483,6.069,,dificultar
difunta,745.565625,3.03030303030303,,,8.65,difunta
difusión,616.2647058794117,0.0,,,,difusion
digestión,590.7314285942857,0.0,,,,digestion
digital,561.6088235382352,0.0,5.167,6.485,,digital
digno,600.3763158052632,2.564102564102564,3.667,5.893,,digno
dilatación,709.5617647029412,0.0,,,,dilatacion
dilema,639.6526315868421,2.564102564102564,4.0,5.381,10.269,dilema
diligencia,702.712500025,8.571428571428571,,,,diligencia
dimensión,593.0599999714285,0.0,,,,dimension
diminuto,750.3577272757576,0.0,,,,diminuto
dinámico,634.5564102564102,2.5,,,,dinamico
dinamismo,714.5714285714286,7.894736842105263,,,,dinamismo
dinamita,664.3999999891892,2.631578947368421,6.05,4.788,,dinamita
dinastía,676.8276388944445,2.7027027027027026,,,,dinastia
dinero,586.3263157921052,0.0,,,,dinero
dinosaurio,612.3395348860465,0.0,5.957,4.524,3.962,dinosaurio
dios,598.5325,0.0,,,,dios
diosa,578.8569444611111,2.7027027027027026,,,,diosa
dióxido,686.1117647117647,0.0,,,,dioxido
diploma,598.0285714285715,0.0,5.345,5.621,,diploma
diplomático,643.8147058529412,2.857142857142857,,,,diplomatico
diputación,615.5064515935484,6.0606060606060606,,,,diputacion
diputado,667.657499995,0.0,,,,diputado
dirección,583.1741935354838,0.0,,,,direccion
directiva,753.8801470588236,2.857142857142857,4.652,3.619,8.923,directiva
directo,653.0885714285714,0.0,4.15,6.524,,directo
director,567.5235294029412,0.0,,,,director
dirigente,679.746874975,5.882352941176471,,,9.36,dirigente
dirigir,674.8342857114286,0.0,,,6.143,dirigir
discernir,764.4666666733333,18.91891891891892,,,10.682,discernir
disciplina,601.9948717820513,0.0,,,,disciplina
discípulo,691.9142857142857,2.777777777777778,,,,discipulo
disco,641.0260294205882,0.0,,,,disco
discográfica,707.1935483806452,0.0,,,,discografica
discordia,694.454054054054,0.0,,,9.7,discordia
discoteca,579.8323529382353,2.857142857142857,,,,discoteca
discreción,713.8810810648648,2.631578947368421,,,,discrecion
discrepancia,746.2324324243243,5.128205128205128,,,10.476,discrepancia
discreto,648.7875000083334,0.0,,,,discreto
discriminación,704.8685714285714,7.894736842105263,,,,discriminacion
disculpa,574.475757539394,2.941176470588235,,,,disculpa
discurrir,760.2342105131579,9.523809523809524,,,10.333,discurrir
discurso,653.6444444222223,5.263157894736842,,,,discurso
discusión,617.6764705852942,2.857142857142857,,,,discusion
discutir,599.15000000625,3.03030303030303,,,5.55,discutir
diseñar,590.5142857238095,2.325581395348837,,,,disenar
disertación,858.8387096741935,16.21621621621622,,,,disertacion
disfraz,545.40624998125,3.03030303030303,,,,disfraz
disfrutar,551.43771428,2.777777777777778,,,,disfrutar
disfrute,641.2882352882353,2.857142857142857,,,,disfrute
disgustado,666.4793103482758,3.3333333333333335,4.094,6.0,,disgustado
disgusto,676.0969444444445,0.0,,,,disgusto
disimular,715.520000005,0.0,,,6.4,disimular
disimulo,756.8971428971429,2.777777777777778,,,6.81,disimulo
disminución,680.0555555416666,0.0,,,,disminucion
disminuir,660.9841891891892,0.0,,,7.316,disminuir
disolución,674.5666666692308,2.5,,,,disolucion
disparar,568.603124971875,8.571428571428571,,,,disparar
disparo,624.3511627883721,0.0,,,,disparo
dispersión,649.04210525,5.0,,,,dispersion
disponer,668.4181818181818,0.0,,,8.05,disponer
disponibilidad,619.1302777722223,5.263157894736842,,,7.571,disponibilidad
disponible,655.432432454054,0.0,4.2,6.115,6.808,disponible
disposición,689.1999999945946,0.0,,,,disposicion
dispositivo,672.4000000125,0.0,,,8.579,dispositivo
dispuesto,600.5176470882353,2.857142857142857,,,,dispuesto
disputa,675.1842105210526,0.0,,,,disputa
distancia,559.8289473342105,0.0,,,,distancia
distanciamiento,834.2033333333334,9.090909090909092,,,9.0,distanciamiento
distante,629.6315789289473,0.0,3.556,6.0,,distante
distinción,694.4610810918919,0.0,,,,distincion
distinguir,610.0269230923077,0.0,,,6.84,distinguir
distintivo,720.7945945567568,2.631578947368421,,,8.278,distintivo
distinto,613.8030302666666,5.714285714285714,2.964,6.714,,distinto
distorsión,660.2806451580645,3.125,,,,distorsion
distracción,644.5685714342857,0.0,,,,distraccion
distraer,670.5581944416666,2.7027027027027026,,,,distraer
distraído,651.9372092837209,0.0,,,,distraido
distribución,642.8394736789473,0.0,,,,distribucion
distribuidor,660.9705882382353,0.0,4.043,5.667,,distribuidor
distrito,692.97383333,6.25,,,,distrito
disturbio,662.6026315789474,2.564102564102564,,,,disturbio
disuadir,722.7233332666667,11.76470588235294,2.963,4.259,,disuadir
diván,649.4608695695653,34.28571428571429,,,,divan
diversidad,610.2089999971429,5.405405405405405,,,,diversidad
diversión,567.4952777777778,0.0,,,,diversion
divertido,578.9947368868421,0.0,,,,divertido
divertir,632.9620833305555,2.7027027027027026,,,,divertir
dividir,580.4393939484848,0.0,,,,dividir
divina,585.2484848757576,5.714285714285714,3.889,5.857,,divina
divinidad,581.0666667060606,2.941176470588235,,,,divinidad
divisa,668.8363636363637,15.38461538461539,,,10.278,divisa
división,624.3157894894737,0.0,,,,division
divorciado,591.4428571714286,0.0,,,,divorciado
divorcio,618.1809722222222,0.0,,,,divorcio
divulgación,650.1516129129033,3.125,,,,divulgacion
doblar,589.30285714,0.0,,,,doblar
doble,560.0393939363636,0.0,,,,doble
docena,660.0871794871795,2.5,,6.333,6.25,docena
docente,641.9551388888889,2.7027027027027026,5.316,6.381,,docente
doctor,553.02999999,0.0,,,,doctor
doctrina,711.7216216297297,0.0,,,,doctrina
documentación,572.6963888833334,2.7027027027027026,,,,documentacion
documental,619.3138888805555,0.0,,,6.571,documental
documento,600.9930232604651,0.0,,,,documento
dogma,756.4607142535714,22.22222222222222,,,,dogma
dólar,601.20333333,3.225806451612903,,,,dolar
dolencia,605.504359,2.5,,,,dolencia
doler,595.0611250125,0.0,3.889,6.148,,doler
dolor,566.8666666361111,0.0,,,,dolor
dolorosa,666.3605555638889,2.7027027027027026,3.739,5.81,5.5,dolorosa
doloroso,586.6937179435897,2.5,4.24,5.731,4.577,doloroso
doméstico,639.7657894921052,0.0,,,,domestico
domicilio,606.5323529235294,0.0,,,,domicilio
dominación,618.6499999588235,2.857142857142857,,,,dominacion
dominante,615.3648648702703,0.0,4.55,5.905,,dominante
dominar,644.0684210473685,0.0,,,8.19,dominar
domingo,623.11069445,0.0,,,,domingo
dominio,656.084374984375,0.0,,,,dominio
dominó,655.084375,5.882352941176471,,,,domino
don,616.103999992,19.35483870967742,,,,don
donación,655.3052631736842,0.0,,,,donacion
donante,663.9548387064516,6.0606060606060606,5.222,5.773,8.692,donante
donar,624.1751428714285,2.777777777777778,,,,donar
doncella,707.985,11.428571428571429,,,,doncella
dorada,582.398289468421,5.0,,,,dorada
dorado,594.0647058764706,2.857142857142857,5.5,6.571,,dorado
dormilón,691.8533333466667,3.225806451612903,,,,dormilon
dormir,557.9648648810811,0.0,,,,dormir
dormitorio,606.8547058794118,0.0,,,,dormitorio
dorso,673.6972222388889,5.263157894736842,,,8.556,dorso
dos,616.2354545454546,0.0,5.9,6.75,,dos
dragón,615.8030303,0.0,,,,dragon
drama,572.2564102641026,0.0,,,,drama
dramaturgo,770.91666666,9.090909090909092,,,,dramaturgo
droga,560.2486486432432,2.631578947368421,,,,droga
drogadicto,720.68437500625,3.03030303030303,,,,drogadicto
dual,681.30937500625,11.11111111111111,4.192,4.03,9.219,dual
dualidad,714.28,3.225806451612903,,,10.0,dualidad
ducado,766.9636363636364,66.66666666666666,,,9.409,ducado
ducha,556.3648648621622,2.631578947368421,,,,ducha
duda,595.6112162135136,0.0,,,,duda
duelo,588.8882352911764,0.0,,,,duelo
dueña,572.8814473578948,5.0,,,,duena
dueño,624.5172857142857,2.777777777777778,,,,dueno
dulce,607.5818181969697,0.0,4.85,6.5,,dulce
dulzura,615.5973684263158,5.0,,,,dulzura
dúo,670.7222727363636,0.0,,,,duo
dúplex,663.3636363666667,0.0,,,,duplex
duplicación,661.5696969727272,13.157894736842099,,,,duplicacion
duplicar,622.8818181818182,2.941176470588235,,,,duplicar
duque,644.5416666638889,7.6923076923076925,,,,duque
duquesa,678.0440278277778,5.263157894736842,,,,duquesa
dura,629.1081081108108,2.631578947368421,3.722,6.381,,dura
duración,630.6212121212121,2.941176470588235,,,,duracion
durar,613.81666667,0.0,,,4.667,durar
dureza,611.4189189405405,0.0,,,,dureza
duro,605.2636363484849,0.0,,,,duro
ebrio,718.6777777833333,10.0,5.407,5.091,9.846,ebrio
echar,632.817500015,6.976744186046512,,,,echar
eco,658.7868420921053,2.564102564102564,,,,eco
ecología,627.175862075862,3.3333333333333335,,,,ecologia
economía,592.2774193548387,0.0,,,,economia
económica,611.0684210973684,0.0,,,,economica
económico,566.1000000058824,0.0,,,,economico
ecuación,724.5268292804878,2.3809523809523814,,,,ecuacion
edad,585.6864864945946,0.0,,,,edad
edición,654.7314285771429,0.0,,,,edicion
edificación,778.3714285828571,7.894736842105263,,,,edificacion
edificar,692.9046511790698,0.0,,,8.4,edificar
edificio,597.721874996875,3.03030303030303,,,,edificio
editor,631.0707317146341,4.651162790697674,,,8.476,editor
editorial,639.6828571542857,5.405405405405405,,,8.333,editorial
educación,610.5526315763158,0.0,,,,educacion
educar,625.2838709612903,3.125,,,5.0,educar
efectividad,640.9868420842105,0.0,,,,efectividad
efectivo,575.7023255953488,0.0,,,,efectivo
efecto,628.6811428571428,2.777777777777778,,,,efecto
efectuar,631.0767441697674,0.0,,,9.333,efectuar
eficacia,638.2428571571429,5.405405405405405,,,,eficacia
eficaz,605.4200000033334,3.225806451612903,3.071,5.889,,eficaz
eficiencia,625.9545454787878,2.941176470588235,3.043,5.524,,eficiencia
eficiente,610.3142857238096,2.325581395348837,3.913,4.667,9.115,eficiente
egipcio,635.5558823411765,2.857142857142857,,,7.048,egipcio
ego,685.4027777861111,5.263157894736842,4.889,5.591,9.462,ego
egoísmo,585.843,5.405405405405405,,,,egoismo
egoísta,617.1179487282051,2.5,,,,egoista
eje,608.5190540945946,7.5,,,8.429,eje
ejecución,610.5774193483871,0.0,,,,ejecucion
ejecutar,627.0199999971428,0.0,,,,ejecutar
ejecutivo,636.5677419290323,3.125,,,,ejecutivo
ejemplar,552.7848484818181,0.0,,,,ejemplar
ejemplo,605.7680555555555,0.0,,,,ejemplo
ejercer,655.7448275655172,3.3333333333333335,,,9.381,ejercer
ejercicio,587.4887878727272,0.0,,,,ejercicio
ejército,618.489999995,0.0,,,,ejercito
elaboración,628.0323611166667,0.0,,,,elaboracion
elaborar,607.3318571371428,5.405405405405405,,,6.95,elaborar
elección,622.9648611194444,0.0,,,,eleccion
electoral,661.2199999833333,3.225806451612903,4.35,5.667,,electoral
electricidad,600.6485713828571,0.0,,,,electricidad
electricista,632.98571428,2.777777777777778,6.217,5.692,,electricista
electrocutar,819.665625,11.11111111111111,,,,electrocutar
electrodoméstico,681.6212121303031,2.941176470588235,,,,electrodomestico
electrón,635.6354838645161,3.125,,,,electron
electrónica,570.191216218919,0.0,,,,electronica
electrónico,644.7324324108108,0.0,,,,electronico
elefante,615.8384615333333,2.5,,,,elefante
elegancia,639.7713235411765,0.0,,,,elegancia
elegante,589.6114285542857,2.777777777777778,,,,elegante
elegir,554.0354838548387,0.0,,,,elegir
elemental,592.74571432,0.0,3.158,5.238,,elemental
elemento,595.639534872093,0.0,,,,elemento
elevación,642.9030303090909,2.941176470588235,,,,elevacion
elevado,598.5114285428572,2.777777777777778,,,,elevado
elevar,605.873783754054,7.5,,,7.36,elevar
eliminar,598.7942857142857,2.777777777777778,,,4.9,eliminar
elíptico,733.4264706029412,2.857142857142857,,,,eliptico
elocuencia,805.9206896551724,25.64102564102564,,,,elocuencia
elogiar,686.2818181818182,2.941176470588235,,,9.714,elogiar
elogio,741.4555555611112,5.263157894736842,,,,elogio
eludir,731.5259259148148,18.18181818181818,,,10.4,eludir
emancipación,696.9571428535714,12.5,,,,emancipacion
embajada,663.9894736789473,0.0,,,,embajada
embajador,653.3988888861111,2.7027027027027026,,,,embajador
embalar,664.4892857357142,17.64705882352941,,,,embalar
embarazo,585.824999996875,0.0,,,,embarazo
embargo,608.60333333,6.25,,,,embargo
embestir,781.9063461538461,16.12903225806452,,,,embestir
emblema,677.7697059088235,5.555555555555555,,,9.84,emblema
embolia,778.5939393969697,13.157894736842099,,,,embolia
emboscada,695.4373611111112,2.7027027027027026,4.852,4.273,8.769,emboscada
embriaguez,692.6382352941176,2.857142857142857,,,10.444,embriaguez
embrión,598.46999999,0.0,,,,embrion
emergencia,641.7333332916667,0.0,,,,emergencia
emigración,688.3735293941177,2.857142857142857,,,,emigracion
eminencia,786.5322580516129,13.88888888888889,4.556,3.273,9.846,eminencia
emisión,594.0322580741936,6.0606060606060606,,,,emision
emisor,632.6135135189189,7.5,,,8.579,emisor
emisora,635.5025640948718,0.0,,,7.429,emisora
emitir,688.966666669697,0.0,,,8.55,emitir
emoción,576.5714285785714,0.0,,,,emocion
emocional,614.8916666722222,0.0,3.2,6.192,,emocional
emocionante,605.8468750125,3.03030303030303,4.08,6.269,5.654,emocionante
empaquetar,699.4769230717949,0.0,,,,empaquetar
empatar,626.1735294323529,2.857142857142857,,,,empatar
empatía,570.7210526236842,2.564102564102564,,,,empatia
empeño,661.5636363484848,2.941176470588235,,,,empeno
empeorar,718.7787878818182,5.714285714285714,4.217,5.619,7.231,empeorar
emperador,699.8509999942858,0.0,,,,emperador
empezar,570.1689393939394,2.941176470588235,,,,empezar
emplazamiento,675.8846153653847,7.142857142857142,,,10.08,emplazamiento
empleada,714.1022857142857,2.777777777777778,,,6.6,empleada
emplear,628.0520833333334,2.7027027027027026,,,,emplear
empleo,584.2885714285715,0.0,,,,empleo
empotrado,733.7877272666667,2.941176470588235,4.565,5.05,,empotrado
emprender,645.5514285828572,0.0,,,9.105,emprender
empresarial,711.8326562562501,3.03030303030303,4.9,5.071,,empresarial
empresario,654.7722222527777,2.7027027027027026,,,,empresario
empujar,579.88000003,0.0,5.593,5.909,4.615,empujar
empuje,681.9441666666667,2.7027027027027026,4.478,4.238,5.615,empuje
enaltecer,960.528,72.97297297297297,,,,enaltecer
enamorado,650.29305555,0.0,,,,enamorado
enamorar,668.171052631579,2.564102564102564,,,,enamorar
enano,586.2656756675676,0.0,,,,enano
encadenado,702.5878787939394,2.941176470588235,,,,encadenado
encajar,632.0945945675676,2.631578947368421,4.652,5.333,6.962,encajar
encaje,683.8200000057143,7.894736842105263,,,,encaje
encantador,590.1866666666666,3.225806451612903,,,,encantador
encantadora,695.5975609731707,2.3809523809523814,,,,encantadora
encantamiento,743.2468571714286,0.0,,,7.0,encantamiento
encantar,615.6393939606061,8.333333333333332,,,,encantar
encanto,605.3095238119048,2.325581395348837,,,,encanto
encargada,679.9771428457143,2.777777777777778,,,,encargada
encargo,659.052631568421,0.0,,,,encargo
encarnación,759.3709677612903,6.0606060606060606,,,,encarnacion
encendedor,764.4517741967742,6.0606060606060606,6.435,5.667,7.346,encendedor
encender,618.3513513594595,5.128205128205128,,,,encender
encerrar,652.9315789473684,0.0,4.87,5.286,5.154,encerrar
enchufe,630.7151515212121,0.0,,,,enchufe
enciclopedia,710.9333333305556,2.7027027027027026,,,,enciclopedia
encierro,679.4277777555556,2.7027027027027026,,,,encierro
encima,622.3529411852941,8.108108108108109,3.65,6.429,,encima
encimera,635.8100000033334,9.090909090909092,6.15,5.952,,encimera
encontrar,627.0499999966667,0.0,,,,encontrar
encrucijada,816.3888888888889,5.263157894736842,,,10.15,encrucijada
encuentro,620.5716176558824,2.857142857142857,,,,encuentro
encuesta,617.8026315789474,2.564102564102564,,,,encuesta
enderezar,789.4918571428572,2.777777777777778,,,9.238,enderezar
endurecer,719.0388888861111,0.0,,,,endurecer
enemigo,634.3193548354839,3.125,,,,enemigo
enemistad,741.8285714342858,2.777777777777778,5.5,5.0,,enemistad
energía,533.5032432513514,0.0,,,,energia
enérgico,672.3000000085714,0.0,,,,energico
enero,582.9684210421052,0.0,,,,enero
enfadado,646.0447368342105,0.0,,,,enfadado
enfadar,622.0142856771429,0.0,,,,enfadar
enfado,608.7027777472222,2.7027027027027026,,,,enfado
enferma,577.1647058852941,0.0,,,3.5,enferma
enfermar,649.6794117647058,5.555555555555555,,,,enfermar
enfermedad,595.2488888972222,2.7027027027027026,,,,enfermedad
enfermera,622.3027778000001,0.0,,,,enfermera
enfermería,581.3737837756756,0.0,,,,enfermeria
enfermero,628.5257142828572,0.0,,,,enfermero
enfermo,570.1074999875,0.0,,,,enfermo
enfocar,638.6094285857143,5.405405405405405,,,7.25,enfocar
enfoque,610.3091428485715,2.777777777777778,,,8.75,enfoque
enfrentamiento,761.8236842210526,0.0,,,,enfrentamiento
enfrentar,669.5352941235294,2.857142857142857,,,6.64,enfrentar
enfrente,648.2176470705882,0.0,4.72,6.0,4.731,enfrente
enfriamiento,678.1897368473684,5.0,,,,enfriamiento
enfurecer,715.643750040625,3.03030303030303,,,,enfurecer
enfurecido,707.9837837783783,2.631578947368421,,,,enfurecido
engañar,548.457916675,0.0,,,,enganar
engaño,598.3948718025641,0.0,,,,engano
engañosa,624.0484848757576,2.941176470588235,,,,enganosa
engatusar,847.6321428607143,17.64705882352941,,,,engatusar
engendrar,853.6194999833333,16.66666666666667,,,10.409,engendrar
engordar,581.5351351378379,2.631578947368421,,,,engordar
engreído,690.8399999966666,14.28571428571428,,,,engreido
engrosar,728.1035714142857,20.0,,,,engrosar
enhorabuena,600.8454545909091,0.0,,,,enhorabuena
enigma,652.1932857257143,5.405405405405405,,,,enigma
enjambre,736.5212121060606,13.157894736842099,,,7.278,enjambre
enjuiciar,798.9066666666666,18.91891891891892,3.692,3.061,,enjuiciar
enlace,628.7787878727273,0.0,,,,enlace
enmienda,762.5730769153846,25.71428571428571,,,,enmienda
enojada,691.6999999771429,2.777777777777778,4.84,4.923,6.731,enojada
enojar,634.6806944444444,2.7027027027027026,4.852,5.636,6.808,enojar
enojo,627.4770833333333,2.7027027027027026,,,,enojo
enorme,574.1789473394737,0.0,4.609,6.286,,enorme
enredo,697.24687499375,5.882352941176471,,,,enredo
enriquecedor,704.6309459621622,2.631578947368421,,,,enriquecedor
enriquecer,675.9120270405406,0.0,,,,enriquecer
enroscar,781.3903225806451,11.428571428571429,,,,enroscar
ensalada,655.35771428,0.0,,,,ensalada
ensayar,653.57812499375,0.0,4.87,5.143,6.5,ensayar
ensayo,591.7065277833333,2.7027027027027026,,,,ensayo
enseguida,612.5705405540541,5.128205128205128,3.5,6.242,,enseguida
enseñanza,585.1511627837209,0.0,,,,ensenanza
enseñar,603.7684210789473,0.0,,,,ensenar
ensueño,648.0578947263158,0.0,,,,ensueno
ente,755.115,39.39393939393939,,,,ente
entender,613.0631081162162,0.0,,,,entender
entendimiento,735.35666666,6.25,,,,entendimiento
enterar,700.9580645161291,8.823529411764707,,,5.32,enterar
entereza,715.1133333233333,14.28571428571428,2.8,2.667,,entereza
entero,630.6282051230769,0.0,,,,entero
enterrar,678.6891892216216,2.631578947368421,,,,enterrar
entidad,629.5064516193548,11.428571428571429,,,,entidad
entierro,692.0212121242424,2.941176470588235,,,,entierro
entonación,688.0484848030303,5.714285714285714,,,,entonacion
entonces,620.5433333363636,2.941176470588235,3.31,6.778,,entonces
entorno,606.7078947394737,0.0,,,,entorno
entrada,617.2294117647059,2.857142857142857,,,,entrada
entramado,755.8998333433333,16.66666666666667,,,10.158,entramado
entrante,695.7722222555556,5.263157894736842,3.957,5.048,8.692,entrante
entraña,744.62499999375,13.513513513513509,,,,entrana
entrar,612.3475000024999,0.0,,,,entrar
entregar,592.7878787909091,2.941176470588235,,,5.0,entregar
entrenador,623.4205405486487,5.128205128205128,5.536,6.238,,entrenador
entrenamiento,684.6194444527778,0.0,,,5.9,entrenamiento
entrenar,589.1257142657142,0.0,5.6,5.885,5.077,entrenar
entretener,670.3857142904762,2.325581395348837,3.75,6.45,,entretener
entretenimiento,713.1797142857143,2.777777777777778,,,,entretenimiento
entrever,741.4931034448276,21.62162162162162,,,9.8,entrever
entrevista,604.6741935516129,0.0,,,,entrevista
entrometido,779.3846153846154,10.3448275862069,4.074,4.786,,entrometido
entusiasmado,695.5333333472222,5.263157894736842,,,,entusiasmado
entusiasmar,800.4303030333333,2.941176470588235,,,,entusiasmar
entusiasmo,638.5277777777778,5.263157894736842,,,,entusiasmo
entusiasta,695.9395454575757,10.81081081081081,,,9.2,entusiasta
enumerar,728.0628571171428,5.405405405405405,,,6.0,enumerar
enunciado,674.9055555833334,2.7027027027027026,,,5.952,enunciado
envejecer,628.155882382353,2.857142857142857,,,5.7,envejecer
envenenar,745.956718746875,8.571428571428571,,,,envenenar
envergadura,831.7241379275862,14.70588235294118,,,10.222,envergadura
enviado,612.8688888888889,2.7027027027027026,4.32,6.769,5.731,enviado
enviar,576.3181817818182,2.941176470588235,,,,enviar
envidia,572.3200000114285,0.0,,,,envidia
envidiar,609.9647058882352,0.0,,,,envidiar
envidioso,655.4257142885714,0.0,,,,envidioso
envío,619.7324324378378,0.0,,,,envio
envoltorio,679.819999996875,3.03030303030303,,,4.556,envoltorio
envoltura,676.8225806451613,8.823529411764707,,4.519,8.0,envoltura
envolver,648.4736842078947,0.0,,,6.286,envolver
enzima,674.2095833305556,0.0,,,,enzima
épica,582.7272727424242,2.941176470588235,,,,epica
epidemia,648.688124990625,5.882352941176471,,,9.25,epidemia
epígrafe,707.2965517137931,14.70588235294118,,,,epigrafe
episodio,618.9115384435897,2.5,,,,episodio
epistemología,855.4296296259259,15.625,,,,epistemologia
época,575.8733333266666,9.090909090909092,,,,epoca
epopeya,720.4482353294118,54.054054054054056,,,,epopeya
equilibrio,603.1725000075,4.761904761904763,,,,equilibrio
equipaje,618.0028571400001,0.0,,,6.222,equipaje
equipo,660.9457142914285,0.0,,,,equipo
equivalencia,631.3290322580646,0.0,,,9.429,equivalencia
equivalente,633.8852941088236,0.0,,,8.92,equivalente
equivocación,638.3286111277778,0.0,,,,equivocacion
equívoco,658.4000000058824,2.857142857142857,,,,equivoco
era,708.0567567675675,2.631578947368421,2.7,5.286,,era
erizo,664.03749999375,3.03030303030303,,,,erizo
ermita,864.0236956478261,32.35294117647059,,,,ermita
ermitaño,744.153124996875,13.513513513513509,,,,ermitano
erosión,690.4965517413793,17.14285714285714,,,,erosion
erótico,705.4615384692307,0.0,,,,erotico
erotismo,698.6200000114286,0.0,,,10.474,erotismo
erradicar,753.1293750041667,22.58064516129032,4.385,4.091,9.812,erradicar
error,557.9742857,0.0,,,,error
eructo,669.83171874375,11.11111111111111,,,,eructo
erudito,765.1142857457143,7.894736842105263,,,,erudito
erupción,670.9875000625,5.882352941176471,,,,erupcion
esbozar,780.0782758517241,19.44444444444444,,,,esbozar
esbozo,749.381250015625,15.789473684210531,,,8.789,esbozo
escala,599.9862162270271,0.0,,,,escala
escalera,584.7371428742857,0.0,,,,escalera
escalinata,774.685714225,17.64705882352941,,,9.75,escalinata
escalofrío,647.6352941235294,0.0,,,,escalofrio
escalón,654.5322580612903,3.125,,,,escalon
escándalo,665.5473684157895,2.564102564102564,,,,escandalo
escandaloso,731.5951428542858,5.405405405405405,5.0,6.121,6.875,escandaloso
escaño,697.4159722111111,2.7027027027027026,,,,escano
escapar,616.4088235088235,0.0,,,,escapar
escaparate,666.4828571485714,12.5,,,,escaparate
escape,649.8058824147059,2.857142857142857,4.0,5.524,,escape
escarabajo,709.81714284,0.0,,,,escarabajo
escasez,674.0277777861111,5.263157894736842,,,,escasez
escayola,709.67333333,3.225806451612903,,,,escayola
escena,618.8722222805555,0.0,,,,escena
escenario,636.0000000057142,5.405405405405405,,,,escenario
escenografía,860.71428572,12.5,,,,escenografia
escepticismo,774.19000001,9.090909090909092,,,10.952,escepticismo
escéptico,678.109375009375,0.0,,,,esceptico
esclavitud,673.2078947421053,0.0,,,,esclavitud
esclavizar,701.5823529617647,0.0,,,,esclavizar
esclavo,621.5518518333333,12.90322580645161,,,,esclavo
esclerosis,698.0740540297297,2.631578947368421,5.321,3.893,,esclerosis
escoba,614.3114286,0.0,,,,escoba
escocés,700.7594594594594,5.128205128205128,,,,escoces
escoger,615.4171621675675,0.0,,,,escoger
escolar,596.771874996875,5.882352941176471,5.261,6.48,,escolar
escolta,662.1272727484849,2.941176470588235,,,7.75,escolta
esconder,656.6459459486487,5.128205128205128,,,,esconder
escondite,678.077777775,2.7027027027027026,,,,escondite
escopeta,622.872972981081,2.631578947368421,,,,escopeta
escoria,661.3064516064516,6.0606060606060606,4.185,4.69,,escoria
escorpión,615.033333325,0.0,,,,escorpion
escotilla,730.4482142928572,15.151515151515149,5.259,3.091,9.462,escotilla
escriba,708.659374996875,8.571428571428571,4.889,4.727,5.769,escriba
escribir,577.3542857142857,0.0,,,,escribir
escrito,633.86250000625,5.882352941176471,,,,escrito
escritor,596.8112500027778,0.0,,,,escritor
escritorio,610.0193548419355,0.0,,,,escritorio
escritura,559.0272972945946,0.0,,,,escritura
escrúpulo,660.8643055861111,0.0,,,,escrupulo
escuadra,732.3816666666667,0.0,,,8.905,escuadra
escuadrón,676.3575757636364,2.941176470588235,,,,escuadron
escuchar,571.1149999971428,0.0,,,,escuchar
escucho,659.725641023077,4.878048780487805,4.64,6.385,3.538,escucho
escudo,610.7410606151515,2.941176470588235,,,,escudo
escuela,586.96,0.0,,,,escuela
escueto,763.0724137586207,14.70588235294118,,,,escueto
escultura,639.44,0.0,,,,escultura
escupir,653.5297297270271,2.631578947368421,,,,escupir
escurridizo,752.125468759375,8.571428571428571,,,,escurridizo
esencia,640.75666668,9.090909090909092,,,,esencia
esencial,693.0771428657142,7.894736842105263,3.556,5.818,8.269,esencial
esfera,643.6676470470588,10.52631578947368,,,,esfera
esfuerzo,588.7428571828572,0.0,,,,esfuerzo
esgrima,653.7485714314286,7.894736842105263,,,8.64,esgrima
esguince,761.1970588264705,12.82051282051282,,,,esguince
eslabón,738.211999992,16.66666666666667,,,,eslabon
esmeralda,689.278125,3.03030303030303,,,,esmeralda
esmero,757.2999999607143,20.0,,,9.95,esmero
esófago,759.3679411794118,8.108108108108109,,,,esofago
espacial,616.9547222222222,0.0,,,,espacial
espacio,601.4078947368421,0.0,,,,espacio
espada,644.6290322516129,0.0,,,,espada
espalda,584.6810810729729,2.631578947368421,,,,espalda
espantar,621.891176482353,0.0,,,,espantar
espanto,673.4736842105264,2.564102564102564,,,,espanto
espantoso,643.0742857114286,2.777777777777778,,,,espantoso
español,593.2923076948719,0.0,,,,espanol
española,658.333333330303,5.714285714285714,,,,espanola
espárrago,619.5483871064516,0.0,,,,esparrago
esparto,829.4423076884616,27.77777777777778,6.211,4.4,,esparto
espátula,717.033333339394,2.941176470588235,,,,espatula
especial,588.2575757787879,2.941176470588235,3.944,6.667,,especial
especialidad,624.8966666733334,3.225806451612903,,,8.727,especialidad
especialista,637.7222222472222,0.0,,5.429,7.875,especialista
especialización,693.8857142828572,5.405405405405405,,,,especializacion
especie,648.9432857057143,5.405405405405405,,,,especie
especificar,614.5333333212121,0.0,,,7.8,especificar
especificidad,670.4832352617647,5.555555555555555,3.222,4.524,,especificidad
específico,626.680000005,0.0,,,,especifico
espectacular,660.4882352764706,0.0,4.16,5.846,5.731,espectacular
espectáculo,577.0363636272727,0.0,,,,espectaculo
espectador,599.287500015625,3.03030303030303,,,6.524,espectador
espectral,777.5840322645162,13.88888888888889,3.538,3.182,10.281,espectral
especulación,693.3941176470588,0.0,,,,especulacion
espejismo,689.7270270891892,2.631578947368421,,,,espejismo
espejo,573.2649999975,0.0,,,,espejo
espera,612.96,2.777777777777778,,,,espera
esperanza,603.1064516322581,0.0,,,,esperanza
esperanzado,809.9076923153847,7.142857142857142,4.219,4.857,,esperanzado
esperar,639.9289473157895,0.0,,,,esperar
esperma,666.5329166638888,0.0,6.593,5.091,9.462,esperma
espeso,676.2689189135135,0.0,,,,espeso
espesor,745.5888888833333,0.0,,,8.3,espesor
espía,568.3327142714286,2.777777777777778,,,,espia
espiar,597.201527825,10.0,,,5.5,espiar
espiga,767.0946666666666,14.28571428571428,5.667,4.286,,espiga
espina,602.9161290354839,3.125,,,,espina
espinal,763.7806451645162,6.0606060606060606,4.182,4.296,,espinal
espionaje,697.2028571428572,5.405405405405405,,,,espionaje
espiral,673.6812121121212,2.941176470588235,,,6.789,espiral
espíritu,599.2441860441861,0.0,,,,espiritu
espiritual,641.2675675594594,7.5,2.9,5.25,,espiritual
espiritualidad,712.4060606090909,0.0,,,8.667,espiritualidad
espléndido,722.96,6.976744186046512,,,,esplendido
esplendor,669.5054411911765,2.857142857142857,,,,esplendor
esponja,591.3368055611111,0.0,,,3.333,esponja
espontánea,602.0939394030303,0.0,,,,espontanea
espontaneidad,726.327272730303,5.714285714285714,,,8.619,espontaneidad
espontáneo,609.1228571742857,0.0,,,,espontaneo
esposa,575.929729727027,2.631578947368421,,,,esposa
esposo,638.876923076923,2.5,,,,esposo
espuma,592.2241428571429,2.777777777777778,,,,espuma
espumadera,860.847187503125,11.11111111111111,5.056,3.5,,espumadera
esqueleto,647.3702702648649,0.0,,,,esqueleto
esquema,613.952631581579,0.0,,,,esquema
esquematizar,795.2065151515152,2.941176470588235,,,,esquematizar
esquí,631.9868421026316,2.564102564102564,,,,esqui
esquilar,723.84333337,11.76470588235294,,,,esquilar
esquina,621.1324324351351,5.128205128205128,,,,esquina
esquivar,686.63124999375,0.0,,,5.905,esquivar
estabilidad,611.8368421078948,2.564102564102564,,,,estabilidad
estable,592.8974358974359,2.5,,,,estable
establecer,650.4289474105263,0.0,,,8.632,establecer
establecimiento,651.5538461512821,0.0,,,,establecimiento
establo,642.4264705764706,2.857142857142857,,,4.85,establo
estaca,664.3771428628571,7.894736842105263,,,9.08,estaca
estación,594.6389189189189,0.0,,,,estacion
estacionamiento,811.6191666666666,2.7027027027027026,5.96,5.154,8.115,estacionamiento
estacionar,677.8975000025,0.0,,,,estacionar
estadio,626.4205882235294,2.857142857142857,,,,estadio
estadística,629.1060606060606,0.0,,,,estadistica
estado,632.3828571457143,0.0,,,,estado
estadounidense,682.644696969697,2.941176470588235,,,6.278,estadounidense
estafa,599.1882353,0.0,,,,estafa
estallar,613.7868055611111,2.7027027027027026,,,,estallar
estamento,758.4001851851851,15.625,,,10.167,estamento
estampa,691.7833333361111,5.263157894736842,,,,estampa
estancia,640.2078947421053,0.0,,,,estancia
estándar,599.9578947421053,0.0,,,,estandar
estanque,657.3457142885715,0.0,,,,estanque
estante,661.8205882235294,2.857142857142857,6.833,5.074,,estante
estantería,675.3432432459459,0.0,,,,estanteria
estaño,686.4600000066666,23.07692307692308,,,,estano
estar,606.8970588117647,0.0,3.174,6.714,,estar
estatal,702.8515151515152,0.0,4.6,4.115,10.115,estatal
estatua,586.9485714314286,0.0,,,,estatua
estatura,669.2225,0.0,,,,estatura
estatuto,713.4027777805555,10.0,,,10.85,estatuto
estela,615.0437500027778,2.7027027027027026,,,8.48,estela
estelar,662.5925000125,4.761904761904763,4.48,3.769,7.808,estelar
estereotipo,689.4789473736842,0.0,3.913,5.619,,estereotipo
esterilidad,727.6378378351351,0.0,,,,esterilidad
estética,609.7785714428571,2.325581395348837,,,,estetica
estético,633.1342857114286,2.777777777777778,,,,estetico
estiércol,721.9558823470588,12.82051282051282,,,,estiercol
estigma,624.5857142892858,9.67741935483871,,,10.9,estigma
estilo,622.6093023372093,0.0,,,,estilo
estima,594.1147058588235,2.857142857142857,,,6.2,estima
estimación,634.271874975,3.03030303030303,,,,estimacion
estimar,629.69374999375,5.882352941176471,3.357,5.905,,estimar
estimulante,661.7060606060606,2.941176470588235,,,9.714,estimulante
estimular,631.2447368605264,0.0,,,,estimular
estímulo,639.4925000025,0.0,,,,estimulo
estirar,643.7552631447369,0.0,,,4.32,estirar
estirpe,740.5370370407408,20.58823529411765,,3.08,10.438,estirpe
estómago,577.3861111694445,0.0,,,,estomago
estrado,872.8904761952381,41.66666666666667,5.111,3.318,10.308,estrado
estrangular,681.4284722305556,0.0,,,,estrangular
estrategia,647.8394736842105,0.0,,,8.5,estrategia
estrato,747.0793103413793,17.14285714285714,4.167,3.429,,estrato
estrecha,690.870270254054,2.631578947368421,4.143,5.885,,estrecha
estrechez,669.9475000305556,5.263157894736842,,,9.05,estrechez
estrecho,655.1777777944444,0.0,,,,estrecho
estrella,568.0125,3.03030303030303,,,,estrella
estremecer,696.5921052894737,2.564102564102564,,,9.944,estremecer
estremecerse,789.5931034517241,14.70588235294118,4.538,3.862,,estremecerse
estremecimiento,780.4032258096775,11.428571428571429,,,9.35,estremecimiento
estrenar,636.6400000028572,0.0,,,4.9,estrenar
estreno,622.5177027,0.0,,,,estreno
estrépito,811.608076923077,25.71428571428571,,,,estrepito
estrés,564.4868055555555,0.0,,,,estres
estribillo,677.3914285771428,2.777777777777778,,,6.0,estribillo
estribo,705.0137931206897,9.375,5.455,3.429,,estribo
estribor,783.475,31.428571428571427,5.148,3.227,10.038,estribor
estricto,683.9354838741936,3.125,,,,estricto
estridente,736.363636360606,13.157894736842099,4.259,4.714,,estridente
estructura,625.2400000257143,0.0,,,,estructura
estruendo,750.0108108054054,7.5,,,,estruendo
estuche,639.00000001,4.761904761904763,,,,estuche
estudiante,606.7999999942857,0.0,,,,estudiante
estudiar,575.8628571514286,0.0,,,,estudiar
estudio,628.9473684289474,0.0,,,,estudio
estudioso,640.3165277666667,2.7027027027027026,,,,estudioso
estufa,651.653124996875,3.03030303030303,,,,estufa
estupendo,650.0499999605263,0.0,4.6,6.143,,estupendo
estúpida,600.7190540486487,0.0,,,,estupida
estupidez,634.6894736789474,0.0,,,7.0,estupidez
estúpido,575.9108108054054,2.631578947368421,,,,estupido
etapa,612.3290322709678,0.0,,,,etapa
eternidad,636.264166675,2.7027027027027026,,,,eternidad
eterno,594.0388888805555,7.6923076923076925,2.9,6.381,,eterno
eufemismo,707.6942857085714,12.5,,,10.714,eufemismo
euforia,643.2416666388889,5.263157894736842,,,,euforia
eufórico,634.45000000625,0.0,,,,euforico
euro,620.1161290548387,0.0,6.2,6.85,,euro
europea,638.0947368526316,0.0,3.737,6.407,,europea
eutanasia,758.8951666633334,11.76470588235294,5.947,5.333,,eutanasia
evacuación,641.2242424424243,0.0,,,,evacuacion
evacuar,700.259375003125,3.03030303030303,5.185,4.818,8.538,evacuar
evaluación,668.4718055472222,2.7027027027027026,,,,evaluacion
evaluar,659.1552631657895,5.0,,,7.65,evaluar
evangelio,719.10937499375,5.882352941176471,,,7.9,evangelio
evaporación,726.1705882235294,8.108108108108109,,,,evaporacion
evasión,689.7588235294118,2.857142857142857,,,,evasion
evento,614.4393939424242,5.714285714285714,,,,evento
eventualidad,722.0240789473684,2.564102564102564,,,9.476,eventualidad
evidencia,607.6424242424242,2.941176470588235,,,,evidencia
evidente,632.5810605939394,2.941176470588235,3.828,6.35,,evidente
evitar,588.2181944527778,0.0,,,,evitar
evocación,654.971874996875,5.882352941176471,,,,evocacion
evocar,697.5685714257143,12.5,,,9.333,evocar
evolución,613.8361111361111,5.263157894736842,,,,evolucion
exacta,612.9483871,3.125,5.5,6.045,7.0,exacta
exactitud,598.7142856771428,0.0,,,,exactitud
exageración,708.7263157842106,0.0,,,,exageracion
exagerar,671.0283783648649,0.0,,,,exagerar
exaltación,678.309375003125,5.882352941176471,,,,exaltacion
examen,601.61,0.0,,,,examen
examinar,590.1388888833334,0.0,,,7.85,examinar
excavación,752.2128205153846,0.0,,,,excavacion
excelencia,600.2181818181818,0.0,,,,excelencia
excelente,586.744444436111,0.0,4.4,5.962,5.154,excelente
excepción,653.2273437625,5.882352941176471,,,,excepcion
excepcional,649.4285714285714,0.0,3.63,5.227,8.846,excepcional
exceso,635.9185294117647,5.555555555555555,,,,exceso
excitación,647.3866666666667,0.0,,,,excitacion
excitante,602.9999999972222,5.263157894736842,3.84,5.577,8.346,excitante
excitar,586.7454545484849,2.941176470588235,,,,excitar
exclamación,665.2692307717949,0.0,,,,exclamacion
excluir,661.5044285685715,2.777777777777778,,,8.381,excluir
exclusiva,580.9368421105263,2.564102564102564,,,8.04,exclusiva
exclusividad,645.6323529529412,0.0,4.769,5.697,8.812,exclusividad
excursión,588.6709677419354,6.0606060606060606,,,,excursion
excusa,610.1030303121212,0.0,,,,excusa
exhibición,671.7342105263158,0.0,,,,exhibicion
exhibir,647.1297297351351,5.128205128205128,,,9.316,exhibir
exigencia,635.4516129096775,3.125,,,,exigencia
exigir,626.0756757135135,2.631578947368421,,,6.167,exigir
existencia,626.7498611111112,0.0,,,,existencia
existencial,707.853472225,2.7027027027027026,3.269,5.303,9.0,existencial
existencialismo,971.4791666666666,25.0,,,10.952,existencialismo
existir,606.676744172093,0.0,,,4.833,existir
éxito,580.5026315552632,0.0,,,,exito
exitosa,619.2402702702702,0.0,4.087,5.048,7.885,exitosa
exitoso,646.7885714314285,0.0,,,,exitoso
expansión,609.652972972973,0.0,,,,expansion
expansiva,652.9166666861111,2.7027027027027026,4.269,4.909,8.938,expansiva
expectación,763.7969696787878,8.333333333333332,,,,expectacion
expectativa,651.7872058735294,0.0,,6.2,9.156,expectativa
expedición,718.4139393878788,10.81081081081081,,,,expedicion
expediente,655.6363636363636,2.941176470588235,,,,expediente
experiencia,618.5536585170731,2.3809523809523814,,,,experiencia
experimentación,635.2434375,0.0,,,,experimentacion
experimentar,631.7000000194445,2.7027027027027026,,,6.35,experimentar
experimento,622.8315789473684,0.0,,,,experimento
experta,558.5500000058823,0.0,,,6.2,experta
experto,622.245945954054,0.0,,,7.5,experto
explanada,684.2931034448276,9.375,,,,explanada
explicación,613.7108108162162,2.631578947368421,,,,explicacion
explicar,595.3580645032258,0.0,,,,explicar
exploración,618.4162162567568,0.0,,,,exploracion
explorador,585.7846153871795,0.0,5.407,5.318,5.962,explorador
explorar,625.8590277805556,0.0,,,6.143,explorar
explosión,560.4909090848485,0.0,,,,explosion
explosivo,599.7697674395349,0.0,,,,explosivo
explotar,609.3228571457142,0.0,,,4.6,explotar
exponer,606.1189189216216,0.0,,,8.053,exponer
exportación,668.9941176411764,0.0,,,,exportacion
exposición,612.8594594378378,0.0,,,,exposicion
expresar,657.3093023302325,0.0,,,,expresar
expresión,603.6677419419354,0.0,,,,expresion
expresiva,667.48611115,0.0,4.346,6.182,7.0,expresiva
expreso,701.5972973,2.631578947368421,,,7.95,expreso
exprimidor,622.9285714285714,0.0,5.609,5.852,,exprimidor
expulsar,577.221874990625,3.03030303030303,,,7.182,expulsar
expulsión,632.5210526552631,0.0,,,,expulsion
exquisito,654.9942857285714,7.894736842105263,3.724,5.69,,exquisito
éxtasis,636.3542857057142,0.0,,,,extasis
extender,615.93235295,0.0,,,8.19,extender
extensión,609.4250000075,0.0,,,,extension
extenso,585.5096774193548,6.0606060606060606,,,,extenso
exterior,620.2474999975,0.0,,,,exterior
exterminar,701.1270270054054,2.631578947368421,,,,exterminar
exterminio,766.8484722194445,2.7027027027027026,,,10.3,exterminio
externo,585.0896551551724,3.3333333333333335,3.435,6.19,,externo
extinción,627.7516129129033,0.0,,,,extincion
extra,567.7454545272727,5.714285714285714,,,,extra
extracción,627.5714285857143,0.0,,,,extraccion
extraer,632.9032258096775,0.0,,,,extraer
extranjera,618.1500000117647,0.0,,,,extranjera
extranjero,610.915625009375,0.0,,,,extranjero
extrañar,607.1558823676471,2.857142857142857,,,,extranar
extrañeza,693.6405405405405,5.128205128205128,,,,extraneza
extraño,561.9710526131579,2.564102564102564,,,,extrano
extraordinario,668.2189189270271,0.0,3.719,5.75,,extraordinario
extraterrestre,689.2069767511628,0.0,5.312,5.429,,extraterrestre
extravío,682.92812499375,5.882352941176471,,,,extravio
extrema,682.0492857114285,2.777777777777778,3.783,4.619,7.692,extrema
extremismo,736.11999998,0.0,3.808,4.606,9.844,extremismo
extremo,604.9741935483871,0.0,,,,extremo
fábrica,577.8000000216216,2.631578947368421,,,,fabrica
fabricación,641.6733783675676,0.0,,,,fabricacion
fabricar,599.7158108,0.0,,,5.85,fabricar
fábula,616.3399999885714,7.894736842105263,,,,fabula
fabuloso,620.2052631447368,0.0,3.56,5.538,5.692,fabuloso
facha,707.8941891945946,0.0,,,10.0,facha
fachada,654.4689655413794,3.3333333333333335,,,,fachada
facial,622.0264705852941,2.857142857142857,5.348,5.846,,facial
fácil,577.6058823617647,0.0,,,,facil
facilidad,655.4023255744186,0.0,,,,facilidad
facilitar,646.7499999970588,2.857142857142857,,,7.2,facilitar
factor,597.8356944444445,0.0,,,,factor
factoría,606.09142854,2.777777777777778,,,,factoria
factura,614.7055555472223,2.7027027027027026,,,,factura
facultad,568.5882352441176,2.857142857142857,,,,facultad
faena,675.2888888833334,5.263157894736842,,,,faena
faja,653.0676470705882,2.857142857142857,,,,faja
falacia,760.5809615307692,18.75,,,10.56,falacia
falange,737.50857144,5.405405405405405,5.45,4.115,,falange
falda,590.0879411764706,0.0,,,,falda
falla,702.2555555472222,5.263157894736842,,,,falla
fallar,650.0083333388889,2.7027027027027026,,,4.65,fallar
fallecer,660.7162162081081,0.0,,,,fallecer
fallecimiento,635.7276388944445,0.0,5.8,5.64,,fallecimiento
fallido,639.8081080810811,2.631578947368421,4.85,5.357,,fallido
fallo,617.1806451645161,0.0,,,,fallo
falsear,691.7419354774194,0.0,,,,falsear
falsedad,637.71457142,2.777777777777778,,,,falsedad
falta,641.8715714285714,0.0,,,,falta
faltar,570.9176470588235,2.857142857142857,,,4.667,faltar
fama,574.2754054189189,0.0,,,,fama
famélico,780.025740762963,27.027027027027028,,,,famelico
familia,561.7244594648648,0.0,,,,familia
familiaridad,689.4802702621622,0.0,,,7.4,familiaridad
famoso,597.5742857171429,2.777777777777778,4.519,6.214,,famoso
fan,668.106250021875,11.11111111111111,5.0,6.346,,fan
fanático,600.7027777555555,2.7027027027027026,,,,fanatico
fango,748.8303030363636,13.157894736842099,5.684,,6.969,fango
fantasía,582.9210526578947,0.0,,,,fantasia
fantasma,583.6999999763158,0.0,,,,fantasma
fantástica,624.9432432351351,0.0,,,,fantastica
fantástico,568.5153846153846,0.0,,,,fantastico
farmacia,557.1270833388888,2.7027027027027026,,,,farmacia
fármaco,638.9249999666666,2.7027027027027026,,,,farmaco
faro,676.365625,3.03030303030303,,,,faro
farol,617.6323529294118,12.82051282051282,,,,farol
farsa,658.469687496875,11.11111111111111,,,,farsa
fascinar,709.4833333527778,2.7027027027027026,3.296,5.5,,fascinar
fascismo,658.339393939394,15.38461538461539,4.316,5.121,,fascismo
fascista,670.6947368394736,5.0,,,10.333,fascista
fase,683.8108108162162,2.631578947368421,,,,fase
fastidiar,618.432432427027,2.631578947368421,3.786,6.069,,fastidiar
fastidio,672.1815789473684,0.0,3.45,5.762,,fastidio
fatal,568.1724999975,0.0,4.0,6.63,,fatal
fatalidad,626.1417647058823,5.555555555555555,,,,fatalidad
fatiga,608.2757575878788,2.941176470588235,,,,fatiga
fatigado,787.89546875,8.571428571428571,4.222,5.107,,fatigado
fauna,691.178125003125,3.03030303030303,,,,fauna
favor,568.7272058735294,5.555555555555555,,,,favor
favorita,552.0393939333334,0.0,,,4.2,favorita
favorito,551.6367646941177,5.555555555555555,,,,favorito
faz,797.700625,31.428571428571427,,,,faz
fe,638.1810810729729,2.631578947368421,,,,fe
febrero,636.9105263131579,0.0,,,,febrero
fecha,624.4852777805555,0.0,,,,fecha
fecundidad,810.337500009375,5.882352941176471,,,9.84,fecundidad
fecundo,712.4653846115384,16.12903225806452,,,,fecundo
federación,697.4864864378378,0.0,,,,federacion
federal,682.61088235,2.857142857142857,4.6,4.071,,federal
felicidad,541.6616666694445,2.7027027027027026,,,,felicidad
felicitación,696.2677419451613,0.0,,,,felicitacion
felicitar,637.5388889111111,0.0,,,,felicitar
feliz,543.3394736868421,0.0,,,,feliz
felpa,779.6178125,54.285714285714285,,,8.857,felpa
felpudo,746.2966666633333,9.090909090909092,,,,felpudo
femenino,600.9898648702703,0.0,4.391,6.476,,femenino
feminismo,608.7277026837838,5.128205128205128,,,10.158,feminismo
feminista,585.7411764764706,0.0,,,10.36,feminista
fémur,721.8382352911765,12.82051282051282,,,,femur
fenomenal,639.3090909151515,0.0,2.696,5.939,,fenomenal
fenómeno,622.045135127027,0.0,,,,fenomeno
feo,624.8111111277777,0.0,3.828,6.19,,feo
feria,645.7735294029412,2.857142857142857,,,,feria
ferocidad,802.284848469697,19.51219512195122,,,10.0,ferocidad
feroz,653.695,0.0,4.348,5.346,,feroz
ferrocarril,648.6564864702702,0.0,,,,ferrocarril
ferroviario,763.8745454484848,8.333333333333332,5.077,4.061,8.031,ferroviario
ferry,780.5043478260869,32.35294117647059,6.304,2.952,9.077,ferry
fertilidad,679.3525,0.0,5.7,5.423,,fertilidad
ferviente,749.3791666625,40.0,4.077,1.727,10.562,ferviente
festejar,691.5171428657143,0.0,,,,festejar
festín,654.3411764941177,2.857142857142857,,,,festin
festival,690.8833333583333,5.263157894736842,,,,festival
festivo,595.5717948717949,0.0,4.556,6.536,,festivo
fétido,709.6500000088236,12.82051282051282,,,,fetido
feudalismo,774.7230769269231,16.12903225806452,,,10.2,feudalismo
fianza,622.75714285,2.325581395348837,5.44,5.0,10.154,fianza
fiar,666.3783784081081,2.631578947368421,3.913,5.381,7.538,fiar
fibra,591.8180882411765,8.108108108108109,,,9.095,fibra
ficción,642.2945945972973,2.631578947368421,,,,ficcion
ficha,603.5342857142857,0.0,,,,ficha
fidelidad,683.2225675648649,0.0,,,,fidelidad
fiebre,569.6108108081081,0.0,,,,fiebre
fiel,583.0088235117647,0.0,,,,fiel
fieltro,803.9636363636364,33.33333333333333,,,9.476,fieltro
fiera,628.4354838870968,8.823529411764707,,,,fiera
fiereza,740.9435185074074,27.027027027027028,2.833,3.444,,fiereza
fiesta,559.2820512820513,2.5,,,,fiesta
figura,591.7352941088235,0.0,,,,figura
figuración,725.552777775,5.263157894736842,,,,figuracion
figurar,647.0365151393939,0.0,,,,figurar
fija,619.081249984375,5.882352941176471,4.778,5.773,7.808,fija
fijación,729.5199999885714,5.405405405405405,,,,fijacion
fijar,613.1125675702702,0.0,,,6.556,fijar
fila,628.7914285742858,5.405405405405405,,,,fila
filmación,660.1733333333333,6.25,,,,filmacion
filmar,679.1382352470588,2.857142857142857,,,7.5,filmar
filo,616.4999999733334,18.91891891891892,,,8.9,filo
filosofar,690.6828571457143,10.25641025641026,,,10.2,filosofar
filosofía,603.3229166694445,0.0,,,,filosofia
filósofo,641.4994117735295,0.0,,,,filosofo
filtro,664.5028571628571,7.894736842105263,,,8.55,filtro
fin,611.7400000114286,0.0,,,,fin
fina,672.4411764794118,2.857142857142857,3.45,5.88,,fina
final,628.3263157921052,0.0,,,,final
finalidad,643.3633333233333,3.225806451612903,,,,finalidad
finalizar,613.4315789473684,0.0,,,,finalizar
financiación,699.2114285485715,2.777777777777778,,,,financiacion
financiera,689.8388888916667,2.7027027027027026,4.45,4.44,,financiera
finca,631.4617646970588,0.0,5.65,4.893,,finca
fingir,588.7595238357143,2.325581395348837,,,7.421,fingir
fino,614.9485714285714,7.894736842105263,,,,fino
finura,783.9083333125,29.411764705882348,,,8.12,finura
firma,591.4216666636364,2.941176470588235,,,,firma
firmamento,774.4815151454545,8.333333333333332,,,,firmamento
firmar,637.160465127907,0.0,,,5.909,firmar
firme,641.9429166694445,2.7027027027027026,,,,firme
firmeza,609.646875003125,0.0,,,,firmeza
fiscal,599.8902777638889,0.0,,,,fiscal
fiscalía,669.5800000028571,2.777777777777778,,,,fiscalia
física,553.8258064677419,0.0,,,,fisica
físico,575.3033333305556,2.7027027027027026,,,,fisico
fisiología,671.3135135108108,7.5,,,,fisiologia
fisonomía,855.0814814962963,22.857142857142858,,,,fisonomia
flaco,627.9329729837838,0.0,4.6,5.857,,flaco
flamante,673.0905172379311,17.14285714285714,3.885,3.97,9.562,flamante
flamenco,612.25000001,0.0,,,,flamenco
flanco,651.4375000166667,36.84210526315789,4.304,2.762,10.423,flanco
flaqueza,709.7257142828571,5.405405405405405,3.4,5.095,,flaqueza
flash,661.678787860606,5.714285714285714,5.778,5.091,7.192,flash
flauta,600.7997297297297,0.0,,,,flauta
flecha,637.4970588264706,2.857142857142857,,,,flecha
flexible,617.6054053972973,0.0,4.562,5.964,,flexible
flexión,658.7000000027027,2.631578947368421,,,,flexion
flirtear,822.85666671,9.090909090909092,,,,flirtear
flojo,633.7064516064517,0.0,3.35,6.143,,flojo
flor,573.15999998,0.0,,,,flor
flora,614.1648648702703,5.128205128205128,,,,flora
florecer,629.6390789263157,2.564102564102564,,,,florecer
florida,572.1370833361111,0.0,4.96,4.423,7.885,florida
flotar,570.7655172448276,0.0,,,5.167,flotar
fluidez,632.8256410179487,0.0,3.577,5.606,8.531,fluidez
fluido,659.26444445,0.0,,,8.722,fluido
fluir,621.7735294088235,2.857142857142857,,,8.12,fluir
flujo,590.0460810864865,0.0,,,,flujo
fluvial,738.9497916708333,29.411764705882348,4.5,4.545,9.188,fluvial
fobia,662.4800000133333,9.090909090909092,,,,fobia
foca,605.3865714314286,5.405405405405405,,,,foca
foco,635.5783333305556,0.0,,,,foco
fofo,863.5090909045455,43.58974358974359,4.103,4.786,,fofo
fogón,707.2225806483871,16.21621621621622,,,,fogon
folclórica,904.9555555444445,28.947368421052634,,,,folclorica
folleto,627.4058823441177,0.0,,,,folleto
follón,592.7501315868421,5.0,,,,follon
fomentar,705.6315789342106,0.0,,,9.545,fomentar
fondo,584.159375003125,13.513513513513509,,,,fondo
fontanero,685.2735294294117,0.0,,,,fontanero
forense,669.745,0.0,6.44,4.346,9.385,forense
forjar,689.8257143085714,12.5,,,9.905,forjar
forma,574.9732432459459,0.0,,,,forma
formación,571.4513513351351,2.631578947368421,,,,formacion
formal,608.1268055527778,0.0,,,,formal
formalidad,631.0358974410257,0.0,3.75,5.75,,formalidad
formar,584.3170270216216,0.0,,,,formar
formidable,783.0415624875,0.0,3.741,4.136,9.962,formidable
fórmula,578.3702702513514,2.631578947368421,,,,formula
formulación,640.7581944416667,2.7027027027027026,,,,formulacion
formulario,641.9342105236842,0.0,5.348,5.714,9.038,formulario
forro,656.4769230794872,9.30232558139535,,,7.56,forro
fortaleza,596.4944444222222,0.0,,,,fortaleza
fortificación,753.140740737037,15.625,,,,fortificacion
fortuito,766.5843749875,15.789473684210531,4.13,4.276,,fortuito
fortuna,592.1529411852941,0.0,,,,fortuna
forzar,605.0290000057142,5.405405405405405,,,8.0,forzar
forzosa,721.7323529352941,10.52631578947368,4.923,5.424,8.156,forzosa
fosa,607.8162499968751,13.513513513513509,,,8.32,fosa
fósforo,634.3694444555556,2.7027027027027026,,,,fosforo
foto,578.9228571485714,0.0,,,,foto
fotocopia,616.6500000333333,0.0,6.25,6.524,,fotocopia
fotografía,605.5444444277778,0.0,,,,fotografia
fotógrafo,583.5971428685714,0.0,,,,fotografo
fracasado,650.557575760606,0.0,,,,fracasado
fracaso,583.8882353,2.857142857142857,,,,fracaso
fracción,650.829411782353,2.857142857142857,,,,fraccion
fractura,673.7199999971428,2.777777777777778,4.1,5.464,,fractura
fragancia,645.5999999852942,2.857142857142857,,,,fragancia
frágil,579.6342105368421,0.0,,,,fragil
fragilidad,622.8029411382353,2.857142857142857,,,,fragilidad
fragmento,617.2666666615385,0.0,,,,fragmento
fragor,637.70624999375,51.515151515151516,,,10.211,fragor
fragua,737.199999985,35.483870967741936,,,10.368,fragua
fraile,759.9230769230769,25.71428571428571,,,,fraile
francés,593.73796875,3.03030303030303,,,,frances
francotirador,784.6029411558824,12.82051282051282,6.519,4.273,9.038,francotirador
franja,670.6078947342105,2.564102564102564,,,9.211,franja
franquismo,681.1692646911765,5.555555555555555,,,9.762,franquismo
franquista,629.5828571228571,0.0,,,,franquista
frasco,660.0305555527777,5.263157894736842,,,6.182,frasco
frase,577.4461538435897,0.0,,,,frase
fraternidad,706.1018571371428,2.777777777777778,,,,fraternidad
fraude,646.1363636787879,2.941176470588235,4.357,4.724,,fraude
frecuencia,634.7102777777778,0.0,,,,frecuencia
frecuente,657.7419354903226,3.125,2.9,6.381,,frecuente
fregadero,684.282567572973,0.0,,,,fregadero
frenesí,706.325925925926,18.18181818181818,,,,frenesi
freno,588.225,3.03030303030303,,,5.286,freno
frente,597.7691176558824,0.0,,,,frente
fresa,562.93333335,2.325581395348837,,,,fresa
fresco,616.148648672973,2.631578947368421,,,,fresco
frescura,694.0000000103448,6.451612903225806,,,5.889,frescura
fría,567.2823529294118,0.0,,,,fria
frialdad,740.7342857628571,7.894736842105263,,,,frialdad
frío,588.1545945837838,0.0,,,,frio
frondoso,723.7333333333333,14.28571428571428,,,,frondoso
frontal,611.7945833444444,2.7027027027027026,,,7.6,frontal
frontera,657.74999999375,3.03030303030303,,,,frontera
frontón,630.4866666566667,11.76470588235294,,,,fronton
frustración,627.8200000371429,0.0,,,,frustracion
frustrado,659.625,5.882352941176471,4.241,6.034,,frustrado
fruta,552.5441860744186,0.0,,,,fruta
fruto,592.9907142914286,5.405405405405405,,,,fruto
fucsia,869.2739130565218,30.303030303030297,5.826,5.45,,fucsia
fuego,590.131578918421,0.0,,,,fuego
fuente,595.3811111138889,2.7027027027027026,,,,fuente
fuera,581.4921052447369,0.0,3.85,6.84,,fuera
fuerte,551.6410256461538,0.0,,,,fuerte
fuerza,632.791621627027,0.0,,,,fuerza
fuga,594.8764705941177,0.0,,,,fuga
fugaz,634.4483870967742,0.0,3.174,5.0,,fugaz
fulano,739.5814814814814,12.90322580645161,,,7.96,fulano
fular,782.5923076846154,58.06451612903226,5.84,4.964,,fular
fulgor,748.3325925925926,27.027027027027028,,,,fulgor
fumar,562.1809722222222,0.0,,,,fumar
función,578.6028571685714,0.0,,,,funcion
funcionamiento,633.94014286,5.405405405405405,,,,funcionamiento
funcionar,574.162972972973,0.0,,,4.36,funcionar
funcionario,702.9844285714286,0.0,,,9.842,funcionario
funda,666.0848484666667,5.714285714285714,,,,funda
fundación,617.7999999864865,2.631578947368421,,,,fundacion
fundador,623.0652564461539,0.0,,,8.409,fundador
fundamentación,701.39374999375,3.03030303030303,,,,fundamentacion
fundamental,647.4999999939394,0.0,3.611,6.524,,fundamental
fundamentar,699.443749971875,5.882352941176471,,,10.227,fundamentar
fundamento,683.7085714571429,0.0,,,,fundamento
fundar,667.7999999962963,12.90322580645161,,,8.15,fundar
fúnebre,628.3638888611111,5.263157894736842,,,,funebre
funeral,628.1571428542857,0.0,,,,funeral
funeraria,706.9055555555556,2.7027027027027026,,,,funeraria
furcia,835.1192307730769,23.52941176470588,4.81,3.72,,furcia
furgoneta,652.0457142828571,0.0,,,,furgoneta
furia,594.7970588205882,2.857142857142857,,,,furia
furioso,614.2903225870967,0.0,5.04,5.385,5.0,furioso
furor,659.8479310310345,19.44444444444444,,,,furor
fuselaje,888.0909090909091,65.625,,,10.571,fuselaje
fusil,666.5229032258064,8.823529411764707,,,,fusil
fusilar,666.7500000166666,5.263157894736842,,,,fusilar
fusionar,599.0236842157894,5.0,4.154,5.273,8.906,fusionar
fútbol,610.7131579236842,0.0,,,,futbol
futbolín,685.9245714285714,2.777777777777778,,,,futbolin
futura,685.51333334,6.25,3.259,6.227,6.115,futura
futuro,559.0264706029412,2.857142857142857,,,,futuro
gabardina,794.1583333194444,2.7027027027027026,,,,gabardina
gabinete,637.3067567513514,0.0,,,,gabinete
gafas,601.3289473736842,0.0,,,,gafas
gala,668.6518181787878,2.941176470588235,,,,gala
galán,607.6529411970588,10.52631578947368,,,,galan
galardón,750.209375003125,5.882352941176471,,,,galardon
galaxia,631.5076923051282,2.5,,,6.111,galaxia
galeón,772.645,41.17647058823529,,,,galeon
gallego,653.0600000025,0.0,,,,gallego
galleta,598.7691891945946,0.0,6.296,6.636,2.923,galleta
gallina,567.1696969666667,5.714285714285714,,,,gallina
gallinero,671.2235294117647,2.857142857142857,,,4.7,gallinero
gallo,602.0696969757576,5.714285714285714,,,,gallo
galope,793.0839655172414,9.375,,,7.16,galope
gama,731.798125,8.571428571428571,,,9.143,gama
ganadería,642.2696970090909,5.714285714285714,,,,ganaderia
ganado,675.2617647205882,0.0,,,,ganado
ganador,638.875,0.0,,,,ganador
ganancia,701.789189181081,2.631578947368421,,,,ganancia
ganar,592.9500000131579,2.564102564102564,,,,ganar
gancho,718.2425,0.0,,,,gancho
gangrena,852.9000000294118,48.48484848484849,,,,gangrena
garaje,569.2731944444445,2.7027027027027026,,,,garaje
garantía,596.9228571028572,2.777777777777778,,,,garantia
garantizar,638.4864864864865,5.128205128205128,,,8.722,garantizar
garbanzos,655.8485714314286,5.405405405405405,,,,garbanzos
garganta,605.8999999857143,0.0,,,,garganta
gas,563.6969697,0.0,,,,gas
gaseosa,670.8315789578947,0.0,,,7.1,gaseosa
gasóleo,639.8490909151515,5.714285714285714,,,,gasoleo
gasolina,580.448717923077,0.0,,,,gasolina
gasolinera,600.4792857228572,2.777777777777778,6.667,6.455,5.423,gasolinera
gastar,638.8766216216217,0.0,,,5.762,gastar
gasto,595.7594594378378,2.631578947368421,,,,gasto
gata,620.1820512948718,0.0,,,2.857,gata
gatillo,651.9218749875,5.882352941176471,,,8.857,gatillo
gato,554.6294117617647,2.857142857142857,,,,gato
gaviota,581.95937499375,3.03030303030303,,,,gaviota
gay,643.9688571342857,5.405405405405405,5.667,6.25,,gay
gelatina,601.6216215945946,5.128205128205128,6.652,5.143,4.808,gelatina
gélido,656.3250000058823,8.108108108108109,,,,gelido
gema,687.5577777777778,10.0,5.048,3.786,,gema
gemelos,597.7600000057142,0.0,,,,gemelos
gen,675.9678571785714,24.32432432432433,,,9.81,gen
generación,613.3486486459459,0.0,,,,generacion
generador,615.7263158026316,0.0,,,,generador
general,567.8589743589744,2.5,,,,general
generalidad,642.3142857171429,0.0,,,,generalidad
generalización,636.8545454757576,0.0,,,,generalizacion
generar,571.27999998,0.0,,,7.8,generar
género,585.6470833305556,0.0,,,,genero
generosidad,592.3333333366667,3.225806451612903,,,,generosidad
generoso,596.5684210447369,2.564102564102564,3.536,6.621,,generoso
genética,602.1009210842105,0.0,,,,genetica
genial,561.8236842026316,0.0,3.483,6.828,,genial
genio,610.3538461589743,0.0,,,,genio
genitales,705.0815789578947,0.0,,,8.1,genitales
gente,550.126470532353,5.555555555555555,,,,gente
gentil,622.82499999375,5.882352941176471,4.222,4.545,9.615,gentil
gentío,696.384,37.5,,,,gentio
genuino,719.8800000066667,9.090909090909092,,,,genuino
geografía,627.4093023348837,0.0,,,,geografia
geográfica,622.4555882382354,5.555555555555555,,,,geografica
geología,670.88,3.225806451612903,,,,geologia
geometría,641.4439189027026,0.0,,,,geometria
geranio,819.2417307692308,27.77777777777778,6.357,5.037,,geranio
germen,718.3371428657143,0.0,,,,germen
gesta,699.4939393909091,13.157894736842099,,,10.545,gesta
gestación,694.6135135108108,2.631578947368421,,,,gestacion
gestión,631.1571428542857,0.0,,,,gestion
gestionar,617.9757691974359,2.5,4.35,6.19,,gestionar
gesto,591.0325,0.0,,,,gesto
gigante,572.4542307461538,2.5,,,,gigante
gigantesco,668.4685713885714,0.0,5.231,5.424,5.531,gigantesco
gimnasia,601.20666667,3.225806451612903,,,,gimnasia
gimnasio,613.5578947368421,0.0,,,,gimnasio
gimnasta,672.134375,3.03030303030303,,,,gimnasta
ginebra,686.3658823647058,5.555555555555555,,,,ginebra
gira,595.765,2.7027027027027026,4.36,5.692,3.885,gira
girar,608.72187499375,5.882352941176471,,,,girar
girasol,642.9914285742857,0.0,6.828,6.048,,girasol
giratorio,697.1897435948717,2.5,,,,giratorio
giro,610.0137930896552,0.0,,,,giro
gitana,624.3043055555555,0.0,,,5.68,gitana
gitano,614.208823517647,5.555555555555555,,,,gitano
glaciar,741.2193548419355,11.428571428571429,6.1,4.5,,glaciar
glamour,736.02187500625,3.03030303030303,3.31,5.276,,glamour
glándula,641.2231944472222,2.7027027027027026,,,,glandula
global,647.1282051307692,2.5,3.278,6.0,,global
globo,579.1270269972973,2.631578947368421,,,,globo
gloria,538.6848485121212,5.714285714285714,,,,gloria
glorieta,662.2749999777777,2.7027027027027026,,,9.429,glorieta
glorioso,631.7642647058824,5.555555555555555,3.815,4.409,8.5,glorioso
glúteo,614.8909090939394,2.941176470588235,,,,gluteo
gobernación,668.4702702891892,5.128205128205128,,,,gobernacion
gobernador,641.2057142914285,0.0,,,,gobernador
gobernante,663.2121212030303,2.941176470588235,,,7.389,gobernante
gobernar,617.9594594621622,5.128205128205128,,,6.88,gobernar
gobierno,561.3264705882353,0.0,,,,gobierno
goce,760.8434782695653,28.125,,,,goce
gol,600.25,2.564102564102564,6.15,6.091,,gol
goleada,735.6935484064517,11.428571428571429,4.962,5.333,6.656,goleada
goleador,732.5444444583334,2.7027027027027026,5.885,5.364,6.094,goleador
golf,617.8884210578948,2.564102564102564,,,,golf
golfista,723.9937499875,11.11111111111111,,,,golfista
golfo,637.4846153717949,0.0,,,,golfo
golondrina,718.3199999971429,5.405405405405405,,,,golondrina
golpe,596.5745588117647,0.0,,,,golpe
golpear,618.3684210605263,2.564102564102564,,,,golpear
goma,614.26333334,0.0,,,,goma
gordo,598.0555555611111,2.7027027027027026,4.043,6.179,,gordo
gordura,696.232558144186,0.0,,,,gordura
gorila,671.7485714228571,5.405405405405405,,,,gorila
gorra,580.0242424181819,0.0,,,,gorra
gorrino,702.6806451612904,16.21621621621622,5.682,4.071,,gorrino
gorrión,697.7323529794118,2.857142857142857,,,,gorrion
gorro,567.693023272093,0.0,,,,gorro
gótica,687.8242424181818,0.0,,,,gotica
gozo,677.5463414609756,4.651162790697674,,,,gozo
gozoso,726.1814814925926,22.857142857142858,,,,gozoso
grabación,602.3589743641026,0.0,,,,grabacion
grabado,633.40625000625,5.882352941176471,,,6.2,grabado
grabar,638.6746969787879,0.0,4.45,6.481,,grabar
gracia,596.409302327907,0.0,,,,gracia
gracioso,604.0305405378379,0.0,3.85,6.788,,gracioso
grado,549.20666668,0.0,,,,grado
graduación,616.3242424212121,2.941176470588235,,,,graduacion
graduado,646.7235294058823,5.555555555555555,4.844,5.75,,graduado
gráfica,623.3652777833333,2.7027027027027026,,,,grafica
gráfico,588.0166666583333,0.0,,,,grafico
gramática,628.6212121333333,0.0,,,,gramatica
gramo,613.3612857142857,2.777777777777778,4.276,5.769,,gramo
gran,622.7242424272728,2.941176470588235,3.0,6.643,,gran
granada,678.402500005,0.0,6.074,4.893,,granada
granate,652.5787878666666,13.157894736842099,6.15,6.571,,granate
grande,633.170270272973,2.631578947368421,4.4,6.714,,grande
grandeza,629.8823529823529,0.0,,,,grandeza
grandioso,663.9305555555555,5.263157894736842,,,,grandioso
granero,781.1780357142857,17.64705882352941,,,,granero
granito,610.0389743641026,2.5,,,5.44,granito
granizo,694.8425,2.564102564102564,6.0,5.303,,granizo
granja,635.7459459378379,2.631578947368421,,,,granja
grano,606.8727272787879,0.0,,,,grano
grapadora,658.13666667,6.25,,,,grapadora
grasa,626.5648649162163,2.631578947368421,,,,grasa
gratis,559.8657894631579,0.0,,,,gratis
gratitud,606.4348837209302,0.0,,,,gratitud
grave,627.178947318421,0.0,,,,grave
gravedad,618.5342647029412,0.0,,,,gravedad
gravitación,673.2395588176471,5.555555555555555,,,,gravitacion
gremio,735.2174137931034,12.12121212121212,,,9.905,gremio
griego,614.1999999941177,2.857142857142857,,,,griego
grifo,619.199054054054,0.0,,,3.727,grifo
gripe,638.7779166722222,2.7027027027027026,,,,gripe
gris,611.8925000025,0.0,6.444,6.05,,gris
gritar,618.7410256435898,0.0,,,,gritar
grito,568.1972972918919,2.631578947368421,,,,grito
grosero,641.6973684157895,5.0,4.906,4.857,,grosero
grosor,643.4794117676471,2.857142857142857,,,5.556,grosor
grúa,617.27025001,0.0,,,,grua
grueso,645.7205882529412,0.0,,,,grueso
gruñido,683.745945927027,0.0,,,,grunido
grupo,547.7170588235294,0.0,,,,grupo
gruta,648.3636363772728,35.29411764705883,,,,gruta
guante,716.3500000083334,5.263157894736842,,,,guante
guapa,575.5515151515151,0.0,3.656,6.857,,guapa
guapo,555.2714286028571,0.0,3.667,6.929,,guapo
guarda,664.3815789394737,0.0,4.24,5.5,4.115,guarda
guardar,618.8862857142857,0.0,,,,guardar
guardería,639.7594594594594,0.0,,,,guarderia
guardia,583.1243243675675,0.0,,,,guardia
guardián,585.3769230666667,0.0,,,,guardian
guarida,697.90333337,14.28571428571428,,,7.19,guarida
guarnición,732.5090908636364,2.941176470588235,,,,guarnicion
guepardo,740.3763793068965,19.44444444444444,6.833,5.286,,guepardo
guerra,612.3891892162162,2.631578947368421,,,,guerra
guerrero,588.3336486513514,0.0,,,,guerrero
guía,637.7621621810811,0.0,,,,guia
guillotina,729.3482758551725,9.375,6.429,4.036,,guillotina
guiño,678.4378378810811,0.0,,,,guino
guionista,700.9337499888888,2.7027027027027026,,,8.222,guionista
guitarra,561.6114285714285,0.0,,,,guitarra
guitarrista,662.8105262710526,0.0,6.423,5.697,5.062,guitarrista
gusano,629.0376388944444,2.7027027027027026,,,,gusano
gustar,597.5909090909091,2.941176470588235,,,,gustar
gusto,567.4578947368421,0.0,,,,gusto
haber,681.879999995,6.976744186046512,,,,haber
hábil,628.6447368447368,2.564102564102564,,,,habil
habilidad,597.03,3.225806451612903,,,,habilidad
habitación,584.5636363575758,0.0,,,,habitacion
habitante,648.3924999975,0.0,,,,habitante
habitar,618.3551724241379,3.3333333333333335,,,7.1,habitar
hábito,613.424242430303,0.0,,,,habito
habitual,588.5090908909091,5.714285714285714,4.55,6.571,,habitual
hablante,626.8057142685714,0.0,,,7.6,hablante
hablar,584.635,0.0,,,,hablar
hacer,604.9078947026316,0.0,,,,hacer
hacha,681.309374975,8.571428571428571,,,,hacha
hacienda,700.2598484848485,2.941176470588235,,,,hacienda
hacinamiento,983.5388888888889,52.63157894736842,,,,hacinamiento
hada,653.0052631631579,2.564102564102564,,,,hada
halagador,758.6,5.714285714285714,,,,halagador
halcón,680.5757575818182,2.941176470588235,,,,halcon
hallar,700.5495161322581,16.21621621621622,,,,hallar
hallazgo,629.2837837891892,2.631578947368421,,,,hallazgo
halo,757.892000012,30.555555555555557,,,10.111,halo
hamaca,753.61875000625,15.789473684210531,,,,hamaca
hambre,557.5159090909091,2.941176470588235,,,,hambre
hambriento,617.6171428571429,0.0,4.393,6.552,,hambriento
hamburguesa,601.6764705529412,2.857142857142857,6.219,6.643,,hamburguesa
harén,839.5368421105263,48.64864864864865,,,,haren
harina,612.2774193580645,3.125,,,,harina
harta,653.7642856857143,12.5,4.16,6.115,6.077,harta
harto,733.4818181727272,13.157894736842099,3.862,6.448,,harto
hastío,747.9909090954545,43.58974358974359,,,,hastio
haya,742.8346153846154,21.21212121212121,4.2,5.846,,haya
haz,723.0890909090909,5.714285714285714,,,,haz
hazaña,697.7489062375,8.571428571428571,,,,hazana
hebra,708.725925962963,18.18181818181818,,,,hebra
hebreo,693.8222222222222,7.6923076923076925,,,9.429,hebreo
hechicera,704.0933334033333,9.090909090909092,4.423,4.03,7.594,hechicera
hechizo,623.2428571371429,0.0,4.214,4.45,,hechizo
hecho,613.14375,5.882352941176471,,,,hecho
hedor,738.3952380619048,43.24324324324325,,,,hedor
hegemonía,755.4516129064516,20.51282051282051,,,,hegemonia
helada,642.1189743307692,0.0,,,5.667,helada
helado,576.1709090818182,0.0,,,,helado
hélice,680.8717567405405,0.0,,,,helice
helicóptero,629.3835714285714,2.777777777777778,,,,helicoptero
hembra,602.1352941205882,0.0,,,,hembra
hemisferio,631.5344117529412,0.0,,,8.88,hemisferio
hemorragia,741.6491935483871,8.823529411764707,6.24,4.269,9.654,hemorragia
heno,729.3684210526316,38.70967741935484,,,,heno
hepatitis,757.497222175,0.0,5.778,4.576,,hepatitis
heredero,652.6885294117648,5.555555555555555,,,8.0,heredero
hereje,695.6285714171429,14.634146341463412,3.923,2.606,10.438,hereje
herejía,712.1361111388889,14.28571428571428,,,,herejia
herencia,591.5705882441176,0.0,,,,herencia
herida,615.6294444416667,0.0,,,,herida
herido,571.0664864891892,0.0,,,,herido
herir,668.4974359025641,2.5,,,,herir
hermana,583.9057142828572,0.0,,,,hermana
hermandad,718.2485714228571,7.894736842105263,,,,hermandad
hermano,565.913513508108,2.631578947368421,,,,hermano
hermosa,599.9722222222222,2.7027027027027026,4.24,5.577,4.538,hermosa
hermoso,615.036842131579,0.0,3.704,6.607,,hermoso
hermosura,644.7187837837838,0.0,4.6,5.667,,hermosura
héroe,559.8499999735294,2.857142857142857,,,,heroe
heroína,603.1714285371429,0.0,,,,heroina
heroísmo,690.5499999947368,0.0,,,,heroismo
herramienta,618.479487176923,0.0,,,,herramienta
hervir,633.8,0.0,,,,hervir
heterogeneidad,870.8800000171428,5.405405405405405,,,10.762,heterogeneidad
heterosexual,655.3027027108108,2.631578947368421,5.087,6.03,,heterosexual
híbrido,603.1972222277777,5.263157894736842,,,,hibrido
hidalgo,688.8861111138889,5.263157894736842,,,,hidalgo
hidrógeno,604.5117646941177,2.857142857142857,,,,hidrogeno
hiedra,676.0384615269231,16.12903225806452,,,8.88,hiedra
hielo,562.1714285742858,5.405405405405405,,,,hielo
hiena,655.13666667,3.225806451612903,,,,hiena
hierba,556.3430555666666,2.7027027027027026,,,,hierba
hierro,655.6114285228572,7.894736842105263,,,,hierro
hígado,617.8030303030303,0.0,,,,higado
higiene,594.0852941117647,2.857142857142857,4.609,6.619,,higiene
higo,608.16857142,0.0,6.25,4.643,,higo
higuera,680.33333333,9.090909090909092,,,,higuera
hija,557.44228572,0.0,,,,hija
hijo,572.3324285771429,5.405405405405405,,,,hijo
hilera,760.1969697090909,13.157894736842099,,,8.286,hilera
hilo,602.2700000055555,0.0,,,,hilo
himno,698.629729727027,0.0,5.889,5.76,,himno
hinchado,686.3321428571429,6.666666666666667,,,,hinchado
hindú,696.9249999972222,7.6923076923076925,,,,hindu
hipócrita,611.680555575,5.263157894736842,,,,hipocrita
hipopótamo,635.8353750125,0.0,,,,hipopotamo
hipoteca,627.6228571485715,0.0,6.185,5.182,8.962,hipoteca
histeria,701.268750003125,8.571428571428571,,,9.76,histeria
histérica,711.4909090878788,2.941176470588235,,,,histerica
historia,558.151515169697,2.941176470588235,,,,historia
historiador,701.1394736631579,0.0,,,8.286,historiador
historial,581.8228571514286,0.0,4.84,5.769,8.192,historial
histórico,577.68128572,5.405405405405405,,,,historico
hito,741.6782608565218,23.333333333333332,,,10.316,hito
hocico,840.79687500625,25.581395348837212,,,6.48,hocico
hockey,668.1734848606061,2.941176470588235,6.481,4.227,7.269,hockey
hogar,596.9552631526316,0.0,,,,hogar
hoguera,678.8149999975,0.0,,,,hoguera
hoja,552.7717948666667,2.5,,,,hoja
holandés,660.3413636333333,5.714285714285714,,,,holandes
holgado,717.1108108054054,2.631578947368421,,,,holgado
holocausto,681.6807353,5.555555555555555,,,10.5,holocausto
hombre,593.1481944444445,0.0,,,,hombre
hombro,577.9677419548387,6.0606060606060606,,,,hombro
homenaje,653.1157894684211,0.0,,,,homenaje
homicida,779.7883333303031,8.333333333333332,5.267,4.679,,homicida
homicidio,635.4257142685715,0.0,,,,homicidio
homosexual,623.475135145946,0.0,,,,homosexual
homosexualidad,734.7771428542857,0.0,,,9.0,homosexualidad
hondo,619.9540540567567,7.5,,,,hondo
honestidad,597.9995946,0.0,4.259,6.091,7.885,honestidad
honesto,589.8885714371429,0.0,4.094,6.143,,honesto
hongo,660.5361111083333,5.263157894736842,5.031,5.179,,hongo
honor,572.4356578868421,0.0,,,,honor
honorable,683.9235294147059,2.857142857142857,3.84,4.577,9.385,honorable
honorífico,732.9885714428572,5.405405405405405,,,,honorifico
honra,690.2357142857143,20.0,,,8.6,honra
honrado,683.6156249875,5.882352941176471,,,,honrado
honrar,680.4837878818182,5.714285714285714,3.783,4.333,8.962,honrar
hora,617.2247142942857,5.405405405405405,,,,hora
horario,597.0714285761904,2.325581395348837,,,4.5,horario
horizonte,686.4198611111111,2.7027027027027026,,,,horizonte
hormiga,578.5882352911765,0.0,,,,hormiga
hormiguero,596.45312499375,0.0,,,,hormiguero
hormona,646.0848484969697,5.714285714285714,,,9.6,hormona
hornear,651.5032258161291,0.0,,,,hornear
horno,564.3249999583334,5.263157894736842,,,,horno
horquilla,691.834375003125,5.882352941176471,,,,horquilla
horrible,592.265,0.0,3.5,6.381,,horrible
horror,584.8638888666667,0.0,,,,horror
horroroso,667.5735294117648,0.0,,,,horroroso
hortalizas,679.9305555194444,5.263157894736842,,,5.722,hortalizas
hospital,574.9638888527778,0.0,,,,hospital
hospitalidad,649.2843749875,3.03030303030303,5.074,5.182,8.462,hospitalidad
hostal,593.3842105342105,5.0,6.0,5.63,,hostal
hostia,584.9270270270271,0.0,,,,hostia
hostil,613.6129032129032,3.125,3.852,4.586,,hostil
hostilidad,636.1685714314285,5.405405405405405,,,,hostilidad
hotel,545.3600000075,4.761904761904763,,,,hotel
hoy,559.2638888888889,2.7027027027027026,5.1,6.95,,hoy
hoyo,671.5615714142857,5.405405405405405,,,,hoyo
hoz,707.2821428607143,22.22222222222222,,,9.16,hoz
hueco,585.3276389,0.0,,,,hueco
huelga,624.4008108135135,0.0,,,,huelga
huella,572.8204054108108,0.0,,,,huella
huérfano,624.6428571547619,0.0,,,,huerfano
huerta,603.5895454515152,2.941176470588235,,,,huerta
huerto,580.4029411705882,0.0,,,,huerto
hueso,601.7154166694445,0.0,,,,hueso
huésped,620.18333333,3.225806451612903,,,,huesped
huevo,537.4342857,0.0,,,,huevo
huida,675.8837837675676,2.631578947368421,,,7.4,huida
huir,633.3321428542857,5.405405405405405,,,,huir
humana,558.4147059058823,0.0,4.35,6.63,,humana
humanidad,624.0657894789474,0.0,,,,humanidad
humanista,651.3989705911765,0.0,,,10.1,humanista
humanitario,667.1297297297298,2.631578947368421,,,,humanitario
humano,558.2157894947368,0.0,,,,humano
humareda,830.4083333333333,35.135135135135144,,,,humareda
humedad,549.4799999971428,2.777777777777778,,,,humedad
humedecer,651.5797297243244,0.0,,,,humedecer
húmedo,593.0264705764706,0.0,,,,humedo
humildad,608.5783783837837,2.631578947368421,,,,humildad
humilde,602.4819737131579,0.0,4.594,5.893,,humilde
humillación,656.5344285628571,5.405405405405405,,,,humillacion
humillante,622.9999999902439,4.651162790697674,3.739,4.81,8.115,humillante
humillar,606.7424242515151,2.941176470588235,3.75,5.69,,humillar
humo,538.4225806225807,0.0,,,,humo
humor,533.3394736526316,0.0,,,,humor
hundimiento,752.9848484848485,0.0,,,,hundimiento
hundir,666.7025641025641,0.0,,,5.48,hundir
huracán,612.7567567621621,0.0,,,,huracan
iceberg,736.4700000033333,6.25,6.214,4.607,,iceberg
ida,682.5277777583333,5.263157894736842,,,,ida
idea,570.8225806387097,0.0,,,,idea
ideal,594.1875000075,0.0,,,,ideal
idéntico,589.2465116348837,0.0,,,,identico
identidad,588.7179166694444,2.7027027027027026,,,,identidad
identificación,623.6857143171428,0.0,,,,identificacion
identificar,609.648648618919,0.0,,,6.76,identificar
ideología,646.2236111111112,0.0,,,,ideologia
idilio,830.94,61.53846153846154,,,10.25,idilio
idioma,583.2842857085715,2.777777777777778,,,,idioma
idiota,620.821052618421,0.0,,,,idiota
ídolo,613.8473684131579,2.564102564102564,,,,idolo
iglesia,568.2457142742857,2.777777777777778,,,,iglesia
iglú,785.4354838838709,8.823529411764707,,,,iglu
ignorancia,583.206451616129,6.0606060606060606,3.448,6.276,,ignorancia
ignorante,642.6051282025641,2.5,4.037,6.091,8.692,ignorante
ignorar,635.0973684368421,0.0,,,,ignorar
igual,598.916129032258,0.0,,,,igual
igualar,613.4270833444444,0.0,,,,igualar
igualdad,620.3921052526316,0.0,,,,igualdad
iguana,681.7907575878788,8.333333333333332,,,,iguana
iluminación,625.6932894447368,5.0,,,,iluminacion
iluminar,654.2727272757576,0.0,,,4.5,iluminar
ilusión,583.332999985,0.0,,,,ilusion
ilusionado,631.3685713942857,0.0,,,,ilusionado
ilusionar,619.75714286,0.0,,,,ilusionar
ilustración,624.2708749675,0.0,,,,ilustracion
ilustrar,623.3010810972972,0.0,,,8.429,ilustrar
imagen,575.527499995,0.0,,,,imagen
imaginación,618.2099999972222,2.7027027027027026,,,,imaginacion
imaginar,590.6691176588236,0.0,,,,imaginar
imaginario,644.970270272973,0.0,3.889,6.333,,imaginario
imán,610.3305555638889,0.0,,,,iman
imbécil,588.9303030515151,0.0,,,,imbecil
imitación,669.9834848484849,2.941176470588235,,,,imitacion
imitar,661.4636363666667,2.941176470588235,,,4.333,imitar
impaciencia,653.6789473684211,2.564102564102564,,,,impaciencia
impaciente,589.4625675621621,0.0,4.407,6.227,6.308,impaciente
impacto,638.9897435948718,2.5,,,7.895,impacto
imparcial,658.5,2.941176470588235,3.969,5.036,,imparcial
impedimento,761.2275675621622,0.0,4.389,5.714,,impedimento
impedir,597.9789473763158,0.0,,,,impedir
impenetrable,807.178125009375,3.03030303030303,4.731,4.697,9.594,impenetrable
imperfecto,625.2578947631579,0.0,2.607,6.143,,imperfecto
imperial,621.9690277972222,2.7027027027027026,4.519,4.409,8.538,imperial
imperialismo,684.781249996875,0.0,4.115,4.212,10.406,imperialismo
imperio,698.497368481579,0.0,,,8.143,imperio
impermeable,705.8138888583334,0.0,,,,impermeable
ímpetu,696.2642857392857,17.64705882352941,,,,impetu
implantación,673.903125,0.0,,,,implantacion
implantar,694.9191891837838,0.0,,,,implantar
imponer,618.1845946135135,7.5,,,,imponer
importación,644.5096774258064,3.125,,,,importacion
importancia,645.2088235352941,0.0,,,,importancia
importante,598.4606060575758,0.0,3.179,6.821,,importante
importar,574.3617647088236,2.857142857142857,,,,importar
importe,571.0866666533333,0.0,,,,importe
imposibilidad,709.533333325641,0.0,,,,imposibilidad
imposible,584.1600000142857,2.777777777777778,2.783,6.619,,imposible
imposición,656.4156756594595,0.0,,,,imposicion
impostor,661.8058823617647,0.0,5.0,4.81,8.154,impostor
impotencia,626.8256410282052,2.5,,,,impotencia
impotente,631.0410256384615,0.0,,,,impotente
imprenta,676.08666669,0.0,,,,imprenta
impresión,551.965625015625,0.0,,,,impresion
impresionado,661.0571428657142,0.0,,,,impresionado
impresionante,657.2999999921053,0.0,4.05,6.381,,impresionante
impresionar,605.8696970151515,2.941176470588235,3.8,5.75,,impresionar
impresora,602.8205128179487,0.0,,,,impresora
imprimir,599.0583333,0.0,,,,imprimir
improbable,645.01,2.777777777777778,3.5,5.519,,improbable
improvisación,748.3969697,2.941176470588235,,,,improvisacion
imprudente,689.6472222527777,0.0,,,,imprudente
impuesto,602.4976744093024,0.0,,,,impuesto
impulsar,633.334210531579,0.0,4.385,5.515,7.531,impulsar
impulso,600.2179487128205,0.0,,,,impulso
impunidad,743.94687500625,3.03030303030303,,,10.1,impunidad
impureza,674.3751351432433,0.0,,,,impureza
inaceptable,669.800000009375,0.0,4.667,5.409,7.462,inaceptable
inapropiado,722.0692307641026,2.5,3.522,5.286,8.346,inapropiado
inauguración,685.2121212121212,5.714285714285714,,,,inauguracion
incapacidad,695.5675675918919,2.631578947368421,,,,incapacidad
incapaz,640.86842105,2.564102564102564,,,,incapaz
incendiar,682.6388889,5.263157894736842,,,,incendiar
incendio,625.3444117647059,0.0,,,,incendio
incentivo,723.18055555,0.0,,,,incentivo
incertidumbre,703.7833333277778,2.7027027027027026,,,9.714,incertidumbre
incidencia,718.953593740625,3.03030303030303,,,9.909,incidencia
incidente,634.1823529411764,2.857142857142857,,,,incidente
incienso,723.5596666666667,9.090909090909092,,,8.7,incienso
incierto,703.6062903354839,6.0606060606060606,3.053,5.333,,incierto
inclinación,715.5909090939394,5.714285714285714,,,,inclinacion
inclusión,617.5588235352941,0.0,,,,inclusion
incluso,643.8970588294118,2.857142857142857,2.947,6.25,,incluso
incógnita,680.1406579184211,0.0,,,,incognita
incomodidad,667.60588235,0.0,,,,incomodidad
incómodo,647.6256410205128,0.0,,,,incomodo
incompatibilidad,666.4319230615384,0.0,4.154,5.939,9.344,incompatibilidad
incomprensión,706.9483871129032,8.823529411764707,,,,incomprension
inconsciencia,739.6833332833334,0.0,4.75,6.19,,inconsciencia
inconsciente,628.2272727242424,0.0,,,,inconsciente
inconveniente,707.0064516161291,0.0,,,,inconveniente
incordio,681.4172222583334,10.0,4.267,4.429,,incordio
incorporación,691.6411764735294,0.0,,,,incorporacion
incorporar,669.8446969727273,2.941176470588235,,,7.409,incorporar
incorrecto,612.6562499972222,0.0,4.15,6.571,,incorrecto
incredulidad,733.6483870967742,6.0606060606060606,,,9.714,incredulidad
incrédulo,673.2750000027778,5.263157894736842,,,,incredulo
increíble,570.3381081135135,0.0,,,,increible
incrementar,662.3405405540541,0.0,,,8.45,incrementar
increpar,780.3216216243243,0.0,,,,increpar
inculto,720.4487805097561,0.0,,,,inculto
incumplimiento,714.1927272757575,2.941176470588235,,,7.227,incumplimiento
incurable,761.6285714342857,12.5,,,,incurable
incurrir,701.5785714214286,6.666666666666667,,,10.667,incurrir
incursión,842.6041071428572,17.64705882352941,,,,incursion
indagación,742.1217391260869,14.814814814814811,,,,indagacion
indagar,711.0103448448276,6.451612903225806,,,10.1,indagar
indefenso,706.4145833388889,2.7027027027027026,4.219,5.357,,indefenso
independencia,622.9558823529412,2.857142857142857,,,,independencia
independiente,689.8475000024999,0.0,4.111,6.321,,independiente
indicación,697.0552631578947,2.564102564102564,,,,indicacion
indicador,611.2499999966667,0.0,,,8.1,indicador
indicar,640.3657142885714,0.0,,,,indicar
índice,647.6891891918918,7.5,,,,indice
indiferencia,736.769583325,2.7027027027027026,,,,indiferencia
indiferente,657.2054054243243,0.0,3.781,6.107,,indiferente
indignación,697.639534888372,0.0,,,,indignacion
indio,624.8526315736842,2.564102564102564,,,,indio
indispensable,676.7233823647059,0.0,4.1,5.357,,indispensable
individualidad,733.6425675702703,0.0,,,8.5,individualidad
individualismo,699.1690476357143,2.325581395348837,,,9.278,individualismo
individualista,684.9222222194444,0.0,,,9.48,individualista
individuo,641.4797297162162,0.0,,,,individuo
índole,758.2242424242424,15.38461538461539,,,,indole
inducción,653.76550003,0.0,,,,induccion
inducir,683.9030303030303,5.714285714285714,,,9.667,inducir
indumentaria,860.0544444444445,18.18181818181818,,,10.25,indumentaria
industria,601.6027027,2.631578947368421,,,,industria
industrialización,765.324999996875,3.03030303030303,,,,industrializacion
inercia,807.1066666633334,25.0,,,10.28,inercia
inesperado,586.123529367647,2.857142857142857,3.87,5.939,,inesperado
inestabilidad,728.7534883674418,0.0,,,9.421,inestabilidad
inestable,653.549999975,2.7027027027027026,3.926,5.818,8.654,inestable
inevitable,705.710526331579,0.0,4.04,5.269,7.731,inevitable
inexistencia,753.5236841947368,5.0,,,8.12,inexistencia
inexistente,667.1027777972222,5.263157894736842,,,7.778,inexistente
infame,842.9391304391304,32.35294117647059,,,10.619,infame
infancia,596.8631578815789,2.564102564102564,,,,infancia
infante,677.2026315736842,5.0,,,,infante
infantería,665.3852941147059,2.857142857142857,,,,infanteria
infarto,622.6416667,5.263157894736842,,,,infarto
infección,606.5515151545454,2.941176470588235,,,,infeccion
infectar,638.3182857142857,0.0,,,,infectar
infelicidad,638.1182352941177,2.857142857142857,2.679,5.462,,infelicidad
infeliz,634.5871794923077,2.5,,,,infeliz
inferior,600.6942857542857,0.0,3.483,6.069,,inferior
infernal,677.2064516129033,6.0606060606060606,3.826,4.619,8.462,infernal
infidelidad,626.3261904809524,0.0,,,,infidelidad
infiel,617.4656249875,3.03030303030303,,,,infiel
infierno,616.9381944388889,2.7027027027027026,,,,infierno
infinito,568.3600000114286,0.0,,,,infinito
infinitud,679.3365517206896,17.14285714285714,,,9.238,infinitud
influencia,638.9676470617648,2.857142857142857,,,,influencia
influir,669.5486486540541,0.0,,,,influir
influjo,680.8565217086956,23.333333333333332,,,,influjo
información,589.1971428314286,0.0,,,,informacion
informar,650.5948611138889,0.0,,,6.273,informar
informática,596.5777027135135,0.0,,,,informatica
informativo,625.0514864891892,0.0,,,7.7,informativo
informe,574.8714285619047,0.0,,,,informe
ingeniería,663.3947368736842,0.0,,,,ingenieria
ingeniero,586.6152777722223,2.7027027027027026,,,,ingeniero
ingenio,602.7487179564102,2.5,,,,ingenio
ingenioso,655.3020270108108,0.0,4.37,5.364,9.0,ingenioso
ingenua,705.456756754054,2.631578947368421,4.0,4.429,9.154,ingenua
ingenuidad,707.6694444416667,2.7027027027027026,,,,ingenuidad
ingenuo,670.0324324324324,7.5,4.0,4.381,8.962,ingenuo
inglesa,620.8078947236842,0.0,,,,inglesa
ingratitud,703.6374242545454,8.333333333333332,3.75,4.04,,ingratitud
ingreso,615.6369444388889,0.0,,,,ingreso
inhibición,703.5676315815789,5.0,,,,inhibicion
iniciación,677.4431081,2.631578947368421,,,,iniciacion
inicial,572.4432432351351,2.631578947368421,5.444,6.136,5.962,inicial
iniciar,593.608823532353,0.0,,,5.32,iniciar
iniciativa,647.5861111194445,0.0,,,,iniciativa
inicio,591.1647058735294,0.0,,,,inicio
injuria,800.5899999965517,9.375,,,,injuria
injuriar,872.70714285,20.0,,,,injuriar
injusticia,656.8289394,2.941176470588235,,,,injusticia
injusto,629.424999990625,0.0,3.05,6.593,,injusto
inmaduro,612.9764705852941,2.857142857142857,3.741,6.286,,inmaduro
inmediato,618.3006944444444,0.0,4.16,5.154,6.154,inmediato
inmigración,685.8786486378378,5.128205128205128,,,,inmigracion
inmigrante,659.4303030242424,2.941176470588235,5.885,5.758,8.188,inmigrante
inminente,697.84375,3.03030303030303,4.0,4.048,10.0,inminente
inmoral,688.024324327027,2.631578947368421,3.812,4.75,,inmoral
inmortal,607.9214285761905,0.0,4.759,5.25,,inmortal
inmortalidad,660.7307352941176,2.857142857142857,,,,inmortalidad
inmóvil,590.9971428257143,0.0,,,,inmovil
inmovilidad,669.8388889055556,0.0,,,7.4,inmovilidad
inmueble,666.1322580612904,3.125,,,9.111,inmueble
inmune,722.8084285771429,2.777777777777778,4.478,5.905,9.615,inmune
inmunidad,683.8758620586207,0.0,4.815,5.864,9.346,inmunidad
innovación,624.2545454575758,0.0,,,,innovacion
inocencia,622.3404166694445,0.0,,,,inocencia
inocente,631.0605262868421,0.0,,,,inocente
inofensivo,637.4563888888889,2.7027027027027026,4.296,5.636,7.346,inofensivo
inoxidable,662.8749999875,3.03030303030303,5.15,4.821,,inoxidable
inquietar,666.3516071464286,12.5,,,,inquietar
inquieto,630.6576315526315,2.564102564102564,4.281,6.0,,inquieto
inquietud,602.5181818242424,2.941176470588235,,,,inquietud
inquilino,702.8142857285715,7.894736842105263,5.286,5.44,,inquilino
inquisición,640.558064516129,6.0606060606060606,,,,inquisicion
inquisidor,768.5407407518519,12.90322580645161,,,9.952,inquisidor
insatisfacción,787.0621621135135,0.0,,,,insatisfaccion
inscribir,652.9200000028571,0.0,,,,inscribir
inscripción,708.4998648594594,0.0,,,,inscripcion
insecto,638.5722972918919,0.0,,,,insecto
inseguridad,628.8717948769231,0.0,,,,inseguridad
inseguro,588.8777027081081,0.0,,,,inseguro
insensato,698.4161290258064,6.0606060606060606,,,,insensato
insensible,707.3965517137931,14.70588235294118,4.174,5.19,8.192,insensible
inserción,691.2823529411764,8.108108108108109,,,,insercion
inservible,728.4787879181819,5.714285714285714,4.632,4.778,,inservible
insignia,747.5833333333334,7.6923076923076925,5.174,3.476,8.654,insignia
insignificante,650.3677419354839,0.0,3.667,5.364,8.808,insignificante
insistencia,749.8906250125,5.882352941176471,,,,insistencia
insistir,664.7605263184211,2.564102564102564,,,6.65,insistir
insolente,694.9027777722222,5.263157894736842,4.381,3.5,,insolente
insomnio,695.3181818151515,5.714285714285714,,,,insomnio
insoportable,691.2805555611111,2.7027027027027026,4.0,6.0,6.5,insoportable
inspección,712.0842105026315,0.0,,,,inspeccion
inspeccionar,691.4999999941176,0.0,,,,inspeccionar
inspector,623.2264705823529,2.857142857142857,,,,inspector
inspiración,636.8052631578947,0.0,,,,inspiracion
inspirado,672.5090909060606,0.0,3.778,6.0,,inspirado
inspirar,637.0939393909091,0.0,,,,inspirar
instalación,647.0764705794118,0.0,,,,instalacion
instalar,623.7076923128205,0.0,,,7.1,instalar
instantánea,638.4663888972223,0.0,,,,instantanea
instante,620.0878787909091,0.0,,,,instante
instaurar,718.0071428785715,9.67741935483871,,,,instaurar
instinto,640.7558571542858,5.405405405405405,,,,instinto
institución,595.6669444416667,0.0,,,,institucion
instituto,606.0529411794117,0.0,,,,instituto
instrucción,633.0102564051282,2.5,,,,instruccion
instrumental,637.3,2.857142857142857,,,6.389,instrumental
instrumento,638.9452381095238,2.325581395348837,,,,instrumento
insuficiencia,699.005882382353,2.857142857142857,,,8.95,insuficiencia
insuficiente,625.9763157868421,0.0,,,,insuficiente
insulina,675.5558823529412,0.0,,,9.167,insulina
insulto,556.9176470617647,0.0,,,,insulto
integración,647.7030303030303,0.0,,,,integracion
integral,635.1702702621621,0.0,4.389,5.545,,integral
integrar,722.5838888888889,0.0,,,9.0,integrar
integridad,649.2190476214286,2.325581395348837,,,,integridad
íntegro,646.3363636363637,5.714285714285714,,,,integro
intelecto,735.8388889083333,2.7027027027027026,3.931,4.828,,intelecto
intelectual,630.059375003125,0.0,,,,intelectual
inteligencia,623.2736842421052,0.0,,,,inteligencia
inteligente,624.4780487609756,2.3809523809523814,,,,inteligente
intemperie,864.3041666791667,40.0,,,10.0,intemperie
intención,576.6388889222222,0.0,,,,intencion
intencionalidad,723.6057352941176,0.0,,,9.889,intencionalidad
intensa,598.0854411735294,8.108108108108109,4.174,5.81,7.654,intensa
intensidad,603.2054285742857,2.777777777777778,,,,intensidad
intensificación,840.6862069068966,6.451612903225806,,,,intensificacion
intentar,607.2722222166667,2.7027027027027026,,,,intentar
intento,610.6090909363636,5.714285714285714,,,,intento
interacción,698.8610606090909,0.0,,,,interaccion
intercambiar,710.8736841973684,0.0,4.348,5.333,6.577,intercambiar
intercambio,591.9804411794117,2.857142857142857,,,6.455,intercambio
interés,644.1085714314286,0.0,,,,interes
interesado,627.3999999921052,0.0,,,7.2,interesado
interesante,662.1771428257143,0.0,3.75,6.714,,interesante
interesar,728.4500000058823,0.0,,,6.286,interesar
interferencia,717.2931944416666,2.7027027027027026,,,,interferencia
interferir,706.733333369697,10.81081081081081,,,,interferir
interior,606.6529411764706,2.857142857142857,,,,interior
interlocutor,719.27333333,3.225806451612903,,,8.952,interlocutor
intermedio,689.2121212121212,0.0,,,7.619,intermedio
interna,635.4105263105263,0.0,3.92,5.231,7.154,interna
internacional,627.4795714342857,5.405405405405405,3.957,5.88,,internacional
internet,585.7323529294117,0.0,4.357,6.963,,internet
interpretación,671.6921052578947,0.0,,,,interpretacion
interpretar,630.6198611055555,0.0,,,6.762,interpretar
intérprete,624.6750000138888,2.7027027027027026,,,,interprete
interrogación,642.4400000057143,0.0,,,,interrogacion
interrogante,681.9384615307692,2.5,,,5.571,interrogante
interrogar,643.0222222444445,2.7027027027027026,,,7.5,interrogar
interrogatorio,675.1936363606061,0.0,,,7.238,interrogatorio
interrumpir,633.5162500055555,2.7027027027027026,,,,interrumpir
interruptor,653.7918918594595,0.0,6.0,6.4,,interruptor
intersección,657.834558817647,2.857142857142857,,,,interseccion
intervalo,668.0384615333334,0.0,,,9.45,intervalo
intervención,694.9914285771429,0.0,,,,intervencion
intervenir,579.29657142,2.777777777777778,,,7.88,intervenir
intestinal,651.39819445,2.7027027027027026,5.091,5.115,,intestinal
intestino,623.0738461564102,0.0,5.9,5.714,,intestino
intimidad,590.3121212242424,0.0,,,,intimidad
intimidar,690.8836111111111,0.0,,,,intimidar
íntimo,660.4605263157895,0.0,,,,intimo
intolerancia,642.1371428628571,0.0,4.304,6.095,,intolerancia
intoxicación,679.3105263210526,0.0,,,,intoxicacion
intranquilidad,782.9551724172413,6.451612903225806,3.2,4.786,,intranquilidad
intransigencia,927.2590909045455,29.03225806451613,,,10.833,intransigencia
intriga,644.157575769697,2.941176470588235,,,,intriga
introducción,620.3378378405405,0.0,,,,introduccion
introducir,639.5349999971429,2.777777777777778,,,6.333,introducir
intromisión,771.000000018421,11.62790697674419,,,,intromision
intruso,672.4117646735294,2.857142857142857,,,,intruso
intuición,679.0236111055556,0.0,,,,intuicion
intuir,756.0891891864865,7.5,,,8.316,intuir
inundación,717.3969697060606,0.0,,,,inundacion
inusual,722.9967742096774,0.0,3.96,4.5,9.038,inusual
inútil,584.1282051333334,0.0,,,,inutil
inutilidad,728.8750000035715,9.67741935483871,,,7.85,inutilidad
invadir,636.2210526236842,0.0,,,7.6,invadir
invasión,594.2717948897435,2.5,,,,invasion
invasor,718.7903225709678,0.0,4.286,4.793,,invasor
invencible,661.0999999939394,0.0,3.783,4.81,6.962,invencible
invención,649.7205882352941,8.108108108108109,,,,invencion
inventar,639.5081081135136,2.631578947368421,,,,inventar
inventario,652.6899999725,0.0,,,9.65,inventario
inventiva,758.0318181863636,24.137931034482758,,,9.6,inventiva
invento,690.8696969666667,2.941176470588235,,,,invento
inventor,665.8409999942858,2.777777777777778,,,,inventor
invernadero,723.3967741870968,0.0,,,,invernadero
inversión,616.448281246875,5.882352941176471,,,,inversion
invertir,609.6175000025,2.439024390243903,3.966,5.552,,invertir
investigación,621.4175000029412,0.0,,,,investigacion
investigador,611.878124990625,3.03030303030303,,,,investigador
investigar,589.6470588441176,2.857142857142857,,,,investigar
invicto,758.7533333133333,11.76470588235294,,,,invicto
invierno,635.351515139394,0.0,5.8,6.714,,invierno
invisible,602.2727273090909,0.0,4.64,5.115,4.308,invisible
invitación,616.100000008108,0.0,,,,invitacion
invitar,573.9041666722222,0.0,,,,invitar
invocar,637.7806451516129,0.0,,,9.4,invocar
inyección,645.040625003125,0.0,,,,inyeccion
ir,621.8055555055555,5.263157894736842,,,,ir
ira,579.2437500125,3.03030303030303,,,,ira
iris,627.86944445,2.7027027027027026,,,,iris
irlandés,638.2394594594595,7.5,,,,irlandes
ironía,579.9222222222222,0.0,,,,ironia
irónico,642.0589743615385,0.0,,,,ironico
irradiación,740.656249996875,5.882352941176471,,,,irradiacion
irreal,617.6029411617648,0.0,2.45,5.815,,irreal
irrelevante,705.0729729756757,2.631578947368421,4.111,5.591,9.192,irrelevante
irrespetuoso,699.2891891864865,0.0,,,,irrespetuoso
irresponsabilidad,689.3648648648649,5.128205128205128,4.154,5.606,7.531,irresponsabilidad
irresponsable,638.7384615307692,0.0,4.478,6.333,,irresponsable
irritación,670.9290322419355,0.0,,,,irritacion
irritar,647.2882352970588,2.857142857142857,4.344,5.679,,irritar
isla,595.6162790744186,0.0,,,,isla
islote,761.5258928464285,20.0,4.885,3.333,8.625,islote
italiana,652.8475,0.0,,,6.273,italiana
italiano,633.5484848454546,0.0,,,4.556,italiano
itinerario,736.9999999975,4.761904761904763,,,,itinerario
izquierda,623.2689999914286,5.405405405405405,,,,izquierda
izquierdista,815.5973214178572,15.151515151515149,4.962,3.788,9.938,izquierdista
jabalí,600.5547618904762,0.0,,,,jabali
jabón,589.58814284,0.0,,,,jabon
jade,796.2115384615385,31.57894736842105,4.913,2.143,10.0,jade
jaguar,725.2285714228572,2.777777777777778,5.615,4.424,6.438,jaguar
jamás,569.370270272973,2.631578947368421,,,,jamas
jamón,559.6435897435897,0.0,,,,jamon
japonés,579.6529411735294,2.857142857142857,,,,japones
jaque,784.63333335,16.66666666666667,4.389,4.35,,jaque
jaqueca,800.6684,26.47058823529412,5.143,4.172,,jaqueca
jarabe,599.0612903161291,0.0,5.6,5.815,,jarabe
jardín,577.5599999975,0.0,,,,jardin
jarra,638.796875021875,11.11111111111111,,,,jarra
jaula,604.5948718,0.0,,,,jaula
jazmín,677.6910294058823,0.0,,,,jazmin
jazz,680.5837837864865,5.128205128205128,5.0,5.381,,jazz
jefa,639.9571428571429,0.0,5.96,5.654,5.769,jefa
jefatura,668.52,8.571428571428571,,,10.5,jefatura
jefe,551.303125015625,5.882352941176471,,,,jefe
jerarquía,635.2293243162162,0.0,,,,jerarquia
jerga,732.7378378243243,13.95348837209302,,,10.571,jerga
jeringa,710.9063235235294,2.857142857142857,,,,jeringa
jeringuilla,744.8250000166666,5.263157894736842,,,,jeringuilla
jersey,571.6363636121212,2.941176470588235,,,,jersey
jesuita,846.4954166666666,27.27272727272727,,,10.35,jesuita
jinete,732.6965517206896,3.3333333333333335,,,,jinete
jirafa,638.748484839394,2.941176470588235,,,,jirafa
jornada,613.3039705941177,0.0,,,,jornada
jota,689.2941176470588,8.108108108108109,,,,jota
joven,547.1572058882352,8.108108108108109,,,,joven
jovencita,619.7242424212121,0.0,5.48,5.192,6.115,jovencita
joya,603.9151389,0.0,,,,joya
joyería,612.0696969636364,0.0,,,,joyeria
júbilo,616.0060605878788,10.81081081081081,,,,jubilo
jubiloso,714.6382352911764,8.108108108108109,,,,jubiloso
judías,664.3307692384616,2.5,,,,judias
judicial,638.1724324297297,0.0,4.107,5.524,,judicial
judío,578.7399999914286,0.0,,,,judio
juego,570.6571428657143,0.0,,,,juego
juerga,694.5627272727272,5.714285714285714,,,,juerga
juez,630.0513513459459,2.631578947368421,,,,juez
jugada,574.9529411823529,2.857142857142857,,,,jugada
jugador,530.4451613064516,0.0,,,,jugador
jugar,580.4255813837209,0.0,,,,jugar
jugo,619.1447368368421,5.0,,,,jugo
juguete,578.0222222472222,0.0,,,,juguete
juicio,601.8189189243243,2.631578947368421,,,,juicio
julio,623.415789468421,0.0,,,,julio
jungla,615.4924999899999,2.439024390243903,,,,jungla
junio,591.8944443972222,0.0,,,,junio
junta,627.1818918864865,0.0,,,,junta
juntar,571.6666666818182,0.0,4.4,5.964,,juntar
junto,589.6689189243243,0.0,3.3,6.7,,junto
jurado,597.9986486783783,7.5,,,,jurado
juramento,686.463281246875,5.882352941176471,4.75,5.556,,juramento
jurar,662.3303030242424,2.941176470588235,,,6.1,jurar
jurisdicción,719.3137931034482,12.12121212121212,,,,jurisdiccion
justicia,543.35728572,2.777777777777778,,6.429,,justicia
justificación,611.9527777777778,5.263157894736842,,,,justificacion
justificar,667.9281944444444,0.0,,,7.8,justificar
justo,565.7914864972973,0.0,,,,justo
juvenil,599.5735294088236,2.857142857142857,4.435,5.571,7.269,juvenil
juventud,585.6225806387097,0.0,,,,juventud
juzgado,622.0972222083333,2.7027027027027026,,,,juzgado
juzgar,577.0176470676471,0.0,,,6.96,juzgar
karma,698.6217391173913,25.80645161290323,4.0,6.318,10.077,karma
kilo,651.9000000416667,0.0,,,,kilo
kilómetro,583.472727269697,2.941176470588235,,,,kilometro
kiwi,638.6083333666667,5.263157894736842,6.611,6.036,,kiwi
labor,620.8352941117647,0.0,,,,labor
laboral,643.61875000625,3.03030303030303,4.391,6.381,,laboral
laboratorio,622.4782432405406,0.0,,,,laboratorio
labrador,718.8775,0.0,,,,labrador
ladera,714.5242424272727,15.38461538461539,,,,ladera
lado,638.3628571171429,0.0,,,,lado
ladrar,633.7378378324324,2.631578947368421,,,,ladrar
ladrido,725.1161290387097,6.0606060606060606,,,,ladrido
ladrillo,598.53157895,2.564102564102564,,,,ladrillo
ladrón,582.47499999375,3.03030303030303,,,,ladron
lagartija,665.2342857142858,0.0,,,,lagartija
lagarto,628.2302564153846,0.0,,,,lagarto
lago,607.3868421105263,2.564102564102564,,,,lago
lágrima,599.734516132258,6.0606060606060606,,,,lagrima
laguna,613.78124999375,8.571428571428571,,,8.667,laguna
lamentable,693.6416666611111,0.0,3.889,5.455,8.538,lamentable
lamentar,698.3401351405405,0.0,,,,lamentar
lámina,643.8052631473685,2.564102564102564,,,,lamina
lámpara,577.1468918864865,0.0,,,,lampara
lana,656.98828572,0.0,,,,lana
lancha,681.1088235235294,2.857142857142857,,,,lancha
langosta,648.49999999375,3.03030303030303,6.826,4.524,6.692,langosta
lanza,624.5270270243243,5.128205128205128,,,,lanza
lanzamiento,641.5075000055556,0.0,4.5,5.25,,lanzamiento
lanzar,645.4041891918919,0.0,,,,lanzar
lapidar,700.4104838709677,11.428571428571429,,,,lapidar
lápiz,557.6648648567567,2.631578947368421,,,,lapiz
lapso,791.7677419290322,16.21621621621622,,,10.278,lapso
larga,584.8971428457143,0.0,3.8,6.577,,larga
largo,596.063888875,2.7027027027027026,4.174,6.762,,largo
larva,679.5323529411764,15.0,5.8,4.619,,larva
láser,588.5680555666667,2.7027027027027026,,,,laser
lástima,583.2645161225806,0.0,,,,lastima
lastimar,589.6378571342857,5.405405405405405,,,,lastimar
lata,640.6513513486486,7.5,,,,lata
lateral,612.9427027054054,7.5,,,7.095,lateral
latido,618.1480882382353,0.0,,,,latido
látigo,612.34000002,2.777777777777778,,,,latigo
latín,587.19687501875,5.882352941176471,,,,latin
latina,644.22791665,0.0,,,,latina
latino,631.4000000342858,5.405405405405405,,,8.95,latino
latir,641.8069767348837,0.0,,,,latir
latitud,702.4166666777778,2.7027027027027026,4.682,,,latitud
latón,681.4333333625,27.27272727272727,,,,laton
laurel,733.5090909090909,2.941176470588235,,,,laurel
lava,636.4421052868421,0.0,,,,lava
lavabo,620.3578947526315,0.0,,,,lavabo
lavado,606.0000000076923,0.0,4.84,5.769,4.423,lavado
lavar,583.2366216243244,0.0,,,,lavar
lavavajillas,585.79062500625,3.03030303030303,6.643,6.36,,lavavajillas
lazo,619.3579166722222,2.7027027027027026,,,,lazo
leal,608.2488371930233,0.0,3.897,6.103,,leal
lealtad,620.7238157921053,5.0,,,,lealtad
lección,656.3351351351351,0.0,,,,leccion
leche,554.5441176588236,0.0,,,,leche
lechera,614.9805555583333,7.6923076923076925,,,,lechera
lecho,652.5249999969697,15.38461538461539,,,,lecho
lechuga,537.006250009375,3.03030303030303,,,,lechuga
lechuza,624.6024390292683,4.651162790697674,,,,lechuza
lector,596.0901470676471,0.0,,,,lector
lectura,577.8747222222222,0.0,,,,lectura
leer,588.5315789315789,0.0,,,,leer
legado,689.2657143171429,0.0,,,10.19,legado
legal,573.9823529529411,0.0,4.609,5.6,,legal
legalización,643.9807692358975,0.0,,,,legalizacion
legión,598.5618571371429,2.777777777777778,,,,legion
legionario,721.5083333333333,2.7027027027027026,,,9.864,legionario
legislación,684.3963888944445,2.7027027027027026,,,,legislacion
legítima,657.3949999925,0.0,,,,legitima
legitimación,769.6542857114285,5.405405405405405,,,,legitimacion
legitimidad,747.6280303,2.941176470588235,,,10.316,legitimidad
legítimo,606.4951351351351,0.0,,,,legitimo
legua,643.9,38.88888888888889,,,,legua
lejanía,702.2314285685715,7.894736842105263,,,,lejania
lejano,638.0051388888888,0.0,3.15,5.92,,lejano
lejos,572.2731944527778,0.0,,,,lejos
lema,750.2114000079999,21.875,,,8.0,lema
lengua,581.047368418421,0.0,,,,lengua
lenguado,660.4606060666666,2.941176470588235,6.778,5.714,,lenguado
lenguaje,628.505263168421,0.0,,,,lenguaje
lenta,603.3351351351351,2.631578947368421,5.222,5.964,,lenta
lente,600.4583333083333,5.263157894736842,5.393,5.64,,lente
lentillas,667.9314285657143,0.0,6.536,5.852,,lentillas
lentitud,633.1924999975,0.0,,,,lentitud
lento,563.8133783756757,0.0,,,,lento
leña,631.8290322548387,6.0606060606060606,,,,lena
leñador,666.0999999906977,0.0,,,,lenador
león,539.6837209348837,0.0,,,,leon
leopardo,665.9447368447368,0.0,,,,leopardo
leotardo,809.8740740703704,18.18181818181818,6.5,5.28,,leotardo
lepra,762.9846153769231,29.72972972972973,5.429,2.893,,lepra
lerdo,755.0206896206896,17.14285714285714,,,,lerdo
lesbiana,653.2236842131579,0.0,6.375,5.857,,lesbiana
lesión,588.1338571428571,2.777777777777778,,,,lesion
lesionar,639.41578945,0.0,,,,lesionar
letargo,757.0380952380953,32.25806451612903,,,10.65,letargo
letra,579.7327027081081,0.0,,,,letra
letrero,675.271818160606,10.81081081081081,,,7.5,letrero
levadura,585.1033333299999,3.225806451612903,,,,levadura
levantamiento,707.9736842052631,0.0,4.655,5.038,,levantamiento
levantar,636.256,2.777777777777778,,,,levantar
levante,638.3266666466667,3.225806451612903,,,,levante
leve,669.1052631578947,5.0,3.6,5.619,,leve
levita,788.805,35.483870967741936,4.111,2.9,,levita
léxico,646.6224324378378,0.0,,,,lexico
ley,607.90625,3.03030303030303,,,,ley
leyenda,639.0710526157894,0.0,,,,leyenda
libélula,709.0871212030303,8.333333333333332,,,,libelula
liberación,616.117000015,0.0,,,,liberacion
liberal,646.8783783351352,0.0,3.3,5.593,,liberal
liberalismo,715.5485294,0.0,,,,liberalismo
libertad,568.533333339394,0.0,,,,libertad
libra,592.3696969545455,0.0,,,,libra
libre,580.4767499825,0.0,,,,libre
librería,635.7162162189189,0.0,,,,libreria
libreta,602.8078947236842,0.0,,,,libreta
libro,575.4117142857143,2.777777777777778,,,,libro
licencia,650.6032051282051,2.5,,,,licencia
licenciado,674.947222225,0.0,,,,licenciado
licor,591.0371428457142,2.777777777777778,,,,licor
líder,562.2583333416667,2.7027027027027026,,,,lider
liderazgo,615.9368420921053,0.0,4.043,5.0,8.5,liderazgo
lidiar,662.5433333366667,9.090909090909092,4.16,4.962,9.5,lidiar
liebre,736.4586206655173,14.70588235294118,,,,liebre
lienzo,687.7419354806451,6.0606060606060606,,,,lienzo
liga,593.1787878848485,0.0,,,,liga
ligar,606.3982857142857,2.777777777777778,,,,ligar
ligera,659.2054053945945,2.631578947368421,4.167,6.0,,ligera
ligereza,611.3575757757576,2.941176470588235,,,,ligereza
ligero,580.8228571314286,0.0,3.679,5.714,,ligero
ligue,711.58333335,6.25,,,,ligue
lila,657.6886111194444,2.7027027027027026,6.0,6.091,3.462,lila
lima,624.6838709806451,3.125,,,,lima
limbo,693.8684210526316,2.564102564102564,,,8.92,limbo
limitación,666.9794871897436,2.5,,,,limitacion
límite,558.5441176441177,0.0,,,,limite
limón,572.7705882323529,0.0,,,,limon
limonada,698.2973684236842,0.0,6.25,6.476,,limonada
limonero,695.1171428571429,10.25641025641026,6.6,5.381,,limonero
limosna,709.2257142685714,0.0,,,7.952,limosna
limpiar,614.2201388916667,0.0,,,,limpiar
limpieza,578.6209302325582,0.0,,,,limpieza
limpio,557.9674324378378,0.0,,,,limpio
limusina,773.0312499875,13.513513513513509,6.35,4.607,,limusina
linaje,649.0472222222222,10.0,,,,linaje
lince,714.0366666633333,16.66666666666667,,,,lince
linchar,774.0580644645162,16.21621621621622,,,,linchar
linda,570.9685714085714,10.25641025641026,4.36,4.346,5.808,linda
lindo,585.2454545424242,2.941176470588235,,,,lindo
lineal,621.5342105631579,0.0,5.5,5.242,7.625,lineal
lingüística,624.9699999833333,6.25,,,,linguistica
linterna,658.3589743333333,2.5,,,,linterna
lío,613.9457142742857,2.777777777777778,,,,lio
líquido,569.818421013158,0.0,,,,liquido
lira,737.6912500166667,40.0,,,,lira
lírica,711.311874996875,11.11111111111111,,,,lirica
lirio,719.40666666,11.76470588235294,,,,lirio
lisa,621.763636369697,2.941176470588235,5.833,6.0,,lisa
liso,636.0875,5.882352941176471,,,,liso
lista,602.2918919054055,2.631578947368421,,,,lista
listo,538.7542856885714,0.0,,,,listo
litera,738.1239655172413,19.44444444444444,6.172,5.714,,litera
literato,764.719999988,30.555555555555557,4.577,2.879,10.406,literato
literatura,594.0382352941176,0.0,,,,literatura
litro,599.2314285771429,0.0,,,,litro
liviano,793.4133333333333,14.28571428571428,,,,liviano
llaga,745.4769230769231,25.71428571428571,,,5.4,llaga
llama,620.2871794820513,2.5,,,,llama
llamada,560.4528378243243,0.0,,,,llamada
llamar,573.7945945918918,2.631578947368421,,,,llamar
llano,681.6384375,8.571428571428571,,,,llano
llanto,578.4224999925,0.0,,,,llanto
llanura,679.7037036962963,18.18181818181818,,,,llanura
llave,556.2497058705883,8.108108108108109,,,,llave
llegada,630.959375,3.03030303030303,,,,llegada
llegar,554.49142856,0.0,,,,llegar
llenar,616.4972058705882,0.0,,,3.92,llenar
lleno,573.7605882264706,0.0,4.0,6.462,,lleno
llevar,597.5121212090909,0.0,,,,llevar
llorar,577.8769230794871,0.0,,,,llorar
lloriqueo,714.0294117617647,17.07317073170732,4.593,5.321,,lloriqueo
lloro,585.0490000057143,2.777777777777778,5.043,6.4,,lloro
llorón,595.14375000625,3.03030303030303,,,,lloron
llover,589.8470588235294,2.857142857142857,5.5,6.76,,llover
lluvia,593.1714285690476,2.325581395348837,,,,lluvia
lobo,566.5809523690476,2.325581395348837,,,,lobo
lóbulo,685.2837837810811,7.5,,,,lobulo
loca,548.981250009375,0.0,,,,loca
local,586.0934848454546,0.0,,,,local
localidad,639.4487179410256,0.0,,,,localidad
localización,585.421052631579,0.0,,,,localizacion
localizar,637.9081081189189,2.631578947368421,4.963,5.909,7.615,localizar
loco,589.69805555,2.7027027027027026,,,,loco
locomotora,666.5589999742857,10.25641025641026,,,6.95,locomotora
locuaz,692.5736842105263,44.11764705882353,,,,locuaz
locura,567.3499999972222,0.0,,,,locura
locutor,660.7857143171428,2.777777777777778,,,9.0,locutor
lodo,761.0333332925926,28.947368421052634,,,8.2,lodo
lógica,536.8666666564103,0.0,,,,logica
lograr,585.4516216216216,0.0,,,,lograr
logro,562.0416666694445,0.0,,,,logro
loma,739.7666666555556,52.63157894736842,,,,loma
lomo,650.63714286,5.405405405405405,,,,lomo
lona,659.1291666583334,25.0,,,8.444,lona
londinense,854.4241379482759,23.68421052631579,,,9.476,londinense
longevidad,821.9792857214286,24.32432432432433,3.962,3.394,9.719,longevidad
longitud,577.5885713914286,0.0,,,,longitud
loro,599.5400000033334,9.090909090909092,,,,loro
losa,804.9888888074074,25.0,,,9.333,losa
lote,611.3675757696969,0.0,4.652,5.115,,lote
lotería,622.1791666694445,0.0,,,,loteria
loto,709.7503571428572,56.25,,,9.318,loto
lucha,611.2655555583333,0.0,,,,lucha
luchador,612.08875,0.0,,,,luchador
luchar,586.434375,5.882352941176471,,,,luchar
lucidez,642.5513513702703,2.631578947368421,,,10.111,lucidez
lucir,668.0818181848484,5.714285714285714,,,8.286,lucir
lucro,703.1499999923077,23.52941176470588,,,10.667,lucro
luego,594.97,0.0,3.217,6.75,,luego
lugar,603.2270270189189,5.128205128205128,,,,lugar
lujo,602.7289473552631,2.564102564102564,3.926,6.071,,lujo
lujuria,699.8399999971429,10.25641025641026,,,,lujuria
lumbre,709.4379310413793,23.68421052631579,,,9.95,lumbre
luminosidad,634.6297297378378,0.0,,,,luminosidad
luminoso,620.8658536585366,2.3809523809523814,,,,luminoso
luna,555.3782432378379,0.0,,,,luna
lunar,615.6974999775,2.439024390243903,,,,lunar
lupa,657.4947368157895,0.0,6.889,5.762,,lupa
luto,654.369516132258,16.21621621621622,,,,luto
luz,563.864324327027,0.0,,,,luz
maceta,654.5529411735295,2.857142857142857,,,,maceta
macho,602.0727272727273,0.0,,,,macho
macizo,697.2903225806451,11.428571428571429,,,8.9,macizo
madera,601.1526316,0.0,,,,madera
madre,579.7897435897436,0.0,,,,madre
madrina,689.6100000055555,2.7027027027027026,,,,madrina
madrugada,626.9303030181818,0.0,,,,madrugada
madrugón,631.72750001,0.0,,,,madrugon
madura,581.096388875,2.7027027027027026,4.185,6.5,7.731,madura
madurez,574.78125,0.0,,,,madurez
maduro,611.6928787969697,2.941176470588235,4.217,5.905,7.077,maduro
maestra,602.8108108081082,0.0,,,,maestra
maestría,628.3161290354839,0.0,,,,maestria
maestro,611.0,0.0,,,,maestro
mafia,662.8121212151515,2.941176470588235,,,8.381,mafia
magdalena,687.6020833333333,0.0,6.393,6.276,,magdalena
magenta,706.812499996875,8.571428571428571,4.95,4.091,,magenta
magia,574.7488372186046,0.0,,,,magia
mágico,546.247058832353,2.857142857142857,,,,magico
magistrado,659.2228571457143,5.405405405405405,5.565,2.905,10.423,magistrado
magistral,673.67666667,3.225806451612903,4.462,6.286,,magistral
magna,672.3153846192308,25.71428571428571,4.5,3.576,,magna
magnesio,691.32075,0.0,5.75,4.515,,magnesio
magnetismo,695.3864864621621,2.631578947368421,,,9.737,magnetismo
magnífico,602.9205882088236,2.857142857142857,,,,magnifico
magnitud,655.5104285714285,0.0,,,,magnitud
mago,645.5454545606061,15.38461538461539,,,,mago
maíz,607.2824285714286,0.0,,,,maiz
majestad,653.7334285714286,0.0,,,,majestad
mal,576.72,0.0,,,,mal
mala,571.1228571057143,2.777777777777778,3.95,6.56,,mala
malaria,698.3600000114286,10.25641025641026,,,,malaria
maldad,633.5542856942857,2.777777777777778,,,,maldad
maldita,626.56250000625,3.03030303030303,3.84,4.846,6.538,maldita
maleducado,665.7060606060606,0.0,4.483,6.345,,maleducado
malentendido,780.9810810756757,2.631578947368421,4.24,5.423,7.615,malentendido
malestar,609.5743589743589,0.0,,,,malestar
maleta,579.43333333,3.225806451612903,,,,maleta
maletero,721.3657894736842,0.0,,,,maletero
maletín,612.7243243054054,2.631578947368421,,,,maletin
malévolo,763.4586206862069,12.12121212121212,,,,malevolo
maleza,733.3346153807693,18.75,,,7.762,maleza
malgastar,707.2339394030303,2.941176470588235,,,,malgastar
malicia,723.2862068827586,6.451612903225806,,,,malicia
maligno,679.424999934375,8.571428571428571,4.217,4.286,6.692,maligno
malla,698.6166666805556,7.6923076923076925,,,7.333,malla
malo,600.1532432513513,0.0,,,,malo
maloliente,858.4317307692307,27.77777777777778,,,,maloliente
maltratador,666.8400000028571,0.0,,,,maltratador
maltratar,640.7416666888889,0.0,,,,maltratar
maltrato,653.2693055638889,2.7027027027027026,,,,maltrato
malvado,674.297058832353,5.555555555555555,,,,malvado
malversar,806.9709677451613,18.42105263157895,,,,malversar
manada,654.2360810810811,0.0,,,7.55,manada
manantial,731.87203125,11.11111111111111,,,,manantial
mancha,636.9644444444444,0.0,,,,mancha
mandado,700.83428572,2.777777777777778,3.92,5.038,6.346,mandado
mandamiento,739.0555555722223,5.263157894736842,3.304,4.0,,mandamiento
mandar,591.0125,3.03030303030303,,,,mandar
mandato,725.5944285742858,0.0,,,,mandato
mandíbula,620.0312500027778,0.0,,,,mandibula
manejar,675.5954054081081,2.631578947368421,,,8.2,manejar
manejo,645.3502777888889,2.7027027027027026,,,,manejo
manera,567.0749999972222,2.7027027027027026,,,,manera
manga,649.8199999975,0.0,,,,manga
mango,553.39473685,2.564102564102564,,,,mango
manguera,648.3228571571428,0.0,6.517,5.621,,manguera
manía,633.3860526552631,2.564102564102564,,,,mania
maníaco,716.7918918837838,0.0,,,,maniaco
manicomio,792.7422058705882,5.555555555555555,,,,manicomio
manifestar,589.0745588235294,0.0,,,7.96,manifestar
manifiesto,632.6023255953488,0.0,,4.846,9.781,manifiesto
maniobra,629.3078946947369,0.0,,,,maniobra
manipulación,610.657575769697,0.0,,,,manipulacion
manipular,636.0545454515152,0.0,,,7.12,manipular
maniquí,700.8924285714286,0.0,,,,maniqui
mano,581.4289473631579,0.0,,,,mano
manojo,715.5853658414634,2.3809523809523814,,,8.524,manojo
manopla,710.5428571428571,12.5,6.348,5.231,,manopla
manosear,752.2433333233333,14.28571428571428,5.067,4.893,,manosear
mansión,595.5352857228571,5.405405405405405,,,,mansion
manso,743.8516666666667,20.58823529411765,4.04,4.828,,manso
manta,606.1970588352941,0.0,,,,manta
manteca,658.7076923153846,13.33333333333333,6.565,4.381,6.231,manteca
mantel,657.0162162189189,2.631578947368421,,,,mantel
mantener,594.8499999875,3.03030303030303,,,,mantener
mantenimiento,627.7212121181818,0.0,,,7.64,mantenimiento
mantequilla,596.2000000025641,0.0,,,,mantequilla
manto,614.2714286,15.151515151515149,,,,manto
manual,539.0774193580645,0.0,,,,manual
manzana,585.6472222138889,7.6923076923076925,,,,manzana
manzano,718.4702702540541,5.128205128205128,6.15,5.407,,manzano
maña,823.1727272636364,31.25,,,,mana
mañana,567.3067142857143,2.777777777777778,,,,manana
mapa,583.2189189270271,2.631578947368421,,,,mapa
mapache,698.3363636060607,5.714285714285714,,,,mapache
maquillaje,604.0368420973684,0.0,,,,maquillaje
máquina,565.6235294088235,2.857142857142857,,,,maquina
maquinaria,590.1454545666667,0.0,,,5.9,maquinaria
maquinilla,769.6731707341463,4.651162790697674,,,,maquinilla
mar,556.1029412411765,2.857142857142857,,,,mar
maracas,742.6347826130435,30.303030303030297,,,,maracas
maraña,663.0028846076923,27.77777777777778,,,,marana
maravilla,592.5967741967742,0.0,,,,maravilla
maravillosa,600.121093753125,0.0,3.0,6.424,,maravillosa
maravilloso,602.7947222194445,0.0,,,,maravilloso
marca,628.0081081027027,2.631578947368421,,,,marca
marcador,652.9972222194444,7.6923076923076925,5.444,5.577,,marcador
marcar,636.8810810702703,2.631578947368421,,,,marcar
marcha,615.655000005,0.0,,,,marcha
marchar,644.5641025589744,2.5,,,,marchar
marcial,730.0966666566667,9.090909090909092,4.0,2.476,8.923,marcial
marco,653.3324324297297,5.128205128205128,,,,marco
marea,646.6459459513513,2.631578947368421,,,,marea
mareado,658.6451388888889,0.0,4.704,6.393,,mareado
marejada,771.0368421,50.0,,,9.8,marejada
mareo,611.3752702648649,0.0,,,,mareo
marfil,663.9204285714286,5.405405405405405,,,,marfil
margarita,660.311875003125,3.03030303030303,,,,margarita
margen,625.7488571428571,0.0,,,,margen
marginación,701.8470588235294,0.0,,,,marginacion
marido,609.6245945918919,0.0,,,,marido
marihuana,678.7277777972222,2.7027027027027026,6.76,4.923,10.231,marihuana
marina,593.8575757363636,2.941176470588235,,,,marina
marinero,623.5942857057142,0.0,,,,marinero
marino,607.8903225709678,0.0,5.37,4.409,6.192,marino
marioneta,661.9617647029412,0.0,6.034,4.357,,marioneta
mariposa,626.8676470588235,0.0,,,,mariposa
mariquita,714.7529411764706,0.0,,,,mariquita
mariscal,742.7022580612903,6.0606060606060606,,,10.3,mariscal
marítimo,686.1105263105263,0.0,,,,maritimo
marketing,673.5138888944444,0.0,4.05,5.524,,marketing
mármol,651.3416666277777,2.7027027027027026,,,,marmol
marqués,587.350000009375,0.0,,,,marques
marquesa,683.7270270054054,2.631578947368421,,,6.944,marquesa
marrón,558.2549999972973,0.0,,,,marron
martillo,640.665294117647,2.857142857142857,,,,martillo
mártir,659.575000025,7.6923076923076925,,,,martir
martirio,797.3846153884615,16.12903225806452,,,,martirio
marzo,588.1911764882353,0.0,,,,marzo
más,572.0457142828571,0.0,,,,mas
masa,641.6055555444444,0.0,,,,masa
masacre,707.883333325,5.263157894736842,,,,masacre
masaje,631.6743589717948,0.0,,,,masaje
máscara,575.6685714285715,0.0,,,,mascara
mascota,647.9648648621621,2.631578947368421,3.906,6.393,,mascota
masculino,634.6674999975,0.0,4.7,6.385,,masculino
mascullar,771.6737499916667,25.0,,,,mascullar
masiva,655.3,7.5,3.926,5.045,9.115,masiva
mástil,667.627272730303,5.714285714285714,,,,mastil
mata,674.0935483741936,6.0606060606060606,,,,mata
matadero,691.6270270324325,0.0,5.5,5.2,8.469,matadero
matanza,617.0794594648648,0.0,,,,matanza
matar,574.6800000028571,0.0,,,,matar
mate,688.78333334,6.25,,,,mate
matemáticas,590.2800000025,0.0,,,,matematicas
matemático,575.615624990625,3.03030303030303,,,,matematico
materia,620.0749999875,8.571428571428571,,,,materia
material,605.7837837837837,2.631578947368421,,,,material
materialismo,707.41333334,0.0,3.923,5.121,9.406,materialismo
maternal,618.6947368868421,0.0,5.75,5.28,,maternal
matiz,719.1166667233333,16.66666666666667,,,,matiz
matrícula,554.6600000033334,3.225806451612903,,,,matricula
matrimonial,701.6648648378379,2.631578947368421,4.821,5.444,,matrimonial
matrimonio,580.6475675756757,0.0,,,,matrimonio
matriz,638.1628571457143,5.405405405405405,,,,matriz
máxima,575.2842105105263,2.564102564102564,,,,maxima
máximo,617.1399999918918,0.0,,,,maximo
maya,776.7645161290322,13.88888888888889,4.579,4.214,,maya
mayo,580.930769225641,0.0,,,,mayo
mayor,548.1764705794118,2.857142857142857,4.172,6.714,,mayor
mayoría,558.49687499375,0.0,,,,mayoria
mayúscula,591.0205882470589,0.0,,,,mayuscula
mazmorra,654.805625003125,13.513513513513509,6.231,3.893,,mazmorra
mazo,657.2860256871795,0.0,,,,mazo
mecánica,589.7735294029412,2.857142857142857,,,,mecanica
mecánico,582.0297297297298,2.631578947368421,,,,mecanico
mecanismo,613.01575,0.0,,,,mecanismo
mecanizado,705.983750003125,11.11111111111111,4.0,3.909,9.062,mecanizado
mecedora,801.0657142771429,7.894736842105263,,,,mecedora
mechero,631.7333333299999,0.0,,,,mechero
medalla,621.221290332258,6.0606060606060606,,,,medalla
media,582.2676470529411,2.857142857142857,,,,media
mediación,712.6047297243243,0.0,,,,mediacion
mediana,660.5222222222222,5.263157894736842,,,7.35,mediana
medianoche,659.4485714542857,0.0,,,6.143,medianoche
mediar,700.0222222194444,2.7027027027027026,,,9.04,mediar
medias,652.9617647088236,2.857142857142857,,,,medias
médica,648.6818181818182,0.0,,,,medica
medicación,748.2041666583333,0.0,,,,medicacion
medicamento,629.0415714171429,2.777777777777778,4.4,6.25,,medicamento
medicina,596.1105263236842,0.0,,,,medicina
medición,682.9500000083333,0.0,,,,medicion
médico,580.4441176411765,5.555555555555555,,,,medico
medida,672.2800000025,0.0,,,,medida
medieval,601.9128205102564,0.0,5.35,5.52,,medieval
medio,595.9882353,2.857142857142857,,,,medio
mediodía,624.2764705617647,2.857142857142857,,,,mediodia
medir,661.070588232353,5.555555555555555,,,,medir
meditación,644.3171621648648,0.0,,,,meditacion
meditar,624.3128205153846,0.0,,,8.056,meditar
mediterráneo,660.6451388888889,0.0,,,,mediterraneo
médula,651.5787878878788,5.714285714285714,,,,medula
mejilla,608.5117647088235,2.857142857142857,,,,mejilla
mejor,599.2100000025,0.0,2.913,6.815,,mejor
mejora,585.678124990625,0.0,,,,mejora
mejorar,575.9416666871795,0.0,,,,mejorar
melancolía,667.0189189135135,0.0,,,,melancolia
melena,658.7558823529412,2.857142857142857,,,,melena
mella,731.38125,56.75675675675676,,,10.55,mella
melocotón,609.3823529352941,0.0,,,,melocoton
melodía,598.5838235294118,0.0,,,,melodia
melón,568.016129,0.0,,,,melon
membrana,668.3090909181818,0.0,,,8.333,membrana
memoria,572.5879411764706,0.0,,,,memoria
mencionar,581.828125015625,3.03030303030303,,,7.0,mencionar
mendigo,658.5540540594594,5.128205128205128,,,,mendigo
menester,816.6173913086957,42.5,,,10.571,menester
meningitis,731.0687499875,17.94871794871795,,,,meningitis
menor,584.938095247619,2.325581395348837,,,,menor
menos,552.6428571142857,0.0,3.5,6.619,,menos
menosprecio,714.9147058823529,2.857142857142857,,,,menosprecio
mensaje,619.1027026756757,2.631578947368421,,,,mensaje
menstruación,670.0242424151515,0.0,,,,menstruacion
mensual,595.9529411794117,2.857142857142857,5.3,6.4,,mensual
menta,635.6837837837838,0.0,6.565,5.381,5.308,menta
mentalidad,636.090625,0.0,,,8.952,mentalidad
mente,574.2657142857142,0.0,,,,mente
mentir,570.7352941176471,0.0,,,,mentir
mentira,557.7863513621621,2.631578947368421,,,,mentira
mentiroso,621.9179487025641,2.5,,,,mentiroso
mentón,668.454999995,0.0,,,,menton
menú,551.8870967741935,0.0,,,,menu
menudo,605.9558823617647,2.857142857142857,3.64,5.0,7.0,menudo
mercader,713.8346154115385,25.71428571428571,,,,mercader
mercado,641.6225806419355,0.0,,,,mercado
mercancía,614.533333339394,0.0,,,,mercancia
merced,682.375,8.333333333333332,,,10.571,merced
mercurio,624.8935483903226,6.0606060606060606,6.522,4.0,8.5,mercurio
merecer,713.9902439097561,2.3809523809523814,,,6.75,merecer
merengue,714.3999999916666,5.263157894736842,6.15,4.536,,merengue
merienda,626.4235293911764,0.0,,,,merienda
mérito,654.5457142942857,2.777777777777778,,,,merito
merluza,648.1235294176471,2.857142857142857,,,,merluza
merma,798.035294117647,48.48484848484849,,,10.278,merma
mermelada,665.8121212060606,0.0,,,,mermelada
mes,577.5422222222222,0.0,,,,mes
mesa,584.9485714228572,0.0,,,,mesa
meseta,674.5142857314286,0.0,,,,meseta
mesilla,648.5852941235294,8.108108108108109,,,,mesilla
mesita,679.3444444444444,10.0,,,,mesita
meta,584.9441176794118,2.857142857142857,,,,meta
metafísica,758.787500005,0.0,,,,metafisica
metáfora,600.7046153948718,0.0,,,,metafora
metal,606.2750000277778,0.0,,,,metal
metálica,662.8938235264706,8.108108108108109,,,,metalica
metástasis,702.7100000033333,3.225806451612903,,,,metastasis
meteorología,709.63714286,0.0,,,,meteorologia
meter,623.8709090848484,2.941176470588235,,,,meter
meticuloso,722.7909091151515,10.81081081081081,,,,meticuloso
método,590.5457575727272,0.0,,,,metodo
metodología,668.93953125625,5.882352941176471,,,,metodologia
metralleta,685.5620689655173,6.451612903225806,,,,metralleta
métrica,660.243749978125,8.571428571428571,,,,metrica
metro,587.9824999925,4.761904761904763,,,,metro
metrópoli,729.621875,3.03030303030303,,,,metropoli
mezcla,600.9842105263158,5.0,,,,mezcla
mezclar,606.7566666722222,2.7027027027027026,,,5.6,mezclar
mezquita,707.3738235294118,5.555555555555555,,,,mezquita
micrófono,632.4268918945946,0.0,,,,microfono
microondas,672.0837838108108,2.631578947368421,6.8,6.75,,microondas
microscopio,683.689743597436,0.0,,,,microscopio
miedo,593.6894736947369,0.0,,,,miedo
miedoso,642.2842105552631,0.0,,,,miedoso
miel,563.1710526105263,0.0,,,,miel
miembro,614.2675757696969,10.81081081081081,,,,miembro
mierda,552.6302325581396,0.0,,,,mierda
mil,624.9225000117647,0.0,4.7,6.15,,mil
milagro,628.3826388833334,2.7027027027027026,,,,milagro
milenio,657.9516129032259,0.0,,,,milenio
milímetro,681.5381081243244,0.0,,,,milimetro
milisegundo,835.9384615461538,23.52941176470588,5.737,4.08,,milisegundo
militante,697.2182894763158,2.564102564102564,,,9.81,militante
militar,646.4171428542858,7.894736842105263,,,,militar
millón,596.6552631473684,0.0,,,,millon
millonario,681.3461538333333,0.0,4.929,,,millonario
mimado,693.653125003125,8.571428571428571,,,,mimado
mimbre,778.6857142928571,24.32432432432433,,,,mimbre
mimo,793.8151515090909,10.81081081081081,,,,mimo
mina,684.5048571428572,5.405405405405405,,,,mina
mineral,613.6594594324324,0.0,,,7.75,mineral
minero,668.6128205153846,2.5,,,,minero
miniatura,698.3277777833333,2.7027027027027026,,,,miniatura
minifalda,697.8794117705883,0.0,,,,minifalda
mínimo,587.1272727333334,0.0,,,,minimo
ministerio,670.124999990625,0.0,,,,ministerio
ministro,591.7064516258065,6.0606060606060606,,,,ministro
minoría,656.7575757606061,5.714285714285714,,,,minoria
minuciosidad,853.3757575878788,5.714285714285714,,,10.7,minuciosidad
minucioso,745.56875000625,11.11111111111111,3.593,3.607,,minucioso
minuto,595.9777777805556,0.0,,,,minuto
miopía,669.5297297351351,2.631578947368421,,,,miopia
mirada,587.6912500111112,0.0,,,,mirada
mirador,598.6657142314285,2.777777777777778,,,6.429,mirador
mirar,539.0995833277777,2.7027027027027026,,,,mirar
misa,583.1571428542857,0.0,,,,misa
miserable,623.554838716129,0.0,4.32,4.154,8.346,miserable
miseria,660.53734375,5.882352941176471,,,,miseria
misericordia,713.8939393727272,8.333333333333332,4.0,4.045,8.846,misericordia
misil,691.87968749375,13.513513513513509,,,,misil
misión,630.7527777666667,5.263157894736842,,,,mision
misionero,689.8105263210526,2.564102564102564,,,,misionero
mismo,567.4057142514285,0.0,4.222,6.952,,mismo
misterio,553.48437498125,5.882352941176471,,,,misterio
misterioso,640.7818181787878,0.0,3.72,5.038,6.269,misterioso
mística,751.0235294088235,2.857142857142857,,,,mistica
místico,636.8575757575758,2.941176470588235,,,,mistico
mitad,629.0421052657895,0.0,,,,mitad
mito,577.67680555,2.7027027027027026,,,,mito
mitología,626.3225806387097,0.0,,,,mitologia
mixta,655.5432432378378,5.128205128205128,4.13,6.0,,mixta
mobiliario,617.8302857285714,2.777777777777778,,,7.4,mobiliario
mochila,571.0,0.0,,,,mochila
moción,759.4727272818182,33.33333333333333,,,,mocion
moco,591.0374999975,0.0,,,,moco
moda,612.8890540486486,0.0,,,,moda
modalidad,689.7970588058823,0.0,,,,modalidad
modelo,579.488372083721,0.0,,,,modelo
moderación,601.0852941029411,0.0,,,,moderacion
moderna,594.4081818212121,0.0,3.88,5.962,6.731,moderna
modernidad,644.0090909090909,0.0,,,7.864,modernidad
modernismo,707.4324324216216,2.631578947368421,,,9.762,modernismo
modernización,708.41875,5.882352941176471,,,,modernizacion
moderno,599.7967742,0.0,3.957,6.464,,moderno
modestia,752.4313235264706,0.0,,,,modestia
modesto,590.0526315894737,0.0,4.379,5.071,,modesto
modificación,665.8891891972972,2.631578947368421,,,,modificacion
modificar,587.1727272727272,0.0,,,6.5,modificar
modista,661.9575758,5.714285714285714,,,,modista
modo,626.0583333472222,2.7027027027027026,,,,modo
modular,658.1852940970589,10.52631578947368,,,,modular
módulo,604.4325581116279,0.0,,,,modulo
mofeta,678.6848484696969,10.81081081081081,,,,mofeta
moho,745.89333333,18.91891891891892,6.053,3.5,,moho
mojado,591.2819444388889,0.0,,,,mojado
molde,659.74411765,2.857142857142857,,,,molde
mole,738.2210526263158,51.28205128205128,,,10.08,mole
molécula,628.19500001,0.0,,,,molecula
molesta,610.8212121121212,0.0,3.565,6.407,,molesta
molestar,563.8058823647059,0.0,,,,molestar
molestia,571.2457143028571,0.0,,,,molestia
molesto,609.2147059147059,0.0,3.348,6.667,,molesto
molino,629.2885714228571,2.777777777777778,,,,molino
momento,575.7298648702703,0.0,2.828,6.759,,momento
momia,740.4085714342857,5.405405405405405,,,5.9,momia
mona,648.8497142885715,2.777777777777778,,,,mona
monaguillo,745.2666666814815,25.0,6.056,3.8,,monaguillo
monarca,619.652941182353,2.857142857142857,,,,monarca
monarquía,602.5285714257143,0.0,,,,monarquia
monárquico,654.0000000121212,2.941176470588235,,,,monarquico
monasterio,701.6812857114286,0.0,,,,monasterio
moneda,566.792307674359,0.0,,,,moneda
monedero,617.1674999975,0.0,,,,monedero
monitor,596.29999999375,3.03030303030303,,,,monitor
monja,591.2472222166666,5.263157894736842,,,,monja
monje,679.4749999875,3.03030303030303,,,,monje
mono,561.3470000028572,2.777777777777778,,,,mono
monólogo,633.1999999935484,0.0,,,,monologo
monopatín,703.925937503125,11.11111111111111,,,,monopatin
monopolio,647.2181818151515,2.941176470588235,,,10.0,monopolio
monotonía,637.36875000625,3.03030303030303,,,,monotonia
monótono,660.166666675,5.263157894736842,,,,monotono
monstruo,612.4794871820512,2.5,,,,monstruo
monstruoso,692.8293055722222,2.7027027027027026,,,,monstruoso
montaña,548.8948717974359,2.5,,,,montana
montar,598.632352932353,0.0,,,,montar
monte,674.4102564051282,2.5,,,,monte
montón,565.0114285542857,0.0,,,,monton
montura,646.8531428685715,0.0,,,,montura
monumento,701.3999999722222,5.263157894736842,,,,monumento
moño,608.1889743641026,0.0,,,,mono
moqueta,675.6756756837838,2.631578947368421,,,,moqueta
mora,711.4524242424243,8.333333333333332,,,,mora
morada,660.7242424030303,2.941176470588235,,,,morada
morado,560.8044594648649,0.0,4.85,5.56,,morado
moral,597.4297297351351,0.0,,,,moral
moraleja,640.2441176647059,2.857142857142857,,,8.056,moraleja
moralidad,631.1928378324325,0.0,,,9.85,moralidad
morboso,741.815000016129,16.21621621621622,3.741,5.929,,morboso
morder,683.0529411705883,2.857142857142857,,,,morder
morena,569.8201351216217,0.0,,,,morena
moreno,575.4176470382353,0.0,4.609,6.4,,moreno
morfina,685.5971621567568,0.0,6.37,4.455,9.885,morfina
morfología,682.7966216297298,0.0,,,,morfologia
morir,556.099999990625,0.0,,,,morir
moro,616.1399999972223,2.7027027027027026,,,6.2,moro
morro,654.6278571428571,0.0,,,,morro
mortal,570.525,0.0,,,,mortal
mortalidad,572.11874999375,3.03030303030303,4.379,5.05,,mortalidad
mosaico,712.7078947526315,2.564102564102564,,,7.84,mosaico
mosca,604.2123529411765,0.0,,,,mosca
moscón,702.645517237931,19.44444444444444,,,,moscon
mosquito,612.8000000210526,0.0,6.219,6.536,,mosquito
mostaza,603.131249996875,3.03030303030303,6.652,5.333,5.769,mostaza
mostrador,635.4394736973684,0.0,,,6.182,mostrador
mostrar,600.28174998,0.0,,,,mostrar
mote,665.6962963037037,10.0,,,,mote
motel,689.5030303121213,5.714285714285714,6.48,3.962,9.385,motel
motín,619.9444444370371,12.90322580645161,,,,motin
motivación,588.347051248718,2.5,,,,motivacion
motivo,623.3891891945946,0.0,,,,motivo
moto,581.7171428571429,0.0,,,,moto
motocicleta,670.5545454515152,0.0,6.478,5.714,,motocicleta
motor,573.416216172973,2.631578947368421,,,,motor
motora,639.6972221861112,10.0,4.45,5.4,,motora
mover,595.1868421078948,2.564102564102564,,,,mover
movida,609.0852941235294,0.0,,,8.2,movida
móvil,570.854838716129,0.0,,,,movil
movilidad,623.0777777805556,5.263157894736842,,,,movilidad
movimiento,597.7854285771429,0.0,,,,movimiento
moza,669.1162162054054,2.631578947368421,,,7.75,moza
mozo,632.2606060969697,5.714285714285714,,,,mozo
muchacha,635.4974359076923,0.0,,,,muchacha
muchacho,634.0067142742857,2.777777777777778,,,5.095,muchacho
muchedumbre,830.5400000037038,20.58823529411765,,,,muchedumbre
mucho,543.4171428428572,0.0,2.75,6.81,,mucho
mucosa,675.1848484969697,5.714285714285714,5.0,4.515,8.656,mucosa
mucosidad,795.63349999,18.91891891891892,5.5,5.607,,mucosidad
muda,665.3551724034483,9.375,,,6.19,muda
mudanza,690.6525,8.108108108108109,5.65,5.6,,mudanza
mudar,634.1060606121212,5.714285714285714,,,5.8,mudar
mudo,662.7896969545454,10.81081081081081,,,,mudo
mueble,580.0577777833333,2.7027027027027026,,,,mueble
mueca,671.9129031935483,8.823529411764707,,,,mueca
muela,653.0999999918919,5.128205128205128,6.391,6.05,,muela
muelle,618.5705882558824,0.0,,,,muelle
muerte,594.2282051358974,0.0,,,,muerte
muerto,586.4944594648649,0.0,,,,muerto
muestra,576.5515151575757,2.941176470588235,,,,muestra
muestrario,771.327799996,24.24242424242424,,,,muestrario
mugre,669.7275861862068,14.70588235294118,4.966,4.321,,mugre
mujer,539.822750025,0.0,,,,mujer
mula,655.7545454545455,5.714285714285714,,,,mula
muleta,671.5594594594595,2.631578947368421,6.393,5.31,,muleta
mulo,708.1802631578947,45.71428571428571,,,,mulo
multa,619.7710526210526,0.0,5.897,6.069,,multa
multimedia,626.5322580548387,0.0,4.722,5.545,,multimedia
multinacional,724.0638333333334,11.76470588235294,,,9.92,multinacional
múltiple,635.4459459540541,2.631578947368421,,,,multiple
multiplicación,630.409375015625,5.882352941176471,,,,multiplicacion
multiplicar,615.2447368131579,0.0,,,,multiplicar
multiplicidad,729.5794117705882,0.0,,,10.35,multiplicidad
multitud,692.359374996875,3.03030303030303,,,,multitud
mundial,583.8060606,2.941176470588235,,,,mundial
mundo,574.7242424333333,0.0,,,,mundo
munición,732.2617647058823,10.52631578947368,,,,municion
municipal,607.1342857114286,0.0,,,6.278,municipal
municipio,572.7514286085715,0.0,,,,municipio
muñeca,544.3212121,2.941176470588235,,,,muneca
muñeco,575.7194444638889,0.0,,,,muneco
muñón,794.93437500625,15.789473684210531,,,,munon
mural,597.137500015625,3.03030303030303,5.25,5.45,,mural
muralla,657.0411765,5.555555555555555,,,,muralla
murmullo,691.448275862069,6.451612903225806,,,7.571,murmullo
murmurar,724.6279687531251,11.11111111111111,,,,murmurar
muro,625.6648529470589,0.0,,,,muro
musa,639.08666667,11.76470588235294,5.0,3.857,,musa
músculo,574.5544594756757,0.0,,,,musculo
musculoso,699.8096774193548,8.823529411764707,,,,musculoso
museo,593.0418604395348,0.0,,,,museo
musgo,702.0029411764706,8.108108108108109,,,6.667,musgo
música,533.2930232674419,0.0,,,,musica
musical,580.5267646970589,5.555555555555555,4.25,6.52,,musical
músico,564.2019999971428,2.777777777777778,,,,musico
muslo,626.687096783871,0.0,,,,muslo
musulmana,721.8205882264706,5.555555555555555,,,6.75,musulmana
mutación,690.1729729783784,2.631578947368421,,,,mutacion
mutante,621.847058817647,2.857142857142857,4.478,4.429,9.077,mutante
mutilado,702.7142857178571,15.151515151515149,,,,mutilado
mutilar,753.0405405351352,5.128205128205128,5.444,3.679,,mutilar
mutismo,761.682758637931,14.70588235294118,,,9.952,mutismo
nacer,578.6903225935484,0.0,,,,nacer
nacido,646.573529417647,0.0,5.7,5.9,,nacido
nacimiento,597.78285718,0.0,,,,nacimiento
nación,595.8241891945946,0.0,,,,nacion
nacional,586.1333333424243,0.0,,,,nacional
nacionalidad,614.80625,0.0,,,,nacionalidad
nacionalismo,644.5128205128206,0.0,,,9.905,nacionalismo
nacionalista,615.0909090939394,0.0,,,10.318,nacionalista
nada,612.6297297567568,2.631578947368421,,,,nada
nadador,680.2036666733334,14.28571428571428,6.259,6.286,,nadador
nadar,590.52037497,0.0,,,,nadar
nadie,617.9285714228571,0.0,3.9,6.429,,nadie
naranja,579.6498648513514,0.0,,,,naranja
naranjo,661.102325572093,0.0,6.536,5.81,,naranjo
narciso,713.0805555611112,5.263157894736842,,,,narciso
narcótico,789.1951724172413,12.12121212121212,,,,narcotico
nariz,583.4588235235294,0.0,,,,nariz
narración,588.4279166638889,0.0,,,,narracion
narrador,567.8645161290323,6.0606060606060606,,,6.28,narrador
narrar,655.8735294,2.857142857142857,,,,narrar
narrativa,609.2907692,2.5,,,7.81,narrativa
nasal,659.85296875,3.03030303030303,6.0,5.071,,nasal
natación,643.0921052973684,0.0,,,,natacion
natal,735.0085483903226,8.823529411764707,4.783,4.0,9.038,natal
natalidad,659.18857144,2.777777777777778,,,,natalidad
nativa,729.9018965551725,12.12121212121212,,,8.9,nativa
natural,549.2151515272727,2.941176470588235,3.069,6.517,,natural
naturaleza,596.4564102692308,0.0,,,,naturaleza
naturalidad,634.5075,0.0,,,7.476,naturalidad
naturalismo,639.5939393848485,2.941176470588235,,,8.65,naturalismo
naturalista,643.3149999975,2.439024390243903,,,7.762,naturalista
náufrago,703.2264705882353,2.857142857142857,,,,naufrago
náusea,675.02765625,3.03030303030303,,,,nausea
náutico,616.1923077025641,0.0,,,,nautico
navaja,668.4743589769231,0.0,,,,navaja
naval,680.675,17.64705882352941,5.087,3.095,10.269,naval
nave,626.8425000029412,2.857142857142857,,,,nave
navegación,634.5536111111111,0.0,,,,navegacion
navegar,613.4399999942857,0.0,,,,navegar
navidad,550.7235294029412,0.0,,,,navidad
navío,808.5729166708334,25.0,,,,navio
nazi,645.59705885,0.0,,,,nazi
neblina,716.66333333,23.07692307692308,,,,neblina
nebulosa,742.5513513135135,2.631578947368421,,,9.35,nebulosa
necesario,589.7609756341463,2.3809523809523814,3.071,6.571,,necesario
necesidad,617.895270272973,0.0,,,,necesidad
necio,785.1133928571428,22.22222222222222,,,,necio
néctar,663.2948717948718,2.5,,,,nectar
negación,665.4486486432432,5.128205128205128,,,,negacion
negar,638.359374946875,8.571428571428571,,,,negar
negativa,596.0989743205129,2.5,,,,negativa
negativo,610.5277777722222,2.7027027027027026,,,,negativo
negligencia,781.3944444388889,5.263157894736842,4.261,4.714,,negligencia
negociación,672.6621621702702,2.631578947368421,,,,negociacion
negociar,617.7314285742857,0.0,,,,negociar
negocio,595.6815789631579,0.0,,,,negocio
negra,599.4217187468751,5.882352941176471,,,,negra
negro,552.3025641025641,0.0,,,,negro
negrura,856.6090909181818,35.29411764705883,,,8.92,negrura
nena,620.0648648513513,0.0,,,2.75,nena
nene,659.3459375,3.03030303030303,,,,nene
neón,667.3026315736843,2.564102564102564,,,,neon
nervio,633.5763157868421,2.564102564102564,,,,nervio
nerviosismo,694.0926922871795,0.0,,,,nerviosismo
nervioso,584.6864864972973,0.0,3.897,6.69,,nervioso
neumonía,620.0371428628572,0.0,,,,neumonia
neurosis,687.5486111111111,0.0,,,10.64,neurosis
neurótico,760.4194444472222,2.7027027027027026,,,,neurotico
neutral,564.54062501875,3.03030303030303,4.304,5.0,8.5,neutral
nevada,620.7974359,0.0,,,,nevada
nevera,606.9082432351352,0.0,,,,nevera
nexo,666.5413793068966,12.12121212121212,,,10.19,nexo
nido,674.45765625,11.11111111111111,,,,nido
niebla,632.8243243189189,2.631578947368421,,,,niebla
nieto,633.2837837621621,2.631578947368421,,,,nieto
nieve,563.3139473921052,5.0,,,,nieve
ningún,629.5333333533333,0.0,,,,ningun
ninguna,630.3918918945946,0.0,4.05,6.619,,ninguna
ninguno,607.3820512923077,2.5,3.913,6.464,,ninguno
ninja,652.9965517172413,14.70588235294118,6.478,4.143,4.846,ninja
niña,566.1637837891892,0.0,,,,nina
niñez,667.4055555555556,5.263157894736842,,,,ninez
niño,534.11562499375,0.0,,,,nino
nitidez,730.0586206896552,9.375,,,9.76,nitidez
nitrógeno,713.0498484727273,10.81081081081081,,,,nitrogeno
nivel,608.6305555499999,5.263157894736842,,,,nivel
noble,613.172973,0.0,,,,noble
nobleza,606.6444444388889,2.7027027027027026,,,,nobleza
noche,573.6558823294117,0.0,,,,noche
noción,699.1974359,2.5,,,,nocion
nocturno,567.19142858,2.777777777777778,,,6.0,nocturno
nogal,718.4263157789474,51.28205128205128,,,,nogal
nombramiento,723.3122857571428,12.5,,,,nombramiento
nombrar,606.8243243459459,2.631578947368421,,,5.045,nombrar
nombre,543.0714864891892,0.0,,,,nombre
nómina,605.0666666515151,2.941176470588235,,,,nomina
norma,627.0028571571429,2.777777777777778,,,,norma
normal,553.0803947394737,5.0,2.913,6.679,,normal
normalidad,563.5151515151515,0.0,,,6.053,normalidad
normativa,627.4864864756756,0.0,,,6.111,normativa
noroeste,828.911875,31.428571428571427,,,8.5,noroeste
norte,626.7891892,0.0,,,,norte
norteamericano,772.153125025,5.882352941176471,,,7.714,norteamericano
nostalgia,620.1824999975,0.0,,,9.091,nostalgia
nota,565.64,0.0,,,,nota
notar,623.6729729378378,0.0,,,5.381,notar
notario,687.0548387064516,3.125,,,,notario
noticia,602.6599999914285,0.0,,,,noticia
notificación,664.6078947526315,0.0,,,,notificacion
novato,634.8222222277777,2.7027027027027026,5.08,4.923,8.077,novato
novedad,552.5197297189189,0.0,,,,novedad
novedoso,684.6019696969697,5.714285714285714,,,,novedoso
novela,634.9891891918919,0.0,,,,novela
novelista,661.402380954762,0.0,,,,novelista
noventa,628.1225806290323,3.125,5.931,5.905,,noventa
novia,548.3720930627907,0.0,,,,novia
noviazgo,702.975,0.0,,,7.556,noviazgo
noviembre,602.5631578921052,2.564102564102564,,,,noviembre
novio,596.2714285571428,0.0,,,,novio
nube,657.7315789368421,0.0,,,,nube
nublado,677.7516129032258,0.0,5.185,6.393,,nublado
nuca,647.8416666727272,8.333333333333332,,,,nuca
nuclear,650.60625000625,3.03030303030303,,,,nuclear
núcleo,591.4235294029412,2.857142857142857,,,,nucleo
nudo,632.0344827689655,6.451612903225806,,,,nudo
nuera,732.42916665,29.411764705882348,,,,nuera
nuevo,575.1770270216216,0.0,4.435,6.857,,nuevo
nuez,569.9757575666666,2.941176470588235,,,,nuez
nula,664.428125003125,5.882352941176471,4.611,5.524,,nula
número,587.123076923077,0.0,,,,numero
nunca,603.3792647058824,2.857142857142857,4.043,6.6,,nunca
nutrición,589.7,2.631578947368421,,,,nutricion
nutrir,644.4085714314285,2.777777777777778,4.625,5.214,,nutrir
oasis,656.3472222277778,5.263157894736842,,,,oasis
obedecer,642.0398529411765,2.857142857142857,,,,obedecer
obediencia,679.069444425,5.263157894736842,,,,obediencia
obesidad,613.4272972945946,0.0,5.406,5.714,,obesidad
obispo,632.553124965625,8.571428571428571,,,,obispo
objeción,649.1263157921053,5.0,,,,objecion
objetividad,660.1588235411765,0.0,,,9.474,objetividad
objetivo,591.45000001,0.0,,,,objetivo
objeto,627.8840277833333,0.0,,,,objeto
obligación,650.67812499375,3.03030303030303,,,,obligacion
obra,574.1388889138889,5.263157894736842,,,,obra
obrar,608.7380952309524,0.0,,,7.9,obrar
obrero,635.046153848718,0.0,,,,obrero
obsceno,785.9245,18.91891891891892,3.846,3.897,,obsceno
obsequio,643.5874999968751,3.03030303030303,,,,obsequio
observación,615.0935483870968,0.0,,,,observacion
observador,606.9461764617647,0.0,4.696,5.667,6.769,observador
observar,555.098552631579,5.0,,,,observar
observatorio,642.9726250375,0.0,,,8.19,observatorio
obsesión,619.7342857142858,2.777777777777778,,,,obsesion
obstáculo,626.0657894526316,0.0,,,,obstaculo
obstinación,796.3138888888889,7.6923076923076925,,,,obstinacion
obtención,632.3421052894737,0.0,,,,obtencion
obtener,602.2630000125,0.0,,,7.05,obtener
obvio,613.1085714257143,0.0,4.04,6.423,7.154,obvio
ocasión,529.4354838709678,6.0606060606060606,,,,ocasion
ocaso,695.3108928607143,17.64705882352941,5.0,3.379,,ocaso
occidental,637.0815789289474,0.0,,,,occidental
occidente,599.9315000025,0.0,,,,occidente
océano,619.3358974358974,2.5,,,,oceano
ochenta,660.4354838709678,8.823529411764707,5.87,6.762,,ochenta
ocio,631.1812903096774,6.0606060606060606,,,,ocio
octavo,667.8961111138889,2.7027027027027026,5.957,4.905,6.0,octavo
octubre,583.6648648648649,0.0,,,,octubre
ocular,651.3222222388889,5.263157894736842,4.316,5.0,,ocular
oculista,663.2392857357142,9.67741935483871,6.15,5.786,,oculista
oculta,593.7675714314286,5.405405405405405,4.12,4.885,6.231,oculta
ocultar,588.4657894973684,0.0,,,,ocultar
ocupación,618.4243243216216,0.0,,,,ocupacion
ocupacional,728.9290322580645,0.0,4.087,4.75,,ocupacional
ocupar,557.8694444527778,0.0,,,6.15,ocupar
ocurrencia,650.1000000060607,0.0,,,,ocurrencia
ocurrir,573.3767567567568,0.0,,,,ocurrir
odiar,615.3745833333334,0.0,,,,odiar
odio,596.3131578842106,0.0,,,,odio
odioso,622.9416667083333,5.263157894736842,,,,odioso
odisea,666.8709677548387,0.0,,,9.8,odisea
oeste,659.7249999942857,2.777777777777778,,,,oeste
ofender,611.1666176529412,0.0,3.704,5.964,,ofender
ofendido,657.8122058617647,8.108108108108109,4.074,5.682,7.769,ofendido
ofensa,636.359375,3.03030303030303,,,,ofensa
ofensiva,616.5657894736842,2.564102564102564,,,7.667,ofensiva
oferta,566.7975609902439,4.651162790697674,,,,oferta
oficial,577.4090909,0.0,,,,oficial
oficina,608.5171428542857,0.0,,,,oficina
oficio,622.5303030242425,5.714285714285714,,,,oficio
ofrecer,651.8818181787879,0.0,,,5.35,ofrecer
ofrenda,716.702631581579,5.0,4.231,4.515,8.406,ofrenda
ogro,745.212500003125,5.882352941176471,5.609,4.333,5.577,ogro
oído,605.3285714452381,2.325581395348837,,,,oido
oír,569.338472225,2.7027027027027026,,,,oir
ojeada,741.5484848484848,2.941176470588235,,,8.842,ojeada
ojo,585.2864102282051,0.0,,,,ojo
ola,667.0162161729729,2.631578947368421,,,3.136,ola
oleada,650.668918918919,5.128205128205128,,,,oleada
oleaje,775.6218749625,8.571428571428571,,,9.474,oleaje
óleo,690.9115384576924,16.12903225806452,,,,oleo
oler,654.2033333366667,3.225806451612903,,,,oler
olfatear,712.5814285657143,5.405405405405405,4.429,5.444,,olfatear
olfato,590.45999999,9.090909090909092,,,,olfato
oliva,591.9029411352941,0.0,6.15,6.2,,oliva
olivo,610.6447368342106,0.0,,,,olivo
olla,652.9777777861111,5.263157894736842,,,,olla
olor,577.3358974256411,0.0,,,,olor
oloroso,697.6310344724138,14.70588235294118,,,,oloroso
olvidar,617.1962500055555,2.7027027027027026,,,,olvidar
olvido,644.7691891729729,0.0,,,,olvido
ombligo,631.2588571428571,0.0,,,,ombligo
oncología,753.3944444583333,5.263157894736842,,,,oncologia
onda,629.7714285628572,10.25641025641026,,,,onda
ondulado,760.1387096741936,16.21621621621622,,,,ondulado
opaco,675.2029412029411,10.52631578947368,,,,opaco
opción,597.0060606,2.941176470588235,,,,opcion
ópera,556.5852941176471,2.857142857142857,,,,opera
operación,612.2789473710526,2.564102564102564,,,,operacion
operador,590.5757575636363,0.0,5.435,3.524,9.731,operador
operadora,613.8973684210526,0.0,5.444,4.727,9.231,operadora
operar,556.1368421052632,0.0,,,6.85,operar
operativo,661.2131578947368,2.564102564102564,4.348,3.81,9.731,operativo
opinar,566.00624999375,3.03030303030303,,,6.136,opinar
opinión,569.4078947552632,0.0,,,,opinion
oponente,683.0805555805556,5.263157894736842,4.815,5.393,,oponente
oportunidad,599.298529417647,0.0,,,,oportunidad
oportuno,596.6969696939394,5.714285714285714,3.87,4.952,9.0,oportuno
oposición,624.6952381095239,2.325581395348837,,,,oposicion
opresión,677.5371428571428,0.0,,,,opresion
oprimir,603.5666666633333,3.225806451612903,,,,oprimir
optar,623.9437500125,0.0,,,9.1,optar
optimismo,638.6117647058824,2.857142857142857,,,,optimismo
optimista,632.7972972621621,2.631578947368421,4.259,6.045,8.577,optimista
opuesto,633.1877142857143,2.777777777777778,,,,opuesto
oración,626.2914286257143,5.405405405405405,,,,oracion
orador,801.6664814814815,22.857142857142858,4.607,4.303,,orador
oral,598.7815789105263,2.564102564102564,4.31,6.381,,oral
orangután,718.1970588117647,8.108108108108109,,,,orangutan
orar,678.6764706117647,5.555555555555555,,,,orar
órbita,681.640294117647,0.0,,,,orbita
orbital,689.7747222194445,0.0,,,9.611,orbital
orden,591.8058823441177,0.0,,,,orden
ordenación,693.7000000026316,5.0,,,,ordenacion
ordenado,627.2289473815789,0.0,4.594,6.5,,ordenado
ordenador,640.6333333384615,0.0,,,,ordenador
ordenar,600.0849999891892,0.0,,,,ordenar
ordinario,629.3756756513513,0.0,3.435,4.857,9.692,ordinario
orégano,636.190625003125,3.03030303030303,,,,oregano
orgánica,590.0641891945946,0.0,,,,organica
organismo,647.1361111,5.263157894736842,,,8.05,organismo
organización,630.971052636842,0.0,,,,organizacion
organizar,577.4133332846154,0.0,,,6.143,organizar
órgano,628.5324999970588,0.0,,,,organo
orgasmo,646.8875000075,0.0,,,,orgasmo
orgía,681.7482758551724,6.451612903225806,,,,orgia
orgullo,560.3277777444445,0.0,,,,orgullo
orgulloso,578.1864865324325,2.631578947368421,4.594,6.393,,orgulloso
orientación,603.1475,0.0,,,,orientacion
oriental,583.3121212121212,2.941176470588235,,,,oriental
oriente,611.2235135162163,0.0,,,,oriente
orificio,744.7199999866666,0.0,4.3,5.429,,orificio
origen,581.5024999975,0.0,,,,origen
original,606.9564102615385,2.5,,,,original
originalidad,610.7857142742857,0.0,,,7.263,originalidad
orilla,660.2333333416667,7.6923076923076925,,,,orilla
orina,614.1052631315789,0.0,,,,orina
oro,581.9904053945946,0.0,,,,oro
orquesta,637.80453125625,3.03030303030303,,,,orquesta
orquídea,756.3333333272727,5.714285714285714,,,,orquidea
ortografía,603.523684186842,2.564102564102564,,,,ortografia
oruga,681.7794117529412,5.555555555555555,,,,oruga
orujo,725.5055555722222,5.263157894736842,6.182,4.242,,orujo
osadía,749.1929310206897,12.12121212121212,,,,osadia
oscilación,692.465624984375,5.882352941176471,,,,oscilacion
oscilar,674.9925714228572,5.405405405405405,,,,oscilar
oscurecer,709.3057142857143,0.0,,,6.143,oscurecer
oscuridad,603.9945945945946,0.0,,,,oscuridad
oscuro,558.7235293911765,2.857142857142857,4.5,6.5,,oscuro
ósea,748.371875003125,15.789473684210531,,,,osea
oso,589.740624996875,5.882352941176471,,,,oso
ostra,660.3578947342105,2.564102564102564,,,,ostra
otear,802.5076922923076,58.06451612903226,,,,otear
otitis,707.6888888814815,18.18181818181818,,,,otitis
otoño,623.1710526131579,0.0,,,,otono
otorgar,680.1468918945945,0.0,,,,otorgar
otro,566.6594594378379,2.631578947368421,2.1,6.606,,otro
ovacionar,789.558333325,27.27272727272727,,,,ovacionar
ovario,598.35000000625,3.03030303030303,6.55,6.476,,ovario
oveja,570.0842105210527,0.0,,,,oveja
óvulo,666.2815277805555,0.0,,,,ovulo
oxidación,667.3589743641026,2.5,,,,oxidacion
oxidado,658.5560975682927,4.651162790697674,5.594,5.071,,oxidado
oyente,653.7953488465116,0.0,5.5,5.667,7.562,oyente
pabellón,652.6210526236842,2.564102564102564,,,,pabellon
paciencia,563.8181818212121,0.0,,,,paciencia
paciente,558.7228571257143,0.0,,,,paciente
pacificación,814.5258064354839,3.125,,,,pacificacion
pactar,659.7270270297297,2.631578947368421,,,8.286,pactar
pacto,584.8906249875,0.0,,,,pacto
padecer,664.6999999939394,2.941176470588235,,,,padecer
padrastro,680.3809722305556,2.7027027027027026,6.13,4.905,7.115,padrastro
padre,550.6537837864865,0.0,,,,padre
padrino,615.9621428628571,2.777777777777778,,,,padrino
paella,614.4591666666666,0.0,,,,paella
pagar,610.618181830303,0.0,,,,pagar
página,584.3131081108108,0.0,,,,pagina
pago,619.0317647117647,0.0,,,,pago
país,569.7764285714286,0.0,,,,pais
paisaje,615.0060810756756,0.0,,,,paisaje
paisano,716.253124996875,8.571428571428571,,,8.68,paisano
paja,637.8333333138889,5.263157894736842,,,,paja
pajarita,632.441025648718,0.0,6.217,5.32,,pajarita
pájaro,608.0914285428571,0.0,,,,pajaro
pala,672.9611111333334,5.263157894736842,,,,pala
palabra,594.0261764588236,0.0,,,,palabra
palacio,588.6143590153846,2.5,,,,palacio
paladar,653.0305555666666,5.263157894736842,,,5.8,paladar
palanca,621.3666666757575,5.714285714285714,,,7.0,palanca
paleta,629.3794871794872,0.0,,,,paleta
pálido,606.5147059088235,2.857142857142857,,,,palido
paliza,626.014843746875,11.11111111111111,,,,paliza
palma,624.7742857114285,0.0,,,,palma
palmera,628.2324324567568,2.631578947368421,6.25,6.407,,palmera
palmo,712.957400012,30.555555555555557,,,6.95,palmo
palo,602.3526315763158,2.564102564102564,,,,palo
paloma,585.6012162189189,0.0,,,,paloma
pan,582.9471428628572,2.777777777777778,,,,pan
pana,732.5055555444444,12.19512195121951,,,,pana
pancarta,734.3633333366666,11.76470588235294,5.75,5.552,,pancarta
páncreas,662.175000015625,3.03030303030303,,,,pancreas
pandereta,755.274999971875,5.882352941176471,6.4,4.964,,pandereta
pandilla,635.0281428571428,2.777777777777778,,,6.714,pandilla
panel,577.878124978125,3.03030303030303,5.556,4.409,8.577,panel
panera,766.4341666666667,48.57142857142857,5.895,5.1,,panera
panfleto,790.8555554814815,20.58823529411765,5.444,4.64,,panfleto
pánico,656.5848484818182,2.941176470588235,,,,panico
panorama,679.1461538461539,2.5,,,,panorama
panorámica,637.4421428428572,5.405405405405405,,,,panoramica
pantalla,573.8636364,5.714285714285714,,,,pantalla
pantalón,619.5297297270271,2.631578947368421,,,,pantalon
pantano,701.0162162054054,2.631578947368421,,,,pantano
panteón,742.409090860606,5.714285714285714,,,,panteon
pantera,660.0942857114286,7.894736842105263,,,,pantera
panza,634.5558571428571,2.777777777777778,,,,panza
paño,624.3216216270271,5.128205128205128,,,,pano
pañuelo,582.1757575060606,2.941176470588235,,,,panuelo
papel,580.302222225,0.0,,,,papel
papelera,573.1849999891892,0.0,,,,papelera
papeleta,618.4246249775,0.0,4.87,5.5,,papeleta
paquete,662.0324324108108,0.0,,,,paquete
par,665.7105263394736,0.0,,,,par
parábola,675.8448275827586,0.0,,,,parabola
parada,604.1628571428571,0.0,,,,parada
paradero,680.1107142785714,15.151515151515149,4.696,4.048,8.769,paradero
paradigma,705.4600000057143,10.25641025641026,,,10.727,paradigma
parado,645.1647058764706,0.0,,,,parado
paradoja,642.6538461435897,2.5,,,,paradoja
paraguas,642.209375009375,3.03030303030303,,,,paraguas
paragüero,861.1258064516129,11.428571428571429,,,,paraguero
paraíso,570.227027027027,2.631578947368421,,,,paraiso
paralelo,672.1421052657895,2.564102564102564,,,8.7,paralelo
parálisis,601.0685714314286,0.0,,,,paralisis
paranoia,699.3454545212121,2.941176470588235,3.957,5.0,9.769,paranoia
paranormal,688.7527941147059,0.0,,,,paranormal
parar,570.88124999375,3.03030303030303,,,,parar
parásito,696.4671212060606,2.941176470588235,,,,parasito
parcela,631.8617647088236,0.0,,,6.55,parcela
parche,721.1680882352941,5.555555555555555,,,,parche
parchís,613.0756757,2.631578947368421,,,,parchis
parcial,610.6666666533333,3.225806451612903,,,,parcial
parecer,751.7108064516129,6.0606060606060606,,,,parecer
parecido,644.7028571485714,5.405405405405405,,,,parecido
pared,566.708823532353,0.0,,,,pared
pareja,644.2810810810811,2.631578947368421,,,,pareja
parentesco,756.91142856,5.405405405405405,,,8.4,parentesco
paréntesis,662.4789473894737,0.0,,,,parentesis
pareo,833.780625,27.27272727272727,5.111,4.606,,pareo
pariente,672.6640277777777,2.7027027027027026,,,6.524,pariente
parir,616.47000001,9.090909090909092,,,6.5,parir
parlamento,661.7289473894737,0.0,,,,parlamento
paro,609.9799999771428,7.894736842105263,,,,paro
parodia,694.9606060575758,5.714285714285714,,,8.222,parodia
párpado,636.8744594567568,0.0,,,,parpado
parque,580.8769230692308,0.0,,,,parque
parra,733.8068333266666,16.66666666666667,,,7.955,parra
párrafo,619.569218753125,5.882352941176471,,,,parrafo
parroquia,666.667343753125,3.03030303030303,,,,parroquia
parte,584.7473684078948,0.0,,,,parte
participación,605.0777777555555,0.0,,,,participacion
participar,567.4423684184211,2.564102564102564,,,,participar
partícula,647.5314285714286,2.777777777777778,,,,particula
particular,631.6121212060606,0.0,3.55,5.538,,particular
particularidad,678.7916666694445,2.7027027027027026,,,,particularidad
partida,580.5500000157895,0.0,,,,partida
partidista,720.6185185,28.947368421052634,,,10.381,partidista
partido,646.3291666638889,0.0,,,,partido
partir,660.7263158026316,0.0,,,,partir
pasado,624.1567567540541,0.0,,,,pasado
pasaje,636.8342105342106,0.0,,,,pasaje
pasajera,687.3081081108108,0.0,,,7.2,pasajera
pasajero,630.2945945567568,0.0,,,,pasajero
pasaporte,617.518281240625,5.882352941176471,,,,pasaporte
pasar,597.4289473578947,5.0,,,,pasar
pasarela,643.2103448206897,3.3333333333333335,5.833,5.357,,pasarela
pasatiempo,604.8789473552631,2.564102564102564,,,6.96,pasatiempo
pascua,679.982794117647,5.555555555555555,,,4.238,pascua
pase,654.5294117823529,2.857142857142857,,,,pase
pasear,614.0823529382353,0.0,,,,pasear
paseo,583.921052631579,0.0,,,,paseo
pasillo,580.6078947605263,0.0,,,,pasillo
pasión,593.5045945864865,0.0,,,,pasion
paso,638.9272727272728,0.0,,,,paso
pasodoble,880.8727272606061,21.42857142857143,5.913,4.524,,pasodoble
pasta,558.0735294205882,5.555555555555555,,,,pasta
pastel,581.5555555555555,2.7027027027027026,,,,pastel
pastilla,569.3651162790698,0.0,,,6.4,pastilla
pasto,641.3241379275862,6.451612903225806,,,,pasto
pastor,627.3191176588235,5.555555555555555,,,,pastor
pata,643.1574999888888,2.7027027027027026,,,,pata
patata,584.025000015625,0.0,,,,patata
patente,690.431323532353,5.555555555555555,,,,patente
paternal,627.6176470705882,0.0,5.308,5.333,6.969,paternal
paternidad,666.6799999966667,3.225806451612903,,,7.8,paternidad
patético,670.4837837702703,0.0,,,,patetico
patín,647.790625,5.882352941176471,,,,patin
patinaje,610.7761111111112,0.0,5.846,5.909,4.969,patinaje
patinar,602.7615384615385,2.5,5.517,5.885,,patinar
patio,612.820512802564,0.0,,,,patio
pato,590.5277777972223,0.0,,,,pato
patria,669.5064516,0.0,,,,patria
patrimonio,640.412121230303,0.0,,,,patrimonio
patriota,621.8735294264706,2.857142857142857,4.25,3.966,,patriota
patriotismo,814.265999992,16.66666666666667,4.091,4.273,,patriotismo
patrocinio,761.687096767742,16.21621621621622,,,10.25,patrocinio
patrón,562.6222222361112,0.0,,,,patron
patrona,640.453124990625,0.0,,,9.32,patrona
patronato,721.4677419225807,11.428571428571429,,,,patronato
patrono,803.1571428535714,28.2051282051282,2.889,2.758,,patrono
pausa,580.153124996875,3.03030303030303,,,,pausa
pausado,635.755882367647,0.0,,,,pausado
pava,681.4267741903226,13.88888888888889,,,,pava
pavor,701.0739130391304,23.333333333333332,,,,pavor
payaso,635.1483871,0.0,,,,payaso
paz,577.9599999975,0.0,,,,paz
pecado,606.9644594675676,0.0,,,,pecado
pecho,581.6994117647059,2.857142857142857,,,,pecho
peculiar,692.0026315736842,5.0,3.087,4.333,8.846,peculiar
peculiaridad,716.4411764588235,0.0,,,9.84,peculiaridad
pedagogía,703.1600000085714,2.777777777777778,,,,pedagogia
pedazo,659.1249999975,0.0,,,,pedazo
pedir,583.2454545575757,2.941176470588235,,,,pedir
pedo,616.322656265625,13.513513513513509,,,,pedo
pegamento,647.1787878636363,2.941176470588235,,,,pegamento
pegar,622.893750009375,3.03030303030303,,,,pegar
peinado,647.1631081027027,0.0,,,,peinado
peinar,659.9567567945946,2.631578947368421,,,,peinar
peine,626.0032353029412,5.555555555555555,,,,peine
pelea,620.4764705882353,0.0,,,,pelea
pelear,604.6806451677419,6.0606060606060606,,,,pelear
película,574.8433333533334,3.225806451612903,,,,pelicula
peligrar,660.2045588264706,8.108108108108109,,,,peligrar
peligro,550.0897435871794,0.0,,,,peligro
peligrosidad,649.935294117647,0.0,,,7.45,peligrosidad
peligroso,603.0428571485714,0.0,,,,peligroso
pelirrojo,632.0999999611112,0.0,,,,pelirrojo
pellizco,626.9741935516129,6.0606060606060606,5.852,5.607,,pellizco
pelo,584.2142857171428,0.0,,,,pelo
pelota,576.22,2.777777777777778,,,,pelota
pelotón,699.1157894736842,2.564102564102564,,,,peloton
peluche,557.1762121212121,0.0,,,,peluche
peludo,617.9999999875,0.0,5.15,6.519,,peludo
peluquería,603.12,0.0,,,,peluqueria
pelvis,658.9235135108108,0.0,6.667,5.762,,pelvis
pena,579.5472222027778,5.263157894736842,,,7.36,pena
penal,679.1297142857143,2.777777777777778,4.609,4.75,,penal
pendiente,591.9046511581396,0.0,,,,pendiente
péndulo,686.2437931034483,9.375,,,,pendulo
pene,703.0801388888889,0.0,,,,pene
penetrante,671.468749990625,3.03030303030303,3.828,5.0,,penetrante
penetrar,657.1236842131578,0.0,,,9.444,penetrar
península,625.2394736921052,0.0,,,,peninsula
penitencia,784.1068965551724,3.3333333333333335,,,9.9,penitencia
penoso,647.4388888916667,5.263157894736842,3.621,6.138,,penoso
pensador,578.4114285428572,0.0,,,,pensador
pensamiento,632.006250009375,3.03030303030303,,,,pensamiento
pensar,568.8260294,0.0,,,,pensar
pensión,560.0428571485714,0.0,,,,pension
penumbra,774.6732812500001,8.571428571428571,,,,penumbra
penuria,733.8576923076923,27.77777777777778,3.905,4.1,,penuria
peonza,727.8520689689656,21.62162162162162,,,,peonza
peor,601.4963235323529,8.108108108108109,3.522,6.485,,peor
pequeñez,689.0631579236842,0.0,,,,pequenez
pequeño,598.0729729945946,2.631578947368421,,,,pequeno
pera,577.4774193774193,6.0606060606060606,,,,pera
peral,713.8629629185185,28.947368421052634,6.0,3.519,,peral
percance,794.3064516258064,18.42105263157895,,,10.1,percance
percepción,629.0176315947368,0.0,,,,percepcion
perchero,735.6375000184211,2.564102564102564,6.15,5.52,,perchero
percibir,635.5767442,0.0,,,8.545,percibir
perdedor,656.0062500125,3.03030303030303,4.552,5.828,,perdedor
perder,605.0735294029412,0.0,,,,perder
pérdida,617.136363630303,2.941176470588235,,,,perdida
perdido,638.587499990625,3.03030303030303,,,,perdido
perdiz,633.3655172482759,6.451612903225806,,,,perdiz
perdón,555.2944444416667,0.0,,,,perdon
perdonar,617.3590909090909,0.0,,,,perdonar
peregrinación,745.644444474074,10.0,,,,peregrinacion
peregrino,767.0500000075,6.976744186046512,,,9.12,peregrino
perejil,627.1205882323529,0.0,6.565,6.24,,perejil
pereza,577.9384615435897,2.5,,,,pereza
perezoso,623.1457143142857,0.0,,,,perezoso
perfección,633.121428575,9.67741935483871,,,,perfeccion
perfecto,577.2270270189189,0.0,2.5,6.788,,perfecto
perfil,600.62499999375,3.03030303030303,,,,perfil
perfumado,652.0885714228572,0.0,,,,perfumado
perfume,564.9771428342857,0.0,,,,perfume
pericia,747.2413793068965,30.95238095238095,,,9.95,pericia
periferia,753.1607142928572,12.5,,,10.15,periferia
perímetro,630.8257142971429,0.0,,,,perimetro
periódico,592.8444594648648,0.0,,,,periodico
periodismo,673.5130555555555,2.7027027027027026,,,7.526,periodismo
periodista,590.0411764852942,0.0,,,,periodista
peripecia,771.99,35.483870967741936,,,9.833,peripecia
periquito,817.3654,28.57142857142857,,,,periquito
perito,797.1262069034483,25.64102564102564,,,10.048,perito
perjudicar,682.6638889166667,0.0,,,,perjudicar
perjudicial,661.606250003125,5.882352941176471,4.1,6.095,,perjudicial
perjuicio,636.1027027135135,2.631578947368421,,,9.619,perjuicio
perla,604.3423529323529,0.0,5.65,5.762,,perla
permanecer,681.4815789473685,0.0,,,,permanecer
permanente,584.5967741903225,3.125,4.36,5.385,6.885,permanente
permeabilidad,788.067857125,12.5,,,9.381,permeabilidad
permiso,621.2882051102564,0.0,,,,permiso
permitir,671.0028571485715,0.0,,,,permitir
pero,702.8578947368421,0.0,2.842,6.929,,pero
peroné,763.6257142942857,5.405405405405405,,,,perone
perpetua,641.14375,5.882352941176471,4.63,3.909,9.423,perpetua
perplejidad,728.0677419225807,6.0606060606060606,,,,perplejidad
perro,566.4314285714286,0.0,,,,perro
persa,775.8828,26.47058823529412,,,,persa
persecución,675.250000017647,2.857142857142857,,,,persecucion
perseguir,688.4628571457143,5.405405405405405,,,,perseguir
perseverancia,793.2249999833333,2.7027027027027026,,,,perseverancia
perseverar,739.5129032225807,6.0606060606060606,,,,perseverar
persistencia,667.6628571428571,5.405405405405405,,,,persistencia
persistente,749.832656246875,11.11111111111111,3.85,5.407,,persistente
persona,546.1222222083334,2.7027027027027026,,,,persona
personaje,596.1435897435897,0.0,3.85,6.619,,personaje
personal,573.5685714257143,0.0,,,,personal
personalidad,601.871794874359,0.0,,,,personalidad
perspectiva,654.3088235529411,0.0,,,,perspectiva
persuasión,717.2699999966667,0.0,,,,persuasion
pertenecer,680.0449999975,0.0,,,6.7,pertenecer
pertenencia,668.625000028125,3.03030303030303,,,,pertenencia
perversidad,749.6942857114285,0.0,,,9.952,perversidad
perverso,677.3060526131579,5.0,3.655,4.517,,perverso
pervertido,653.2315789552631,0.0,,,,pervertido
pesadez,662.3274285742857,2.777777777777778,,,,pesadez
pesadilla,626.4302325627907,0.0,,,,pesadilla
pesado,640.8289473789474,0.0,,,,pesado
pesadumbre,797.44666667,23.07692307692308,,,,pesadumbre
pésame,803.1698387129032,13.88888888888889,,,,pesame
pesar,606.6809523833333,2.325581395348837,,,,pesar
pesca,664.5612499861111,2.7027027027027026,,,,pesca
pescado,586.1611111611111,2.7027027027027026,,,,pescado
pescar,589.2447368473685,0.0,,,,pescar
pescuezo,742.365517237931,14.70588235294118,,,7.88,pescuezo
peseta,663.3842105236843,2.564102564102564,,,,peseta
pesimismo,758.6705882352941,2.857142857142857,,,,pesimismo
peso,592.3243242810811,0.0,,,,peso
peste,685.021406225,13.513513513513509,3.391,,,peste
petición,604.63124995625,3.03030303030303,,,,peticion
peto,749.7732692307692,27.77777777777778,5.95,5.464,,peto
petróleo,616.3710526394736,0.0,,,,petroleo
petrolero,706.8228571657143,2.777777777777778,5.654,4.333,9.094,petrolero
pezón,595.7852777833333,0.0,,,,pezon
pianista,638.626315831579,0.0,6.652,4.952,5.885,pianista
piano,577.0236842105263,0.0,,,,piano
pica,669.0583333361111,10.0,3.75,6.036,,pica
picante,605.5133333333333,0.0,5.037,5.955,5.346,picante
picar,555.8352564025641,2.5,3.65,6.519,,picar
picardía,737.4157894789473,0.0,,,,picardia
pico,551.3517241413793,3.3333333333333335,,,,pico
pie,581.3029411735295,2.857142857142857,,,,pie
piedad,638.6270270351351,2.631578947368421,,,8.0,piedad
piedra,605.9621621540541,2.631578947368421,,,,piedra
piel,580.12235295,0.0,,,,piel
pierna,600.3473684289473,0.0,,,,pierna
pieza,640.0378378432432,2.631578947368421,,,,pieza
pijama,614.7997222222223,0.0,,,,pijama
pila,637.3548387258064,0.0,,,,pila
pilar,640.9896551689656,17.14285714285714,5.4,5.536,,pilar
píldora,623.2279069651163,0.0,,,,pildora
piloto,558.75937500625,3.03030303030303,,,,piloto
pimentón,675.7666666743589,0.0,,,,pimenton
pimienta,613.8076923,0.0,6.348,6.35,,pimienta
pimiento,624.05375,2.7027027027027026,6.4,6.212,,pimiento
pinar,766.1614285714286,38.235294117647065,,,7.333,pinar
pincel,657.3258064225806,11.428571428571429,,,,pincel
pinchazo,677.8944444583334,2.7027027027027026,,,,pinchazo
pincho,575.3764705764706,2.857142857142857,,,,pincho
pingüino,631.0191428571428,2.777777777777778,,,,pinguino
pino,589.3807692,2.5,,,,pino
pinta,611.0299999933334,6.25,,,,pinta
pintar,578.0767442116279,0.0,,,,pintar
pintor,602.3514285714285,0.0,,,,pintor
pintura,549.0336250125,0.0,,,,pintura
pinza,639.0324999975,0.0,,,,pinza
piña,564.9511628069768,0.0,,,,pina
piojo,612.7918918945946,5.128205128205128,6.444,5.5,,piojo
pipa,638.0093750125,5.882352941176471,,,,pipa
pirámide,612.4042857142857,2.777777777777778,,,,piramide
pirata,580.3941176529412,0.0,,,,pirata
piropear,715.6067567594595,5.128205128205128,,,,piropear
piropo,637.756249990625,5.882352941176471,,,,piropo
pirotecnia,879.0428571464286,24.32432432432433,5.96,4.143,,pirotecnia
pisar,593.3405405432433,5.128205128205128,,,,pisar
piscina,577.3499999921053,2.564102564102564,,,,piscina
piso,569.7218571428572,0.0,,,,piso
pista,616.984374996875,3.03030303030303,,,,pista
pistola,617.6282051307692,2.5,,,,pistola
pito,678.1545454909091,2.941176470588235,,,,pito
pitón,702.93485714,12.5,,,,piton
pizarra,595.266666669697,2.941176470588235,,,,pizarra
pizca,699.7846153423077,21.21212121212121,3.565,4.571,6.731,pizca
pizza,539.2685714171429,0.0,6.308,6.964,,pizza
placa,572.586625,0.0,,,,placa
placer,567.8994444444445,0.0,,,,placer
plaga,606.5935484032258,6.0606060606060606,,,7.25,plaga
plan,557.7666666435897,0.0,,,,plan
plana,586.8172413896552,6.451612903225806,3.85,5.727,,plana
plancha,608.7645161354839,0.0,,,,plancha
planear,572.5363636333333,0.0,,,,planear
planeta,604.7567567783784,0.0,,,,planeta
planetario,647.9677419419355,6.0606060606060606,,,7.789,planetario
planificación,602.2088235411765,0.0,,,,planificacion
plano,628.2868055527778,0.0,,,,plano
planta,581.57777775,0.0,,,,planta
plantar,574.34457142,2.777777777777778,5.087,5.19,5.038,plantar
planteamiento,703.5904411764706,2.857142857142857,,,7.64,planteamiento
plantear,639.1361111361111,0.0,,,8.0,plantear
plasma,595.1277777861111,7.6923076923076925,5.926,4.182,10.231,plasma
plástico,599.1848484909091,0.0,,,,plastico
plata,598.1945945594595,2.631578947368421,,,,plata
plataforma,630.0741935516129,3.125,,,7.905,plataforma
plátano,613.9275806612903,6.0606060606060606,,,,platano
plateado,733.1648649054055,0.0,5.4,6.0,,plateado
platillo,685.0342857142857,0.0,,,5.85,platillo
platino,663.7942856828572,0.0,,,,platino
playa,510.5171428514286,0.0,,,,playa
plaza,553.4611111083333,0.0,,,,plaza
plazo,609.3171428428572,0.0,,,,plazo
plegaria,703.5086764676471,8.108108108108109,5.056,3.577,,plegaria
pleito,796.424000004,34.210526315789465,,,,pleito
plena,622.6747058823529,5.555555555555555,3.654,5.667,,plena
plenitud,682.615151490909,2.941176470588235,,,,plenitud
pleno,601.5861428571428,5.405405405405405,,,,pleno
pliego,690.9000000052631,34.48275862068966,,,,pliego
pliegue,725.8257142685715,7.894736842105263,,,8.4,pliegue
plomo,616.0097499875,0.0,,,,plomo
pluma,593.143717948718,2.5,,,,pluma
plural,597.3552631552632,2.564102564102564,,,,plural
pluralidad,702.9206896241379,9.375,,,8.667,pluralidad
plus,687.8432432540541,7.5,3.5,5.556,,plus
población,625.5382352882353,0.0,,,,poblacion
poblado,623.6249999945946,0.0,,,6.55,poblado
pobre,593.7852941058824,0.0,,,,pobre
pobreza,585.8151515090909,0.0,,,,pobreza
poción,659.4000000030303,10.81081081081081,,,,pocion
poco,565.2333333272727,0.0,3.304,6.545,,poco
poder,582.8882352794118,8.108108108108109,,,,poder
poderosa,627.9043055972222,10.0,,,7.45,poderosa
poderoso,651.2628571457143,7.894736842105263,,,,poderoso
podio,773.1045454545455,29.03225806451613,4.619,4.231,,podio
podredumbre,897.2999999857143,53.333333333333336,,,9.444,podredumbre
podrido,675.8848484666667,5.714285714285714,4.724,6.034,,podrido
poema,577.53414286,2.777777777777778,,,,poema
poesía,574.6500000088236,0.0,,,,poesia
poeta,620.3861111083334,5.263157894736842,,,,poeta
polaco,670.4824359153846,2.5,,,8.6,polaco
polar,598.5205882382353,2.857142857142857,4.889,5.077,,polar
polémica,557.4818181969697,5.714285714285714,,,,polemica
polen,656.896093746875,13.513513513513509,,,,polen
policía,563.3404762,0.0,,,,policia
policial,590.2085714228572,0.0,5.32,4.962,6.0,policial
poliéster,707.6772222027778,2.7027027027027026,,,,poliester
polilla,677.7966666933333,14.28571428571428,,,,polilla
política,587.1263157736842,0.0,,,,politica
político,572.500000018421,0.0,,,,politico
póliza,645.42812495625,5.882352941176471,,,,poliza
polla,720.0241379275863,3.3333333333333335,,,7.429,polla
pollo,565.945500005,0.0,,,,pollo
polo,647.7379310241379,3.3333333333333335,,,,polo
polvo,611.0297297378379,0.0,,,,polvo
pólvora,626.4597297297297,0.0,,,,polvora
pomelo,701.7820512820513,2.5,6.815,4.357,,pomelo
ponche,774.8121212060606,15.38461538461539,6.087,3.286,8.808,ponche
poncho,719.9580645225807,8.823529411764707,5.556,4.231,,poncho
poner,621.6789473868421,0.0,,,,poner
poniente,672.5147058852941,8.108108108108109,,,9.0,poniente
popa,779.8000000111111,22.857142857142858,,,8.636,popa
popular,625.2924999975,0.0,3.7,6.385,,popular
popularidad,659.6515151606061,0.0,,,,popularidad
porcelana,703.9205882676471,2.857142857142857,,,,porcelana
porcentaje,623.0605263552632,0.0,,,8.2,porcentaje
porche,693.3194444527778,2.7027027027027026,,,,porche
porción,645.4571428628572,0.0,,,,porcion
porno,708.1309722194444,2.7027027027027026,,,9.52,porno
porqué,592.0750000083333,2.7027027027027026,,,,porque
porquería,609.12387498,0.0,,,,porqueria
porro,554.346875003125,0.0,,,10.0,porro
portada,606.7790697720931,0.0,,,,portada
portador,611.8665714285714,2.777777777777778,,,9.0,portador
portal,557.4685714285714,0.0,,,,portal
portátil,580.6886486405406,0.0,,,,portatil
portavoz,585.0176470411765,2.857142857142857,,,,portavoz
portazo,643.3051282025641,2.5,,,6.0,portazo
porte,712.8238095142857,38.235294117647065,,,9.318,porte
portería,664.23968750625,5.882352941176471,,,,porteria
portero,634.9837838297298,0.0,,,,portero
portón,669.76333333,9.090909090909092,,,,porton
portugués,627.403124978125,3.03030303030303,,,,portugues
porvenir,711.8851851851852,15.625,,,9.381,porvenir
posada,668.71944445,5.263157894736842,,,9.136,posada
poseer,673.0424999875,0.0,,,,poseer
posesión,659.267499996875,0.0,,,,posesion
posguerra,740.5300000133334,0.0,,,8.556,posguerra
posibilidad,652.3355714285715,2.777777777777778,,,,posibilidad
posible,572.2029411735294,0.0,,,,posible
posición,639.1951428571429,0.0,,,,posicion
positivo,591.5459459648648,0.0,,,,positivo
postal,610.6230769179488,2.5,,,,postal
poste,752.8333333416666,33.33333333333333,5.783,4.0,7.192,poste
póster,579.8692307692307,0.0,,,,poster
posterior,577.8500000029412,2.857142857142857,3.944,6.0,,posterior
postre,579.0263157815789,0.0,,,,postre
postulado,650.3176470941177,12.82051282051282,,,10.222,postulado
postura,639.270270272973,0.0,,,,postura
potasio,677.7831428571428,2.777777777777778,,,,potasio
potencia,640.7488371976744,0.0,,,,potencia
potencial,647.9694444638889,2.7027027027027026,,,8.611,potencial
potencialidad,700.43999999,6.25,,,9.75,potencialidad
potente,590.9655555583333,0.0,3.957,5.0,7.385,potente
potro,741.1827586275862,9.375,5.8,5.143,,potro
pozo,600.8367142914286,5.405405405405405,,,,pozo
práctica,581.2999999885715,0.0,,,,practica
practicar,649.6513513567568,5.128205128205128,,,4.556,practicar
pradera,760.836875,13.513513513513509,,,,pradera
prado,632.9648750075,0.0,,,,prado
preámbulo,731.393548383871,8.823529411764707,,,,preambulo
precariedad,873.2928333366667,9.090909090909092,,,10.24,precariedad
precaución,620.32941175,0.0,,,,precaucion
precedente,763.0648648513513,2.631578947368421,,,,precedente
precepto,794.7399999966667,16.66666666666667,,,10.833,precepto
precintar,730.1903225483871,18.42105263157895,,,,precintar
precio,614.4483870967742,3.125,,,,precio
preciosa,565.5588235441177,0.0,4.24,6.538,4.385,preciosa
precioso,588.92666667,0.0,3.071,6.538,,precioso
precipicio,687.6806451225806,8.823529411764707,,,,precipicio
precipitación,703.83828572,0.0,,,,precipitacion
precisar,640.9939394121212,2.941176470588235,,,9.667,precisar
precisión,633.5290322580645,0.0,,,,precision
preciso,612.97657142,2.777777777777778,4.85,6.19,,preciso
precursor,682.39285715,9.67741935483871,,,9.944,precursor
predecir,646.0529411970588,2.857142857142857,,,7.75,predecir
predicado,682.997058817647,0.0,4.481,5.273,,predicado
predicador,744.7225806516129,6.0606060606060606,4.87,3.667,9.577,predicador
predicción,617.9016666638889,0.0,,,,prediccion
predilección,1006.3528125,52.94117647058824,,,,predileccion
predominante,702.89714286,0.0,4.037,5.107,,predominante
predominio,781.367567572973,5.128205128205128,,,,predominio
preferencia,717.9575,0.0,,,,preferencia
preferir,593.3928571309524,0.0,,,,preferir
prefijo,632.1333332969697,2.941176470588235,4.522,5.524,,prefijo
pregón,634.6170967709677,16.21621621621622,,,,pregon
pregunta,541.4181818,0.0,,,,pregunta
preguntar,580.6108107945946,0.0,,,,preguntar
prehistoria,697.685,0.0,4.654,5.424,7.219,prehistoria
prejuicio,607.1069767395348,0.0,,,,prejuicio
premiar,632.2428571485714,0.0,,,,premiar
premio,587.4193548387096,0.0,,,,premio
premisa,712.5451612935484,11.428571428571429,,,9.8,premisa
prenda,655.5512820512821,0.0,,,,prenda
prensa,596.9696969727273,0.0,,,,prensa
preocupación,608.5977143057142,0.0,,,,preocupacion
preocupar,628.3627907046512,0.0,,,,preocupar
preparación,608.1096774258065,0.0,,,,preparacion
preparado,597.9685714428572,0.0,,,,preparado
preparar,572.3512820461539,0.0,,,,preparar
preponderancia,835.232000045,41.17647058823529,,,10.895,preponderancia
preposición,691.2033783756757,0.0,,,,preposicion
presa,598.9675675756757,0.0,,,,presa
presagio,769.0909090848485,13.157894736842099,,,9.714,presagio
prescindir,748.4733333199999,3.225806451612903,,,9.44,prescindir
presencia,568.1545454484849,0.0,,,,presencia
presenciar,613.5544285628571,2.777777777777778,,,7.45,presenciar
presentación,611.9588235058824,0.0,,,,presentacion
presentar,585.8971428685714,2.777777777777778,,,,presentar
presente,566.9212121242424,0.0,,,,presente
presentimiento,765.751219504878,2.3809523809523814,,,8.0,presentimiento
preservar,655.2428571142857,0.0,,,9.4,preservar
presidencia,710.3193548419355,0.0,,,,presidencia
presidenta,618.0387096838709,0.0,6.36,5.115,6.538,presidenta
presidente,575.1387096741936,6.0606060606060606,,,,presidente
presión,583.605405381081,2.631578947368421,,,,presion
presionar,618.2192857228572,5.405405405405405,4.522,5.81,7.154,presionar
preso,602.89374999375,5.882352941176471,,,,preso
préstamo,590.517361125,2.7027027027027026,,,,prestamo
prestar,627.3580645064516,0.0,,,4.52,prestar
prestigio,676.6447368368421,0.0,,,,prestigio
presumido,600.4393939393939,0.0,,,,presumido
presumir,657.7168571371428,2.777777777777778,,,5.04,presumir
presunción,771.3071428642858,12.5,,,,presuncion
presupuesto,697.8605263236842,2.564102564102564,,,,presupuesto
pretencioso,840.1586206862069,3.3333333333333335,,,,pretencioso
pretender,687.9054054108108,2.631578947368421,,,,pretender
pretendiente,782.7735294088235,8.108108108108109,,,,pretendiente
pretensión,727.8972972972973,5.128205128205128,,,,pretension
pretérito,745.8266666766667,18.91891891891892,,,,preterito
pretexto,687.6310344931035,3.3333333333333335,,,,pretexto
prevención,657.7769230820513,2.5,,,,prevencion
prevenir,618.7487804853658,0.0,,,6.714,prevenir
prever,764.139999996,28.57142857142857,,,10.0,prever
previa,616.9466666633333,6.25,3.69,6.048,,previa
prima,601.062162154054,5.128205128205128,,,,prima
primaria,645.846805575,2.7027027027027026,4.8,6.714,,primaria
primavera,593.8971428771429,0.0,,,,primavera
primer,634.44374998125,13.513513513513509,4.65,6.381,,primer
primera,628.3710526394736,0.0,4.174,6.577,,primera
primo,563.971874996875,3.03030303030303,,,,primo
princesa,579.3183333166667,0.0,,,,princesa
príncipe,579.360465127907,0.0,,,,principe
principio,635.8878787909091,0.0,,,,principio
prisa,629.2923076897436,0.0,,,,prisa
prisión,587.199999975,0.0,,,,prision
prisionera,698.2872222222222,0.0,,,7.85,prisionera
prisionero,616.8027777277778,0.0,,,,prisionero
privacidad,591.2130302969697,0.0,4.667,6.393,,privacidad
privilegio,605.9020270297298,0.0,,,,privilegio
proa,762.8391304391305,32.35294117647059,,,8.4,proa
probabilidad,616.3772222222223,0.0,,,,probabilidad
probable,599.6864865162162,2.631578947368421,2.684,6.571,,probable
probar,572.2717948615384,0.0,,,,probar
probeta,826.028,28.57142857142857,6.0,4.636,,probeta
problema,548.7953488372093,0.0,,,,problema
problemática,632.8677419290323,0.0,,,,problematica
proceder,586.33714288,0.0,,,9.0,proceder
procedimiento,665.1473684157895,0.0,,,,procedimiento
procesado,707.2606060575757,2.941176470588235,,,8.84,procesado
procesión,677.6388888861111,5.263157894736842,,,,procesion
proceso,601.5514285685714,0.0,,,,proceso
proclamar,674.7179487230769,2.5,,,9.28,proclamar
procurar,669.46857144,2.777777777777778,,,7.143,procurar
prodigiosa,713.5463414780488,4.651162790697674,3.179,4.071,,prodigiosa
producción,641.85714286,0.0,,,,produccion
producir,639.8333333435897,2.5,,,,producir
producto,587.7986486648649,0.0,,,,producto
productor,623.8486486297297,2.631578947368421,,,,productor
profano,707.3482758551725,21.62162162162162,,,10.0,profano
profecía,703.1058823558824,10.52631578947368,,,,profecia
profesión,587.9676470588236,0.0,,,,profesion
profesional,617.4270270135136,2.631578947368421,,,,profesional
profesor,565.3657142771428,0.0,,,,profesor
profesora,578.3848484848485,0.0,,,,profesora
profunda,651.2606060636364,2.941176470588235,3.696,5.84,,profunda
profundidad,605.8322580612903,3.125,,,,profundidad
profundizar,635.1270270135135,0.0,,,9.45,profundizar
profundo,623.2657142857142,0.0,3.722,6.12,,profundo
programa,599.7193548677419,0.0,,,,programa
programación,635.6769230666666,0.0,,,,programacion
programar,690.7179487205128,0.0,,,,programar
progresista,744.8111111305556,16.279069767441857,,,10.8,progresista
progreso,542.1714285485714,0.0,,,,progreso
prohibición,656.1501388916666,0.0,,,,prohibicion
prohibir,564.3333333416667,0.0,,,4.222,prohibir
prójimo,672.8482758586207,9.375,,,,projimo
prole,737.9277777722223,51.35135135135135,,,10.389,prole
proletariado,881.9085185185185,15.625,,,10.286,proletariado
proliferación,790.23765625,5.882352941176471,,,,proliferacion
prólogo,623.4882352941177,0.0,,,,prologo
prolongación,745.5447222222223,0.0,,,,prolongacion
prolongar,666.8298571314285,2.777777777777778,,,9.95,prolongar
promedio,653.9078947526316,0.0,4.556,5.273,9.038,promedio
promesa,601.7974285657143,5.405405405405405,,,,promesa
prometer,655.6527777805555,7.6923076923076925,,,5.81,prometer
prometida,606.065624996875,0.0,,,7.167,prometida
prometido,657.5105263157894,2.564102564102564,5.16,5.962,5.808,prometido
promoción,584.5164864810811,0.0,,,,promocion
promover,682.4234848575758,2.941176470588235,,,9.35,promover
pronombre,675.9352941147059,2.857142857142857,4.5,5.381,,pronombre
pronóstico,701.945,0.0,,,,pronostico
pronto,599.9736842,0.0,4.0,6.5,,pronto
pronunciar,610.075,5.882352941176471,,,6.5,pronunciar
propaganda,712.0200000285714,2.777777777777778,,,,propaganda
propensión,810.668749996875,13.513513513513509,,,,propension
propiciar,741.0642857285715,12.5,,,9.714,propiciar
propiedad,586.7552631605263,0.0,,,,propiedad
propietario,638.69428572,0.0,,,,propietario
propina,624.0322580612903,0.0,,,7.25,propina
propio,639.8580645096774,6.0606060606060606,3.3,6.519,,propio
proponer,678.9319444472222,2.7027027027027026,,,8.048,proponer
proporción,689.496874996875,3.03030303030303,,,,proporcion
proporcionar,694.8813953441861,0.0,,,8.32,proporcionar
proposición,670.5249999971429,0.0,,,,proposicion
propósito,589.294736836842,5.0,,,,proposito
propuesta,603.3314286114286,2.777777777777778,,,,propuesta
propulsión,660.5999999967742,3.125,,,,propulsion
prosa,662.24062499375,15.789473684210531,,,,prosa
proseguir,690.9151515242424,2.941176470588235,,,9.9,proseguir
prosperar,632.1641025692307,2.5,,,,prosperar
prosperidad,675.7278378297298,0.0,,,,prosperidad
prostitución,705.0720930069767,0.0,,,,prostitucion
prostituir,734.5419444555556,0.0,,,,prostituir
protagonismo,643.9428571404762,0.0,,,7.35,protagonismo
protagonista,633.0652857228572,0.0,,,,protagonista
protección,600.560124995,0.0,,,,proteccion
protector,582.1794117705882,0.0,,,5.722,protector
proteger,625.7187142857143,2.777777777777778,,,,proteger
protegido,663.5262857142857,0.0,,,,protegido
proteína,539.1714285828572,0.0,,,,proteina
protesta,641.4667142857143,0.0,,,,protesta
protestar,604.6187837864865,0.0,,,5.85,protestar
protocolo,628.8531250125,0.0,,,8.95,protocolo
prototipo,722.175000009375,5.882352941176471,,,,prototipo
provecho,641.4931944416667,2.7027027027027026,,,,provecho
proveedor,652.1444444416667,5.263157894736842,5.043,4.429,10.269,proveedor
providencia,761.9161290387096,0.0,,,,providencia
provincia,597.8122058852941,0.0,,,,provincia
provincial,668.6025714285714,2.777777777777778,4.739,4.923,,provincial
provisión,631.021176467647,0.0,,,,provision
provocador,616.3277777861111,5.263157894736842,,,8.429,provocador
provocar,585.2594594567568,0.0,,,7.1,provocar
proximidad,642.2880555555555,0.0,,,,proximidad
próximo,540.09428576,0.0,,,,proximo
proyección,623.1058823588236,0.0,,,,proyeccion
proyectil,697.6514285685714,5.405405405405405,,,9.263,proyectil
proyecto,577.5540540486486,0.0,,,,proyecto
prudencia,708.1525757545454,5.714285714285714,,,,prudencia
prudente,702.7243243189189,2.631578947368421,4.704,5.773,8.5,prudente
prueba,619.689743597436,0.0,,,,prueba
psicología,640.6081081054054,2.631578947368421,,,,psicologia
psicológico,589.9999999973684,2.564102564102564,,,,psicologico
psicólogo,637.9588234882353,5.555555555555555,,,,psicologo
psicópata,621.6606060818182,0.0,,,,psicopata
psicosis,746.9666666777778,5.263157894736842,,,,psicosis
psiquiatra,670.0181818272728,2.941176470588235,,,,psiquiatra
psiquiátrico,624.1876388805556,0.0,,,,psiquiatrico
púa,823.6576923076923,27.77777777777778,,,,pua
pubertad,609.2675676108108,2.631578947368421,5.25,5.85,,pubertad
pubis,693.4088235588235,8.108108108108109,,,,pubis
pública,591.7236842052631,2.564102564102564,,,,publica
publicación,646.0647058882353,0.0,,,,publicacion
publicar,604.3502564,2.5,,,7.15,publicar
publicidad,562.6714286057143,0.0,,,,publicidad
público,580.8333333166667,0.0,,,,publico
puchero,664.5594594486487,2.631578947368421,,,,puchero
pudor,657.7625000125,5.882352941176471,,,,pudor
pueblo,634.0384722194444,0.0,,,,pueblo
puente,571.7529411882352,2.857142857142857,,,,puente
puerco,662.5657894894737,2.564102564102564,5.519,4.818,6.346,puerco
puerro,654.265624996875,5.882352941176471,6.261,5.0,,puerro
puerta,534.8785135135136,0.0,,,,puerta
puerto,580.2555555472222,5.263157894736842,,,,puerto
puesta,624.3756756810811,0.0,,,5.762,puesta
puesto,580.2589743615384,0.0,,,,puesto
pugna,772.485000005,44.44444444444444,,,,pugna
pulga,641.6110606030303,5.714285714285714,,,,pulga
pulgar,671.3376388861111,2.7027027027027026,6.481,5.727,4.769,pulgar
pulmón,545.5656250125,0.0,,,,pulmon
púlpito,756.656249996875,13.513513513513509,,,,pulpito
pulsera,577.4473684421052,0.0,,,,pulsera
pulso,579.2111111305555,2.7027027027027026,,,7.737,pulso
puma,617.35142856,2.777777777777778,5.75,4.84,,puma
punta,594.8685714171429,0.0,,,,punta
puntapié,784.6736842131579,5.0,,,,puntapie
puntería,625.4181818242424,0.0,,,,punteria
punto,592.0272727212122,0.0,,,,punto
puntuación,593.1447368210527,0.0,,,,puntuacion
puntual,630.023250015,0.0,4.75,6.462,,puntual
punzante,752.0032258064516,6.0606060606060606,4.368,4.333,,punzante
puñado,619.0290322516129,6.0606060606060606,,,,punado
puñal,578.2765384717949,2.5,,,,punal
puñalada,628.21484375625,3.03030303030303,,,,punalada
puñetazo,591.4441176382353,0.0,,,,punetazo
puño,581.161111125,0.0,,,,puno
pupila,636.2244117617647,0.0,,,,pupila
pupitre,663.1000000133333,11.76470588235294,,,,pupitre
pura,618.5250000138889,5.263157894736842,3.357,5.357,,pura
puré,641.7838709612903,6.0606060606060606,,,,pure
pureza,638.748717948718,2.5,,,,pureza
purificación,700.9470588264705,2.857142857142857,,,,purificacion
puro,581.0393939393939,0.0,,,,puro
púrpura,606.0512820538462,0.0,,,,purpura
purulento,765.1235294058823,48.48484848484849,,,,purulento
pus,702.240625,15.789473684210531,5.962,5.552,,pus
pústula,786.1047619190476,36.36363636363636,,,,pustula
puta,618.2937500125,5.882352941176471,,,,puta
putrefacto,810.65624999375,15.789473684210531,5.0,3.929,,putrefacto
quebrar,629.7970588235294,2.857142857142857,,,9.08,quebrar
quedar,569.2424242272727,0.0,,,,quedar
queja,682.540757569697,0.0,,,,queja
quejumbroso,876.3,51.35135135135135,,,,quejumbroso
quema,700.52457142,2.777777777777778,4.655,6.091,,quema
quemadura,607.0766666766667,3.225806451612903,,,,quemadura
quemar,578.0256410358975,0.0,,,,quemar
querer,629.0062857114285,5.405405405405405,,,,querer
querida,579.7514285685714,0.0,,,,querida
querido,626.0027777722222,0.0,,,,querido
queso,545.3848484757576,0.0,,,,queso
quicio,738.921875,17.94871794871795,,,8.318,quicio
quien,625.7143939272727,2.941176470588235,2.357,6.64,,quien
quieto,655.1861111166667,5.263157894736842,,,,quieto
quietud,630.6551724275862,6.451612903225806,,,,quietud
quimera,757.9571428928572,20.0,,,,quimera
químico,555.159374996875,3.03030303030303,,,,quimico
quimioterapia,721.6131428542857,2.777777777777778,,,,quimioterapia
quinta,620.287500021875,3.03030303030303,,,,quinta
quinto,689.8105262973684,0.0,4.85,6.154,,quinto
quirófano,638.625,7.6923076923076925,,,,quirofano
quitar,554.6384615282051,0.0,,,,quitar
quizá,608.2657894736842,2.564102564102564,,,,quiza
quizás,626.4088235323529,0.0,,,,quizas
rábano,663.9142857142857,0.0,,,,rabano
rabia,589.93125,3.03030303030303,,,,rabia
rabino,714.5942856914286,16.66666666666667,4.556,2.727,9.808,rabino
rabo,635.5963235352941,0.0,,,,rabo
racha,680.111029417647,8.108108108108109,4.261,5.19,8.346,racha
racial,616.581249996875,8.571428571428571,,,,racial
raciocinio,900.3285714285714,57.57575757575758,,,10.857,raciocinio
ración,635.8078947368421,2.564102564102564,,,,racion
racional,612.7515151454545,2.941176470588235,4.043,4.857,9.692,racional
racionalidad,622.2235294176471,2.857142857142857,,,10.333,racionalidad
racionalismo,722.30125,0.0,,,10.6,racionalismo
racionalista,655.2400000085714,5.405405405405405,,,10.053,racionalista
racismo,617.8894444472222,2.7027027027027026,4.15,6.619,,racismo
racista,626.24571428,0.0,,,8.6,racista
radar,658.8902857028571,5.405405405405405,6.52,5.308,8.846,radar
radiación,683.60285714,0.0,,,,radiacion
radiactividad,774.7043548322581,16.21621621621622,,,9.85,radiactividad
radiador,663.9675675783784,2.631578947368421,6.71,6.143,,radiador
radiante,661.5138889027778,0.0,3.885,5.643,,radiante
radical,582.5762857,2.777777777777778,,,,radical
radio,599.0372092744186,0.0,,,,radio
radiografía,657.4764705941177,0.0,,,,radiografia
ráfaga,618.7294117617647,0.0,,,,rafaga
raíz,549.3809523714285,0.0,,,,raiz
rallador,692.171093753125,5.882352941176471,6.3,5.538,,rallador
rama,628.7216215810811,2.631578947368421,,,,rama
ramo,579.3823529617647,2.857142857142857,,,,ramo
rana,597.7147058764706,2.857142857142857,,,,rana
rancho,644.8088235352941,10.52631578947368,,,7.619,rancho
rancio,649.6486486540541,2.631578947368421,3.815,5.036,,rancio
rango,679.737499996875,8.571428571428571,,,,rango
ranura,704.7164285742857,2.777777777777778,,,8.611,ranura
rapaz,679.8387931068966,17.14285714285714,,,,rapaz
rapidez,559.6849999789474,2.564102564102564,,,,rapidez
rápido,559.3266666466667,3.225806451612903,,,,rapido
rapto,678.8375000666666,33.33333333333333,,,,rapto
raqueta,638.14285714,0.0,5.826,5.321,,raqueta
rara,636.4718571371428,2.777777777777778,2.92,6.115,4.577,rara
rareza,667.0428571690476,2.325581395348837,,,,rareza
raro,608.4421052394737,0.0,2.963,6.5,,raro
rascacielos,717.1205882441177,12.82051282051282,,,,rascacielos
rasgo,605.7515151484848,2.941176470588235,,,,rasgo
raso,762.3020370444444,25.0,3.579,4.143,,raso
rastrear,666.2472222194444,5.263157894736842,,,8.35,rastrear
rastreo,671.1764705882352,2.857142857142857,4.478,4.048,9.038,rastreo
rastro,696.5741935516129,3.125,,,,rastro
rata,556.2239705882353,0.0,,,,rata
rato,567.1151515181818,5.714285714285714,,,,rato
ratón,569.8138888833333,0.0,,,,raton
raya,672.9894736868421,0.0,,,,raya
rayo,591.8595833361111,2.7027027027027026,,,,rayo
raza,607.9428571428572,0.0,,,,raza
razón,587.2926388694444,2.7027027027027026,,,,razon
razonable,608.70666669,0.0,3.96,5.808,7.538,razonable
razonar,572.8969696818182,0.0,,,,razonar
reacción,598.3441176558823,2.857142857142857,,,,reaccion
reaccionar,621.5212162189189,0.0,,,,reaccionar
reactivar,661.5270270108108,2.631578947368421,4.308,5.091,7.719,reactivar
reactor,714.9054054108108,7.5,,,10.45,reactor
real,529.5827586,6.451612903225806,,,,real
realeza,718.4058823705882,2.857142857142857,,,,realeza
realidad,572.967500005,0.0,,,,realidad
realismo,624.8506756864865,0.0,,,,realismo
realista,609.2096774225806,0.0,,,7.667,realista
realización,638.6558823941176,2.857142857142857,,,,realizacion
realizar,604.7424242303031,0.0,,,,realizar
reanimar,693.53666666,0.0,,,,reanimar
rebaño,622.1085714285714,7.894736842105263,,,,rebano
rebasar,720.0487804853658,4.651162790697674,,,9.4,rebasar
rebelde,550.9741935580645,3.125,4.185,6.143,,rebelde
rebeldía,634.0487179564102,2.5,,,,rebeldia
rebelión,611.4,0.0,,,,rebelion
rebote,604.3835714171429,2.777777777777778,4.75,5.692,,rebote
recabar,847.3805263157894,45.71428571428571,,,9.952,recabar
recado,728.8515151090909,8.333333333333332,,,,recado
recalcar,742.8823529529412,10.52631578947368,,,,recalcar
recelo,778.5500000166667,18.91891891891892,,,,recelo
recepción,638.0552777777777,0.0,,,,recepcion
receptor,664.614687503125,5.882352941176471,,,8.944,receptor
receta,597.377499995,0.0,,,,receta
rechazar,613.0936111222222,0.0,,,7.6,rechazar
rechazo,599.1800000085714,0.0,,,,rechazo
recibidor,675.7108108027027,2.631578947368421,,,,recibidor
recibir,582.9171428457142,0.0,,,,recibir
reciclar,698.234722225,2.7027027027027026,,,,reciclar
recién,628.6162162297297,2.631578947368421,,,,recien
reciente,632.689743597436,0.0,4.04,5.808,6.885,reciente
recinto,634.7558823558824,2.857142857142857,,,7.111,recinto
recipiente,651.2722222166667,7.6923076923076925,,,5.8,recipiente
reciprocidad,686.4194444361111,5.263157894736842,,,10.286,reciprocidad
recitar,703.0769230820513,4.878048780487805,,,6.75,recitar
reclamar,615.3685714114285,0.0,,,8.75,reclamar
reclamo,621.5399999942857,2.777777777777778,,,,reclamo
reclusión,715.9617647088236,10.52631578947368,,,,reclusion
recobrar,699.1727143,5.405405405405405,,,9.3,recobrar
recodo,812.36666666,50.0,,,10.35,recodo
recogedor,685.827272730303,2.941176470588235,,,,recogedor
recoger,615.4777027054054,0.0,,,,recoger
recogimiento,691.664285725,15.151515151515149,,,7.636,recogimiento
recolectar,673.2444737078947,2.564102564102564,,,,recolectar
recomendación,713.9631578921053,0.0,,,,recomendacion
recomendar,666.5500000085714,2.777777777777778,,,7.476,recomendar
recompensa,615.3766666694445,2.7027027027027026,,,,recompensa
recompensar,650.7591891864865,0.0,,,,recompensar
reconciliación,687.7243242729729,2.631578947368421,,,,reconciliacion
reconocer,573.8000000064516,3.125,,,,reconocer
reconocido,690.4000000117647,2.857142857142857,3.63,6.143,,reconocido
reconocimiento,706.0031944388888,2.7027027027027026,,,,reconocimiento
reconstrucción,662.9277777833333,0.0,,,,reconstruccion
reconstruir,715.3285714107143,3.448275862068965,,,5.167,reconstruir
reconversión,771.3087096838709,6.0606060606060606,,,,reconversion
récord,634.5258333388889,2.7027027027027026,,,,record
recordar,614.54,0.0,,,,recordar
recorrer,639.4705555555555,2.7027027027027026,,,7.16,recorrer
recorrido,662.5435897435898,0.0,,,,recorrido
recrear,623.9285714171428,5.405405405405405,,,9.35,recrear
recreo,668.2571428542857,0.0,,,,recreo
recriminar,814.4500000382353,10.52631578947368,,,,recriminar
recta,637.8307692282051,0.0,,,,recta
rectificar,806.8346875,11.11111111111111,4.944,5.909,,rectificar
recto,596.4871794948718,0.0,,,,recto
rector,645.2576388777778,0.0,,,,rector
recuento,687.6558823794118,2.857142857142857,,,8.85,recuento
recuerdo,580.4299999969697,2.941176470588235,,,,recuerdo
recuperación,660.6153846179487,2.5,,,,recuperacion
recuperar,587.2135135135135,2.631578947368421,,,6.12,recuperar
recurrir,614.2644594702703,0.0,,,9.35,recurrir
recurso,605.0972973135135,0.0,,,,recurso
red,604.7270270189189,7.5,,,,red
redacción,631.174999990625,3.03030303030303,,,,redaccion
redactar,647.8578947473684,2.564102564102564,,,6.75,redactar
redactor,606.1841666694445,0.0,,,8.905,redactor
redención,763.3333333472223,10.0,,,,redencion
redonda,594.8823529323529,2.857142857142857,5.607,6.32,,redonda
reducción,596.62499999375,5.882352941176471,,,,reduccion
reducir,630.8727272727273,0.0,,,7.7,reducir
reducto,758.7107407222222,25.0,,,10.278,reducto
reembolso,672.1857143114286,5.405405405405405,5.462,5.515,10.0,reembolso
reemplazar,699.3722222166666,7.6923076923076925,,,,reemplazar
reemplazo,732.9929999942857,5.405405405405405,4.391,4.952,8.5,reemplazo
referencia,638.3606060666667,2.941176470588235,,,,referencia
referir,685.375,7.6923076923076925,,,,referir
reflejar,629.553846148718,2.5,,,7.24,reflejar
reflejo,656.584375,3.03030303030303,,,,reflejo
reflexión,586.6789473684211,0.0,,,,reflexion
reflexionar,618.0387096741936,3.125,,,6.75,reflexionar
reforma,620.1743589666667,0.0,,,,reforma
reformar,654.2999999864865,0.0,,,,reformar
reforzar,626.9285714085714,0.0,,,,reforzar
refrán,673.1605262947369,0.0,,,,refran
refrescante,675.0911764676471,0.0,,,,refrescante
refresco,632.0971428657143,0.0,4.7,6.63,,refresco
refrigerio,730.1264705852941,10.52631578947368,,,,refrigerio
refugiado,678.4400000085715,5.405405405405405,,,,refugiado
refugio,588.8424999975,0.0,,,,refugio
regalar,705.8361111083333,5.263157894736842,,,,regalar
regalo,615.3763157868422,0.0,,,,regalo
regañar,629.3162162027027,2.631578947368421,,,,reganar
regazo,756.628125,8.571428571428571,,,7.476,regazo
régimen,614.9580645161291,0.0,,,,regimen
regimiento,720.2133783783784,2.631578947368421,,,,regimiento
región,560.5515151484849,0.0,,,,region
registrar,602.127777775,5.263157894736842,,,8.4,registrar
registro,648.1801388833334,0.0,,,,registro
regla,603.5176470617647,2.857142857142857,,,,regla
reglamento,657.6090909060606,0.0,,,,reglamento
regocijo,760.3423076961539,31.57894736842105,,,10.524,regocijo
regresar,654.0540000028572,0.0,,,5.81,regresar
regreso,601.3666666633334,3.225806451612903,,,,regreso
regulación,658.275000015625,0.0,,,,regulacion
regulador,654.8504411705883,0.0,,,9.2,regulador
regular,570.7969697484848,5.714285714285714,,6.121,6.906,regular
rehabilitación,662.8166666722223,0.0,,,,rehabilitacion
rehacer,671.78157895,2.564102564102564,,,7.05,rehacer
rehén,722.1548529470588,8.108108108108109,,,,rehen
reina,555.9806451612903,0.0,,,,reina
reinado,693.0051282076923,0.0,,,,reinado
reinante,783.4642857285714,61.111111111111114,3.385,2.727,9.562,reinante
reinar,611.289864872973,0.0,,,,reinar
reino,598.9318181787879,2.941176470588235,,,,reino
reír,604.2212121030303,2.941176470588235,,,,reir
reiteración,760.9689655137931,17.14285714285714,,,,reiteracion
reivindicación,746.361290316129,6.0606060606060606,,,,reivindicacion
reja,607.4172413827587,9.375,,,,reja
rejilla,656.558333325,2.7027027027027026,,,7.143,rejilla
relación,549.5878787939394,2.941176470588235,,,,relacion
relajación,656.7852941058824,0.0,,,,relajacion
relajado,631.0684210578947,0.0,3.828,6.517,,relajado
relámpago,680.9485714257142,0.0,,,,relampago
relatividad,676.2542857142857,0.0,,,10.143,relatividad
relativismo,717.5645161193548,0.0,,,10.636,relativismo
relato,662.1933333305556,2.7027027027027026,,,,relato
relax,589.1030302939394,15.38461538461539,,,,relax
relevante,680.6297297,2.631578947368421,4.0,6.429,,relevante
relieve,693.4599999742857,5.405405405405405,,,,relieve
religión,539.04571432,0.0,,,,religion
religiosa,600.6890540405406,0.0,,,,religiosa
religioso,593.5791891891892,0.0,,,,religioso
reliquia,723.8058823441177,10.52631578947368,,,8.409,reliquia
rellenar,580.5488372186046,0.0,,,5.95,rellenar
relleno,621.1473683921052,0.0,,,6.95,relleno
reloj,554.1256410307692,2.5,,,,reloj
relucir,821.0658928642857,12.5,,,8.15,relucir
rematar,629.1909090939394,2.941176470588235,,,6.556,rematar
remediar,682.1333333527778,2.7027027027027026,,,,remediar
remedio,649.6027027162162,0.0,,,,remedio
remolino,663.3147058882353,8.108108108108109,,,6.05,remolino
remolque,652.7114285685715,0.0,6.304,4.286,7.231,remolque
remordimiento,743.8148684526316,0.0,,,9.389,remordimiento
remoto,648.1783783648649,0.0,3.37,5.045,9.0,remoto
remover,674.6921052473684,0.0,,,,remover
renacentista,856.1001724137931,17.14285714285714,,4.37,10.0,renacentista
renacer,704.9499999733333,11.76470588235294,,,,renacer
renacimiento,704.932,2.777777777777778,,,,renacimiento
rencor,619.8972222194444,7.6923076923076925,,,,rencor
rendición,657.4837837864865,2.631578947368421,,,,rendicion
rendija,694.2599999966667,16.66666666666667,,,,rendija
rendimiento,650.2999999974359,0.0,,,,rendimiento
rendir,601.4236842078948,0.0,,,7.3,rendir
renegar,749.2685714257143,0.0,,,8.92,renegar
renombre,663.587096767742,0.0,,,9.48,renombre
renovable,691.0918918810811,2.631578947368421,4.308,5.515,7.969,renovable
renovación,608.8090909242425,2.941176470588235,,,,renovacion
renovar,606.3602777805555,2.7027027027027026,,,,renovar
renta,616.2214285666666,0.0,,,,renta
rentabilidad,659.699374995,0.0,,,10.19,rentabilidad
renuncia,610.64375,0.0,,,8.5,renuncia
renunciar,635.1464705852941,0.0,,,7.667,renunciar
reojo,737.0352941205882,15.0,,,7.333,reojo
reparación,674.4243902585366,2.3809523809523814,,,,reparacion
reparar,601.7473684157894,0.0,,,6.474,reparar
repartir,626.048648645946,0.0,,,,repartir
reparto,582.6091666666666,0.0,,,,reparto
repaso,621.902941217647,0.0,,,5.722,repaso
repercusión,638.6447368421053,0.0,,,,repercusion
repertorio,704.0250000027778,5.263157894736842,,,,repertorio
repetición,661.4116176470588,0.0,,,,repeticion
repetir,646.4157894289474,0.0,,,5.4,repetir
repisa,705.064374996875,13.513513513513509,,,,repisa
réplica,636.4666666583333,7.6923076923076925,,,,replica
reportaje,642.0093023232558,0.0,,,8.85,reportaje
reportar,581.4844285857142,10.25641025641026,4.435,4.381,9.808,reportar
reporte,655.065967748387,0.0,4.52,3.385,8.923,reporte
reportero,601.6538235382353,0.0,6.259,4.636,8.385,reportero
reposar,617.5029411205883,2.857142857142857,,,5.778,reposar
reposo,576.1794594594595,0.0,,,,reposo
reprender,784.7705882470589,5.555555555555555,,,,reprender
representación,651.2266216189189,0.0,,,,representacion
representante,717.4902438853659,0.0,,,,representante
representar,632.8235294058824,2.857142857142857,,,7.28,representar
represión,689.3722857228571,5.405405405405405,,,,represion
reproche,626.6263157868422,2.564102564102564,,,,reproche
reproducción,661.1131578578947,0.0,,,,reproduccion
reproducir,626.8026315763158,0.0,,,6.95,reproducir
reptil,710.8837142857143,2.777777777777778,,,,reptil
república,558.4614102461538,2.5,,,,republica
republicano,678.2263157763158,0.0,,,,republicano
repudio,787.4425000083334,25.0,,,10.25,repudio
repugnancia,687.39528572,2.777777777777778,,,,repugnancia
repugnante,671.7264705764705,0.0,3.571,5.31,,repugnante
repugnar,675.1139999971429,2.777777777777778,,,,repugnar
repulsión,719.5400000033334,0.0,,,,repulsion
repulsivo,652.8419354903226,3.125,,,,repulsivo
reputación,660.6184210473684,2.564102564102564,,,,reputacion
requisito,619.8198611055556,2.7027027027027026,4.7,5.926,,requisito
resaltar,691.6941176323529,2.857142857142857,,,8.05,resaltar
resbalar,608.1272727151515,5.714285714285714,,,4.524,resbalar
rescatar,673.3806451645162,0.0,,,,rescatar
rescate,629.128124996875,5.882352941176471,,,,rescate
resentimiento,715.578947368421,0.0,,,,resentimiento
resentirse,792.0310344724138,14.70588235294118,4.031,4.786,,resentirse
reserva,576.8590909151516,0.0,,,,reserva
reservado,646.4047619166666,0.0,,,,reservado
resfriado,612.8105263131579,2.564102564102564,5.65,6.571,,resfriado
residencia,600.8029411676471,0.0,,,,residencia
residente,585.3897435871795,0.0,4.957,4.524,9.038,residente
residir,673.57999999,6.25,4.071,4.576,,residir
residuo,680.153125003125,3.03030303030303,,,6.762,residuo
resignación,685.6342105289474,0.0,,,,resignacion
resistencia,611.5911764823529,0.0,,,,resistencia
resistente,616.4256410230769,2.5,4.217,5.619,7.308,resistente
resistir,645.5594594675675,2.631578947368421,,,7.273,resistir
resolución,608.7506944472223,2.7027027027027026,,,,resolucion
resolver,599.0083823617647,5.555555555555555,,,,resolver
resonancia,691.9394736947369,0.0,,,9.857,resonancia
resorte,702.2290322516129,16.21621621621622,,,,resorte
respaldo,636.0333333333333,0.0,,,,respaldo
respetable,578.4129032193548,6.0606060606060606,,,5.8,respetable
respetar,607.9210526236842,2.564102564102564,,,,respetar
respeto,594.7705882352941,2.857142857142857,,,,respeto
respetuoso,620.1756756783784,0.0,3.963,6.607,,respetuoso
respiración,615.37714286,0.0,,,,respiracion
respirar,561.8230768974358,0.0,,,,respirar
respiro,621.8515151484849,0.0,,,4.64,respiro
resplandor,638.0621621648648,0.0,,,,resplandor
responder,633.2000000314285,0.0,,,,responder
responsabilidad,587.6666666666666,5.263157894736842,,,,responsabilidad
responsable,608.3823529470588,0.0,4.1,6.364,,responsable
respuesta,563.0223611,2.7027027027027026,,,,respuesta
resta,585.3972972972973,2.631578947368421,,,,resta
restablecer,683.3382353,0.0,,,8.5,restablecer
restar,651.8225806387097,3.125,5.517,6.182,,restar
restauración,613.9181818121212,2.941176470588235,,,,restauracion
restaurante,558.822222225,0.0,,,,restaurante
restaurar,619.5435897410256,2.5,,5.429,8.719,restaurar
resto,600.8315789447369,2.564102564102564,,,,resto
restricción,665.728205125641,2.5,,,,restriccion
resucitar,678.6470588117647,5.555555555555555,,,7.333,resucitar
resultado,576.3142857085714,7.894736842105263,,,,resultado
resultante,642.7090540567567,0.0,,,9.55,resultante
resultar,643.3289473710527,5.0,,,7.5,resultar
resumen,583.812499990625,3.03030303030303,,,,resumen
resumir,614.7769230743589,0.0,,,,resumir
resurrección,671.4791666388888,7.6923076923076925,,,,resurreccion
retablo,763.076,21.875,,,10.389,retablo
retaguardia,835.6894444444445,12.90322580645161,,,10.238,retaguardia
retener,727.0379411676471,8.108108108108109,,,,retener
retina,676.700156253125,5.882352941176471,,,9.1,retina
retirada,635.7315789421052,0.0,,,,retirada
retirar,657.8025714285715,2.777777777777778,,,5.65,retirar
retiro,586.7027777805556,0.0,4.381,5.524,,retiro
reto,607.9735294029412,0.0,,,,reto
retórica,718.5555555527778,5.263157894736842,,,,retorica
retorno,681.7673611083334,0.0,,,8.636,retorno
retrasado,654.7365853585366,2.3809523809523814,3.9,6.238,,retrasado
retraso,608.280952395238,2.325581395348837,,,,retraso
retrato,652.5771428571428,2.777777777777778,,,,retrato
retrete,747.6617647029411,2.857142857142857,,,,retrete
retroceder,691.4374999975,0.0,4.889,5.727,7.231,retroceder
reunión,563.2735293911765,2.857142857142857,,,,reunion
reunir,592.7048780560975,2.3809523809523814,4.24,5.808,5.5,reunir
revancha,650.28437500625,8.571428571428571,4.5,5.3,7.094,revancha
revelar,636.1351351378379,5.128205128205128,,,7.55,revelar
reventar,651.4378378594595,0.0,,,,reventar
reverencia,732.1379310689655,0.0,,,,reverencia
reverendo,779.8999999863636,29.03225806451613,,,,reverendo
reverente,824.6376785714285,17.64705882352941,,,,reverente
reverso,672.3823529352941,0.0,,,9.0,reverso
revertir,645.394117632353,0.0,3.786,3.821,,revertir
revés,740.145294117647,2.857142857142857,,,,reves
revisar,602.7357894736842,2.564102564102564,,,6.429,revisar
revisión,649.5054054027026,2.631578947368421,,,,revision
revista,538.0909090939394,0.0,,,,revista
revistero,843.8563333333333,55.88235294117647,6.889,3.96,,revistero
revoltoso,706.1547618976191,0.0,,,,revoltoso
revolución,604.1552631473684,2.564102564102564,,,,revolucion
revolucionario,618.6545454666667,0.0,,,8.88,revolucionario
revuelo,654.0615384564103,2.5,,,,revuelo
revuelta,621.7294117676471,0.0,,,,revuelta
rey,571.9787878666667,5.714285714285714,,,,rey
rezar,628.1666666666666,5.714285714285714,,,,rezar
rezo,732.264000016,16.66666666666667,,,,rezo
ribera,708.2072058794117,8.108108108108109,,,9.333,ribera
rico,618.9277777861112,0.0,,,,rico
ridiculizar,687.4657894578947,2.564102564102564,,,,ridiculizar
ridículo,584.1150000055555,0.0,,,,ridiculo
riego,718.5675000075,6.976744186046512,,,,riego
rienda,660.8580645129032,3.125,,,9.429,rienda
riesgo,599.3387500194444,2.7027027027027026,,,,riesgo
rifle,704.2071428607143,26.31578947368421,6.4,4.071,,rifle
rigidez,622.5428571085714,2.777777777777778,4.0,5.036,,rigidez
rígido,582.2205128153846,2.5,,,,rigido
rigor,694.1286666633333,16.66666666666667,,,,rigor
rima,627.56000001,9.090909090909092,,,,rima
rincón,612.1083333305555,2.7027027027027026,,,,rincon
rinoceronte,730.0281428485714,5.405405405405405,,,,rinoceronte
riña,668.1694444611111,5.263157894736842,,,,rina
riñón,601.9657142885715,2.777777777777778,,,,rinon
riqueza,629.4457142942857,10.25641025641026,,,,riqueza
risa,572.6505555583333,2.7027027027027026,,,,risa
risueño,658.8716176352941,2.857142857142857,,,,risueno
rítmica,710.9927142857143,0.0,,,,ritmica
ritmo,561.6277777638888,0.0,,,,ritmo
rito,665.7084000039999,21.875,,,9.429,rito
ritual,605.4125000055556,2.7027027027027026,,,7.952,ritual
rival,658.2577941176471,0.0,,,,rival
rizado,632.5638157763158,2.564102564102564,,,,rizado
robar,587.72609375625,3.03030303030303,,,,robar
roble,606.1971428771428,0.0,,,,roble
robo,591.5042647029412,0.0,,,,robo
robot,600.69333334,3.225806451612903,,,,robot
robusto,632.6212121424243,0.0,,,,robusto
roca,601.0888888611111,2.7027027027027026,,,,roca
roce,629.7805555694445,5.263157894736842,,,,roce
rocío,663.0388888805555,2.7027027027027026,,,,rocio
rock,657.4499999911765,8.108108108108109,4.5,6.048,,rock
rocoso,711.574074074074,20.58823529411765,5.192,3.848,6.75,rocoso
rodaje,590.4694444638889,5.263157894736842,,,8.7,rodaje
rodar,650.1029411794118,2.857142857142857,,,,rodar
rodeo,649.4236842157894,0.0,4.043,3.81,8.615,rodeo
rodilla,636.7184210763157,0.0,,,,rodilla
rodillo,655.4939393848484,0.0,5.7,5.4,,rodillo
rogar,618.465624940625,5.882352941176471,,,,rogar
rojo,561.0315789368422,0.0,,,,rojo
rol,653.6891891945946,2.631578947368421,3.783,4.571,9.385,rol
rollo,615.34285714,0.0,,,,rollo
romance,626.0891892135135,0.0,,,,romance
romano,618.1818181969697,0.0,,,,romano
romántica,617.4457142857143,0.0,,,,romantica
romanticismo,694.5272727212121,0.0,,,,romanticismo
romántico,590.2358974205129,0.0,,,,romantico
romero,655.8578787848485,8.333333333333332,,,,romero
romper,625.1981428628571,0.0,,,,romper
ron,644.5870967645161,8.823529411764707,,,,ron
ronda,630.3000000030303,5.714285714285714,,,7.95,ronda
roña,745.0068965344827,23.68421052631579,,,,rona
ropa,575.1005127974358,0.0,,,,ropa
ropero,732.6030303,13.157894736842099,,,,ropero
rosa,538.0102564538462,2.5,,,,rosa
rosada,638.1585526342105,5.0,4.192,4.758,6.875,rosada
rosado,609.9808107972973,0.0,4.2,5.879,,rosado
rosal,657.84571428,7.894736842105263,,,,rosal
rosario,604.3046511372092,0.0,,,,rosario
rostro,599.494736831579,5.0,,,,rostro
rota,636.5757575666667,2.941176470588235,4.95,6.231,,rota
rotativo,659.9566666433333,3.225806451612903,5.038,4.333,8.5,rotativo
roto,617.90312499375,3.03030303030303,4.31,6.448,,roto
rotonda,635.2567567540541,2.631578947368421,5.769,6.455,5.438,rotonda
rotulador,634.1205882,2.857142857142857,,,,rotulador
rotular,709.8499999944445,5.263157894736842,,,,rotular
rótulo,676.7181818151515,2.941176470588235,,,,rotulo
rotundo,598.5632857142857,0.0,4.115,5.242,8.5,rotundo
rotura,619.9500000131579,2.564102564102564,,,,rotura
rozar,648.0734615333333,2.5,,,6.619,rozar
rubí,640.4371428571428,7.894736842105263,,,,rubi
rubia,551.270270254054,2.631578947368421,,,,rubia
rubio,595.806249996875,3.03030303030303,,,,rubio
rubor,670.6499999928571,22.22222222222222,4.227,3.0,,rubor
rudo,693.4965517275862,9.375,,,,rudo
rueda,610.2162499972222,0.0,,,,rueda
rugby,741.3222221972222,5.263157894736842,6.55,4.952,,rugby
rugir,621.4903225806452,3.125,5.087,5.182,,rugir
ruido,586.7728378432432,0.0,,,,ruido
ruidosa,700.141,2.777777777777778,4.13,6.0,,ruidosa
ruidoso,634.0242424575757,2.941176470588235,,,,ruidoso
ruin,780.95046875,13.513513513513509,,,,ruin
ruina,613.111111125,2.7027027027027026,,,,ruina
ruleta,570.4285714771429,0.0,5.087,4.964,,ruleta
rumba,627.9151515272728,2.941176470588235,4.6,5.63,,rumba
rumbo,663.7657142857142,0.0,,,,rumbo
rumor,612.1451613032258,6.0606060606060606,,,,rumor
ruptura,578.02857146,2.777777777777778,,,,ruptura
rural,614.8757575848485,2.941176470588235,,,,rural
ruta,539.4764705794117,0.0,,,,ruta
rutina,576.4066666766666,6.25,,,,rutina
sábado,604.4085714228571,0.0,,,,sabado
saber,574.8981944527778,0.0,,,,saber
sabia,635.740625015625,5.882352941176471,,,7.2,sabia
sabiduría,674.0999999722222,0.0,,,,sabiduria
sabio,595.3575757545455,0.0,,,,sabio
sable,727.4677419451613,11.428571428571429,,,,sable
sabor,590.0257142885714,0.0,,,,sabor
sabrosa,649.2235294176471,2.857142857142857,2.95,6.19,,sabrosa
sacar,636.1194444666667,2.7027027027027026,,,,sacar
sacerdote,662.1971428514286,0.0,,,,sacerdote
saciedad,800.0857142857143,7.894736842105263,,,,saciedad
saco,624.6263157842105,5.0,,,,saco
sacramento,667.4942857228572,0.0,,,10.222,sacramento
sacrificar,631.0352941058824,0.0,,,,sacrificar
sacrificio,607.5255405297297,0.0,,,,sacrificio
sacristán,719.2574,28.57142857142857,,,,sacristan
sacristía,807.329629637037,22.857142857142858,,,,sacristia
sacudir,662.380487795122,2.3809523809523814,4.615,4.97,6.469,sacudir
sagrado,714.292205882353,2.857142857142857,4.2,4.654,7.154,sagrado
sal,563.2885713942857,0.0,,,,sal
sala,592.1685713914286,0.0,,,,sala
salario,565.2911764323529,0.0,,,,salario
salchicha,674.2249999888888,5.263157894736842,6.741,6.045,3.538,salchicha
saldo,646.8416666222222,2.7027027027027026,,,,saldo
salero,669.3837209255814,0.0,6.138,6.048,,salero
salida,628.921875003125,3.03030303030303,,,,salida
salinidad,787.8141176411765,48.48484848484849,,,9.88,salinidad
salir,617.1857142971428,2.777777777777778,,,,salir
saliva,609.459459472973,5.128205128205128,,,,saliva
salmón,577.4605555694444,0.0,,,,salmon
salón,619.4282051307692,0.0,,,,salon
salsa,609.1179411764706,0.0,,,,salsa
saltamontes,699.5171428628571,0.0,,,,saltamontes
saltar,575.7717948641026,0.0,,,,saltar
saltear,647.09687500625,3.03030303030303,,,,saltear
salto,593.8162162351351,2.631578947368421,,,,salto
salud,540.9657143171429,0.0,,,,salud
saludable,592.3131578789473,0.0,4.72,6.308,6.115,saludable
saludar,584.4085714085714,2.777777777777778,,,,saludar
saludo,614.9942857228572,0.0,,,,saludo
salvación,628.5081081,2.631578947368421,,,,salvacion
salvado,642.1303030787878,0.0,4.08,4.962,5.462,salvado
salvador,561.6114285885715,0.0,4.156,5.107,,salvador
salvaje,618.2000000060606,0.0,,,,salvaje
salvar,602.1604054054054,0.0,,,,salvar
samba,765.6866666633333,21.05263157894737,5.895,3.9,,samba
sanatorio,700.1970588264705,8.108108108108109,,,,sanatorio
sanción,633.049999990625,0.0,,,,sancion
sancionar,707.5818181878788,2.941176470588235,,,,sancionar
sandía,588.2849999975,0.0,,,,sandia
sangrar,662.7594594972973,0.0,,,,sangrar
sangre,585.9970588235294,0.0,,,,sangre
sangría,606.3810810702703,2.631578947368421,,,,sangria
sangriento,671.3648648621621,2.631578947368421,,,,sangriento
sanguíneo,610.7800000033334,3.225806451612903,,,,sanguineo
sanidad,578.3228571514286,0.0,,,,sanidad
sano,623.7454545424242,5.714285714285714,,,,sano
santa,644.0842105368421,2.564102564102564,,,,santa
santidad,698.1727272575757,5.714285714285714,,,8.619,santidad
santo,593.5117567594594,0.0,,,,santo
santuario,595.3870967774194,6.0606060606060606,,,,santuario
sapo,647.9456944416667,2.7027027027027026,,,,sapo
sarampión,705.968437503125,13.513513513513509,,,,sarampion
sarcasmo,668.1030302939394,0.0,,,,sarcasmo
sarcófago,804.5105357,9.67741935483871,,,,sarcofago
sardina,657.8945946108108,2.631578947368421,6.55,6.143,,sardina
sargento,638.0358974384616,2.5,,,,sargento
sartén,611.3222221916667,2.7027027027027026,,,,sarten
satélite,643.1058823529412,2.857142857142857,,,,satelite
sátira,699.4964285821428,20.0,,,,satira
satisfacción,640.9575000055555,2.7027027027027026,,,,satisfaccion
satisfacer,635.296805575,2.7027027027027026,,,,satisfacer
satisfecho,634.4277026891892,0.0,4.469,6.143,,satisfecho
sauna,659.1138888805556,2.7027027027027026,,,,sauna
savia,804.0882352941177,41.379310344827594,,,8.167,savia
sazón,731.4322580645161,18.42105263157895,,,,sazon
secador,684.1198484727273,2.941176470588235,6.469,6.286,,secador
secar,635.4833333083334,2.7027027027027026,,,4.45,secar
sección,671.9593750125,3.03030303030303,,,,seccion
seco,595.7490000028571,5.405405405405405,,,,seco
secreta,610.2411764441176,5.555555555555555,3.84,4.769,5.346,secreta
secretario,635.8236841868421,2.564102564102564,,,,secretario
secreto,587.75294115,2.857142857142857,,,,secreto
secta,669.899999995,0.0,,,9.333,secta
sector,632.871875,3.03030303030303,,,,sector
secuela,617.466666669697,2.941176470588235,,,8.778,secuela
secuencia,694.6799999942857,5.405405405405405,,,8.773,secuencia
secuestrar,653.1875000025,0.0,,,,secuestrar
secuestro,611.759375003125,5.882352941176471,,,,secuestro
secundaria,593.9473684105263,2.564102564102564,4.95,6.4,,secundaria
secundario,597.9674418837209,0.0,4.556,5.364,7.846,secundario
sed,597.0037500027778,0.0,,,,sed
seda,677.4891666694444,0.0,,,,seda
sede,644.0972973054054,7.5,,,,sede
sedimento,748.3257142885715,12.5,,,10.333,sedimento
seducción,650.1078947236842,0.0,,,,seduccion
seducir,622.4857142771428,0.0,,,,seducir
seductor,633.8612903225807,6.0606060606060606,,,,seductor
seductora,660.0333333358974,0.0,,,9.65,seductora
segmento,676.3793103482759,3.3333333333333335,,,8.056,segmento
segregación,760.4967741967741,11.428571428571429,,,,segregacion
seguidor,609.140624996875,3.03030303030303,3.8,6.519,,seguidor
seguimiento,625.3774358769231,2.5,,,,seguimiento
seguir,611.8331944361111,0.0,,,,seguir
segunda,560.4790697674418,0.0,6.0,6.036,,segunda
segundo,570.7605000075,0.0,,,,segundo
seguridad,581.6048717897436,2.5,,,,seguridad
seguro,585.305000005,0.0,,,,seguro
selección,583.2187179435897,2.5,,,,seleccion
seleccionar,610.9333333363636,0.0,,,,seleccionar
selectiva,636.5657894605263,0.0,3.85,5.667,,selectiva
selectividad,612.5657894710527,2.564102564102564,,,10.421,selectividad
sellar,654.0933333266667,0.0,,,,sellar
sello,635.7324999972222,2.7027027027027026,,,,sello
selva,610.8210526342106,0.0,,,,selva
semáforo,562.3973077128205,2.5,,,,semaforo
semana,617.0852941147059,0.0,,,,semana
semanal,606.0600000085715,0.0,6.056,6.75,,semanal
semántica,669.4058823705882,2.857142857142857,,,,semantica
semblante,649.6907575454545,13.157894736842099,,,,semblante
sembrar,726.1303030333333,2.941176470588235,,,,sembrar
semejanza,685.1255814093023,0.0,,,,semejanza
semen,670.3657894710526,2.564102564102564,,,9.476,semen
semestre,634.7142856952381,2.325581395348837,5.667,6.318,8.231,semestre
semilla,570.9333333151515,0.0,,,,semilla
seminario,642.2419444444445,0.0,,6.4,10.219,seminario
senado,717.8969697030303,10.81081081081081,,,10.1,senado
senador,724.5354838709677,6.0606060606060606,5.389,4.269,,senador
sencillez,650.6882353147059,0.0,,,,sencillez
sencillo,624.9368420868421,0.0,,,,sencillo
senda,631.3888888925926,12.90322580645161,,,8.227,senda
senderismo,702.8387096741935,6.0606060606060606,,,,senderismo
sendero,654.9216666666666,0.0,,,,sendero
seno,622.0810810702702,2.631578947368421,,,,seno
sensación,621.6040277666667,2.7027027027027026,,,,sensacion
sensacional,660.9774193580645,0.0,3.259,5.136,8.885,sensacional
sensato,636.8282857228571,5.405405405405405,,,,sensato
sensibilidad,618.1929166722222,2.7027027027027026,,,,sensibilidad
sensible,593.9794117617647,0.0,4.12,6.538,5.423,sensible
sensual,589.7575757272728,2.941176470588235,3.95,6.0,,sensual
sentar,619.6970588117647,2.857142857142857,,,,sentar
sentencia,672.4694444388889,5.263157894736842,,,,sentencia
sentido,566.9696969666667,0.0,,,,sentido
sentimental,589.7897435897436,0.0,3.778,6.5,7.962,sentimental
sentimiento,643.9727272757576,0.0,,,,sentimiento
sentir,600.3909090909091,0.0,,,,sentir
seña,745.5269230730769,21.21212121212121,,,,sena
señal,577.1411764882353,0.0,,,,senal
señalar,596.1685714228571,5.405405405405405,,,,senalar
señor,630.7307692358975,0.0,,,,senor
señora,617.9684210447368,2.564102564102564,,,,senora
señoría,612.5333333358974,0.0,,,,senoria
señorío,676.937931037931,9.375,,,,senorio
señorita,580.0433333076923,2.5,,,,senorita
señorito,593.415151530303,0.0,,,,senorito
separación,630.5787878727273,0.0,,,,separacion
separado,618.3724324297298,0.0,4.2,6.667,,separado
separar,618.25428574,0.0,,,3.818,separar
septentrional,857.6909090954546,29.03225806451613,,,,septentrional
septiembre,625.4615384538462,0.0,,,,septiembre
séptimo,609.1311764647058,0.0,,,,septimo
sepulcro,719.4694444361111,2.7027027027027026,,,10.35,sepulcro
sepultura,737.439696969697,5.714285714285714,,,,sepultura
sequedad,680.9303030575758,8.333333333333332,,,8.143,sequedad
ser,606.2384615307692,0.0,3.15,6.88,,ser
serena,689.3999999617647,8.108108108108109,4.0,4.115,8.808,serena
serenidad,626.069705882353,8.108108108108109,,,,serenidad
sereno,634.7454411647059,0.0,,,,sereno
serie,597.0973684236842,0.0,,,,serie
seriedad,703.3805555805556,2.7027027027027026,,,,seriedad
serio,595.8023809428571,2.325581395348837,4.222,6.321,,serio
sermón,659.9344827655173,12.12121212121212,,,,sermon
serpiente,594.3794117970589,0.0,,,,serpiente
serrano,639.0055882352941,2.857142857142857,3.789,4.848,,serrano
servicio,610.1220833333333,0.0,,,,servicio
servidor,659.9405405432433,0.0,,,,servidor
servidumbre,759.3892857,20.0,,,,servidumbre
servilleta,599.4257143057143,0.0,,,,servilleta
servir,615.7558823441176,2.857142857142857,,,,servir
sesenta,785.0625757575758,5.714285714285714,6.2,6.095,,sesenta
sesión,604.84285712,0.0,,,,sesion
set,688.06875000625,52.94117647058824,4.63,4.182,7.346,set
setenta,797.6854545484848,2.941176470588235,5.7,6.095,,setenta
seudónimo,765.0620689620689,9.375,,,,seudonimo
sexo,524.5235293970588,0.0,,,,sexo
sexta,585.6749999888889,0.0,5.609,5.095,5.692,sexta
sexto,634.5690476142858,2.325581395348837,5.85,6.333,,sexto
sexual,566.2260810810811,0.0,4.7,6.667,,sexual
sexualidad,585.3205882294118,0.0,,,,sexualidad
sexy,602.9743589692308,2.5,3.852,6.464,,sexy
sida,683.164705832353,5.555555555555555,,,,sida
sidra,690.6878787878787,10.81081081081081,6.357,4.615,,sidra
siembra,683.05625,8.571428571428571,,,6.278,siembra
siempre,548.4121212,0.0,2.964,6.76,,siempre
sien,745.8159615461539,29.72972972972973,,,,sien
sierra,659.6974359051281,0.0,,,,sierra
siesta,613.4870967645161,0.0,,,,siesta
sífilis,742.1851851925926,15.625,,,,sifilis
sigilo,701.5594594594595,7.5,,,8.72,sigilo
siglo,652.3324324297297,0.0,,,,siglo
significación,650.7840322612903,3.125,,,,significacion
significado,614.4628571771428,0.0,,,,significado
significante,674.5397142857142,5.405405405405405,,,9.4,significante
significar,608.451282048718,0.0,,,6.6,significar
signo,580.3117647176471,2.857142857142857,,,,signo
siguiente,598.7205128205128,0.0,3.828,6.286,,siguiente
silbato,684.7999999971429,2.777777777777778,6.464,5.241,,silbato
silbido,696.5868421052631,2.564102564102564,,,5.737,silbido
silencio,608.5472222083333,5.263157894736842,,,,silencio
silencioso,622.5515151515151,0.0,,,,silencioso
silicio,857.2785714071429,20.0,,,9.545,silicio
silla,577.3558823529412,0.0,,,,silla
sillón,620.4932500225,0.0,,,,sillon
silueta,674.2309523928571,2.325581395348837,,,,silueta
simbólico,612.0861538435897,2.5,,,,simbolico
simbolismo,639.8965517241379,6.451612903225806,,,9.409,simbolismo
símbolo,606.7368421105264,0.0,,,,simbolo
similar,626.8729729378379,0.0,,,,similar
similitud,678.4918918810811,0.0,,,,similitud
simpatía,631.66,0.0,,,,simpatia
simpático,577.7526315868421,0.0,,,,simpatico
simple,547.1424242575757,0.0,3.5,6.25,,simple
simplicidad,653.9131081081081,0.0,,,,simplicidad
simplificación,642.6499999970588,0.0,,,,simplificacion
simulación,648.9102564076923,2.5,,,,simulacion
simulacro,675.359375003125,5.882352941176471,,,6.952,simulacro
simulador,682.2687142971429,2.777777777777778,,,9.7,simulador
simular,623.4077777777777,2.7027027027027026,,,8.04,simular
sinceridad,625.0117647,0.0,,,,sinceridad
sincero,611.6500000210526,0.0,,,,sincero
sincronización,711.58385714,2.777777777777778,,,,sincronizacion
sindicato,695.253124984375,0.0,,,,sindicato
síndrome,607.9942857114286,0.0,,,,sindrome
sinfonía,653.6424242484849,0.0,,,,sinfonia
sinfónica,811.6242424242424,10.81081081081081,,,,sinfonica
singular,574.3971428514286,0.0,,,,singular
singularidad,671.9257142685715,0.0,,,8.65,singularidad
siniestra,702.709375,5.882352941176471,3.269,4.515,9.125,siniestra
sinónimo,607.4686111111112,0.0,,,,sinonimo
sintaxis,649.0924285714286,2.777777777777778,,,9.24,sintaxis
sintético,698.5570833277777,2.7027027027027026,,,,sintetico
sintetizar,752.3861111,0.0,,,9.286,sintetizar
síntoma,598.8549999833333,2.7027027027027026,,,,sintoma
sintonía,659.1476190380952,2.325581395348837,,,,sintonia
sinvergüenza,667.3255813906977,0.0,,,,sinverguenza
siquiera,783.6068965275862,9.375,2.45,5.333,,siquiera
sirena,564.894583336111,2.7027027027027026,,,,sirena
sirvienta,742.8277777777778,2.7027027027027026,,,,sirvienta
sirviente,693.3911764382353,5.555555555555555,5.65,4.615,,sirviente
sistema,574.5366666766666,3.225806451612903,,,,sistema
sistemático,662.467741932258,0.0,,,,sistematico
sitio,643.9771428714286,5.405405405405405,,,,sitio
situación,603.6166666333334,0.0,,,,situacion
situar,645.3615384666666,2.5,,,5.952,situar
soberanía,711.0845946054054,0.0,,,,soberania
soberbia,725.2108108108108,7.5,,,9.9,soberbia
sobornar,685.2506578763158,5.0,,,,sobornar
soborno,638.1351351243243,2.631578947368421,,,,soborno
sobra,652.4775675675676,0.0,,,5.667,sobra
sobrecogido,815.4724999970589,5.555555555555555,4.231,3.571,,sobrecogido
sobremesa,676.1513513486486,2.631578947368421,,,8.333,sobremesa
sobrenombre,867.7294827586206,6.451612903225806,,,,sobrenombre
sobresaliente,640.3057142428571,0.0,,,,sobresaliente
sobresalir,633.0949999971428,2.777777777777778,,,,sobresalir
sobresalto,667.7736842105263,0.0,,,,sobresalto
sobreviviente,687.4006944416667,2.7027027027027026,5.652,4.667,7.192,sobreviviente
sobrevivir,603.7256756621622,0.0,,,,sobrevivir
sobriedad,689.1756756891892,0.0,5.056,4.48,,sobriedad
sobrina,611.5485714314286,0.0,,,,sobrina
sobrino,587.19838235,0.0,6.25,6.269,,sobrino
sobrio,681.8714285714286,2.777777777777778,5.111,4.773,10.231,sobrio
sociable,631.4257142828571,5.405405405405405,4.034,6.552,,sociable
socialismo,656.1666666636363,0.0,,,,socialismo
socialista,653.9969696878787,0.0,,,,socialista
sociedad,570.5931034689655,0.0,,,,sociedad
socio,577.8684210447368,0.0,,,8.2,socio
sociología,673.270731707317,4.651162790697674,,,,sociologia
sociólogo,708.2931034413793,12.12121212121212,,,,sociologo
socorrer,623.9421052657895,5.0,,,,socorrer
socorro,598.9351351243243,2.631578947368421,,,,socorro
soda,673.2965517206896,9.375,,,,soda
sodio,647.3454545545454,5.714285714285714,,,,sodio
sofá,567.87352945,2.857142857142857,,,,sofa
sofisticación,765.69687500625,13.513513513513509,,,,sofisticacion
sofocar,707.0938709709677,8.823529411764707,3.846,4.909,9.469,sofocar
software,750.9034482793104,6.451612903225806,5.296,5.182,9.885,software
soga,747.612903248387,18.42105263157895,,,,soga
soja,629.6608571428571,2.777777777777778,6.667,5.72,,soja
sol,571.3782432351352,0.0,,,,sol
sola,594.0794117911764,0.0,3.87,6.65,,sola
solapa,649.7214285785715,15.151515151515149,,,8.7,solapa
solar,590.6678571607143,9.67741935483871,,,,solar
soldado,647.2358974333333,0.0,,,,soldado
soleado,644.8111111083333,0.0,5.531,6.429,,soleado
soledad,548.4027026945946,0.0,,,,soledad
solemne,812.3458333291667,22.58064516129032,3.615,4.107,,solemne
solemnidad,768.0213333366667,6.25,,,,solemnidad
solicitud,588.2868421105263,0.0,,,8.167,solicitud
sólida,677.3692307666666,0.0,,,,solida
solidaridad,619.9142857314285,0.0,,,,solidaridad
solidez,639.2236111166667,2.7027027027027026,,,,solidez
sólido,611.3461538487179,2.5,,,,solido
solitario,569.6358108081081,0.0,,,,solitario
sollozar,715.3403125093749,11.11111111111111,,,,sollozar
soltar,583.1927026972972,0.0,,,,soltar
soltera,620.1526315894737,0.0,,,7.19,soltera
soltero,593.68857144,0.0,,,,soltero
soltura,691.4457142828571,5.405405405405405,,,8.65,soltura
solución,616.9294117529412,2.857142857142857,,,,solucion
solucionar,624.5051282051282,0.0,,,5.273,solucionar
sombra,662.4710526342105,0.0,,,,sombra
sombrero,606.2697674372093,0.0,,,,sombrero
sombrilla,598.4894736894737,0.0,,,,sombrilla
someter,645.8028571342858,12.5,,,9.238,someter
sonajero,731.3288235235294,8.108108108108109,5.889,4.25,,sonajero
sonata,715.915625,11.11111111111111,4.778,4.143,,sonata
sonda,645.584848490909,5.714285714285714,,,9.667,sonda
soneto,732.3428571428572,15.151515151515149,,,8.81,soneto
sonido,588.3529729864865,0.0,,,,sonido
sonora,662.6294117794117,2.857142857142857,4.05,5.462,,sonora
sonreír,585.7631578973684,0.0,,,,sonreir
sonriente,647.7891891945947,2.631578947368421,5.538,6.606,4.25,sonriente
sonrisa,614.375,3.03030303030303,,,,sonrisa
soñador,628.1815789526316,0.0,,,,sonador
soñar,545.0806756702702,0.0,,,,sonar
sopa,589.4282051333333,0.0,,,,sopa
sopera,782.7099999933333,23.07692307692308,5.632,5.0,,sopera
soplar,627.9373529382353,0.0,4.897,6.25,,soplar
soportar,621.4051388888889,0.0,,,,soportar
soporte,599.7571428547619,2.325581395348837,,,,soporte
sorbo,680.6503333333334,14.28571428571428,,,6.2,sorbo
sordera,740.2176470617648,2.857142857142857,,,6.556,sordera
sordo,593.7323529529411,2.857142857142857,,,,sordo
sorprendente,648.1580645129033,0.0,3.72,5.923,5.462,sorprendente
sorprender,598.6405405594595,0.0,,,,sorprender
sorpresa,531.5116216162162,0.0,,,,sorpresa
sortear,717.0170000057143,5.405405405405405,,,,sortear
sorteo,625.1243243,0.0,5.087,5.857,,sorteo
sosiego,766.3357142892858,17.64705882352941,,,,sosiego
soso,641.9951219414634,4.651162790697674,4.065,5.679,,soso
sospecha,595.1704054162162,0.0,,,,sospecha
sospechar,626.3052631421052,2.564102564102564,,,8.25,sospechar
sospechoso,629.3621621648649,2.631578947368421,,,,sospechoso
sostén,604.6371428371428,0.0,,,,sosten
sostener,618.9685713885714,0.0,,,6.88,sostener
sotana,748.784615376923,25.71428571428571,,,,sotana
sótano,646.0111111083334,5.263157894736842,,,,sotano
soviético,690.3382352794117,5.555555555555555,,,,sovietico
suave,561.2628571428571,0.0,4.185,6.464,,suave
suavidad,629.1685294205882,0.0,,,,suavidad
subasta,626.10500001,6.976744186046512,5.65,4.962,,subasta
subconjunto,846.8821428571429,12.5,,,10.05,subconjunto
subconsciente,726.4484848515151,2.941176470588235,,,9.952,subconsciente
subida,670.3368571457142,5.405405405405405,,,,subida
subir,606.7006944444445,0.0,,,,subir
subjetividad,677.4567567081081,0.0,,,10.19,subjetividad
sublevación,754.09843749375,11.11111111111111,,,,sublevacion
submarino,640.7885714571429,0.0,6.207,4.8,,submarino
subrayar,695.7978571457143,2.777777777777778,,,5.333,subrayar
subsistencia,739.4526315526316,0.0,,,10.05,subsistencia
substancia,647.9033333433333,6.25,,,,substancia
subteniente,947.4409090909091,33.33333333333333,,,10.1,subteniente
subtítulo,617.9586206931034,3.3333333333333335,,,,subtitulo
suburbio,812.8689655793104,14.70588235294118,,,,suburbio
suceder,618.4171428885714,0.0,,,6.095,suceder
sucedido,715.8891891891892,0.0,3.68,4.962,7.154,sucedido
sucesión,627.7363636606061,2.941176470588235,,,,sucesion
suceso,659.5212121333334,0.0,,,,suceso
sucesor,701.1666666641025,0.0,,,8.56,sucesor
suciedad,620.8342857085714,0.0,,,,suciedad
sucio,595.8705882117647,0.0,,,,sucio
sucursal,725.6737037111111,30.76923076923077,,,10.364,sucursal
sudadera,570.1666666575758,0.0,6.65,6.962,,sudadera
sudar,618.5789473210526,0.0,,,4.5,sudar
sudor,599.84473685,2.564102564102564,,,,sudor
sueco,621.1055555722222,2.7027027027027026,,,7.864,sueco
suegra,658.4147058823529,2.857142857142857,,,,suegra
suegro,596.7216216486487,2.631578947368421,6.15,5.35,,suegro
suela,669.487499996875,5.882352941176471,,,,suela
sueldo,604.8363636424242,0.0,,,,sueldo
suelo,581.6675675378378,2.631578947368421,,,,suelo
suelta,641.3060606,0.0,3.84,5.654,4.154,suelta
suelto,580.61237502,0.0,3.88,5.385,5.154,suelto
sueño,581.0545454515152,0.0,,,,sueno
suero,709.8482857142857,0.0,,,8.211,suero
suerte,537.6677027135136,0.0,,,,suerte
suéter,703.5060606060606,8.333333333333332,,,,sueter
suficiente,624.648648654054,0.0,2.85,6.32,,suficiente
sufijo,725.8499999750001,8.571428571428571,6.111,4.643,,sufijo
sufrimiento,605.3458571628571,5.405405405405405,,,,sufrimiento
sufrir,605.7554054027026,0.0,,,,sufrir
sugerencia,634.0676470558824,2.857142857142857,,,9.15,sugerencia
sugerir,614.084374996875,3.03030303030303,,,9.35,sugerir
sugestión,626.6685713942857,0.0,,,,sugestion
suicida,667.8333333363637,5.714285714285714,,,8.619,suicida
suicidarse,660.6540540486486,0.0,6.16,4.654,8.885,suicidarse
suicidio,641.8447297297297,0.0,,,,suicidio
suite,769.4740740740741,15.625,6.4,4.308,9.577,suite
suiza,614.707692302564,2.5,6.15,5.667,,suiza
sujetador,613.4272727181818,0.0,,,,sujetador
sujetar,598.5404762095238,2.325581395348837,,,,sujetar
sujeto,621.0895945918919,0.0,,,,sujeto
sulfúrico,805.0915625062499,11.11111111111111,,,,sulfurico
sultán,666.354838716129,3.125,,,,sultan
suma,596.9052631605264,0.0,,,,suma
sumar,593.0911764794117,0.0,,,,sumar
suministro,668.8818181666667,0.0,,,8.952,suministro
sumisión,652.8861111138889,5.263157894736842,,,,sumision
sumo,683.3687499928571,15.151515151515149,,,,sumo
súper,642.7153846076923,2.5,,,,super
superación,660.2729729756757,0.0,,,,superacion
superar,593.4057142828572,0.0,,,7.3,superar
superdotado,690.8647058794118,2.857142857142857,,,,superdotado
superficial,619.5690476238095,0.0,4.111,5.536,,superficial
superficie,645.0825000075,0.0,,,,superficie
superintendente,1133.816666666667,73.91304347826086,,,10.909,superintendente
superior,668.6016666638889,0.0,,,,superior
superiora,797.757800008,28.57142857142857,,,8.85,superiora
supermercado,650.3722222305555,2.7027027027027026,,,,supermercado
superstición,705.0258064,3.125,,,,supersticion
supervisión,626.08,0.0,,,,supervision
supervisor,616.6631578868421,2.564102564102564,5.778,5.045,8.846,supervisor
supervivencia,602.3914285657142,0.0,,,,supervivencia
suplemento,638.71842105,2.564102564102564,,,9.682,suplemento
súplica,622.6004411735294,5.555555555555555,,,,suplica
suplir,684.7914285771428,5.405405405405405,,,9.65,suplir
suponer,600.3766666666667,2.7027027027027026,,,7.24,suponer
suposición,614.4381080783784,2.631578947368421,,,,suposicion
supremo,636.2,0.0,,,,supremo
suprimir,621.4289473657894,0.0,,,7.789,suprimir
supuesto,667.016216227027,2.631578947368421,,,,supuesto
sur,624.8484848393939,0.0,,,,sur
surco,659.2264285657143,2.777777777777778,,,,surco
surrealismo,685.30214286,2.777777777777778,3.241,6.286,,surrealismo
surrealista,644.8898484787878,0.0,3.423,5.939,9.094,surrealista
suscitar,721.312820525641,4.878048780487805,,,10.579,suscitar
suscribir,685.309374975,5.882352941176471,,,,suscribir
suspender,588.3457143085715,0.0,,,6.55,suspender
suspensión,653.9631578947368,2.564102564102564,,,,suspension
suspenso,586.4260606090909,0.0,,,,suspenso
suspiro,605.9258064612903,0.0,,,,suspiro
sustancia,590.1645161290322,0.0,,,,sustancia
sustantivo,637.0558823352941,0.0,,,,sustantivo
sustento,686.15625,3.03030303030303,,,,sustento
sustitución,706.0277777694445,0.0,,,,sustitucion
sustituir,637.2083333388889,0.0,,,6.182,sustituir
sustituto,656.2342105236842,0.0,5.63,5.636,6.5,sustituto
susto,561.8141891891892,0.0,,,,susto
sustrato,692.253124996875,15.789473684210531,,,9.333,sustrato
susurrar,636.8444444722222,0.0,,,,susurrar
susurro,687.270270245946,2.631578947368421,,,,susurro
sutil,675.3798571314286,2.777777777777778,3.963,5.136,9.154,sutil
sutileza,720.3913888666666,2.7027027027027026,,,9.0,sutileza
tabaco,565.315789468421,2.564102564102564,,,,tabaco
taberna,673.176315781579,0.0,,,,taberna
tabique,702.0205882705883,8.108108108108109,,,,tabique
tabla,620.8242424272727,0.0,,,,tabla
tablero,661.3295945945946,0.0,,,,tablero
tabú,591.7363636575758,2.941176470588235,,,,tabu
taburete,639.0737142742857,5.405405405405405,,,,taburete
tacaño,691.45428572,5.405405405405405,,,,tacano
tacha,742.6302173826087,36.11111111111111,,,7.619,tacha
taco,638.0999999636364,5.714285714285714,,,,taco
tacón,616.8185185222222,10.0,,,,tacon
táctica,623.8929729864865,0.0,,,,tactica
tacto,646.9973683947368,0.0,,,,tacto
tajo,727.2906249875,11.11111111111111,,,,tajo
tal,659.6076923230769,16.12903225806452,3.0,6.0,,tal
taladro,699.5621621567568,5.128205128205128,,,,taladro
talante,629.260000004,37.5,,,10.476,talante
talento,571.6387096580645,0.0,,,,talento
talle,714.9666666611112,45.454545454545446,,,,talle
taller,620.7368421026316,0.0,,,,taller
tallo,749.0322580645161,18.42105263157895,5.208,4.238,,tallo
talón,613.0054054351351,7.5,,,,talon
tamaño,584.0472222111111,0.0,,,,tamano
también,569.574418611628,0.0,,,,tambien
tambor,663.64764705,5.555555555555555,,,,tambor
tampoco,585.2199999742857,0.0,3.517,6.852,,tampoco
tan,736.6467500050001,42.85714285714285,3.056,6.333,,tan
tanatorio,656.4941176352941,5.555555555555555,,,,tanatorio
tanga,673.2387096806451,3.125,,,,tanga
tango,613.3552631631579,2.564102564102564,,,,tango
tanque,689.7548484878788,8.333333333333332,,,,tanque
tanto,557.4727272757576,0.0,2.3,6.429,,tanto
tapa,608.3162790837209,0.0,,,,tapa
tapadera,675.9722222305555,2.7027027027027026,5.35,5.28,,tapadera
tapar,640.0648648702703,2.631578947368421,,,,tapar
tapete,736.0433333433333,21.05263157894737,,,8.905,tapete
tapia,683.4022916875,31.428571428571427,,,,tapia
tapiz,652.4384615538462,7.142857142857142,,,,tapiz
tapón,630.9313513486486,0.0,,,,tapon
taquilla,623.274358974359,0.0,,,7.095,taquilla
tardanza,615.7441176441176,2.857142857142857,3.172,5.222,,tardanza
tardar,568.940624978125,0.0,,,,tardar
tarde,514.5399999925,0.0,,,,tarde
tarea,595.2565789157894,5.0,,,,tarea
tarifa,605.7257143,2.777777777777778,5.35,5.485,,tarifa
tarima,715.92812499375,17.94871794871795,,,8.8,tarima
tarjeta,548.1648648351352,2.631578947368421,,,,tarjeta
tarta,619.3882352794118,2.857142857142857,,,,tarta
tasa,680.541176467647,8.108108108108109,,,8.579,tasa
tata,803.4888888833334,47.05882352941176,,,3.857,tata
tatarabuela,806.4201724103449,21.62162162162162,,,6.143,tatarabuela
tatarabuelo,766.1178571321428,26.31578947368421,6.35,4.231,,tatarabuelo
taxi,587.784999995,0.0,,,,taxi
taxista,620.3190476238095,0.0,,,5.8,taxista
taza,587.4783783675675,5.128205128205128,,,,taza
té,580.7394736868421,2.564102564102564,,,,te
teatral,653.6142857228572,0.0,4.517,6.095,,teatral
teatro,571.7774324486486,0.0,,,,teatro
techo,599.8970588264706,0.0,,,,techo
tecla,582.2742307666666,2.5,,,,tecla
teclado,546.778124984375,3.03030303030303,,,,teclado
técnica,623.1736842210527,0.0,,,,tecnica
técnico,584.2911764970588,0.0,,,,tecnico
tecnología,664.2971428542858,0.0,,,,tecnologia
tedio,815.940000005,47.36842105263158,,,10.0,tedio
teja,666.36703125,11.11111111111111,,,,teja
tejado,588.6794117352941,2.857142857142857,,,,tejado
tejano,651.6972972945946,0.0,5.696,6.667,,tejano
tejer,692.5073170512195,2.3809523809523814,,,7.571,tejer
tejido,671.4051282051282,0.0,,,,tejido
tela,627.636363639394,2.941176470588235,,,,tela
tele,579.4682857228571,5.405405405405405,,,,tele
telefónica,590.9677419483871,0.0,,,,telefonica
teléfono,571.7448571514286,0.0,,,,telefono
telégrafo,618.6200000114286,0.0,,,,telegrafo
telegrama,655.5263157921053,2.564102564102564,,,,telegrama
televisión,570.3473684526316,0.0,,,,television
televisor,592.60285714,0.0,,,,televisor
telón,624.6235294323529,2.857142857142857,,,,telon
tema,601.9131579105263,0.0,,,,tema
temática,568.3736842052632,5.0,,,,tematica
temblar,623.2722222444445,5.263157894736842,,,5.789,temblar
temblor,637.7315789552631,0.0,,,,temblor
temer,681.0580645258065,6.0606060606060606,,,,temer
temerario,737.5310606060606,5.714285714285714,,,,temerario
temeroso,665.2294117529411,0.0,4.194,4.393,,temeroso
temor,601.8580645354839,6.0606060606060606,,,,temor
temperamental,713.15194445,2.7027027027027026,3.903,4.393,,temperamental
temperamento,749.690454539394,0.0,,,,temperamento
temperatura,632.0190277722222,2.7027027027027026,,,,temperatura
tempestad,603.5227777833334,2.7027027027027026,,,,tempestad
templado,635.3891892027027,2.631578947368421,,,,templado
templanza,685.0856944361111,7.6923076923076925,,,,templanza
temple,728.2346153807692,31.57894736842105,,,9.556,temple
templo,620.8051282051282,2.5,,,,templo
temporada,609.4011111166667,2.7027027027027026,,,,temporada
temporal,560.4181081135135,0.0,,,,temporal
temprano,651.736363639394,0.0,3.75,6.667,,temprano
tenacidad,683.0342105342105,5.0,,,,tenacidad
tendencia,649.2612903258065,0.0,,,,tendencia
tender,658.6556896551724,14.70588235294118,,,,tender
tendón,684.6645161322581,0.0,,,,tendon
tenebroso,699.7903225967742,6.0606060606060606,,,,tenebroso
tenedor,597.1525000025,0.0,,,,tenedor
tener,636.9733333333334,0.0,,,,tener
tenia,765.5545454681818,33.33333333333333,3.96,5.962,4.077,tenia
teniente,680.9600000066666,3.225806451612903,,,,teniente
tenis,588.35,0.0,,,,tenis
tenor,703.8000000119999,19.35483870967742,,,,tenor
tensa,637.2138889138889,2.7027027027027026,4.348,5.667,7.923,tensa
tensión,584.5083333166667,0.0,,,,tension
tenso,654.1699999975,0.0,,,,tenso
tentar,673.5722221916667,5.263157894736842,,,,tentar
tentativa,746.3367241344828,19.44444444444444,,,9.833,tentativa
tenue,767.7391304347826,34.28571428571429,,,,tenue
teología,714.953125003125,15.789473684210531,,,,teologia
teorema,803.1251851962963,25.0,,,9.75,teorema
teoría,589.3542857171428,0.0,,,,teoria
teórico,605.0894736947369,0.0,,,,teorico
tequila,652.8836764705883,2.857142857142857,6.45,5.619,,tequila
terapeuta,633.165625003125,0.0,6.444,5.909,8.654,terapeuta
terapia,639.0333333333333,0.0,,,,terapia
tercer,688.5484848575758,10.81081081081081,5.65,5.56,,tercer
tercio,647.1999999882353,12.82051282051282,,,8.8,tercio
terciopelo,739.2882352941176,0.0,,,8.81,terciopelo
terminal,632.8227027054054,0.0,,,,terminal
terminar,558.2863888888888,2.7027027027027026,,,,terminar
término,652.3352941176471,2.857142857142857,,,,termino
terminología,683.9777777611112,0.0,,,,terminologia
termita,721.6060606,2.941176470588235,6.481,4.241,,termita
termómetro,646.8942857457143,0.0,,,,termometro
ternera,638.0763157947368,0.0,6.1,6.095,,ternera
ternura,608.2179487282051,0.0,,,,ternura
terrateniente,808.9363636575757,8.333333333333332,5.038,3.212,9.844,terrateniente
terraza,572.32499999375,3.03030303030303,,,,terraza
terremoto,561.1941176529411,2.857142857142857,,,,terremoto
terrenal,646.5729729648649,7.5,4.385,4.061,9.0,terrenal
terreno,625.024999996875,3.03030303030303,,,,terreno
terrestre,617.3615384512821,0.0,4.957,5.107,,terrestre
terrible,605.7076923051283,0.0,3.517,6.207,,terrible
territorio,575.8264102717949,2.5,,,,territorio
terror,558.9810810378378,0.0,,,,terror
terrorismo,634.4297297324324,0.0,,,,terrorismo
terrorista,564.9400000085715,0.0,5.889,5.571,,terrorista
tertulia,736.2999999882353,10.52631578947368,,,,tertulia
tesitura,746.2583333333333,22.58064516129032,,,10.7,tesitura
tesón,764.7408823705882,52.77777777777778,,,,teson
tesoro,562.0878787969697,0.0,,,,tesoro
test,606.3147058705882,2.857142857142857,,,,test
testamento,663.4322580677419,0.0,,,,testamento
testigo,632.6070833388889,2.7027027027027026,,,,testigo
testimonio,588.670967748387,0.0,,,,testimonio
tétrico,781.358281246875,11.11111111111111,,,,tetrico
textil,570.8351351324325,2.631578947368421,4.1,5.038,,textil
texto,570.1828571257142,0.0,,,,texto
textura,577.0594594594595,5.128205128205128,,,6.0,textura
tía,589.5181818212121,0.0,,,,tia
tibia,676.3351351297297,5.128205128205128,,,,tibia
tiburón,639.2083333277777,0.0,,,,tiburon
tiempo,572.0850000027027,0.0,,,,tiempo
tienda,589.7526315763158,2.564102564102564,,,,tienda
tierno,573.0551388833334,2.7027027027027026,4.226,6.036,,tierno
tierra,591.7230769282052,0.0,,,,tierra
tieso,642.7795454606061,10.81081081081081,,,,tieso
tigre,589.5324324027027,0.0,,,,tigre
tijeras,570.3941176382353,2.857142857142857,,,,tijeras
tilde,608.6143243216217,0.0,6.45,5.679,,tilde
timbre,590.2268919,0.0,,,,timbre
timidez,594.2000000162162,2.631578947368421,,,,timidez
tímido,583.4837837891891,2.631578947368421,,,,timido
timo,713.0286538346154,23.52941176470588,,,8.143,timo
timón,672.8486486594595,2.631578947368421,,,,timon
tinta,670.2472222305555,2.7027027027027026,,,,tinta
tinte,636.5414634,2.3809523809523814,,,6.2,tinte
tinto,615.2466666766667,3.225806451612903,,,,tinto
tiña,730.85,37.93103448275862,,,,tina
tío,564.658918918919,0.0,,,,tio
típico,599.9575757484848,0.0,,,,tipico
tipo,615.7562162216216,7.5,,,,tipo
tirachinas,959.8223913043478,30.303030303030297,6.435,4.65,,tirachinas
tirador,647.1820833333334,2.7027027027027026,5.96,4.115,7.423,tirador
tiranía,696.4666666484849,5.714285714285714,,,,tirania
tirano,659.5063235529411,5.555555555555555,,,,tirano
tirar,589.2464864891892,0.0,,,,tirar
tiro,570.196874990625,3.03030303030303,,,,tiro
tirón,599.6364864729729,0.0,,,,tiron
tiroteo,664.9256410128205,9.30232558139535,6.2,4.308,7.962,tiroteo
titular,614.6105263131578,2.564102564102564,,,,titular
toalla,594.7852941235294,2.857142857142857,,,,toalla
tobillo,586.1588235294117,0.0,,,,tobillo
tobogán,647.8208571571429,2.777777777777778,,,,tobogan
tocador,626.8078947657895,0.0,,,,tocador
tocar,638.5270270297298,2.631578947368421,,,,tocar
tocino,688.1081081108108,2.631578947368421,6.37,5.545,6.346,tocino
toda,602.9294117794118,2.857142857142857,2.6,6.429,,toda
todavía,593.5875,0.0,,,,todavia
todo,587.2796052947368,5.0,2.7,6.577,,todo
todopoderoso,827.7363461461539,16.12903225806452,,,8.211,todopoderoso
toga,705.1849999964286,28.2051282051282,5.833,3.821,,toga
toldo,669.6300000066667,9.090909090909092,,,,toldo
tolerancia,639.7549999918919,0.0,,,,tolerancia
tolerante,602.3151515212121,0.0,3.938,5.5,,tolerante
tolerar,693.02984375625,3.03030303030303,4.043,5.381,8.154,tolerar
toma,639.0111111027778,2.7027027027027026,,,,toma
tomate,622.5114864891892,0.0,,,,tomate
tomo,657.526923076923,13.33333333333333,,,,tomo
tonada,748.7416666583333,38.46153846153846,,,,tonada
tonalidad,656.3433333366667,9.090909090909092,,,8.75,tonalidad
tonelada,695.9090909090909,5.714285714285714,4.45,5.524,,tonelada
tónica,628.2000000285715,0.0,,,,tonica
tono,618.4515151121212,5.714285714285714,,,,tono
tontería,602.7223611166667,2.7027027027027026,,,,tonteria
tonto,600.1105262973684,0.0,,,,tonto
top,698.8706944666667,10.0,4.4,6.143,,top
tope,637.08771428,5.405405405405405,,,6.9,tope
tópico,622.3256944277778,2.7027027027027026,,,,topico
topo,701.109375,5.882352941176471,,,,topo
topografía,643.137749965,0.0,,,,topografia
toque,601.6701351459459,0.0,,,,toque
tórax,633.0266666566666,6.25,,,,torax
torbellino,791.3875,3.03030303030303,,,7.0,torbellino
torcer,693.0068965448276,3.3333333333333335,,,,torcer
torcido,678.1233333466666,3.225806451612903,,,,torcido
torear,702.0500000055556,5.263157894736842,,,,torear
torero,625.2316666472223,2.7027027027027026,,,,torero
tormenta,585.1487179538461,0.0,,,,tormenta
tormento,651.3294117617647,2.857142857142857,,,,tormento
tornado,631.5371428542857,5.405405405405405,,,,tornado
torneo,671.1411764617648,0.0,4.96,4.654,6.269,torneo
tornillo,629.6527777888889,5.263157894736842,,,,tornillo
torno,691.47142856,2.777777777777778,,,,torno
toro,570.2424242818182,2.941176470588235,,,,toro
torpe,592.6117646941176,0.0,4.613,5.821,,torpe
torpedo,672.2057142657143,7.894736842105263,5.783,3.667,8.654,torpedo
torpeza,635.6085714514286,2.777777777777778,,,,torpeza
torre,546.5657894789474,2.564102564102564,,,,torre
torrente,641.4618749875,3.03030303030303,,,,torrente
torso,713.9903225419355,11.428571428571429,,,8.68,torso
torta,685.8325581325581,0.0,,,,torta
tortilla,592.8484848484849,2.941176470588235,,,,tortilla
tortuga,560.9351388888889,0.0,,,,tortuga
tortura,587.607432427027,0.0,4.625,5.286,,tortura
torturar,606.3594594486486,0.0,,,,torturar
tos,624.9222222277778,7.6923076923076925,,,,tos
tosca,729.1928571357142,28.2051282051282,4.538,2.212,9.312,tosca
tosco,699.1905172379311,21.62162162162162,,,,tosco
tostador,665.6394736868422,0.0,6.167,6.107,,tostador
total,568.4081081162162,0.0,,,,total
totalidad,623.6111111166666,0.0,,,8.25,totalidad
tour,726.0565217347826,32.35294117647059,5.37,5.0,8.692,tour
tóxico,615.9600000142857,0.0,,,,toxico
traba,758.7956521086957,34.28571428571429,3.611,3.714,,traba
trabajador,609.5973684289473,0.0,,,,trabajador
trabajadora,587.5862162108108,0.0,5.65,6.692,,trabajadora
trabajar,599.6204166666666,0.0,,,,trabajar
trabajo,573.065135154054,0.0,,,,trabajo
tractor,616.8657895236843,0.0,,,,tractor
tradición,639.3919117705882,0.0,,,,tradicion
tradicional,579.0945946135136,2.631578947368421,4.138,6.286,,tradicional
traducción,606.5147058794117,0.0,,,,traduccion
traducir,643.4540277805555,0.0,,,6.44,traducir
traductor,585.6297297054055,0.0,,,,traductor
traer,617.6630303060606,2.941176470588235,,,,traer
tráfico,592.6762162162162,0.0,,,,trafico
tragar,649.7410256435898,0.0,,,4.2,tragar
tragedia,623.9270270216216,0.0,,,,tragedia
trágico,603.5417142857143,2.777777777777778,,,,tragico
trago,612.7050000030302,2.941176470588235,,,5.52,trago
traición,677.376923074359,0.0,,,,traicion
traicionar,623.7352941676471,2.857142857142857,4.037,5.857,,traicionar
traidor,638.0190540405406,0.0,,,,traidor
traje,630.2471212121212,2.941176470588235,,,,traje
trama,683.5520270270271,0.0,,,,trama
tramo,652.4373749925,0.0,,,7.52,tramo
trampa,595.187096767742,6.0606060606060606,,,,trampa
trampolín,624.5757575818182,2.941176470588235,,,,trampolin
tramposo,681.7121212272727,2.941176470588235,,,,tramposo
trance,743.6720370370371,25.0,,,,trance
tranquilidad,643.003,2.777777777777778,,,,tranquilidad
tranquilizar,599.6054053324324,0.0,4.478,6.81,,tranquilizar
tranquilo,589.9514285885714,0.0,4.111,6.714,,tranquilo
transatlántico,822.86562499375,5.882352941176471,,,,transatlantico
transbordador,737.4936764705883,2.857142857142857,5.304,3.19,10.0,transbordador
transcripción,718.6212121242424,0.0,,,,transcripcion
transcurrir,682.2894736815789,2.564102564102564,,,9.4,transcurrir
transcurso,723.0820512794871,0.0,,,,transcurso
transferencia,612.9628571085715,0.0,,,,transferencia
transferible,685.6344827517241,0.0,,,,transferible
transformación,613.193939430303,2.941176470588235,,,,transformacion
transformar,638.3878571428571,2.777777777777778,,,6.9,transformar
tránsfuga,1023.172727272727,68.57142857142857,,,,transfuga
transgresión,764.140624996875,8.571428571428571,,,,transgresion
transición,693.2175675864864,0.0,,,,transicion
transistor,805.0081034413793,19.44444444444444,,,,transistor
tránsito,605.6470588294118,0.0,,,,transito
translúcido,678.8451613064516,6.0606060606060606,,,,translucido
transmisión,594.08666664,6.25,,,,transmision
transmisor,723.7868421105263,0.0,4.63,4.455,9.269,transmisor
transmitir,686.7078947447368,0.0,,,8.056,transmitir
transparencia,605.2757575696969,0.0,,,,transparencia
transportar,602.6200000085714,0.0,4.957,5.095,6.5,transportar
transporte,621.1105263184211,0.0,,,,transporte
tranvía,663.5764705882353,5.555555555555555,,,,tranvia
trapo,643.5472222222222,7.6923076923076925,,,,trapo
trascendencia,761.4538461410257,0.0,,,,trascendencia
trasero,677.3340909151515,0.0,,,,trasero
trasfondo,784.16857144,2.777777777777778,,,10.28,trasfondo
trasladar,677.9441860465116,0.0,,,7.095,trasladar
traslado,611.7061111111111,2.7027027027027026,,,,traslado
traspasar,690.3999999965517,3.3333333333333335,,,7.944,traspasar
trastienda,773.381093746875,13.513513513513509,,,9.136,trastienda
trastorno,599.8111841894737,2.564102564102564,,,,trastorno
trasvase,830.59333332,51.61290322580645,,,10.95,trasvase
tratado,655.9315789394736,0.0,,,,tratado
tratamiento,620.2454166777778,2.7027027027027026,,,,tratamiento
tratar,599.3710525947369,0.0,,,,tratar
trato,588.8231579289474,5.0,,,,trato
trauma,668.6973684184211,0.0,,,,trauma
travesía,644.2030303,5.714285714285714,,,,travesia
travesura,653.150000003125,0.0,,,,travesura
trayecto,668.0441891945947,0.0,,,6.955,trayecto
trayectoria,645.5941177029412,0.0,,,,trayectoria
trazado,667.7400000088235,2.857142857142857,,,8.2,trazado
trazar,659.6515151515151,5.714285714285714,,,7.5,trazar
trecho,700.6928571535715,28.2051282051282,,,,trecho
tregua,688.5131579052631,9.523809523809524,,,,tregua
treinta,686.5272727242424,0.0,6.1,6.429,,treinta
tremendo,653.0763157947368,0.0,4.111,5.75,,tremendo
tren,594.6263157868422,5.0,,,,tren
trenza,633.80625,3.03030303030303,,,,trenza
trepar,616.0564102384616,0.0,,,5.3,trepar
triangular,624.1669444555555,0.0,5.962,5.515,4.938,triangular
triángulo,604.9334722222222,0.0,,,,triangulo
tribu,623.4638888833333,7.6923076923076925,,,,tribu
tribuna,638.9497297351352,0.0,,,,tribuna
tribunal,575.1379310344828,6.451612903225806,,,,tribunal
tributaria,726.427272739394,0.0,3.632,3.7,,tributaria
tributo,702.0841428542857,5.405405405405405,,,,tributo
triciclo,744.2972972945946,7.5,6.379,5.16,,triciclo
trigo,564.5771428914286,0.0,,,,trigo
trineo,706.4628571485714,7.894736842105263,6.778,5.303,,trineo
trío,609.4368421236842,0.0,,,,trio
tripa,623.4894736526315,0.0,,,,tripa
tripulación,633.923076925641,0.0,,,,tripulacion
triste,607.2378571428571,2.777777777777778,4.156,6.643,,triste
tristeza,548.481249990625,0.0,,,,tristeza
triturar,653.699999996875,3.03030303030303,,,,triturar
triunfador,700.5323529411764,10.52631578947368,,,,triunfador
triunfante,692.2166666833333,2.7027027027027026,,,,triunfante
triunfar,618.94571424,0.0,,,,triunfar
triunfo,692.7594594567568,2.631578947368421,,,,triunfo
trofeo,582.19736845,0.0,,,,trofeo
trombón,715.9631578815789,0.0,,,,trombon
trompa,654.5594594648649,2.631578947368421,,,,trompa
trompeta,618.469696969697,0.0,,,,trompeta
tronco,646.5787142857143,2.777777777777778,,,,tronco
trono,661.259374996875,3.03030303030303,,,,trono
tropa,568.83,3.225806451612903,,,6.96,tropa
tropezar,629.20937501875,0.0,,,5.421,tropezar
tropical,608.7717948666667,2.5,4.55,5.286,,tropical
tropiezo,673.7921052657895,0.0,,,5.44,tropiezo
trote,672.5303030181818,10.81081081081081,,,7.95,trote
trozo,623.6145588176471,5.555555555555555,,,,trozo
trucha,684.0752941176471,2.857142857142857,,,,trucha
truco,623.0000000030303,0.0,,,5.762,truco
trueno,609.1571428690477,2.325581395348837,,,,trueno
tuberculosis,745.3764705970589,2.857142857142857,,,,tuberculosis
tubería,637.7236363636364,0.0,,,,tuberia
tubo,610.4577941205882,0.0,,,,tubo
tuerca,693.7806451677419,6.0606060606060606,,,,tuerca
tuerto,802.4777777805556,7.6923076923076925,,,8.5,tuerto
tulipán,659.2921052578947,2.564102564102564,,,,tulipan
tumba,595.9897435923077,0.0,,,,tumba
tumbona,674.1545454666667,10.81081081081081,,,,tumbona
tumor,651.358648654054,0.0,,,,tumor
tumulto,807.1631578947369,45.71428571428571,,,10.05,tumulto
túnel,558.209523802381,2.325581395348837,,,,tunel
túnica,654.7219444444445,2.7027027027027026,,,,tunica
turba,752.203999928,34.210526315789465,,,,turba
turbante,697.0710526289473,0.0,5.947,4.714,,turbante
turbio,642.463888925,5.263157894736842,3.808,5.286,,turbio
turbulento,716.8527777666667,2.7027027027027026,,,,turbulento
turco,625.2441176941177,2.857142857142857,,,7.4,turco
turismo,586.5558823,0.0,,,,turismo
turista,619.125500025,0.0,,,,turista
turno,673.4027777777778,7.6923076923076925,,,,turno
turquesa,666.8351351378378,5.128205128205128,5.45,5.5,,turquesa
tutor,586.3193548258065,3.125,5.478,5.143,5.577,tutor
ubicación,657.846875003125,3.03030303030303,,,,ubicacion
úlcera,644.0545454636364,2.941176470588235,,,,ulcera
ultimátum,795.9285714285714,7.894736842105263,,,,ultimatum
último,586.2783783756756,0.0,,,,ultimo
umbral,710.3290540621622,0.0,,,10.0,umbral
una,614.4094594675676,5.128205128205128,4.85,6.697,,una
unanimidad,877.75666667,18.91891891891892,,,10.095,unanimidad
único,594.78749999375,0.0,,,,unico
unidad,593.1675675648648,2.631578947368421,,,,unidad
unificación,675.6354838741936,3.125,,,,unificacion
uniforme,595.4354838419355,0.0,,,,uniforme
uniformidad,681.6486486594595,0.0,,,9.222,uniformidad
unión,609.4411764705882,2.857142857142857,,,,union
unir,636.5312500125,3.03030303030303,,,6.0,unir
unísono,773.5913043434782,23.333333333333332,,,,unisono
universal,609.4075,0.0,,,,universal
universalidad,693.174074074074,15.625,,,9.04,universalidad
universidad,563.8935483967742,0.0,,,,universidad
universitario,641.0882352970589,0.0,5.414,6.75,,universitario
universo,585.142499995,0.0,,,,universo
uno,567.2441176558824,0.0,5.13,6.536,,uno
uranio,746.43214285,22.22222222222222,,,9.571,uranio
urbana,622.5337179435897,2.5,4.25,5.952,,urbana
urbanidad,693.6756756918919,9.75609756097561,,,9.65,urbanidad
urbanismo,690.5691428571429,0.0,,,9.857,urbanismo
urbanización,641.8295833388889,2.7027027027027026,,,,urbanizacion
urbano,618.5048611111112,0.0,,,6.944,urbano
urgencia,635.427272730303,2.941176470588235,,,,urgencia
urgente,636.362500005,0.0,4.28,6.0,5.5,urgente
usar,554.3725675621622,0.0,,,3.611,usar
uso,568.2029729783784,0.0,,,,uso
usual,681.84062505,13.513513513513509,3.652,5.0,8.385,usual
usuario,570.821875025,3.03030303030303,,,,usuario
utensilio,765.2777777638889,16.279069767441857,,,,utensilio
útil,596.3137878787879,8.333333333333332,,,,util
utilidad,614.7358974384615,0.0,,,,utilidad
utilización,636.1030303,0.0,,,,utilizacion
utilizar,578.0303030272727,0.0,,,,utilizar
utopía,680.7750000342105,5.0,,,,utopia
uva,596.7513513810811,2.631578947368421,,,,uva
vaca,599.2631578921053,0.0,,,,vaca
vacación,734.73866668,14.28571428571428,,,,vacacion
vaciar,612.9878787909091,2.941176470588235,,,4.091,vaciar
vacilación,710.4524999875,6.976744186046512,,,,vacilacion
vacilar,603.9575675702703,0.0,,,,vacilar
vacío,610.3769230794871,2.5,,,,vacio
vacuna,570.6054053891892,2.631578947368421,,,,vacuna
vacuno,660.1343055555556,2.7027027027027026,5.136,5.381,,vacuno
vaga,699.6540540459459,2.631578947368421,,,5.833,vaga
vagabundo,626.9314285742857,0.0,,,,vagabundo
vagina,560.1342857028571,2.777777777777778,6.4,5.857,,vagina
vago,593.2526315789473,2.564102564102564,,,,vago
vaina,705.9270270324324,2.631578947368421,,,9.619,vaina
vainilla,676.5027027027027,0.0,6.2,5.786,,vainilla
vaivén,773.3961538615384,25.71428571428571,,,,vaiven
vale,612.1763158078948,0.0,,,,vale
valentía,610.439473718421,0.0,,,,valentia
valer,700.559999996,16.66666666666667,,,7.368,valer
valía,700.8676470705882,8.108108108108109,,,,valia
validez,630.8970588235294,0.0,,,7.9,validez
valiente,574.1473684315789,0.0,,,,valiente
valioso,585.9529411647059,0.0,3.56,5.731,6.308,valioso
valla,677.0658620586207,21.62162162162162,,,,valla
valle,626.2029411705882,2.857142857142857,,,,valle
valor,585.2676470617647,2.857142857142857,,,,valor
valoración,628.5205128153846,0.0,,,,valoracion
valorar,592.200540545946,0.0,3.826,,,valorar
vals,781.7235294117647,51.42857142857142,,,,vals
válvula,650.3511627860465,0.0,,,,valvula
vampiro,617.5153846076923,2.5,,,,vampiro
vándalo,692.0945946108108,0.0,,,,vandalo
vanguardia,650.1666666575758,2.941176470588235,,,8.571,vanguardia
vanidad,637.8024390195122,0.0,,,,vanidad
vano,668.5600000033334,14.28571428571428,3.8,4.038,7.731,vano
vapor,627.1955882352942,5.555555555555555,,,,vapor
vaqueros,657.4447368368421,0.0,5.4,6.05,,vaqueros
vara,798.8952380952381,40.0,,,7.0,vara
variable,678.8236842052631,5.0,,,8.4,variable
variación,761.1006944444445,2.7027027027027026,,,,variacion
variante,652.8235294088236,2.857142857142857,,,8.905,variante
varianza,718.6487037111111,18.18181818181818,2.55,3.939,,varianza
variar,612.7147058794118,0.0,,,6.571,variar
varicela,711.2676470264706,2.857142857142857,6.0,5.577,,varicela
variedad,624.6212121151515,2.941176470588235,,,,variedad
varita,677.046875003125,8.571428571428571,5.565,4.75,,varita
varón,621.5387142714286,2.777777777777778,,,,varon
vasco,640.802564097436,2.5,,,,vasco
vasija,699.5399999699999,14.28571428571428,,,9.76,vasija
vaso,606.7628571228571,0.0,,,,vaso
váter,690.2964286171429,2.777777777777778,,,,vater
vecina,596.5117647058823,0.0,,,3.952,vecina
vecindad,767.4453225870968,13.88888888888889,,,8.95,vecindad
vecindario,764.2441176441176,8.108108108108109,,,7.3,vecindario
vecino,653.497058817647,0.0,,,3.76,vecino
vegetación,673.4549999975,0.0,,,,vegetacion
vegetal,620.3108108135135,2.631578947368421,,,,vegetal
vehemencia,891.2588235235294,51.42857142857142,,,10.944,vehemencia
vehículo,612.537500005,0.0,,,,vehiculo
vejatorio,687.2095237999999,34.375,,,,vejatorio
vejez,661.7714285628572,5.405405405405405,,,,vejez
vejiga,702.4749999638889,2.7027027027027026,6.684,4.893,,vejiga
vela,657.4884285771428,2.777777777777778,,,,vela
velada,720.2000000055556,0.0,,,8.96,velada
velar,663.7105263263157,5.0,,,9.0,velar
velero,761.1996666666666,11.76470588235294,6.407,5.286,,velero
vello,728.6857142828571,7.894736842105263,,,6.667,vello
velocidad,554.4353750075,0.0,,,,velocidad
veloz,579.1848484606061,5.714285714285714,4.786,5.69,,veloz
vena,609.7051428571428,2.777777777777778,,,,vena
vencedor,632.3736842605264,5.0,,,,vencedor
vencer,633.7472222138889,2.7027027027027026,,,,vencer
venda,654.3122727242425,0.0,,,,venda
vendedor,657.4297297324324,2.631578947368421,,,,vendedor
vender,583.9238095285714,0.0,,,,vender
veneno,611.5769230769231,2.5,,,,veneno
venenosa,687.5756756459459,2.631578947368421,5.087,5.238,,venenosa
venganza,595.8055555444445,2.7027027027027026,,,,venganza
vengar,692.4752631763158,5.0,4.043,4.952,8.0,vengar
venir,575.3214516064517,3.125,,,,venir
venta,689.0027026972973,0.0,,,,venta
ventaja,538.4685713971429,0.0,,,,ventaja
ventana,601.0450000125,0.0,,,,ventana
ventanal,698.2891891837837,2.631578947368421,,,6.952,ventanal
ventanilla,593.309999965,0.0,,,,ventanilla
ventilación,634.5057142857142,0.0,,,,ventilacion
ventilador,674.5030302969697,0.0,,,4.818,ventilador
venus,670.8499999694444,5.263157894736842,5.593,4.227,8.231,venus
ver,567.854054045946,5.128205128205128,,,,ver
vera,717.0423076846154,29.72972972972973,,,,vera
veracidad,695.4540540351352,5.128205128205128,,,10.045,veracidad
verano,585.723684181579,0.0,,,,verano
verbal,612.2213235294117,0.0,3.895,5.97,,verbal
verbena,722.2794117558824,8.108108108108109,,,,verbena
verbo,592.9328205230769,2.5,,,,verbo
verdad,542.8571428571429,0.0,,,,verdad
verde,550.7697674348838,0.0,5.852,6.643,,verde
verdura,578.2742857628572,0.0,4.444,6.72,,verdura
vereda,778.346153876923,25.71428571428571,,,10.579,vereda
veredicto,716.8749999821429,6.666666666666667,,,8.278,veredicto
vergonzoso,626.8256410333333,2.5,3.852,6.25,,vergonzoso
vergüenza,601.7999999974359,0.0,,,,verguenza
verificar,648.4547142942857,2.777777777777778,,,9.0,verificar
verja,735.876000008,28.57142857142857,,,,verja
versión,616.260606060606,0.0,,,,version
verso,655.577575769697,0.0,,,,verso
vertebral,632.1232894736842,2.564102564102564,5.35,4.929,,vertebral
vertedero,656.5476315973684,5.0,5.444,4.571,,vertedero
vertical,624.8533333333334,0.0,,,5.857,vertical
vértice,664.7342424303031,0.0,,,,vertice
vertiente,807.0724137551724,14.70588235294118,,,10.143,vertiente
vértigo,629.4868420947369,0.0,,,,vertigo
vestíbulo,589.023625005,0.0,,,,vestibulo
vestido,547.2848484878788,0.0,,,,vestido
vestir,622.6111111027777,0.0,,,,vestir
vestuario,608.26874999375,3.03030303030303,,,4.773,vestuario
veterinaria,711.6571428514286,0.0,,,,veterinaria
vez,601.7083333416666,0.0,,,,vez
vía,611.9027027,2.631578947368421,,,,via
viajar,622.8969696909091,0.0,,,,viajar
viaje,590.9210526,0.0,,,,viaje
viajero,610.0393939393939,5.714285714285714,,,,viajero
víbora,665.12499999375,8.571428571428571,,,,vibora
vibración,629.12421874375,0.0,,,,vibracion
vibrante,619.755882382353,2.857142857142857,3.692,5.0,7.844,vibrante
vicepresidente,702.4081081027027,2.631578947368421,,,,vicepresidente
vicio,671.5027777944445,5.263157894736842,,,,vicio
vicioso,606.9491428457143,2.777777777777778,3.5,5.5,,vicioso
víctima,564.0148684026316,2.564102564102564,,,,victima
victimismo,652.1647059058823,2.857142857142857,4.613,5.536,,victimismo
victoria,556.6842105263158,2.564102564102564,,,,victoria
victorioso,768.409375,5.882352941176471,,,,victorioso
vida,570.0951470588235,5.555555555555555,,,,vida
vidriera,811.7078333366667,11.76470588235294,,,,vidriera
vidrio,631.8627777888889,2.7027027027027026,,,,vidrio
viejo,604.9394737289474,0.0,,,,viejo
viento,611.60526315,0.0,,,,viento
vientre,625.477564125641,0.0,,,,vientre
viga,722.1458333166667,20.0,,,,viga
vigilancia,620.294999995,0.0,,,,vigilancia
vigilante,584.9857143107142,6.666666666666667,,,,vigilante
vigilar,605.9473684342105,0.0,,,,vigilar
vigilia,736.628125,3.03030303030303,,,9.444,vigilia
vigor,695.645156246875,11.11111111111111,,,,vigor
vigoroso,697.2677419322581,3.125,3.8,3.31,,vigoroso
vil,728.0295652434783,37.83783783783784,,,10.45,vil
villa,695.8516129032258,6.0606060606060606,,,,villa
villano,670.918918918919,2.631578947368421,5.704,4.727,5.154,villano
vinagre,588.2000000147059,0.0,,,,vinagre
vinculación,709.8620689551724,3.3333333333333335,,,,vinculacion
vínculo,599.0859459432432,0.0,,,,vinculo
vino,589.3090909060606,5.714285714285714,,,,vino
violación,608.7777777777778,2.7027027027027026,,,,violacion
violador,669.3457142885715,0.0,,,,violador
violar,568.9652702621622,0.0,,,,violar
violencia,609.0557692461539,0.0,,,,violencia
violenta,574.456249996875,3.03030303030303,4.296,5.818,6.769,violenta
violento,541.12333335,3.225806451612903,,,,violento
violeta,597.468783772973,0.0,4.609,5.2,,violeta
violín,564.0764705882353,0.0,,,,violin
violinista,664.7052631657895,2.564102564102564,6.5,5.242,5.25,violinista
violonchelo,817.4476190428571,34.375,6.714,4.538,,violonchelo
virgen,570.2941176735294,0.0,,,,virgen
virginidad,723.2121212090909,0.0,,,,virginidad
virtud,653.6263157842105,2.564102564102564,,,,virtud
viruela,640.3969697060606,0.0,,,,viruela
visa,689.2461111148148,18.18181818181818,5.913,4.857,9.731,visa
vísceras,722.494531253125,5.882352941176471,,,,visceras
visera,816.0961111148148,22.857142857142858,6.1,4.68,,visera
visible,592.8175000049999,0.0,4.304,5.571,6.769,visible
visión,564.745161283871,0.0,,,,vision
visita,597.0606944388888,2.7027027027027026,,,,visita
visitante,589.7722222194444,2.7027027027027026,,,6.579,visitante
visitar,598.8181818333334,0.0,,,,visitar
víspera,643.824218759375,11.11111111111111,,,,vispera
vista,569.2749999975,0.0,,,,vista
visual,615.6999999935484,0.0,5.1,6.519,,visual
visualizar,607.6914285657143,0.0,,,,visualizar
vital,622.1032258096774,0.0,3.8,5.607,,vital
vitalidad,653.9598611083334,0.0,,,,vitalidad
vitrina,717.6694444305556,5.263157894736842,,,,vitrina
viuda,616.628125003125,3.03030303030303,,,,viuda
viudo,643.6220588294118,8.108108108108109,,,,viudo
vívido,685.6073170731707,2.3809523809523814,,,,vivido
vivienda,577.3799999975,0.0,,,,vivienda
viviente,704.9693055277778,2.7027027027027026,,,7.0,viviente
vivir,569.7378378486486,2.631578947368421,,,,vivir
vivo,565.55714288,0.0,,,,vivo
vocablo,711.9423076923077,31.57894736842105,,,,vocablo
vocabulario,613.193750015625,5.882352941176471,,,,vocabulario
vocación,619.2085714142858,0.0,,,,vocacion
vocal,549.5652857171428,5.405405405405405,5.2,5.81,,vocal
vocalista,652.3545454454545,2.941176470588235,5.923,4.636,8.344,vocalista
vocalizar,626.47500000625,3.03030303030303,,,,vocalizar
vodka,657.925,9.67741935483871,,,,vodka
volante,599.6421052605264,0.0,,,,volante
volar,585.7789999775,0.0,,,,volar
volátil,639.2420270567568,7.5,,,,volatil
volcán,581.16285712,0.0,,,,volcan
voleibol,700.3838709677419,8.823529411764707,6.778,5.815,,voleibol
voltaje,615.0342857028571,0.0,4.808,3.939,9.312,voltaje
voltear,687.0764705882353,2.857142857142857,,,,voltear
volumen,609.0031428542857,2.777777777777778,,,,volumen
voluntad,585.3777027135135,0.0,,,,voluntad
voluptuosidad,839.5000000133333,53.125,,,,voluptuosidad
voluptuoso,792.9625,27.27272727272727,,,,voluptuoso
volver,572.4297296972973,5.128205128205128,,,,volver
vomitar,596.1399999971428,0.0,,,3.5,vomitar
vómito,649.0702702513513,2.631578947368421,,,,vomito
votación,603.0000000028572,0.0,,,,votacion
votar,560.81875000625,0.0,,,,votar
voto,577.8870967709678,8.823529411764707,,,,voto
voz,582.6432432405405,0.0,,,,voz
vuelo,588.9351351351352,2.631578947368421,,,,vuelo
vuelta,606.1000000051282,2.5,,,,vuelta
vulgar,588.8999999911765,0.0,4.37,5.273,9.115,vulgar
vulgaridad,671.5351351297297,0.0,,,8.9,vulgaridad
vulnerable,643.8669444444445,0.0,4.074,5.727,9.038,vulnerable
web,604.2312499625,5.882352941176471,5.667,6.606,,web
whisky,684.2148485090909,13.157894736842099,6.556,5.905,,whisky
yacimiento,722.687878790909,13.157894736842099,,,9.762,yacimiento
yanqui,838.7517241517241,17.14285714285714,,,,yanqui
yate,692.1666666666666,7.6923076923076925,,,,yate
yegua,632.5509090636364,15.38461538461539,,,,yegua
yema,648.0680302969697,8.333333333333332,,,6.16,yema
yerba,838.9818181818182,68.57142857142857,,,6.64,yerba
yerno,712.5330303030303,8.333333333333332,6.091,5.121,,yerno
yeso,635.93333333,14.28571428571428,,,,yeso
yoga,582.6897435820513,0.0,,,,yoga
yoyó,763.5682142928572,22.22222222222222,,,,yoyo
zafiro,720.2296296222222,20.58823529411765,6.455,3.31,,zafiro
zambomba,843.2695238095238,30.0,5.96,3.929,,zambomba
zanahoria,641.766666669697,5.714285714285714,,,,zanahoria
zanja,742.172000004,24.24242424242424,,,9.182,zanja
zapatero,654.7438571428571,0.0,6.333,6.185,,zapatero
zapatilla,596.4131579052631,0.0,5.652,6.741,,zapatilla
zapato,602.4200000428572,5.405405405405405,,,,zapato
zinc,697.7319642892857,28.2051282051282,6.375,3.556,,zinc
zona,571.102380947619,0.0,,,,zona
zoo,611.0342105210526,0.0,5.75,5.464,,zoo
zoología,650.3756756702703,2.631578947368421,,,,zoologia
zoológico,707.8783783756757,2.631578947368421,,,,zoologico
zopenco,778.2190475761905,40.0,,,,zopenco
zorro,594.35714284,0.0,,,,zorro
zumbido,663.1088235294118,8.108108108108109,,,7.167,zumbido
zumo,577.2129032129033,0.0,,,,zumo
zurdo,717.9540540459459,2.631578947368421,6.29,5.643,5.438,zurdo
zurra,747.3961363590909,37.14285714285714,,,,zurra
