palabra,rt,palabra_noaccents
abalanzar,472.32,abalanzar
abalanzarse,543.51,abalanzarse
abanderar,507.32,abanderar
abandonar,496.39,abandonar
abandonarse,519.45,abandonarse
abanicar,521.28,abanicar
abanicarse,564.41,abanicarse
abaratar,491.34,abaratar
abarcar,475.9,abarcar
abarrotar,519.03,abarrotar
abastecer,541.15,abastecer
abastecerse,564.72,abastecerse
abatir,518.63,abatir
abdicar,519.35,abdicar
abjurar,558.07,abjurar
ablandar,482.17,ablandar
abocar,491.86,abocar
abocetar,511.9,abocetar
abochornar,578.25,abochornar
abofetear,502.84,abofetear
abogar,513.09,abogar
abolir,518.47,abolir
abollar,507.89,abollar
abombar,601.44,abombar
abominar,515.69,abominar
abonar,480.99,abonar
abordar,487.22,abordar
abordarse,480.46,abordarse
aborrecer,526.58,aborrecer
aborrecerse,517.01,aborrecerse
abortar,490.67,abortar
abotonar,536.09,abotonar
abovedar,528.92,abovedar
aboyar,485.21,aboyar
abrasar,524.6,abrasar
abrazar,496.63,abrazar
abrevar,509.07,abrevar
abreviar,483.55,abreviar
abrigar,481.13,abrigar
abrigarse,530.42,abrigarse
abrillantar,538.23,abrillantar
abrir,473.78,abrir
abrirse,489.39,abrirse
abrochar,512.03,abrochar
abrocharse,501.99,abrocharse
abroncar,558.19,abroncar
abrumar,528.95,abrumar
absolver,546.77,absolver
absorver,521.33,absorver
abstener,535.56,abstener
abstenerse,532.49,abstenerse
abstraer,512.68,abstraer
abuchear,530.23,abuchear
abultar,477.28,abultar
abundar,529.08,abundar
aburrir,509.29,aburrir
aburrirse,478.39,aburrirse
abusar,487.09,abusar
acabar,501.43,acabar
acabarse,546.37,acabarse
academizar,588.88,academizar
acaecer,546.03,acaecer
acallar,518.28,acallar
acalorar,545.15,acalorar
acampar,494.77,acampar
acantonar,573.67,acantonar
acaparar,560.98,acaparar
acariciar,497.86,acariciar
acarrear,536.6,acarrear
acatar,491.55,acatar
acatarrar,527.91,acatarrar
acaudalar,630.39,acaudalar
acceder,506.3,acceder
accidentar,553.17,accidentar
accidentarse,537.27,accidentarse
accionar,486.78,accionar
acechar,562.83,acechar
acedar,602.9,acedar
aceitar,492.88,aceitar
acelerar,493.41,acelerar
acendrar,595.84,acendrar
acentuar,494.53,acentuar
acentuarse,519.43,acentuarse
aceptar,509.59,aceptar
aceptarse,493.63,aceptarse
acerar,483.26,acerar
acercar,503.81,acercar
acercarse,532.09,acercarse
acertar,491.45,acertar
achacar,534.39,achacar
achatar,536.28,achatar
achicar,543.21,achicar
achicharrar,578.39,achicharrar
achuchar,550.92,achuchar
acicalar,573.76,acicalar
aclamar,526.46,aclamar
aclarar,483.68,aclarar
aclararse,577.61,aclararse
aclimatar,524.12,aclimatar
acobardar,588.34,acobardar
acoger,503.5,acoger
acogerse,528.53,acogerse
acolchar,550.27,acolchar
acometer,535.5,acometer
acomodar,503.29,acomodar
acompañar,483.26,acompanar
acompañarse,505.82,acompanarse
acompasar,513.44,acompasar
acondicionar,566.18,acondicionar
acongojar,568.6,acongojar
aconsejar,483.58,aconsejar
acontecer,509.21,acontecer
acopiar,470.4,acopiar
acoplar,496.7,acoplar
acoplarse,521.35,acoplarse
acorazar,579.58,acorazar
acorchar,578.01,acorchar
acordar,517.67,acordar
acordarse,516.17,acordarse
acordonar,518.81,acordonar
acorralar,521.26,acorralar
acortar,476.89,acortar
acosar,493.76,acosar
acostar,518.42,acostar
acostarse,521.32,acostarse
acostumbrar,536.4,acostumbrar
acostumbrarse,513.53,acostumbrarse
acotar,489.32,acotar
acrecentar,589.06,acrecentar
acrecer,516.13,acrecer
acreditar,510.98,acreditar
acribillar,528.4,acribillar
acrisolar,543.01,acrisolar
acristalar,546.44,acristalar
activar,484.09,activar
actualizar,474.95,actualizar
actualizarse,547.85,actualizarse
actuar,472.5,actuar
acuartelar,673.15,acuartelar
acuchillar,520.71,acuchillar
acuciar,581.0,acuciar
acudir,478.56,acudir
acumular,489.26,acumular
acumularse,530.78,acumularse
acunar,487.16,acunar
acuñar,485.33,acunar
acurrucarse,553.53,acurrucarse
acusar,500.6,acusar
adaptar,478.53,adaptar
adaptarse,518.03,adaptarse
adecentar,548.29,adecentar
adecentarse,584.09,adecentarse
adecuar,509.05,adecuar
adecuarse,537.26,adecuarse
adelantar,498.74,adelantar
adelantarse,489.2,adelantarse
adelgazar,525.6,adelgazar
adentrar,517.55,adentrar
adentrarse,490.28,adentrarse
aderezar,498.87,aderezar
adeudar,504.46,adeudar
adherir,547.2,adherir
adherirse,557.57,adherirse
adicionar,495.2,adicionar
adiestrar,524.95,adiestrar
adivinar,476.08,adivinar
adjetivar,560.09,adjetivar
adjudicar,538.82,adjudicar
adjudicarse,607.36,adjudicarse
adjuntar,509.32,adjuntar
administrar,533.69,administrar
admirar,487.5,admirar
admitir,505.59,admitir
adobar,543.77,adobar
adoctrinar,525.89,adoctrinar
adolecer,503.14,adolecer
adoptar,487.5,adoptar
adoptarse,507.33,adoptarse
adorar,498.71,adorar
adormecer,544.89,adormecer
adormecerse,580.84,adormecerse
adornar,476.43,adornar
adosar,495.04,adosar
adquirir,477.23,adquirir
adscribir,575.25,adscribir
aducir,503.81,aducir
adueñar,528.56,aduenar
adueñarse,519.14,aduenarse
adular,507.99,adular
adulterar,529.47,adulterar
advertir,533.44,advertir
afamar,475.51,afamar
afanar,510.98,afanar
afear,525.61,afear
afectar,484.0,afectar
afeitar,485.62,afeitar
afeitarse,538.18,afeitarse
afeminar,561.24,afeminar
aferrar,474.09,aferrar
aferrarse,534.84,aferrarse
afianzar,520.4,afianzar
afianzarse,517.33,afianzarse
aficionar,521.86,aficionar
aficionarse,564.82,aficionarse
afilar,513.5,afilar
afiliar,459.75,afiliar
afiliarse,526.51,afiliarse
afinar,473.29,afinar
afincar,547.23,afincar
afirmar,483.84,afirmar
afirmarse,501.58,afirmarse
afligir,528.44,afligir
aflojar,514.51,aflojar
aflorar,518.9,aflorar
afluir,507.49,afluir
afrentar,499.44,afrentar
afrontar,476.92,afrontar
agachar,480.35,agachar
agacharse,527.83,agacharse
agarrar,486.96,agarrar
agarrarse,516.18,agarrarse
agarrotar,556.37,agarrotar
agasajar,565.1,agasajar
agazapar,528.99,agazapar
agenciar,516.29,agenciar
agigantar,548.71,agigantar
agilizar,528.8,agilizar
agitar,501.48,agitar
agitarse,516.51,agitarse
aglomerar,526.54,aglomerar
aglutinar,566.06,aglutinar
agobiar,467.36,agobiar
agolpar,505.39,agolpar
agonizar,516.28,agonizar
agotar,474.5,agotar
agotarse,495.73,agotarse
agraciar,567.33,agraciar
agradar,499.43,agradar
agradecer,488.17,agradecer
agrandar,553.65,agrandar
agravar,493.17,agravar
agraviar,540.26,agraviar
agredir,476.91,agredir
agregar,491.0,agregar
agriar,508.1,agriar
agrietar,539.29,agrietar
agrupar,489.5,agrupar
agruparse,496.67,agruparse
aguantar,484.06,aguantar
aguantarse,503.93,aguantarse
aguar,504.19,aguar
aguardar,493.49,aguardar
agudizar,470.08,agudizar
aguijar,578.57,aguijar
agujerear,535.63,agujerear
agusanar,534.72,agusanar
aguzar,514.85,aguzar
ahijar,536.62,ahijar
ahogar,493.18,ahogar
ahogarse,520.95,ahogarse
ahondar,517.35,ahondar
ahorcar,513.46,ahorcar
ahorrar,497.84,ahorrar
ahorrarse,531.55,ahorrarse
ahuecar,543.75,ahuecar
ahumar,497.18,ahumar
ahumarse,500.38,ahumarse
ahuyentar,527.74,ahuyentar
airar,494.75,airar
airear,511.12,airear
airearse,595.4,airearse
aislar,499.18,aislar
aislarse,526.03,aislarse
ajustar,463.1,ajustar
ajustarse,519.54,ajustarse
ajusticiar,502.86,ajusticiar
alabar,479.3,alabar
alabarse,547.26,alabarse
alabear,566.58,alabear
alagar,475.65,alagar
alancear,528.91,alancear
alar,478.67,alar
alardear,564.65,alardear
alargar,486.89,alargar
alargarse,551.73,alargarse
alarmar,479.02,alarmar
albergar,541.15,albergar
alborear,586.86,alborear
alborotar,522.45,alborotar
alborozar,565.92,alborozar
alcantarillar,612.52,alcantarillar
alcanzar,532.64,alcanzar
alcoholizar,554.0,alcoholizar
alear,474.45,alear
aleccionar,548.16,aleccionar
alegar,495.91,alegar
alegrar,478.7,alegrar
alejar,471.09,alejar
alejarse,513.52,alejarse
alentar,484.26,alentar
alertar,491.86,alertar
alertarse,547.27,alertarse
aletargar,588.08,aletargar
aletear,595.36,aletear
alfombrar,501.08,alfombrar
aliar,491.61,aliar
aliarse,522.61,aliarse
alienar,480.43,alienar
aligerar,517.75,aligerar
alimentar,504.1,alimentar
alimentarse,503.34,alimentarse
alinear,506.28,alinear
alinearse,516.94,alinearse
aliñar,500.18,alinar
alisar,487.6,alisar
alistar,514.09,alistar
alistarse,531.74,alistarse
aliviar,497.32,aliviar
allanar,496.08,allanar
allanarse,556.94,allanarse
allegar,495.13,allegar
almacenar,487.8,almacenar
almidonar,549.15,almidonar
almohadillar,570.35,almohadillar
almorzar,525.03,almorzar
alojar,505.13,alojar
alojarse,522.25,alojarse
alquilar,480.97,alquilar
alquitranar,574.89,alquitranar
alterar,498.45,alterar
altercar,597.69,altercar
alternar,497.96,alternar
alucinar,484.97,alucinar
aludir,522.74,aludir
alumbrar,520.6,alumbrar
alunizar,531.14,alunizar
alzar,469.56,alzar
amadrinar,538.19,amadrinar
amaestrar,582.0,amaestrar
amagar,495.12,amagar
amainar,559.77,amainar
amalgamar,605.01,amalgamar
amamantar,598.79,amamantar
amanecer,453.79,amanecer
amansar,547.01,amansar
amañar,493.17,amanar
amar,456.28,amar
amargar,498.36,amargar
amargarse,532.5,amargarse
amarillear,550.96,amarillear
amarrar,513.51,amarrar
amarse,513.46,amarse
amasar,510.65,amasar
ambicionar,547.92,ambicionar
ambientar,513.16,ambientar
amedrentar,646.83,amedrentar
amenazar,509.23,amenazar
amenizar,525.03,amenizar
ametrallar,558.12,ametrallar
amigar,477.53,amigar
amilanar,576.23,amilanar
aminorar,536.71,aminorar
amolar,468.63,amolar
amoldar,519.96,amoldar
amoldarse,506.13,amoldarse
amonestar,559.07,amonestar
amontonar,525.78,amontonar
amordazar,569.42,amordazar
amortajar,568.7,amortajar
amortiguar,526.16,amortiguar
amortizar,509.08,amortizar
amotinar,559.45,amotinar
amparar,557.19,amparar
ampararse,540.37,ampararse
ampliar,527.48,ampliar
ampliarse,514.51,ampliarse
amplificar,484.25,amplificar
ampollar,493.08,ampollar
amputar,493.87,amputar
amueblar,527.27,amueblar
amurallar,553.15,amurallar
analizar,505.69,analizar
analizarse,505.41,analizarse
anatematizar,612.25,anatematizar
anclar,518.87,anclar
anclarse,508.04,anclarse
andar,497.67,andar
andarse,474.07,andarse
anegar,516.44,anegar
anestesiar,535.41,anestesiar
anexar,519.96,anexar
anexionar,552.31,anexionar
anexionarse,535.65,anexionarse
angostar,521.14,angostar
angustiar,513.55,angustiar
anhelar,572.51,anhelar
anidar,542.47,anidar
anillar,478.33,anillar
animalizar,529.72,animalizar
animar,496.59,animar
animarse,529.29,animarse
aniquilar,506.81,aniquilar
anochecer,552.29,anochecer
anonadar,560.28,anonadar
anotar,496.2,anotar
anotarse,509.84,anotarse
ansiar,471.85,ansiar
anteceder,568.32,anteceder
anteponer,516.1,anteponer
anticipar,493.47,anticipar
anticiparse,546.58,anticiparse
anudar,506.8,anudar
anular,468.96,anular
anunciar,494.92,anunciar
anunciarse,502.4,anunciarse
añadir,476.91,anadir
añadirse,500.84,anadirse
añorar,499.09,anorar
apabullar,512.02,apabullar
apacentar,613.86,apacentar
apaciguar,534.49,apaciguar
apadrinar,503.18,apadrinar
apagar,485.87,apagar
apalabrar,513.89,apalabrar
apalancar,487.9,apalancar
apalear,516.44,apalear
apandar,540.25,apandar
apañar,494.27,apanar
aparcar,466.51,aparcar
aparear,508.64,aparear
aparecer,472.49,aparecer
aparejar,539.84,aparejar
aparentar,516.58,aparentar
apartar,497.57,apartar
apartarse,511.4,apartarse
apasionar,495.52,apasionar
apear,486.91,apear
apearse,568.05,apearse
apechugar,529.36,apechugar
apedrear,551.62,apedrear
apegarse,525.74,apegarse
apelar,510.68,apelar
apellidar,510.45,apellidar
apelotonarse,642.51,apelotonarse
apenar,487.96,apenar
apercibir,547.95,apercibir
apesadumbrar,668.08,apesadumbrar
apestar,514.4,apestar
apetecer,516.82,apetecer
apiadar,559.84,apiadar
apilar,482.14,apilar
apiñar,482.56,apinar
apisonar,542.96,apisonar
aplacar,510.38,aplacar
aplanar,504.61,aplanar
aplastar,485.85,aplastar
aplaudir,523.27,aplaudir
aplazar,460.21,aplazar
aplicar,480.41,aplicar
aplicarse,482.64,aplicarse
apocopar,570.1,apocopar
apodar,503.8,apodar
apoderar,543.18,apoderar
apoderarse,535.85,apoderarse
apoltronarse,575.95,apoltronarse
apoquinar,542.87,apoquinar
aporrear,501.72,aporrear
aportar,483.84,aportar
aposentar,532.12,aposentar
aposentarse,596.49,aposentarse
apostar,497.43,apostar
apostatar,504.61,apostatar
apostillar,550.63,apostillar
apoyar,474.06,apoyar
apoyarse,531.04,apoyarse
apreciar,480.79,apreciar
aprehender,595.08,aprehender
apremiar,530.52,apremiar
aprender,465.56,aprender
aprenderse,485.35,aprenderse
apresar,514.53,apresar
aprestarse,533.88,aprestarse
apresurar,524.49,apresurar
apretar,521.66,apretar
apretarse,539.64,apretarse
aprisionar,559.95,aprisionar
aprobar,465.63,aprobar
aprobarse,515.82,aprobarse
apropiar,515.95,apropiar
apropiarse,511.78,apropiarse
aprovechar,480.74,aprovechar
aprovecharse,498.9,aprovecharse
aprovisionar,532.02,aprovisionar
aproximar,496.55,aproximar
aproximarse,489.19,aproximarse
apuntalar,487.89,apuntalar
apuntar,454.83,apuntar
apuntarse,507.11,apuntarse
apuñalar,496.81,apunalar
apurar,491.3,apurar
aquejar,511.09,aquejar
aquietar,531.35,aquietar
arañar,483.32,aranar
arañarse,519.58,aranarse
arar,520.7,arar
arbitrar,491.04,arbitrar
archivar,517.44,archivar
arder,511.72,arder
arengar,545.67,arengar
argüir,562.48,arguir
argumentar,514.63,argumentar
argumentarse,544.39,argumentarse
armar,474.6,armar
armarse,537.64,armarse
armonizar,547.62,armonizar
arponear,552.74,arponear
arquear,493.65,arquear
arraigar,507.72,arraigar
arramblar,526.88,arramblar
arrancar,519.77,arrancar
arrasar,495.64,arrasar
arrastrar,484.72,arrastrar
arrastrarse,524.1,arrastrarse
arrear,508.05,arrear
arrebatar,525.21,arrebatar
arreciar,530.4,arreciar
arreglar,502.08,arreglar
arreglarse,542.88,arreglarse
arremeter,509.3,arremeter
arremolinarse,593.64,arremolinarse
arrendar,526.26,arrendar
arrepentirse,517.09,arrepentirse
arrestar,474.77,arrestar
arribar,468.07,arribar
arriesgar,472.0,arriesgar
arriesgarse,530.0,arriesgarse
arrimar,510.6,arrimar
arrinconar,547.08,arrinconar
arrobar,521.14,arrobar
arrodillar,493.92,arrodillar
arrodillarse,507.18,arrodillarse
arrojar,498.79,arrojar
arrojarse,489.36,arrojarse
arrollar,506.52,arrollar
arropar,521.84,arropar
arrostrar,515.24,arrostrar
arrugar,513.49,arrugar
arruinar,496.89,arruinar
arruinarse,525.57,arruinarse
arrullar,490.45,arrullar
arrumbar,498.25,arrumbar
articular,532.99,articular
articularse,532.51,articularse
asaetear,623.93,asaetear
asalariar,595.14,asalariar
asaltar,493.19,asaltar
asar,472.87,asar
ascender,519.24,ascender
asear,528.69,asear
asearse,528.65,asearse
asediar,507.88,asediar
asegurar,496.4,asegurar
asegurarse,527.72,asegurarse
asemejar,519.04,asemejar
asentar,483.54,asentar
asentir,449.96,asentir
aserrar,499.53,aserrar
asesinar,500.7,asesinar
asesorar,530.84,asesorar
asesorarse,543.01,asesorarse
asestar,498.96,asestar
aseverar,536.82,aseverar
asfaltar,560.72,asfaltar
asfixiar,540.64,asfixiar
asfixiarse,539.6,asfixiarse
asignar,464.09,asignar
asimilar,502.44,asimilar
asir,509.25,asir
asistir,464.39,asistir
asociar,507.85,asociar
asociarse,567.36,asociarse
asolar,523.23,asolar
asolear,543.97,asolear
asomar,475.49,asomar
asomarse,549.11,asomarse
asombrar,525.21,asombrar
aspar,477.05,aspar
aspirar,489.15,aspirar
asquear,506.6,asquear
astillar,524.37,astillar
asumir,497.32,asumir
asumirse,501.16,asumirse
asustar,515.47,asustar
asustarse,504.82,asustarse
atacar,493.48,atacar
atajar,502.91,atajar
atar,495.97,atar
atardecer,508.36,atardecer
atarse,516.43,atarse
atemorizar,565.86,atemorizar
atemperar,678.7,atemperar
atenazar,545.28,atenazar
atender,486.75,atender
atener,496.98,atener
atenerse,496.68,atenerse
atentar,495.32,atentar
atenuar,492.34,atenuar
aterrar,498.82,aterrar
aterrizar,525.27,aterrizar
aterrorizar,511.55,aterrorizar
atesorar,515.39,atesorar
atestiguar,561.36,atestiguar
atiborrar,550.59,atiborrar
atinar,500.23,atinar
atisbar,526.12,atisbar
atizar,513.24,atizar
atontar,501.41,atontar
atorar,510.35,atorar
atormentar,559.95,atormentar
atornillar,508.56,atornillar
atosigar,536.09,atosigar
atracar,495.0,atracar
atraer,545.99,atraer
atragantar,551.84,atragantar
atrancar,523.87,atrancar
atrapar,494.15,atrapar
atrasar,494.81,atrasar
atravesar,498.06,atravesar
atrever,473.24,atrever
atreverse,530.39,atreverse
atribuir,511.53,atribuir
atrincherar,565.65,atrincherar
atropar,533.6,atropar
atropellar,516.52,atropellar
aturdir,530.69,aturdir
aturullar,498.14,aturullar
atusarse,588.95,atusarse
auditar,500.46,auditar
augurar,591.29,augurar
aullar,504.51,aullar
aumentar,480.43,aumentar
aunar,501.09,aunar
aupar,505.24,aupar
auparse,558.41,auparse
auscultar,600.46,auscultar
ausentar,504.91,ausentar
ausentarse,510.06,ausentarse
auspiciar,642.07,auspiciar
autentificar,556.96,autentificar
autocriticar,568.86,autocriticar
autocriticarse,598.89,autocriticarse
autodefenderse,623.68,autodefenderse
autodefinir,526.35,autodefinir
autodefinirse,556.02,autodefinirse
autorizar,482.09,autorizar
autosugestionarse,605.03,autosugestionarse
auxiliar,468.7,auxiliar
avalar,477.88,avalar
avanzar,478.49,avanzar
avasallar,512.78,avasallar
aventajar,538.85,aventajar
aventar,517.75,aventar
aventurar,491.59,aventurar
aventurarse,501.72,aventurarse
avergonzar,503.05,avergonzar
averiar,485.3,averiar
averiguar,509.91,averiguar
avisar,490.0,avisar
avistar,522.44,avistar
avivar,523.91,avivar
ayudar,488.3,ayudar
ayudarse,495.28,ayudarse
ayunar,474.87,ayunar
azotar,487.02,azotar
azucarar,516.61,azucarar
babear,489.88,babear
babosear,551.95,babosear
bailar,474.27,bailar
bajar,508.8,bajar
bajarse,476.55,bajarse
balancear,522.01,balancear
balancearse,550.49,balancearse
balar,514.84,balar
balbucear,547.78,balbucear
balbucir,577.97,balbucir
bambolear,535.72,bambolear
bandear,515.26,bandear
bañar,499.56,banar
bañarse,517.69,banarse
barajar,472.62,barajar
barnizar,539.5,barnizar
barrer,467.6,barrer
barritar,496.63,barritar
barruntar,591.11,barruntar
basar,500.84,basar
basarse,546.74,basarse
bascular,568.16,bascular
bastar,510.16,bastar
batallar,540.43,batallar
batear,522.69,batear
batir,492.95,batir
bautizar,514.62,bautizar
bautizarse,529.43,bautizarse
beatificar,542.04,beatificar
beber,479.26,beber
beberse,532.74,beberse
becar,514.9,becar
bendecir,499.47,bendecir
beneficiar,540.18,beneficiar
beneficiarse,545.54,beneficiarse
berrear,514.52,berrear
besar,516.56,besar
besarse,532.57,besarse
besuquear,634.59,besuquear
birlar,543.73,birlar
bisbisear,567.93,bisbisear
biselar,537.91,biselar
bizquear,546.09,bizquear
blandir,532.52,blandir
blanquear,542.25,blanquear
blanquecer,533.13,blanquecer
blasfemar,568.44,blasfemar
blasonar,582.26,blasonar
blocar,523.48,blocar
bloquear,509.21,bloquear
bogar,511.74,bogar
boicotear,531.82,boicotear
bombardear,553.05,bombardear
bombear,503.37,bombear
boquear,506.21,boquear
bordar,506.8,bordar
bordear,512.02,bordear
borrar,473.0,borrar
borrarse,496.04,borrarse
bosquejar,583.25,bosquejar
bostezar,512.83,bostezar
botar,510.62,botar
boxear,535.59,boxear
bracear,521.0,bracear
bramar,517.93,bramar
bregar,542.06,bregar
brillar,518.97,brillar
brincar,487.04,brincar
brindar,522.93,brindar
bromear,523.04,bromear
broncear,514.96,broncear
brotar,512.57,brotar
bruñir,519.53,brunir
brutalizarse,604.51,brutalizarse
bucear,524.17,bucear
bufar,517.23,bufar
bufonearse,583.44,bufonearse
bullir,511.65,bullir
burbujear,552.38,burbujear
burlar,481.93,burlar
burlarse,538.1,burlarse
buscar,455.74,buscar
buscarse,505.22,buscarse
cabalgar,522.82,cabalgar
cabecear,547.18,cabecear
caber,491.47,caber
cablear,543.79,cablear
cabrear,523.24,cabrear
cabrearse,503.0,cabrearse
cacarear,532.91,cacarear
cachear,594.75,cachear
cachondearse,618.43,cachondearse
caducar,530.67,caducar
caer,508.65,caer
caerse,534.18,caerse
cagar,540.86,cagar
cagarse,519.69,cagarse
calafatear,574.96,calafatear
calar,505.76,calar
calcar,519.9,calcar
calcular,515.47,calcular
caldear,515.81,caldear
calentar,522.84,calentar
calentarse,542.36,calentarse
calibrar,532.01,calibrar
calificar,510.48,calificar
calificarse,516.21,calificarse
caligrafiar,542.39,caligrafiar
callar,494.63,callar
callarse,477.34,callarse
callejear,477.21,callejear
calmar,507.83,calmar
calumniar,565.82,calumniar
calzar,515.0,calzar
cambiar,491.69,cambiar
cambiarse,492.73,cambiarse
camelarse,564.21,camelarse
caminar,486.14,caminar
campanear,537.68,campanear
campanillear,591.36,campanillear
campar,497.76,campar
camuflar,512.68,camuflar
canalizar,507.27,canalizar
cancelar,471.75,cancelar
canjear,531.6,canjear
canonizar,555.59,canonizar
cansar,487.82,cansar
cansarse,518.93,cansarse
cantar,496.04,cantar
cantarse,524.98,cantarse
cantonearse,561.14,cantonearse
canturrear,542.98,canturrear
capacitar,511.79,capacitar
capar,475.42,capar
capear,497.85,capear
capitalizar,513.63,capitalizar
capitanear,538.13,capitanear
capitular,559.78,capitular
captar,495.03,captar
capturar,509.09,capturar
caracolear,629.1,caracolear
caracterizar,544.28,caracterizar
caracterizarse,567.77,caracterizarse
carbonizar,532.62,carbonizar
carcajear,581.56,carcajear
cardar,523.28,cardar
carecer,558.81,carecer
cargar,482.98,cargar
cargarse,555.72,cargarse
caricaturizar,587.57,caricaturizar
carraspear,573.9,carraspear
carretear,596.08,carretear
cartear,528.63,cartear
cartografiar,583.57,cartografiar
casar,494.57,casar
casarse,482.44,casarse
cascar,523.51,cascar
castigar,484.19,castigar
castrar,535.37,castrar
catalizar,495.5,catalizar
catalogar,545.64,catalogar
catalogarse,577.3,catalogarse
catapultar,574.34,catapultar
catar,514.24,catar
categorizar,543.13,categorizar
catequizar,524.04,catequizar
causar,529.39,causar
cauterizar,593.03,cauterizar
cautivar,573.24,cautivar
cavar,513.7,cavar
cavilar,524.97,cavilar
cazar,505.71,cazar
cebar,538.15,cebar
cecear,522.88,cecear
ceder,501.86,ceder
cegar,495.06,cegar
cejar,491.46,cejar
celar,504.42,celar
celarse,523.58,celarse
celebrar,482.55,celebrar
celebrarse,503.73,celebrarse
cementar,554.2,cementar
cenar,474.84,cenar
censar,478.83,censar
censurar,546.22,censurar
centellear,594.74,centellear
centralizar,545.02,centralizar
centrar,476.7,centrar
centrarse,453.08,centrarse
centrifugar,573.22,centrifugar
centuplicar,601.5,centuplicar
ceñir,475.73,cenir
ceñirse,514.72,cenirse
cepillar,503.78,cepillar
cepillarse,540.92,cepillarse
cercar,464.89,cercar
cercenar,520.74,cercenar
cerciorar,554.6,cerciorar
cerciorarse,600.01,cerciorarse
cerrar,477.4,cerrar
cerrarse,458.23,cerrarse
certificar,515.45,certificar
cesar,502.03,cesar
chamuscar,568.37,chamuscar
changar,503.99,changar
chantajear,544.91,chantajear
chapar,485.49,chapar
chapotear,527.46,chapotear
chapurrear,573.93,chapurrear
chaquetear,582.85,chaquetear
charlar,498.07,charlar
chasquear,534.18,chasquear
chatear,515.93,chatear
chequear,537.15,chequear
chillar,518.01,chillar
chinchar,512.16,chinchar
chirriar,533.08,chirriar
chismear,539.36,chismear
chismorrear,539.94,chismorrear
chispear,532.28,chispear
chistar,551.88,chistar
chivar,505.49,chivar
chivarse,527.09,chivarse
chocar,500.15,chocar
chochear,578.81,chochear
chorrear,539.45,chorrear
chupar,516.01,chupar
chutar,541.3,chutar
cicatrizar,572.51,cicatrizar
cifrar,518.3,cifrar
cimbrear,585.04,cimbrear
cimentar,526.93,cimentar
cincelar,580.8,cincelar
cinematografiar,599.52,cinematografiar
circular,508.8,circular
circuncidar,565.21,circuncidar
circundar,582.32,circundar
circunscribir,614.81,circunscribir
circunstanciar,601.94,circunstanciar
circunvalar,569.65,circunvalar
citar,450.67,citar
citarse,491.18,citarse
civilizar,537.33,civilizar
clamar,529.98,clamar
clarear,561.51,clarear
clarificar,517.66,clarificar
clasificar,515.17,clasificar
clasificarse,567.92,clasificarse
claudicar,619.95,claudicar
clausurar,566.51,clausurar
clavar,480.02,clavar
clavetear,550.69,clavetear
climatizar,545.98,climatizar
clonar,478.64,clonar
cloroformizar,720.0,cloroformizar
coaccionar,595.41,coaccionar
coadyuvar,596.47,coadyuvar
coagular,587.67,coagular
coartar,518.47,coartar
cobijar,536.26,cobijar
cobijarse,544.25,cobijarse
cobrar,520.82,cobrar
cobrarse,531.1,cobrarse
cocear,611.19,cocear
cocer,548.14,cocer
cocinar,484.42,cocinar
codear,524.42,codear
codiciar,556.02,codiciar
codificar,513.37,codificar
coexistir,553.79,coexistir
coger,486.23,coger
cogerse,510.16,cogerse
cohabitar,561.26,cohabitar
cohibir,558.82,cohibir
coincidir,517.67,coincidir
cojear,474.72,cojear
colaborar,566.09,colaborar
colapsar,541.35,colapsar
colar,473.49,colar
colarse,515.37,colarse
coleccionar,533.31,coleccionar
colectar,492.03,colectar
colectivizar,592.98,colectivizar
colegiarse,546.92,colegiarse
colerizar,500.77,colerizar
colgar,501.85,colgar
colindar,517.53,colindar
colisionar,549.29,colisionar
colmar,508.56,colmar
colocar,482.71,colocar
colocarse,520.74,colocarse
colonizar,528.89,colonizar
colorear,505.15,colorear
coludir,578.53,coludir
columpiar,555.32,columpiar
columpiarse,592.3,columpiarse
comandar,532.47,comandar
combatir,504.33,combatir
combatirse,529.02,combatirse
combinar,496.47,combinar
comentar,500.31,comentar
comenzar,501.28,comenzar
comer,473.8,comer
comercializar,547.6,comercializar
comerciar,515.21,comerciar
comerse,530.11,comerse
cometer,478.65,cometer
comisionar,581.93,comisionar
compactar,539.09,compactar
compadecer,562.18,compadecer
compaginar,528.12,compaginar
comparar,513.02,comparar
compararse,584.06,compararse
comparecer,547.0,comparecer
compartimentar,558.77,compartimentar
compartir,503.53,compartir
compatibilizar,542.39,compatibilizar
compeler,525.26,compeler
compelir,508.07,compelir
compendiar,577.07,compendiar
compenetrarse,597.89,compenetrarse
compensar,542.34,compensar
competer,533.99,competer
competir,471.24,competir
compilar,578.69,compilar
complacer,538.88,complacer
complementar,530.01,complementar
completar,555.79,completar
completarse,494.21,completarse
complicar,493.73,complicar
complicarse,499.16,complicarse
componer,488.4,componer
comportar,531.42,comportar
comportarse,530.0,comportarse
comprar,502.18,comprar
comprarse,556.66,comprarse
comprender,529.43,comprender
comprenderse,566.1,comprenderse
comprimir,537.28,comprimir
comprobar,514.91,comprobar
comprobarse,514.97,comprobarse
comprometer,527.3,comprometer
comprometerse,577.75,comprometerse
compulsar,537.83,compulsar
compungir,614.99,compungir
computar,510.33,computar
comulgar,502.7,comulgar
comunicar,509.85,comunicar
comunicarse,497.59,comunicarse
concatenar,569.53,concatenar
concebir,498.05,concebir
conceder,496.03,conceder
concentrar,507.81,concentrar
concentrarse,515.51,concentrarse
conceptualizar,526.92,conceptualizar
concernir,532.44,concernir
concertar,524.74,concertar
concienciar,545.15,concienciar
conciliar,533.28,conciliar
concitar,527.3,concitar
concluir,461.78,concluir
concordar,578.2,concordar
concretar,511.61,concretar
concretarse,495.57,concretarse
concretizar,558.74,concretizar
conculcar,516.79,conculcar
concurrir,520.54,concurrir
concursar,495.94,concursar
condecorar,560.43,condecorar
condenar,524.18,condenar
condensar,526.14,condensar
condescender,616.38,condescender
condicionar,520.03,condicionar
condimentar,581.42,condimentar
condonar,557.6,condonar
conducir,479.66,conducir
conducirse,527.37,conducirse
conectar,480.11,conectar
conexionar,530.7,conexionar
confabular,564.48,confabular
confeccionar,550.19,confeccionar
confederar,576.88,confederar
conferenciar,526.66,conferenciar
conferir,513.35,conferir
confesar,504.79,confesar
confiar,495.86,confiar
confiarse,526.73,confiarse
configurar,493.32,configurar
confinar,553.39,confinar
confirmar,486.46,confirmar
confirmarse,511.88,confirmarse
confiscar,543.9,confiscar
confitar,543.14,confitar
confluir,513.11,confluir
conformar,535.08,conformar
conformarse,495.78,conformarse
confortar,531.47,confortar
confraternizar,605.79,confraternizar
confrontar,534.98,confrontar
confundir,474.43,confundir
confundirse,528.46,confundirse
congelar,474.14,congelar
congeniar,547.69,congeniar
congestionar,553.71,congestionar
conglomerar,618.7,conglomerar
congraciar,577.81,congraciar
congraciarse,567.31,congraciarse
congratular,549.13,congratular
congregar,591.62,congregar
conjeturar,510.04,conjeturar
conjugar,517.44,conjugar
conjuntar,533.35,conjuntar
conjurar,521.24,conjurar
conjurarse,533.31,conjurarse
conllevar,500.47,conllevar
conmemorar,653.75,conmemorar
conminar,542.07,conminar
conmover,549.7,conmover
conmutar,540.88,conmutar
conocer,489.58,conocer
conocerse,518.28,conocerse
conquistar,498.16,conquistar
consagrar,551.1,consagrar
conseguir,478.22,conseguir
conseguirse,556.15,conseguirse
consensuar,574.09,consensuar
consentir,493.03,consentir
conservar,487.58,conservar
considerar,496.08,considerar
considerarse,548.05,considerarse
consignar,499.32,consignar
consistir,524.84,consistir
consolar,501.71,consolar
consolidar,509.89,consolidar
consolidarse,543.74,consolidarse
conspirar,549.78,conspirar
constar,480.54,constar
constatar,529.57,constatar
consternar,550.22,consternar
constipar,497.67,constipar
constituir,526.07,constituir
constituirse,547.79,constituirse
constreñir,525.86,constrenir
construir,495.45,construir
construirse,510.86,construirse
consultar,510.44,consultar
consumar,517.98,consumar
consumarse,566.42,consumarse
consumir,479.48,consumir
consumirse,591.32,consumirse
contabilizar,534.86,contabilizar
contabilizarse,570.45,contabilizarse
contactar,542.14,contactar
contagiar,503.7,contagiar
contagiarse,549.62,contagiarse
contaminar,529.0,contaminar
contar,486.7,contar
contarse,514.45,contarse
contemplar,514.69,contemplar
contemporizar,581.31,contemporizar
contener,494.71,contener
contentar,517.42,contentar
contentarse,609.02,contentarse
contestar,490.45,contestar
contextualizar,525.27,contextualizar
continuar,467.17,continuar
continuarse,517.48,continuarse
contorsionarse,568.29,contorsionarse
contraatacar,542.04,contraatacar
contrabalancear,602.69,contrabalancear
contradecir,533.7,contradecir
contraer,506.99,contraer
contraindicar,574.99,contraindicar
contrapesar,602.53,contrapesar
contraponer,566.92,contraponer
contrariar,551.53,contrariar
contrarrestar,562.07,contrarrestar
contrastar,519.14,contrastar
contratar,533.2,contratar
contravenir,559.29,contravenir
contribuir,505.93,contribuir
controlar,487.87,controlar
controlarse,482.52,controlarse
controvertir,542.1,controvertir
convalecer,523.63,convalecer
convalidar,551.41,convalidar
convencer,553.81,convencer
convencerse,548.47,convencerse
convenir,512.76,convenir
converger,536.56,converger
conversar,520.9,conversar
convertir,508.49,convertir
convertirse,503.44,convertirse
convidar,528.65,convidar
convivir,503.98,convivir
convocar,522.78,convocar
convulsionar,539.75,convulsionar
cooperar,506.49,cooperar
coordinar,536.01,coordinar
coordinarse,569.7,coordinarse
copar,508.46,copar
copiar,480.17,copiar
copiarse,497.68,copiarse
copular,501.25,copular
coquetear,546.89,coquetear
corear,507.18,corear
cornear,540.99,cornear
coronar,518.93,coronar
corregir,483.9,corregir
corregirse,511.47,corregirse
correlacionar,558.91,correlacionar
correr,502.17,correr
correrse,520.58,correrse
corresponder,570.51,corresponder
corretear,570.92,corretear
corroborar,547.01,corroborar
corroer,516.49,corroer
corromper,523.53,corromper
corrugar,570.64,corrugar
cortar,486.68,cortar
cortarse,494.94,cortarse
cortejar,516.77,cortejar
cosechar,510.21,cosechar
coser,470.25,coser
cosquillear,523.65,cosquillear
costar,501.04,costar
costear,489.27,costear
costurear,538.43,costurear
cotejar,590.63,cotejar
cotillear,518.68,cotillear
cotizar,484.38,cotizar
cotizarse,543.6,cotizarse
crear,493.38,crear
crearse,536.93,crearse
crecer,496.04,crecer
creer,466.64,creer
creerse,490.8,creerse
crepitar,548.08,crepitar
criar,489.22,criar
criarse,535.45,criarse
cribar,512.01,cribar
criminalizar,558.76,criminalizar
crispar,555.47,crispar
cristalizar,545.58,cristalizar
cristianizar,566.62,cristianizar
criticar,495.67,criticar
criticarse,538.91,criticarse
croar,572.57,croar
cronificarse,665.68,cronificarse
cronometrar,592.25,cronometrar
crucificar,544.28,crucificar
crujir,511.98,crujir
cruzar,480.16,cruzar
cuadrar,576.79,cuadrar
cuadricular,577.68,cuadricular
cuadruplicar,684.99,cuadruplicar
cuajar,566.25,cuajar
cualificar,545.71,cualificar
cuantificar,537.59,cuantificar
cuartear,533.64,cuartear
cubrir,484.06,cubrir
cubrirse,551.51,cubrirse
cuchichear,600.32,cuchichear
cuestionar,503.95,cuestionar
cuestionarse,555.43,cuestionarse
cuidar,501.54,cuidar
cuidarse,509.05,cuidarse
culebrear,542.68,culebrear
culminar,533.0,culminar
culminarse,546.7,culminarse
culpabilizar,536.55,culpabilizar
culpabilizarse,584.8,culpabilizarse
culpar,498.42,culpar
culparse,507.65,culparse
cultivar,531.74,cultivar
cultivarse,576.99,cultivarse
culturizar,604.74,culturizar
cumplimentar,535.94,cumplimentar
cumplir,502.13,cumplir
cumplirse,521.96,cumplirse
cundir,510.02,cundir
curar,502.12,curar
curarse,532.08,curarse
curiosear,524.31,curiosear
currar,528.54,currar
cursar,544.85,cursar
curtir,489.56,curtir
curvar,501.54,curvar
custodiar,564.56,custodiar
damnificar,572.16,damnificar
danzar,491.95,danzar
dañar,509.84,danar
dar,474.49,dar
darse,480.25,darse
datar,512.6,datar
deambular,553.27,deambular
debatir,502.04,debatir
deber,464.47,deber
deberse,547.57,deberse
debilitar,477.91,debilitar
debilitarse,548.58,debilitarse
debutar,488.68,debutar
decaer,510.95,decaer
decantar,529.07,decantar
decapitar,520.14,decapitar
decepcionar,536.08,decepcionar
decidir,523.3,decidir
decidirse,505.7,decidirse
decir,487.59,decir
decirse,524.53,decirse
declamar,547.94,declamar
declarar,481.92,declarar
declararse,529.06,declararse
declinar,500.13,declinar
decodificar,567.26,decodificar
decomisar,506.92,decomisar
decorar,524.64,decorar
decrecer,595.53,decrecer
decretar,524.4,decretar
dedicar,519.92,dedicar
dedicarse,478.1,dedicarse
deducir,529.51,deducir
deducirse,526.91,deducirse
defecar,533.86,defecar
defender,496.45,defender
defenderse,508.33,defenderse
defenestrar,557.37,defenestrar
definir,508.4,definir
definirse,517.07,definirse
deflagrar,588.38,deflagrar
deforestar,599.64,deforestar
deformar,508.88,deformar
deformarse,540.14,deformarse
defraudar,534.18,defraudar
degenerar,581.44,degenerar
deglutir,583.86,deglutir
degollar,547.56,degollar
degradar,538.19,degradar
degustar,515.7,degustar
dejar,484.49,dejar
dejarse,523.94,dejarse
delatar,511.38,delatar
delegar,519.36,delegar
deleitar,516.08,deleitar
deletrear,508.88,deletrear
deliberar,533.54,deliberar
delimitar,482.85,delimitar
delinear,544.92,delinear
delinquir,543.73,delinquir
delirar,495.44,delirar
demacrarse,670.81,demacrarse
demandar,512.72,demandar
demarcar,568.48,demarcar
democratizar,586.17,democratizar
demoler,630.05,demoler
demorar,496.14,demorar
demorarse,483.86,demorarse
demostrar,517.72,demostrar
demudar,502.1,demudar
denegar,571.2,denegar
denigrar,548.68,denigrar
denominar,515.77,denominar
denostar,538.26,denostar
denotar,517.38,denotar
densificar,507.76,densificar
denunciar,597.48,denunciar
deparar,563.73,deparar
departir,523.32,departir
depender,581.32,depender
depilar,525.46,depilar
depilarse,515.92,depilarse
deponer,548.82,deponer
deportar,517.22,deportar
depositar,519.6,depositar
depositarse,489.17,depositarse
depravar,503.95,depravar
depreciar,507.68,depreciar
depredar,527.04,depredar
deprimir,551.78,deprimir
deprimirse,502.02,deprimirse
deprivar,511.07,deprivar
depurar,543.92,depurar
derivar,541.81,derivar
derogar,551.38,derogar
derramar,552.51,derramar
derrapar,525.29,derrapar
derretir,527.99,derretir
derretirse,495.27,derretirse
derribar,563.78,derribar
derrocar,513.6,derrocar
derrochar,538.84,derrochar
derrotar,517.6,derrotar
derruir,502.21,derruir
derrumbar,498.75,derrumbar
derrumbarse,534.08,derrumbarse
desabastecer,517.5,desabastecer
desabrigar,643.08,desabrigar
desabrochar,491.07,desabrochar
desacatar,526.87,desacatar
desacelerar,632.99,desacelerar
desacertar,649.71,desacertar
desaconsejar,577.89,desaconsejar
desacoplar,536.98,desacoplar
desacostumbrar,564.14,desacostumbrar
desacreditar,607.23,desacreditar
desactivar,570.75,desactivar
desafiar,495.87,desafiar
desafinar,476.52,desafinar
desaforar,517.83,desaforar
desagradar,513.2,desagradar
desagradecer,558.56,desagradecer
desagraviar,599.47,desagraviar
desagregar,531.15,desagregar
desahogar,559.35,desahogar
desahogarse,492.64,desahogarse
desahuciar,559.9,desahuciar
desairar,531.69,desairar
desajustar,543.26,desajustar
desalentar,539.54,desalentar
desaliñar,533.38,desalinar
desalojar,493.76,desalojar
desamoldar,491.5,desamoldar
desamparar,544.87,desamparar
desandar,567.89,desandar
desanimar,548.48,desanimar
desanudar,541.73,desanudar
desaparear,609.82,desaparear
desaparecer,507.66,desaparecer
desaparejar,484.32,desaparejar
desaprobar,516.34,desaprobar
desaprovechar,540.41,desaprovechar
desarmar,562.0,desarmar
desarmarse,549.08,desarmarse
desarraigar,541.68,desarraigar
desarreglar,560.26,desarreglar
desarrollar,644.75,desarrollar
desarrollarse,525.96,desarrollarse
desarticular,491.49,desarticular
desasir,554.1,desasir
desasistir,525.71,desasistir
desasosegar,513.59,desasosegar
desatar,601.23,desatar
desatascar,508.38,desatascar
desatender,487.28,desatender
desatornillar,526.45,desatornillar
desatrancar,569.85,desatrancar
desautorizar,588.86,desautorizar
desayunar,593.52,desayunar
desbancar,491.2,desbancar
desbaratar,558.23,desbaratar
desbarrar,590.87,desbarrar
desbloquear,534.17,desbloquear
desbordar,524.28,desbordar
desbordarse,551.38,desbordarse
desbravar,564.32,desbravar
desbridar,536.91,desbridar
desbrozar,527.89,desbrozar
descabalgar,533.73,descabalgar
descabezar,629.95,descabezar
descacharrar,547.88,descacharrar
descafeinar,631.23,descafeinar
descalabrar,577.14,descalabrar
descalcificar,569.96,descalcificar
descalificar,540.8,descalificar
descalzar,549.12,descalzar
descamar,510.6,descamar
descambiar,532.43,descambiar
descamisar,572.6,descamisar
descansar,577.96,descansar
descapotar,494.39,descapotar
descargar,576.59,descargar
descarnar,512.45,descarnar
descarriar,555.05,descarriar
descarrilar,561.01,descarrilar
descartar,562.65,descartar
descascarar,541.99,descascarar
descascarillar,729.69,descascarillar
descender,601.42,descender
descentralizar,523.81,descentralizar
descentrar,599.98,descentrar
descerebrar,533.91,descerebrar
descerrajar,636.88,descerrajar
descifrar,544.9,descifrar
desclasificar,521.23,desclasificar
desclavar,553.26,desclavar
descocarse,532.92,descocarse
descodificar,605.98,descodificar
descogollar,543.73,descogollar
descolgar,549.88,descolgar
descolgarse,520.79,descolgarse
descolocar,535.46,descolocar
descompensar,548.64,descompensar
descomponer,501.05,descomponer
descomponerse,511.88,descomponerse
descomprimir,517.28,descomprimir
desconcertar,548.96,desconcertar
desconchar,555.94,desconchar
desconectar,625.23,desconectar
desconfiar,497.54,desconfiar
descongelar,516.81,descongelar
descongestionar,541.61,descongestionar
desconocer,595.05,desconocer
desconsiderar,536.8,desconsiderar
desconsolar,634.79,desconsolar
descontaminar,532.86,descontaminar
descontar,562.72,descontar
descontextualizar,553.18,descontextualizar
desconvocar,573.93,desconvocar
descorazonar,623.58,descorazonar
descorrer,554.29,descorrer
descortezar,602.72,descortezar
descoser,525.57,descoser
descostillar,512.0,descostillar
descoyuntar,571.24,descoyuntar
descreer,548.84,descreer
describir,568.57,describir
descristianizar,494.53,descristianizar
descuajaringar,575.51,descuajaringar
descuartizar,548.61,descuartizar
descubrir,562.7,descubrir
descubrirse,497.58,descubrirse
descuidar,513.15,descuidar
desdentar,513.1,desdentar
desdeñar,606.35,desdenar
desdeñarse,576.23,desdenarse
desdibujar,553.8,desdibujar
desdoblar,535.53,desdoblar
desdoblarse,536.8,desdoblarse
desdramatizar,508.53,desdramatizar
desear,561.71,desear
desecar,486.3,desecar
desechar,508.62,desechar
desembalar,506.14,desembalar
desembalsar,610.63,desembalsar
desembarcar,567.59,desembarcar
desembocar,540.19,desembocar
desembolsar,538.41,desembolsar
desembozar,520.53,desembozar
desembragar,551.33,desembragar
desembuchar,594.46,desembuchar
desempacar,538.78,desempacar
desempañar,558.98,desempanar
desempaquetar,535.1,desempaquetar
desempatar,584.52,desempatar
desempeñar,517.18,desempenar
desempolvar,526.19,desempolvar
desempotrar,552.03,desempotrar
desempuñar,557.99,desempunar
desencadenar,562.79,desencadenar
desencajar,587.7,desencajar
desencantar,518.58,desencantar
desenchufar,556.16,desenchufar
desenclavarse,567.9,desenclavarse
desencolar,615.65,desencolar
desencuadernar,540.64,desencuadernar
desenfadar,511.4,desenfadar
desenfocar,651.53,desenfocar
desenfrenar,526.41,desenfrenar
desenfundar,540.42,desenfundar
desenganchar,485.47,desenganchar
desengañar,534.26,desenganar
desengarzar,523.3,desengarzar
desengrasar,590.94,desengrasar
desenjabonarse,628.45,desenjabonarse
desenmarañar,585.32,desenmaranar
desenmascarar,587.65,desenmascarar
desenredar,534.63,desenredar
desenrollar,579.43,desenrollar
desenroscar,505.16,desenroscar
desensillar,575.97,desensillar
desentender,621.64,desentender
desentenderse,542.89,desentenderse
desenterrar,640.05,desenterrar
desentonar,580.33,desentonar
desentrañar,560.9,desentranar
desentrenar,600.38,desentrenar
desentubar,613.77,desentubar
desentumecer,531.81,desentumecer
desenvainar,660.23,desenvainar
desenvasar,583.74,desenvasar
desenvolver,519.42,desenvolver
desenvolverse,529.04,desenvolverse
desequilibrar,581.64,desequilibrar
desequilibrarse,517.1,desequilibrarse
desertar,584.37,desertar
desesperar,516.02,desesperar
desestabilizar,530.53,desestabilizar
desestabilizarse,541.48,desestabilizarse
desestimar,571.03,desestimar
desfallecer,507.55,desfallecer
desfasar,535.56,desfasar
desfigurar,578.85,desfigurar
desfilar,577.7,desfilar
desfogar,507.51,desfogar
desfogarse,514.33,desfogarse
desfondar,525.89,desfondar
desgajar,538.03,desgajar
desgarrar,514.89,desgarrar
desgastar,543.38,desgastar
desglosar,504.5,desglosar
desgraciar,549.87,desgraciar
desgranar,550.9,desgranar
desgravar,526.92,desgravar
desguazar,611.38,desguazar
deshabitar,557.01,deshabitar
deshabituar,546.98,deshabituar
deshacer,566.47,deshacer
deshacerse,532.82,deshacerse
desheredar,538.61,desheredar
deshidratar,570.09,deshidratar
deshilachar,517.12,deshilachar
deshinchar,559.61,deshinchar
deshojar,538.53,deshojar
deshonrar,542.22,deshonrar
deshuesar,526.4,deshuesar
designar,547.48,designar
desilusionar,524.47,desilusionar
desinfectar,519.8,desinfectar
desinflar,518.66,desinflar
desintegrar,524.16,desintegrar
desintegrarse,589.43,desintegrarse
desinteresar,551.75,desinteresar
desintoxicar,560.58,desintoxicar
desistir,530.72,desistir
desliar,556.03,desliar
desligar,544.8,desligar
desligarse,535.21,desligarse
deslindar,558.61,deslindar
deslizar,541.14,deslizar
deslizarse,525.64,deslizarse
deslomar,539.52,deslomar
deslucir,545.07,deslucir
deslumbrar,551.64,deslumbrar
desmadejar,528.77,desmadejar
desmantelar,627.32,desmantelar
desmaquillarse,535.56,desmaquillarse
desmarcar,523.71,desmarcar
desmayar,512.33,desmayar
desmelenarse,589.47,desmelenarse
desmembrar,540.91,desmembrar
desmentir,530.78,desmentir
desmenuzar,561.14,desmenuzar
desmerecer,532.81,desmerecer
desmesurar,547.11,desmesurar
desmigajar,565.22,desmigajar
desmigar,503.26,desmigar
desmitificar,530.49,desmitificar
desmontar,525.1,desmontar
desmoralizar,533.24,desmoralizar
desmoronar,540.15,desmoronar
desmotivar,525.57,desmotivar
desnivelar,556.07,desnivelar
desnucar,546.85,desnucar
desnudar,498.27,desnudar
desnudarse,519.31,desnudarse
desobedecer,538.72,desobedecer
desocupar,508.34,desocupar
desoir,538.17,desoir
desollar,524.56,desollar
desorbitar,525.01,desorbitar
desordenar,548.49,desordenar
desorganizar,525.8,desorganizar
desorientar,534.99,desorientar
desovar,582.27,desovar
despabilar,562.98,despabilar
despabilarse,518.81,despabilarse
despachar,581.19,despachar
despacharse,599.37,despacharse
despachurrar,565.89,despachurrar
despanzurrar,624.07,despanzurrar
desparejar,512.46,desparejar
desparramar,561.19,desparramar
desparramarse,577.13,desparramarse
despasar,502.65,despasar
despedazar,602.91,despedazar
despedazarse,584.45,despedazarse
despedir,502.09,despedir
despedirse,568.95,despedirse
despegar,495.31,despegar
despegarse,515.36,despegarse
despeinar,540.81,despeinar
despejar,508.69,despejar
despejarse,519.82,despejarse
despellejar,520.32,despellejar
despenalizar,602.18,despenalizar
despeñar,512.58,despenar
desperdiciar,559.25,desperdiciar
desperdigar,544.22,desperdigar
desperezar,550.24,desperezar
desperezarse,580.68,desperezarse
despersonalizarse,613.22,despersonalizarse
despertar,531.77,despertar
despertarse,508.69,despertarse
despilfarrar,533.64,despilfarrar
despiojar,520.1,despiojar
despistar,544.95,despistar
despistarse,499.86,despistarse
desplazar,538.34,desplazar
desplazarse,541.01,desplazarse
desplegar,520.92,desplegar
desplegarse,559.9,desplegarse
desplomar,479.71,desplomar
desplumar,520.17,desplumar
despoblar,541.52,despoblar
despojar,545.23,despojar
desportillar,565.25,desportillar
desposar,533.32,desposar
desposeer,589.61,desposeer
desposeerse,610.74,desposeerse
despotricar,624.6,despotricar
despreciar,520.66,despreciar
despreciarse,540.99,despreciarse
desprender,509.06,desprender
desprenderse,537.91,desprenderse
desprestigiar,580.29,desprestigiar
despuntar,503.52,despuntar
desquiciar,593.29,desquiciar
desquitar,525.2,desquitar
desquitarse,597.04,desquitarse
desratizar,621.91,desratizar
destacar,543.6,destacar
destacarse,501.98,destacarse
destapar,544.03,destapar
destaparse,589.65,destaparse
destejer,512.48,destejer
destellar,487.06,destellar
destemplar,529.91,destemplar
desterrar,515.0,desterrar
destetar,573.99,destetar
destilar,504.38,destilar
destinar,507.26,destinar
destinarse,534.13,destinarse
destituir,558.78,destituir
destornillar,561.81,destornillar
destrenzar,552.37,destrenzar
destripar,556.1,destripar
destronar,526.77,destronar
destrozar,490.13,destrozar
destrozarse,507.03,destrozarse
destruir,495.37,destruir
destruirse,525.41,destruirse
desunir,528.17,desunir
desvalijar,520.67,desvalijar
desvalorizar,520.49,desvalorizar
desvanecer,515.62,desvanecer
desvanecerse,546.92,desvanecerse
desvariar,538.16,desvariar
desvelar,552.14,desvelar
desvelarse,567.0,desvelarse
desvencijar,637.04,desvencijar
desvestir,514.23,desvestir
desviar,489.58,desviar
desviarse,510.73,desviarse
desvirtuar,550.01,desvirtuar
detallar,493.6,detallar
detectar,557.17,detectar
detectarse,528.38,detectarse
detener,471.89,detener
detenerse,494.11,detenerse
deteriorar,522.69,deteriorar
deteriorarse,557.28,deteriorarse
determinar,502.31,determinar
detestar,499.56,detestar
detonar,498.96,detonar
detraer,621.07,detraer
devaluar,548.46,devaluar
devanar,556.74,devanar
devastar,509.59,devastar
devenir,521.29,devenir
devolver,521.11,devolver
devolverse,583.86,devolverse
devorar,495.53,devorar
diagnosticar,501.53,diagnosticar
dialogar,497.14,dialogar
dibujar,487.33,dibujar
dictaminar,565.25,dictaminar
dictar,484.76,dictar
dictarse,557.92,dictarse
diezmar,539.69,diezmar
difamar,576.83,difamar
diferenciar,491.39,diferenciar
diferenciarse,529.61,diferenciarse
diferir,507.53,diferir
dificultar,489.28,dificultar
difuminar,534.27,difuminar
difundir,519.53,difundir
difundirse,515.68,difundirse
digerir,545.24,digerir
dignificar,508.14,dignificar
dilapidar,527.62,dilapidar
dilatar,512.65,dilatar
dilucidar,586.59,dilucidar
diluir,496.96,diluir
diluviar,535.89,diluviar
dimensionar,542.81,dimensionar
dimitir,525.64,dimitir
dinamitar,517.45,dinamitar
dinamizar,495.2,dinamizar
diplomar,524.58,diplomar
dirigir,491.24,dirigir
dirigirse,510.0,dirigirse
dirimir,612.27,dirimir
discernir,545.71,discernir
disciplinar,564.39,disciplinar
discrepar,505.57,discrepar
discriminar,543.46,discriminar
discriminarse,544.02,discriminarse
disculpar,483.1,disculpar
disculparse,500.75,disculparse
discurrir,483.51,discurrir
discursear,532.69,discursear
discutir,471.87,discutir
discutirse,518.46,discutirse
disecar,530.01,disecar
diseccionar,589.87,diseccionar
diseminar,540.72,diseminar
disentir,516.92,disentir
diseñar,534.8,disenar
disertar,597.64,disertar
disfrazar,496.41,disfrazar
disfrazarse,506.3,disfrazarse
disfrutar,485.78,disfrutar
disgregarse,580.18,disgregarse
disgustar,504.86,disgustar
disimular,502.2,disimular
disipar,484.54,disipar
dislocar,515.89,dislocar
disminuir,518.58,disminuir
disociar,553.33,disociar
disociarse,544.63,disociarse
disolver,490.99,disolver
disolverse,518.45,disolverse
disparar,483.96,disparar
disparatar,519.33,disparatar
dispensar,495.71,dispensar
dispersar,597.16,dispersar
disponer,490.78,disponer
disputar,504.55,disputar
disputarse,561.88,disputarse
distanciar,521.52,distanciar
distar,516.74,distar
distender,531.33,distender
distensionar,534.12,distensionar
distinguir,524.64,distinguir
distinguirse,533.18,distinguirse
distorsionar,523.3,distorsionar
distraer,546.38,distraer
distraerse,531.06,distraerse
distribuir,512.11,distribuir
disuadir,479.7,disuadir
divagar,549.03,divagar
divergir,564.22,divergir
diversificar,546.53,diversificar
divertir,512.01,divertir
divertirse,509.42,divertirse
dividir,480.83,dividir
dividirse,481.3,dividirse
divinizar,561.55,divinizar
divisar,510.28,divisar
divisarse,527.69,divisarse
divorciar,520.89,divorciar
divorciarse,556.86,divorciarse
divulgar,513.14,divulgar
doblar,473.13,doblar
doblarse,546.77,doblarse
doblegar,522.42,doblegar
doctorar,478.73,doctorar
doctorarse,569.34,doctorarse
documentar,507.99,documentar
documentarse,555.82,documentarse
dogmatizar,572.34,dogmatizar
doler,476.16,doler
domar,515.63,domar
domeñar,509.67,domenar
domesticar,523.46,domesticar
domiciliar,547.5,domiciliar
dominar,481.43,dominar
donar,490.96,donar
dopar,513.75,dopar
dorar,508.17,dorar
dormir,474.36,dormir
dormirse,472.86,dormirse
dormitar,526.84,dormitar
dosificar,555.73,dosificar
dotar,493.57,dotar
dotarse,547.16,dotarse
dragar,544.88,dragar
dramatizar,497.41,dramatizar
drenar,511.86,drenar
driblar,656.73,driblar
drogar,488.81,drogar
drogarse,521.73,drogarse
duchar,494.68,duchar
ducharse,549.51,ducharse
dudar,501.72,dudar
dulcificar,549.54,dulcificar
duplicar,488.57,duplicar
duplicarse,498.17,duplicarse
durar,509.77,durar
echar,500.29,echar
echarse,498.28,echarse
eclipsar,567.06,eclipsar
eclosionar,549.47,eclosionar
economizar,513.33,economizar
edificar,508.06,edificar
edificarse,542.76,edificarse
editar,483.33,editar
educar,472.23,educar
educarse,503.06,educarse
edulcorar,546.0,edulcorar
efectuar,495.6,efectuar
ejecutar,489.91,ejecutar
ejemplificar,512.45,ejemplificar
ejercer,500.48,ejercer
ejercitar,526.8,ejercitar
elaborar,507.94,elaborar
electrificar,539.8,electrificar
electrocutar,561.67,electrocutar
elegir,488.34,elegir
elevar,514.06,elevar
elevarse,500.22,elevarse
eliminar,500.84,eliminar
elogiar,528.11,elogiar
elucubrar,644.38,elucubrar
eludir,514.38,eludir
emanar,507.43,emanar
emancipar,523.05,emancipar
embadurnar,602.16,embadurnar
embalar,493.99,embalar
embaldosar,597.49,embaldosar
embalsamar,569.83,embalsamar
embalsar,540.66,embalsar
embarazar,526.07,embarazar
embarazarse,528.84,embarazarse
embarcar,529.8,embarcar
embargar,488.94,embargar
embarrancar,592.64,embarrancar
embarrar,524.11,embarrar
embaucar,504.14,embaucar
embelesar,550.82,embelesar
embellecer,507.57,embellecer
embestir,503.03,embestir
embetunar,607.11,embetunar
embijar,563.95,embijar
embobar,479.23,embobar
embocar,500.34,embocar
embolar,501.57,embolar
embolsar,496.61,embolsar
emboquillar,617.3,emboquillar
emborrachar,540.87,emborrachar
emborracharse,534.44,emborracharse
emborronar,564.05,emborronar
embotar,500.25,embotar
embotellar,518.06,embotellar
embozar,569.22,embozar
embragar,546.07,embragar
embravecer,547.62,embravecer
embrollar,531.22,embrollar
embromar,538.74,embromar
embrujar,495.18,embrujar
embrutecer,553.45,embrutecer
embutir,513.1,embutir
emerger,493.63,emerger
emigrar,543.92,emigrar
emitir,494.23,emitir
emitirse,517.24,emitirse
emocionar,489.21,emocionar
emocionarse,500.82,emocionarse
empacar,493.02,empacar
empadronar,502.3,empadronar
empalar,507.38,empalar
empalmar,519.06,empalmar
empañar,498.42,empanar
empapar,515.59,empapar
empapelar,498.05,empapelar
empaquetar,528.44,empaquetar
emparedar,562.27,emparedar
emparejar,494.23,emparejar
emparentar,518.24,emparentar
emparrar,482.26,emparrar
empastar,552.04,empastar
empatar,478.31,empatar
empedrar,517.3,empedrar
empeñar,517.66,empenar
empeorar,549.14,empeorar
empequeñecer,555.0,empequenecer
empezar,477.84,empezar
empinar,500.92,empinar
empingorotar,553.48,empingorotar
emplazar,495.42,emplazar
emplear,497.08,emplear
emplearse,523.82,emplearse
emplumar,504.18,emplumar
empobrecer,549.76,empobrecer
empobrecerse,601.22,empobrecerse
empollar,527.46,empollar
empolvar,523.34,empolvar
empotrar,500.48,empotrar
emprender,503.2,emprender
empujar,460.21,empujar
empuñar,473.22,empunar
emular,520.82,emular
emulsionar,555.29,emulsionar
enajenar,550.78,enajenar
enaltecer,591.99,enaltecer
enamorar,543.12,enamorar
enamorarse,527.63,enamorarse
enarbolar,554.18,enarbolar
enarcar,520.18,enarcar
enardecer,532.56,enardecer
encabezar,475.99,encabezar
encabritar,525.8,encabritar
encadenar,518.63,encadenar
encajar,479.89,encajar
encajonar,571.66,encajonar
encalar,522.26,encalar
encallar,502.56,encallar
encamar,505.21,encamar
encaminar,551.45,encaminar
encaminarse,572.69,encaminarse
encandilar,591.45,encandilar
encantar,468.99,encantar
encañonar,525.32,encanonar
encapsular,566.87,encapsular
encapuchar,555.33,encapuchar
encaramar,581.63,encaramar
encarar,545.26,encarar
encarcelar,580.07,encarcelar
encarecer,549.38,encarecer
encargar,483.53,encargar
encargarse,559.89,encargarse
encariñar,512.59,encarinar
encarnar,517.4,encarnar
encarnarse,558.71,encarnarse
encarrilar,516.19,encarrilar
encasillar,504.16,encasillar
encastillarse,603.74,encastillarse
encausar,562.31,encausar
encauzar,568.59,encauzar
encender,498.36,encender
encenderse,526.69,encenderse
encerar,474.09,encerar
encerrar,512.86,encerrar
encerrarse,515.27,encerrarse
encestar,508.93,encestar
encharcar,577.41,encharcar
enchufar,472.57,enchufar
enclaustrarse,574.05,enclaustrarse
encoger,473.92,encoger
encogerse,495.81,encogerse
encolar,518.63,encolar
encomendar,565.23,encomendar
encontrar,479.96,encontrar
encontrarse,486.87,encontrarse
encorsetar,552.76,encorsetar
encorvar,523.14,encorvar
encrespar,557.43,encrespar
encuadernar,573.0,encuadernar
encuadrar,514.8,encuadrar
encubrir,481.89,encubrir
encumbrar,573.25,encumbrar
encurtir,530.39,encurtir
enderezar,538.52,enderezar
endilgar,547.9,endilgar
endosar,561.32,endosar
endulzar,498.25,endulzar
endurecer,533.74,endurecer
energizar,553.92,energizar
enervar,520.53,enervar
enfadar,489.62,enfadar
enfadarse,498.09,enfadarse
enfatizar,508.32,enfatizar
enfermar,490.93,enfermar
enfermarse,515.45,enfermarse
enfervorizar,539.31,enfervorizar
enfilar,507.66,enfilar
enfocar,470.75,enfocar
enfrentar,480.3,enfrentar
enfrentarse,526.3,enfrentarse
enfriar,480.18,enfriar
enfriarse,520.79,enfriarse
enfurecer,479.51,enfurecer
engalanar,569.67,engalanar
enganchar,514.82,enganchar
engancharse,521.65,engancharse
engañar,491.15,enganar
engañarse,520.12,enganarse
engarzar,541.61,engarzar
engatillar,554.58,engatillar
engatusar,569.08,engatusar
engendrar,623.59,engendrar
englobar,496.64,englobar
engordar,508.4,engordar
engranar,567.26,engranar
engrandecer,554.34,engrandecer
engrapar,552.02,engrapar
engrasar,527.07,engrasar
engrosar,541.43,engrosar
engullir,535.5,engullir
enharinar,585.64,enharinar
enhebrar,557.05,enhebrar
enjabonar,534.79,enjabonar
enjaular,556.28,enjaular
enjugar,526.18,enjugar
enjuiciar,519.73,enjuiciar
enlatar,501.65,enlatar
enlazar,498.89,enlazar
enloquecer,509.35,enloquecer
enmarañar,539.85,enmaranar
enmarcar,527.31,enmarcar
enmascarar,496.31,enmascarar
enmendar,507.19,enmendar
enmudecer,575.43,enmudecer
enojar,470.35,enojar
enojarse,539.47,enojarse
enrarecer,595.99,enrarecer
enredar,527.33,enredar
enriquecer,525.07,enriquecer
enriquecerse,528.35,enriquecerse
enrojecer,521.37,enrojecer
enrollar,466.35,enrollar
enrollarse,474.01,enrollarse
ensalzar,507.16,ensalzar
ensamblar,580.09,ensamblar
ensanchar,526.93,ensanchar
ensangrentar,590.76,ensangrentar
ensañar,497.86,ensanar
ensartar,551.54,ensartar
ensayar,493.27,ensayar
enseñar,464.49,ensenar
enseñarse,550.79,ensenarse
ensillar,523.05,ensillar
ensimismar,542.79,ensimismar
ensimismarse,637.83,ensimismarse
ensombrecer,562.01,ensombrecer
ensordecer,519.18,ensordecer
ensuciar,528.18,ensuciar
entablar,534.5,entablar
entablillar,571.37,entablillar
entender,526.1,entender
entenderse,488.31,entenderse
enterar,518.5,enterar
enterarse,559.59,enterarse
enternecer,544.38,enternecer
enterrar,515.68,enterrar
enterrarse,515.47,enterrarse
entonar,496.44,entonar
entornar,556.32,entornar
entorpecer,522.41,entorpecer
entrampar,600.12,entrampar
entrañar,542.32,entranar
entrar,499.55,entrar
entreabrir,545.68,entreabrir
entrecerrar,596.71,entrecerrar
entrechocar,554.94,entrechocar
entrecomillar,622.87,entrecomillar
entregar,472.22,entregar
entregarse,531.5,entregarse
entrelazar,523.34,entrelazar
entremezclar,562.99,entremezclar
entrenar,522.98,entrenar
entrenarse,533.5,entrenarse
entresacar,612.23,entresacar
entretejer,495.79,entretejer
entretener,515.46,entretener
entretenerse,538.68,entretenerse
entrever,520.43,entrever
entrevistar,481.82,entrevistar
entrevistarse,540.58,entrevistarse
entristecer,577.64,entristecer
entristecerse,591.76,entristecerse
entroncar,512.46,entroncar
entronizar,540.31,entronizar
entubar,516.08,entubar
enturbiar,517.31,enturbiar
entusiasmar,510.4,entusiasmar
entusiasmarse,580.19,entusiasmarse
enumerar,524.22,enumerar
enunciar,508.71,enunciar
envainar,596.16,envainar
envasar,492.78,envasar
envejecer,505.4,envejecer
envenenar,496.32,envenenar
envestirse,536.52,envestirse
enviar,463.9,enviar
enviarse,485.47,enviarse
envidiar,502.77,envidiar
envilecer,587.14,envilecer
enviudar,558.46,enviudar
envolver,486.87,envolver
enyesar,558.15,enyesar
enzarzar,515.03,enzarzar
enzarzarse,544.66,enzarzarse
epatar,564.04,epatar
equilibrar,484.37,equilibrar
equipar,524.13,equipar
equiparar,503.45,equiparar
equipararse,569.42,equipararse
equivaler,496.62,equivaler
equivocar,472.41,equivocar
equivocarse,527.53,equivocarse
erguir,500.97,erguir
erigir,562.71,erigir
erizar,507.6,erizar
erosionar,582.45,erosionar
erradicar,522.82,erradicar
erradicarse,532.22,erradicarse
errar,511.92,errar
eructar,510.58,eructar
erupcionar,559.66,erupcionar
esbozar,496.69,esbozar
escabechar,581.55,escabechar
escabullir,567.14,escabullir
escalar,493.93,escalar
escaldar,517.85,escaldar
escalfar,547.94,escalfar
escalonar,526.9,escalonar
escamotear,602.69,escamotear
escampar,554.78,escampar
escanciar,569.66,escanciar
escandalizar,555.28,escandalizar
escandalizarse,544.69,escandalizarse
escandir,538.93,escandir
escapar,483.91,escapar
escaparse,507.92,escaparse
escaquear,533.01,escaquear
escarbar,585.12,escarbar
escardar,580.97,escardar
escarmentar,572.13,escarmentar
escasear,591.56,escasear
escatimar,497.53,escatimar
escenificar,582.36,escenificar
escindir,566.35,escindir
esclarecer,531.58,esclarecer
esclavizar,529.94,esclavizar
escobar,536.49,escobar
escoger,519.38,escoger
escolarizar,513.59,escolarizar
escoltar,527.36,escoltar
esconder,479.79,esconder
escorar,504.32,escorar
escribir,469.28,escribir
escribirse,486.37,escribirse
escriturar,502.17,escriturar
escrutar,524.76,escrutar
escuchar,483.25,escuchar
escucharse,538.42,escucharse
escudar,524.48,escudar
escudriñar,573.21,escudrinar
esculpir,519.06,esculpir
escupir,473.24,escupir
escurrir,506.67,escurrir
esforzar,506.09,esforzar
esforzarse,492.79,esforzarse
esgrimir,557.41,esgrimir
esmaltar,547.38,esmaltar
esmerilar,556.54,esmerilar
esnifar,522.73,esnifar
espabilar,499.78,espabilar
espabilarse,527.2,espabilarse
espaciar,471.47,espaciar
espantar,488.22,espantar
españolizar,512.84,espanolizar
esparcir,520.14,esparcir
especializar,515.11,especializar
especializarse,518.76,especializarse
especificar,540.79,especificar
especificarse,575.23,especificarse
especular,515.45,especular
esperar,478.88,esperar
esperarse,554.19,esperarse
espesar,473.16,espesar
espetar,555.68,espetar
espiar,470.98,espiar
espirar,520.43,espirar
espolear,500.85,espolear
espolvorear,569.13,espolvorear
esposar,536.23,esposar
esprintar,557.88,esprintar
espumar,491.13,espumar
esquematizar,503.01,esquematizar
esquiar,495.46,esquiar
esquilar,488.45,esquilar
esquilmar,523.46,esquilmar
esquivar,495.5,esquivar
estabilizar,484.42,estabilizar
estabilizarse,504.8,estabilizarse
establecer,485.7,establecer
establecerse,560.19,establecerse
estacionar,483.77,estacionar
estafar,515.65,estafar
estallar,483.81,estallar
estampar,509.95,estampar
estancar,501.51,estancar
estandarizar,511.56,estandarizar
estar,451.4,estar
estarse,522.89,estarse
estatalizar,637.04,estatalizar
estereotipar,569.81,estereotipar
esterilizar,549.23,esterilizar
estibar,501.52,estibar
estilizar,500.62,estilizar
estimar,464.4,estimar
estimular,493.85,estimular
estimularse,510.12,estimularse
estipular,538.62,estipular
estirar,494.8,estirar
estofar,542.38,estofar
estorbar,510.62,estorbar
estornudar,510.55,estornudar
estrangular,510.27,estrangular
estrechar,537.02,estrechar
estrellar,496.33,estrellar
estrellarse,530.56,estrellarse
estremecer,525.53,estremecer
estrenar,501.25,estrenar
estrenarse,577.66,estrenarse
estresar,495.69,estresar
estribar,486.77,estribar
estropear,495.61,estropear
estructurar,524.47,estructurar
estrujar,501.07,estrujar
estudiar,476.95,estudiar
estudiarse,529.37,estudiarse
eternizar,523.0,eternizar
etiquetar,480.21,etiquetar
europeizar,606.04,europeizar
evacuar,512.28,evacuar
evadir,513.99,evadir
evadirse,499.4,evadirse
evaluar,497.15,evaluar
evaluarse,477.01,evaluarse
evangelizar,567.97,evangelizar
evaporar,496.81,evaporar
evidenciar,534.97,evidenciar
evitar,489.14,evitar
evitarse,482.2,evitarse
evocar,518.58,evocar
evolucionar,482.3,evolucionar
exacerbar,549.76,exacerbar
exagerar,501.09,exagerar
exaltar,495.1,exaltar
examinar,508.85,examinar
examinarse,509.61,examinarse
exasperar,523.59,exasperar
excavar,528.23,excavar
exceder,509.0,exceder
exceptuar,533.64,exceptuar
excitar,507.25,excitar
excitarse,538.63,excitarse
exclamar,504.11,exclamar
excluir,489.79,excluir
excomulgar,563.94,excomulgar
excretar,518.29,excretar
exculpar,546.87,exculpar
excusar,490.83,excusar
execrar,618.61,execrar
exfoliar,547.53,exfoliar
exhalar,496.14,exhalar
exhibir,497.03,exhibir
exhibirse,529.77,exhibirse
exhortar,517.05,exhortar
exhumar,496.13,exhumar
exigir,491.91,exigir
exiliar,542.74,exiliar
exiliarse,525.31,exiliarse
eximir,504.11,eximir
existir,505.02,existir
exonerar,537.71,exonerar
exorcizar,574.49,exorcizar
expandir,496.03,expandir
expectorar,500.75,expectorar
expedir,505.87,expedir
expeler,512.73,expeler
expender,489.16,expender
experimentar,506.7,experimentar
experimentarse,545.5,experimentarse
expiar,498.21,expiar
expirar,490.43,expirar
explayar,543.72,explayar
explicar,476.44,explicar
explicarse,526.99,explicarse
explicitar,519.15,explicitar
explorar,493.89,explorar
explosionar,542.41,explosionar
explotar,478.04,explotar
exponer,498.09,exponer
exponerse,474.32,exponerse
exportar,490.06,exportar
expresar,499.63,expresar
expresarse,527.99,expresarse
exprimir,493.12,exprimir
expropiar,584.43,expropiar
expulsar,489.09,expulsar
expurgar,534.12,expurgar
extender,514.75,extender
extenderse,551.72,extenderse
extenuar,539.12,extenuar
exteriorizar,519.77,exteriorizar
exteriorizarse,547.98,exteriorizarse
exterminar,527.27,exterminar
extinguir,502.73,extinguir
extinguirse,508.91,extinguirse
extirpar,533.22,extirpar
extorsionar,564.14,extorsionar
extraditar,523.63,extraditar
extraer,493.6,extraer
extraerse,537.87,extraerse
extralimitarse,614.95,extralimitarse
extrañar,505.43,extranar
extrapolar,501.0,extrapolar
extraviar,519.54,extraviar
extremar,531.26,extremar
exudar,497.56,exudar
exultar,538.88,exultar
eyacular,520.83,eyacular
fabricar,477.09,fabricar
fabular,525.93,fabular
facilitar,479.37,facilitar
facturar,515.42,facturar
facultar,475.03,facultar
faenar,494.97,faenar
fagocitar,557.17,fagocitar
fallar,469.81,fallar
fallecer,500.34,fallecer
falsear,469.74,falsear
falsificar,554.4,falsificar
faltar,455.04,faltar
familiarizar,538.35,familiarizar
fanfarronear,567.95,fanfarronear
fantasear,572.96,fantasear
fardar,494.5,fardar
farfullar,524.99,farfullar
fascinar,508.5,fascinar
fastidiar,508.49,fastidiar
fastidiarse,599.7,fastidiarse
fatigar,509.51,fatigar
favorecer,486.58,favorecer
fechar,488.14,fechar
fecundar,512.39,fecundar
felicitar,519.54,felicitar
felicitarse,509.74,felicitarse
feminizar,515.19,feminizar
fenecer,576.62,fenecer
fermentar,512.06,fermentar
fertilizar,538.04,fertilizar
festejar,511.14,festejar
fiar,473.07,fiar
fiarse,520.12,fiarse
fibrilar,592.75,fibrilar
fichar,473.81,fichar
fidelizar,543.6,fidelizar
figurar,500.99,figurar
fijar,465.47,fijar
fijarse,471.1,fijarse
filmar,478.0,filmar
filosofar,514.91,filosofar
filtrar,504.03,filtrar
filtrarse,499.2,filtrarse
finalizar,521.57,finalizar
financiar,499.49,financiar
financiarse,555.95,financiarse
fingir,478.96,fingir
firmar,487.24,firmar
firmarse,534.42,firmarse
fiscalizar,544.94,fiscalizar
fisgar,469.01,fisgar
fisgonear,564.6,fisgonear
fisionar,493.37,fisionar
flagelar,523.99,flagelar
flagelarse,589.14,flagelarse
flamear,531.95,flamear
flanquear,554.09,flanquear
flaquear,494.64,flaquear
fletar,505.34,fletar
flexibilizar,553.83,flexibilizar
flexibilizarse,588.63,flexibilizarse
flexionar,504.68,flexionar
flexionarse,534.43,flexionarse
florear,502.03,florear
florecer,503.95,florecer
flotar,498.11,flotar
fluctuar,563.96,fluctuar
fluir,503.57,fluir
focalizar,521.45,focalizar
follar,512.14,follar
fomentar,481.33,fomentar
forcejear,555.54,forcejear
forjar,537.62,forjar
formalizar,487.34,formalizar
formalizarse,535.24,formalizarse
formar,485.33,formar
formarse,497.66,formarse
formatear,512.07,formatear
formular,476.5,formular
fornicar,522.88,fornicar
forrajear,562.01,forrajear
forrar,487.38,forrar
fortalecer,505.3,fortalecer
fortificar,529.57,fortificar
forzar,464.21,forzar
fosforescer,602.19,fosforescer
fotocopiar,518.26,fotocopiar
fotografiar,506.22,fotografiar
fotografiarse,577.93,fotografiarse
fracasar,497.92,fracasar
fraccionar,517.43,fraccionar
fracturar,482.88,fracturar
fragmentar,516.8,fragmentar
fragmentarse,560.98,fragmentarse
fraguar,507.1,fraguar
franquear,540.6,franquear
frasear,509.41,frasear
frecuentar,534.43,frecuentar
fregar,495.56,fregar
freír,493.34,freir
frenar,477.69,frenar
frivolizar,568.3,frivolizar
frotar,488.36,frotar
fructificar,581.85,fructificar
fruncir,480.72,fruncir
frustrar,480.64,frustrar
fugarse,500.18,fugarse
fulminar,525.3,fulminar
fumar,455.44,fumar
fumarse,461.53,fumarse
fumigar,521.35,fumigar
funcionar,476.72,funcionar
fundamentar,564.66,fundamentar
fundar,475.39,fundar
fundir,481.2,fundir
fundirse,500.06,fundirse
fusilar,445.51,fusilar
fusionar,498.96,fusionar
fusionarse,501.94,fusionarse
fustigar,482.68,fustigar
galantear,574.48,galantear
galardonar,575.37,galardonar
galopar,531.47,galopar
galvanizar,562.9,galvanizar
ganar,509.05,ganar
ganarse,517.76,ganarse
gandulear,604.68,gandulear
garabatear,555.9,garabatear
garantizar,500.03,garantizar
garantizarse,546.83,garantizarse
garlar,552.99,garlar
garrapatear,578.05,garrapatear
gasear,490.33,gasear
gastar,506.55,gastar
gastarse,533.44,gastarse
gatear,541.0,gatear
gemir,488.18,gemir
generalizar,492.3,generalizar
generalizarse,551.73,generalizarse
generar,464.32,generar
generarse,495.56,generarse
germinar,499.71,germinar
gestar,522.68,gestar
gestarse,565.99,gestarse
gesticular,551.37,gesticular
gestionar,479.31,gestionar
gimotear,553.09,gimotear
girar,510.17,girar
glasear,511.16,glasear
glorificar,526.74,glorificar
glosar,497.17,glosar
gobernar,533.91,gobernar
gobernarse,546.32,gobernarse
golear,534.3,golear
golpear,496.03,golpear
gorgotear,551.07,gorgotear
gorjear,527.28,gorjear
gorronear,571.71,gorronear
gotear,521.14,gotear
gozar,480.0,gozar
grabar,522.23,grabar
gradar,539.42,gradar
graduar,488.0,graduar
graduarse,527.13,graduarse
granar,485.15,granar
granizar,539.8,granizar
granular,512.16,granular
grapar,495.05,grapar
gratificar,539.59,gratificar
gravar,505.25,gravar
gravitar,509.67,gravitar
graznar,512.95,graznar
gritar,493.25,gritar
gruñir,510.57,grunir
guardar,492.19,guardar
guardarse,511.34,guardarse
guarecer,589.01,guarecer
guarnecer,549.69,guarnecer
guasearse,643.91,guasearse
guiar,533.31,guiar
guillotinar,614.77,guillotinar
guiñar,522.06,guinar
guisar,539.54,guisar
gustar,497.2,gustar
haber,510.66,haber
haberse,506.27,haberse
habilitar,498.25,habilitar
habitar,500.26,habitar
habituar,512.66,habituar
hablar,496.25,hablar
hablarse,502.86,hablarse
hacer,478.99,hacer
hacerse,483.35,hacerse
hacinar,497.76,hacinar
hallar,519.68,hallar
hallarse,533.72,hallarse
hartar,525.22,hartar
hartarse,547.53,hartarse
hechizar,511.91,hechizar
heder,505.1,heder
helar,502.31,helar
helarse,545.95,helarse
hender,489.85,hender
heredar,524.22,heredar
herir,502.9,herir
hermanar,518.14,hermanar
herniarse,603.49,herniarse
herrar,565.41,herrar
hervir,473.42,hervir
hibernar,539.33,hibernar
hibridar,562.85,hibridar
hidratar,538.71,hidratar
hidrolizar,557.28,hidrolizar
higienizar,558.09,higienizar
hilar,523.94,hilar
hilvanar,583.4,hilvanar
hincar,531.16,hincar
hinchar,492.98,hinchar
hincharse,525.53,hincharse
hipar,527.11,hipar
hipnotizar,532.38,hipnotizar
hipotecar,552.0,hipotecar
hispanizar,570.12,hispanizar
hojear,500.96,hojear
holgar,525.66,holgar
holgazanear,597.3,holgazanear
hollar,540.14,hollar
homenajear,566.82,homenajear
homogeneizar,582.81,homogeneizar
homologar,552.05,homologar
hondear,542.65,hondear
honrar,537.62,honrar
horadar,552.11,horadar
hormiguear,530.79,hormiguear
hornear,520.06,hornear
horrorizar,553.08,horrorizar
hospedar,517.19,hospedar
hospitalizar,532.74,hospitalizar
hostigar,504.11,hostigar
hozar,520.7,hozar
huir,514.27,huir
humanizar,522.06,humanizar
humear,533.72,humear
humedecer,534.69,humedecer
humillar,486.59,humillar
humillarse,507.37,humillarse
hundir,507.73,hundir
hundirse,524.61,hundirse
hurgar,512.01,hurgar
hurtar,505.02,hurtar
husmear,514.65,husmear
idealizar,548.31,idealizar
idear,496.37,idear
identificar,500.42,identificar
identificarse,531.55,identificarse
ideologizar,544.14,ideologizar
idiotizar,519.13,idiotizar
idolatrar,548.41,idolatrar
ignorar,507.8,ignorar
igualar,512.18,igualar
iluminar,498.75,iluminar
ilusionar,503.52,ilusionar
ilustrar,516.04,ilustrar
imaginar,483.98,imaginar
imaginarse,519.4,imaginarse
imantar,521.23,imantar
imbuirse,536.87,imbuirse
imitar,511.43,imitar
imitarse,519.63,imitarse
impacientar,517.67,impacientar
impactar,509.71,impactar
impartir,473.51,impartir
impedir,496.6,impedir
impeler,528.89,impeler
imperar,469.46,imperar
impermeabilizar,593.3,impermeabilizar
implantar,480.9,implantar
implementar,548.49,implementar
implicar,522.21,implicar
implorar,482.82,implorar
imponer,474.67,imponer
imponerse,499.83,imponerse
importar,479.98,importar
importunar,507.02,importunar
imposibilitar,506.13,imposibilitar
impregnar,518.53,impregnar
impresionar,489.58,impresionar
imprimir,481.92,imprimir
imprimirse,501.66,imprimirse
improvisar,505.13,improvisar
impugnar,526.62,impugnar
impulsar,515.94,impulsar
imputar,491.5,imputar
imputarse,479.74,imputarse
inactivar,519.25,inactivar
inaugurar,568.94,inaugurar
incapacitar,523.92,incapacitar
incautar,517.0,incautar
incendiar,518.4,incendiar
incentivar,569.35,incentivar
incidir,522.01,incidir
incinerar,568.27,incinerar
incinerarse,579.77,incinerarse
incitar,503.01,incitar
inclinar,491.8,inclinar
inclinarse,492.43,inclinarse
incluir,504.89,incluir
incluirse,481.68,incluirse
incoar,520.63,incoar
incomodar,506.62,incomodar
incomunicar,554.04,incomunicar
incordiar,514.97,incordiar
incorporar,521.12,incorporar
incorporarse,504.02,incorporarse
incrementar,524.94,incrementar
incrementarse,555.35,incrementarse
increpar,521.27,increpar
incriminar,476.59,incriminar
incrustar,518.58,incrustar
incubar,480.51,incubar
inculcar,478.52,inculcar
inculpar,506.42,inculpar
incumplir,491.72,incumplir
incurrir,489.05,incurrir
incursionar,591.71,incursionar
indagar,524.75,indagar
indemnizar,540.41,indemnizar
indemnizarse,554.62,indemnizarse
independizar,536.22,independizar
independizarse,577.58,independizarse
indicar,472.9,indicar
indicarse,530.22,indicarse
indignar,501.94,indignar
individualizar,515.43,individualizar
individualizarse,505.14,individualizarse
inducir,530.15,inducir
indultar,507.11,indultar
industrializar,530.77,industrializar
infectar,488.91,infectar
infectarse,550.72,infectarse
inferir,471.72,inferir
infestar,512.91,infestar
infiltrar,548.48,infiltrar
infiltrarse,491.23,infiltrarse
inflamar,515.42,inflamar
inflar,507.68,inflar
inflexionar,569.44,inflexionar
infligir,504.85,infligir
influenciar,509.98,influenciar
influir,487.52,influir
informar,469.54,informar
informarse,526.58,informarse
informatizar,526.14,informatizar
infravalorar,512.16,infravalorar
infringir,506.05,infringir
infundir,504.6,infundir
ingeniar,514.73,ingeniar
ingerir,499.85,ingerir
ingresar,535.59,ingresar
inhabilitar,540.11,inhabilitar
inhalar,500.0,inhalar
inhibir,482.68,inhibir
inhumar,568.89,inhumar
inicializar,559.72,inicializar
iniciar,510.08,iniciar
iniciarse,517.53,iniciarse
injertar,540.94,injertar
injuriar,551.95,injuriar
inmigrar,572.33,inmigrar
inmiscuir,657.25,inmiscuir
inmiscuirse,608.79,inmiscuirse
inmolar,502.59,inmolar
inmolarse,520.74,inmolarse
inmortalizar,539.09,inmortalizar
inmovilizar,547.02,inmovilizar
inmunizar,524.23,inmunizar
inmutarse,513.98,inmutarse
innovar,515.65,innovar
inocular,547.23,inocular
inquietar,503.19,inquietar
inquirir,535.78,inquirir
inscribir,495.82,inscribir
inscribirse,551.78,inscribirse
insertar,506.96,insertar
insertarse,558.27,insertarse
insinuar,490.1,insinuar
insistir,500.83,insistir
inspeccionar,568.39,inspeccionar
inspirar,463.82,inspirar
instalar,521.75,instalar
instalarse,487.79,instalarse
instar,534.78,instar
instaurar,543.39,instaurar
instaurarse,540.14,instaurarse
instigar,506.29,instigar
institucionalizar,584.27,institucionalizar
instituir,542.87,instituir
instruir,515.6,instruir
instrumentalizar,584.23,instrumentalizar
instrumentar,539.08,instrumentar
insuflar,538.57,insuflar
insultar,463.85,insultar
integrar,497.73,integrar
integrarse,513.64,integrarse
intensificar,556.86,intensificar
intentar,506.04,intentar
interaccionar,561.0,interaccionar
intercalar,541.54,intercalar
intercambiar,507.32,intercambiar
intercambiarse,528.22,intercambiarse
interceder,520.49,interceder
interceptar,561.03,interceptar
interesar,529.25,interesar
interesarse,548.83,interesarse
interferir,559.07,interferir
interiorizar,512.54,interiorizar
internacionalizar,568.16,internacionalizar
internar,511.6,internar
internarse,522.11,internarse
interpelar,535.92,interpelar
interpolar,555.52,interpolar
interponer,526.94,interponer
interponerse,586.76,interponerse
interpretar,488.29,interpretar
interpretarse,532.47,interpretarse
interrogar,516.36,interrogar
interrumpir,554.0,interrumpir
intervenir,482.72,intervenir
intimar,487.74,intimar
intimidar,507.71,intimidar
intoxicar,498.63,intoxicar
intoxicarse,529.55,intoxicarse
intranquilizar,573.64,intranquilizar
intrigar,474.58,intrigar
introducir,473.9,introducir
introducirse,518.6,introducirse
intubar,497.61,intubar
intuir,502.25,intuir
inundar,541.09,inundar
inutilizar,546.12,inutilizar
invadir,480.87,invadir
invalidar,513.23,invalidar
inventar,499.44,inventar
inventarse,497.28,inventarse
invertir,482.5,invertir
invertirse,539.56,invertirse
investigar,503.31,investigar
investigarse,528.28,investigarse
investir,503.02,investir
invitar,494.0,invitar
invocar,527.5,invocar
involucrar,507.52,involucrar
involucrarse,541.93,involucrarse
inyectar,520.56,inyectar
inyectarse,566.67,inyectarse
ionizar,545.08,ionizar
ir,513.95,ir
ironizar,564.6,ironizar
irradiar,512.57,irradiar
irrigar,523.24,irrigar
irritar,504.55,irritar
irritarse,559.8,irritarse
irrumpir,491.43,irrumpir
irse,464.83,irse
jadear,469.76,jadear
jalar,462.17,jalar
jalear,472.5,jalear
jalonar,503.06,jalonar
jerarquizar,571.11,jerarquizar
joder,466.76,joder
joderse,471.91,joderse
jorobar,533.07,jorobar
jubilar,511.01,jubilar
jubilarse,505.54,jubilarse
jugar,467.36,jugar
jugarse,486.27,jugarse
juguetear,508.5,juguetear
juntar,449.93,juntar
juntarse,500.84,juntarse
jurar,485.01,jurar
justar,444.13,justar
justificar,489.79,justificar
justificarse,529.47,justificarse
juzgar,510.85,juzgar
kilometrar,552.68,kilometrar
laborear,536.4,laborear
labrar,477.63,labrar
lacar,467.45,lacar
lacerar,576.26,lacerar
ladear,546.01,ladear
ladrar,476.0,ladrar
lagrimear,560.98,lagrimear
lamentar,522.13,lamentar
lamentarse,527.55,lamentarse
lamer,488.01,lamer
laminar,487.35,laminar
laminarse,548.11,laminarse
languidecer,583.85,languidecer
lanzar,469.65,lanzar
lanzarse,505.97,lanzarse
lapidar,499.57,lapidar
largar,515.83,largar
largarse,523.74,largarse
lastimar,488.05,lastimar
lastrar,497.99,lastrar
latir,490.21,latir
lavar,482.43,lavar
lavarse,514.77,lavarse
laxar,509.64,laxar
lazar,464.29,lazar
leer,464.74,leer
leerse,485.25,leerse
legalizar,518.86,legalizar
legalizarse,577.34,legalizarse
legar,521.74,legar
legislar,540.31,legislar
legitimar,515.03,legitimar
lesionar,513.33,lesionar
lesionarse,544.01,lesionarse
levantar,511.84,levantar
levantarse,509.29,levantarse
levitar,476.71,levitar
liar,507.69,liar
liarse,502.28,liarse
libar,505.46,libar
liberalizar,522.92,liberalizar
liberar,507.38,liberar
liberarse,534.95,liberarse
librar,505.59,librar
librarse,521.26,librarse
licenciar,496.53,licenciar
licenciarse,556.94,licenciarse
licuar,507.98,licuar
liderar,501.98,liderar
lidiar,513.68,lidiar
ligar,483.28,ligar
ligarse,528.73,ligarse
lijar,504.14,lijar
limar,495.85,limar
limitar,468.3,limitar
limitarse,535.11,limitarse
limpiar,474.6,limpiar
limpiarse,493.91,limpiarse
linchar,489.78,linchar
lindar,493.2,lindar
liquidar,485.5,liquidar
lisiar,468.19,lisiar
litigar,573.7,litigar
llamar,473.2,llamar
llamarse,521.93,llamarse
llamear,587.67,llamear
llegar,490.33,llegar
llegarse,525.58,llegarse
llenar,510.07,llenar
llenarse,504.48,llenarse
llevar,487.8,llevar
llevarse,520.01,llevarse
llorar,493.04,llorar
lloriquear,562.84,lloriquear
llover,491.22,llover
lloviznar,566.2,lloviznar
loar,469.84,loar
localizar,518.2,localizar
lograr,507.49,lograr
lograrse,506.39,lograrse
lubricar,507.18,lubricar
luchar,501.84,luchar
lucir,452.63,lucir
lucirse,489.35,lucirse
lustrar,524.16,lustrar
macerar,572.29,macerar
machacar,528.48,machacar
madrugar,478.29,madrugar
madurar,492.5,madurar
magnetizar,576.27,magnetizar
magnificar,512.56,magnificar
magrear,544.45,magrear
magullar,504.37,magullar
maldecir,537.13,maldecir
malentender,576.57,malentender
malgastar,499.04,malgastar
maliciar,503.69,maliciar
malinterpretar,615.86,malinterpretar
malmeter,568.72,malmeter
malograr,523.88,malograr
maltear,544.13,maltear
maltraer,562.66,maltraer
maltratar,492.37,maltratar
malvender,555.32,malvender
malversar,528.31,malversar
malvivir,525.73,malvivir
mamar,517.27,mamar
manar,489.82,manar
manchar,502.01,manchar
mancharse,517.8,mancharse
mancillar,506.51,mancillar
mandar,494.13,mandar
manejar,503.1,manejar
manejarse,502.84,manejarse
mangar,502.74,mangar
maniatar,528.78,maniatar
manifestar,497.78,manifestar
manifestarse,517.44,manifestarse
maniobrar,570.25,maniobrar
manipular,481.85,manipular
manosear,491.68,manosear
manotear,575.66,manotear
mantener,507.94,mantener
mantenerse,516.6,mantenerse
manufacturar,546.18,manufacturar
maquillar,509.92,maquillar
maquillarse,487.54,maquillarse
maquinar,495.59,maquinar
maravillar,554.05,maravillar
marcar,467.05,marcar
marcarse,514.49,marcarse
marchar,489.17,marchar
marcharse,508.47,marcharse
marchitar,498.04,marchitar
marear,460.76,marear
marearse,510.94,marearse
marginar,498.61,marginar
martillar,510.94,martillar
martillear,565.2,martillear
martirizar,523.99,martirizar
masacrar,566.03,masacrar
masajear,492.51,masajear
mascar,474.68,mascar
mascullar,533.14,mascullar
masticar,504.69,masticar
masturbar,540.74,masturbar
masturbarse,550.07,masturbarse
matar,484.2,matar
matarse,488.35,matarse
matear,488.3,matear
materializar,536.07,materializar
materializarse,585.57,materializarse
matizar,519.0,matizar
matizarse,555.42,matizarse
matricular,525.36,matricular
matricularse,547.28,matricularse
matrimoniar,530.56,matrimoniar
maullar,508.21,maullar
maximizar,519.64,maximizar
mear,481.61,mear
mecanizar,549.93,mecanizar
mecanografiar,580.05,mecanografiar
mecer,484.6,mecer
mediar,510.09,mediar
mediatizar,578.41,mediatizar
medir,456.96,medir
medirse,482.0,medirse
meditar,480.67,meditar
medrar,524.35,medrar
mejorar,465.66,mejorar
mejorarse,520.06,mejorarse
memorizar,507.59,memorizar
mencionar,518.86,mencionar
mendigar,486.26,mendigar
menear,520.53,menear
menguar,536.02,menguar
menoscabar,602.49,menoscabar
menospreciar,571.56,menospreciar
mentalizar,520.41,mentalizar
mentalizarse,521.59,mentalizarse
mentar,516.79,mentar
mentir,455.87,mentir
menudear,566.02,menudear
mercadear,557.47,mercadear
mercantilizar,555.72,mercantilizar
merecer,586.87,merecer
merendar,503.44,merendar
mermar,534.48,mermar
merodear,546.68,merodear
metabolizar,515.95,metabolizar
metaforizar,518.53,metaforizar
meter,484.66,meter
meterse,513.0,meterse
mezclar,472.29,mezclar
mezclarse,517.77,mezclarse
militarizar,574.15,militarizar
mimar,479.69,mimar
minar,518.65,minar
mineralizar,575.74,mineralizar
miniaturizar,578.78,miniaturizar
minimizar,478.79,minimizar
minusvalorar,589.63,minusvalorar
mirar,489.64,mirar
mirarse,507.96,mirarse
mistificar,557.14,mistificar
mitificar,564.67,mitificar
mitigar,493.26,mitigar
modelar,474.43,modelar
modelizar,501.04,modelizar
moderar,579.34,moderar
moderarse,584.89,moderarse
modernizar,511.8,modernizar
modernizarse,510.44,modernizarse
modificar,492.94,modificar
modificarse,503.26,modificarse
modular,472.0,modular
mofar,466.9,mofar
mojar,451.18,mojar
mojarse,500.85,mojarse
molar,455.1,molar
moldear,456.14,moldear
moler,522.36,moler
molestar,499.74,molestar
molestarse,505.13,molestarse
momificar,531.18,momificar
mondar,511.99,mondar
monopolizar,565.17,monopolizar
montar,499.27,montar
montarse,492.84,montarse
moquear,545.5,moquear
moralizar,540.36,moralizar
morar,511.52,morar
morder,469.08,morder
morderse,545.07,morderse
mordisquear,541.57,mordisquear
morir,503.1,morir
morirse,491.73,morirse
mortificar,560.01,mortificar
mosquear,521.74,mosquear
mosquearse,521.66,mosquearse
mostrar,475.59,mostrar
mostrarse,479.43,mostrarse
motejar,516.2,motejar
motivar,474.92,motivar
motivarse,497.24,motivarse
motorizarse,532.71,motorizarse
mover,472.14,mover
moverse,488.65,moverse
movilizar,500.81,movilizar
movilizarse,509.58,movilizarse
mudar,476.77,mudar
mugir,482.88,mugir
mullir,489.09,mullir
multar,475.0,multar
multiplicar,501.92,multiplicar
municipalizar,583.95,municipalizar
murmurar,519.38,murmurar
musitar,507.36,musitar
mutar,497.65,mutar
mutilar,541.08,mutilar
nacer,497.8,nacer
nacionalizar,558.84,nacionalizar
nadar,496.69,nadar
narcotizar,553.46,narcotizar
narrar,494.28,narrar
naturalizar,516.03,naturalizar
naufragar,520.2,naufragar
navegar,499.43,navegar
necesitar,492.58,necesitar
negar,494.88,negar
negarse,508.2,negarse
negociar,498.2,negociar
neutralizar,546.6,neutralizar
nevar,495.15,nevar
nivelar,466.17,nivelar
nombrar,512.81,nombrar
nombrarse,527.96,nombrarse
nominar,485.55,nominar
noquear,556.26,noquear
normalizar,520.21,normalizar
normalizarse,542.89,normalizarse
notar,494.32,notar
notarse,479.96,notarse
notificar,489.62,notificar
novelar,497.14,novelar
nublar,470.42,nublar
numerar,520.91,numerar
nutrir,497.34,nutrir
obedecer,556.13,obedecer
objetar,498.15,objetar
objetivar,534.85,objetivar
obligar,491.17,obligar
obnubilar,569.03,obnubilar
obrar,509.65,obrar
obsequiar,592.07,obsequiar
observar,501.08,observar
obsesionar,535.29,obsesionar
obstaculizar,565.09,obstaculizar
obstruir,504.32,obstruir
obtener,503.29,obtener
obtenerse,515.88,obtenerse
obturar,530.73,obturar
obviar,472.39,obviar
ocasionar,504.61,ocasionar
ocasionarse,544.71,ocasionarse
ocultar,493.02,ocultar
ocultarse,511.33,ocultarse
ocupar,484.96,ocupar
ocuparse,489.01,ocuparse
ocurrir,497.88,ocurrir
odiar,501.76,odiar
ofender,491.29,ofender
ofertar,506.3,ofertar
oficializar,521.11,oficializar
oficiar,501.95,oficiar
ofrecer,478.37,ofrecer
ofrecerse,482.59,ofrecerse
oír,501.23,oir
oler,495.03,oler
olfatear,516.56,olfatear
olismear,648.53,olismear
olisquear,545.25,olisquear
olvidar,476.72,olvidar
olvidarse,517.51,olvidarse
omitir,496.5,omitir
ondear,500.31,ondear
ondular,514.02,ondular
operar,477.5,operar
operarse,512.58,operarse
opinar,484.99,opinar
oponer,495.66,oponer
oponerse,533.82,oponerse
opositar,516.99,opositar
oprimir,504.26,oprimir
optar,466.53,optar
optimizar,494.76,optimizar
orar,487.55,orar
orbitar,487.59,orbitar
ordenar,499.65,ordenar
ordeñar,536.95,ordenar
orear,533.5,orear
organizar,509.5,organizar
organizarse,507.97,organizarse
orientar,508.55,orientar
orientarse,518.07,orientarse
originar,510.67,originar
orinar,475.05,orinar
orquestar,546.81,orquestar
osar,497.47,osar
oscilar,517.05,oscilar
oscurecer,502.61,oscurecer
oscurecerse,565.21,oscurecerse
ostentar,536.74,ostentar
otear,524.03,otear
otorgar,544.11,otorgar
ovular,481.61,ovular
oxidar,498.28,oxidar
oxigenar,519.28,oxigenar
pacificar,537.79,pacificar
pactar,516.26,pactar
padecer,547.39,padecer
pagar,512.34,pagar
pagarse,560.26,pagarse
paladear,524.82,paladear
palear,536.27,palear
paliar,537.22,paliar
palidecer,543.64,palidecer
palmear,531.73,palmear
palmotear,543.24,palmotear
palpar,535.99,palpar
palpitar,543.25,palpitar
panificar,574.42,panificar
papear,508.42,papear
paralizar,521.47,paralizar
parar,487.39,parar
pararse,563.76,pararse
parcelar,573.55,parcelar
parchear,575.65,parchear
parear,564.94,parear
parecer,520.23,parecer
parecerse,596.75,parecerse
parir,508.4,parir
parlamentar,607.98,parlamentar
parlotear,578.89,parlotear
parodiar,551.01,parodiar
parpadear,574.77,parpadear
parrafear,591.83,parrafear
participar,533.44,participar
partir,523.04,partir
partirse,537.17,partirse
pasar,500.22,pasar
pasarse,557.02,pasarse
pasear,507.39,pasear
pasearse,616.06,pasearse
pasmar,535.32,pasmar
pastar,498.07,pastar
pasteurizar,609.98,pasteurizar
pastorear,566.16,pastorear
patalear,566.79,patalear
patear,494.64,patear
patentar,548.42,patentar
patentizar,610.29,patentizar
patinar,485.39,patinar
patrocinar,530.95,patrocinar
patrullar,527.31,patrullar
pausar,509.64,pausar
pautar,538.95,pautar
pavimentar,561.7,pavimentar
pavonear,555.08,pavonear
pecar,515.2,pecar
pechar,544.9,pechar
pedalear,593.11,pedalear
pedir,504.76,pedir
pegar,513.61,pegar
pegarse,524.21,pegarse
peinar,480.27,peinar
peinarse,536.08,peinarse
pelar,509.65,pelar
pelear,524.23,pelear
pelearse,564.53,pelearse
peligrar,540.52,peligrar
pellizcar,562.02,pellizcar
pelotear,550.76,pelotear
penalizar,518.97,penalizar
penar,512.39,penar
pender,572.63,pender
pendonear,623.05,pendonear
penetrar,524.81,penetrar
pensar,484.92,pensar
pensarse,564.0,pensarse
percatar,538.05,percatar
percibir,528.99,percibir
percibirse,565.95,percibirse
percutir,530.16,percutir
perder,502.37,perder
perderse,546.26,perderse
perdonar,514.7,perdonar
perdurar,565.46,perdurar
perecer,618.96,perecer
peregrinar,595.54,peregrinar
perfeccionar,534.77,perfeccionar
perfeccionarse,548.06,perfeccionarse
perfilar,527.83,perfilar
perforar,544.07,perforar
perfumar,489.04,perfumar
perfundir,584.08,perfundir
pergeñar,595.59,pergenar
perjudicar,539.92,perjudicar
perjurar,515.26,perjurar
permanecer,543.97,permanecer
permeabilizar,625.51,permeabilizar
permitir,490.92,permitir
permitirse,543.48,permitirse
permutar,522.14,permutar
pernoctar,594.19,pernoctar
perorar,597.61,perorar
perpetrar,596.12,perpetrar
perpetuar,556.68,perpetuar
perpetuarse,569.89,perpetuarse
perseguir,547.2,perseguir
perseverar,661.87,perseverar
persistir,521.48,persistir
personalizar,518.08,personalizar
personarse,601.26,personarse
personificar,532.86,personificar
persuadir,553.54,persuadir
pertenecer,518.97,pertenecer
pertrechar,597.02,pertrechar
perturbar,559.42,perturbar
pervertir,561.14,pervertir
pervivir,595.95,pervivir
pesar,481.18,pesar
pesarse,536.38,pesarse
pescar,496.03,pescar
pesquisar,584.75,pesquisar
pestañear,580.0,pestanear
petar,490.35,petar
petrificar,585.59,petrificar
piafar,576.09,piafar
piar,508.05,piar
picar,506.06,picar
picotear,524.35,picotear
pillar,542.74,pillar
pillarse,527.44,pillarse
pilotar,522.07,pilotar
pincelar,533.61,pincelar
pinchar,497.62,pinchar
pincharse,534.36,pincharse
pintar,498.25,pintar
pintarse,498.12,pintarse
piratear,537.42,piratear
piropear,571.27,piropear
pisar,516.02,pisar
pisarse,502.14,pisarse
pisotear,544.65,pisotear
pitar,526.39,pitar
pivotar,521.74,pivotar
placar,501.66,placar
placer,494.09,placer
plagar,498.94,plagar
plagiar,527.68,plagiar
planchar,535.05,planchar
planear,504.79,planear
planificar,523.88,planificar
plantar,509.91,plantar
plantarse,545.47,plantarse
plantear,508.5,plantear
plantearse,599.95,plantearse
plasmar,526.72,plasmar
platear,525.65,platear
platicar,538.43,platicar
plegar,531.94,plegar
pleitear,598.15,pleitear
plisar,539.64,plisar
plumear,515.6,plumear
poblar,536.52,poblar
podar,493.13,podar
poder,515.4,poder
poderse,563.46,poderse
poetizar,554.6,poetizar
polarizar,543.84,polarizar
polemizar,555.95,polemizar
policromar,660.81,policromar
politizar,539.84,politizar
ponderar,522.54,ponderar
poner,502.73,poner
ponerse,523.6,ponerse
pontificar,553.94,pontificar
popularizar,565.93,popularizar
pordiosear,594.4,pordiosear
porfiar,524.6,porfiar
pormenorizar,657.57,pormenorizar
porrear,531.61,porrear
portar,511.16,portar
portarse,573.82,portarse
posar,503.61,posar
poseer,525.16,poseer
posesionar,551.59,posesionar
posibilitar,519.85,posibilitar
posicionar,543.0,posicionar
positivar,508.32,positivar
positivarse,597.1,positivarse
posponer,537.72,posponer
postergar,552.19,postergar
postrar,527.22,postrar
postular,548.61,postular
postularse,581.45,postularse
potenciar,536.34,potenciar
potenciarse,569.39,potenciarse
practicar,520.6,practicar
preceder,570.03,preceder
preciar,515.44,preciar
precintar,522.37,precintar
precipitar,558.22,precipitar
precipitarse,553.08,precipitarse
precisar,518.76,precisar
preconcebir,587.93,preconcebir
preconizar,632.26,preconizar
predecir,531.97,predecir
predestinar,647.06,predestinar
predeterminar,586.8,predeterminar
predicar,552.2,predicar
predisponer,628.49,predisponer
predominar,573.53,predominar
preferir,557.0,preferir
prefigurar,641.73,prefigurar
prefijar,546.88,prefijar
pregonar,576.11,pregonar
preguntar,520.06,preguntar
preguntarse,513.65,preguntarse
prejuzgar,593.39,prejuzgar
premeditar,562.15,premeditar
premiar,495.69,premiar
prender,507.55,prender
prensar,521.61,prensar
preñar,546.19,prenar
preocupar,527.94,preocupar
preocuparse,542.64,preocuparse
preparar,511.89,preparar
prepararse,536.92,prepararse
presagiar,611.01,presagiar
prescindir,536.34,prescindir
prescribir,556.16,prescribir
presenciar,550.38,presenciar
presentar,519.35,presentar
presentarse,534.65,presentarse
presentir,529.86,presentir
preservar,548.77,preservar
preservarse,626.66,preservarse
presidir,528.73,presidir
presionar,506.25,presionar
prestar,530.92,prestar
prestarse,542.88,prestarse
prestigiar,572.78,prestigiar
presumir,499.56,presumir
presuponer,606.54,presuponer
presupuestar,594.37,presupuestar
pretender,541.81,pretender
pretextar,615.25,pretextar
prevalecer,602.32,prevalecer
prevaricar,587.07,prevaricar
prevenir,531.43,prevenir
prevenirse,553.16,prevenirse
prever,505.34,prever
primar,507.77,primar
principiar,582.22,principiar
pringar,526.31,pringar
pringarse,543.04,pringarse
priorizar,547.29,priorizar
privar,537.08,privar
privatizar,523.13,privatizar
privilegiar,574.06,privilegiar
probar,500.92,probar
probarse,518.25,probarse
proceder,526.56,proceder
procesar,490.94,procesar
proclamar,540.05,proclamar
proclamarse,585.65,proclamarse
procrear,547.34,procrear
procurar,519.76,procurar
procurarse,574.07,procurarse
prodigar,556.39,prodigar
prodigarse,584.14,prodigarse
producir,516.86,producir
producirse,572.1,producirse
profanar,569.1,profanar
proferir,512.26,proferir
profesar,532.41,profesar
profesionalizar,604.14,profesionalizar
profesionalizarse,674.59,profesionalizarse
profetizar,569.52,profetizar
profundizar,529.35,profundizar
programar,523.65,programar
progresar,549.1,progresar
prohibir,524.32,prohibir
proliferar,588.55,proliferar
prolongar,542.48,prolongar
prolongarse,554.41,prolongarse
promediar,534.38,promediar
prometer,507.55,prometer
prometerse,509.37,prometerse
promocionar,540.78,promocionar
promocionarse,556.75,promocionarse
promover,529.42,promover
promulgar,573.76,promulgar
promulgarse,572.94,promulgarse
pronosticar,546.47,pronosticar
pronunciar,541.97,pronunciar
pronunciarse,524.7,pronunciarse
propagar,552.88,propagar
propasar,518.39,propasar
propiciar,542.81,propiciar
propinar,517.52,propinar
proponer,558.14,proponer
proporcionar,522.18,proporcionar
propugnar,537.09,propugnar
propulsar,541.26,propulsar
prorrogar,656.04,prorrogar
prorrumpir,587.93,prorrumpir
proscribir,544.82,proscribir
proseguir,553.0,proseguir
prosperar,546.96,prosperar
prostituir,504.95,prostituir
protagonizar,562.85,protagonizar
proteger,512.2,proteger
protegerse,513.19,protegerse
protestar,524.72,protestar
proveer,568.58,proveer
provenir,497.11,provenir
provocar,521.99,provocar
provocarse,524.27,provocarse
proyectar,531.41,proyectar
proyectarse,563.01,proyectarse
psicoanalizar,612.97,psicoanalizar
publicar,521.96,publicar
publicarse,527.2,publicarse
pudrir,571.01,pudrir
puentear,579.43,puentear
pugnar,525.98,pugnar
pujar,501.07,pujar
pulir,506.5,pulir
pulirse,568.53,pulirse
pulsar,507.97,pulsar
pulular,550.64,pulular
pulverizar,516.59,pulverizar
puntear,540.04,puntear
puntualizar,530.08,puntualizar
puntuar,493.96,puntuar
punzar,515.91,punzar
purgar,534.0,purgar
purificar,533.6,purificar
putear,571.73,putear
quebrantar,517.55,quebrantar
quebrar,528.81,quebrar
quedar,502.2,quedar
quedarse,513.3,quedarse
quejar,507.16,quejar
quejarse,508.98,quejarse
quemar,497.81,quemar
quemarse,515.15,quemarse
querellarse,713.81,querellarse
querer,505.9,querer
quererse,538.92,quererse
quitar,476.78,quitar
quitarse,500.7,quitarse
rabiar,523.02,rabiar
racionalizar,569.09,racionalizar
racionar,498.72,racionar
radiar,521.41,radiar
radicar,528.9,radicar
radiodifundir,652.66,radiodifundir
radiografiar,583.03,radiografiar
raer,511.27,raer
rajar,510.47,rajar
ralentizar,542.71,ralentizar
rallar,543.07,rallar
rapar,535.74,rapar
rapiñar,503.88,rapinar
raptar,539.18,raptar
rascar,512.56,rascar
rasear,529.66,rasear
rasgar,554.31,rasgar
rasgarse,574.54,rasgarse
rasguñar,529.87,rasgunar
raspar,534.23,raspar
rastrear,562.99,rastrear
rastrillar,515.54,rastrillar
rasurar,569.68,rasurar
ratificar,544.27,ratificar
rayar,505.94,rayar
razonar,528.61,razonar
reabrir,540.3,reabrir
reabrirse,579.54,reabrirse
reabsorber,601.44,reabsorber
reaccionar,545.66,reaccionar
reactivar,525.57,reactivar
reactualizar,540.15,reactualizar
reactualizarse,602.73,reactualizarse
readaptar,598.44,readaptar
readaptarse,666.2,readaptarse
readmitir,577.44,readmitir
reafirmar,564.62,reafirmar
reafirmarse,553.54,reafirmarse
reagrupar,578.22,reagrupar
reajustar,558.41,reajustar
realizar,510.77,realizar
realizarse,561.03,realizarse
realojarse,593.46,realojarse
realzar,556.78,realzar
reanimar,539.13,reanimar
reanudar,537.01,reanudar
reanudarse,544.12,reanudarse
reaparecer,558.43,reaparecer
rearmar,572.0,rearmar
reavivar,571.25,reavivar
rebajar,529.64,rebajar
rebanar,500.57,rebanar
rebañar,540.59,rebanar
rebasar,505.52,rebasar
rebatir,505.9,rebatir
rebelar,482.95,rebelar
rebelarse,553.71,rebelarse
reblandecer,589.66,reblandecer
rebobinar,544.1,rebobinar
rebosar,504.1,rebosar
rebotar,518.85,rebotar
rebullir,550.93,rebullir
rebuscar,531.88,rebuscar
rebuznar,551.74,rebuznar
recabar,512.85,recabar
recaer,512.06,recaer
recalar,516.51,recalar
recalcar,566.63,recalcar
recalcular,553.84,recalcular
recalentar,558.43,recalentar
recalificar,579.44,recalificar
recambiar,582.11,recambiar
recapacitar,583.58,recapacitar
recapitular,554.06,recapitular
recargar,553.22,recargar
recaudar,497.49,recaudar
recelar,523.69,recelar
recepcionar,543.56,recepcionar
recetar,535.3,recetar
rechazar,543.45,rechazar
rechinar,534.03,rechinar
rechistar,535.99,rechistar
recibir,500.85,recibir
reciclar,521.27,reciclar
reciclarse,540.35,reciclarse
reciprocar,559.42,reciprocar
recitar,505.93,recitar
reclamar,510.07,reclamar
reclinar,565.15,reclinar
recluir,525.99,recluir
recluirse,556.22,recluirse
reclutar,518.8,reclutar
recobrar,512.4,recobrar
recoger,538.96,recoger
recogerse,528.29,recogerse
recolectar,533.49,recolectar
recolocar,570.45,recolocar
recomendar,530.24,recomendar
recomenzar,583.01,recomenzar
recompensar,563.24,recompensar
recomponer,562.37,recomponer
reconcentrar,594.78,reconcentrar
reconciliar,528.27,reconciliar
reconciliarse,516.7,reconciliarse
reconducir,542.07,reconducir
reconfortar,555.93,reconfortar
reconocer,544.89,reconocer
reconocerse,530.77,reconocerse
reconquistar,557.6,reconquistar
reconsiderar,579.81,reconsiderar
reconstituir,513.74,reconstituir
reconstruir,553.45,reconstruir
recontar,509.18,recontar
reconvenir,528.39,reconvenir
reconvertir,533.29,reconvertir
recopilar,537.62,recopilar
recordar,507.6,recordar
recorrer,533.0,recorrer
recorrerse,544.27,recorrerse
recortar,518.86,recortar
recostar,551.57,recostar
recrear,536.13,recrear
recriar,526.76,recriar
recriminar,527.7,recriminar
recrudecer,529.02,recrudecer
rectificar,527.1,rectificar
recuadrar,536.65,recuadrar
recubrir,524.83,recubrir
recular,532.05,recular
recuperar,509.37,recuperar
recuperarse,543.64,recuperarse
recurar,542.62,recurar
recurrir,505.67,recurrir
recurrirse,568.22,recurrirse
recusar,507.69,recusar
redactar,513.32,redactar
redefinir,557.13,redefinir
redescubrir,576.77,redescubrir
redimensionar,576.84,redimensionar
redimir,515.25,redimir
redistribuir,598.67,redistribuir
redoblar,558.99,redoblar
redondear,563.73,redondear
reducir,504.42,reducir
reducirse,519.43,reducirse
redundar,592.25,redundar
reduplicar,601.01,reduplicar
reedificar,618.04,reedificar
reeditar,534.09,reeditar
reeducar,540.52,reeducar
reelaborar,592.08,reelaborar
reelegir,522.32,reelegir
reembolsar,559.32,reembolsar
reemplazar,513.68,reemplazar
reemprender,555.74,reemprender
reencarnar,561.15,reencarnar
reencontrar,540.17,reencontrar
reencontrarse,592.98,reencontrarse
reenfrentarse,615.07,reenfrentarse
reenviar,526.24,reenviar
reequilibrar,581.74,reequilibrar
reescribir,573.99,reescribir
reestrenar,586.64,reestrenar
reestructurar,571.59,reestructurar
reexaminar,600.74,reexaminar
refaccionar,600.61,refaccionar
referir,493.43,referir
referirse,525.58,referirse
refinar,520.53,refinar
reflejar,547.67,reflejar
reflejarse,524.22,reflejarse
reflexionar,510.2,reflexionar
reflotar,530.89,reflotar
refluir,533.1,refluir
reformar,552.48,reformar
reformarse,581.83,reformarse
reformular,504.42,reformular
reforzar,518.76,reforzar
reforzarse,575.99,reforzarse
refractar,576.1,refractar
refrenar,554.28,refrenar
refrendar,552.42,refrendar
refrescar,542.79,refrescar
refrigerar,546.74,refrigerar
refrigerarse,555.06,refrigerarse
refrotar,558.31,refrotar
refugiar,562.25,refugiar
refugiarse,523.35,refugiarse
refulgir,528.03,refulgir
refundar,519.95,refundar
refundir,498.45,refundir
refunfuñar,562.81,refunfunar
refutar,527.51,refutar
regalar,511.26,regalar
regalarse,556.84,regalarse
regañar,541.8,reganar
regar,528.08,regar
regarse,542.89,regarse
regatear,566.85,regatear
regenerar,553.47,regenerar
regenerarse,560.59,regenerarse
regentar,551.14,regentar
regir,531.53,regir
registrar,522.08,registrar
reglamentar,558.44,reglamentar
reglar,518.66,reglar
regocijar,571.76,regocijar
regresar,523.02,regresar
regular,490.26,regular
regularizar,509.73,regularizar
rehabilitar,557.87,rehabilitar
rehabilitarse,568.77,rehabilitarse
rehacer,515.39,rehacer
rehilar,540.64,rehilar
rehogar,569.64,rehogar
rehuir,524.05,rehuir
rehusar,542.02,rehusar
reimprimir,575.86,reimprimir
reinar,507.07,reinar
reincidir,562.44,reincidir
reincorporar,575.1,reincorporar
reincorporarse,592.7,reincorporarse
reingresar,588.8,reingresar
reiniciar,529.54,reiniciar
reinsertar,574.21,reinsertar
reinsertarse,566.41,reinsertarse
reinstalar,541.31,reinstalar
reinstaurar,572.66,reinstaurar
reintegrar,556.68,reintegrar
reintegrarse,605.14,reintegrarse
reintroducir,601.09,reintroducir
reinventar,533.51,reinventar
reinvestigar,598.49,reinvestigar
reir,498.0,reir
reírse,491.59,reirse
reiterar,514.74,reiterar
reivindicar,543.7,reivindicar
rejonear,557.46,rejonear
rejuvenecer,576.49,rejuvenecer
relacionar,518.93,relacionar
relacionarse,572.17,relacionarse
relajar,516.43,relajar
relajarse,514.16,relajarse
relamer,557.05,relamer
relampaguear,635.98,relampaguear
relanzar,537.52,relanzar
relanzarse,575.34,relanzarse
relatar,526.8,relatar
relativizar,574.38,relativizar
releer,540.52,releer
relegar,549.82,relegar
relevar,514.6,relevar
relinchar,526.3,relinchar
rellenar,515.08,rellenar
relucir,525.9,relucir
relumbrar,545.77,relumbrar
remachar,556.24,remachar
remansar,560.07,remansar
remar,528.76,remar
remarcar,535.7,remarcar
rematar,526.64,rematar
remedar,505.74,remedar
remediar,520.65,remediar
rememorar,589.53,rememorar
remendar,567.72,remendar
remeter,539.96,remeter
remirar,567.6,remirar
remitir,495.91,remitir
remitirse,548.41,remitirse
remojar,528.68,remojar
remolcar,534.53,remolcar
remolinear,556.52,remolinear
remontar,514.32,remontar
remontarse,537.91,remontarse
remover,492.81,remover
remozar,548.52,remozar
remunerar,542.17,remunerar
renacer,510.97,renacer
rendir,530.23,rendir
rendirse,576.41,rendirse
renegar,533.58,renegar
renombrar,568.5,renombrar
renovar,520.96,renovar
renovarse,544.07,renovarse
renquear,583.15,renquear
rentabilizar,528.27,rentabilizar
rentar,527.4,rentar
renunciar,500.92,renunciar
reñir,516.51,renir
reordenar,562.43,reordenar
reorganizar,555.53,reorganizar
reparar,533.19,reparar
repartir,531.07,repartir
repartirse,548.82,repartirse
repasar,504.62,repasar
repatriar,539.84,repatriar
repeinar,538.35,repeinar
repeler,562.66,repeler
repensarse,585.0,repensarse
repercutir,556.26,repercutir
repescar,581.18,repescar
repetir,493.05,repetir
repetirse,507.83,repetirse
repicar,552.37,repicar
repintar,533.09,repintar
replantear,580.14,replantear
replegar,562.82,replegar
replicar,508.19,replicar
repoblar,547.83,repoblar
reponer,508.0,reponer
reponerse,582.54,reponerse
reportar,531.4,reportar
reposar,524.25,reposar
repostar,531.47,repostar
reprender,536.81,reprender
represaliar,558.97,represaliar
representar,605.56,representar
reprimir,522.53,reprimir
reprivatizar,598.45,reprivatizar
reprobar,533.26,reprobar
reprochar,518.72,reprochar
reproducir,524.65,reproducir
reproducirse,507.85,reproducirse
reptar,535.76,reptar
repudiar,555.35,repudiar
repugnar,541.37,repugnar
repujar,546.98,repujar
requerir,494.6,requerir
requisar,545.82,requisar
resaltar,538.12,resaltar
resarcir,561.8,resarcir
resarcirse,642.86,resarcirse
resbalar,534.04,resbalar
rescatar,532.92,rescatar
rescatarse,640.37,rescatarse
rescindir,607.03,rescindir
resentir,538.34,resentir
reseñar,518.01,resenar
reservar,514.09,reservar
reservarse,569.41,reservarse
resfriar,532.9,resfriar
resguardar,590.45,resguardar
resguardarse,610.66,resguardarse
residir,523.0,residir
resignar,515.33,resignar
resignarse,573.43,resignarse
resistir,514.04,resistir
resistirse,541.7,resistirse
resituar,570.67,resituar
resollar,540.91,resollar
resolver,519.93,resolver
resolverse,558.92,resolverse
resonar,549.77,resonar
resoplar,558.96,resoplar
respaldar,545.83,respaldar
respaldarse,613.36,respaldarse
respetar,551.03,respetar
respetarse,514.77,respetarse
respirar,524.31,respirar
resplandecer,564.39,resplandecer
responder,513.64,responder
responsabilizar,547.7,responsabilizar
responsabilizarse,575.26,responsabilizarse
resquebrajar,601.92,resquebrajar
resquebrajarse,611.97,resquebrajarse
restablecer,560.94,restablecer
restallar,535.15,restallar
restañar,524.41,restanar
restar,493.84,restar
restaurar,557.2,restaurar
restituir,577.67,restituir
restregar,536.51,restregar
restringir,516.75,restringir
resucitar,521.7,resucitar
resultar,506.75,resultar
resumir,529.09,resumir
resurgir,538.13,resurgir
retar,489.59,retar
retardar,532.43,retardar
retarse,523.31,retarse
retejar,556.76,retejar
retener,536.57,retener
retenerse,508.06,retenerse
retirar,530.34,retirar
retirarse,523.02,retirarse
retocar,490.39,retocar
retomar,500.71,retomar
retorcer,519.87,retorcer
retornar,541.12,retornar
retozar,512.66,retozar
retranquear,573.68,retranquear
retransmitir,566.19,retransmitir
retrasar,530.55,retrasar
retrasarse,540.12,retrasarse
retratar,533.31,retratar
retratarse,559.14,retratarse
retribuir,549.16,retribuir
retroceder,522.82,retroceder
retrucar,555.07,retrucar
retumbar,509.08,retumbar
reunir,513.04,reunir
reunirse,503.79,reunirse
revacunar,623.29,revacunar
revalidar,561.91,revalidar
revalorizar,545.85,revalorizar
revelar,549.9,revelar
revelarse,515.88,revelarse
revender,531.95,revender
reventar,510.72,reventar
reverdecer,585.99,reverdecer
reverenciar,573.86,reverenciar
revertir,522.45,revertir
revestir,515.23,revestir
revisar,485.0,revisar
revisarse,520.42,revisarse
revitalizar,521.22,revitalizar
revivir,497.78,revivir
revocar,535.81,revocar
revolcar,538.17,revolcar
revolotear,532.82,revolotear
revolucionar,516.47,revolucionar
revolver,485.56,revolver
revolverse,548.76,revolverse
rezar,495.84,rezar
rezumar,542.47,rezumar
ribetear,588.53,ribetear
ridiculizar,543.21,ridiculizar
rifar,576.34,rifar
rimar,553.92,rimar
rivalizar,541.75,rivalizar
robar,537.72,robar
robarse,547.23,robarse
robustecer,618.81,robustecer
rociar,534.74,rociar
rodar,500.27,rodar
rodear,529.15,rodear
roer,526.8,roer
rogar,502.21,rogar
rojear,507.2,rojear
rolar,560.86,rolar
romper,525.4,romper
romperse,508.6,romperse
roncar,484.44,roncar
rondar,511.48,rondar
ronronear,574.01,ronronear
rotar,507.35,rotar
rotular,548.08,rotular
roturar,538.81,roturar
rozar,518.95,rozar
rubricar,524.93,rubricar
rugir,515.79,rugir
rumbear,578.75,rumbear
rumiar,501.86,rumiar
rumorear,536.99,rumorear
saber,460.33,saber
saberse,485.28,saberse
saborear,481.02,saborear
sabotear,512.91,sabotear
sacar,426.16,sacar
sacarse,452.7,sacarse
saciar,447.53,saciar
sacralizar,536.99,sacralizar
sacrificar,492.81,sacrificar
sacrificarse,494.94,sacrificarse
sacudir,468.35,sacudir
sacudirse,522.89,sacudirse
salar,462.42,salar
saldar,476.48,saldar
salir,444.6,salir
salirse,484.63,salirse
salivar,476.93,salivar
salmodiar,532.72,salmodiar
salpicar,474.19,salpicar
salpimentar,571.07,salpimentar
saltar,443.41,saltar
saltarse,454.53,saltarse
saludar,433.41,saludar
salvaguardar,509.74,salvaguardar
salvar,445.29,salvar
salvarse,461.73,salvarse
sanar,444.0,sanar
sancionar,469.03,sancionar
sancochar,545.57,sancochar
sanear,458.26,sanear
sangrar,462.64,sangrar
santificar,495.17,santificar
santiguar,481.56,santiguar
saquear,487.14,saquear
satanizar,549.06,satanizar
satisfacer,494.54,satisfacer
satisfacerse,519.06,satisfacerse
saturar,445.9,saturar
sazonar,544.79,sazonar
secar,432.75,secar
secarse,490.39,secarse
seccionar,471.87,seccionar
secretar,442.94,secretar
secuenciar,485.49,secuenciar
secuestrar,461.32,secuestrar
secundar,476.51,secundar
sedar,486.17,sedar
sedimentar,533.44,sedimentar
seducir,492.38,seducir
segar,424.24,segar
segmentar,454.01,segmentar
segregar,495.52,segregar
seguir,455.97,seguir
seguirse,455.54,seguirse
seleccionar,470.46,seleccionar
sellar,429.54,sellar
sembrar,486.1,sembrar
semejar,467.73,semejar
sensibilizar,479.12,sensibilizar
sentar,455.36,sentar
sentarse,447.05,sentarse
sentenciar,506.06,sentenciar
sentir,447.4,sentir
sentirse,469.85,sentirse
señalar,443.95,senalar
señalarse,457.96,senalarse
señalizar,482.74,senalizar
señorear,507.51,senorear
separar,497.03,separar
separarse,474.22,separarse
sepultar,481.6,sepultar
ser,470.91,ser
serenar,502.26,serenar
sermonear,550.33,sermonear
serpentear,534.94,serpentear
serrar,465.02,serrar
serruchar,529.83,serruchar
servir,450.49,servir
servirse,444.65,servirse
sesear,484.17,sesear
sesgar,462.4,sesgar
sestear,447.45,sestear
significar,461.89,significar
silabear,491.19,silabear
silbar,480.76,silbar
silenciar,460.57,silenciar
simbolizar,455.47,simbolizar
simpatizar,475.53,simpatizar
simplificar,480.36,simplificar
simplificarse,478.04,simplificarse
simular,477.11,simular
simultanear,538.17,simultanear
sincerar,506.99,sincerar
sincronizar,492.3,sincronizar
sindicar,522.03,sindicar
sintetizar,463.9,sintetizar
sintonizar,439.41,sintonizar
sisar,446.56,sisar
sisear,501.43,sisear
sistematizar,466.88,sistematizar
sitiar,469.82,sitiar
situar,443.06,situar
situarse,447.35,situarse
sobar,448.04,sobar
sobornar,510.49,sobornar
sobrar,477.83,sobrar
sobrecargar,470.68,sobrecargar
sobrecoger,509.54,sobrecoger
sobreentender,564.3,sobreentender
sobreexplotar,579.46,sobreexplotar
sobrellevar,500.04,sobrellevar
sobrepasar,496.22,sobrepasar
sobreponer,492.15,sobreponer
sobresalir,470.86,sobresalir
sobresaltar,513.11,sobresaltar
sobreseer,539.76,sobreseer
sobrevalorar,484.6,sobrevalorar
sobrevenir,461.78,sobrevenir
sobrevivir,476.68,sobrevivir
sobrevolar,493.63,sobrevolar
socarrar,497.3,socarrar
socavar,505.41,socavar
socializar,471.62,socializar
socorrer,463.7,socorrer
sodomizar,500.78,sodomizar
sofocar,462.18,sofocar
sofreir,485.42,sofreir
sojuzgar,535.91,sojuzgar
solapar,458.27,solapar
soldar,479.21,soldar
solemnizar,557.28,solemnizar
soler,439.96,soler
solicitar,449.03,solicitar
solidificar,492.56,solidificar
soliviantar,558.61,soliviantar
sollozar,453.76,sollozar
soltar,442.87,soltar
soltarse,478.27,soltarse
solucionar,477.99,solucionar
solventar,477.2,solventar
sombrear,504.02,sombrear
someter,464.12,someter
someterse,473.64,someterse
sonar,453.66,sonar
sondar,445.21,sondar
sondear,482.19,sondear
sonreír,436.43,sonreir
sonrojar,472.82,sonrojar
sonsacar,490.21,sonsacar
soñar,449.08,sonar
sopesar,502.57,sopesar
soplar,465.24,soplar
soportar,431.41,soportar
sorber,456.53,sorber
sorprender,473.6,sorprender
sorprenderse,483.52,sorprenderse
sortear,467.82,sortear
sosegar,483.87,sosegar
soslayar,512.03,soslayar
sospechar,474.3,sospechar
sospecharse,505.38,sospecharse
sostener,442.19,sostener
sostenerse,479.48,sostenerse
suavizar,481.86,suavizar
subastar,517.64,subastar
subdividir,494.34,subdividir
subestimar,530.98,subestimar
subir,415.07,subir
subirse,470.36,subirse
sublevar,476.76,sublevar
sublimar,471.62,sublimar
subordinar,551.11,subordinar
subrayar,462.02,subrayar
subrogarse,514.23,subrogarse
subsanar,500.93,subsanar
subscribir,505.3,subscribir
subsidiar,463.78,subsidiar
subsistir,455.99,subsistir
substanciarse,550.52,substanciarse
substituir,481.29,substituir
subtitular,484.89,subtitular
subvencionar,529.87,subvencionar
subyugar,489.62,subyugar
succionar,497.38,succionar
suceder,477.89,suceder
sucederse,556.49,sucederse
sucumbir,513.4,sucumbir
sudar,447.97,sudar
sufragar,492.56,sufragar
sufrir,473.88,sufrir
sugerir,503.51,sugerir
sugestionar,500.97,sugestionar
suicidar,474.19,suicidar
suicidarse,491.47,suicidarse
sujetar,461.11,sujetar
sujetarse,473.96,sujetarse
sumar,454.56,sumar
sumarse,444.51,sumarse
sumergir,433.38,sumergir
sumergirse,506.08,sumergirse
suministrar,466.93,suministrar
sumir,448.69,sumir
supeditar,545.18,supeditar
superar,434.03,superar
superarse,455.3,superarse
superponer,509.16,superponer
supervisar,450.48,supervisar
suplantar,450.19,suplantar
suplicar,440.31,suplicar
suplir,450.87,suplir
suponer,463.6,suponer
suponerse,474.76,suponerse
suprimir,462.21,suprimir
suprimirse,457.38,suprimirse
surcar,453.36,surcar
surgir,449.33,surgir
surtir,475.06,surtir
suscitar,449.17,suscitar
suscitarse,536.65,suscitarse
suscribir,485.31,suscribir
suspender,462.65,suspender
suspenderse,465.3,suspenderse
suspirar,469.0,suspirar
sustentar,475.22,sustentar
sustentarse,559.8,sustentarse
sustituir,471.67,sustituir
sustraer,457.52,sustraer
sustraerse,500.4,sustraerse
susurrar,501.78,susurrar
suturar,499.64,suturar
suturarse,529.34,suturarse
tabicar,541.27,tabicar
tablear,520.33,tablear
tabletear,592.77,tabletear
tabular,513.29,tabular
tachar,507.66,tachar
tachonar,608.3,tachonar
taconear,569.21,taconear
taladrar,553.28,taladrar
talar,533.04,talar
tallar,497.29,tallar
tambalear,534.07,tambalear
tambalearse,565.87,tambalearse
tamborilear,590.88,tamborilear
tamizar,537.52,tamizar
tantear,512.22,tantear
tañer,539.04,taner
tapar,508.6,tapar
taparse,504.71,taparse
tapiar,519.31,tapiar
tapizar,542.54,tapizar
taponar,489.42,taponar
taquigrafiar,557.59,taquigrafiar
tararear,562.48,tararear
tardar,506.27,tardar
tartamudear,534.99,tartamudear
tasar,526.29,tasar
tatuar,506.34,tatuar
teatralizar,577.15,teatralizar
teclear,536.06,teclear
tejar,505.28,tejar
tejer,507.81,tejer
telefonear,539.65,telefonear
telegrafiar,549.04,telegrafiar
televisar,532.25,televisar
temblar,477.93,temblar
temer,478.86,temer
templar,509.65,templar
tender,502.02,tender
tenerse,533.75,tenerse
tensar,510.55,tensar
tensionar,539.51,tensionar
tentar,547.39,tentar
teñir,495.6,tenir
teorizar,560.69,teorizar
terciar,509.33,terciar
tergiversar,626.58,tergiversar
terminar,496.24,terminar
terminarse,521.69,terminarse
testificar,524.82,testificar
testimoniar,561.57,testimoniar
tildar,532.79,tildar
timar,503.41,timar
timbrar,540.62,timbrar
tintinear,607.54,tintinear
tiranizar,598.24,tiranizar
tirar,507.45,tirar
tirarse,482.47,tirarse
tiritar,596.6,tiritar
tirotear,564.3,tirotear
titilar,550.01,titilar
titubear,524.21,titubear
titular,511.03,titular
titularse,545.3,titularse
tocar,508.66,tocar
tolerar,534.54,tolerar
tolerarse,551.67,tolerarse
tomar,502.07,tomar
tomarse,524.41,tomarse
tonificar,538.76,tonificar
tontear,509.02,tontear
topar,500.36,topar
toparse,513.53,toparse
torcer,511.72,torcer
torear,522.87,torear
tornar,501.49,tornar
torpedear,587.53,torpedear
torturar,500.33,torturar
toser,521.63,toser
tostar,554.48,tostar
tostarse,556.8,tostarse
trabajar,483.29,trabajar
trabar,513.01,trabar
trabucar,582.24,trabucar
traducir,493.01,traducir
traducirse,558.67,traducirse
traer,488.78,traer
traerse,535.89,traerse
traficar,525.17,traficar
tragar,505.98,tragar
tragarse,528.92,tragarse
traicionar,533.16,traicionar
trajear,543.26,trajear
trajinar,570.75,trajinar
tramar,474.7,tramar
tramitar,532.38,tramitar
trampear,553.17,trampear
tranquilizar,532.29,tranquilizar
tranquilizarse,518.31,tranquilizarse
transcurrir,525.53,transcurrir
transferir,529.67,transferir
transfigurar,598.02,transfigurar
transformar,502.87,transformar
transformarse,528.8,transformarse
transgredir,544.87,transgredir
transigir,565.14,transigir
transitar,501.97,transitar
transmitir,489.48,transmitir
transmitirse,568.96,transmitirse
transmutar,564.09,transmutar
transparentar,545.45,transparentar
transpirar,543.57,transpirar
transplantar,529.46,transplantar
transponer,528.84,transponer
transportar,561.42,transportar
trapichear,527.54,trapichear
traquetear,537.58,traquetear
trascender,556.12,trascender
trascribir,562.91,trascribir
trashumar,547.46,trashumar
trasladar,584.11,trasladar
trasladarse,529.52,trasladarse
traslucir,561.31,traslucir
trasnochar,542.6,trasnochar
traspapelar,544.32,traspapelar
traspapelarse,585.32,traspapelarse
trasparentarse,627.25,trasparentarse
traspasar,530.63,traspasar
traspasarse,559.39,traspasarse
trasplantar,538.41,trasplantar
trasquilar,591.19,trasquilar
trastabillar,617.04,trastabillar
trastear,526.78,trastear
trastocar,532.96,trastocar
trastornar,570.02,trastornar
trasvasar,557.96,trasvasar
tratar,515.26,tratar
tratarse,537.31,tratarse
travestir,512.16,travestir
travestirse,596.88,travestirse
trazar,482.33,trazar
trenzar,511.68,trenzar
trepanar,572.38,trepanar
trepar,487.03,trepar
tributar,598.57,tributar
tricotar,553.79,tricotar
trillar,487.09,trillar
trinar,492.32,trinar
trincar,518.22,trincar
trinchar,534.1,trinchar
triplicar,559.78,triplicar
tripular,523.86,tripular
triscar,535.26,triscar
triturar,585.7,triturar
triunfar,558.72,triunfar
trivializar,595.53,trivializar
trocar,547.83,trocar
trocear,562.12,trocear
tronar,523.32,tronar
tronchar,528.67,tronchar
troncharse,589.02,troncharse
tropezar,519.2,tropezar
troquelar,534.26,troquelar
trotar,512.81,trotar
trovar,507.67,trovar
trucar,474.8,trucar
truncar,486.2,truncar
tumbar,490.02,tumbar
tundir,524.94,tundir
turbar,486.16,turbar
turnar,477.77,turnar
tutear,472.4,tutear
tutelar,530.89,tutelar
ubicar,515.55,ubicar
ubicarse,513.87,ubicarse
ulcerar,550.45,ulcerar
ultimar,511.54,ultimar
ultrajar,567.39,ultrajar
ulular,559.09,ulular
uncir,530.18,uncir
ungir,512.76,ungir
unificar,512.74,unificar
uniformar,563.97,uniformar
unilateralizar,690.49,unilateralizar
unir,447.42,unir
unirse,472.94,unirse
universalizar,588.29,universalizar
untar,509.63,untar
urbanizar,516.71,urbanizar
urdir,512.44,urdir
urgir,513.61,urgir
usar,503.39,usar
usarse,542.58,usarse
usurpar,554.82,usurpar
utilizar,501.32,utilizar
utilizarse,499.74,utilizarse
vaciar,473.23,vaciar
vaciarse,491.01,vaciarse
vacilar,482.14,vacilar
vacunar,496.89,vacunar
vadear,532.17,vadear
vagabundear,602.95,vagabundear
vagar,474.57,vagar
valer,490.82,valer
validar,504.49,validar
vallar,501.39,vallar
valorar,519.94,valorar
valorarse,478.8,valorarse
valsar,490.1,valsar
vanagloriar,610.58,vanagloriar
vaporizar,495.7,vaporizar
vapulear,561.82,vapulear
varar,496.43,varar
variar,512.08,variar
vaticinar,523.54,vaticinar
vedar,504.92,vedar
vegetar,512.42,vegetar
vejar,508.27,vejar
velar,518.96,velar
vencer,493.11,vencer
vendar,503.41,vendar
vender,484.95,vender
venderse,494.1,venderse
vendimiar,560.89,vendimiar
venerar,570.44,venerar
vengar,490.28,vengar
vengarse,521.73,vengarse
venir,462.44,venir
venirse,517.94,venirse
ventilar,507.83,ventilar
ver,501.79,ver
veranear,520.11,veranear
verbalizar,501.7,verbalizar
verificar,547.33,verificar
versar,525.82,versar
verse,538.5,verse
vertebrar,571.41,vertebrar
verter,486.97,verter
vestir,479.63,vestir
vestirse,511.03,vestirse
vetar,490.0,vetar
viajar,475.32,viajar
vibrar,491.51,vibrar
viciar,481.73,viciar
vigilar,470.22,vigilar
vigilarse,537.42,vigilarse
vigorizar,556.5,vigorizar
vilipendiar,713.12,vilipendiar
vincular,486.53,vincular
vincularse,552.73,vincularse
violar,481.39,violar
violentar,528.23,violentar
virar,483.9,virar
visionar,528.56,visionar
visitar,510.25,visitar
vislumbrar,588.14,vislumbrar
visualizar,504.84,visualizar
vitorear,522.14,vitorear
vitrificar,591.59,vitrificar
vivenciar,554.02,vivenciar
vivificar,551.67,vivificar
vivir,479.58,vivir
vivirse,502.11,vivirse
vocalizar,505.45,vocalizar
vocear,506.57,vocear
vociferar,533.96,vociferar
volar,485.2,volar
volcar,493.98,volcar
volcarse,536.79,volcarse
volear,539.0,volear
voltear,543.89,voltear
volver,491.86,volver
volverse,479.31,volverse
vomitar,481.91,vomitar
votar,489.89,votar
votarse,489.42,votarse
vulnerar,512.99,vulnerar
yacer,541.84,yacer
yantar,543.92,yantar
yodar,527.05,yodar
yuxtaponer,621.36,yuxtaponer
zafar,513.97,zafar
zafarse,551.76,zafarse
zaherir,598.32,zaherir
zambullir,544.58,zambullir
zambullirse,555.58,zambullirse
zampar,473.72,zampar
zanjar,490.03,zanjar
zapatear,507.08,zapatear
zapear,523.54,zapear
zarandear,523.36,zarandear
zarpar,491.3,zarpar
zigzaguear,592.37,zigzaguear
zozobrar,541.87,zozobrar
zumbar,499.09,zumbar
zurcir,498.27,zurcir
zurrar,529.34,zurrar
