palabra,Prototypicality_Mean,Prototypicality_SD,Valence_Mean,Valence_SD,Arousal_Mean,Arousal_SD,Happiness_Mean,Happiness_SD,Disgust_Mean,Disgust_SD,Anger_Mean,Anger_SD,Fear_Mean,Fear_SD,Sadness_Mean,Sadness_SD,AoA_Mean,AoA_SD,Concreteness_Mean,Concreteness_SD,palabra_noaccents
abandonado,2.35,1.2680278927697548,,,,,,,,,,,,,,,,,5.142857142857143,1.7968225924034424,abandonado
abandonarse,2.0,1.0954451150103321,1.894736842105263,0.875261030404661,5.684210526315789,2.5397425849209236,1.15,0.36634754853252327,2.925925925925926,1.268734254951213,2.761904761904762,0.8890872794479684,3.0,1.5559732104309982,4.05,1.2343760409722457,7.714285714285714,2.028370211348439,3.909090909090909,1.7970635017820682,abandonarse
abandono,2.380952380952381,1.499206139134658,,,,,,,,,,,,,,,,,4.92,1.5253414918196737,abandono
abatido,3.3684210526315788,1.4224597754824204,2.769230769230769,1.7506042912706985,1.72,0.9797958971132714,1.1,0.3077935056255463,1.6,0.9403246919632544,2.9047619047619047,1.1359912809859898,2.8095238095238093,1.2891488517253398,3.85,1.0894228312566057,9.666666666666666,1.3540064007726613,3.8636363636363638,1.6415861825701366,abatido
abatimiento,3.0,1.3719886811400708,,,,,,,,,,,,,,,,,4.086956521739131,1.4744195615489715,abatimiento
abatirse,2.8,1.3992479182911457,2.4210526315789473,1.346426937147361,5.136363636363637,2.713203247357607,1.2,0.4103913408340616,2.1,1.2937094768634554,2.5,1.0431851677040116,2.8333333333333335,1.1504474832710556,3.8421052631578947,0.8342100651206139,10.157894736842104,1.2588865404147551,3.391304347826087,1.5296800151066234,abatirse
abochornado,3.9,1.3726654823065196,2.45,1.2763022245616642,6.363636363636363,2.0364641286273986,1.3,0.5712405705774795,2.05,1.3562719801759993,3.142857142857143,1.0623424252901836,2.45,1.1459310165698642,3.0476190476190474,1.1169686869465267,10.142857142857142,1.152636728796815,4.684210526315789,1.634782743939708,abochornado
abochornarse,3.8421052631578947,1.5370663939515448,3.44,2.180978373727412,2.0,1.224744871391589,1.15,0.36634754853252327,2.5,1.3394467690277294,2.9,1.3337718577107005,2.8095238095238093,1.4006801069140526,2.7058823529411766,1.1048023512348795,10.333333333333334,1.3165611772087638,4.35,1.6944180805158295,abochornarse
abominado,2.3529411764705883,1.3200935795706035,2.769230769230769,1.4232501627054275,6.3,1.8093325317714037,1.2727272727272727,0.6466697906828633,2.533333333333333,1.505545305418162,2.3,1.3374935098492586,3.142857142857143,1.231455852429764,2.8333333333333335,1.2673044646258478,10.736842105263158,0.7334928056269095,2.933333333333333,1.709915063331955,abominado
abominar,2.5714285714285716,1.6035674514745464,3.0,1.4719601443879744,6.222222222222222,2.101975416981552,1.5,0.816496580927726,2.8,1.3165611772087664,3.0,1.2535663410560174,2.8181818181818183,1.3280197150781927,3.272727272727273,1.2720777563426768,9.947368421052632,1.4327007988227594,4.555555555555555,1.381483525788905,abominar
aborrecer,2.142857142857143,1.5259657363687522,3.3461538461538463,1.719123211228507,2.52,1.8055470085267789,1.263157894736842,0.4524139283588642,2.35,1.3869694338832113,2.8947368421052633,1.2864566686188532,2.2857142857142856,1.2705454396776663,3.0,1.5217718205053643,9.142857142857142,2.0318886358684702,4.72,1.5684387141358118,aborrecer
aborrecido,2.6818181818181817,1.3232846447693147,2.6,1.046296727561194,5.545454545454546,2.5397276330773053,1.25,0.4442616583193193,2.2,1.4725559590832462,2.7,1.2607433062326865,2.1052631578947367,1.3289401308354822,2.3157894736842106,1.002919714242558,9.238095238095237,2.095346317551395,4.0,1.848422751068236,aborrecido
aborrecimiento,2.1818181818181817,1.5003607069909057,2.2,1.0052493799000692,5.416666666666667,2.1652726842366645,1.263157894736842,0.4524139283588642,2.090909090909091,1.3419634126405238,1.9,0.967906041546987,1.9523809523809523,1.2440333788202982,3.25,1.2085223687584246,,,4.052631578947368,1.899522870223711,aborrecimiento
abrumado,3.238095238095238,1.4800257398019097,,,,,,,,,,,,,,,,,4.380952380952381,1.8567765206451337,abrumado
abrumarse,2.9,1.3337718577107005,4.35,1.6311119875071343,6.636363636363637,1.6774542658006553,1.631578947368421,0.8950807732508138,1.8,1.105012502906165,2.25,1.0645812948447542,2.388888888888889,1.2432826042324117,2.176470588235294,1.0145993123917847,10.26086956521739,1.629762707333013,3.739130434782609,1.789296238096974,abrumarse
aburrido,2.6363636363636362,1.5289415743128767,,,,,,,,,,,,,,,,,4.857142857142857,1.6518388022356867,aburrido
aburrimiento,2.9523809523809526,1.2440333788202984,,,,,,,,,,,,,,,,,,,aburrimiento
aburrirse,3.1904761904761907,1.2090925365350504,2.95,1.6375527311718607,2.6,1.8750438591361567,1.4,0.5982430416161186,2.3333333333333335,1.3867504905630728,1.9047619047619047,0.9436504599035548,1.4,0.9403246919632544,2.6,1.2732056517228267,4.333333333333333,1.7701224063135674,4.619047619047619,1.6271505915615334,aburrirse
acalorado,1.2857142857142858,0.560611910581388,4.038461538461538,1.4827209914415922,3.8076923076923075,1.5752899610987374,1.95,1.0990426455975697,2.3,1.0809352675491624,2.761904761904762,1.338086764928265,1.9090909090909092,1.2309149097933272,1.9523809523809523,0.8646496675642958,7.809523809523809,1.7210185245675769,4.7727272727272725,1.3777766140664454,acalorado
acalorarse,2.380952380952381,1.3592715135759477,4.8,1.7651599003161753,6.818181818181818,1.763015912640923,2.2,1.1964860832322377,2.35,1.1367080817685316,2.238095238095238,1.1791845447071423,1.65,0.8127277008872489,1.4,0.7539370349250518,8.142857142857142,2.3934434249782117,4.478260869565218,1.562910025252757,acalorarse
aceptación,2.0476190476190474,1.1169686869465265,,,,,,,,,,,,,,,,,3.84,1.5989579940281944,aceptacion
aceptado,2.619047619047619,1.5644868320376009,7.0,1.8353258709644942,4.5,2.7625312572654126,4.35,0.5871429486124002,1.1481481481481481,0.5337605126836237,1.0952380952380953,0.43643578047198484,1.15,0.6708203932499369,1.1,0.447213595499958,6.333333333333333,1.6227548592850773,4.68,1.4640127503998508,aceptado
aceptar,1.5714285714285714,1.0757057484009542,,,,,,,,,,,,,,,,,,,aceptar
aclamado,2.210526315789474,1.3975751766073288,5.947368421052632,1.5082618476808294,6.15,2.254235779009911,3.611111111111111,1.092158622873225,1.24,0.597215762238964,1.4,0.5982430416161186,1.55,0.887041208323017,1.1578947368421053,0.501459857121279,9.476190476190476,1.691716513457488,4.333333333333333,1.6854019432007685,aclamado
aclamar,1.5263157894736843,1.1239029738980326,,,,,,,,,,,,,,,,,,,aclamar
acobardarse,3.5714285714285716,1.3627702877384942,2.55,0.9445132413883324,5.5,1.9940387348771529,1.15,0.36634754853252327,2.0454545454545454,0.9989171626493849,2.0952380952380953,1.13599128098599,3.3,1.4179302929937965,3.090909090909091,1.019294382875251,8.095238095238095,1.546116486709909,4.2272727272727275,1.7438823185999512,acobardarse
acogedor,2.6,1.391704747876919,,,,,,,,,,,,,,,,,4.1,1.9166857359844667,acogedor
acogido,2.25,1.2513150976809202,6.3076923076923075,1.8059729957943607,7.666666666666667,1.0901402648748673,3.95,1.276302224561664,1.1,0.447213595499958,1.380952380952381,0.7400128699009548,1.3181818181818181,0.5679003631895497,1.6666666666666667,0.9128709291752768,8.571428571428571,1.989256860524265,4.333333333333333,1.7416467303484178,acogido
acomplejado,3.3333333333333335,1.3165611772087664,1.9,1.0208355710680808,6.0,1.927248223318863,1.25,0.4442616583193193,2.0,1.2139539573337679,2.4285714285714284,0.9258200997725514,2.75,1.0699237552766379,3.9,1.0208355710680812,8.826086956521738,1.5565747335691187,4.64,1.4106735979665883,acomplejado
acomplejarse,2.3,1.3416407864998738,1.95,1.1459310165698642,5.818181818181818,2.2601382940486423,1.1,0.3077935056255463,2.65,1.4608937423083823,2.5714285714285716,1.1649647450214349,2.9,1.1652874052533588,3.95,0.9986833437344547,8.869565217391305,1.516705395558742,4.2,1.8027756377319946,acomplejarse
acongojado,4.176470588235294,0.8828430011649206,3.1176470588235294,1.1663164740528438,6.0,1.8973665961010275,1.2777777777777777,0.46088859896247675,1.6,0.9102589898327995,2.0588235294117645,1.2976222599091634,3.6875,1.25,3.2222222222222223,0.8084520834544434,10.470588235294118,0.9432422182837991,4.555555555555555,1.688097509806344,acongojado
acongojarse,3.5625,1.2632629707758134,3.4,2.384473586709294,6.052631578947368,1.8400991582740047,1.4,0.5070925528371101,1.5263157894736843,0.8411910241920598,1.588235294117647,0.8702602720890289,3.0588235294117645,1.477776549215667,3.4705882352941178,0.7998161553463033,10.176470588235293,1.9759584420492968,4.294117647058823,1.6494205756246998,acongojarse
acosado,2.380952380952381,1.3219754338182867,2.423076923076923,2.17574036912637,1.48,0.7141428428542851,1.0,0.0,4.5,0.6069769786668839,4.095238095238095,1.0910894511799616,4.409090909090909,0.6661253213344644,3.7142857142857144,1.270545439677666,8.80952380952381,2.2719825619719796,4.0,1.9023794624226837,acosado
acosar,1.4545454545454546,1.0107645728086347,,,,,,,,,,,,,,,,,,,acosar
acoso,1.2272727272727273,0.6119304490372044,,,,,,,,,,,,,,,,,,,acoso
activación,2.4285714285714284,1.5675276256394517,,,,,,,,,,,,,,,,,,,activacion
activado,2.5714285714285716,1.3989792196965818,6.9,1.1652874052533575,7.2727272727272725,1.5175738212786547,3.8,1.1050125029061648,1.15,0.36634754853252327,1.9047619047619047,1.1791845447071423,1.6,1.0954451150103321,1.0,0.0,7.35,1.5985190514644279,3.782608695652174,1.8329440238224415,activado
activarse,2.5,1.504379571363837,6.55,1.4680814547887795,8.1,1.0208355710680797,4.1,0.6407232755171879,1.037037037037037,0.19245008972987515,1.7142857142857142,1.230563169563316,1.105263157894737,0.3153017676423059,1.15,0.48936048492959294,7.95,1.932410548076105,4.0,1.7167901505579042,activarse
activo,2.272727272727273,1.3516063875403321,7.384615384615385,1.4987174003640071,7.423076923076923,1.3318581583059634,4.2,0.8944271909999155,1.05,0.22360679774997888,1.5238095238095237,0.9807674351775563,1.4545454545454546,0.7385489458759964,1.0952380952380953,0.30079260375911926,7.142857142857143,2.15141149680191,,,activo
admiración,3.1363636363636362,1.5211353699959822,,,,,,,,,,,,,,,,,,,admiracion
admirado,2.6666666666666665,1.2382783747337804,,,,,,,,,,,,,,,,,,,admirado
admirar,2.8095238095238093,1.5368489717290903,,,,,,,,,,,,,,,,,,,admirar
adoración,2.8095238095238093,1.6618979396776332,,,,,,,,,,,,,,,,,4.44,1.7097758137642882,adoracion
adorado,2.8095238095238093,1.2090925365350504,6.9,1.2937094768634547,4.318181818181818,2.3981414159891092,3.8421052631578947,1.1672930649220894,1.5,0.9459053029269173,1.35,0.8127277008872489,1.2105263157894737,0.7132825035177587,1.105263157894737,0.3153017676423059,7.857142857142857,2.0805219125429644,4.333333333333333,1.606147609943599,adorado
adorar,3.0952380952380953,1.338086764928265,,,,,,,,,,,,,,,6.857142857142857,2.197401062294143,3.85,2.007223796297028,adorar
afán,2.0,1.1726039399558574,,,,,,,,,,,,,,,9.695652173913043,1.7693034738587679,,,afan
afanado,2.9411764705882355,1.0880365478290537,5.7,1.922169826551563,6.4,1.957441939718371,2.411764705882353,1.175735064194511,1.3333333333333333,0.6513389472789297,1.5714285714285714,0.9376144618769909,1.9285714285714286,0.828741930164745,1.7142857142857142,0.7262730392025628,10.2,1.6987390281365446,3.736842105263158,1.8809603121561156,afanado
afanarse,2.5,1.3445044840729643,5.083333333333333,1.5298953265321549,5.4,1.6072751268321592,2.6470588235294117,1.1147408034263073,1.6666666666666667,0.9701425001453319,2.0588235294117645,0.8993461677306267,1.6666666666666667,0.8401680504168059,2.0,1.0606601717798212,10.411764705882353,1.697749375254329,3.2,1.4735767952260146,afanarse
afectación,3.0476190476190474,1.2440333788202984,,,,,,,,,,,,,,,9.26086956521739,2.0274792074788084,4.238095238095238,1.6704718466577608,afectacion
afectado,3.1,1.3337718577107005,2.25,1.332784974957958,6.666666666666667,1.632993161855451,1.3,0.5712405705774795,1.391304347826087,0.8387832331734847,2.9,1.1652874052533588,2.8095238095238093,1.1670067531530235,3.95,0.8255779474818962,8.19047619047619,1.9904534061124766,4.666666666666667,2.008316044185609,afectado
afectarse,2.611111111111111,0.978527638786601,2.75,1.5517392618742702,6.541666666666667,1.318073913170163,1.5,0.6882472016116853,1.3043478260869565,0.6349504353380415,2.1,0.9119095061289914,2.9047619047619047,1.2208506012105615,3.5,1.0,8.0,2.354878881270658,3.35,1.899445902583726,afectarse
afecto,3.238095238095238,1.5461164867099082,,,,,,,,,,,,,,,,,,,afecto
afectuoso,3.0,1.3451854182690985,,,,,,,,,,,,,,,,,,,afectuoso
aflicción,2.7333333333333334,1.533747356112131,,,,,,,,,,,,,,,,,4.055555555555555,1.830211245352399,afliccion
afligido,3.533333333333333,1.3557637102737472,,,,,,,,,,,,,,,,,4.705882352941177,1.6110829386763785,afligido
afortunado,2.75,1.4095538674570611,,,,,,,,,,,,,,,,,,,afortunado
afrenta,1.9,1.1972189997378646,,,,,,,,,2.6153846153846154,1.3252962900462133,2.5384615384615383,1.2659242088545832,2.25,1.3887301496588271,10.846153846153847,0.5547001962252239,4.583333333333333,1.5050420310248862,afrenta
agitación,3.4285714285714284,1.2071217242444345,,,,,,,,,,,,,,,,,,,agitacion
agitado,3.3,1.3803127029389886,3.65,1.4244112357114618,7.541666666666667,1.1412870944175504,2.15,1.0399898784932577,1.2608695652173914,0.540823555863717,3.1578947368421053,1.4245138700910813,2.6,1.313893370663573,2.15,1.1821033884786183,8.238095238095237,1.7861904127153387,4.0,1.4800257398019099,agitado
agitarse,3.1904761904761907,1.569045812557671,3.6,1.4290224851827544,7.8,0.8944271909999172,2.25,1.164157703189193,1.5555555555555556,0.8915558282417289,2.761904761904762,0.9952267030562383,1.8,1.105012502906165,1.8,0.7677718959499146,7.714285714285714,2.348251629252221,3.272727272727273,1.5175738212786565,agitarse
agobiarse,3.15,1.3088765773505318,2.6538461538461537,2.27933863552229,1.8461538461538463,1.007662947311558,1.05,0.22360679774997888,2.35,1.1367080817685316,3.380952380952381,1.0235326314383182,3.409090909090909,1.3683180815491593,3.5238095238095237,1.0779168622415933,8.4,1.353358395757908,4.52,1.710750322714179,agobiarse
agobio,3.5,1.504379571363837,2.05,0.9445132413883327,7.7727272727272725,1.3777766140664434,1.05,0.22360679774997888,2.75,1.5517392618742702,3.5714285714285716,1.2478553029669979,3.25,1.019545822516343,2.95,1.1909748329127607,,,,,agobio
agonía,3.1904761904761907,1.3645163106041502,,,,,,,,,,,,,,,,,,,agonia
agonizante,2.9473684210526314,1.5802139169719436,,,,,,,,,,,,,4.105263157894737,1.242521488394791,10.285714285714286,1.3835771443203704,4.96,1.2741009902410934,agonizante
agonizar,1.9,1.3726654823065194,,,,,,,,,,,,,,,,,,,agonizar
agotado,2.6818181818181817,1.3232846447693147,2.730769230769231,1.8012815950359855,2.1538461538461537,1.0466062370273814,1.2,0.4103913408340616,1.7,1.0310954828418377,2.380952380952381,1.3219754338182867,2.4545454545454546,1.1433981403515172,2.857142857142857,1.3147514702678331,6.904761904761905,1.5781242633190178,5.428571428571429,1.5352989471574763,agotado
agotamiento,2.1363636363636362,1.3902878956893903,,,,,,,,,,,,,,,,,,,agotamiento
agotarse,2.619047619047619,1.0712698295103098,2.6538461538461537,1.0933364602832083,2.269230769230769,1.2824255863851846,1.1,0.3077935056255463,1.6,0.8207826816681232,2.5714285714285716,1.3989792196965818,2.409090909090909,1.09801079485937,3.0476190476190474,1.0712698295103098,6.9,1.4832396974191318,3.5217391304347827,1.7286243931201823,agotarse
agradable,3.761904761904762,1.0910894511799616,,,,,,,,,,,,,,,,,4.28,1.8601075237738276,agradable
agradar,2.9047619047619047,1.2208506012105615,,,,,,,,,,,,,,,,,,,agradar
agradecer,2.9523809523809526,1.5961262630566069,,,,,,,,,,,,,,,,,,,agradecer
agradecido,3.8,1.361114094757441,,,,,,,,,,,,,,,,,4.3,2.0026298499197184,agradecido
agradecimiento,3.15,1.3869694338832115,,,,,,,,,,,,,,,,,,,agradecimiento
agrado,3.619047619047619,1.430950400125402,,,,,,,,,,,,,,,,,,,agrado
agravado,2.5,1.0431851677040116,3.111111111111111,1.2782749814122838,6.708333333333333,0.8586727202955191,1.4375,0.6291528696058958,1.4375,1.0307764064044151,2.789473684210526,1.3156725094212405,3.0,1.3719886811400708,3.4210526315789473,0.9612370197756295,10.380952380952381,1.160869952931437,4.0,1.647508942095828,agravado
agravar,2.1875,0.9105858919765157,,,,,,,,,,,,,,,10.157894736842104,1.1186876187319217,3.772727272727273,1.5409279264322764,agravar
agraviado,2.5625,1.3647344063956182,3.7058823529411766,1.3585242858683528,5.8125,2.2573952541221782,1.6111111111111112,0.7775443160352296,1.7619047619047619,0.9436504599035548,3.0,0.9660917830792959,2.0714285714285716,0.9972489631508747,3.125,1.2041594578792296,10.894736842105264,0.3153017676422952,3.8,1.6987390281365429,agraviado
agravio,2.0,1.0,,,,,,,,,,,,,,,10.8125,0.5439056290693574,3.526315789473684,1.6789024540730166,agravio
agredir,2.4761904761904763,1.569045812557671,,,,,,,,,,,,,,,,,,,agredir
agresión,1.9545454545454546,1.2140947137789433,,,,,,,,,,,,,,,,,,,agresion
agresivo,3.4285714285714284,1.4342743312012722,,,,,,,,,,,,,,,,,,,agresivo
airado,2.8823529411764706,1.4526851405748797,4.25,1.7003835884370582,4.043478260869565,1.94184216355045,2.0,1.0954451150103321,1.7058823529411764,1.046703508780838,2.3333333333333335,1.1881770515720091,1.6111111111111112,0.7775443160352296,2.2857142857142856,1.266647387553302,10.05,1.8202082009311036,3.9444444444444446,1.6259738158018424,airado
airar,1.6666666666666667,1.3972762620115438,4.777777777777778,1.957055277573202,4.571428571428571,2.563479777846623,2.3846153846153846,1.0439078454267838,1.55,0.887041208323017,2.5,1.2649110640673518,1.9285714285714286,1.1411388181101378,1.875,1.02469507659596,9.76923076923077,1.3634420996046603,3.888888888888889,1.6047315659302057,airar
aislado,1.8181818181818181,1.0970247050377686,2.5,1.6059101370939324,5.25,2.231201664925252,1.3,0.5712405705774795,1.608695652173913,1.1575495447783652,2.35,0.9880869341680842,3.0952380952380953,1.4458479140200706,4.05,0.9986833437344547,7.434782608695652,2.252797996765189,4.454545454545454,1.765469659009499,aislado
aislamiento,2.15,1.3869694338832113,,,,,,,,,,,,,,,9.333333333333334,1.7126976771553517,,,aislamiento
aislarse,2.4761904761904763,1.1670067531530235,2.6538461538461537,1.5733355063001073,2.8846153846153846,1.861760953010307,1.3,0.4701623459816274,1.95,0.9445132413883327,2.7142857142857144,1.1464230084422216,3.0454545454545454,1.2140947137789435,3.8095238095238093,1.123345344008138,9.238095238095237,1.5134319246256809,4.9523809523809526,1.2440333788202984,aislarse
alarma,2.0,1.3038404810405297,,,,,,,,,,,,,,,5.3478260869565215,1.4957119208583016,,,alarma
alarmado,3.761904761904762,1.1359912809859898,4.115384615384615,2.065466980165465,3.4615384615384617,1.303250374433684,1.4,0.6805570473787205,1.75,0.910465468000326,2.619047619047619,1.1169686869465267,3.272727272727273,1.315903389919538,2.761904761904762,1.179184544707142,7.65,1.8144159564878977,5.0476190476190474,1.3955712262794215,alarmado
alarmante,2.3333333333333335,1.3165611772087666,,,,,,,,,,,,,,,8.666666666666666,1.3904435743076153,4.44,1.4165686240583855,alarmante
alarmarse,3.3,1.2607433062326865,3.05,1.3168942730211066,7.625,0.7696696072652383,1.6,0.7539370349250518,1.3043478260869565,0.7648400075533119,3.2,1.3218806379747874,3.4761904761904763,1.2090925365350504,2.35,1.1821033884786183,8.666666666666666,1.7126976771553517,4.619047619047619,1.6271505915615334,alarmarse
alborotado,3.3,1.3416407864998736,4.615384615384615,1.9199358963657738,4.28,2.092048437935094,1.7,0.7326950970650465,1.6,0.8825799501580877,2.8095238095238093,1.0779168622415933,2.4285714285714284,1.1649647450214349,1.8571428571428572,1.0623424252901832,7.095238095238095,2.2114421065169654,4.24,1.7387735140993301,alborotado
alborotarse,2.9047619047619047,1.3749458863810566,4.730769230769231,1.801281595035986,4.36,1.997498435543818,1.85,0.8750939799154205,1.65,0.8127277008872489,2.761904761904762,1.179184544707142,2.727272727272727,1.1621744062959531,2.0952380952380953,1.0910894511799618,6.434782608695652,2.519489251208769,3.9,1.6189665319514632,alborotarse
alboroto,2.0952380952380953,1.300183137283433,,,,,,,,,,,,,,,,,,,alboroto
alborozado,2.0,1.0690449676496976,5.166666666666667,1.8348478592697184,6.384615384615385,1.804552647170555,2.5,1.6903085094570331,1.5454545454545454,0.9341987329938275,2.3333333333333335,1.0,2.0,0.9258200997725514,1.8888888888888888,0.7817359599705713,10.294117647058824,1.6110829386763785,4.714285714285714,1.799470821684874,alborozado
alborozarse,2.923076923076923,1.0377490433255414,3.6,2.0736441353327724,6.0,1.2792042981336627,2.5454545454545454,0.9341987329938279,1.0909090909090908,0.30151134457776346,2.8461538461538463,1.214231845389905,1.8,0.7888106377466155,3.0,1.224744871391589,10.8,0.6324555320336679,4.125,1.807721533549109,alborozarse
alborozo,2.2222222222222223,1.0929064207170003,4.5,1.1785113019775793,6.461538461538462,1.8980421761815798,2.2857142857142856,1.6035674514745464,1.3333333333333333,0.5,2.25,0.7071067811865476,1.6666666666666667,1.2110601416389966,1.3333333333333333,0.7071067811865476,,,,,alborozo
alegrarse,4.619047619047619,1.203170415036477,8.1,1.5183093090324955,6.875,2.419351332395776,4.8,0.4103913408340609,1.0,0.0,1.15,0.48936048492959294,1.0476190476190477,0.21821789023599242,1.0,0.0,4.85,1.9269556026896009,5.285714285714286,1.2705454396776672,alegrarse
alegre,4.954545454545454,0.21320071635561044,,,,,,,,,,,,,,,,,5.304347826086956,1.607787373116902,alegre
alegría,4.9523809523809526,0.21821789023599233,,,,,,,,,,,,,,,,,,,alegria
alentado,2.9411764705882355,1.1974237050483694,5.888888888888889,1.996729351858976,5.55,2.2820812292383694,2.3333333333333335,1.137592917989042,1.0588235294117647,0.242535625036333,1.5714285714285714,0.746420027292179,1.631578947368421,0.8306975860878395,1.7647058823529411,0.970142500145332,10.105263157894736,1.448935887014456,3.7777777777777777,1.39560467837445,alentado
alentador,2.5,1.0513149660756937,,,,,,,,,,,,,,,,,,,alentador
alentar,2.0588235294117645,0.8993461677306267,,,,,,,,,,,,,,,9.782608695652174,1.7569736827110234,3.6363636363636362,1.6196841122196088,alentar
alerta,2.0454545454545454,1.5576928215816257,,,,,,,,,,,,,,,,,,,alerta
alertado,3.4761904761904763,1.435933411375598,4.0,1.7471781760734562,7.363636363636363,1.4653279998642432,2.0,0.9176629354822471,1.3181818181818181,0.6463349888014092,2.761904761904762,1.1359912809859898,3.1,1.2523661815266252,2.3181818181818183,1.1291110551632086,9.19047619047619,2.0885173597326787,4.2,1.472555959083246,alertado
alertarse,2.590909090909091,1.5632411662065913,3.25,1.4095538674570611,7.541666666666667,1.020620726159656,1.9,1.0711528467275953,1.173913043478261,0.491026190103531,3.05,1.431782106327635,3.142857142857143,1.195228609334394,2.15,1.1367080817685316,7.3478260869565215,2.1869176243407455,4.52,1.446835627614047,alertarse
alicaído,4.181818181818182,1.167748416242284,2.272727272727273,1.009049958219026,3.473684210526316,2.6324559942007593,1.2,0.4140393356054124,1.7142857142857142,0.9944903161976937,1.6153846153846154,0.7679476477883046,2.2142857142857144,0.8017837257372733,4.25,0.8864052604279183,10.75,0.4472135954999579,3.75,1.6532795690182993,alicaido
aliento,1.6,0.7539370349250518,,,,,,,,,,,,,,,5.857142857142857,1.7402791237532638,5.68,1.7253019059476717,aliento
aliviado,3.1818181818181817,1.435481125130547,7.5,1.1920791213585393,2.8636363636363638,2.2317077498004707,4.05,0.6048053188292989,1.0,0.0,1.380952380952381,1.0712698295103096,1.15,0.36634754853252327,1.2727272727272727,0.8827348295047496,8.19047619047619,1.6005951274150372,5.142857142857143,1.5901482410679286,aliviado
aliviarse,3.1,1.5525869752736798,6.846153846153846,1.973672874461373,8.115384615384615,1.1773503497913642,4.35,0.6708203932499374,1.35,0.7451598203705945,1.5714285714285714,0.9783367810436533,1.1818181818181819,0.3947710169758614,1.3333333333333333,0.6582805886043832,8.714285714285714,1.8205179796655981,4.523809523809524,1.4703417160322843,aliviarse
alivio,3.380952380952381,1.5961262630566069,,,,,,,,,,,,,,,,,,,alivio
alteración,2.772727272727273,1.4452489711965164,,,,,,,,,,,,,,,,,,,alteracion
alterado,4.190476190476191,1.0304876330673562,,,,,,,,,,,,,,,,,,,alterado
alterarse,3.5,1.4719601443879744,3.5384615384615383,1.9022254173629207,3.3076923076923075,1.5942203302989402,1.35,0.5871429486123997,1.8,0.8335087534664908,3.4761904761904763,1.3273676061682242,2.5454545454545454,1.2238608980744088,2.35,1.2258187382102494,7.173913043478261,2.4799591989503575,4.363636363636363,1.4653279998642441,alterarse
alucinación,1.7142857142857142,1.1019463300386794,,,,,,,,,,,,,,,8.238095238095237,2.2114421065169654,,,alucinacion
alucinado,3.142857142857143,1.3147514702678331,6.8,1.2814465510343758,6.909090909090909,1.1509454047327015,3.05,1.5035046776746235,1.2727272727272727,0.7672969364884685,1.619047619047619,0.9206622874969125,1.75,1.019545822516343,1.5454545454545454,0.7385489458759964,6.681818181818182,2.009178074934259,4.0,1.6832508230603465,alucinado
alucinar,2.35,1.3869694338832113,6.3076923076923075,1.3496438276591558,6.0,1.8973665961010275,2.85,1.22581873821025,1.45,0.7591546545162483,1.7142857142857142,0.9023778112773575,2.0,1.0690449676496976,1.8095238095238095,1.0779168622415933,7.428571428571429,1.3989792196965813,4.045454545454546,1.812056782650528,alucinar
amado,3.409090909090909,1.4690162211523254,,,,,,,,,,,,,,,,,,,amado
amar,4.095238095238095,1.3749458863810566,,,,,,,,,,,,,,,,,,,amar
amargado,3.6,1.391704747876919,1.85,1.0399898784932577,5.7727272727272725,2.467538163584221,1.1,0.3077935056255463,2.7,1.4179302929937965,2.8095238095238093,0.9283882603225668,2.85,1.1367080817685318,3.8,1.1516578439248715,8.047619047619047,1.8567765206451337,4.090909090909091,1.715728108915554,amargado
amargarse,3.272727272727273,1.5486343655842068,1.85,1.0399898784932577,6.318181818181818,1.861549882589227,1.0,0.0,2.6,1.569445091341791,2.9523809523809526,1.0235326314383182,2.75,1.019545822516343,3.7,1.3803127029389886,8.130434782608695,2.0517032353651707,3.9565217391304346,1.609016098839322,amargarse
amargura,4.0,0.9486832980505138,,,,,,,,,,,,,,,8.043478260869565,2.265918655154827,4.64,1.468559384794046,amargura
amedrentado,3.0,1.699673171197595,3.3846153846153846,1.6092680291808412,6.0,1.9685019685029528,1.5,0.8498365855987975,2.5,1.4459976109624424,2.3333333333333335,1.224744871391589,3.5,1.0690449676496976,3.375,0.9161253813129043,10.61111111111111,1.243282604232413,4.0,1.8516401995451028,amedrentado
amedrentamiento,2.7,1.4181364924121764,3.3333333333333335,1.7593288763724921,2.45,1.700619082322051,1.2857142857142858,0.48795003647426666,1.6666666666666667,0.8660254037844386,2.625,1.3024701806293193,2.1666666666666665,1.602081978759722,2.8181818181818183,1.4012980994907416,10.857142857142858,0.5345224838248535,4.090909090909091,1.7002673586554236,amedrentamiento
amedrentarse,2.909090909090909,1.3751033019046572,3.0,1.2792042981336627,5.588235294117647,2.526331914293225,1.6,1.0749676997731399,1.7692307692307692,1.1657505560686465,2.6666666666666665,1.3228756555322954,2.6,1.264911064067352,2.6923076923076925,1.0315534712764842,10.2,1.5675276256394537,3.3333333333333335,1.5718104959867516,amedrentarse
amenaza,2.380952380952381,1.6874889770363086,,,,,,,,,,,,,,,,,,,amenaza
amenazado,2.4545454545454546,1.7382879570557412,,,,,,,,,,,,,,,,,,,amenazado
amenazante,2.65,1.4608937423083823,,,,,,,,,,,,,,,8.80952380952381,1.965172959793809,4.476190476190476,1.4703417160322843,amenazante
amenazar,2.0,1.1697953037312037,,,,,,,,,,,,,,,,,,,amenazar
amigable,2.9047619047619047,1.2611408289624872,,,,,,,,,,,,,,,,,3.909090909090909,1.5708381417359547,amigable
amistad,2.4285714285714284,1.4342743312012722,,,,,,,,,,,,,,,,,4.4,1.8708286933869707,amistad
amistoso,2.5,1.4057704208690964,,,,,,,,,,,,,,,,,,,amistoso
amor,3.989935064935065,1.2422858940459856,,,,,,,,,,,,,,,,,,,amor
amorosa,3.3636363636363638,1.5597757636597747,,,,,,,,,,,,,,,7.0,1.7320508075688772,3.5,1.625686668105863,amorosa
amparado,2.0526315789473686,1.26814318375447,5.5,1.917412472118426,3.4782608695652173,1.7021260827509308,2.9411764705882355,1.4348601079588785,1.15,0.36634754853252327,1.25,0.5773502691896257,1.736842105263158,1.0457376590053493,1.8888888888888888,1.2782749814122838,10.19047619047619,1.0304876330673602,3.5454545454545454,1.6826077472687537,amparado
amparo,1.6470588235294117,0.8617697249402124,,,,,,,,,,,,,,,10.0,1.3743685418725535,,,amparo
angustia,4.105263157894737,1.3289401308354822,,,,,,,,,,,,,,,,,,,angustia
angustiado,4.190476190476191,1.1670067531530235,,,,,,,,,,,,,,,,,4.130434782608695,1.6598014072359535,angustiado
angustiarse,3.4545454545454546,1.5345938729769366,1.8,0.8335087534664908,7.2727272727272725,1.7506955945952054,1.05,0.22360679774997888,2.55,1.3945382182304158,2.8095238095238093,1.1670067531530235,3.2,1.0052493799000688,3.7,1.4545753585442762,8.904761904761905,1.7861904127153387,4.15,1.7252002172135514,angustiarse
angustiosa,4.05,1.2343760409722457,,,,,,,,,,,,,,,9.285714285714286,1.309307341415953,4.363636363636363,1.4324622340390167,angustiosa
angustioso,3.8636363636363638,1.3556040489989458,2.05,0.8255779474818966,7.045454545454546,1.758713618834401,1.15,0.48936048492959294,2.7,1.490319640741189,2.6666666666666665,1.1105554165971787,2.9473684210526314,1.0787690624311024,3.35,1.4244112357114618,9.142857142857142,1.71130693581585,4.4,1.5545631755148024,angustioso
anhelado,2.6363636363636362,1.4324622340390172,4.25,1.7733405882980469,5.090909090909091,2.136064269344573,2.05,1.0990426455975697,1.4210526315789473,0.6924826089821244,1.5789473684210527,0.7685331969757722,2.0526315789473686,1.26814318375447,3.15,1.22581873821025,10.761904761904763,0.7003400534570279,4.285714285714286,1.8477785890862881,anhelado
anhelante,2.7142857142857144,1.489892687336984,3.9,1.7137217117324384,4.578947368421052,2.2928824526173313,3.066666666666667,1.0997835284835875,1.5217391304347827,0.9472239447886797,1.8125,1.2230426539304888,1.75,0.621581560508061,2.5,1.465284553774253,10.4,1.0462967275611985,3.5217391304347827,1.7286243931201823,anhelante
anhelar,3.0,1.5811388300841898,,,,,,,,,,,,,,,10.619047619047619,0.6690433824641245,3.9565217391304346,1.5514878744308411,anhelar
anhelo,3.736842105263158,1.284181765568077,,,,,,,,,,,,,,,,,,,anhelo
animado,4.045454545454546,1.0900971004051372,8.15,1.0399898784932566,6.7272727272727275,1.5486343655842068,4.45,0.9986833437344547,1.0454545454545454,0.2132007163556103,1.1904761904761905,0.40237390808147816,1.05,0.22360679774997888,1.1363636363636365,0.6396021490668313,,,4.12,1.5631165450257805,animado
animadversión,3.625,1.407885953173359,4.36,2.24,5.71,1.38,2.7777777777777777,1.481365736219265,2.0,1.2792042981336627,2.7142857142857144,1.1126972805283737,1.8,1.2292725943057183,2.4285714285714284,1.3424596091494905,11.0,0.0,2.823529411764706,1.8109146210426053,animadversion
animarse,3.3636363636363638,1.3988244910316507,7.1,1.1192102478745296,7.4,1.1424811411549578,4.45,0.7591546545162478,1.037037037037037,0.19245008972987515,1.0952380952380953,0.43643578047198484,1.1,0.3077935056255463,1.0,0.0,6.571428571428571,1.5675276256394512,4.56,1.529705854077835,animarse
ánimo,2.772727272727273,1.4452489711965164,,,,,,,,,,,,,,,,,,,animo
animosidad,2.473684210526316,1.1239029738980328,,,,,,,,,,,,,,,9.421052631578947,2.456641552872181,3.8823529411764706,1.6156404667026194,animosidad
animoso,3.65,1.3484884325167863,,,,,,,,,,,,,,,7.571428571428571,2.226464205223802,4.176470588235294,1.6292365588538344,animoso
ansiar,3.0,1.4867838833500564,3.6,1.391704747876919,6.818181818181818,2.129975712724569,1.6,0.7539370349250518,1.736842105263158,1.0457376590053493,2.5714285714285716,1.0281745265969475,2.5,1.1470786693528088,1.8,0.9514531821875089,9.238095238095237,1.9976176286957903,4.0,1.9735087641318605,ansiar
ansiedad,3.6666666666666665,1.527525231651947,,,,,,,,,,,,,,,,,4.48,1.8284784202536637,ansiedad
ansioso,3.7,1.3018205875255096,,,,,,,,,,,,,,,,,4.409090909090909,1.816828500675229,ansioso
antagónico,1.375,0.806225774829855,4.277777777777778,1.5264551613058022,5.681818181818182,1.585240364420176,1.5384615384615385,0.6602252917735247,1.3888888888888888,0.6978023391872253,2.5,1.381698559415515,2.2941176470588234,1.2631659571466125,2.2666666666666666,1.2227992865708155,10.7,0.73269509706504,4.4375,1.9311050377094112,antagonico
antipatía,2.9047619047619047,1.6094956323259126,,,,,,,,,,,,,,,,,4.2631578947368425,1.8511889651776021,antipatia
antipático,2.619047619047619,1.283596138829908,,,,,,,,,,,,,,,,,,,antipatico
antojar,1.7,0.8645047258706176,5.884615384615385,1.3061982415214957,6.0,1.224744871391589,2.7,0.9233805168766384,1.35,0.5871429486123997,1.3157894736842106,0.6710382982072028,1.2857142857142858,0.560611910581388,1.7,0.8013147091860319,8.826086956521738,1.8253810041404182,3.590909090909091,1.5632411662065913,antojar
antojo,2.1,1.2523661815266247,,,,,,,,,,,,,,,,,,,antojo
añorado,2.8095238095238093,1.4006801069140526,4.65,1.9269556026896009,4.590909090909091,2.3023609188973393,2.05,1.190974832912761,1.4,0.5982430416161186,1.5,1.1002392084403616,1.45,0.6048053188292996,3.210526315789474,1.3156725094212405,9.095238095238095,2.0713464679952005,4.44,1.7339742404853273,anorado
añoranza,4.2,1.1964860832322373,,,,,,,,,,,,,,,,,,,anoranza
añorar,3.9047619047619047,1.4800257398019097,3.230769230769231,1.8397324220156,3.96,2.150193789716018,1.65,0.8127277008872489,1.35,0.8127277008872489,1.9047619047619047,0.8309489698388166,2.6363636363636362,1.4653279998642446,3.9047619047619047,1.179184544707142,8.05,2.163695668842646,3.772727272727273,1.9744033018277696,anorar
apaciguado,3.2777777777777777,0.8947924869885989,,,,,,,,,,,,,,,,,,,apaciguado
apaciguamiento,2.1052631578947367,0.9941348467724341,5.9,1.5183093090324955,2.772727272727273,1.5715269548108204,2.210526315789474,1.0841764600337107,1.1578947368421053,0.37463432463267765,1.0952380952380953,0.30079260375911926,1.368421052631579,0.5972647203701473,1.95,1.0990426455975697,10.578947368421053,0.7685331969757688,3.5714285714285716,1.660464650976605,apaciguamiento
apaciguarse,2.7777777777777777,1.0602749674192766,5.473684210526316,1.073334423013503,2.5,1.8961113087680521,2.7,1.1285761872936693,1.105263157894737,0.3153017676423059,1.25,0.5501196042201808,1.3,0.7326950970650465,1.0666666666666667,0.25819888974716115,10.35,1.2680278927697588,4.45,1.5035046776746235,apaciguarse
apasionado,3.75,1.2085223687584246,,,,,,,,,,,,,,,,,,,apasionado
apasionante,3.1904761904761907,1.4703417160322843,,,,,,,,,,,,,,,8.285714285714286,1.6168752933623889,4.15,1.565247584249853,apasionante
apasionarse,3.0,1.4142135623730951,7.884615384615385,1.0325472609783282,8.153846153846153,1.1896993802573064,4.45,0.6048053188292989,1.2,0.5231483637805969,1.5238095238095237,0.8728715609439697,1.6363636363636365,1.1358007263790995,1.4285714285714286,0.8106434833777776,8.173913043478262,2.1878211226748263,4.666666666666667,1.4259499757471628,apasionarse
apatía,2.761904761904762,1.7001400502535637,,,,,,,,,,,,,,,10.363636363636363,1.6774542658006537,4.428571428571429,1.8860389330930734,apatia
apático,3.1818181818181817,1.435481125130547,2.3157894736842106,1.293257367998745,4.681818181818182,2.0560332505270256,1.2,0.5231483637805969,1.75,1.0699237552766379,2.7222222222222223,1.3636264606493256,2.3,1.2182817926554552,3.25,1.118033988749895,9.565217391304348,2.0632297487307203,3.9130434782608696,1.8808374217658008,apatico
apegado,2.2857142857142856,1.3835771443203717,5.44,1.9807406022327436,5.84,2.075250988836451,2.8947368421052633,0.9941348467724341,1.5,0.7608859102526822,1.45,0.887041208323017,2.0,1.1547005383792515,1.8095238095238095,0.9283882603225668,9.473684210526315,2.091475318010698,4.35,1.6311119875071343,apegado
apegar,2.35,1.6630662866176473,5.52,2.0840665376454117,5.88,1.8101565309847283,2.95,1.276302224561664,1.45,0.6863327411532598,1.5263157894736843,0.7723284457212329,2.0,1.1832159566199232,1.8333333333333333,0.985184366143778,9.058823529411764,2.304088437845164,3.8260869565217392,1.6963108075265054,apegar
apego,3.3,1.7800059136507322,,,,,,,,,,,,,,,10.285714285714286,1.309307341415953,4.428571428571429,1.5675276256394521,apego
apenado,4.380952380952381,0.7400128699009553,1.9,1.0208355710680808,5.125,1.8252456654188867,1.2,0.4103913408340616,1.4545454545454546,0.8004327833694973,1.95,1.0990426455975697,2.619047619047619,1.283596138829908,4.15,0.8127277008872493,7.086956521739131,2.043015673820997,3.8636363636363638,1.5825071893451237,apenado
apenarse,3.727272727272727,1.3863902488397424,2.9615384615384617,1.1825656592602114,1.88,0.9273618495495703,1.1,0.3077935056255463,1.7,0.9787209698591859,1.9523809523809523,1.1169686869465265,2.772727272727273,1.1925090867905044,4.095238095238095,1.0910894511799616,8.85,2.08440323404692,4.086956521739131,1.8068818816921466,apenarse
apesadumbrado,4.2727272727272725,0.7862453931068968,3.0,1.8257418583505538,2.235294117647059,1.2514697241996051,1.0909090909090908,0.30151134457776346,2.0,1.0690449676496976,2.1875,1.0468205831628137,3.142857142857143,1.1673205911990774,3.4615384615384617,1.198289379030556,11.0,0.0,4.0,1.541103500742244,apesadumbrado
apesadumbrarse,2.6153846153846154,1.3252962900462133,2.75,1.1832159566199232,4.076923076923077,2.215909838025097,1.6428571428571428,0.633323693776651,1.7647058823529411,1.200490095997562,2.0,1.0690449676496976,2.25,1.4847711791873706,3.4285714285714284,1.34245960914949,10.909090909090908,0.30151134457777734,4.076923076923077,1.382120258970402,apesadumbrarse
apetecer,1.8571428571428572,1.108409413786904,,,,,,,,,,,,,,,5.571428571428571,1.5675276256394512,4.08,1.891207727000571,apetecer
apetecible,2.3,1.3803127029389888,6.85,1.1367080817685307,4.8,2.8395700193404,3.95,0.6863327411532593,1.0740740740740742,0.26688025634181184,1.1428571428571428,0.35856858280031817,1.3,0.7326950970650465,1.0,0.0,7.217391304347826,2.411271293117357,4.52,1.584297951775486,apetecible
apetencia,2.25,1.3568010505999362,,,,,2.533333333333333,1.1872336794093274,1.1333333333333333,0.5163977794943223,1.3333333333333333,0.6513389472789297,1.8235294117647058,0.8828430011649196,1.7777777777777777,1.114374293206496,,,3.7222222222222223,1.4473324572571657,apetencia
apiadarse,2.65,1.3088765773505318,5.1,1.6189665319514621,4.090909090909091,2.223448435139197,2.1052631578947367,0.9941348467724341,1.7894736842105263,1.2727462594467416,1.8,0.894427190999916,1.5263157894736843,0.9048278567177281,2.473684210526316,1.0733344230135038,10.238095238095237,1.0442586798663407,4.15,1.6630662866176475,apiadarse
apreciable,2.142857142857143,1.2363540870525032,,,,,,,,,,,,,,,9.047619047619047,1.6575943555704598,4.260869565217392,1.5438261590885693,apreciable
apreciado,2.65,1.3869694338832115,7.05,1.3945382182304167,4.6,2.4580694178883347,4.3,0.6569466853317858,1.0740740740740742,0.38490017945975047,1.1428571428571428,0.47809144373375756,1.3,0.6569466853317865,1.05,0.22360679774997888,8.714285714285714,1.4540583599999386,3.95,1.932410548076104,apreciado
apreciar,2.619047619047619,1.5644868320376009,,,,,,,,,,,,,,,8.3,1.922169826551563,,,apreciar
aprecio,2.409090909090909,1.5324767040594283,,,,,,,,,,,,,,,,,,,aprecio
aprensión,2.5789473684210527,1.4265650070355174,,,,,,,,,,,,,,,,,3.5,1.7621756887140216,aprension
aprensivo,2.875,1.5,3.6956521739130435,1.4904173487710706,3.8333333333333335,2.4435659378771883,1.4,0.5982430416161186,2.1578947368421053,1.5004872502970805,1.9,1.0208355710680808,2.888888888888889,1.3234931004459767,2.789473684210526,1.1822270588653647,10.666666666666666,0.9128709291752727,3.8636363636363638,1.6986116051885976,aprensivo
aprobación,2.4285714285714284,1.3627702877384937,,,,,,,,,,,,,,,,,,,aprobacion
apurado,2.9047619047619047,1.4800257398019097,2.85,1.3484884325167863,7.291666666666667,0.907896118682549,1.45,0.6048053188292996,1.3043478260869565,0.5587959953568722,2.05,1.1459310165698642,2.5238095238095237,1.1670067531530235,2.7,1.218281792655455,8.380952380952381,1.8567765206451337,4.090909090909091,1.6592910393438376,apurado
apuro,2.4761904761904763,1.2891488517253398,,,,,,,,,,,,,,,7.608695652173913,2.08324769257441,4.571428571428571,1.660464650976605,apuro
aquietado,2.933333333333333,1.3870146083619754,4.0,0.7385489458759964,5.052631578947368,2.437523429187145,1.5833333333333333,0.7929614610987591,1.5,0.8548504142651103,1.8666666666666667,0.7432233529572065,2.4545454545454546,1.5724907862137931,1.6666666666666667,0.7784989441615229,10.615384615384615,0.9607689228305236,4.1,1.9692073983655907,aquietado
ardiente,2.6,1.6670175069329816,,,,,,,,,,,,,,,,,4.9523809523809526,1.6271505915615334,ardiente
ardor,1.55,0.9445132413883327,,,,,,,,,,,,,,,,,,,ardor
armonía,2.9047619047619047,1.2611408289624872,,,,,,,,,,,,,,,8.347826086956522,1.79920931250303,4.2,2.140872096444188,armonia
armonioso,2.8,1.1050125029061648,6.8,1.6415653633362473,1.75,1.019545822516343,4.0,0.9176629354822471,1.0,0.0,1.0952380952380953,0.43643578047198484,1.15,0.36634754853252327,1.3,0.6569466853317865,9.857142857142858,1.314751470267835,4.285714285714286,1.736169840276496,armonioso
armonizar,2.2857142857142856,0.9561828874675151,,,,,,,,,,,,,,,9.631578947368421,1.7387903303347123,3.8095238095238093,1.4703417160322843,armonizar
arrebatado,2.5,1.5961262630566064,2.45,0.998683343734455,6.545454545454546,2.3243488125919063,1.55,0.998683343734455,2.210526315789474,1.3572417850765923,3.238095238095238,1.2611408289624872,2.95,1.0990426455975695,3.210526315789474,1.134261745631201,9.428571428571429,1.5352989471574763,3.95,1.9594574974238472,arrebatado
arrebatarse,2.857142857142857,1.651838802235687,2.75,1.332784974957958,6.545454545454546,1.4050003466284184,1.6842105263157894,1.0568628408301077,1.8095238095238095,1.1670067531530235,3.142857142857143,1.5259657363687524,2.75,1.2085223687584246,3.380952380952381,1.203170415036477,9.523809523809524,1.860619456499571,4.416666666666667,1.4719601443879742,arrebatarse
arrebato,2.7142857142857144,1.3835771443203715,,,,,,,,,,,,,,,8.952380952380953,2.1089378956287566,,,arrebato
arrepentido,4.095238095238095,0.9952267030562383,,,,,,,,,,,,,,,,,4.181818181818182,1.8162327215148664,arrepentido
arrepentimiento,4.0,1.4142135623730951,,,,,,,,,,,,,,,,,,,arrepentimiento
arrepentirse,3.857142857142857,1.1952286093343933,,,,,,,,,,,,,,,7.0,2.077447826946374,3.869565217391304,1.6598014072359535,arrepentirse
arrogancia,2.1904761904761907,1.2497618820818477,,,,,,,,,,,,,,,10.238095238095237,1.091089451179963,,,arrogancia
arrogante,2.5238095238095237,1.3273676061682242,,,,,,,,,,,,,,,,,4.181818181818182,1.6800329825663607,arrogante
arrojo,2.0,1.4529663145135578,,,,,,,,,,,,,,,9.647058823529411,1.5387160422974526,,,arrojo
asco,4.142857142857143,1.4242792663559445,,,,,,,,,3.380952380952381,1.3592715135759479,,,,,,,,,asco
asombrado,4.05,1.2343760409722457,,,,,,,,,,,,,,,,,4.043478260869565,1.4295028019803129,asombrado
asombrarse,3.9523809523809526,1.5321941938341392,6.45,1.0990426455975708,6.454545454545454,1.4384936806479447,3.1,1.1652874052533588,1.0454545454545454,0.2132007163556103,1.5238095238095237,0.8728715609439697,1.5,0.8271701918685112,1.5909090909090908,0.7963662060880875,7.809523809523809,1.9904534061124766,3.9545454545454546,1.430193883868388,asombrarse
asombro,4.142857142857143,1.2761549390929878,,,,,,,,,,,,,,,,,,,asombro
asqueado,3.727272727272727,1.4534628005401835,,,,,,,,,,,,,,,,,4.64,1.6041612554021285,asqueado
asquear,2.772727272727273,1.7163587753985023,2.15,1.5652475842498528,6.2,1.5078740698501045,1.1,0.3077935056255463,4.407407407407407,0.9710921393049896,3.2857142857142856,1.2305631695633157,2.0,1.2366938848016846,2.5,1.3572417850765923,8.047619047619047,2.246690688016276,3.9130434782608696,1.4114159066908945,asquear
asqueroso,3.25,1.7733405882980469,,,,,,,,,,,,,,,,,,,asqueroso
astenia,1.25,0.5,3.4285714285714284,1.2724180205607032,3.3,2.0027758514399734,1.3333333333333333,0.7071067811865476,2.4285714285714284,1.511857892036909,2.0,1.0,3.25,0.5,2.7142857142857144,0.951189731211342,11.0,0.0,5.0,1.4142135623730951,astenia
asustado,4.590909090909091,0.8540709744729821,,,,,,,,,,,,,,,,,,,asustado
asustarse,4.0476190476190474,1.430950400125402,3.1,0.8522416262267907,7.95,0.9445132413883339,1.45,0.6863327411532598,1.5185185185185186,0.9754829324836758,2.761904761904762,1.0442586798663394,4.15,1.22581873821025,2.55,1.3945382182304158,4.217391304347826,1.5361262299910132,4.92,1.6309506430300096,asustarse
atemorizado,4.8,0.4103913408340616,2.0,1.1697953037312037,7.75,1.019545822516343,1.15,0.36634754853252327,1.5925925925925926,0.8439494725697222,2.761904761904762,1.4108423691100964,4.5,0.8271701918685112,3.45,1.431782106327635,8.380952380952381,1.883512423006296,4.173913043478261,1.6963108075265054,atemorizado
atemorizarse,4.142857142857143,0.9102589898327991,2.0,0.9176629354822471,7.2272727272727275,1.875450883738631,1.15,0.36634754853252327,2.05,0.998683343734455,2.4285714285714284,1.1649647450214349,4.2,0.8944271909999155,3.2,1.2396943596157712,7.260869565217392,2.1995328285869307,4.6,1.6583123951777,atemorizarse
aterrado,4.409090909090909,0.7341396590302411,1.95,1.190974832912761,7.761904761904762,1.75797502555531,1.0,0.0,1.9,1.0208355710680808,2.7142857142857144,1.3835771443203715,4.65,0.6708203932499374,3.3,1.080935267549162,7.666666666666667,2.129162589689509,4.181818181818182,1.5625487005397434,aterrado
aterrador,3.9545454545454546,1.2527027058580453,,,,,,,,,,,,,,,7.380952380952381,2.2907682221514793,4.130434782608695,1.740019535577036,aterrador
aterrarse,4.476190476190476,0.6796357567879739,2.35,1.2258187382102494,8.25,0.910465468000326,1.05,0.22360679774997888,1.92,0.9966610925150703,2.8095238095238093,1.1670067531530235,3.85,1.3869694338832115,2.75,1.51744244666721,8.380952380952381,1.6874889770363088,4.2631578947368425,1.9391322590603908,aterrarse
aterrorizado,4.35,0.8127277008872493,,,,,,,,,,,,,,,,,,,aterrorizado
atónito,3.1,1.4473205733717958,,,,,,,,,,,,,,,10.523809523809524,0.7496030695673348,4.647058823529412,1.9345922202943775,atonito
atontado,2.0476190476190474,1.3219754338182867,,,,,,,,,,,,,,,,,,,atontado
atontamiento,2.1904761904761907,1.2497618820818477,3.4615384615384617,1.3922864426767712,3.24,2.3501772982763094,1.3,0.5712405705774795,1.8,0.894427190999916,2.25,0.9665456669582609,1.8636363636363635,1.0371873387954444,2.3333333333333335,1.1972189997378648,8.285714285714286,1.7928429140015896,4.2,1.6415653633362464,atontamiento
atontar,1.95,1.0500626547722611,3.35,1.5312533566021216,4.363636363636363,2.0129451189607854,1.5,0.8271701918685112,1.5,0.7400128699009549,2.1904761904761907,1.0304876330673562,2.05,1.1459310165698642,2.4285714285714284,1.0757057484009542,8.714285714285714,1.5537971921347107,4.25,1.4817733206914758,atontar
atormentado,3.7142857142857144,1.1019463300386794,2.05,1.0500626547722611,7.1,2.1496633763403388,1.2,0.4103913408340616,1.8888888888888888,1.1208970766356101,3.4285714285714284,1.2071217242444345,3.15,1.3484884325167863,3.65,1.22581873821025,9.0,1.6858544608470492,4.44,1.583245611605056,atormentado
atormentarse,2.55,1.5035046776746235,2.9615384615384617,2.2357239405752978,1.4230769230769231,0.7027418828034614,1.0,0.0,2.15,1.0894228312566052,3.380952380952381,0.7400128699009553,3.590909090909091,1.1815684051733508,4.0,0.9176629354822471,8.695652173913043,2.2448887927243977,3.5652173913043477,1.5616450230015826,atormentarse
atracción,2.9545454545454546,1.557692821581626,,,,,,,,,,,,,,,,,,,atraccion
atractivo,2.0,1.3038404810405297,,,,,,,,,,,,,,,,,,,atractivo
atraído,2.85,1.4608937423083823,6.85,1.3088765773505306,6.458333333333333,1.8876985450811394,3.6315789473684212,0.9551338658818389,1.0,0.0,1.1578947368421053,0.37463432463267765,1.7142857142857142,0.7837638128197258,1.1,0.3077935056255463,8.8,1.7044832524535813,3.9166666666666665,1.6659418713870477,atraido
atrayente,2.6842105263157894,1.2042808632793345,,,,,,,,,,,,,,,10.047619047619047,1.1169686869465216,4.05,1.6375527311718607,atrayente
atreverse,2.0454545454545454,1.2901558682973793,,,,,,,,,,,,,,,6.476190476190476,1.7781745588959368,,,atreverse
atrevido,2.65,1.565247584249853,,,,,,,,,,,,,,,,,,,atrevido
atrevimiento,2.05,1.1459310165698642,,,,,,,,,,,,,,,7.0,2.15322168769582,3.6956521739130435,1.5792628490042624,atrevimiento
aturdido,3.5238095238095237,1.4703417160322843,,,,,,,,,,,,,,,,,,,aturdido
aturdimiento,2.65,1.6311119875071343,,,,,,,,,,,,,,,9.5,1.7928429140015905,4.421052631578948,1.7737527534606838,aturdimiento
aturdirse,2.8,1.542383664469075,3.526315789473684,1.0733344230135036,6.045454545454546,1.4953028910326958,1.2,0.4103913408340616,1.4761904761904763,0.6796357567879739,2.0952380952380953,0.9436504599035548,2.7,1.1742858972247994,2.8,1.1516578439248715,9.526315789473685,1.3891812557774839,4.25,1.7003835884370582,aturdirse
audacia,1.6875,0.873212459828649,,,,,,,,,,,,,,,,,,,audacia
audaz,1.75,1.019545822516343,,,,,,,,,,,,,,,,,4.2631578947368425,1.8209309360006518,audaz
autocompasión,3.0476190476190474,1.6271505915615334,4.25,2.0487480130686233,4.590909090909091,2.0853021000528553,2.2,1.1516578439248717,1.7727272727272727,1.2317938209440804,1.8095238095238095,1.0304876330673562,2.25,1.332784974957958,3.6363636363636362,1.0930714500000418,10.380952380952381,0.9206622874969067,3.869565217391304,1.740019535577036,autocompasion
autoconfiado,2.8095238095238093,1.3273676061682242,5.384615384615385,2.2991637275657095,6.961538461538462,1.777206104665844,3.6,1.2311740225021852,1.2,0.4103913408340616,1.55,0.7591546545162483,1.4090909090909092,0.7963662060880875,1.3333333333333333,0.9128709291752768,10.0,1.1239029738980326,3.619047619047619,1.8021151593666394,autoconfiado
autoconfianza,2.15,1.1821033884786183,7.8,1.361114094757442,4.9,3.127130852462214,4.45,0.6048053188292989,1.2222222222222223,0.5063696835418332,1.1428571428571428,0.47809144373375756,1.45,1.1459310165698642,1.05,0.22360679774997888,10.333333333333334,0.9128709291752727,4.523809523809524,1.9651729597938097,autoconfianza
autoestima,1.9545454545454546,1.4301938838683885,,,,,,,,,,,,,,,9.35,1.6630662866176467,4.285714285714286,2.1712405933672376,autoestima
autosatisfacción,3.0,1.4142135623730951,7.65,1.5312533566021205,4.9,2.918182563460383,4.55,0.6048053188292989,1.3703703703703705,0.8388704928078611,1.380952380952381,0.8646496675642958,1.2,0.5231483637805969,1.1,0.447213595499958,10.08695652173913,1.7815479346563345,3.8181818181818183,2.19602158971874,autosatisfaccion
autosuficiencia,1.4761904761904763,0.7496030695673291,,,,,,,,,,,,,,,9.904761904761905,1.338086764928266,4.84,1.8411952639521971,autosuficiencia
autosuficiente,1.4,0.6805570473787205,,,,,,,,,,,,,,,9.095238095238095,1.8682816143387464,4.92,1.552417469626003,autosuficiente
avaricia,2.35,1.4608937423083819,,,,,,,,,,,,,,,,,,,avaricia
avaricioso,2.380952380952381,1.1169686869465265,2.25,1.3717065820970682,6.35,1.843195166294831,1.6,0.7539370349250518,2.9615384615384617,1.2800240382358208,3.5714285714285716,1.3255726525328058,2.25,1.292692009559488,2.7,1.3803127029389886,8.904761904761905,1.8139669761261346,4.95,1.6050905860647502,avaricioso
avergonzado,4.2727272727272725,1.0319569104061785,,,,,,,,,,,,,,,,,4.7,1.688973528196155,avergonzado
avergonzar,3.0476190476190474,1.3955712262794215,,,,,,,,,,,,,,,5.44,2.08,3.74,1.77,avergonzar
avergonzarse,3.9523809523809526,1.3592715135759479,2.7,1.1285761872936693,6.791666666666667,1.3824731042801404,1.25,0.4442616583193193,1.6956521739130435,1.0632190661423897,1.6842105263157894,0.7492686492653553,3.1904761904761907,1.0779168622415933,3.45,1.2343760409722457,7.523809523809524,1.8335497707738286,4.428571428571429,1.5991068935949397,avergonzarse
aversión,3.0588235294117645,1.675954512930397,,,,,,,,,,,,,,,10.347826086956522,1.5257992138897982,,,aversion
aversivo,2.9375,1.3889444433333777,,,,,,,,,,,,,,,,,,,aversivo
azorado,3.111111111111111,1.2692955176439846,3.9,1.449137674618944,5.785714285714286,2.359223191208086,1.4,0.547722557505166,1.7142857142857142,0.9511897312113418,2.3,1.0593499054713804,3.2,1.6431676725154982,2.8333333333333335,0.9831920802501752,10.25,2.050498830661811,4.0,1.8708286933869707,azorado
azoramiento,3.142857142857143,1.3451854182690988,3.4,1.4298407059684815,5.583333333333333,2.6784776318353725,1.25,0.7071067811865476,1.25,0.7071067811865476,2.25,1.2817398889233114,3.0,1.0954451150103321,2.3333333333333335,0.8164965809277264,10.916666666666666,0.2886751345948248,4.0,1.118033988749895,azoramiento
azorarse,1.5714285714285714,0.7867957924694432,3.5,1.224744871391589,5.9,1.1005049346146107,1.7142857142857142,0.4879500364742663,1.875,1.1259916264596033,3.0,1.0,2.6666666666666665,1.224744871391589,2.4,1.1401754250991378,11.0,0.0,4.2,1.1352924243950933,azorarse
bajón,3.238095238095238,1.7292993351285917,1.8076923076923077,0.9805806756909201,1.64,0.9073771725877467,1.0,0.0,2.05,1.0500626547722611,2.3333333333333335,1.3165611772087666,3.3636363636363638,1.0021621646864367,4.285714285714286,0.9561828874675147,9.0,1.6733200530681511,3.782608695652174,1.5942088872806428,bajon
benevolencia,2.2,1.4735767952260146,,,,,,,,,,,,,,,10.285714285714286,1.270545439677665,,,benevolencia
benevolente,2.6842105263157894,1.335524515310053,6.777777777777778,1.2628425245572243,3.619047619047619,1.9358768162305804,3.25,1.1254628677422756,1.105263157894737,0.4588314677411236,1.2857142857142858,0.7171371656006361,1.3333333333333333,0.5940885257860046,1.7777777777777777,1.165966176260275,10.285714285714286,1.101946330038678,3.772727272727273,1.6310037278231957,benevolente
benévolo,2.4375,1.3647344063956182,6.25,2.016597794967223,3.590909090909091,2.0853021000528553,3.0555555555555554,1.161754364146905,1.2105263157894737,0.5353033790313109,1.0526315789473684,0.22941573387056158,1.4210526315789473,0.8377078165833909,1.368421052631579,0.6839855680567692,9.95,1.7614288458372,4.782608695652174,1.6775664663469694,benevolo
bienestar,3.2,1.361114094757441,,,,,,,,,,,,,,,,,,,bienestar
bienhumorado,3.5238095238095237,1.3645163106041502,7.2,1.2814465510343758,4.45,2.7999060134601885,4.35,0.8750939799154209,1.1153846153846154,0.325812593608421,1.15,0.48936048492959294,1.1,0.3077935056255463,1.05,0.22360679774997888,9.666666666666666,1.7822655773580136,4.304347826086956,1.7693034738587656,bienhumorado
bochorno,3.5238095238095237,1.4703417160322843,,,,,,,,,,,,,,,,,,,bochorno
bondad,2.5,1.4689774459950382,,,,,,,,,,,,,,,,,,,bondad
bondadoso,3.0,1.3416407864998738,,,,,,,,,,,,,,,,,,,bondadoso
buena,2.5,1.5727950313140984,,,,,,,,,,,,,,,,,3.2,2.30788123383195,buena
bueno,2.0454545454545454,1.3265520192364337,,,,,,,,,,,,,,,2.5217391304347827,1.3097385310674972,3.3181818181818183,1.835791347111613,bueno
burlado,2.3181818181818183,1.4271638086766831,2.5789473684210527,1.6437014284732228,6.173913043478261,1.3366230825562366,1.1578947368421053,0.37463432463267765,1.9130434782608696,1.040674758303078,3.736842105263158,0.9911892555667039,2.6666666666666665,1.3165611772087664,3.5,1.4327007988227578,7.2,1.7350868323485935,3.5294117647058822,1.504893977113651,burlado
cabizbajo,3.45,1.4680814547887784,2.05,1.190974832912761,3.7,2.1545545393788235,1.2777777777777777,0.5745131499601416,1.4444444444444444,0.8915558282417286,2.1,1.1192102478745307,2.15,1.2680278927697548,3.95,0.8255779474818962,9.2,1.7651599003161762,4.818181818181818,1.531770330800393,cabizbajo
cabreado,4.238095238095238,1.3001831372834327,2.6923076923076925,2.1310885625751133,2.32,1.2819256348686274,1.1,0.3077935056255463,1.9,1.1192102478745307,4.095238095238095,0.9952267030562383,3.1363636363636362,1.3556040489989463,2.9523809523809526,1.2440333788202984,5.3478260869565215,2.6390200600735034,5.238095238095238,1.4800257398019105,cabreado
cabrearse,4.090909090909091,0.9714540358261649,2.85,1.6944180805158295,7.666666666666667,1.1972189997378664,1.15,0.36634754853252327,1.9,1.1192102478745307,4.333333333333333,0.8563488385776759,3.05,1.1909748329127607,2.65,1.1821033884786187,6.619047619047619,2.2243244025139517,4.76,1.5077577170531515,cabrearse
cabreo,3.772727272727273,1.6310037278231957,2.3,1.1742858972247996,7.545454545454546,1.5653167252081772,1.05,0.22360679774997888,2.25,1.164157703189193,4.428571428571429,0.8701395618766328,3.2,1.3992479182911457,2.7,1.1742858972247994,,,5.08,1.4977761292440652,cabreo
cachondear,2.0476190476190474,1.0712698295103096,6.1,2.1001253095445214,6.5,1.371478173706159,3.75,0.910465468000326,1.5454545454545454,1.0107645728086347,2.2857142857142856,1.2305631695633161,1.3,0.7326950970650465,1.4545454545454546,0.8004327833694973,8.73913043478261,1.8881783261398675,4.857142857142857,1.388730149658827,cachondear
cachondeo,1.7619047619047619,0.9952267030562386,,,,,,,,,,,,,,,7.571428571428571,2.11119465164699,,,cachondeo
cachondez,2.4,1.353358395757909,6.5,1.6733200530681511,6.695652173913044,1.9641047604141233,3.6,0.8825799501580881,1.5454545454545454,0.9116846116771036,1.736842105263158,1.1470786693528088,1.3,0.4701623459816274,1.6842105263157894,1.2042808632793345,9.421052631578947,2.0362217046307487,4.090909090909091,1.7432616094439293,cachondez
cachondo,2.1363636363636362,1.2834274997778983,6.85,1.4964871146156,7.7727272727272725,1.3427696388548178,3.6,0.9403246919632549,1.85,1.1367080817685316,1.2857142857142858,0.560611910581388,1.25,0.4442616583193193,1.0,0.0,9.714285714285714,1.346954236151218,4.45,1.8202082009311027,cachondo
calma,3.6666666666666665,1.278019300845388,,,,,,,,,,,,,,,5.695652173913044,1.8447661248342473,,,calma
calmado,3.761904761904762,1.338086764928265,,,,,,,,,,,,,,,,,,,calmado
calmarse,2.9047619047619047,1.4458479140200706,6.65,1.7252002172135505,2.1666666666666665,0.9630868246861535,3.15,1.2680278927697552,1.0,0.0,1.15,0.48936048492959294,1.2857142857142858,0.7171371656006361,1.5,0.6882472016116853,5.85,1.7252002172135505,4.565217391304348,1.5616450230015826,calmarse
calmo,2.0,1.3093073414159542,,,,,,,,,,,,,,,7.277777777777778,2.420635685968255,4.285714285714286,1.6374732612530438,calmo
cansado,3.0,1.3038404810405297,,,,,,,,,,,,,,,,,4.7272727272727275,1.6382865085151268,cansado
cansancio,2.6666666666666665,1.3165611772087664,,,,,,,,,,,,,,,,,4.92,1.8912077270005714,cansancio
cansar,1.9090909090909092,1.019294382875251,,,,,,,,,,,,,,,5.095238095238095,1.7861904127153387,4.913043478260869,1.3454652280315154,cansar
capricho,1.9523809523809523,1.2031704150364766,,,,,,,,,,,,,,,,,,,capricho
caprichoso,2.4285714285714284,1.3627702877384937,,,,,,,,,,,,,,,,,,,caprichoso
cariño,3.590909090909091,1.402687587288227,,,,,,,,,,,,,,,,,,,carino
cariñoso,2.9047619047619047,1.4458479140200706,,,,,,,,,,,,,,,,,,,carinoso
cautela,2.15,0.9333020044867295,,,,,,,,,,,,,,,,,,,cautela
cauteloso,2.05,1.0990426455975697,,,,,,,,,,,,,,,9.434782608695652,1.878734752107041,4.571428571428571,1.660464650976605,cauteloso
cautivado,3.2857142857142856,1.3093073414159542,5.9,1.9166857359844658,5.136363636363637,2.3963355863535147,3.3,1.218281792655455,1.1818181818181819,0.5010810823432184,1.2857142857142858,0.560611910581388,1.6,1.1424811411549587,1.9047619047619047,1.0442586798663398,10.238095238095237,1.2208506012105629,3.6818181818181817,1.6150000335062247,cautivado
cautivar,2.3333333333333335,1.390443574307614,,,,,,,,,,,,,,,10.19047619047619,1.289148851725343,4.28,1.6206994374857626,cautivar
celo,2.8181818181818183,1.6223546566748692,,,,,,,,,,,,,,,,,,,celo
celos,2.8636363636363638,1.4241272864946195,,,,,,,,,,,,,,,,,,,celos
celoso,4.15,0.9333020044867298,,,,,,,,,,,,,,,6.142857142857143,1.9566735620873064,4.545454545454546,1.4712247158412488,celoso
cínico,2.6470588235294117,1.411611511296054,,,,,,,,,,,,,,,10.19047619047619,2.064438122566228,4.523809523809524,1.8873009198071096,cinico
cinismo,2.0,0.8819171036881969,,,,,,,,,,,,,,,10.75,0.7163503994113789,,,cinismo
cobarde,2.9047619047619047,1.338086764928265,,,,,,,,,,,,,,,,,4.92,1.3515423288475534,cobarde
cobardía,3.3333333333333335,1.2780193008453875,,,,,,,,,,,,,3.6363636363636362,1.0486024506776142,,,4.7,1.809332531771403,cobardia
codicia,2.210526315789474,0.9763280054720371,,,,,,,,,,,,,,,9.9,1.0711528467275944,,,codicia
codiciar,2.0588235294117645,1.2485285456935955,3.64,1.5513435037626793,3.7083333333333335,2.176538269955231,2.0,1.0540925533894598,2.625,1.2041594578792296,3.0,1.1055415967851334,2.7222222222222223,1.3197840980097757,2.823529411764706,1.4245742398014511,9.782608695652174,1.4757593342575295,4.15,1.4608937423083823,codiciar
codicioso,2.25,1.0645812948447542,,,,,,,,,,,,,,,,,,,codicioso
cohibición,3.263157894736842,1.4848159355870003,2.75,1.332784974957958,5.555555555555555,2.148110584901839,1.4210526315789473,0.6069769786668838,2.185185185185185,1.3019818336507984,3.0,1.4509525002200232,2.6315789473684212,1.1647854507156377,2.6,1.1876558069531231,10.571428571428571,1.1212238211627805,4.166666666666667,1.5048939771136507,cohibicion
cohibido,3.45,1.276302224561664,3.0,1.5217718205053643,5.25,2.0487480130686233,1.368421052631579,0.49559462778335195,1.4444444444444444,0.8915558282417286,2.4,0.99472291830968,2.4,1.2732056517228265,2.85,1.1367080817685318,9.75,1.6181535936466533,4.833333333333333,1.6329931618554525,cohibido
cohibirse,2.727272727272727,1.5175738212786565,2.5,1.2354415362426845,5.409090909090909,2.0391195791342547,1.4,0.5982430416161186,1.7272727272727273,0.9847319278346618,2.15,1.1367080817685316,2.5555555555555554,1.1490262999202832,3.1904761904761907,1.2090925365350504,9.347826086956522,1.8734677533720452,4.086956521739131,1.64905051133457,cohibirse
cólera,3.9523809523809526,1.5644868320376009,,,,,,,,,,,,,,,,,,,colera
colérico,4.421052631578948,1.017392608238455,2.6315789473684212,1.2115429242540035,7.809523809523809,1.503963018795595,1.1578947368421053,0.501459857121279,2.473684210526316,1.4286131990551607,4.157894736842105,1.3022697235014484,3.1578947368421053,1.2588865404147533,2.6470588235294117,1.2217393579743303,10.263157894736842,1.3267380744248873,4.619047619047619,1.7168631417847633,colerico
cómoda,2.5714285714285716,1.3627702877384937,,,,,,,,,,,,,,,,,,,comoda
comodidad,2.5714285714285716,1.2071217242444345,,,,,,,,,,,,,,,,,,,comodidad
cómodo,2.3333333333333335,1.460593486680443,,,,,,,,,,,,,,,,,,,comodo
compadecerse,3.2857142857142856,1.270545439677666,4.15,2.0332758116683998,4.35,2.1830688201896455,2.25,1.2513150976809202,1.4074074074074074,0.7970744227031974,2.0952380952380953,1.220850601210562,1.3,0.4701623459816274,3.15,1.1367080817685318,9.65,1.9540780569443936,3.736842105263158,1.9956092153402372,compadecerse
compasión,3.380952380952381,1.5961262630566069,,,,,,,,,,,,,,,8.80952380952381,1.6618979396776323,,,compasion
compasivo,2.9,1.2523661815266252,,,,,,,,,,,,,,,,,,,compasivo
complacencia,3.0,1.0954451150103321,,,,,,,,,,,,,,,10.666666666666666,0.966091783079292,4.260869565217392,1.6574183458386504,complacencia
complacerse,3.5238095238095237,1.123345344008138,7.4,1.6982963599783716,4.333333333333333,1.8336626845141692,3.75,1.118033988749895,1.3043478260869565,0.7029019463944166,1.05,0.22360679774997888,1.2857142857142858,0.6436503043467892,1.3,0.5712405705774795,9.523809523809524,1.6315344807587608,4.6,1.707825127659933,complacerse
complacido,2.65,1.3484884325167863,,,,,,,,,,,,,,,,,,,complacido
complaciente,2.5,1.1002392084403616,,,,,,,,,,,,,,,10.380952380952381,1.0235326314383126,3.8636363636363638,1.8072724659645996,complaciente
comprendido,2.272727272727273,1.4534628005401833,6.8076923076923075,1.7892843434005836,7.769230769230769,1.3056092005708986,4.35,0.745159820370595,1.0,0.0,1.1428571428571428,0.47809144373375756,1.2272727272727273,0.8691439785278706,1.1904761904761905,0.40237390808147816,6.6521739130434785,2.1021351840487834,4.434782608695652,1.5322617553657478,comprendido
comprensión,2.25,1.5852942612451615,,,,,,,,,,,,,,,6.565217391304348,1.7535959666437562,,,comprension
comprensivo,3.05,1.4680814547887784,,,,,,,,,,,,,,,7.666666666666667,2.198484326378821,4.25,1.9159991209755154,comprensivo
condescendencia,1.8,1.0327955589886446,,,,,,,,,,,,,,,10.95,0.22360679774995756,3.5789473684210527,1.6437014284732223,condescendencia
condescender,1.5,0.7071067811865476,4.142857142857143,1.5118578920369092,5.111111111111111,1.3672165321380638,1.5555555555555556,0.7264831572567788,1.5714285714285714,0.9376144618769909,1.6363636363636365,1.1200649331826502,1.6363636363636365,0.8090398349558906,2.0,1.0954451150103321,10.6,0.8280786712108211,3.5555555555555554,1.9165600993392005,condescender
condescendiente,1.6923076923076923,0.9473309334313418,,,,,,,,,,,,,,,10.666666666666666,0.6582805886043775,3.75,1.7129537431920892,condescendiente
condolecer,2.789473684210526,1.1822270588653647,3.0526315789473686,1.6823820483841196,4.666666666666667,2.439750182371333,1.3888888888888888,0.6978023391872253,1.4,0.8825799501580877,2.1333333333333333,1.245945806357946,2.0714285714285716,1.3847680013570567,3.526315789473684,0.9642741111341258,10.6875,1.0144785195688801,4.421052631578948,1.7099639201419237,condolecer
condolencia,2.95,1.5381123085406379,,,,,,,,,,,,,,,10.227272727272727,1.3068252399583555,4.4,1.984147702481637,condolencia
condolerse,3.0526315789473686,1.6490294859747157,2.6470588235294117,1.3200935795706035,5.166666666666667,1.855040827202527,1.263157894736842,0.5619514869490164,1.5625,1.0307764064044151,1.8,0.9411239481143201,2.3529411764705883,1.0571882797418486,3.736842105263158,0.9334586382051245,10.529411764705882,1.178857871990064,4.4,1.7647338933351158,condolerse
confiado,2.3333333333333335,1.3165611772087666,6.0,1.1697953037312037,3.4,2.5628931020687498,3.55,0.9445132413883324,1.3333333333333333,0.7337993857053428,1.5238095238095237,0.9283882603225668,1.3,0.8013147091860319,1.35,0.7451598203705945,7.55,2.1878853044122675,4.130434782608695,1.6321861476416717,confiado
confianza,2.8095238095238093,1.4703417160322843,,,,,,,,,,,,,,,,,,,confianza
confiar,2.1818181818181817,1.4354811251305466,,,,,,,,,,,,,,,,,,,confiar
conformarse,1.8095238095238095,1.123345344008138,4.0,1.6222142113076254,3.272727272727273,1.7232808737106584,1.75,0.910465468000326,2.05,1.234376040972246,1.4761904761904763,0.7496030695673291,1.85,0.8750939799154205,2.1,0.967906041546987,7.285714285714286,2.2168188275738077,4.2,2.0925934551223877,conformarse
conforme,2.15,1.0894228312566052,,,,,,,,,,,,,,,8.3,2.10513157483527,3.6363636363636362,1.6488222216523882,conforme
conformidad,2.0,1.1697953037312037,,,,,,,,,,,,,,,,,,,conformidad
confort,1.7,0.9787209698591859,,,,,,,,,,,,,,,,,4.318181818181818,1.6442211540614609,confort
confortable,2.4761904761904763,1.3645163106041502,,,,,,,,,,,,,,,8.217391304347826,1.7826568970635421,4.136363636363637,1.4895015000377534,confortable
confortado,3.35,1.1821033884786187,6.7,1.5593520921743182,3.1666666666666665,1.857222485950146,3.8421052631578947,1.0145145470035766,1.0909090909090908,0.4264014327112208,1.6842105263157894,1.3764944032233706,1.2380952380952381,0.7003400534570263,1.45,0.998683343734455,10.055555555555555,1.21132995564293,3.8947368421052633,1.8225359878204284,confortado
confortar,2.25,1.019545822516343,6.6,1.8467610337532767,3.5416666666666665,1.5874279625330667,3.5,0.9459053029269173,1.0952380952380953,0.43643578047198484,1.7,1.1285761872936695,1.380952380952381,0.6690433824641325,1.55,0.9445132413883327,9.6,1.5694450913417899,3.5217391304347827,1.6200326937607634,confortar
confundido,2.55,1.1459310165698637,,,,,,,,,,,,,,,,,,,confundido
confundirse,2.1,1.1652874052533586,3.576923076923077,1.419100473485283,2.9615384615384617,1.1482428046635162,1.5,0.6069769786668839,1.75,0.8506963092234007,2.4285714285714284,1.0757057484009542,2.6363636363636362,1.1769797726729994,2.2857142857142856,1.2305631695633161,6.428571428571429,2.226464205223802,4.523809523809524,1.6618979396776332,confundirse
confusión,2.7142857142857144,1.5212776585113297,,,,,,,,,,,,,,,,,,,confusion
confuso,3.238095238095238,1.51343192462568,,,,,,,,,,,,,,,,,4.24,1.614517471774978,confuso
congoja,3.642857142857143,1.3926810257774176,,,,,,,,,,,,,3.6666666666666665,1.3706888336846834,,,,,congoja
conmiseración,2.5,1.51657508881031,3.6,1.1401754250991383,5.222222222222222,2.1081851067789192,1.6666666666666667,1.2110601416389966,1.625,1.1877349391654208,1.25,0.5,1.75,0.9574271077563381,3.0,1.8257418583505538,10.285714285714286,1.889822365046137,4.166666666666667,2.2286019533929036,conmiseracion
conmiserativo,2.25,1.2583057392117916,5.0,0.8944271909999159,5.555555555555555,2.006932429798716,1.75,0.9574271077563381,1.0,,2.0,,1.5,0.7071067811865476,2.6666666666666665,1.5275252316519468,10.636363636363637,1.2060453783110527,2.75,1.2583057392117916,conmiserativo
conmocionado,3.619047619047619,1.3955712262794215,4.052631578947368,2.0942695414584778,6.954545454545454,1.2527027058580464,2.6,1.142481141154959,1.4545454545454546,1.0107645728086347,1.9523809523809523,1.023532631438318,2.1,1.1652874052533586,3.5238095238095237,1.123345344008138,9.35,1.52,4.05,1.731290969494334,conmocionado
conmovedor,2.85,1.3869694338832115,,,,,,,,,,,,,,,9.714285714285714,1.309307341415953,3.8260869565217392,1.5855074872402404,conmovedor
conmoverse,3.25,1.3717065820970682,5.4,2.1126187291456167,6.0,1.7994708216848747,2.7,1.1742858972247994,1.1363636363636365,0.6396021490668313,1.619047619047619,0.9206622874969125,1.4,0.8207826816681232,3.090909090909091,1.3769908845391445,9.8,1.2814465510343758,4.476190476190476,1.4703417160322843,conmoverse
conmovido,4.3,1.1285761872936693,5.0,1.8918106058538346,5.875,1.962972457668527,2.75,1.2513150976809202,1.2608695652173914,0.540823555863717,1.55,0.887041208323017,2.0,1.0954451150103321,3.1,0.9679060415469873,9.666666666666666,1.3540064007726613,3.6956521739130435,1.5206094056091057,conmovido
consentido,1.75,1.118033988749895,3.8,1.6415653633362464,4.954545454545454,2.2985973513318476,2.25,0.9665456669582609,2.75,1.292692009559488,2.142857142857143,1.108409413786904,1.45,0.7591546545162483,1.9,1.0208355710680808,8.428571428571429,1.8860389330930727,4.4,1.6026294183720637,consentido
consolado,2.7142857142857144,1.5212776585113297,,,,,,,,,,,,,,,,,4.095238095238095,1.6402671094904604,consolado
consolarse,3.0476190476190474,1.3592715135759479,5.5,1.9867985355975657,3.727272727272727,1.9804236723685977,2.5,1.1002392084403616,1.2272727272727273,0.685344416842342,1.4761904761904763,0.8728715609439697,1.35,0.5871429486123997,2.5454545454545454,1.262170191802038,8.142857142857142,2.174527863369755,,,consolarse
consternación,3.2941176470588234,1.3117119482928095,,,,,,,,,,,,,,,10.523809523809524,1.0304876330673602,4.0,1.620185174601965,consternacion
consternado,4.055555555555555,1.0556415513645345,2.85,1.496487114615601,5.578947368421052,2.2928824526173313,1.6470588235294117,0.7859052479933758,1.84,1.1430952132988164,2.5,1.2485285456935955,2.1666666666666665,1.2947859237091257,3.411764705882353,0.9393364366277245,10.666666666666666,0.6582805886043775,3.5454545454545454,1.7382879570557408,consternado
consternarse,3.1904761904761907,1.2891488517253398,2.6315789473684212,1.116070802004837,5.823529411764706,1.7760663739584408,1.9285714285714286,0.828741930164745,1.3333333333333333,0.6370220572706061,2.789473684210526,1.2727462594467418,2.4705882352941178,1.3746657347707991,3.588235294117647,0.9393364366277245,10.722222222222221,0.6691131580686973,3.4761904761904763,1.503963018795596,consternarse
consuelo,2.3,1.260743306232687,,,,,,,,,,,,,,,,,,,consuelo
contento,4.95,0.22360679774997894,,,,,,,,,,,,,,,3.0434782608695654,1.4917427535227872,,,contento
contrariado,2.6315789473684212,1.4609938138050445,2.9473684210526314,1.223550580642996,5.7894736842105265,1.7184924714030623,1.5555555555555556,0.7047921864945658,1.76,1.0519822558706333,3.388888888888889,0.9164438231805326,1.7777777777777777,1.165966176260275,2.6842105263157894,1.293257367998745,9.285714285714286,2.1712405933672367,3.727272727272727,1.6382865085151268,contrariado
contrariarse,2.4444444444444446,1.247219128924647,3.111111111111111,1.2313975269103985,6.45,1.5035046776746244,1.1666666666666667,0.3834824944236852,1.9,1.0711528467275953,2.5,0.985184366143778,2.263157894736842,0.9911892555667043,2.2222222222222223,1.0602749674192766,9.238095238095237,2.0470652628766364,4.315789473684211,2.05622717019268,contrariarse
contrariedad,1.4,0.7539370349250518,,,,,,,,,,,,,,,,,,,contrariedad
contrición,1.5555555555555556,0.8819171036881968,3.6666666666666665,2.345207879911715,5.0,2.0816659994661326,1.5,0.7559289460184544,1.25,0.5,1.5555555555555556,1.0137937550497031,1.8,0.8366600265340757,2.4444444444444446,1.4240006242195884,10.777777777777779,0.6666666666666762,4.4,1.5165750888103104,contricion
contrito,1.5,0.7071067811865476,4.5,0.7071067811865476,6.0,1.0,1.6666666666666667,1.1547005383792515,1.0,,1.5,0.7071067811865476,1.0,0.0,2.5,2.1213203435596424,11.0,0.0,2.25,1.2583057392117916,contrito
conturbación,2.0,1.247219128924647,2.0,1.4142135623730951,5.142857142857143,1.864454471471609,1.375,0.7440238091428449,1.5,0.5773502691896257,2.6,1.341640786499874,2.4444444444444446,1.130388330520878,2.6,0.8944271909999163,10.909090909090908,0.30151134457777734,4.25,1.5,conturbacion
conturbado,3.0,2.1908902300206643,3.6666666666666665,1.0327955589886442,6.5,0.5773502691896257,1.4545454545454546,0.5222329678670934,1.4545454545454546,1.0357254813546264,1.75,0.5,1.8333333333333333,1.169045194450012,2.4,0.547722557505166,10.222222222222221,1.394433377556792,4.6,1.6465452046971294,conturbado
conturbarse,2.25,1.5,3.7142857142857144,1.1126972805283737,6.0,1.0,1.5,0.7559289460184544,2.1666666666666665,1.3291601358251257,2.6666666666666665,1.5275252316519468,2.4,1.3416407864998738,1.8,0.8366600265340757,11.0,0.0,3.875,1.807721533549109,conturbarse
coraje,3.142857142857143,1.3147514702678331,,,,,,,,,,,,,,,,,,,coraje
cuidadoso,2.1,1.0208355710680808,6.45,1.5381123085406387,2.65,2.158825216591069,3.15,1.1367080817685318,1.1111111111111112,0.4236592728681616,1.0952380952380953,0.30079260375911926,1.25,0.7863975156570492,1.2,0.5231483637805969,6.173913043478261,1.9920791768000383,4.857142857142857,1.82443729093971,cuidadoso
culpa,3.590909090909091,1.4690162211523254,,,,,,,,,,,,,,,,,,,culpa
culpabilidad,4.142857142857143,1.3522468075656262,,,,,,,,,,,,,,,7.434782608695652,1.902775173183578,,,culpabilidad
culpable,4.0,1.0488088481701516,,,,,,,,,,,,,,,,,,,culpable
culparse,3.4285714285714284,1.325572652532805,3.1153846153846154,2.0065278084676144,1.9615384615384615,1.0384900280992295,1.2,0.5231483637805969,2.3,1.260743306232687,3.2857142857142856,1.1019463300386794,3.6363636363636362,1.176979772672999,3.9523809523809526,1.0712698295103098,6.85,1.7851728502481645,4.714285714285714,1.647508942095828,culparse
curiosear,1.7,1.260743306232687,5.6,1.6982963599783716,6.083333333333333,1.2481870911416906,2.95,1.1459310165698637,1.1304347826086956,0.344350221575091,1.3,0.4701623459816274,1.3333333333333333,0.6582805886043832,1.3,0.7326950970650465,7.380952380952381,2.0609752661347125,4.476190476190476,1.6917165134574887,curiosear
curiosidad,2.4761904761904763,1.4006801069140526,,,,,,,,,,,,,,,,,,,curiosidad
curioso,2.272727272727273,1.2792042981336627,,,,,,,,,,,,,,,,,,,curioso
dañado,3.25,1.2513150976809202,1.85,1.2258187382102494,6.2727272727272725,1.881787857630488,1.05,0.22360679774997888,1.9545454545454546,0.9989171626493849,3.7142857142857144,1.1464230084422216,3.35,1.3484884325167863,3.727272727272727,1.1621744062959531,7.476190476190476,1.9136103997169223,4.478260869565218,1.562910025252757,danado
dañar,2.1363636363636362,1.4241272864946195,,,,,,,,,,,,,,,,,,,danar
dañino,2.409090909090909,1.3683180815491593,,,,,,,,,,,,,,,,,,,danino
daño,2.65,1.4608937423083823,,,,,,,,,,,,,,,,,,,dano
decaer,2.5,1.4719601443879744,,,,,,,,,,,,,,,9.6,1.8750438591361558,4.142857142857143,1.7113069358158484,decaer
decaído,4.25,0.9665456669582609,1.65,0.7451598203705945,4.090909090909091,2.447721796148817,1.0,0.0,1.6363636363636365,0.9534625892455924,2.0,0.9733285267845752,2.7,1.4545753585442762,3.909090909090909,1.019294382875251,9.666666666666666,1.4944341180973275,4.0,1.5735915849388864,decaido
decaimiento,2.727272727272727,1.4203225046854737,,,,,,,,,,,,,,,,,3.8260869565217392,1.8003073957987252,decaimiento
decepción,3.9047619047619047,1.3749458863810566,,,,,,,,,,,,,4.4,0.5982430416161193,,,,,decepcion
decepcionado,3.6818181818181817,1.3933981633253434,1.75,0.9665456669582609,5.2727272727272725,2.413884799827827,1.1,0.3077935056255463,1.9090909090909092,1.1087999050492514,2.7142857142857144,1.5212776585113297,2.9,1.4832396974191329,4.2727272727272725,0.7672969364884688,7.571428571428571,1.5675276256394512,3.739130434782609,1.4837725660181156,decepcionado
decepcionante,3.4285714285714284,1.4342743312012722,,,,,,,,,,,,,,,8.619047619047619,1.5961262630566069,4.523809523809524,1.6618979396776332,decepcionante
decepcionarse,3.727272727272727,1.3516063875403324,2.15,1.4608937423083819,6.0,2.3169853371636986,1.05,0.22360679774997888,2.2222222222222223,1.2506408613597124,3.4761904761904763,0.9807674351775563,2.4,1.429022485182754,4.25,0.910465468000326,8.380952380952381,2.0365704131257156,3.652173913043478,1.4015801359431272,decepcionarse
decidido,2.0454545454545454,1.2527027058580456,6.884615384615385,1.7280491446003055,7.730769230769231,1.079173472902008,4.1,0.8522416262267907,1.05,0.22360679774997888,1.7619047619047619,1.1791845447071423,1.2272727272727273,0.685344416842342,1.2857142857142858,0.560611910581388,,,4.190476190476191,1.6618979396776332,decidido
defraudado,3.45,1.1909748329127607,1.9,0.9119095061289914,6.090909090909091,2.3484359721209174,1.05,0.22360679774997888,2.45,1.3168942730211068,3.380952380952381,0.8047478161629569,2.8,1.1964860832322373,4.3,0.6569466853317858,9.380952380952381,1.3592715135759479,4.52,1.584297951775486,defraudado
defraudarse,3.4285714285714284,1.2071217242444345,2.25,1.6181535936466533,6.090909090909091,1.9495809295501954,1.0,0.0,2.45,1.3168942730211068,3.0952380952380953,1.0442586798663394,3.15,1.1821033884786187,4.15,0.745159820370595,8.217391304347826,2.0439827818864367,4.190476190476191,1.435933411375598,defraudarse
degradación,2.1904761904761907,1.3273676061682242,,,,,,,,,,,,,,,10.2,1.2396943596157677,,,degradacion
degradado,1.7894736842105263,1.1822270588653645,3.423076923076923,1.6043210881385792,2.8846153846153846,2.3208088775583926,1.4,0.7539370349250518,2.6,1.465390194130093,2.0,1.2649110640673518,2.6,1.391704747876919,2.9523809523809526,1.203170415036477,9.571428571428571,1.4342743312012718,4.0,1.7795130420052185,degradado
degradar,2.0,1.0,,,,,,,,,,,,,,,10.476190476190476,0.7496030695673348,3.782608695652174,1.756973682711022,degradar
deleitado,3.0714285714285716,1.2066664642907563,6.2105263157894735,1.512134156615192,3.6315789473684212,2.2412924425129126,3.25,1.0645812948447542,1.32,0.6904105059069325,1.6111111111111112,0.9164438231805327,1.588235294117647,1.0036697371030325,1.3333333333333333,0.6859943405700354,10.043478260869565,1.7183041552532186,4.5,1.4446302370292303,deleitado
deleitarse,2.2941176470588234,1.212678125181665,6.68,1.8867962264113214,7.608695652173913,1.3730897618404805,3.473684210526316,1.4669856112538153,1.3157894736842106,0.8200698871944031,1.6,0.8207826816681232,1.3,0.5712405705774795,1.5294117647058822,1.0675700831106785,10.5,0.7071067811865476,3.8181818181818183,1.531770330800393,deleitarse
deleite,2.3529411764705883,1.5387160422974504,,,,,,,,,,,,,,,,,4.0,1.8353258709644942,deleite
delirante,2.4761904761904763,1.2090925365350504,,,,,,,,,,,,,,,10.095238095238095,1.3749458863810577,3.95,1.8771478925557026,delirante
delirar,2.05,1.2763022245616642,2.95,1.5719582155957412,6.045454545454546,1.9390049664042281,1.4,0.6805570473787205,1.65,0.8127277008872489,1.8095238095238095,1.0304876330673562,3.2,1.1516578439248715,2.7,1.3803127029389886,9.761904761904763,1.3749458863810577,4.15,1.8431951662948316,delirar
delirio,2.15,1.2258187382102494,,,,,,,,,,,,,,,,,,,delirio
deplorable,2.5555555555555554,1.293523333527109,,,,,,,,,,,,,,,10.8,0.41039134083405,4.55,1.848897253129978,deplorable
deplorado,3.5,1.6787441193290353,2.4545454545454546,1.5075567228888183,5.166666666666667,1.8504708655481248,1.4666666666666666,0.7432233529572065,1.7777777777777777,0.8333333333333335,2.4615384615384617,0.9674179220468451,2.4,1.3498971154211057,3.2142857142857144,0.9749612559222294,10.411764705882353,1.5024489812224786,4.0,1.4638501094227998,deplorado
deplorar,2.4,1.0749676997731399,2.9375,1.3889444433333777,2.588235294117647,1.2277430273377532,1.4545454545454546,0.5222329678670934,2.5,1.4605934866804429,2.5454545454545454,1.1281521496355327,2.8,1.3165611772087664,2.4615384615384617,1.5063966175050874,10.818181818181818,0.404519917477958,4.583333333333333,1.9286515936521476,deplorar
depresión,4.2,1.2396943596157712,,,,,,,,,,,,,,,,,,,depresion
depresivo,4.1,1.209610637658599,1.7,1.1285761872936695,4.65,2.7003898354048617,1.0,0.0,1.9259259259259258,1.2065821380413584,2.5238095238095237,1.2497618820818477,2.9,1.5183093090324966,4.65,0.5871429486124002,,,4.65,1.7851728502481654,depresivo
deprimente,3.5238095238095237,1.3273676061682242,,,,,,,,,,,,,4.523809523809524,0.6015852075182385,8.391304347826088,1.971135584903065,3.3636363636363638,1.4324622340390172,deprimente
deprimido,4.55,0.6863327411532593,,,,,,,,,,,,,,,,,4.409090909090909,1.790426682561368,deprimido
deprimirse,4.15,1.0894228312566057,1.5,0.8271701918685112,5.125,2.4013130466113926,1.0,0.0,1.8695652173913044,1.2899734960662406,1.95,0.8255779474818966,3.0,1.4142135623730951,4.6,0.9403246919632549,8.761904761904763,1.640267109490461,4.3,1.688973528196155,deprimirse
derrota,2.1818181818181817,1.2960145368218983,,,,,,,,,,,,,,,,,,,derrota
derrotado,3.5,1.2354415362426845,1.85,0.9880869341680842,4.181818181818182,2.7016108710732745,1.05,0.22360679774997888,2.1,1.4832396974191324,3.0476190476190474,1.1169686869465267,2.75,1.0699237552766379,3.8,0.9514531821875085,6.9523809523809526,2.0118695404073916,4.4,1.8180382718454353,derrotado
derrotar,2.2,1.3611140947574412,,,,,,,,,,,,,,,6.9,1.9708400559953583,4.173913043478261,1.6963108075265054,derrotar
desafecto,2.5714285714285716,1.5675276256394517,2.5789473684210527,1.5024346712987118,5.0,2.224268064117415,1.1578947368421053,0.37463432463267765,1.8846153846153846,1.1428708790383306,3.0476190476190474,1.0712698295103098,2.611111111111111,1.5005445634595809,3.7,1.218281792655455,9.545454545454545,2.1095536139706077,3.4347826086956523,1.5322617553657478,desafecto
desafiante,1.95,0.998683343734455,,,,,,,,,,,,,,,8.08695652173913,2.172410547970343,4.904761904761905,1.5461164867099082,desafiante
desafiar,2.142857142857143,1.1526367287968176,,,,,,,,,,,,,,,,,,,desafiar
desafío,1.7,1.0809352675491624,,,,,,,,,,,,,,,,,,,desafio
desafortunado,1.95,0.9445132413883327,,,,,,,,,,,,,,,8.7,1.6254554017744987,4.0,2.077447826946374,desafortunado
desagradable,3.3636363636363638,1.3988244910316507,,,,,,,,,,,,,,,,,,,desagradable
desagradarse,3.6666666666666665,1.0645812948447546,2.65,1.496487114615601,6.0,1.7167901505579042,1.05,0.22360679774997888,3.185185185185185,1.468569084753985,3.142857142857143,1.3147514702678331,2.55,1.276302224561664,3.5,1.0,9.0,1.6733200530681511,4.0,1.6418441381303657,desagradarse
desagrado,4.0476190476190474,1.321975433818287,,,,,,,,,,,,,,,,,,,desagrado
desahogado,3.0952380952380953,1.4458479140200706,6.8,1.9084300519426687,4.0,2.449489742783178,3.3,1.080935267549162,1.1363636363636365,0.46756252909607565,2.142857142857143,1.3522468075656264,1.7,0.9787209698591859,2.0454545454545454,1.2140947137789433,8.26086956521739,2.220102194706522,3.9130434782608696,1.6212521389419092,desahogado
desahogarse,2.3333333333333335,1.460593486680443,6.95,1.1909748329127618,4.636363636363637,2.0827055331136797,3.5,1.0,1.2272727272727273,0.8691439785278706,2.5238095238095237,1.4006801069140526,1.4,0.7539370349250518,2.409090909090909,1.2212051389271137,8.523809523809524,2.358369089414284,4.64,1.7291616465790582,desahogarse
desahogo,2.4545454545454546,1.503243247029655,,,,,,,,,,,,,,,8.652173913043478,1.8734677533720452,,,desahogo
desairado,2.75,1.3416407864998738,3.409090909090909,1.402687587288227,3.0869565217391304,1.7032867552913658,1.7142857142857142,0.9138735334633753,2.0,1.0,1.8888888888888888,1.1318329168362204,2.3157894736842106,1.1081832770072813,2.076923076923077,1.1151635501529555,10.15,1.4244112357114649,3.5789473684210527,1.5024346712987116,desairado
desairar,1.6363636363636365,0.8090398349558906,3.3333333333333335,1.5811388300841898,5.142857142857143,1.65748386032949,1.5454545454545454,0.6875516509523286,1.6666666666666667,0.8997354108424375,2.7,1.6363916944844767,1.4615384615384615,0.8770580193070292,2.4,1.429840705968481,10.357142857142858,1.3363062095621239,2.764705882352941,1.147247344990711,desairar
desaire,2.2941176470588234,1.1599949289950011,3.0625,1.4818344486930155,4.944444444444445,1.830211245352399,1.875,0.8850612031567836,1.5,0.7977240352174656,1.8888888888888888,1.2782749814122838,1.6428571428571428,0.744946343668492,2.4545454545454546,0.9341987329938279,10.428571428571429,0.7559289460184495,3.176470588235294,1.1850788010532811,desaire
desalentado,3.3684210526315788,1.116070802004837,2.4705882352941178,1.4194033543545475,4.45,2.0641042405337657,1.4444444444444444,0.7047921864945658,1.6842105263157894,0.8200698871944031,2.0,1.025978352085154,2.176470588235294,1.1850788010532811,3.4761904761904763,0.9807674351775563,10.5,0.816496580927726,4.380952380952381,1.6271505915615334,desalentado
desalentador,2.5,1.2485285456935955,2.2777777777777777,1.0178151661369075,5.65,1.7554426642213121,1.263157894736842,0.5619514869490164,1.411764705882353,0.8702602720890289,2.210526315789474,1.0316624861746777,2.2222222222222223,1.0602749674192766,3.8333333333333335,0.7859052479933758,9.772727272727273,1.6883866117241502,3.1818181818181817,1.5317703308003934,desalentador
desalentarse,2.1333333333333333,1.4074631010979937,2.9411764705882355,1.519481335657587,4.85,2.433861994963214,1.2666666666666666,0.5936168397046637,1.9375,1.2365947867699696,2.2,0.894427190999916,2.6315789473684212,1.2115429242540035,3.235294117647059,1.147247344990711,10.736842105263158,0.9334586382051262,3.727272727272727,1.5790840679034457,desalentarse
desaliento,2.6,1.5355437918998291,,,,,,,,,,,,,,,9.818181818181818,1.6800329825663638,,,desaliento
desamor,3.55,1.5381123085406379,,,,,,,,,,,,,,,,,,,desamor
desamparado,2.6363636363636362,1.5289415743128767,2.15,0.9880869341680842,5.409090909090909,2.363594738228212,1.1,0.3077935056255463,1.7,0.9787209698591859,2.25,1.2085223687584246,2.75,1.2085223687584246,4.368421052631579,0.4955946277833527,10.19047619047619,1.0779168622415973,4.2,1.8806493839265088,desamparado
desamparar,2.142857142857143,1.2363540870525032,3.4,1.5,2.24,1.2342339054382412,1.25,0.5501196042201808,2.05,1.190974832912761,2.4761904761904763,0.9807674351775563,3.15,1.1821033884786187,3.4761904761904763,1.1670067531530235,10.19047619047619,1.3273676061682274,3.857142857142857,1.2761549390929878,desamparar
desamparo,2.8947368421052633,1.5236920380774406,,,,,,,,,,,3.3684210526315788,1.116070802004837,,,,,,,desamparo
desanimado,4.666666666666667,0.7302967433402222,,,,,,,,,,,,,,,,,4.5,1.5727950313140984,desanimado
desanimarse,4.095238095238095,1.0910894511799616,2.0,0.7254762501100116,4.181818181818182,2.383202400060406,1.1,0.3077935056255463,1.4545454545454546,0.6709817063202619,2.0,1.2649110640673518,2.4,1.2732056517228265,3.8181818181818183,1.139605764596379,7.904761904761905,1.75797502555531,4.619047619047619,1.430950400125402,desanimarse
desánimo,4.3,0.8645047258706172,,,,,,,,,,,,,,,,,,,desanimo
desaprensión,2.75,1.2909944487358056,3.4705882352941178,1.699913492608651,4.882352941176471,2.1471595463884507,1.4705882352941178,0.6242642728467978,1.7894736842105263,1.2727462594467416,2.2,1.1352924243950935,2.4285714285714284,1.2224996910042534,2.6153846153846154,1.386750490563073,10.391304347826088,1.6163688382741932,3.875,1.746424919657298,desaprension
desaprensivo,2.4210526315789473,1.5389675281277313,4.0,1.9364916731037085,5.15,1.7252002172135505,1.7222222222222223,0.7519039015221182,2.0,1.2535663410560174,2.526315789473684,1.2635233389495326,2.2222222222222223,1.3085940167422419,3.1176470588235294,1.0537049480984029,10.85,0.670820393249944,3.8095238095238093,1.600595127415038,desaprensivo
desaprobación,1.7272727272727273,1.1204513623586057,,,,,,,,,,,,,,,9.047619047619047,1.7168631417847633,4.0,1.6787441193290353,desaprobacion
desaprobado,2.5,1.3178930553209385,3.3,1.5927467172350904,6.0,1.318760946791574,1.15,0.36634754853252327,1.608695652173913,0.9409439377939296,3.1,1.2523661815266252,2.6,1.046296727561194,3.75,1.118033988749895,9.761904761904763,1.5134319246256809,3.8947368421052633,1.8225359878204284,desaprobado
desaprobar,1.95,1.190974832912761,2.3684210526315788,1.1160708020048367,5.954545454545454,1.9634098795153183,1.4,0.5982430416161186,1.8181818181818181,1.0527227119356304,2.6666666666666665,1.1547005383792512,2.65,1.4244112357114618,3.227272727272727,1.0203555954301136,9.0,2.1908902300206643,4.130434782608695,1.740019535577036,desaprobar
desasosegado,2.6470588235294117,0.9314757424772419,2.8125,1.2763881332363862,5.095238095238095,2.095346317551395,2.0,1.0760551736979407,1.4736842105263157,0.7723284457212329,1.8235294117647058,0.8828430011649196,2.2666666666666666,1.1629191512658792,3.176470588235294,1.0145993123917847,10.5,1.5727950313140984,3.409090909090909,1.6230216062021892,desasosegado
desasosegarse,2.8823529411764706,1.363925994197287,4.705882352941177,1.7235394498804244,4.238095238095238,2.3217399058628834,2.823529411764706,1.1850788010532811,1.6842105263157894,0.9459053029269173,2.65,0.9880869341680846,1.8421052631578947,0.8983415518941831,2.5,1.2649110640673518,10.294117647058824,1.6110829386763785,3.727272727272727,1.608957609368435,desasosegarse
desasosiego,3.5,1.2773327473170102,,,,,,,,,,,,,,,,,,,desasosiego
desazón,2.6363636363636362,1.747725795010606,,,,,,,,,,,,,,,,,,,desazon
desazonado,2.9,1.370320319406298,3.5294117647058822,1.5857824196127734,4.705882352941177,2.3917751222249377,1.4285714285714286,0.5135525910130954,1.5333333333333334,0.9154754164341269,2.5555555555555554,0.7264831572567788,2.0833333333333335,1.2401124093721454,3.0,1.1094003924504583,10.5,1.1002392084403616,4.6875,1.6214705259938174,desazonado
desazonarse,2.8181818181818183,1.1677484162422846,3.2142857142857144,1.3114039117603014,5.176470588235294,1.9440709258424405,1.6,0.7367883976130073,1.5384615384615385,0.6602252917735247,3.0,0.8944271909999159,1.6,0.9102589898327995,3.142857142857143,1.2924123453177283,10.8,0.5606119105813939,3.3529411764705883,1.3200935795706035,desazonarse
desconcertado,3.619047619047619,1.5321941938341392,3.15,0.9880869341680846,5.318181818181818,2.0327406701383803,1.4,0.5982430416161186,1.6,0.9403246919632544,1.8095238095238095,0.9283882603225668,2.35,1.1367080817685316,2.45,1.1459310165698642,9.0,1.82,3.6818181818181817,1.756250433285522,desconcertado
desconcertante,2.8,1.3992479182911457,,,,,,,,,,,,,,,9.761904761904763,1.3001831372834338,3.739130434782609,1.8394018618796069,desconcertante
desconcertarse,2.238095238095238,1.0910894511799618,3.25,1.292692009559488,5.75,2.2682012349227887,1.8421052631578947,0.6882472016116853,1.7037037037037037,1.1029615662044696,2.4285714285714284,1.2071217242444345,1.8,1.0052493799000692,2.55,1.431782106327635,8.68421052631579,2.001461454341896,3.9130434782608696,1.44326156762008,desconcertarse
desconcierto,3.0,1.3416407864998738,,,,,,,,,,,,,,,9.95,1.4317821063276361,,,desconcierto
desconfiado,3.380952380952381,1.203170415036477,2.75,1.4095538674570611,6.363636363636363,2.4406372030086647,1.2,0.4103913408340616,1.6363636363636365,1.0021621646864367,3.0,1.0,2.6,1.2732056517228267,3.227272727272727,1.1097755320792273,7.35,1.3869694338832106,4.666666666666667,1.6532795690182995,desconfiado
desconfianza,3.090909090909091,1.5402254290506867,,,,,,,,,,,,,,,,,,,desconfianza
desconfiar,3.142857142857143,1.3147514702678331,,,,,,,,,,,,,,,8.238095238095237,1.8413245749938256,,,desconfiar
desconsolado,4.333333333333333,0.8563488385776759,2.230769230769231,1.478044446089286,1.6538461538461537,0.7452413135250994,1.05,0.22360679774997888,1.85,0.9333020044867295,2.5714285714285716,1.0281745265969475,3.1363636363636362,1.2069423999139135,3.9523809523809526,0.9734572654303054,9.380952380952381,1.4992061391346583,4.428571428571429,1.7196345126633328,desconsolado
desconsolarse,3.619047619047619,1.3592715135759479,3.35,2.3457688673327066,5.2,2.39736697671688,1.4,0.5026246899500344,1.6538461538461537,1.0561177090573832,2.3333333333333335,1.3540064007726602,2.05,1.1459310165698642,3.6842105263157894,1.2495613265350085,9.473684210526315,1.4286131990551598,4.380952380952381,1.430950400125402,desconsolarse
desconsuelo,3.619047619047619,1.203170415036477,,,,,,,,,,,,,,,,,,,desconsuelo
descontentar,2.8,1.472555959083246,2.6,1.9029063643750177,4.7,2.2501461940809184,1.4,0.6805570473787205,1.8846153846153846,1.1428708790383306,2.761904761904762,1.179184544707142,2.0,1.3377121081198773,3.3,1.3416407864998736,8.619047619047619,1.9615348703551125,4.0,1.699673171197595,descontentar
descontento,4.380952380952381,0.8047478161629569,,,,,,,,,,,,,,,,,,,descontento
descorazonado,3.65,1.3088765773505318,2.5,1.1002392084403616,6.0,2.176428750330035,1.3,0.5712405705774795,1.962962962962963,1.285465539180904,2.75,1.292692009559488,2.0,1.1239029738980326,4.105263157894737,0.7374684055081998,10.35,1.3484884325167896,4.45,1.7910596686995397,descorazonado
descorazonarse,3.0,1.2909944487358056,2.4,1.465390194130093,5.619047619047619,2.355338414669758,1.1578947368421053,0.501459857121279,1.6666666666666667,1.1972189997378646,2.15,1.3088765773505315,2.9473684210526314,0.9703197760719181,3.5,0.9235481451827989,10.578947368421053,0.6924826089821208,3.8636363636363638,1.8592229443264612,descorazonarse
descuidado,1.35,0.5871429486123997,2.923076923076923,1.3541957590563314,2.230769230769231,1.210212950110593,1.3,0.5712405705774795,3.0,1.4509525002200232,2.761904761904762,1.1359912809859898,2.3636363636363638,1.2167659925061518,2.7142857142857144,1.346954236151219,6.809523809523809,2.0154167712671143,4.1,1.5183093090324966,descuidado
descuidarse,1.7619047619047619,1.0910894511799618,2.45,1.0990426455975697,4.818181818181818,2.084783045383942,1.2,0.4103913408340616,2.6,1.5355437918998291,1.8,0.9514531821875089,2.15,1.0894228312566052,2.9,1.119210247874531,7.95,1.7614288458372,4.0476190476190474,1.4992061391346583,descuidarse
descuido,1.4285714285714286,0.8701395618766321,,,,,,,,,,,,,,,,,4.181818181818182,1.5625487005397434,descuido
desdén,2.0714285714285716,1.0716117059605352,,,,,,,,,,,,,,,,,,,desden
desdeñado,2.909090909090909,1.4459976109624424,2.9285714285714284,0.9972489631508747,4.444444444444445,1.688097509806344,1.2142857142857142,0.42581531362632014,1.9166666666666667,1.5642792899510294,1.9166666666666667,0.792961461098759,2.3333333333333335,1.0,2.9166666666666665,1.3789543689024493,10.444444444444445,1.1991282236408332,3.6,1.6026294183720637,desdenado
desdeñar,2.2222222222222223,1.3017082793177759,4.0,1.5275252316519468,5.923076923076923,1.1151635501529549,1.3636363636363635,0.8090398349558906,1.5714285714285714,0.7867957924694432,3.1,1.370320319406298,2.4444444444444446,1.2360330811826103,3.0,1.2649110640673518,10.86,0.36,3.625,1.6683325008322931,desdenar
desdicha,2.6666666666666665,1.2833778958394957,,,,,,,,,,,,,,,,,,,desdicha
desdichado,3.263157894736842,1.2401659953032225,,,,,,,,,,,,,3.764705882352941,1.393261092038472,10.476190476190476,1.3645163106041536,3.4545454545454546,1.4050003466284176,desdichado
desear,2.9047619047619047,1.4108423691100964,,,,,,,,,,,,,,,,,,,desear
desenamorado,3.5238095238095237,1.4703417160322843,2.65,1.1821033884786187,5.409090909090909,2.481533529495151,1.6,0.8207826816681232,1.7,0.9233805168766387,2.238095238095238,1.0910894511799618,1.9,1.0711528467275953,3.5,1.1920791213585393,8.409090909090908,2.108013980912589,4.363636363636363,1.9891480479617285,desenamorado
desenamorarse,4.0,0.7745966692414834,2.3,1.1285761872936695,6.208333333333333,1.744037461371363,1.2,0.4103913408340616,1.8695652173913044,1.3247417527437,2.3,1.0809352675491624,2.7142857142857144,1.2305631695633157,3.55,1.356271980175999,8.952380952380953,1.7168631417847633,4.217391304347826,1.5361262299910132,desenamorarse
desencantado,2.75,1.5852942612451615,2.85,1.6311119875071343,5.318181818181818,2.417916530056475,1.3,0.5712405705774795,1.8,1.0563093645728086,1.9523809523809523,0.9206622874969125,1.85,0.8127277008872489,3.45,0.9986833437344547,8.761904761904763,1.75797502555531,3.409090909090909,1.7087754152940695,desencantado
desencantarse,2.9523809523809526,1.283596138829908,2.85,1.496487114615601,5.791666666666667,1.5030162910010305,1.4,0.7539370349250518,1.6956521739130435,1.0632190661423897,1.7894736842105263,1.0316624861746775,2.4,0.99472291830968,2.7,1.3018205875255096,8.68421052631579,2.029029094007153,4.25,1.7507762253652943,desencantarse
desencanto,2.590909090909091,1.5934117606447615,,,,,,,,,,,,,,,9.4,1.5355437918998283,,,desencanto
desenfadado,3.090909090909091,1.3419634126405238,,,,,,,,,,,,,,,,,3.5454545454545454,1.7382879570557408,desenfadado
desenfadarse,2.5714285714285716,1.2873006086935783,6.2105263157894735,1.5484381869204367,2.9047619047619047,1.51343192462568,3.8421052631578947,0.9581903020646583,1.1578947368421053,0.501459857121279,1.5714285714285714,0.8106434833777776,1.4,0.6805570473787205,1.2,0.4103913408340616,6.565217391304348,2.5906490404130174,4.416666666666667,1.6659418713870477,desenfadarse
desenfado,2.9,1.2937094768634558,5.9,1.4104870379448808,3.25,1.9159991209755154,3.0526315789473686,1.26814318375447,1.2592592592592593,0.5256931389634796,1.4285714285714286,0.746420027292179,1.4,0.9403246919632544,1.25,0.5501196042201808,8.333333333333334,2.243509156061846,4.0,1.3801311186847085,desenfado
desengañado,3.3333333333333335,1.4259499757471623,3.35,1.9540780569443943,5.6,2.280350850198275,1.5,0.8271701918685112,1.8888888888888888,1.086041978694737,2.5789473684210527,1.0706067580626217,2.15,1.1821033884786183,2.4,1.187655806953123,9.045454545454545,1.889249604807176,4.0,1.7471781760734562,desenganado
desengañarse,2.3636363636363638,1.3289972784899773,4.8,2.0416711421361615,5.545454545454546,2.1762193676030774,2.1,1.0208355710680808,1.8,1.105012502906165,2.5714285714285716,1.0757057484009542,1.9,0.967906041546987,3.15,1.22581873821025,9.19047619047619,1.6005951274150372,3.739130434782609,1.4837725660181156,desenganarse
desengaño,2.1363636363636362,1.2834274997778983,,,,,,,,,,,,,,,,,3.391304347826087,1.4690482520320487,desengano
deseo,3.3181818181818183,1.6442211540614613,,,,,,,,,,,,,,,,,,,deseo
deseoso,3.238095238095238,1.338086764928265,,,,,,,,,,,,,,,8.761904761904763,1.7861904127153387,3.9130434782608696,1.4114159066908945,deseoso
desesperación,3.6363636363636362,1.3289972784899768,,,,,,,,,,,,,,,,,,,desesperacion
desesperado,3.409090909090909,1.2212051389271137,,,,,,,,,,,,,,,,,,,desesperado
desesperanza,3.9047619047619047,1.338086764928265,,,,,,,,,,,,,,,,,,,desesperanza
desesperanzado,4.095238095238095,1.3001831372834327,1.65,0.8127277008872489,5.2727272727272725,2.47235800655045,1.15,0.36634754853252327,1.6363636363636365,0.9534625892455924,2.142857142857143,1.314751470267833,2.95,1.276302224561664,4.2272727272727275,0.9223065383316715,9.761904761904763,1.5134319246256809,3.88,1.6663332999933314,desesperanzado
desesperanzarse,3.0454545454545454,1.557692821581626,2.0,0.8583950752789521,5.863636363636363,2.3154852324020254,1.0,0.0,1.85,1.1367080817685316,2.4285714285714284,1.2071217242444345,2.8,1.1050125029061648,4.1,0.7880689256524127,9.571428571428571,1.660464650976604,4.4,1.7320508075688772,desesperanzarse
desesperar,3.15,1.565247584249853,2.8076923076923075,1.7440007057161593,2.0,1.019803902718557,1.05,0.22360679774997888,2.15,1.4244112357114613,3.4285714285714284,0.9783367810436532,3.090909090909091,1.4770978917519928,3.380952380952381,1.203170415036477,,,4.380952380952381,1.6271505915615334,desesperar
desestabilizado,3.3157894736842106,1.4549773415168656,2.35,0.9880869341680842,6.55,1.5381123085406387,1.2,0.4103913408340616,1.6153846153846154,0.8038369524685005,3.1904761904761907,1.1670067531530235,3.05,1.1459310165698637,3.25,1.2085223687584246,10.047619047619047,1.0712698295103045,4.523809523809524,1.5368489717290903,desestabilizado
desestabilizarse,2.8095238095238093,1.5368489717290903,2.35,1.0399898784932577,6.681818181818182,1.6729319468230912,1.45,0.7591546545162483,1.5454545454545454,0.6709817063202619,2.6666666666666665,1.3165611772087664,2.9,1.119210247874531,3.3181818181818183,1.0861186305619106,10.15,1.3088765773505353,3.6956521739130435,1.5502135515263595,desestabilizarse
desgana,3.2857142857142856,1.1892374507581376,2.5789473684210527,1.304513083861144,3.375,1.7398775569112552,1.25,0.5501196042201808,1.6956521739130435,0.9261249968991349,2.1578947368421053,1.067872125861979,2.0952380952380953,1.13599128098599,3.1,1.3726654823065196,8.043478260869565,2.265918655154827,,,desgana
desganado,3.4761904761904763,1.3273676061682242,2.35,1.1367080817685316,3.1666666666666665,1.8804871400937502,1.35,0.5871429486123997,1.565217391304348,0.787752092782872,1.7,0.8013147091860319,1.9523809523809523,1.023532631438318,3.55,1.0500626547722607,8.19047619047619,2.293884208478004,3.95,1.6050905860647502,desganado
desganarse,2.736842105263158,1.521771820505364,2.15,0.9880869341680842,3.772727272727273,1.8498859213686456,1.3,0.7326950970650465,2.0,1.1952286093343936,1.6666666666666667,0.7958224257542214,2.55,1.356271980175999,3.590909090909091,0.9081163607574332,9.142857142857142,2.15141149680191,4.0,1.5811388300841898,desganarse
desgracia,3.142857142857143,1.1084094137869045,,,,,,,,,2.857142857142857,1.3887301496588274,,,4.55,0.9445132413883324,,,,,desgracia
desgraciado,3.090909090909091,1.5402254290506867,,,,,,,,,,,,,,,7.695652173913044,2.3048325241602425,3.9545454545454546,1.463110604394842,desgraciado
desgraciar,1.619047619047619,1.0712698295103096,2.576923076923077,1.6534346536365305,1.6538461538461537,0.9774377808252633,1.05,0.22360679774997888,2.789473684210526,1.5839103288458478,3.4285714285714284,1.121223821162776,3.227272727272727,1.3068252399583535,4.095238095238095,0.9436504599035545,9.619047619047619,1.1169686869465267,3.8260869565217392,1.5270939101039855,desgraciar
deshonra,2.2,1.2396943596157717,,,,,,,,,,,,,,,9.217391304347826,1.8079753050186573,4.28,1.6960738977611405,deshonra
deshonrado,2.75,1.4823523268955432,2.769230769230769,1.3655092034165806,1.8461538461538463,1.007662947311558,1.1,0.3077935056255463,2.5,1.3954814298487213,3.2857142857142856,1.0071175275436892,3.1363636363636362,1.4241272864946195,3.6666666666666665,1.0645812948447546,9.619047619047619,1.774153050787628,4.28,1.5684387141358125,deshonrado
deshonrar,1.9523809523809523,1.395571226279421,2.15,1.2258187382102494,6.2272727272727275,1.4119158946291717,1.1,0.3077935056255463,2.590909090909091,1.1405550406998344,3.0476190476190474,1.321975433818287,2.736842105263158,1.407997208928653,3.772727272727273,0.9223065383316715,9.523809523809524,1.4703417160322831,4.36,1.7530925056406272,deshonrar
desidia,2.5,1.3093073414159542,,,,,,,,,,,,,,,10.714285714285714,0.7262730392025646,,,desidia
desilusión,3.8636363636363638,1.2834274997778978,,,,,,,,,,,,,3.9523809523809526,0.9734572654303054,,,,,desilusion
desilusionado,4.55,0.8255779474818962,2.1153846153846154,1.0705857490896498,1.9615384615384615,0.773602959186131,1.1,0.3077935056255463,1.85,1.0399898784932577,2.5714285714285716,1.325572652532805,3.380952380952381,1.1169686869465267,4.095238095238095,0.9952267030562383,8.571428571428571,1.7768350675126985,4.3,1.7198531149031608,desilusionado
desleal,1.5,0.8271701918685112,,,,,,,,,,,,,,,,,4.76,1.4224392195567905,desleal
deslealtad,1.85,0.7451598203705945,,,,,,,,,,,,,,,10.142857142857142,1.4242792663559427,3.772727272727273,1.8498859213686456,deslealtad
deslumbrado,2.3181818181818183,1.3232846447693145,4.8,2.2618111047751555,5.954545454545454,1.7855844108615224,2.65,1.496487114615601,1.0454545454545454,0.2132007163556103,1.2857142857142858,0.4629100498862757,1.55,0.8255779474818966,1.6818181818181819,1.1705254675272427,8.8,1.9358120830939747,3.608695652173913,1.7251911734588246,deslumbrado
deslumbramiento,1.5,1.0513149660756937,,,,,,,,,,,,,,,,,4.0,1.7056057308448835,deslumbramiento
deslumbrarse,1.9545454545454546,1.1742179860604582,4.7,2.1545545393788235,6.416666666666667,1.5580552724098267,3.05,1.276302224561664,1.173913043478261,0.491026190103531,2.473684210526316,1.3485968449808854,1.8095238095238095,0.9807674351775563,1.35,0.6708203932499368,9.0,2.0261449005179113,4.56,1.5567059238447485,deslumbrarse
desmoralizado,3.4,1.569445091341791,2.15,1.1367080817685316,5.541666666666667,1.7189270330434443,1.3,0.8013147091860319,1.6521739130434783,1.1122743142757674,2.210526315789474,1.1822270588653647,2.8095238095238093,1.3273676061682242,3.85,1.1821033884786187,9.85,1.6630662866176467,3.85,1.8715318802914818,desmoralizado
desmoralizarse,2.95,1.6050905860647502,2.5,1.4327007988227578,5.2,2.1423056934551914,1.05,0.22360679774997888,1.9230769230769231,1.1974331521409258,2.6666666666666665,1.1972189997378646,2.526315789473684,1.4669856112538158,3.8421052631578947,1.2588865404147538,10.1,1.4473205733717949,3.473684210526316,1.6454793645565071,desmoralizarse
desmotivación,3.8095238095238093,1.123345344008138,1.7,0.8013147091860319,4.954545454545454,2.553751166743742,1.05,0.22360679774997888,2.227272727272727,1.2317938209440804,2.4761904761904763,1.3645163106041502,2.75,1.2513150976809202,3.727272727272727,1.4203225046854737,8.85,1.7252002172135505,4.45,1.6050905860647502,desmotivacion
desmotivado,3.8181818181818183,1.367526917515655,2.05,0.887041208323017,4.090909090909091,2.486326242032244,1.15,0.36634754853252327,2.25,1.5517392618742702,2.142857142857143,1.01418510567422,2.3,1.2182817926554552,3.55,0.9445132413883324,8.7,1.8666040089734597,4.666666666666667,1.5599145275730124,desmotivado
desmotivarse,3.272727272727273,1.5790840679034457,1.9615384615384615,0.9583639905910168,1.5,0.7071067811865476,1.1,0.3077935056255463,2.35,1.1367080817685316,2.761904761904762,1.2208506012105615,3.1363636363636362,1.2834274997778983,3.761904761904762,1.2208506012105615,8.8,1.7947291248483572,4.1,1.6511558949637932,desmotivarse
desolación,3.2857142857142856,1.4880476182856899,,,,,,,,,,,,,,,,,,,desolacion
desolado,4.1,1.119210247874531,1.85,0.8127277008872489,5.708333333333333,2.0103896803024703,1.15,0.36634754853252327,1.6521739130434783,1.1912062508297252,2.45,1.1459310165698642,3.0952380952380953,1.2208506012105615,4.2,0.8944271909999155,9.5,1.538967528127731,4.761904761904762,1.841324574993825,desolado
desolar,2.9523809523809526,1.4654757069358222,2.25,1.292692009559488,5.571428571428571,2.0142350550873784,1.1578947368421053,0.37463432463267765,1.8571428571428572,1.1952286093343936,2.25,0.9665456669582609,3.05,1.1459310165698637,3.9473684210526314,0.7798635358208034,10.1,1.4473205733717949,3.3,1.5252264715358448,desolar
desorientación,2.5238095238095237,1.3645163106041502,,,,,,,,,,,,,,,8.619047619047619,1.8296499795368097,4.904761904761905,1.6704718466577608,desorientacion
desorientado,2.55,1.1459310165698637,3.1,1.5183093090324966,6.375,1.1349200316590018,1.4,0.5982430416161186,1.3478260869565217,0.6472807211834833,2.2,1.0563093645728086,3.0,1.224744871391589,2.8,1.2814465510343747,8.19047619047619,2.337071834990264,4.72,1.6960738977611398,desorientado
desorientarse,1.65,0.8750939799154205,3.15,1.2680278927697552,6.541666666666667,1.1412870944175504,1.3,0.5712405705774795,1.3043478260869565,0.6349504353380415,1.85,0.9880869341680842,3.0476190476190474,1.283596138829908,2.55,1.276302224561664,8.142857142857142,1.9820624179302309,4.55,1.731290969494334,desorientarse
despistado,1.7,0.8013147091860319,,,,,,,,,,,,,,,,,,,despistado
despistar,1.6666666666666667,1.1547005383792515,4.3076923076923075,1.5170822197687448,3.72,1.7445152144172702,1.8,0.8335087534664908,1.5,0.9459053029269173,1.9523809523809523,0.9734572654303051,2.0,1.1952286093343936,2.0952380952380953,1.13599128098599,6.904761904761905,1.9976176286957903,4.619047619047619,1.7168631417847633,despistar
despiste,1.7142857142857142,0.8451542547285166,3.730769230769231,1.2184479408720692,3.0,1.4433756729740645,1.65,0.7451598203705945,1.6,0.8825799501580877,2.3333333333333335,1.2780193008453877,1.8181818181818181,0.9069238239845848,1.9523809523809523,1.023532631438318,,,,,despiste
despreciable,3.0,1.4142135623730951,,,,,,,,,,,,,,,8.714285714285714,2.028370211348439,3.9565217391304346,1.821045176154847,despreciable
despreciado,4.095238095238095,0.7684244858645447,1.5,0.8885233166386386,6.958333333333333,1.3666578295932024,1.0,0.0,2.0869565217391304,1.3454652280315151,3.85,1.1367080817685318,3.238095238095238,1.0910894511799616,4.45,0.8255779474818962,9.238095238095237,1.75797502555531,4.260869565217392,1.8145220082922868,despreciado
despreciar,2.9,1.5861240410775606,,,,,,,,,,,,,,,,,,,despreciar
desprecio,3.65,1.4244112357114618,,,,,,,,,,,,,,,,,4.56,1.7097758137642876,desprecio
despreocupación,3.142857142857143,1.4589624493356328,,,,,,,,,,,,,,,8.714285714285714,1.8746428231227705,,,despreocupacion
despreocupado,3.3333333333333335,1.3165611772087664,,,,,,,,,,,,,,,,,,,despreocupado
despreocuparse,2.5714285714285716,1.468721504282843,5.0,1.7770466332772772,3.0,2.1821789023599236,3.3,1.4545753585442762,1.8,1.105012502906165,1.7142857142857142,1.0071175275436894,1.6,0.8207826816681232,1.5,0.8271701918685112,7.9523809523809526,2.0365704131257156,3.9565217391304346,1.521908516829063,despreocuparse
destrozado,3.9523809523809526,1.5644868320376009,1.35,0.9880869341680842,6.363636363636363,2.341050935054486,1.05,0.22360679774997888,1.6818181818181819,0.9454836825347087,3.1904761904761907,1.123345344008138,3.55,1.356271980175999,4.636363636363637,0.5810872031479755,7.25,1.996707816698066,4.285714285714286,1.7928429140015905,destrozado
destrozarse,3.0952380952380953,1.3001831372834327,1.95,1.5035046776746235,6.875,0.7974142996067924,1.1,0.3077935056255463,2.0869565217391304,1.4114159066908942,3.8,0.9514531821875085,3.5714285714285716,1.2478553029669979,4.3,0.8645047258706172,7.2,2.166734141999259,4.285714285714286,1.8477785890862881,destrozarse
detestable,2.857142857142857,1.4242792663559452,,,,,,,,,3.4761904761904763,0.9807674351775563,,,,,8.434782608695652,2.0632297487307203,4.045454545454546,1.8381479480139453,detestable
detestado,2.6818181818181817,1.492405014489273,2.5384615384615383,1.3922864426767712,1.68,0.8020806277010643,1.0,0.0,3.1052631578947367,1.2864566686188532,3.761904761904762,0.9436504599035545,3.4761904761904763,1.0779168622415933,3.65,1.22581873821025,8.88888888888889,1.7452081921613052,4.45,1.848897253129978,detestado
detestar,3.05,1.731290969494334,,,,,,,,,,,,,,,,,4.043478260869565,1.718304155253218,detestar
devastación,2.3333333333333335,1.460593486680443,,,,,,,,,,,,,,,9.7,1.8666040089734597,4.578947368421052,1.5746530296362724,devastacion
devastado,3.1,1.2523661815266252,1.5789473684210527,0.9015905373704979,6.75,1.7997584378973221,1.0526315789473684,0.22941573387056158,2.142857142857143,1.314751470267833,3.1578947368421053,1.2139539573337677,3.45,1.276302224561664,4.222222222222222,1.2153699778283709,10.19047619047619,1.249761882081851,4.166666666666667,1.5510632164580767,devastado
devastar,1.95,1.394538218230416,,,,,,,,,,,,,,,,,,,devastar
dicha,2.9375,1.8062391868188443,,,,,,,,,,,,,,,,,,,dicha
dichoso,2.85,1.496487114615601,,,,,,,,,,,,,,,,,,,dichoso
disconforme,2.7,1.1742858972247994,2.8947368421052633,1.3701069237311883,6.190476190476191,1.5368489717290894,1.3,0.4701623459816274,1.4285714285714286,0.6761234037828133,2.9523809523809526,1.160869952931442,2.0,1.025978352085154,2.590909090909091,1.2212051389271137,9.173913043478262,2.166945355543846,4.15,1.8431951662948316,disconforme
disconformidad,2.619047619047619,1.283596138829908,,,,,,,,,,,,,,,,,3.9166666666666665,1.8157922373651016,disconformidad
disforia,3.4166666666666665,1.5050420310248862,3.090909090909091,1.1361818036340356,6.0,2.250925735484551,1.0,0.0,1.6153846153846154,0.960768922830523,2.3636363636363638,1.3618169680781096,2.375,1.3024701806293193,2.7142857142857144,1.1126972805283737,10.923076923076923,0.27735009811261196,3.4166666666666665,2.108783937953269,disforia
disfórico,3.3333333333333335,2.0,3.2,2.1499353995462798,2.6363636363636362,1.433368568981982,1.5555555555555556,0.7264831572567788,2.0,0.9428090415820634,2.6,1.1737877907772676,2.375,0.7440238091428449,2.75,1.3887301496588271,11.0,0.0,4.0,2.280350850198276,disforico
disfrutar,3.5238095238095237,1.435933411375598,,,,,,,,,,,,,,,,,,,disfrutar
disfrute,2.772727272727273,1.3427696388548198,,,,,,,,,,,,,,,,,,,disfrute
disgustado,4.5,0.9459053029269173,,,,,,,,,,,,,,,,,4.809523809523809,1.7210185245675778,disgustado
disgustarse,4.0476190476190474,1.203170415036477,2.7,1.218281792655455,6.15,2.2070461326349626,1.1,0.3077935056255463,2.4074074074074074,1.4480559715929824,3.1904761904761907,1.0779168622415933,1.85,1.348488432516786,3.9,0.9119095061289918,7.666666666666667,1.798147194568158,4.761904761904762,1.7001400502535637,disgustarse
disgusto,4.142857142857143,1.1084094137869038,,,,,,,,,,,,,,,,,,,disgusto
displacer,3.1666666666666665,1.5434872662825796,2.7058823529411766,0.9195587176978519,5.555555555555555,2.1205499348385533,1.1176470588235294,0.485071250072666,2.3684210526315788,1.382852378872881,2.5555555555555554,0.7838233761296739,2.2,1.0823255385643322,2.625,1.2583057392117916,10.833333333333334,0.5144957554275266,4.0588235294117645,1.9193289268418179,displacer
displicente,3.0,1.6583123951777,4.166666666666667,1.4719601443879742,5.363636363636363,1.80403587950613,2.0,1.2649110640673518,1.8571428571428572,1.2149857925879117,1.4,0.547722557505166,2.4,1.6733200530681511,2.4,1.1401754250991378,11.0,0.0,2.3333333333333335,1.211060141638997,displicente
dispuesto,2.090909090909091,1.019294382875251,,,,,,,,,,,,,,,,,,,dispuesto
distraído,2.0952380952380953,1.300183137283433,,,,,,,,,,,,,,,,,,,distraido
disuadido,1.6,0.7367883976130073,4.0625,1.2365947867699696,3.65,1.6311119875071343,1.75,0.8563488385776752,1.625,1.1474609652039003,1.8461538461538463,0.9870962335856491,1.8125,0.9810708435174292,2.0,0.9354143466934853,10.857142857142858,0.6546536707079722,3.6,1.8180382718454353,disuadido
diversión,3.0454545454545454,1.5268165676232466,,,,,,,,,,,,,,,,,,,diversion
divertido,3.619047619047619,1.3955712262794215,,,,,,,,,,,,,,,,,,,divertido
divertir,2.9,1.5183093090324966,,,,,,,,,,,,,,,,,,,divertir
dócil,1.5238095238095237,0.8135752957807667,,,,,,,,,,,,,,,9.65,1.8144159564878977,4.583333333333333,1.3805061033726995,docil
docilidad,2.1666666666666665,1.2947859237091257,4.52,1.661324772583615,4.96,1.8814887722226783,2.7222222222222223,0.9582800496696002,1.6111111111111112,0.9164438231805327,1.2857142857142858,0.560611910581388,1.25,0.4442616583193193,1.8421052631578947,1.0145145470035761,9.869565217391305,1.7136974334113464,,,docilidad
doler,2.5714285714285716,1.5023790657297036,,,,,,,,,,,,,,,,,4.434782608695652,1.7009646182125802,doler
dolido,4.65,0.5871429486124002,1.65,0.9880869341680842,6.636363636363637,1.9650628136199269,1.15,0.36634754853252327,1.4090909090909092,0.7341396590302414,3.4285714285714284,1.121223821162776,3.25,1.332784974957958,4.2272727272727275,0.9725674505593154,6.809523809523809,2.67617352985653,3.85,2.058998223459779,dolido
dolor,3.45,1.6693837501494848,,,,,,,,,,,,,,,,,,,dolor
dolorido,3.272727272727273,1.4534628005401835,1.9,1.0208355710680808,6.5,2.0873770280289223,1.15,0.36634754853252327,1.95,1.190974832912761,3.0952380952380953,1.179184544707142,3.1,1.2937094768634558,4.15,0.9880869341680846,6.842105263157895,1.8337320140672688,4.434782608695652,1.4405203276001521,dolorido
doloroso,3.409090909090909,1.6230216062021892,,,,,,,,,,,,,,,6.142857142857143,1.8784492084087414,4.45,1.9594574974238472,doloroso
dramático,3.1904761904761907,1.2497618820818477,3.2,1.542383664469075,6.583333333333333,1.3805061033726986,1.5,0.6882472016116853,1.565217391304348,0.9920633665850978,2.65,1.3088765773505318,2.5714285714285716,1.0757057484009542,3.55,1.3168942730211066,8.238095238095237,1.7292993351285928,4.12,1.6663332999933314,dramatico
duda,1.8181818181818181,1.2203186015043321,,,,,,,,,,,,,,,,,,,duda
dudoso,3.0,1.378404875209022,,,,,,,,,,,,,,,7.523809523809524,2.0885173597326787,3.95,1.9594574974238472,dudoso
duelo,2.4285714285714284,1.6300744943538186,,,,,,,,,,,,,,,,,,,duelo
dureza,2.0,1.0488088481701516,,,,,,,,,,,,,,,,,,,dureza
duro,1.9090909090909092,1.0649878563622845,,,,,,,,,,,,,,,,,,,duro
efervescencia,1.6,0.9856107606091623,,,,,,,,,,,,,,,9.73913043478261,2.0049346238343526,5.086956521739131,1.755848499321388,efervescencia
efervescente,1.35,0.8127277008872489,5.25,1.164157703189193,5.85,2.390221306644395,2.1666666666666665,1.0431851677040116,1.5925925925925926,1.009922284110525,2.15,1.4244112357114613,1.4736842105263157,0.7723284457212329,1.3,0.6569466853317865,9.523809523809524,1.56904581255767,5.5,1.371478173706159,efervescente
efusión,3.8,1.207121724244435,,,,,,,,,,,,,,,10.8125,0.4031128874149275,3.7142857142857144,1.5898026693500449,efusion
efusividad,3.4,1.5355437918998291,7.2631578947368425,0.7334928056269077,7.238095238095238,1.546116486709909,3.5789473684210527,1.1212983285105116,1.1818181818181819,0.6644986392449886,2.15,1.0894228312566052,1.65,0.8750939799154205,1.5238095238095237,1.0304876330673562,10.0,1.4509525002200232,4.4,1.8467610337532774,efusividad
efusivo,4.0,1.1239029738980326,5.7368421052631575,1.7588539596743076,7.181818181818182,1.6514456476895405,3.7222222222222223,0.9582800496696002,1.4,0.6805570473787205,2.125,1.2583057392117916,1.85,1.0399898784932577,1.1,0.3077935056255463,10.0,1.3743685418725535,4.545454545454546,1.765469659009499,efusivo
embelesado,2.7333333333333334,1.486446705914413,6.166666666666667,1.3826657968874305,3.9411764705882355,1.951620744256364,3.076923076923077,1.1875421719907087,1.1111111111111112,0.32338083338177737,1.2941176470588236,0.5878675320972555,1.5555555555555556,0.9217771979249535,1.4,0.9102589898327995,10.357142857142858,1.3926810257774191,3.0,1.3228756555322954,embelesado
embelesamiento,2.3125,1.4476993242152645,5.894736842105263,1.594948165026941,4.176470588235294,2.505875448761547,3.0,1.0690449676496976,1.608695652173913,1.0761518325953912,1.7058823529411764,0.7717436331412898,1.3846153846153846,0.6504436355879909,1.6428571428571428,0.744946343668492,10.411764705882353,0.9393364366277207,4.526315789473684,1.6113631583445664,embelesamiento
embelesarse,2.1578947368421053,1.302269723501448,5.266666666666667,1.3870146083619754,4.136363636363637,2.2317077498004707,3.2142857142857144,1.188313053066368,1.5294117647058822,0.9432422182837986,1.2666666666666666,0.7988086367179803,1.6428571428571428,0.8418973861410954,1.0714285714285714,0.2672612419124242,10.6,1.055597325823492,3.857142857142857,1.9158104473902609,embelesarse
embeleso,2.6923076923076925,1.6012815380508714,5.388888888888889,1.5769997160986322,4.066666666666666,1.9444671200491874,2.533333333333333,1.3020130933435712,1.3636363636363635,1.2060453783110545,1.8333333333333333,0.9374368665610919,1.6666666666666667,1.4142135623730951,1.1666666666666667,0.5773502691896258,10.8125,0.5439056290693574,4.0,1.2649110640673518,embeleso
embriagado,2.4210526315789473,1.2163602113447687,4.7,1.688973528196155,5.842105263157895,2.21768542741543,2.611111111111111,1.0369008625190792,2.1739130434782608,1.1541298931561732,2.142857142857143,1.0994504121565503,2.3333333333333335,1.3719886811400708,2.1578947368421053,0.9581903020646578,10.7,0.8013147091860259,5.0476190476190474,1.5644868320376009,embriagado
embriagarse,1.8888888888888888,1.3672165321380638,4.75,1.6819474927657678,6.0476190476190474,1.3955712262794215,2.9444444444444446,1.433720877840438,2.85,1.496487114615601,1.7142857142857142,1.1464230084422218,2.0,1.118033988749895,2.0,0.8944271909999159,10.217391304347826,1.506245233538456,5.2272727272727275,1.2698638165386527,embriagarse
embriago,1.8235294117647058,1.1311108542958477,3.75,1.8073922282301278,5.7727272727272725,1.7163587753985023,1.7777777777777777,1.0602749674192766,2.4705882352941178,1.1245914290767742,2.0,1.0327955589886444,2.4444444444444446,1.247219128924647,1.8,0.9411239481143201,10.555555555555555,0.7047921864945617,4.0,1.8257418583505538,embriago
emoción,4.666666666666667,0.9128709291752773,,,,,,,,,,,,,,,,,,,emocion
emocionado,4.428571428571429,1.1212238211627767,7.15,1.5652475842498519,7.2,1.9358120830939747,4.5,0.6882472016116853,1.1111111111111112,0.4236592728681616,1.5714285714285714,0.9258200997725515,1.25,0.6386663736585051,1.55,0.887041208323017,7.523809523809524,2.3155787099351124,4.0,1.5666989036012806,emocionado
emocional,3.8181818181818183,1.4354811251305466,,,,,,,,,,,,,,,,,3.0,1.9578900207451218,emocional
emocionante,3.65,1.3484884325167863,,,,,,,,,,,,,,,7.428571428571429,2.378474901516275,3.782608695652174,1.5654369630794764,emocionante
emocionarse,4.285714285714286,1.1464230084422216,7.2,1.2814465510343758,7.083333333333333,1.815792237365101,4.15,0.8127277008872493,1.0,0.0,1.65,0.8750939799154205,1.4285714285714286,0.746420027292179,1.9,1.1652874052533586,7.0,1.5559732104309982,4.523809523809524,1.600595127415038,emocionarse
emotividad,3.35,1.22581873821025,6.7,1.1742858972248005,6.454545454545454,2.040711190860227,4.0,1.2977713690461004,1.25,0.5501196042201808,1.5238095238095237,0.9283882603225668,1.45,0.6863327411532598,1.9,1.0208355710680808,9.1,1.8035053587243277,3.32,1.7962924780409972,emotividad
emotivo,4.1,1.209610637658599,,,,,,,,,,,,,,,8.238095238095237,2.0713464679952005,3.65,1.8144159564878983,emotivo
empatía,3.380952380952381,1.4654757069358222,,,,,,,,,,,,,,,,,4.52,2.1039645117412666,empatia
empático,3.238095238095238,1.6402671094904604,7.4,1.2732056517228256,4.791666666666667,2.340181462058513,4.0,1.025978352085154,1.1818181818181819,0.6644986392449886,1.05,0.22360679774997888,1.4761904761904763,0.8728715609439697,1.3,0.5712405705774795,9.904761904761905,1.5134319246256809,4.4,2.140872096444188,empatico
empatizar,3.35,1.22581873821025,7.75,1.019545822516343,4.291666666666667,2.274225461398971,4.0,0.7947194142390263,1.0434782608695652,0.20851441405707463,1.0,0.0,1.1904761904761905,0.40237390808147816,1.45,0.7591546545162483,8.26086956521739,2.453520500393222,3.590909090909091,1.943465018222936,empatizar
empeñado,2.15,1.4244112357114613,4.35,2.084403234046921,6.65,1.7554426642213121,3.0,1.0760551736979407,1.6296296296296295,1.005681863909264,2.1904761904761907,1.1670067531530235,1.95,1.3562719801759993,1.85,1.1821033884786183,7.869565217391305,2.0517032353651707,4.0476190476190474,1.6575943555704598,empenado
empeñarse,1.9047619047619047,0.9436504599035548,4.55,1.4680814547887784,6.541666666666667,1.5597983890531335,2.4,1.187655806953123,1.173913043478261,0.491026190103531,2.2,1.1964860832322377,1.7142857142857142,0.9023778112773575,1.65,0.9880869341680842,8.0,2.04494943258218,4.0,1.5275252316519468,empenarse
empeño,1.9523809523809523,1.0712698295103096,,,,,,,,,,,,,,,,,,,empeno
enajenación,3.090909090909091,1.7002673586554236,,,,,,,,,,,,,,,10.882352941176471,0.4850712500726651,3.8125,1.682012683265696,enajenacion
enajenado,3.4285714285714284,1.3985864135061354,3.5714285714285716,1.6508406117111138,6.894736842105263,1.4867838833500562,1.4,0.7367883976130073,1.8333333333333333,1.1504474832710556,3.857142857142857,1.1673205911990774,2.6666666666666665,1.3706888336846839,3.0,1.4142135623730951,10.4375,1.3149778198382918,4.666666666666667,1.5886502207249784,enajenado
enajenarse,2.75,1.2880570286640687,3.0,1.7974340685458343,2.857142857142857,1.851640199545103,1.0666666666666667,0.25819888974716115,2.111111111111111,1.0786096109392207,3.1333333333333333,1.2459458063579456,3.4545454545454546,0.6875516509523281,2.642857142857143,1.27744594087896,10.875,0.3415650255319866,4.25,2.016597794967223,enajenarse
enamorado,4.4,0.9947229183096803,,,,,,,,,,,,,,,,,,,enamorado
enamoramiento,3.761904761904762,1.4458479140200706,7.65,1.3484884325167852,7.166666666666667,2.46129458100666,4.45,0.7591546545162478,1.0869565217391304,0.2881040655200303,1.2,0.5231483637805969,2.4285714285714284,1.2478553029669974,1.35,0.6708203932499368,6.739130434782608,1.935726110048251,4.36,1.9339079605813716,enamoramiento
enamorarse,3.772727272727273,1.3777766140664454,8.3,1.0809352675491632,7.7727272727272725,1.1925090867905022,4.3,0.7326950970650461,1.2727272727272727,0.8827348295047496,1.2857142857142858,0.560611910581388,1.8,1.105012502906165,1.5454545454545454,1.1009637651263606,6.6,2.0365088806711915,,,enamorarse
enardecerse,2.857142857142857,1.8644544714716087,3.857142857142857,1.5735915849388864,6.222222222222222,2.4381231397212986,2.888888888888889,1.3642254619787415,1.4444444444444444,0.7264831572567788,3.3333333333333335,1.154700538379251,1.8888888888888888,1.5365907428821477,2.1,1.3703203194062976,10.88888888888889,0.3333333333333381,4.2727272727272725,2.0045403009622476,enardecerse
enardecido,2.0,1.0,5.4,1.6465452046971285,5.1,2.6012817353502222,1.5,0.5477225575051661,1.5,0.8366600265340756,3.111111111111111,1.2692955176439846,2.8,0.8366600265340751,2.875,1.3562026818605375,10.75,0.7071067811865476,4.25,1.3887301496588271,enardecido
enardecimiento,2.5714285714285716,1.9880595947760098,5.0,1.6035674514745464,4.923076923076923,1.8912755158683452,1.75,0.9574271077563381,1.5,0.7071067811865476,3.142857142857143,1.4638501094228,3.0,1.4142135623730951,2.25,1.164964745021435,10.857142857142858,0.5345224838248535,4.4,2.41,enardecimiento
encandilado,3.0,1.2649110640673518,6.045454545454546,1.6755176237089568,6.045454545454546,1.8638739158070687,3.5294117647058822,1.178857871990064,1.4705882352941178,0.9432422182837986,1.6,0.9403246919632544,1.4705882352941178,0.7998161553463028,1.625,0.806225774829855,10.529411764705882,0.7174300539794399,4.105263157894737,1.6631541934965106,encandilado
encandilamiento,2.588235294117647,1.6605279103876789,6.375,1.4548768561863463,5.888888888888889,1.5676467522593487,2.8461538461538463,1.1435437497937313,1.2352941176470589,0.5622957145383871,1.5,0.7859052479933758,1.4444444444444444,0.7047921864945658,1.8125,1.0468205831628137,10.631578947368421,0.8306975860878325,3.611111111111111,1.8830166313622745,encandilamiento
encandilarse,3.0714285714285716,1.2066664642907563,5.6875,1.4930394055974097,5.388888888888889,1.68519117047466,2.5714285714285716,1.2838814775327387,1.2777777777777777,0.6691131580686884,1.5789473684210527,0.6924826089821244,1.6666666666666667,1.0289915108550531,1.6470588235294117,0.8617697249402124,10.31578947368421,1.2932573679987462,3.85,1.496487114615601,encandilarse
encantado,3.1818181818181817,1.435481125130547,8.1,1.0208355710680797,5.590909090909091,2.218087784537263,4.1,1.1652874052533588,1.1818181818181819,0.8528028654224418,1.0952380952380953,0.30079260375911926,1.2,0.5231483637805969,1.2272727272727273,0.5284134548067255,,,4.380952380952381,1.6874889770363088,encantado
encantar,3.0952380952380953,1.6094956323259126,,,,,,,,,,,,,,,,,,,encantar
encanto,2.4761904761904763,1.1670067531530235,,,,,,,,,,,,,,,,,,,encanto
encaprichado,2.7142857142857144,1.1892374507581376,4.45,1.9049796241485242,5.65,1.8715318802914809,2.65,1.22581873821025,1.5925925925925926,1.1183524715903528,2.9047619047619047,1.3749458863810566,1.7,0.9787209698591859,2.05,1.234376040972246,8.095238095238095,2.0713464679952005,4.136363636363637,1.6415861825701366,encaprichado
encaprichamiento,2.142857142857143,1.3522468075656264,3.8,1.5078740698501036,5.7368421052631575,2.104020100853441,2.85,1.1821033884786187,1.8148148148148149,1.2720981165907048,2.761904761904762,1.3001831372834327,2.1,1.1192102478745307,1.8,1.0052493799000692,7.523809523809524,2.6195237662416346,4.842105263157895,1.6419215671732126,encaprichamiento
encapricharse,2.4285714285714284,1.2873006086935783,3.8,1.8238190122579827,6.25,1.6181535936466533,2.75,1.2085223687584246,1.6666666666666667,1.1435437497937313,2.9047619047619047,1.4108423691100964,1.7,1.0809352675491624,1.9,1.1192102478745307,7.15,2.0589982234597786,4.666666666666667,1.6227548592850782,encapricharse
encariñado,3.0454545454545454,1.5879688352247414,7.75,0.7863975156570492,5.318181818181818,2.212224987188101,4.2,0.6958523739384589,1.1363636363636365,0.46756252909607565,1.0952380952380953,0.30079260375911926,1.4,0.6805570473787205,1.3636363636363635,0.5810872031479766,6.782608695652174,2.173320077232703,4.2,1.5545631755148024,encarinado
encariñarse,3.4285714285714284,1.1649647450214349,7.269230769230769,1.8667124536509048,7.52,1.446835627614047,4.05,0.6863327411532593,1.25,0.5501196042201808,1.1904761904761905,0.511766315719159,1.9090909090909092,1.3769908845391445,1.2857142857142858,0.7171371656006361,7.761904761904762,1.75797502555531,4.523809523809524,1.600595127415038,encarinarse
encolerizado,4.055555555555555,1.2589548523523149,3.0,2.04494943258218,2.6,1.7795130420052185,1.3333333333333333,0.4879500364742665,2.411764705882353,1.175735064194511,4.1875,1.1672617529928753,3.1052631578947367,1.4867838833500562,2.6666666666666665,1.3451854182690983,9.947368421052632,1.9853262874994282,4.9,1.6827296120792614,encolerizado
encolerizarse,4.055555555555555,1.2589548523523149,2.1176470588235294,1.4090046549415864,7.782608695652174,0.9513875865917863,1.125,0.5,1.6666666666666667,0.9847319278346618,4.235294117647059,1.2514697241996051,3.4705882352941178,1.2805100086890935,2.8,1.61245154965971,10.157894736842104,1.7404711333664444,4.5,1.8451996923807203,encolerizarse
encrespado,2.388888888888889,1.4199788270537859,3.96,1.743559577416269,2.76,1.535143858622594,1.35,0.5871429486123997,2.473684210526316,1.1722922015640784,2.3684210526315788,1.3000224919331833,1.9523809523809523,1.023532631438318,2.588235294117647,1.4168108346481796,10.238095238095237,1.0442586798663407,4.65,1.4608937423083823,encrespado
encrespamiento,2.5238095238095237,1.569045812557671,3.8846153846153846,1.9662537593489415,2.64,1.4399074044303448,1.35,0.5871429486123997,2.5,1.3826657968874305,2.473684210526316,1.2187617145935725,2.272727272727273,0.8270324564263991,2.5555555555555554,1.3814835257889049,9.8,1.6733200530681518,4.666666666666667,1.6532795690182995,encrespamiento
encresparse,2.388888888888889,1.2897281468629183,3.0,1.0954451150103321,6.809523809523809,2.227533335756114,1.35,0.4893604849295928,2.111111111111111,1.2313975269103985,3.2222222222222223,1.262842524557225,2.0,0.9354143466934853,2.3157894736842106,1.2495613265350085,9.08695652173913,1.7297672854057795,4.157894736842105,1.424513870091082,encresparse
endurecerse,2.142857142857143,1.3522468075656264,4.1,1.6189665319514632,5.916666666666667,1.5012072436561845,1.7,0.9787209698591859,1.565217391304348,0.8434823356732999,2.9,1.0711528467275957,2.4285714285714284,1.3627702877384937,2.15,0.9880869341680842,8.80952380952381,1.6005951274150372,4.090909090909091,1.508991808147505,endurecerse
endurecido,1.75,0.910465468000326,3.7,1.3803127029389886,5.8,1.9358120830939747,2.1052631578947367,1.1002392084403616,1.5,0.7071067811865476,2.5714285714285716,1.2478553029669974,1.85,1.1821033884786183,2.0,1.0760551736979407,8.217391304347826,2.2754923890552163,4.3,1.9761738683361685,endurecido
enemistad,2.1052631578947367,1.4100723717480785,,,,,,,,,,,,,,,,,4.136363636363637,1.983154162666239,enemistad
enemistarse,2.5238095238095237,1.3273676061682242,2.4,1.635140425323255,7.15,1.3484884325167852,1.15,0.36634754853252327,2.2083333333333335,1.1787674722451362,3.4210526315789473,1.1212983285105116,2.5625,1.3647344063956182,3.75,1.164157703189193,9.75,1.7129537431920892,4.318181818181818,1.9853358510736767,enemistarse
energía,2.4285714285714284,1.5675276256394517,,,,,,,,,,,,,,,,,,,energia
enérgico,2.8181818181818183,1.7081419489459646,,,,,,,,,,,,,,,,,,,energico
energizarse,2.45,1.1459310165698642,5.7894736842105265,1.9882696935448683,7.708333333333333,1.2328534123049182,3.789473684210526,1.031662486174677,1.0454545454545454,0.2132007163556103,2.05,1.2763022245616642,1.4761904761904763,0.7496030695673291,1.105263157894737,0.3153017676423059,9.272727272727273,1.579084067903444,4.285714285714286,1.5537971921347116,energizarse
enervado,3.9411764705882355,1.3906198364081266,2.526315789473684,1.2187617145935725,7.190476190476191,1.7781745588959368,1.2352941176470589,0.4372373160976031,1.8571428571428572,1.0623424252901832,4.0,0.9701425001453319,2.611111111111111,1.3779306261410682,2.736842105263158,1.0975784083941789,10.523809523809524,0.9807674351775606,3.8260869565217392,1.6963108075265054,enervado
enervarse,3.9473684210526314,1.078769062431103,1.85,0.8127277008872489,7.454545454545454,1.47122471584125,1.5294117647058822,0.7174300539794393,1.7272727272727273,1.031956910406178,4.105263157894737,0.9365858115816937,2.7777777777777777,1.3085940167422419,2.761904761904762,1.2611408289624872,10.6,0.8825799501580931,3.9523809523809526,1.5644868320376009,enervarse
enfadado,4.590909090909091,0.9591211706105854,,,,,,,,,,,,,,,,,,,enfadado
enfadarse,4.571428571428571,0.978336781043654,2.25,1.118033988749895,7.416666666666667,1.2825472842089998,1.05,0.22360679774997888,1.7391304347826086,0.9153931745603201,4.35,0.8750939799154209,3.0,1.0488088481701516,2.95,1.3945382182304158,3.739130434782609,1.6574183458386504,4.45,1.8771478925557026,enfadarse
enfado,4.285714285714286,1.2305631695633157,,,,,,,,,,,,,,,,,,,enfado
enfurecerse,4.238095238095238,1.2208506012105615,2.4,1.353358395757909,7.7727272727272725,1.4452489711965146,1.25,0.4442616583193193,2.05,1.3168942730211068,4.428571428571429,0.8701395618766328,2.65,1.1821033884786187,2.736842105263158,1.045737659005349,7.260869565217392,2.3005412664364617,4.391304347826087,1.6716657570106694,enfurecerse
enfurecido,4.2,1.3218806379747874,,,,,,,,,,,,,,,,,,,enfurecido
enfurecimiento,4.318181818181818,0.7798878818298867,1.9,0.967906041546987,7.590909090909091,1.2595952074297851,1.25,0.6386663736585051,1.9090909090909092,1.1087999050492514,4.142857142857143,1.0623424252901827,3.2,1.2814465510343747,3.3181818181818183,1.3587937099944003,7.434782608695652,2.1705903461023883,4.64,1.8,enfurecimiento
enfurruñado,4.142857142857143,0.9636241116594311,2.45,1.234376040972246,6.916666666666667,1.0179547554081014,1.263157894736842,0.5619514869490164,1.608695652173913,0.8913284485317718,3.5789473684210527,1.2163602113447682,2.5714285714285716,1.2478553029669974,2.75,1.164157703189193,7.105263157894737,3.0165236953616597,4.75,1.5108304655560048,enfurrunado
enfurruñamiento,3.7142857142857144,1.4540583599999395,2.210526315789474,1.1822270588653647,6.2727272727272725,1.5175738212786565,1.368421052631579,0.5972647203701473,1.5454545454545454,0.9625003513801573,3.3333333333333335,1.3165611772087664,2.5789473684210527,1.2163602113447687,2.857142857142857,1.195228609334394,7.65,3.1334359818945683,4.2,1.7947291248483563,enfurrunamiento
enfurruñarse,3.9523809523809526,1.1169686869465267,3.0,1.7888543819998317,2.72,1.208304597359457,1.2,0.5231483637805969,2.1,1.1192102478745307,3.4210526315789473,1.2612070705692229,2.4285714285714284,1.1649647450214349,2.65,1.4244112357114618,5.818181818181818,2.301890809465405,4.086956521739131,1.64905051133457,enfurrunarse
engañado,2.25,1.5517392618742702,,,,,,,,,,,,,,,,,,,enganado
engañar,2.3333333333333335,1.3165611772087666,,,,,,,,,,,,,,,,,,,enganar
engaño,2.227272727272727,1.4452489711965162,,,,,,,,,,,,,,,,,,,engano
engrandecer,1.7,1.0809352675491624,5.55,1.5035046776746244,6.125,1.4540049638094805,3.3,1.1285761872936693,1.2272727272727273,0.5284134548067255,1.55,0.998683343734455,1.4761904761904763,0.8728715609439697,1.25,0.5501196042201808,8.434782608695652,2.464771554166684,4.4,1.632993161855452,engrandecer
enloquecer,3.142857142857143,1.3522468075656267,3.7,1.809332531771403,7.2272727272727275,1.688386611724147,2.1,1.2523661815266247,1.75,1.118033988749895,3.5714285714285716,1.2478553029669979,3.55,1.2343760409722457,2.2,1.1516578439248717,7.3478260869565215,2.207604535817333,4.8,1.4433756729740645,enloquecer
enojado,4.409090909090909,0.590326052690247,2.8846153846153846,1.773740072883805,2.36,1.186029791643813,1.1,0.3077935056255463,2.1,1.0208355710680808,3.9523809523809526,0.8646496675642964,3.0454545454545454,1.2140947137789435,2.761904761904762,1.3001831372834327,8.285714285714286,2.3904572186687867,4.7272727272727275,1.5486343655842068,enojado
enojarse,4.0,1.3416407864998738,2.35,1.2258187382102494,7.636363636363637,1.760558746411802,1.05,0.22360679774997888,1.8,0.9514531821875089,3.9523809523809526,1.0712698295103098,2.95,1.3168942730211066,2.8,1.2396943596157712,6.869565217391305,2.896774818280857,4.521739130434782,1.8057877962865383,enojarse
enojo,4.476190476190476,1.2090925365350504,,,,,,,,,,,,,,,,,,,enojo
enorgullecerse,3.857142857142857,1.1952286093343933,7.5,1.2727922061357855,7.68,1.2151817422372133,4.5,0.8271701918685112,1.25,0.6386663736585051,1.6666666666666667,1.016530045465127,1.2727272727272727,0.702500173314209,1.619047619047619,1.2440333788202982,9.4,1.2311740225021839,4.217391304347826,1.6224706675911513,enorgullecerse
enrabietar,3.45,1.5035046776746235,2.35,1.0894228312566052,7.5,0.7223151185146152,1.105263157894737,0.3153017676423059,1.5217391304347827,0.9472239447886797,4.2,0.7677718959499141,2.9047619047619047,1.2208506012105615,2.9,1.209610637658599,7.142857142857143,2.9544155815611712,4.619047619047619,1.774153050787628,enrabietar
enrabietarse,3.7,1.4179302929937965,1.8,1.0052493799000692,7.681818181818182,0.9945740239808639,1.25,0.5501196042201808,1.9047619047619047,1.0910894511799618,4.095238095238095,0.9436504599035545,2.6,1.465390194130093,2.9545454545454546,1.045501598790549,6.142857142857143,2.2646349437760223,4.4,1.5355437918998291,enrabietarse
enternecerse,3.789473684210526,1.3572417850765919,7.45,1.6375527311718616,4.05,2.0641042405337657,3.4444444444444446,1.381483525788905,1.15,0.6708203932499369,1.0,0.0,1.25,0.5501196042201808,1.75,1.019545822516343,10.047619047619047,1.244033378820294,4.1,1.774082416646034,enternecerse
enternecido,3.473684210526316,1.4286131990551603,7.052631578947368,1.311220136214371,3.05,1.848897253129978,3.6,1.0954451150103326,1.1538461538461537,0.4640954808922572,1.15,0.48936048492959294,1.263157894736842,0.5619514869490164,1.65,0.8127277008872489,9.055555555555555,1.6967866593417853,3.619047619047619,1.6874889770363088,enternecido
entretenido,1.9090909090909092,1.019294382875251,7.05,1.2343760409722468,5.916666666666667,1.8157922373651023,3.1,1.209610637658599,1.0,0.0,1.0,0.0,1.0952380952380953,0.30079260375911926,1.1,0.447213595499958,,,3.8636363636363638,1.424127286494619,entretenido
entretenimiento,1.9047619047619047,1.2611408289624877,,,,,,,,,,,,,,,,,,,entretenimiento
entristecerse,4.666666666666667,0.795822425754222,1.7,1.1285761872936695,5.625,1.8838558977475588,1.2,0.4103913408340616,1.2173913043478262,0.5184348595120819,1.8,0.8335087534664908,2.857142857142857,1.3887301496588274,4.7,0.5712405705774789,6.55,2.0384462607326053,4.45,1.7910596686995397,entristecerse
entusiasmado,4.333333333333333,1.154700538379252,,,,,,,,,,,,,,,,,,,entusiasmado
entusiasmarse,4.142857142857143,0.7928249671720914,7.55,0.9986833437344562,7.363636363636363,1.6488222216523873,4.5,0.6882472016116853,1.1,0.3077935056255463,1.2857142857142858,0.560611910581388,1.35,0.6708203932499368,1.0,0.0,7.043478260869565,2.245768968720863,3.909090909090909,1.5402254290506867,entusiasmarse
entusiasmo,3.909090909090909,1.3419634126405238,,,,,,,,,,,,,,,,,,,entusiasmo
entusiasta,3.4545454545454546,1.4712247158412488,,,,,,,,,,,,,,,9.761904761904763,1.5781242633190178,,,entusiasta
envalentonado,3.0,1.4867838833500564,4.8125,1.796988221070652,7.1,1.4473205733717949,2.4210526315789473,1.5024346712987118,1.5,1.0431851677040116,2.5789473684210527,1.4649910683718712,2.066666666666667,1.2227992865708155,1.8125,0.9810708435174292,10.166666666666666,1.7235394498804248,3.8947368421052633,1.5597270716416047,envalentonado
envalentonarse,3.0,1.2833778958394957,4.5,1.3954814298487213,7.142857142857143,0.8535639569308403,2.7222222222222223,1.3636264606493256,1.2777777777777777,0.5745131499601416,2.8947368421052633,1.2864566686188532,2.1052631578947367,0.9941348467724341,1.2941176470588236,0.6859943405700354,10.470588235294118,1.178857871990064,4.55,1.431782106327635,envalentonarse
envidia,4.0,1.3038404810405297,,,,,,,,,,,,,,,,,,,envidia
envidiar,3.7142857142857144,1.3093073414159542,,,,,,,,,,,,,,,,,,,envidiar
envidiosa,3.85,1.2680278927697552,,,,,,,,,,,,,,,7.0,1.9466570535691503,4.84,1.6753109164172086,envidiosa
envidioso,3.6666666666666665,1.3165611772087669,,,,,,,,,,,,,,,,,,,envidioso
escalofrío,1.2727272727272727,0.7672969364884685,,,,,,,,,,,,,,,,,,,escalofrio
escandalizado,3.0476190476190474,1.3955712262794215,3.45,1.3168942730211066,7.3,0.864504725870619,1.75,0.9665456669582609,1.6666666666666667,0.9607689228305228,2.761904761904762,1.3001831372834327,2.25,1.3717065820970682,2.15,1.0894228312566052,8.391304347826088,2.2102885544813256,4.55,1.5719582155957412,escandalizado
escrúpulo,2.05,1.3562719801759993,,,,,,,,,,,,,,,,,5.0,1.4142135623730951,escrupulo
escrupuloso,2.35,1.3869694338832113,,,,,,,,,,,,,,,8.608695652173912,2.251042797436186,4.869565217391305,1.5755041855657435,escrupuloso
espabilado,1.8636363636363635,1.1668212637211672,7.1,1.0208355710680797,6.590909090909091,2.130483757028211,3.3,1.1742858972247994,1.0,0.0,1.4285714285714286,0.8106434833777776,1.1,0.3077935056255463,1.2272727272727273,0.42893202722888873,,,4.88,1.5895492023421816,espabilado
espantado,3.65,1.5312533566021216,2.75,1.2085223687584246,6.818181818181818,2.129975712724569,1.2,0.4103913408340616,1.5,0.8885233166386386,2.238095238095238,1.0442586798663398,3.8,1.3218806379747874,2.35,1.4608937423083819,8.0,2.3021728866442674,3.9,1.7137217117324384,espantado
espantarse,2.8181818181818183,1.651445647689541,2.95,1.356271980175999,7.2272727272727275,1.5715269548108186,1.15,0.36634754853252327,1.4545454545454546,0.7385489458759964,2.1904761904761907,1.123345344008138,3.45,1.0500626547722607,2.590909090909091,1.3330627431056188,7.476190476190476,2.1591444513753033,4.045454545454546,1.4953028910326949,espantarse
espanto,2.9545454545454546,1.3619759010270174,,,,,,,,,,,,,,,,,,,espanto
espantoso,2.5454545454545454,1.6826077472687542,,,,,,,,,,,,,,,,,,,espantoso
esperanza,3.609686147186147,1.24297131222951,,,,,,,,,,,,,,,,,,,esperanza
esperanzado,3.909090909090909,1.2309149097933272,,,,,,,,,,,,,,,,,4.666666666666667,1.527525231651947,esperanzado
esperanzador,3.0,1.5735915849388864,7.038461538461538,1.660861685529997,7.961538461538462,1.076318511622625,4.5,0.6882472016116853,1.0,0.0,1.1428571428571428,0.35856858280031817,1.1363636363636365,0.46756252909607565,1.5238095238095237,1.0304876330673562,9.714285714285714,1.270545439677665,4.6,1.6583123951777,esperanzador
esperanzarse,3.5714285714285716,1.3255726525328058,6.7,1.3416407864998747,4.95,2.87411313552363,4.25,0.6386663736585051,1.3703703703703705,0.9260398790278189,1.380952380952381,0.8047478161629563,1.55,0.887041208323017,1.2,0.6155870112510924,9.380952380952381,1.8296499795368097,4.56,1.6093476939431077,esperanzarse
estabilidad,2.272727272727273,1.2792042981336627,,,,,,,,,,,,,,,,,,,estabilidad
estable,1.8571428571428572,1.01418510567422,,,,,,,,,,,,,,,,,,,estable
estima,3.0454545454545454,1.5268165676232466,,,,,,,,,,,,,,,7.8,3.0366186180649932,,,estima
estimado,2.8181818181818183,1.6223546566748692,6.368421052631579,1.2115429242540035,4.7272727272727275,2.3940763838277452,3.8,1.361114094757441,1.05,0.22360679774997888,1.2380952380952381,0.5389584311207967,1.3,0.5712405705774795,1.2,0.8944271909999159,9.238095238095237,1.9976176286957903,3.0526315789473686,2.0405251015506964,estimado
estimar,3.1904761904761907,1.569045812557671,,,,,,,,,,,,,,,,,3.3684210526315788,1.7387903303347123,estimar
estimulado,2.0,1.4832396974191326,6.8,1.1964860832322386,7.409090909090909,1.2595952074297851,3.35,1.039989878493258,1.0476190476190477,0.21821789023599242,1.4285714285714286,0.8106434833777776,1.35,0.4893604849295928,1.6818181818181819,0.7162311170195086,9.45,2.0124611797498115,3.4347826086956523,1.6188123299764539,estimulado
estimularse,1.95,0.9445132413883327,6.85,0.9880869341680831,6.681818181818182,1.585240364420176,3.8,1.0563093645728083,1.25,0.5501196042201808,1.5714285714285714,0.9258200997725515,1.25,0.4442616583193193,1.0,0.0,9.904761904761905,1.546116486709909,3.727272727272727,1.5790840679034457,estimularse
estremecerse,3.0526315789473686,1.393384536958932,,,,,,,,,,,,,,,,,4.523809523809524,1.6618979396776332,estremecerse
estremecimiento,2.6666666666666665,1.5599145275730117,,,,,,,,,,,,,,,10.0,1.224744871391589,,,estremecimiento
estrés,3.65,1.2680278927697552,,,,,,,,,,,,,,,,,,,estres
estresado,3.590909090909091,1.296849328880646,2.55,1.5381123085406379,8.125,0.8501917942185291,1.25,0.4442616583193193,1.7391304347826086,1.1368773542370678,3.5,1.3572417850765923,3.142857142857143,1.1084094137869045,3.45,1.1909748329127607,8.952380952380953,1.3955712262794215,4.16,1.5726834816113935,estresado
estupefacción,3.35,1.6944180805158295,4.45,1.7006190823220508,6.095238095238095,1.4108423691100975,2.3,1.1742858972247996,2.0,1.2909944487358056,1.7619047619047619,0.8890872794479688,1.894736842105263,0.9941348467724341,1.736842105263158,0.9334586382051248,10.631578947368421,0.9551338658818324,,,estupefaccion
estupefacto,3.210526315789474,1.4367767695018308,,,,,,,,,,,,,,,9.772727272727273,1.5097088392205913,3.5217391304347827,1.6752086767540149,estupefacto
estupor,3.0,1.632993161855452,,,,,,,,,,,,,,,10.789473684210526,0.9176629354822463,3.6,1.7591864148251213,estupor
euforia,4.75,0.5501196042201808,,,,,,,,,,,,,,,,,,,euforia
eufórico,4.285714285714286,1.055597325823495,,,,,,,,,,,,,,,,,,,euforico
exacerbación,2.5,1.0801234497346435,4.384615384615385,1.8045526471705544,3.0625,1.4818344486930155,1.5,0.5773502691896257,2.375,0.7440238091428449,3.0,1.0690449676496976,2.6666666666666665,1.0327955589886446,2.4,1.505545305418162,10.666666666666666,1.1881770515720091,3.1,1.5525869752736798,exacerbacion
exacerbado,4.2,0.7888106377466151,4.166666666666667,1.6422453217986939,6.476190476190476,1.7781745588959368,2.3333333333333335,1.4142135623730951,2.0,1.0540925533894598,3.0,1.0690449676496976,2.6666666666666665,1.5055453054181622,2.0,0.7559289460184544,10.76923076923077,0.8320502943378472,3.6315789473684212,1.920952492783766,exacerbado
exaltación,3.3636363636363638,1.4324622340390172,,,,,,,,,,,,,,,,,,,exaltacion
exaltado,4.238095238095238,1.0910894511799616,4.1,1.4473205733717958,7.583333333333333,0.9286112429750712,2.9473684210526314,1.1290942392774796,1.3478260869565217,0.714059817469728,3.1,1.2523661815266252,2.238095238095238,1.13599128098599,1.45,0.8255779474818966,8.347826086956522,2.460759226007178,4.045454545454546,1.5576928215816255,exaltado
exaltarse,3.0454545454545454,1.4301938838683885,4.884615384615385,2.286078267722662,5.36,1.8230011885167088,1.894736842105263,0.875261030404661,1.5,0.8271701918685112,3.0,1.140175425099138,2.5,1.2354415362426845,1.9523809523809523,1.1169686869465265,10.333333333333334,1.3165611772087638,4.619047619047619,1.8021151593666394,exaltarse
exasperación,2.9166666666666665,0.9962049198956221,2.6923076923076925,1.315587028960544,7.523809523809524,2.0400746951777915,1.3076923076923077,0.6304251719561152,2.0,1.0,3.0833333333333335,1.1645001528813153,2.8,1.0141851056742202,3.2666666666666666,1.1629191512658792,10.8,0.7745966692414876,3.588235294117647,1.697749375254331,exasperacion
exasperado,3.7142857142857144,1.138728807356386,3.0,1.7511900715418263,7.0,1.558387444947959,1.8,0.8618916073713346,1.3529411764705883,0.7859052479933758,2.8125,1.3768926368215255,2.2857142857142856,1.0690449676496978,2.933333333333333,0.883715101688537,10.714285714285714,0.7837638128197237,4.15,1.7252002172135514,exasperado
exasperarse,3.25,1.2880570286640687,3.823529411764706,1.7760663739584404,3.6470588235294117,1.6560939160637989,1.3333333333333333,0.4879500364742665,2.1538461538461537,1.1435437497937313,3.6470588235294117,0.8617697249402122,2.3076923076923075,1.0315534712764842,2.8461538461538463,1.4051188470584879,10.833333333333334,0.7071067811865476,4.523809523809524,1.569045812557671,exasperarse
excitación,3.8181818181818183,1.367526917515655,,,,,,,,,,,,,,,,,,,excitacion
excitado,3.8181818181818183,1.4019158196439487,,,,,,,,,,,,,,,,,,,excitado
excitante,3.8095238095238093,1.3645163106041502,,,,,,,,,,,,,,,9.476190476190476,1.691716513457488,4.7,1.5593520921743174,excitante
éxito,2.5714285714285716,1.468721504282843,,,,,,,,,,,,,,,,,,,exito
exitosa,1.9545454545454546,1.3965015038360862,,,,,,,,,,,,,,,8.428571428571429,1.8047556225547146,4.15,1.899445902583726,exitosa
exitoso,2.25,1.118033988749895,,,,,,,,,,,,,,,,,,,exitoso
expectación,2.55,1.3168942730211066,,,,,,,,,,,,,,,9.263157894736842,1.5931138364556487,,,expectacion
expectante,3.35,1.1367080817685318,,,,,,,,,,,,,,,9.619047619047619,1.283596138829908,3.8636363636363638,1.5825071893451237,expectante
extasiarse,3.0625,1.3400870618483463,6.333333333333333,2.0579830217101063,6.5,2.2124052165246,3.75,1.292692009559488,1.5263157894736843,1.0733344230135038,1.8888888888888888,1.2313975269103985,1.7777777777777777,0.9428090415820635,1.5789473684210527,1.0173926082384546,10.409090909090908,1.140555040699838,3.590909090909091,1.790426682561368,extasiarse
éxtasis,3.85,1.22581873821025,,,,,,,,,,,,,,,,,,,extasis
extático,2.3333333333333335,1.4142135623730951,4.333333333333333,1.118033988749895,4.666666666666667,2.257263408474539,2.3333333333333335,1.211060141638997,1.3333333333333333,0.816496580927726,1.4545454545454546,0.8201995322647243,1.3333333333333333,0.7071067811865476,1.8333333333333333,0.9831920802501749,10.75,0.621581560508061,4.1,1.7919573407620817,extatico
extrañado,3.05,1.431782106327635,3.5,1.3178930553209385,5.708333333333333,1.3666578295932041,1.9,0.9119095061289914,1.173913043478261,0.491026190103531,1.55,0.7591546545162483,2.4285714285714284,1.121223821162776,2.45,1.3562719801759993,7.45,1.932410548076105,4.6,1.4142135623730951,extranado
extrañar,3.0454545454545454,1.6468519095902985,,,,,,,,,,,,,,,6.333333333333333,2.287647991569798,,,extranar
extrañeza,2.8095238095238093,1.2891488517253398,,,,,,,,,,,,,,,,,,,extraneza
exultación,2.125,1.3562026818605375,3.8333333333333335,2.2286019533929036,6.75,1.2880570286640687,3.111111111111111,1.3642254619787415,1.8333333333333333,0.9374368665610919,3.875,1.6420805617960927,2.3333333333333335,1.4142135623730951,1.3333333333333333,0.5773502691896258,10.9,0.31622776601685393,4.538461538461538,1.5063966175050874,exultacion
exultante,2.9411764705882355,1.519481335657587,4.777777777777778,1.8559214542766735,6.8125,1.973786547054502,2.7142857142857144,1.3827826698682308,1.6111111111111112,0.9785276387866012,2.3846153846153846,1.1208970766356101,1.7,1.3374935098492586,1.6,1.1212238211627763,10.785714285714286,0.5789342235218415,4.5,1.7573375583870183,exultante
exultar,2.3333333333333335,1.4142135623730951,4.4,1.1737877907772676,6.818181818181818,2.3587361793206894,2.9,1.5951314818673867,1.2857142857142858,0.7559289460184545,2.5555555555555554,1.130388330520878,1.625,0.9161253813129043,1.9166666666666667,1.2401124093721454,10.88888888888889,0.3333333333333381,3.6666666666666665,1.751190071541826,exultar
fascinación,3.380952380952381,1.321975433818287,,,,,,,,,,,,,,,8.304347826086957,2.183299892129418,,,fascinacion
fascinado,3.6363636363636362,1.2926699776028179,7.85,0.9880869341680831,6.318181818181818,1.4271638086766831,4.2,0.7677718959499141,1.1363636363636365,0.6396021490668313,1.1428571428571428,0.47809144373375756,1.2,0.5231483637805969,1.2272727272727273,0.42893202722888873,8.619047619047619,1.9358768162305804,4.409090909090909,1.6521008532886934,fascinado
fascinante,2.6363636363636362,1.5597757636597747,,,,,,,,,,,,,,,8.238095238095237,2.188715648611348,,,fascinante
fascinar,2.6818181818181817,1.4271638086766836,,,,,,,,,,,,,,,,,4.0,1.7056057308448835,fascinar
fastidiado,3.9047619047619047,1.3001831372834327,2.35,1.4244112357114613,6.454545454545454,1.5032432470296555,1.15,0.36634754853252327,1.8636363636363635,0.9902118361842989,3.380952380952381,1.160869952931442,2.35,1.2680278927697548,3.3636363636363638,0.9534625892455924,7.380952380952381,2.0609752661347125,4.12,1.6663332999933314,fastidiado
fastidiarse,2.5789473684210527,1.3870748387117167,2.55,1.276302224561664,6.409090909090909,1.62302160620219,1.05,0.22360679774997888,2.0,1.2977713690461004,3.5714285714285716,0.8701395618766328,2.25,1.2085223687584246,2.75,1.2085223687584246,6.666666666666667,2.175622516277429,3.727272727272727,1.7232808737106584,fastidiarse
fastidio,2.8181818181818183,1.4019158196439492,,,,,,,,,,,,,,,,,4.2,1.6415653633362464,fastidio
fatiga,2.2,1.4725559590832462,,,,,,,,,,,,,,,,,,,fatiga
fatigado,3.5238095238095237,1.4703417160322843,,,,,,,,,,,,,,,,,4.590909090909091,1.868513310453525,fatigado
felicidad,4.545454545454546,0.962500351380157,,,,,,,,,,,,,,,,,3.8,2.23606797749979,felicidad
felicitar,2.1818181818181817,1.5003607069909057,,,,,,,,,,,,,,,,,,,felicitar
feliz,4.95,0.2236067977499789,,,,,,,,,,,,,,,,,,,feliz
fenomenal,2.1818181818181817,1.5003607069909057,,,,,,,,,,,,,,,,,3.68,1.8193405398660252,fenomenal
ferviente,2.769230769230769,1.3008872711759818,,,,,,,,,,,,,,,10.785714285714286,0.42581531362632297,4.4,1.5491933384829673,ferviente
fervor,2.6666666666666665,1.3026778945578594,,,,,,,,,,,,,,,,,3.4761904761904763,1.7781745588959377,fervor
fervoroso,3.2142857142857144,1.3688047244316386,5.6,1.7237832147426697,5.684210526315789,1.5653409844697785,2.727272727272727,1.1037127426019049,1.5555555555555556,0.8819171036881968,2.8333333333333335,1.337115846843043,1.6666666666666667,0.7784989441615229,1.9166666666666667,0.9003366373785199,10.5,1.0954451150103321,3.4705882352941178,1.8068497121656084,fervoroso
fidelidad,2.15,1.3869694338832113,,,,,,,,,,,,,,,,,,,fidelidad
fiel,1.85,1.0894228312566052,,,,,,,,,,,,,,,,,,,fiel
firme,1.8095238095238095,1.123345344008138,,,,,,,,,,,,,,,,,,,firme
firmeza,1.65,1.0399898784932577,,,,,,,,,,,,,,,,,,,firmeza
flojear,1.5,0.7608859102526822,2.789473684210526,1.2727462594467418,3.8636363636363638,2.099783538627472,1.3,0.5712405705774795,1.4090909090909092,0.6661253213344647,1.619047619047619,0.9734572654303051,2.15,1.0399898784932577,3.227272727272727,0.9725674505593154,7.761904761904762,2.2339373738930535,3.4545454545454546,1.5345938729769366,flojear
flojera,1.95,0.998683343734455,2.9,1.3337718577107005,3.3181818181818183,2.190593823304836,1.5,0.6882472016116853,1.6363636363636365,0.902137912878521,1.5238095238095237,0.8728715609439697,2.15,1.2258187382102494,3.1818181818181817,0.852802865422442,8.181818181818182,1.9429080716523297,3.5652173913043477,1.5322617553657478,flojera
flojo,1.7727272727272727,1.0203555954301131,,,,,,,,,,,,,,,,,4.25,1.860248992954834,flojo
fobia,3.7142857142857144,1.3835771443203715,,,,,,,,,,,,,,,,,,,fobia
fóbico,3.45,1.3945382182304158,2.5,2.23159136044214,2.0,1.296148139681572,1.1,0.3077935056255463,3.0,1.1881770515720091,2.9523809523809526,0.9734572654303054,4.090909090909091,1.1509454047327026,3.380952380952381,1.4992061391346583,9.7,1.7800059136507331,4.956521739130435,1.3644266484686456,fobico
fogosidad,3.1904761904761907,1.3645163106041502,6.730769230769231,1.7333826422966687,7.083333333333333,1.6129008882638498,3.789473684210526,0.9176629354822463,1.5263157894736843,0.696692268479466,2.0,1.3416407864998738,1.3888888888888888,0.5016313257045503,1.4285714285714286,0.746420027292179,10.65,0.670820393249944,3.8636363636363638,1.6123173073458892,fogosidad
fogoso,3.0,1.378404875209022,,,,,,,,,,,,,,,10.19047619047619,1.6315344807587644,4.2272727272727275,1.5097088392205895,fogoso
formidable,2.0,1.2366938848016846,,,,,,,,,,,,,,,9.789473684210526,1.2283207764360904,3.8823529411764706,1.9000773978043783,formidable
fracasado,3.0,1.5118578920369088,,,,,,,,,,,,,,,,,,,fracasado
fracasar,2.8095238095238093,1.4006801069140526,,,,,,,,,,,,,4.05,0.7591546545162478,7.714285714285714,1.8477785890862874,4.64,2.118962010041709,fracasar
fracaso,2.8,1.361114094757441,,,,,,,,,,,,,,,,,,,fracaso
frágil,2.409090909090909,1.4362348564112217,,,,,,,,,,,,,,,,,4.904761904761905,1.578124263319017,fragil
fragilidad,2.619047619047619,1.283596138829908,,,,,,,,,,,,,,,,,,,fragilidad
frenesí,3.7333333333333334,1.0997835284835875,,,,,,,,,,,,,,,10.15,1.6944180805158322,,,frenesi
frenético,3.25,1.390443574307614,,,,,,,,,,,,,,,9.95,1.5035046776746244,4.521739130434782,1.7021260827509308,frenetico
frialdad,3.0952380952380953,1.4108423691100964,,,,,,,,,,,,,,,,,,,frialdad
frustración,3.9047619047619047,1.4108423691100964,,,,,,,,,,,,,,,8.478260869565217,1.7547225944288758,,,frustracion
frustrado,3.909090909090909,1.191601200030203,,,,,,,,,,,,,,,,,4.9523809523809526,1.6575943555704598,frustrado
frustrarse,4.0476190476190474,1.3592715135759479,1.75,1.0699237552766379,7.090909090909091,1.600865566738994,1.1,0.3077935056255463,2.0,1.023532631438318,3.9047619047619047,1.3001831372834327,2.85,1.1367080817685318,3.727272727272727,1.1204513623586059,8.5,1.6059101370939324,4.64,1.6552945357246849,frustrarse
fuerte,1.7142857142857142,1.0555973258234952,,,,,,,,,,,,,,,,,4.6,2.0,fuerte
fuerza,2.0476190476190474,1.3219754338182867,,,,,,,,,,,,,,,,,,,fuerza
funesto,2.3636363636363638,1.0269106361049412,,,,,,,,,,,,,,,10.733333333333333,0.5936168397046674,4.666666666666667,1.6583123951777,funesto
furia,4.0476190476190474,1.5961262630566069,,,,,,,,,,,,,,,,,4.72,1.6462077633154324,furia
furioso,4.181818181818182,1.4354811251305466,,,,,,,,,,,,,,,6.285714285714286,1.7071279138616757,4.695652173913044,1.6633695978261513,furioso
furor,3.5789473684210527,1.464991068371871,,,,,,,,,,,,,,,,,,,furor
generosidad,2.35,1.2258187382102494,,,,,,,,,,,,,,,,,,,generosidad
generoso,2.238095238095238,1.0442586798663398,,,,,,,,,,,,,,,,,5.08,1.605199883711268,generoso
goce,3.380952380952381,1.430950400125402,,,,,,,,,,,,,,,,,,,goce
gozar,3.1818181818181817,1.651445647689541,,,,,,,,,,,,,,,8.869565217391305,2.3799226081016505,,,gozar
gozo,3.2857142857142856,1.4880476182856899,,,,,,,,,,,,,,,,,,,gozo
gozoso,3.4761904761904763,1.2090925365350504,,,,,,,,,,,,,,,,,,,gozoso
gracia,2.6,1.5355437918998291,,,,,,,,,,,,,,,,,,,gracia
gracioso,2.5,1.4327007988227578,,,,,,,,,,,,,1.0,0.0,,,4.6521739130434785,1.668115312456598,gracioso
grandiosidad,2.0,1.1697953037312037,6.64,1.8,7.32,1.8193405398660258,3.95,1.0500626547722607,1.3,0.7326950970650465,1.5714285714285714,0.8701395618766321,1.6818181818181819,1.0861186305619104,1.5238095238095237,0.9807674351775563,8.761904761904763,1.75797502555531,3.272727272727273,1.804275825757042,grandiosidad
grandioso,2.3181818181818183,1.249242194534775,,,,,,,,,,,,,,,,,,,grandioso
gratificado,3.857142857142857,1.1952286093343933,7.3,1.7501879598308419,4.590909090909091,1.9188064472004938,4.2,0.6155870112510919,1.0,0.0,1.0,0.0,1.0476190476190477,0.21821789023599242,1.3,0.6569466853317865,9.666666666666666,1.7416467303484187,4.375,1.7891581697887247,gratificado
grima,3.210526315789474,1.4749368110164003,2.92,1.9561867668161612,2.423076923076923,1.4191004734852828,1.1,0.3077935056255463,4.25,0.9665456669582609,2.7,1.218281792655455,2.9545454545454546,1.2527027058580458,2.2222222222222223,1.262842524557225,8.285714285714286,1.978455385973035,3.909090909090909,1.5708381417359547,grima
grimoso,3.466666666666667,1.187233679409327,2.5,1.0513149660756937,5.9375,1.7308475765743594,1.4210526315789473,0.507257273501788,3.782608695652174,1.2415723806063765,2.8823529411764706,1.2187264326529796,2.2666666666666666,1.3870146083619754,2.7142857142857144,1.5406577730392867,10.3125,1.40089257261219,4.3125,1.8874586088176875,grimoso
gustar,2.6363636363636362,1.5597757636597747,,,,,,,,,,,,,,,3.217391304347826,1.5654369630794764,,,gustar
gusto,2.2,1.5423836644690752,,,,,,,,,,,,,,,,,,,gusto
gustoso,2.7142857142857144,1.4880476182856899,,,,,,,,,,,,,,,7.619047619047619,2.0365704131257156,4.523809523809524,1.569045812557671,gustoso
hartarse,3.3181818181818183,1.6729319468230914,2.25,1.51744244666721,7.636363636363637,0.9021379128785187,1.2,0.4103913408340616,1.5,0.7400128699009549,4.0476190476190474,1.1169686869465267,2.526315789473684,1.3067525929499,3.5454545454545454,1.0107645728086343,7.65,1.8994459025837254,3.9565217391304346,1.8703004345331848,hartarse
hartazgo,2.4444444444444446,1.509230856356236,2.9166666666666665,0.9962049198956221,6.5,1.6525039276108335,1.0,0.0,3.0,1.0954451150103321,3.375,1.1877349391654208,2.75,1.2583057392117916,2.75,1.164964745021435,10.727272727272727,0.4670993664969204,3.75,1.7525491637693282,hartazgo
harto,3.5714285714285716,1.3627702877384942,,,,,,,,,,,,,,,,,4.0,1.5118578920369088,harto
hastiado,3.125,1.6420805617960927,2.7142857142857144,1.2535663410560176,5.666666666666667,2.103388319888276,1.3333333333333333,0.7071067811865476,1.75,1.3887301496588271,2.9,1.370320319406298,2.5384615384615383,1.3301243435223524,3.0,1.1547005383792515,10.8,0.7745966692414876,4.5,1.927248223318863,hastiado
hastiarse,3.4,1.5055453054181622,2.7142857142857144,1.3801311186847085,5.75,1.9128750375000738,1.2,0.6324555320336759,1.4545454545454546,0.8201995322647243,2.8,1.3038404810405295,2.5714285714285716,0.9759000729485333,2.6666666666666665,1.1547005383792517,10.923076923076923,0.27735009811261196,3.625,1.7841898254763513,hastiarse
hastío,2.8,1.3984117975602017,,,,,,,,,,,,,,,,,,,hastio
hechizado,2.15,1.2258187382102494,4.75,2.3591925469711477,5.75,1.7997584378973221,2.1,1.3337718577107003,1.2608695652173914,0.540823555863717,1.4,0.7539370349250518,2.0476190476190474,1.023532631438318,1.6,0.9403246919632544,6.65,1.8994459025837254,4.6521739130434785,1.747951935374496,hechizado
hechizar,1.4761904761904763,0.9283882603225668,5.6923076923076925,1.2575923272422036,5.84,2.0952326839756963,2.7,1.218281792655455,1.6842105263157894,1.1572300058975777,1.8095238095238095,1.123345344008138,1.7727272727272727,1.192509086790504,1.7142857142857142,1.1464230084422218,6.65,1.980829172474576,3.6363636363636362,1.9650628136199262,hechizar
herida,1.5714285714285714,1.0757057484009542,,,,,,,,,,,,,,,,,,,herida
herido,2.619047619047619,1.430950400125402,,,,,,,,,,,,,,,,,,,herido
herir,2.272727272727273,1.5486343655842065,,,,,,,,,,,,,,,,,,,herir
hiperactividad,1.6,1.0462967275611939,4.2,1.7044832524535805,8.35,0.8750939799154193,2.3,1.1285761872936695,1.3333333333333333,0.8320502943378437,2.380952380952381,1.023532631438318,1.6,0.8207826816681232,1.6,0.8207826816681232,8.476190476190476,2.135861597085532,5.3,1.6889735281961558,hiperactividad
hiperactivo,1.9047619047619047,1.220850601210562,4.45,1.731290969494334,8.125,1.034723235417589,2.45,1.190974832912761,1.173913043478261,0.3875533878815899,2.0,1.025978352085154,1.8571428571428572,0.7928249671720918,1.8,0.9514531821875089,7.904761904761905,2.022492568707285,5.0,1.5118578920369088,hiperactivo
histeria,3.380952380952381,1.4654757069358222,,,,,,,,,,,,,,,10.142857142857142,1.2363540870525005,,,histeria
histérico,4.35,1.039989878493258,2.65,1.5312533566021216,8.166666666666666,0.8164965809277259,1.4,0.6805570473787205,1.6521739130434783,0.8846517369293828,4.15,0.6708203932499374,3.5714285714285716,1.028174526596948,3.0,1.2977713690461004,9.142857142857142,1.9048809486609481,4.809523809523809,1.6917165134574887,histerico
honra,1.9090909090909092,1.269011272759076,,,,,,,,,,,,,,,9.55,1.5381123085406387,,,honra
honrado,2.619047619047619,1.3955712262794215,,,,,,,,,,,,,,,,,,,honrado
honrar,1.7272727272727273,1.0771133460194242,,,,,,,,,,,,,,,9.08695652173913,1.85651294533745,3.739130434782609,1.8394018618796069,honrar
horrible,2.7142857142857144,1.2305631695633157,,,,,,,,,,,,,3.25,1.292692009559488,,,3.772727272727273,1.797665633982508,horrible
horror,3.727272727272727,1.5175738212786565,,,,,,,,,,,,,,,,,,,horror
horrorizado,4.2727272727272725,0.7672969364884688,2.076923076923077,1.5472059183722617,2.0384615384615383,1.280024038235821,1.0,0.0,2.45,1.2763022245616642,3.0476190476190474,1.321975433818287,4.136363636363637,0.8888437939499205,3.3333333333333335,1.4259499757471623,7.35,1.8994459025837254,5.142857142857143,1.388730149658827,horrorizado
horrorizarse,3.5,1.300183137283433,1.95,1.234376040972246,7.791666666666667,0.9770927002733839,1.35,0.9333020044867295,1.826086956521739,1.1140496934013262,2.75,1.019545822516343,4.095238095238095,0.8309489698388162,3.85,1.2680278927697552,8.047619047619047,1.5961262630566069,4.0,1.3451854182690985,horrorizarse
horroroso,2.45,1.4317821063276355,,,,,,,,,,,,,,,,,,,horroroso
hostil,3.238095238095238,1.3001831372834327,,,,,,,,,,,,,,,,,4.52,1.4753530650887154,hostil
hostilidad,2.9523809523809526,1.5321941938341392,,,,,,,,,3.380952380952381,1.3955712262794215,,,,,,,,,hostilidad
humillación,3.0476190476190474,1.7168631417847633,,,,,,,,,,,,,,,8.043478260869565,1.5514878744308418,4.56,1.6093476939431077,humillacion
humillado,3.5714285714285716,1.2873006086935788,,,,,,,,,4.476190476190476,0.8728715609439697,,,4.25,0.9665456669582609,8.619047619047619,1.9358768162305804,4.714285714285714,1.7071279138616748,humillado
humillante,2.857142857142857,1.5583874449479593,,,,,,,,,,,,,,,9.095238095238095,1.5781242633190178,4.761904761904762,1.51343192462568,humillante
humillarse,2.590909090909091,1.5010818609412189,1.6,0.9403246919632544,6.708333333333333,1.3981094896064232,1.2,0.6958523739384593,2.5652173913043477,1.3082287455154336,3.65,1.3088765773505318,3.380952380952381,1.3955712262794215,4.45,0.9445132413883324,8.619047619047619,1.6271505915615334,4.130434782608695,1.6598014072359535,humillarse
humor,2.95,1.6050905860647502,,,,,,,,,,,,,,,,,,,humor
huraño,2.5,1.4337208778404378,2.9444444444444446,1.3920878193318218,2.857142857142857,2.348719548282322,1.5,0.7071067811865476,3.0,1.224744871391589,2.75,1.2817398889233114,2.111111111111111,1.0540925533894596,3.0,1.4142135623730951,10.714285714285714,0.6112498455021287,5.5,1.8708286933869707,hurano
ilusión,3.761904761904762,1.4108423691100964,,,,,,,,,,,,,,,,,,,ilusion
ilusionado,4.428571428571429,0.7464200272921797,,,,,,,,,,,,,,,,,,,ilusionado
ilusionarse,3.5714285714285716,1.3255726525328058,7.6,1.2732056517228256,7.2727272727272725,1.9562310259373308,4.8,0.5231483637805964,1.1,0.447213595499958,1.5238095238095237,0.8135752957807667,1.75,1.0699237552766379,1.1,0.447213595499958,6.904761904761905,2.022492568707285,4.130434782608695,1.6598014072359535,ilusionarse
impaciencia,3.0952380952380953,1.4800257398019097,,,,,,,,,,,,,,,,,,,impaciencia
impacientarse,3.5238095238095237,1.4703417160322843,3.25,0.910465468000326,7.0,1.745743121887939,1.45,0.7591546545162483,1.85,1.0894228312566052,3.238095238095238,1.0442586798663394,2.05,0.9445132413883327,1.95,0.998683343734455,7.476190476190476,2.0885173597326787,4.72,1.7682382946499788,impacientarse
impaciente,3.0,1.4474937289114918,,,,,,,,,,,,,,,6.809523809523809,2.0885173597326787,4.76,1.7860571099491744,impaciente
impactado,3.65,1.1367080817685318,4.0,1.7770466332772772,7.125,0.6796738348201514,2.1,0.9119095061289914,1.173913043478261,0.491026190103531,2.15,1.0399898784932577,2.8095238095238093,1.2090925365350504,2.4,1.2732056517228265,8.55,1.4317821063276361,4.24,1.5077577170531522,impactado
impactarse,3.4285714285714284,1.325572652532805,3.85,1.8715318802914818,7.75,0.9665456669582609,2.7,1.1742858972247994,1.5185185185185186,0.8024179982245189,2.5714285714285716,1.468721504282843,2.45,1.0990426455975697,2.45,1.234376040972246,8.952380952380953,1.5961262630566069,4.476190476190476,1.4703417160322843,impactarse
impacto,2.238095238095238,1.5461164867099084,,,,,,,,,,,,,,,8.095238095238095,1.9976176286957903,,,impacto
impasible,2.411764705882353,1.175735064194511,,,,,,,,,,,,,,,10.375,0.9574271077563381,4.368421052631579,1.8622127314863741,impasible
imperturbable,1.5789473684210527,0.8377078165833909,,,,,,,,,,,,,,,10.68421052631579,0.6710382982071957,3.8636363636363638,1.8334317171555259,imperturbable
importante,1.6,0.9403246919632544,,,,,,,,,,,2.5714285714285716,1.1649647450214349,,,,,4.478260869565218,1.9509802947933477,importante
impotencia,3.25,1.7434086394791457,,,,,,,,,,,,,,,,,,,impotencia
impotente,4.05,1.0500626547722607,,,,,,,,,,,,,,,,,,,impotente
impresión,2.0454545454545454,1.2901558682973793,,,,,,,,,,,,,,,,,,,impresion
impresionado,3.5454545454545454,1.4712247158412488,,,,,,,,,,,,,,,,,,,impresionado
impresionante,2.761904761904762,1.4800257398019097,,,,,,,,,,,,,,,,,3.6956521739130435,1.6633695978261513,impresionante
impulsado,2.7,1.3416407864998736,5.85,1.9269556026896,6.818181818181818,1.5625487005397434,2.65,1.3088765773505318,1.1363636363636365,0.3512500866571044,2.4285714285714284,1.5023790657297036,1.8,1.105012502906165,1.7727272727272727,0.9223065383316712,9.380952380952381,1.774153050787628,3.76,1.535143858622594,impulsado
impulsivo,2.857142857142857,1.4242792663559452,4.5,1.3178930553209385,7.363636363636363,1.619684112219608,2.4,1.0462967275611939,1.7,1.0809352675491624,3.380952380952381,1.3592715135759479,2.75,1.2513150976809202,1.45,0.7591546545162483,8.857142857142858,1.71130693581585,4.3478260869565215,1.5842605287404279,impulsivo
impulso,1.6,0.8207826816681232,,,,,,,,,,,,,,,,,,,impulso
incertidumbre,2.857142857142857,1.5259657363687524,,,,,,,,,,,,,,,9.952380952380953,1.2835961388299035,,,incertidumbre
incierto,2.1904761904761907,1.123345344008138,,,,,,,,,,,,,,,,,4.142857142857143,1.7968225924034424,incierto
incitado,2.1,1.2096106376585989,4.6,1.707825127659933,4.458333333333333,1.6934443076725036,2.1,0.9119095061289914,1.8,0.894427190999916,2.5238095238095237,1.123345344008138,2.0476190476190474,0.9734572654303051,1.7,0.7326950970650465,9.952380952380953,1.3219754338182828,4.041666666666667,1.8991798382383418,incitado
incomodarse,3.1904761904761907,1.2497618820818477,2.55,1.2343760409722457,5.8,2.3753116139062462,1.25,0.4442616583193193,2.0,1.0,2.9047619047619047,0.8309489698388162,2.05,1.0990426455975697,2.6,1.4290224851827544,8.333333333333334,2.00831604418561,4.238095238095238,1.51343192462568,incomodarse
incomodidad,3.4761904761904763,1.1670067531530235,,,,,,,,,,,,,,,,,,,incomodidad
incómodo,3.7142857142857144,1.4540583599999395,,,,,,,,,,,,,,,,,4.181818181818182,1.6514456476895405,incomodo
inconforme,2.5714285714285716,1.4342743312012722,3.45,1.4680814547887784,6.1,1.9166857359844658,1.95,1.0500626547722611,1.7037037037037037,1.0675210253672476,3.15,1.1367080817685318,1.7894736842105263,1.134261745631201,2.3,1.1285761872936695,9.052631578947368,1.8096557134354576,3.652173913043478,1.5842605287404279,inconforme
inconsolable,3.2,1.4363696929192156,1.8421052631578947,0.9581903020646578,7.083333333333333,1.1389036172018066,1.1,0.3077935056255463,1.6956521739130435,1.0632190661423897,2.75,1.3717065820970682,3.142857142857143,1.3887301496588274,4.25,0.8506963092234007,9.238095238095237,1.8413245749938256,3.8,1.5761378513048243,inconsolable
indecisión,2.5933170995670993,1.169182085412583,,,,,,,,,,,,,,,8.2,1.6415653633362473,,,indecision
indeciso,2.6666666666666665,1.3904435743076138,,,,,,,,,,,,,,,7.260869565217392,1.9121000188832808,4.6,1.8180382718454353,indeciso
indefensión,2.35,1.5652475842498528,,,,,,,,,,,,,,,10.4,1.2311740225021888,3.85,1.6944180805158295,indefension
indefenso,2.3181818181818183,1.4271638086766831,,,,,,,,,,,,,,,,,4.4,1.8708286933869707,indefenso
indiferencia,3.0952380952380953,1.179184544707142,,,,,,,,,,,,,,,,,,,indiferencia
indiferente,2.8,1.673320053068151,,,,,,,,,,,,,,,,,3.84,1.8859126879754182,indiferente
indignación,3.5454545454545454,1.595448070434931,,,,,,,,,,,,,,,,,,,indignacion
indignado,3.8095238095238093,1.0304876330673562,2.8,1.6091841672756186,7.05,1.6375527311718616,1.15,0.36634754853252327,1.7407407407407407,1.0951850069418407,3.9523809523809526,1.0235326314383182,1.85,1.1821033884786183,2.6,1.1876558069531231,9.15,1.4608937423083812,4.32,1.6,indignado
indignarse,3.090909090909091,1.5402254290506867,2.75,1.292692009559488,7.5,1.4689774459950382,1.25,0.5501196042201808,1.9259259259259258,0.997146927138621,3.761904761904762,0.9952267030562383,1.8,0.894427190999916,2.65,1.2680278927697552,9.380952380952381,1.2440333788202984,4.666666666666667,1.7416467303484178,indignarse
indispuesto,1.5454545454545454,1.0107645728086347,3.0,1.2977713690461004,5.2,1.9358120830939747,1.15,0.36634754853252327,2.7777777777777777,1.2506408613597124,2.238095238095238,1.0910894511799618,2.1,1.0711528467275953,2.6,1.2732056517228267,9.15,1.8144159564878977,4.44,1.386842937514315,indispuesto
inestabilidad,2.5,1.4719601443879744,,,,,,,,,,,,,,,9.347826086956522,1.8242980132387132,,,inestabilidad
inestable,2.6818181818181817,1.3587937099944003,,,,,,,,,,,,,,,8.4,1.6670175069329807,3.3,1.7198531149031608,inestable
infelicidad,4.238095238095238,1.0910894511799616,,,,,,,,,,,,,4.6,0.5982430416161193,,,3.8,2.0207259421636903,infelicidad
infeliz,4.619047619047619,0.9206622874969128,,,,,,,,,,,,,,,,,,,infeliz
inflamación,1.0,0.0,,,,,,,,,,,,,,,7.086956521739131,2.1513852509543043,5.5,1.4446302370292303,inflamacion
inflamado,1.0,0.0,2.65,1.3088765773505318,5.636363636363637,1.5597757636597749,1.25,0.4442616583193193,2.409090909090909,1.2212051389271137,2.4761904761904763,1.0779168622415933,2.9,1.119210247874531,2.5238095238095237,1.2891488517253398,7.809523809523809,1.9136103997169223,5.7,1.1285761872936706,inflamado
inquietarse,3.15,1.3869694338832115,3.15,1.2680278927697552,6.818181818181818,2.301890809465405,1.6,0.7539370349250518,1.7,1.0809352675491624,2.619047619047619,1.283596138829908,2.85,1.2680278927697552,2.1,0.9119095061289914,8.095238095238095,2.2339373738930535,4.68,1.4352700094407331,inquietarse
inquieto,2.409090909090909,1.09801079485937,,,,,,,,,,,,,,,,,4.5,1.670171752907624,inquieto
inquietud,3.142857142857143,1.3147514702678331,,,,,,,,,,,,,,,,,,,inquietud
insatisfacción,3.2857142857142856,1.5212776585113297,,,,,,,,,,,,,,,,,,,insatisfaccion
insatisfecho,3.7142857142857144,1.346954236151219,,,,,,,,,,,,,,,8.478260869565217,1.7804382815217987,4.714285714285714,1.4880476182856899,insatisfecho
inseguridad,3.5714285714285716,1.2478553029669979,,,,,,,,,,,,,,,,,,,inseguridad
inseguro,3.4285714285714284,1.3989792196965818,,,,,,,,,,,,,,,,,,,inseguro
insensibilidad,2.7142857142857144,1.5856499343441837,,,,,,,,,,,,,,,9.238095238095237,1.5134319246256809,4.333333333333333,1.5916448515084431,insensibilidad
insensibilizarse,2.5238095238095237,1.569045812557671,2.85,1.4244112357114618,5.166666666666667,2.180280529749738,1.25,0.5501196042201808,1.9130434782608696,1.2027636160965018,2.75,1.4095538674570611,2.8095238095238093,1.2891488517253398,3.35,1.2680278927697552,10.142857142857142,1.388730149658825,3.3636363636363638,1.3988244910316507,insensibilizarse
insensible,2.1818181818181817,1.3322506426689291,,,,,,,,,,,,,,,8.2,1.361114094757442,4.56,1.529705854077835,insensible
inspiración,1.9523809523809523,1.1608699529314417,,,,,,,,,,,,,,,,,,,inspiracion
inspirado,2.4761904761904763,1.435933411375598,,,,,,,,,,,,,,,,,3.92,1.5790292376436013,inspirado
inspirarse,2.1,1.4473205733717955,7.1,1.2937094768634547,4.583333333333333,2.0834057958412533,3.7,0.9233805168766384,1.0434782608695652,0.20851441405707463,1.05,0.22360679774997888,1.1428571428571428,0.35856858280031817,1.2,0.4103913408340616,8.8,1.3992479182911468,4.095238095238095,1.51343192462568,inspirarse
intenso,2.9047619047619047,1.338086764928265,6.1,1.2523661815266238,7.458333333333333,1.020620726159656,3.3,0.9233805168766384,1.1304347826086956,0.45769658728016005,2.9,1.119210247874531,2.3333333333333335,1.2780193008453877,1.55,0.7591546545162483,7.5,2.23606797749979,4.25,2.0487480130686233,intenso
interés,1.8181818181818181,1.1806521053804941,,,,,,,,,,,,,,,,,,,interes
interesado,2.9523809523809526,1.283596138829908,,,,,,,,,,,,,,,7.3,1.7198531149031617,,,interesado
interesarse,1.6363636363636365,0.902137912878521,7.25,1.2085223687584246,5.818181818181818,1.9182423412211709,3.4,0.9403246919632549,1.1363636363636365,0.3512500866571044,1.3333333333333333,0.7302967433402214,1.2,0.4103913408340616,1.2272727272727273,0.42893202722888873,6.619047619047619,1.6575943555704598,,,interesarse
intimidación,2.5714285714285716,1.1649647450214349,,,,,,,,,,,,,,,9.047619047619047,2.0118695404073916,4.428571428571429,1.6903085094570336,intimidacion
intimidado,3.5714285714285716,1.075705748400955,2.45,1.0500626547722611,6.2272727272727275,2.245245096003005,1.2,0.4103913408340616,2.25,1.332784974957958,3.0,0.8944271909999159,3.55,1.1459310165698637,2.65,1.2680278927697552,9.35,1.4608937423083812,4.16,1.5989579940281944,intimidado
intimidar,2.2,1.399247918291146,,,,,,,,,,,,,,,,,,,intimidar
intranquilidad,2.8,1.361114094757441,,,,,,,,,,,,,,,,,4.380952380952381,1.8021151593666394,intranquilidad
intranquilizarse,2.5714285714285716,1.3989792196965818,2.473684210526316,1.2187617145935725,7.541666666666667,0.88362724123313,1.5,0.7608859102526822,1.391304347826087,0.6563764465043606,3.1,1.3337718577107005,3.0,1.224744871391589,2.95,1.3168942730211066,8.944444444444445,1.4337208778404358,3.6363636363636362,1.4324622340390167,intranquilizarse
intranquilo,3.9523809523809526,1.1169686869465267,2.65,1.3869694338832115,7.375,0.9696480760071398,1.6,0.8825799501580877,1.3043478260869565,0.6349504353380415,2.8,1.2814465510343747,2.857142857142857,1.195228609334394,2.75,1.0699237552766379,,,4.3,1.922169826551562,intranquilo
intriga,3.0952380952380953,1.2208506012105615,,,,,,,,,,,,,,,,,,,intriga
intrigado,3.15,1.496487114615601,5.8,1.542383664469076,6.55,1.9049796241485248,2.95,1.0990426455975695,1.3333333333333333,0.6201736729460423,1.8095238095238095,0.9807674351775563,1.85,0.8127277008872489,1.5,0.8271701918685112,7.857142857142857,2.174527863369755,3.909090909090909,1.715728108915554,intrigado
intrigarse,3.5714285714285716,1.075705748400955,4.65,1.5312533566021216,6.541666666666667,1.215092290882596,2.6,1.046296727561194,1.1304347826086956,0.6255432421712243,1.5,0.7608859102526822,1.6666666666666667,0.8563488385776752,1.3,0.6569466853317865,8.217391304347826,2.392346161846726,4.6,1.9574419397183718,intrigarse
ira,4.809523809523809,0.8728715609439697,,,,,,,,,,,,,,,6.217391304347826,2.194135193877501,,,ira
iracundo,3.5454545454545454,1.4396969378057562,3.3333333333333335,1.9364916731037085,6.777777777777778,1.3017082793177752,1.4444444444444444,0.8819171036881968,1.8333333333333333,0.9831920802501749,4.166666666666667,1.029857301088874,2.5,1.224744871391589,3.0,1.1832159566199232,10.727272727272727,0.9045340337332942,4.666666666666667,1.7320508075688772,iracundo
irascible,3.75,1.2382783747337807,,,,,,,,,,,,,,,10.578947368421053,0.9015905373704951,4.5,1.6890651782777917,irascible
irritable,3.65,1.3869694338832115,2.2,0.9514531821875089,7.583333333333333,0.9286112429750712,1.2,0.4103913408340616,2.0,1.1677484162422844,4.1,0.7880689256524127,2.6666666666666665,1.0165300454651267,2.95,1.0500626547722607,8.857142857142858,2.15141149680191,4.523809523809524,1.9395630337539334,irritable
irritación,3.857142857142857,1.1952286093343933,,,,,,,,,,,,,,,,,,,irritacion
irritado,3.9523809523809526,1.0235326314383182,2.25,1.164157703189193,7.380952380952381,1.5961262630566069,1.1,0.3077935056255463,2.3,1.1742858972247996,4.0476190476190474,0.8047478161629569,2.75,1.2085223687584246,2.4,1.1424811411549587,8.25,1.7434086394791457,4.619047619047619,1.430950400125402,irritado
irritarse,3.6,1.465390194130093,2.2,1.0052493799000692,7.681818181818182,1.0413527665568394,1.2,0.4103913408340616,2.0,1.2344267996967353,4.095238095238095,1.0910894511799616,2.5,1.0,3.227272727272727,1.3427696388548198,8.6,1.8180382718454347,4.130434782608695,1.6598014072359535,irritarse
jocosidad,3.1818181818181817,1.4012980994907416,5.0588235294117645,2.164214298402948,6.153846153846154,1.4051188470584877,3.0,1.0540925533894598,1.8666666666666667,0.990430401872025,1.9166666666666667,1.3113721705515065,1.3333333333333333,0.6513389472789297,1.4285714285714286,0.85163062725264,10.866666666666667,0.5163977794943233,3.9166666666666665,1.7816403745544227,jocosidad
jocoso,3.5,1.381698559415515,6.3125,1.6620770138594663,5.619047619047619,2.418185073070101,2.909090909090909,1.300349603340998,1.6428571428571428,1.0082080720186268,2.0,1.1547005383792515,1.5454545454545454,0.6875516509523286,1.6428571428571428,0.9287827316640651,10.764705882352942,0.7524469885568231,4.722222222222222,1.5645166724265522,jocoso
júbilo,3.75,1.5447859516333116,,,,,,,,,,,,,,,,,,,jubilo
jubiloso,3.8461538461538463,1.2810252304406966,,,,,,,,,,,,,,,,,,,jubiloso
lamentar,3.5238095238095237,1.3273676061682242,,,,,,,,,,,,,,,,,,,lamentar
lamento,3.142857142857143,1.492840054584358,,,,,,,,,,,,,,,8.095238095238095,1.8139669761261346,,,lamento
languidecer,1.625,1.0606601717798212,3.4444444444444446,1.1303883305208784,4.3076923076923075,1.7974340685458343,1.25,0.4629100498862757,1.75,1.164964745021435,1.8,1.0327955589886446,1.9166666666666667,0.9003366373785199,2.7,1.1595018087284055,10.9,0.31622776601685393,3.6153846153846154,1.445594545418455,languidecer
languidez,1.6363636363636365,1.1200649331826502,3.3529411764705883,1.4975470138942313,3.35,1.6944180805158295,1.4285714285714286,0.5345224838248487,2.3,1.3374935098492586,2.0,0.9534625892455924,1.875,1.1259916264596033,2.8,1.3165611772087664,10.818181818181818,0.404519917477958,,,languidez
lánguido,1.5555555555555556,0.7264831572567788,,,,,,,,,,,,,,,,,3.875,1.9621416870348585,languido
lascivia,2.3,1.2516655570345725,3.4545454545454546,1.2933395813657262,6.625,1.5864005379054391,1.7777777777777777,1.0929064207170003,3.0,1.5118578920369088,2.2857142857142856,1.3801311186847085,2.6,1.07496769977314,2.142857142857143,1.9518001458970662,11.0,0.0,4.818181818181818,1.6624188291872668,lascivia
lascivo,2.5,1.2692955176439846,3.25,1.4222261679238197,5.705882352941177,2.3654995741479463,1.5833333333333333,1.164500152881315,2.6,1.5055453054181622,2.7777777777777777,1.2018504251546631,2.25,1.0552897060221726,2.6,1.5023790657297034,10.9375,0.25,4.352941176470588,1.9345922202943775,lascivo
lasitud,1.0,0.0,4.0,1.5491933384829668,2.5,1.2909944487358056,1.5,0.8366600265340756,,,2.0,1.4142135623730951,1.8,1.3038404810405297,2.0,,11.0,0.0,4.0,2.581988897471611,lasitud
lástima,3.6,1.1876558069531231,,,,,,,,,,,,,,,,,,,lastima
lastimado,3.227272727272727,1.4119158946291717,1.9,0.967906041546987,5.916666666666667,1.7916877315917061,1.35,0.4893604849295928,1.7826086956521738,1.2415723806063765,3.2,1.1050125029061648,3.4285714285714284,1.2873006086935783,4.15,0.8127277008872493,6.238095238095238,2.0470652628766364,4.25,1.7434086394791457,lastimado
lastimar,2.4285714285714284,1.2873006086935783,,,,,,,,,,,,,,,,,,,lastimar
lastimero,2.235294117647059,1.2514697241996051,,,,,,,,,,,,,,,10.3,1.2182817926554512,3.8095238095238093,1.6917165134574887,lastimero
lastimoso,3.15,1.6311119875071343,2.45,0.998683343734455,5.571428571428571,2.181087539999909,1.2,0.5231483637805969,1.6363636363636365,0.902137912878521,2.4761904761904763,1.1670067531530235,2.5,1.3572417850765923,3.909090909090909,0.9211323729436764,7.909090909090909,2.2867962807030335,3.909090909090909,1.8233692233542071,lastimoso
leal,1.7619047619047619,1.13599128098599,,,,,,,,,,,,,,,,,4.761904761904762,1.6402671094904604,leal
lealtad,1.7,1.1742858972247996,,,,,,,,,,,,,,,,,,,lealtad
libertad,2.4285714285714284,1.468721504282843,,,,,,,,,,,,,,,,,,,libertad
libidinoso,1.8333333333333333,1.169045194450012,5.444444444444445,0.8819171036881973,7.0,1.5374122295716148,2.75,1.0350983390135313,1.875,0.8345229603962802,1.5555555555555556,0.7264831572567788,1.75,0.7071067811865476,1.5,0.8498365855987975,10.916666666666666,0.2886751345948248,3.769230769230769,1.7867030229749132,libidinoso
libre,2.6,1.5008769366431645,,,,,,,,,,,,,,,,,,,libre
llorar,3.857142857142857,1.388730149658827,,,,,,,,,3.0,1.0954451150103321,,,4.4,0.8207826816681236,2.739130434782609,1.4211836073673954,,,llorar
loco,1.7272727272727273,1.202450600185906,,,,,,,,,,,,,,,,,,,loco
locura,2.1904761904761907,1.4006801069140526,,,,,,,,,,,,,,,6.086956521739131,2.172410547970343,,,locura
luctuoso,1.6666666666666667,0.5773502691896255,3.6666666666666665,1.6329931618554518,5.0,2.8284271247461903,3.0,1.1547005383792515,2.3333333333333335,1.211060141638997,1.0,0.0,3.0,1.0,2.8333333333333335,1.8348478592697182,11.0,0.0,4.5,1.7320508075688772,luctuoso
lúgubre,1.9090909090909092,1.4459976109624424,,,,,,,,,,,,,,,10.45,1.0500626547722565,4.571428571428571,1.7768350675126992,lugubre
lujuria,2.65,1.598519051464429,,,,,,,,,,,,,,,,,,,lujuria
lujurioso,2.238095238095238,1.3749458863810569,5.576923076923077,1.6774522806465024,5.730769230769231,2.6915823198660274,2.85,1.3484884325167863,2.0,1.1239029738980326,2.15,1.2680278927697548,1.45,0.6863327411532598,1.8095238095238095,1.3273676061682242,10.333333333333334,0.9128709291752727,4.368421052631579,1.535162905426923,lujurioso
malestar,3.5238095238095237,1.6618979396776332,,,,,,,,,,,,,,,,,,,malestar
malhumor,4.0,1.2649110640673518,2.35,1.3088765773505315,7.3,1.525226471535846,1.1,0.3077935056255463,2.0,1.3008872711759818,3.9523809523809526,0.8646496675642964,2.2,1.399247918291146,2.95,1.431782106327635,6.809523809523809,2.0885173597326787,5.0,1.760681686165901,malhumor
malhumorarse,3.272727272727273,1.5175738212786565,2.1,1.0711528467275953,7.333333333333333,1.1105554165971805,1.1,0.3077935056255463,1.7272727272727273,0.9351250581921513,4.0,1.0,2.9,1.2523661815266252,3.1818181818181817,1.2960145368218985,7.6,2.1126187291456167,4.76,1.714642819948224,malhumorarse
malicia,2.3157894736842106,1.3764944032233706,,,,,,,,,,,,,,,,,,,malicia
malicioso,2.2,1.3611140947574412,,,,,,,,,,,,,,,9.047619047619047,1.7168631417847633,4.478260869565218,1.4418915990459236,malicioso
maravillado,3.5,1.3178930553209385,7.538461538461538,1.363254025653892,8.23076923076923,0.8629109946080077,4.6,0.5982430416161193,1.2,0.6958523739384593,1.0952380952380953,0.30079260375911926,1.1818181818181819,0.3947710169758614,1.2857142857142858,0.9561828874675149,8.1,1.8890264827766647,4.173913043478261,1.7748796095675046,maravillado
maravillarse,3.9523809523809526,1.1169686869465267,7.7,1.4545753585442773,6.7272727272727275,1.881787857630488,4.5,0.7608859102526822,1.0,0.0,1.0476190476190477,0.21821789023599242,1.05,0.22360679774997888,1.0,0.0,8.80952380952381,1.56904581255767,3.6363636363636362,1.5900121157206717,maravillarse
marginación,1.9047619047619047,1.300183137283433,,,,,,,,,,,,,,,,,4.4,1.5275252316519468,marginacion
marginado,2.857142857142857,1.4242792663559452,2.0,1.0760551736979407,5.75,2.197486602557807,1.0,0.0,2.074074074074074,1.356634011240998,3.4285714285714284,1.325572652532805,3.0,1.4867838833500564,4.15,1.1367080817685318,7.95,2.4381831026617475,5.190476190476191,1.56904581255767,marginado
marginar,1.9523809523809523,1.1608699529314417,1.55,0.7591546545162483,6.181818181818182,2.061815280543398,1.05,0.22360679774997888,3.85,1.1821033884786187,3.5238095238095237,1.3273676061682242,3.3,1.1285761872936693,4.15,0.9880869341680846,7.857142857142857,1.2761549390929903,4.521739130434782,1.4418915990459236,marginar
meditabundo,2.0,1.4142135623730951,4.466666666666667,1.767430203377074,5.105263157894737,2.1316330943956574,1.8571428571428572,0.9492622930986468,1.5454545454545454,0.8201995322647243,1.5833333333333333,0.7929614610987591,1.5,0.8498365855987975,2.25,1.2154310870109943,11.0,0.0,4.0,1.7580981459830651,meditabundo
medroso,2.3333333333333335,0.5773502691896263,3.5,1.9148542155126762,5.25,0.9574271077563381,1.1666666666666667,0.4082482904638632,2.1666666666666665,1.602081978759722,2.3333333333333335,1.0327955589886446,1.8333333333333333,1.169045194450012,3.8,0.44721359549995715,10.11111111111111,1.8333333333333341,5.285714285714286,1.1126972805283728,medroso
melancolía,4.045454545454546,1.174217986060458,,,,,,,,,,,,,,,,,,,melancolia
melancólico,4.55,0.7591546545162478,,,,,,,,,,,,,,,9.217391304347826,1.6224706675911498,3.9565217391304346,1.6370222653443665,melancolico
melodramático,2.272727272727273,1.386390248839742,3.6315789473684212,1.8015587792486039,5.909090909090909,1.7703669490247316,1.368421052631579,0.5972647203701473,1.7826086956521738,1.0425720702853738,2.3157894736842106,0.9459053029269173,2.238095238095238,1.0442586798663398,3.25,1.292692009559488,9.73913043478261,1.5140971298358203,4.9523809523809526,1.6874889770363088,melodramatico
menospreciado,3.3,1.3416407864998736,1.75,1.292692009559488,6.291666666666667,1.398109489606425,1.05,0.22360679774997888,2.391304347826087,1.4058038927888332,3.95,1.0990426455975695,3.0952380952380953,1.1359912809859898,4.3,0.8013147091860314,9.55,1.6050905860647513,3.9473684210526314,1.8700470644857616,menospreciado
menospreciar,2.5238095238095237,1.5368489717290903,,,,,,,,,,,,,,,8.826086956521738,2.208499571141282,4.4,1.707825127659933,menospreciar
menosprecio,2.85,1.598519051464429,,,,,,,,,,,,,,,,,,,menosprecio
miedo,4.904761904761905,0.30079260375911915,,,,,,,,,,,,,,,,,,,miedo
miedoso,4.714285714285714,0.9023778112773573,,,,,,,,,,,,,,,,,,,miedoso
mimar,1.9047619047619047,1.300183137283433,7.0,1.5559732104309982,3.0454545454545454,2.8026734299554694,4.4,0.680557047378721,1.55,0.998683343734455,1.1904761904761905,0.6796357567879738,1.05,0.22360679774997888,1.1,0.3077935056255463,5.05,1.9049796241485242,4.3478260869565215,1.6126966589641065,mimar
mimosa,2.727272727272727,1.3863902488397424,,,,,,,,,,,,,,,5.6521739130434785,2.805978935516314,4.052631578947368,1.5802139169719442,mimosa
mimoso,2.727272727272727,1.4203225046854737,7.0,1.6858544608470492,3.25,2.76966651992238,4.15,0.8750939799154209,1.4814814814814814,1.0141449740988853,1.3333333333333333,0.8563488385776752,1.2,0.6958523739384593,1.15,0.48936048492959294,5.238095238095238,1.9469145308606108,4.318181818181818,1.7011582507043232,mimoso
miserable,2.619047619047619,1.5644868320376009,,,,,,,,,,,,,,,8.904761904761905,1.4800257398019105,4.217391304347826,1.756973682711022,miserable
miseria,1.7,1.1742858972247996,,,,,,,,,,,,,,,,,,,miseria
misericordia,2.5,1.3954814298487213,,,,,,,,,,,,,,,9.19047619047619,2.337071834990264,2.772727272727273,1.7709781580707415,misericordia
misericordioso,1.85,1.0894228312566052,,,,,,,,,,,,,,,9.476190476190476,1.6005951274150372,4.105263157894737,1.8825141829805179,misericordioso
moderado,1.9047619047619047,1.1791845447071423,5.3,0.92338051687664,4.166666666666667,1.7362294645648622,2.5,1.1920791213585393,1.0869565217391304,0.2881040655200303,1.3,0.7326950970650465,1.2857142857142858,0.4629100498862757,1.45,0.8255779474818966,,,3.739130434782609,1.6297627073330148,moderado
molestar,2.0,1.4142135623730951,,,,,,,,,,,,,,,,,,,molestar
molestia,2.8095238095238093,1.3645163106041502,,,,,,,,,,,,,,,,,,,molestia
molesto,3.409090909090909,1.4690162211523254,,,,,,,,,,,2.6363636363636362,1.2167659925061518,,,,,4.4,1.7591864148251213,molesto
morbo,2.4285714285714284,1.3989792196965818,,,,,,,,,,,,,,,10.238095238095237,1.338086764928266,4.32,1.7492855684535902,morbo
morbosa,2.35,1.3088765773505315,,,,,,,,,,,,,,,10.80952380952381,0.8728715609439744,4.2,1.5545631755148024,morbosa
morbosidad,2.0952380952380953,1.4108423691100969,4.578947368421052,1.8653504131242182,6.590909090909091,1.8938268364821766,3.0,1.247219128924647,2.45,1.4680814547887788,1.7619047619047619,0.9952267030562386,2.15,1.0399898784932577,1.5,0.8271701918685112,10.80952380952381,0.6015852075182455,4.55,1.5035046776746235,morbosidad
morboso,1.7727272727272727,1.1518853358037973,,,,,,,,,,,,,,,,,4.260869565217392,1.684620035507004,morboso
morriña,3.25,1.7129537431920892,4.684210526315789,2.083070158815998,4.25,2.151844507070317,1.9473684210526316,0.9112679939102142,1.3,0.9233805168766387,1.4375,0.7274384280931732,1.8125,1.1086778913041726,2.823529411764706,1.2366938848016846,9.176470588235293,2.068673914541846,5.2105263157894735,1.6858544608470487,morrina
mortificación,1.9444444444444444,1.1099667309387473,2.44,1.3868429375143145,3.0454545454545454,2.1039027844477336,1.2941176470588236,0.6859943405700354,3.1875,1.42448821218944,3.0476190476190474,1.2440333788202984,3.466666666666667,1.060098827378619,3.2,1.3992479182911457,10.7,0.656946685331779,3.9047619047619047,1.9469145308606102,mortificacion
mortificado,2.526315789473684,1.3485968449808854,2.1052631578947367,1.4867838833500562,6.809523809523809,1.2891488517253387,1.0588235294117647,0.242535625036333,2.6875,1.5370426148939398,2.7142857142857144,1.0690449676496978,3.3,1.3803127029389886,3.4705882352941178,1.2805100086890935,10.31578947368421,1.3355245153100543,4.470588235294118,1.699913492608651,mortificado
mortificarse,3.0,1.1726039399558574,2.3157894736842106,1.293257367998745,6.809523809523809,1.6618979396776323,1.263157894736842,0.5619514869490164,3.0555555555555554,1.3491706481792796,2.875,1.5,3.3684210526315788,1.2115429242540035,3.764705882352941,1.0325582165612919,10.5,1.2485285456935955,3.380952380952381,1.6874889770363088,mortificarse
mosqueado,4.15,0.8750939799154209,2.923076923076923,1.4400854675491153,2.6,1.3844373104863459,1.1,0.3077935056255463,2.15,1.1821033884786183,3.7142857142857144,0.9561828874675147,2.5454545454545454,1.262170191802038,2.65,1.4608937423083823,7.45,1.7312909694943348,4.8,1.6415653633362464,mosqueado
mosquearse,3.227272727272727,1.4119158946291717,3.3076923076923075,1.7836867610481562,2.76,1.535143858622594,1.05,0.22360679774997888,2.15,1.1367080817685316,3.8095238095238093,0.9283882603225668,2.772727272727273,1.3068252399583535,2.45,1.0500626547722611,7.285714285714286,2.3268617737815265,4.05,1.6375527311718607,mosquearse
mosqueo,3.4761904761904763,1.5368489717290903,2.9,1.410487037944882,7.15,1.4964871146156,1.15,0.36634754853252327,2.185185185185185,1.3019818336507984,3.761904761904762,0.7003400534570258,2.1,1.2523661815266247,2.7,1.5252264715358448,7.7,2.2734161635370636,4.857142857142857,1.6518388022356867,mosqueo
motivación,3.3636363636363638,1.6774542658006548,,,,,,,,,,,,,,,,,3.74,1.77,motivacion
motivado,4.190476190476191,0.8728715609439697,7.4,1.2732056517228256,7.6,2.0365088806711915,4.55,0.7591546545162478,1.0740740740740742,0.38490017945975047,1.380952380952381,0.7400128699009548,1.1,0.3077935056255463,1.05,0.22360679774997888,8.380952380952381,1.9615348703551125,4.695652173913044,1.428119634939456,motivado
motivarse,3.1818181818181817,1.4019158196439492,7.884615384615385,1.1773503497913642,8.23076923076923,0.8629109946080077,4.55,0.6048053188292989,1.0,0.0,1.2380952380952381,0.7684244858645451,1.0909090909090908,0.29424494316824973,1.0952380952380953,0.43643578047198484,8.45,1.4680814547887795,4.666666666666667,1.6227548592850782,motivarse
mustio,2.9444444444444446,1.3491706481792796,2.1578947368421053,0.8983415518941831,3.857142857142857,2.308369863902106,1.263157894736842,0.4524139283588642,2.227272727272727,1.3427696388548196,1.7894736842105263,1.1822270588653645,2.1052631578947367,1.1002392084403616,3.5555555555555554,1.0966377611066327,9.210526315789474,1.7819760370137492,4.909090909090909,1.4444999434337438,mustio
náusea,1.7619047619047619,0.9436504599035548,,,,,,,,,,,,,,,,,6.24,0.9695359714832646,nausea
nauseabundo,2.6470588235294117,1.6179144164088313,2.0526315789473686,1.223550580642996,5.555555555555555,2.2549872106647166,1.1578947368421053,0.501459857121279,3.85,1.2680278927697552,2.1052631578947367,1.0485300208760655,2.8,1.1464230084422218,3.1,1.1652874052533588,10.157894736842104,1.1186876187319217,4.529411764705882,1.8747548859392105,nauseabundo
negatividad,3.5,1.625686668105863,1.75,0.910465468000326,5.7,2.2734161635370636,1.0,0.0,2.814814814814815,1.3019818336507984,4.0,0.7071067811865476,2.8,1.361114094757441,3.8,1.1964860832322373,7.608695652173913,2.08324769257441,4.15,1.8144159564878983,negatividad
negativo,3.6,1.5008769366431645,,,,,,,,,,,,,,,,,,,negativo
negligente,1.55,0.7591546545162483,,,,,,,,,,,,,2.8421052631578947,1.3442535266309137,10.952380952380953,0.21821789023596758,4.0,1.6903085094570331,negligente
nerviosismo,3.5,1.4327007988227578,,,,,,,,,,,,,,,,,,,nerviosismo
nervioso,3.95,1.3168942730211066,,,,,,,,,,,,,,,,,5.0,1.3844373104863459,nervioso
neurosis,2.111111111111111,1.1318329168362204,,,,,,,,,,,,,,,10.863636363636363,0.4675625290960715,,,neurosis
neurótico,2.238095238095238,1.4108423691100969,,,,,,,,,,,,,,,,,,,neurotico
nostalgia,4.285714285714286,0.9023778112773573,,,,,,,,,,,,,,,9.25,1.5517392618742702,,,nostalgia
nostálgico,4.333333333333333,1.0645812948447546,2.85,1.4608937423083823,4.863636363636363,2.1667499151506147,1.8,1.0563093645728086,1.3636363636363635,0.8477114595277798,1.4285714285714286,0.8701395618766321,2.2,1.0052493799000692,3.6818181818181817,1.210523839239841,9.523809523809524,1.6315344807587608,4.304347826086956,1.6077873731169026,nostalgico
obnubilación,2.8333333333333335,1.5275252316519468,4.166666666666667,1.8504708655481241,4.5,1.9771421064483223,1.6153846153846154,0.7679476477883046,1.1111111111111112,0.3333333333333334,2.0,1.3228756555322954,2.6153846153846154,1.192927878405448,1.875,0.8345229603962802,10.6,1.2649110640673558,4.153846153846154,1.4051188470584877,obnubilacion
obnubilado,2.727272727272727,1.5550504230351565,4.3,1.2516655570345723,4.6,2.1646510771286644,1.9166666666666667,1.0836246694508316,1.9230769230769231,1.1151635501529555,1.6,0.7367883976130073,2.3333333333333335,1.1547005383792517,2.230769230769231,1.1657505560686465,11.0,0.0,3.8,1.8973665961010278,obnubilado
obnubilarse,2.0,1.0540925533894598,3.933333333333333,2.0862360730226466,4.928571428571429,2.26899793925681,1.7692307692307692,0.7250110520819841,1.1111111111111112,0.3333333333333334,2.125,1.5526475085202969,2.5384615384615383,1.2659242088545832,2.4444444444444446,1.2360330811826103,10.818181818181818,0.6030226891555358,4.888888888888889,1.6914819275153699,obnubilarse
obsesión,1.95,1.0500626547722611,,,,,,,,,,,,,,,,,,,obsesion
obsesionado,2.090909090909091,1.269011272759076,2.65,1.1821033884786187,7.4,1.5694450913417899,1.6,0.7539370349250518,2.4814814814814814,1.3969849503723908,3.3333333333333335,1.1105554165971787,2.85,1.4608937423083823,2.8,1.4363696929192156,8.380952380952381,1.5321941938341392,5.0476190476190474,1.883512423006296,obsesionado
obsesionarse,1.8181818181818181,1.0970247050377686,3.0,1.4142135623730951,7.3,1.5593520921743182,1.6,0.6805570473787205,2.4814814814814814,1.451004171397555,3.2857142857142856,1.346954236151219,3.0,1.1697953037312037,2.65,1.3484884325167863,8.043478260869565,1.795911034179519,4.608695652173913,1.6716657570106694,obsesionarse
obstinación,2.357142857142857,1.27744594087896,,,,,,,,,,,,,,,10.857142857142858,0.4780914437337507,,,obstinacion
obstinado,2.1176470588235294,1.3173056280328643,3.7333333333333334,1.2798809468443688,5.705882352941177,1.7594283831102975,1.7333333333333334,0.8837151016885367,1.6,0.8280786712108251,2.5,1.3662601021279464,2.3333333333333335,0.9847319278346621,2.230769230769231,1.2351684199496948,10.466666666666667,1.2459458063579465,4.4375,1.7114808402861736,obstinado
obstinarse,1.7142857142857142,0.8254203058555569,4.411764705882353,1.9058732752144019,3.6666666666666665,1.957890020745122,1.6428571428571428,0.744946343668492,2.0625,1.0626225419530053,2.7058823529411766,1.046703508780838,2.0,1.1338934190276817,2.1538461538461537,1.281025230440697,10.666666666666666,1.1881770515720091,3.6818181818181817,1.6150000335062247,obstinarse
odiado,3.5,1.4327007988227578,1.6,0.99472291830968,6.954545454545454,1.7037010895686497,1.05,0.22360679774997888,2.4545454545454546,1.2993504870941053,4.142857142857143,1.0623424252901827,3.15,1.1821033884786187,4.090909090909091,0.9714540358261649,6.1,2.2219005615155587,3.6363636363636362,1.9650628136199262,odiado
odiar,4.333333333333333,1.154700538379252,,,,,,,,,,,,,,,,,,,odiar
odio,4.55,1.2343760409722457,,,,,,,,,,,,,,,,,,,odio
odioso,3.9047619047619047,1.2208506012105615,,,,,,,,,,,,,,,,,,,odioso
ofenderse,3.1818181818181817,1.4682793180604827,3.0,1.0760551736979407,6.363636363636363,1.733300032980155,1.15,0.36634754853252327,1.7,0.9787209698591859,3.4285714285714284,0.8701395618766319,2.1,1.1192102478745307,3.25,1.164157703189193,8.19047619047619,2.227533335756114,3.772727272727273,1.6883866117241486,ofenderse
ofendido,3.7,1.1742858972247994,,,,,,,,,,,,,,,7.391304347826087,2.189627000920946,4.181818181818182,1.531770330800393,ofendido
ofensa,3.142857142857143,1.3522468075656267,,,,,,,,,,,,,,,,,,,ofensa
ofensivo,2.6666666666666665,1.3540064007726598,,,,,,,,,,,,,,,9.095238095238095,1.4458479140200717,4.619047619047619,1.5961262630566069,ofensivo
ofuscado,3.727272727272727,1.2414207752110247,3.15,1.1367080817685318,6.315789473684211,2.26206964179432,1.3157894736842106,0.47756693294091945,1.8695652173913044,1.099766414293465,3.8,0.8944271909999155,2.0,1.0540925533894598,2.6315789473684212,1.4224597754824204,10.714285714285714,0.7171371656006339,4.136363636363637,1.6123173073458892,ofuscado
ofuscamiento,3.4,1.1876558069531231,2.9,1.6827296120792614,6.894736842105263,1.9406395521438362,1.4,0.5982430416161186,2.0833333333333335,1.0598058340078627,3.6,0.9947229183096803,2.15,1.1821033884786183,2.7777777777777777,1.114374293206496,10.476190476190476,1.2090925365350538,3.8260869565217392,1.7748796095675046,ofuscamiento
ofuscarse,3.3181818181818183,1.393398163325344,2.0,0.8583950752789521,7.409090909090909,1.0537502599713118,1.2,0.4103913408340616,1.9090909090909092,0.9211323729436764,3.4761904761904763,1.123345344008138,2.8,1.1516578439248715,3.409090909090909,1.1815684051733508,10.5,1.1470786693528088,4.52,1.758787461103056,ofuscarse
ojeriza,2.5,1.3093073414159542,2.8181818181818183,1.3280197150781927,6.0,1.7728105208558367,1.0,0.0,2.0,1.0954451150103321,2.3333333333333335,1.497472618255253,2.2857142857142856,1.2535663410560176,2.272727272727273,1.348399724926484,,,5.0,1.5811388300841898,ojeriza
opresión,2.25,1.332784974957958,,,,,,,,,,,,,,,,,,,opresion
oprimido,3.1,1.410487037944882,1.95,1.0990426455975697,6.7272727272727275,1.881787857630488,1.25,0.5501196042201808,2.1363636363636362,1.245772070624499,3.6666666666666665,1.3165611772087669,2.9,1.0711528467275957,3.7142857142857144,1.1464230084422216,10.476190476190476,0.9807674351775606,4.130434782608695,1.5463842820677167,oprimido
optimismo,3.65,1.3088765773505318,,,,,,,,,,,,,,,,,,,optimismo
optimista,3.6666666666666665,1.197218999737865,,,,,,,,,,,,,1.0,0.0,9.142857142857142,1.8244372909397115,4.8,1.6832508230603465,optimista
orgullo,3.761904761904762,1.1359912809859898,,,,,,,,,,,,,,,,,,,orgullo
orgulloso,3.8095238095238093,1.3273676061682242,,,,,,,,,,,,,,,,,5.285714285714286,1.5537971921347125,orgulloso
orientado,1.8095238095238095,1.0779168622415933,6.0,1.3333333333333333,2.95,1.8202082009311027,3.3,0.9233805168766384,1.0740740740740742,0.38490017945975047,1.3333333333333333,0.7302967433402214,1.1,0.3077935056255463,1.15,0.48936048492959294,8.285714285714286,1.953019640015356,4.285714285714286,1.5537971921347116,orientado
osado,2.7058823529411766,1.3117119482928095,4.0,1.5986105077709065,5.388888888888889,2.1458273843435536,2.4705882352941178,1.0675700831106785,1.6,1.0462967275611939,2.2941176470588234,0.985184366143778,1.5,0.7302967433402214,2.0,1.2833778958394957,10.444444444444445,1.3382263161373746,4.6,1.729009451741235,osado
osar,2.3125,1.4930394055974097,4.45,1.6050905860647502,6.105263157894737,2.1575381248622048,2.8666666666666667,0.990430401872025,1.619047619047619,0.9206622874969125,2.1666666666666665,0.9235481451827989,1.5714285714285714,0.8516306272526403,1.8333333333333333,1.2485285456935955,10.55,1.234376040972242,4.117647058823529,1.9647631199834392,osar
paciencia,2.4,1.2311740225021848,,,,,,,,,,,,,,,,,,,paciencia
paciente,1.7,1.0310954828418377,,,,,,,,,,,,,,,,,,,paciente
pacífico,2.4285714285714284,1.2873006086935783,6.85,1.4964871146156,1.5833333333333333,0.8297022339981069,3.95,0.9445132413883324,1.0434782608695652,0.20851441405707463,1.0,0.0,1.0476190476190477,0.21821789023599242,1.25,0.5501196042201808,7.608695652173913,1.7251911734588252,3.772727272727273,1.7438823185999512,pacifico
pánico,4.095238095238095,1.4458479140200706,,,,,,,,,,,,,,,,,,,panico
parálisis,1.5714285714285714,1.0757057484009542,,,,,,,,,,,4.454545454545454,0.8578640544577767,,,,,,,paralisis
paralizado,1.8181818181818181,1.0527227119356304,2.45,1.2763022245616642,5.291666666666667,2.4043288255663526,1.3,0.4701623459816274,1.2608695652173914,0.540823555863717,1.65,1.1367080817685316,3.3333333333333335,1.4944341180973262,3.1,1.2937094768634558,8.238095238095237,1.640267109490461,5.28,1.3076696830622014,paralizado
paroxismo,1.3333333333333333,0.5773502691896258,4.285714285714286,1.976047040118707,6.0,1.4142135623730951,1.0,0.0,1.0,,2.0,,2.3333333333333335,0.5773502691896263,1.8333333333333333,0.9831920802501749,11.0,0.0,5.0,1.0,paroxismo
paroxístico,2.3333333333333335,1.1547005383792517,4.666666666666667,0.5773502691896278,4.333333333333333,1.154700538379251,1.0,,1.0,0.0,2.4,0.8944271909999157,2.6666666666666665,1.5275252316519468,2.5,1.9148542155126762,11.0,0.0,3.3333333333333335,1.154700538379251,paroxistico
pasión,3.6666666666666665,1.4605934866804433,,,,,,,,,,,,,,,,,,,pasion
pasional,3.3181818181818183,1.4601488390005426,,,,,,,,,,,,,,,9.523809523809524,1.8060744065250356,3.9130434782608696,1.6212521389419092,pasional
pasividad,2.4285714285714284,1.121223821162776,,,,,,,,,,,,,,,9.421052631578947,1.5389675281277293,,,pasividad
pasivo,1.3181818181818181,0.7162311170195086,,,,,,,,,,,,,,,9.428571428571429,1.3989792196965813,4.0,1.9735087641318605,pasivo
pasmado,2.6363636363636362,1.5289415743128767,3.95,1.6693837501494848,4.636363636363637,1.7605587464118029,1.65,0.8127277008872489,1.2727272727272727,0.631085095901019,1.6666666666666667,0.8563488385776752,2.15,1.1821033884786183,2.090909090909091,0.9714540358261649,8.956521739130435,1.8210451761548478,4.666666666666667,1.5599145275730124,pasmado
pasmarse,2.1363636363636362,1.2069423999139135,4.32,1.7492855684535902,3.76,1.3,1.5555555555555556,0.7838233761296739,1.736842105263158,0.9334586382051248,2.0476190476190474,1.023532631438318,2.4761904761904763,0.9807674351775563,2.0,0.816496580927726,9.55,1.3945382182304167,4.086956521739131,1.9519930019961387,pasmarse
pasmo,2.9375,1.5692354826475214,3.6956521739130435,1.6358145763084646,3.5555555555555554,1.199128223640836,1.5333333333333334,0.6399404734221844,1.6428571428571428,0.9287827316640651,2.4375,1.1528949070347507,3.0,1.1952286093343936,2.5,1.224744871391589,10.117647058823529,1.1663164740528438,,,pasmo
pavor,3.25,1.8317377426626162,,,,,,,,,,,,,,,,,,,pavor
pavoroso,3.0,1.3008872711759818,3.8181818181818183,1.7786613965666322,6.380952380952381,2.334013506306047,1.625,0.8850612031567836,1.8,1.2071217242444348,2.0,0.9701425001453319,2.1333333333333333,1.3557637102737476,2.5,1.1602387022306428,10.933333333333334,0.25819888974716954,3.6818181818181817,1.7011582507043232,pavoroso
paz,3.0952380952380953,1.4458479140200706,,,,,,,,,,,,,,,,,,,paz
peligro,2.0952380952380953,1.445847914020071,,,,,,,,,,,,,,,,,,,peligro
peligroso,2.0454545454545454,1.3265520192364337,,,,,,,,,,,,,,,,,,,peligroso
pena,4.571428571428571,1.075705748400955,,,,,,,,,,,,,,,,,,,pena
penoso,3.2857142857142856,1.3835771443203715,,,,,,,,,,,,,,,,,4.428571428571429,1.660464650976605,penoso
perdón,2.090909090909091,1.3059968245090434,,,,,,,,,,,,,2.15,0.9333020044867295,,,,,perdon
perdonado,2.2857142857142856,1.2705454396776663,6.5,1.2354415362426845,2.6363636363636362,2.012945118960786,3.95,0.9445132413883324,1.2,0.5231483637805969,1.2857142857142858,0.6436503043467892,1.5,0.8271701918685112,1.3,0.6569466853317865,4.476190476190476,1.6315344807587617,5.0476190476190474,1.7457431218879393,perdonado
perdonar,2.3181818181818183,1.249242194534775,,,,,,,,,,,,,,,,,,,perdonar
pereza,2.7142857142857144,1.5856499343441837,,,,,,,,,,,1.75,1.118033988749895,,,,,,,pereza
perezoso,2.8095238095238093,1.435933411375598,,,,,,,,,,,,,,,,,,,perezoso
perplejidad,2.1818181818181817,1.2587357087234732,,,,,,,,,,,,,,,,,,,perplejidad
perplejo,3.7,1.3018205875255096,,,,,,,,,,,,,,,9.85,0.9880869341680831,4.7368421052631575,1.8809603121561156,perplejo
perturbación,1.95,1.0500626547722611,,,,,,,,,,,,,,,9.478260869565217,1.4730785703105913,3.5,1.9210612146613628,perturbacion
perturbado,3.3333333333333335,1.3165611772087664,1.9,0.967906041546987,6.7272727272727275,1.4534628005401835,1.45,0.7591546545162483,2.5,1.439245834257849,2.9047619047619047,1.338086764928265,3.35,1.2680278927697552,3.142857142857143,1.4242792663559452,10.571428571428571,0.8106434833777836,3.6363636363636362,1.5597757636597742,perturbado
perturbarse,3.4444444444444446,1.1490262999202836,3.0,1.4142135623730951,6.636363636363637,1.7605587464118035,1.35,0.5871429486123997,2.5,1.3572417850765923,2.9523809523809526,1.160869952931442,3.0,1.025978352085154,2.85,1.3088765773505318,10.476190476190476,0.6796357567879802,3.8,1.6091841672756186,perturbarse
pesadumbre,2.85,1.598519051464429,,,,,,,,,,,,,,,,,,,pesadumbre
pesar,2.210526315789474,1.5121341566151925,,,,,,,,,,,,,,,,,,,pesar
pesimismo,3.75,1.2513150976809202,,,,,,,,,,,,,,,,,,,pesimismo
pesimista,3.4285714285714284,1.3627702877384937,,,,,,,,,,,,,,,9.19047619047619,1.6315344807587608,,,pesimista
piadoso,2.227272727272727,1.2317938209440804,,,,,,,,,,,,,,,9.523809523809524,1.4359334113755968,3.782608695652174,1.412815427021534,piadoso
piedad,2.15,1.3088765773505315,,,,,,,,,,,,,,,9.333333333333334,1.4944341180973275,,,piedad
placentero,3.619047619047619,1.430950400125402,,,,,,,,,,,,,,,8.428571428571429,2.521337513531827,3.8181818181818183,1.6223546566748686,placentero
placer,3.5454545454545454,1.5345938729769366,,,,,,,,,,,,,,,,,,,placer
placidez,2.8,1.2396943596157712,,,,,,,,,,,,,,,9.333333333333334,2.2876479915697994,,,placidez
plácido,3.2857142857142856,1.3835771443203715,6.346153846153846,1.9787330834108523,6.956521739130435,1.6645572949412992,4.2631578947368425,0.8056815791722828,1.35,0.9880869341680842,1.2380952380952381,0.6248809410409238,1.1818181818181819,0.5010810823432184,1.2857142857142858,0.6436503043467892,9.347826086956522,1.8734677533720452,4.315789473684211,1.529438225803745,placido
plenitud,2.9,1.6189665319514632,,,,,,,,,,,,,,,,,,,plenitud
pleno,2.1,1.5861240410775603,,,,,,,,,,,,,,,,,,,pleno
pletórico,3.3125,1.5370426148939398,7.055555555555555,1.6967866593417873,7.476190476190476,1.7498299237082326,4.368421052631579,1.116070802004837,1.2,0.4140393356054124,1.5,0.8944271909999159,1.3333333333333333,0.6513389472789297,1.0,0.0,10.722222222222221,0.574513149960152,4.5,1.6538724611187705,pletorico
positividad,3.590909090909091,1.6806770435379084,8.0,1.2977713690461004,5.75,2.6580476653559746,4.65,0.6708203932499374,1.0,0.0,1.05,0.22360679774997888,1.0,0.0,1.0,0.0,7.9523809523809526,1.6874889770363088,3.95,2.0894471693929497,positividad
positivo,3.6818181818181817,1.3232846447693143,,,,,,,,,,,,,,,,,,,positivo
preocupación,3.9523809523809526,1.160869952931442,,,,,,,,,,,,,,,,,,,preocupacion
preocupado,3.857142857142857,1.1084094137869038,2.15,0.9333020044867295,7.0,1.318760946791574,1.5,1.0,1.173913043478261,0.491026190103531,2.15,0.9333020044867295,2.6666666666666665,1.064581294844754,3.7,0.9787209698591856,6.8,1.8238190122579836,4.521739130434782,1.591727626808263,preocupado
preocuparse,3.1904761904761907,1.600595127415038,2.75,1.51744244666721,7.166666666666667,0.816496580927724,1.55,0.8255779474818966,1.2608695652173914,0.540823555863717,1.85,0.9880869341680842,2.761904761904762,1.4800257398019097,3.55,1.1459310165698637,6.809523809523809,1.6618979396776323,,,preocuparse
prepotencia,1.9,1.2523661815266247,,,,,,,,,,,,,2.95,1.431782106327635,10.095238095238095,1.135991280985991,4.904761904761905,1.6704718466577608,prepotencia
prepotente,1.9545454545454546,1.2140947137789433,2.55,1.5035046776746235,7.6,0.9403246919632533,1.2,0.5231483637805969,3.2222222222222223,1.2810252304406975,3.7142857142857144,1.0071175275436892,1.75,1.019545822516343,2.6,1.465390194130093,9.523809523809524,1.8060744065250356,4.782608695652174,1.5062452335384542,prepotente
problemático,2.142857142857143,1.2761549390929883,2.75,1.118033988749895,7.25,1.2513150976809202,1.3,0.4701623459816274,2.111111111111111,1.1547005383792517,3.761904761904762,0.9952267030562383,2.95,1.276302224561664,2.9,1.2523661815266252,6.608695652173913,1.7251911734588252,4.55,1.7006190823220508,problematico
protector,2.6666666666666665,1.3165611772087664,,,,,,,,,,,,,,,7.1,1.9708400559953583,,,protector
protegido,2.761904761904762,1.2611408289624872,,,,,,,,,,,,,,,,,,,protegido
provocación,2.2857142857142856,1.2305631695633161,,,,,,,,,,,,,,,7.695652173913044,1.94082415972502,,,provocacion
provocado,2.1,1.2096106376585989,3.85,1.3484884325167863,6.409090909090909,1.3330627431056197,1.6,0.7539370349250518,2.15,1.4608937423083819,3.380952380952381,1.1169686869465267,2.1,1.0208355710680808,2.15,1.348488432516786,8.0,1.6431676725154984,3.72,1.7204650534085255,provocado
provocar,1.9523809523809523,1.1169686869465265,,,,,,,,,,,,,,,7.3478260869565215,1.9910868583440433,,,provocar
prudencia,1.7619047619047619,0.9436504599035548,,,,,,,,,,,,,,,,,,,prudencia
prudente,1.75,0.9665456669582609,,,,,,,,,,,,,,,9.285714285714286,1.6168752933623889,5.0,1.5811388300841898,prudente
pusilánime,2.125,1.246423454758225,3.5,1.90029237516523,6.5,1.9578900207451218,2.25,1.164964745021435,2.3,1.2516655570345725,3.0,1.044465935734187,1.5,0.8366600265340756,2.875,1.4577379737113252,10.642857142857142,0.8418973861410984,4.6923076923076925,1.9741924671712983,pusilanime
pusilanimidad,2.4,1.2649110640673518,3.9285714285714284,1.2066664642907563,2.4,1.505545305418162,1.4285714285714286,0.7867957924694431,2.6,1.5165750888103104,2.0,0.9258200997725514,2.5,1.51657508881031,3.5,1.51657508881031,10.923076923076923,0.27735009811261196,3.909090909090909,1.8140862964338522,pusilanimidad
queja,1.75,1.019545822516343,,,,,,,,,,,,,,,,,,,queja
quejoso,1.9444444444444444,1.1099667309387473,2.6315789473684212,1.3828523788728813,5.666666666666667,1.7701224063135665,1.1578947368421053,0.37463432463267765,2.0952380952380953,1.220850601210562,2.9047619047619047,1.2208506012105615,2.0,1.0540925533894598,3.142857142857143,1.1084094137869045,8.68421052631579,2.3582628158820493,4.611111111111111,1.576999716098631,quejoso
querencia,2.142857142857143,1.5735915849388862,4.833333333333333,1.8006732747570404,4.571428571428571,2.3704530408864084,3.090909090909091,1.300349603340998,1.3846153846153846,0.6504436355879909,1.7777777777777777,0.9718253158075502,1.6666666666666667,1.0327955589886444,2.6363636363636362,1.433368568981982,10.055555555555555,1.3920878193318194,,,querencia
querer,3.409090909090909,1.5934117606447615,,,,,,,,,,,,,,,,,,,querer
querido,3.3181818181818183,1.7289237950752745,,,,,,,,,,,,,,,,,,,querido
quieto,1.380952380952381,0.6690433824641325,,,,,,,,,,,,,,,,,,,quieto
quietud,2.238095238095238,1.2611408289624877,,,,,,,,,,,,,,,,,,,quietud
rabia,4.904761904761905,0.30079260375911915,,,,,,,,,,,,,,,,,,,rabia
rabiar,3.5,1.5727950313140984,2.4,1.1424811411549587,7.5,1.1420804814403216,1.1,0.3077935056255463,1.6521739130434783,1.0272954630384807,4.35,0.745159820370595,3.238095238095238,1.3749458863810566,2.95,1.356271980175999,6.15,1.7851728502481645,4.4,1.7591864148251213,rabiar
rabieta,3.25,1.6181535936466533,2.85,1.0894228312566057,7.0,1.7994708216848747,1.15,0.36634754853252327,2.0,1.1239029738980326,4.0,1.0488088481701516,2.5,1.0,2.4,0.9403246919632544,,,5.0,1.6858544608470492,rabieta
rabioso,4.15,1.1367080817685318,,,,,,,,,,,,,,,6.260869565217392,1.9121000188832795,4.260869565217392,1.7113894223527006,rabioso
radiante,1.8636363636363635,1.245772070624499,,,,,,,,,,,,,,,,,4.1,1.9166857359844667,radiante
reacio,2.263157894736842,1.2401659953032227,,,,,,,,,,,,,,,10.181818181818182,1.4354811251305502,3.9047619047619047,2.047065262876636,reacio
rebelarse,2.3636363636363638,1.2926699776028183,4.8,1.6415653633362464,7.318181818181818,1.8869568253158469,2.5,0.9459053029269173,1.4,0.7539370349250518,3.8095238095238093,1.1670067531530235,2.85,1.22581873821025,1.6,0.9403246919632544,8.238095238095237,1.8682816143387464,4.173913043478261,1.5270939101039855,rebelarse
rebelde,2.1904761904761907,1.2497618820818477,,,,,,,,,,,,,,,,,4.681818181818182,1.4271638086766831,rebelde
rebeldía,2.5454545454545454,1.262170191802038,,,,,,,,,,,,,2.5454545454545454,1.4712247158412493,,,,,rebeldia
recelar,3.066666666666667,1.579632265825846,3.4347826086956523,1.4086126945758224,2.347826086956522,0.982052380207062,1.4210526315789473,0.6069769786668838,2.5,1.3165611772087666,3.1666666666666665,1.0981267472114393,2.588235294117647,1.0036697371030328,2.7333333333333334,1.3870146083619754,,,4.55,1.6693837501494848,recelar
recelo,2.8421052631578947,1.4629938062729388,,,,,,,,,,,,,,,,,,,recelo
receloso,3.1,1.119210247874531,3.1153846153846154,1.7510436448455093,2.5416666666666665,0.9770927002733859,1.25,0.4442616583193193,2.5,1.3572417850765923,3.2857142857142856,1.0071175275436892,2.4285714285714284,0.9783367810436532,2.857142857142857,1.2761549390929885,10.15,1.0894228312566097,4.5,1.6059101370939324,receloso
receptivo,2.3,1.2182817926554552,,,,,,,,,,,,,,,9.434782608695652,2.0410800829801707,3.8636363636363638,1.457181053739247,receptivo
rechazado,3.3333333333333335,1.1972189997378646,,,,,,,,,,,,,,,,,4.92,1.222020185321558,rechazado
rechazar,1.9523809523809523,1.3219754338182867,,,,,,,,,,,,,,,7.238095238095238,1.8139669761261346,,,rechazar
rechazo,2.857142857142857,1.2761549390929885,,,,,,,,,,,,,,,,,,,rechazo
reconfortado,3.3181818181818183,1.4271638086766836,6.8,1.1516578439248728,2.5454545454545454,1.8446130766633426,3.85,1.1367080817685318,1.1,0.3077935056255463,1.1904761904761905,0.511766315719159,1.2,0.5231483637805969,1.2,0.6958523739384593,9.619047619047619,1.8567765206451337,4.285714285714286,1.5212776585113297,reconfortado
reconfortarse,3.2,1.0563093645728083,7.0,0.9733285267845752,2.9545454545454546,2.419706253861893,3.85,0.9333020044867298,1.2,0.4103913408340616,1.3333333333333333,0.6582805886043832,1.105263157894737,0.3153017676423059,1.1,0.447213595499958,8.545454545454545,1.8186146670912202,4.619047619047619,1.3955712262794215,reconfortarse
reflexivo,3.0,1.3416407864998738,,,,,,,,,,,,,,,9.761904761904763,1.338086764928266,4.08,1.730125236314797,reflexivo
regocijado,3.3076923076923075,1.0315534712764842,6.375,1.3452816094393218,6.043478260869565,2.2659186551548256,3.8666666666666667,0.6399404734221836,1.9375,1.1236102527122116,2.0625,1.1236102527122116,1.7142857142857142,0.9944903161976937,1.7333333333333334,1.0327955589886444,10.238095238095237,1.7292993351285928,4.095238095238095,1.786190412715338,regocijado
regocijarse,2.5555555555555554,1.542428269748795,5.111111111111111,2.6096853289888933,4.380952380952381,1.430950400125402,2.875,1.707825127659933,2.263157894736842,1.2841817655680772,2.25,1.292692009559488,2.2777777777777777,1.1274936053323583,2.7333333333333334,1.2227992865708155,10.6,0.9403246919632595,3.8,1.673320053068151,regocijarse
regocijo,2.7777777777777777,1.437135858965388,,,,,,,,,,,,,,,10.5,0.8591246929842246,,,regocijo
relajación,2.857142857142857,1.4242792663559452,,,,,,,,,,,,,,,6.260869565217392,2.4161839052587903,4.52,1.5577761927397231,relajacion
relajado,2.9047619047619047,1.4458479140200706,,,,,,,,,,,,,,,,,4.181818181818182,1.4354811251305466,relajado
relajante,2.6,1.5008769366431645,,,,,,,,,,,,,,,6.761904761904762,1.8139669761261346,5.0,1.61245154965971,relajante
relajarse,2.3,1.260743306232687,7.95,1.1909748329127618,2.1363636363636362,1.3902878956893903,4.1,0.7880689256524127,1.2272727272727273,0.8691439785278706,1.0,0.0,1.2,0.5231483637805969,1.1818181818181819,0.5010810823432184,5.782608695652174,2.131080002319149,4.25,1.7434086394791457,relajarse
relax,2.4285714285714284,1.5675276256394517,,,,,,,,,,,,,,,,,,,relax
remordimiento,3.7142857142857144,1.3835771443203715,,,,,,,,,,,,,,,9.761904761904763,1.4108423691100975,,,remordimiento
rencor,4.190476190476191,1.1670067531530235,,,,,,,,,3.857142857142857,0.9636241116594311,,,,,,,,,rencor
rencoroso,2.8636363636363638,1.245772070624499,1.95,1.0990426455975697,6.863636363636363,1.1668212637211655,1.15,0.36634754853252327,2.1363636363636362,1.1668212637211672,4.0476190476190474,0.9734572654303054,2.65,1.3484884325167863,3.227272727272727,1.2317938209440806,7.521739130434782,2.0860917180523195,4.904761904761905,1.7001400502535637,rencoroso
rendición,2.3,1.4545753585442767,,,,,,,,,,,,,,,8.777777777777779,2.237528982541325,,,rendicion
rendido,2.8,1.3218806379747874,2.05,0.9445132413883327,3.727272727272727,2.6219189298029173,1.05,0.22360679774997888,1.75,1.019545822516343,2.380952380952381,1.023532631438318,2.55,1.1459310165698637,3.75,1.0699237552766379,7.095238095238095,1.8948551898433275,5.0476190476190474,1.8296499795368097,rendido
rendirse,2.142857142857143,1.314751470267833,1.75,1.019545822516343,4.590909090909091,1.816828500675229,1.1,0.3077935056255463,1.7272727272727273,1.031956910406178,2.3333333333333335,1.3165611772087666,2.95,1.1459310165698637,4.045454545454546,0.9989171626493846,6.523809523809524,1.691716513457488,,,rendirse
reposado,1.8095238095238095,1.0304876330673562,6.5,1.6890651782777917,1.8181818181818181,1.2203186015043321,2.95,0.9445132413883324,1.0909090909090908,0.4264014327112208,1.0526315789473684,0.22941573387056158,1.1,0.3077935056255463,1.5454545454545454,0.7385489458759964,7.8,1.8238190122579836,3.391304347826087,1.5591119393827022,reposado
reposar,1.3333333333333333,0.6582805886043832,,,,,,,,,,,,,,,7.619047619047619,1.9615348703551125,,,reposar
reposo,1.8571428571428572,1.108409413786904,,,,,,,,,,,,,,,,,,,reposo
repudiado,3.1333333333333333,1.302013093343571,2.2941176470588234,1.403776419268438,6.470588235294118,2.1247837260184723,1.0,0.0,3.0833333333333335,1.2128538629008951,3.6842105263157894,1.0568628408301077,2.7222222222222223,1.4473324572571657,4.25,0.7745966692414834,10.391304347826088,0.9880711436836055,4.636363636363637,1.5597757636597742,repudiado
repudiar,3.0,1.620185174601965,,,,,,,,,,,,,,,10.421052631578947,1.1212983285105096,4.055555555555555,1.8620741825818619,repudiar
repudio,3.111111111111111,1.4907119849998596,,,,,,,,,,,,,,,10.789473684210526,0.5353033790313095,,,repudio
repugnado,3.6,1.313893370663573,2.526315789473684,1.3067525929499,6.333333333333333,1.711004451158459,1.15,0.36634754853252327,3.3043478260869565,1.2945614423669667,3.1,1.1652874052533588,2.761904761904762,1.4108423691100964,3.4,1.1876558069531231,9.157894736842104,1.4629938062729406,3.909090909090909,1.6877454928053721,repugnado
repugnancia,3.65,1.4608937423083823,,,,,,,,,,,,,,,,,4.8,1.5545631755148024,repugnancia
repugnante,2.772727272727273,1.3427696388548198,,,,,,,,,,,,,,,,,4.2727272727272725,1.5486343655842068,repugnante
repugnar,3.45,1.2343760409722457,,,,,,,,,,,,,,,,,,,repugnar
repulsa,2.4,1.594633858557237,,,,,,,,,,,,,,,9.76923076923077,1.8327504901034306,3.4210526315789473,1.6771599497591227,repulsa
repulsado,2.875,1.2583057392117916,2.869565217391304,1.5167053955587406,2.1904761904761907,1.3645163106041502,1.3333333333333333,0.6172133998483675,3.0588235294117645,1.3449251017851382,3.3529411764705883,0.996316746232607,3.2,1.3218806379747874,3.2941176470588234,1.447614670861731,10.5,1.0431851677040116,4.666666666666667,1.676163419695051,repulsado
repulsión,3.857142857142857,1.1526367287968173,,,,,,,,,,,,,,,,,,,repulsion
resentido,3.5,1.503963018795596,2.45,1.234376040972246,6.363636363636363,1.705605730844884,1.15,0.36634754853252327,2.3,1.2182817926554552,3.5238095238095237,0.8728715609439697,2.45,1.1459310165698642,3.0,1.1697953037312037,9.761904761904763,1.5134319246256809,4.3,1.688973528196155,resentido
resentimiento,3.6947510822510825,1.219244781843246,,,,,,,,,3.4,1.2311740225021852,,,,,,,,,resentimiento
resentirse,2.5,1.3178930553209385,,,,,,,,,,,,,,,,,3.95,1.8202082009311027,resentirse
resignación,3.05,1.3168942730211066,,,,,,,,,,,,,,,10.333333333333334,1.0165300454651234,,,resignacion
resignado,3.6666666666666665,1.4259499757471628,2.5,1.0513149660756937,5.15,2.3457688673327057,1.4,0.5982430416161186,2.0,1.1766968108291043,3.0476190476190474,1.2440333788202984,1.55,1.0500626547722611,3.05,1.356271980175999,9.869565217391305,1.7136974334113464,4.208333333333333,1.6412923504696366,resignado
respetar,1.7142857142857142,0.8451542547285166,,,,,,,,,,,,,,,5.434782608695652,1.674028536645053,,,respetar
respeto,1.7619047619047619,1.0442586798663398,,,,,,,,,,,,,,,,,,,respeto
respetuoso,2.011011904761905,1.1619785773461564,,,,,,,,,,,,,,,,,4.409090909090909,1.6230216062021892,respetuoso
responsable,2.05,1.394538218230416,,,,,,,,,,,,,,,,,4.5,1.7013926184468013,responsable
resquemado,2.533333333333333,1.505545305418162,2.6666666666666665,1.4142135623730951,5.933333333333334,1.9073791542572847,1.2352941176470589,0.4372373160976031,2.15,1.2680278927697548,3.2142857142857144,1.1217137594956026,1.75,0.8660254037844386,2.8,1.3201731488169055,10.61111111111111,0.7775443160352313,3.466666666666667,1.8073922282301276,resquemado
resquemar,2.090909090909091,1.3751033019046572,3.357142857142857,1.3926810257774176,5.846153846153846,1.2810252304406966,1.3846153846153846,0.6504436355879909,2.4545454545454546,1.1281521496355327,3.0,1.0954451150103321,2.25,1.2154310870109943,3.2222222222222223,0.6666666666666669,10.466666666666667,0.9904304018720256,3.764705882352941,1.9535036397683614,resquemar
resquemor,2.4285714285714284,1.4525460784051258,2.6470588235294117,1.1147408034263073,6.0,1.6903085094570331,1.1333333333333333,0.3518657752744985,2.3636363636363638,1.3289972784899773,3.2777777777777777,1.0178151661369075,1.3636363636363635,0.6741998624632421,3.0625,1.4818344486930155,10.529411764705882,1.2805100086890935,4.375,1.5864005379054391,resquemor
reticencia,2.75,0.7071067811865476,,,,,,,,,2.7142857142857144,1.4960264830861913,,,,,10.75,0.7745966692414834,3.2666666666666666,1.709915063331955,reticencia
retracción,2.0833333333333335,0.9962049198956218,3.642857142857143,1.5984195491000026,5.235294117647059,1.2514697241996051,1.6153846153846154,0.6504436355879911,1.3333333333333333,0.6172133998483675,2.1538461538461537,0.9870962335856491,2.125,1.2041594578792296,2.2857142857142856,1.2043875831929898,10.777777777777779,0.7320844981409677,3.6666666666666665,1.397276262011544,retraccion
retraerse,2.875,1.408308678285174,2.8421052631578947,1.3442535266309137,4.238095238095238,1.4458479140200706,1.55,0.6863327411532598,1.4,0.8825799501580877,1.8,1.0052493799000692,2.3684210526315788,1.1160708020048367,2.9,1.0711528467275957,10.476190476190476,1.0304876330673602,3.4347826086956523,1.5322617553657478,retraerse
retraído,2.8333333333333335,1.2485285456935955,2.85,1.3088765773505318,4.454545454545454,1.5345938729769366,1.6111111111111112,0.6978023391872253,1.5454545454545454,0.9116846116771036,1.8125,1.0468205831628137,2.4285714285714284,1.2071217242444345,3.1,1.0208355710680812,10.5,1.1470786693528088,3.869565217391304,1.5463842820677167,retraido
revuelto,2.380952380952381,1.2440333788202982,,,,,,,,,,,,,,,7.761904761904762,1.9724290077151554,4.260869565217392,1.9121000188832795,revuelto
ridiculizar,2.619047619047619,1.283596138829908,,,,,,,,,,,,,,,,,,,ridiculizar
ridículo,3.0,1.632993161855452,,,,,,,,,,,,,,,,,,,ridiculo
risueño,2.5454545454545454,1.5954480704349314,,,,,,,,,,,,,,,,,,,risueno
romántico,3.0,1.4142135623730951,,,,,,,,,,,,,,,,,,,romantico
rubor,2.6875,1.4476993242152645,,,,,,,,,,,,,,,,,4.476190476190476,1.8873009198071096,rubor
ruborizado,2.9444444444444446,1.3920878193318218,5.28,2.15096877398689,4.958333333333333,1.8761469921708922,2.05,0.998683343734455,1.6875,1.138346754435279,2.0,1.4552137502179978,2.227272727272727,1.192509086790504,2.3333333333333335,1.137592917989042,9.904761904761905,1.4108423691100975,5.25,1.2597446256043843,ruborizado
ruborizar,2.611111111111111,1.576999716098631,4.444444444444445,1.8541597818775022,6.095238095238095,1.546116486709909,2.6923076923076925,1.0315534712764842,1.3333333333333333,0.6582805886043832,1.7894736842105263,1.0316624861746775,1.894736842105263,0.875261030404661,2.0555555555555554,1.1617543641469048,10.05,1.3168942730211077,4.944444444444445,1.4741786236338816,ruborizar
salvaje,1.8636363636363635,1.0371873387954444,,,,,,,,,,,,,,,,,,,salvaje
satisfacción,3.761904761904762,1.3749458863810566,,,,,,,,,,,,,,,,,,,satisfaccion
satisfacerse,2.9047619047619047,1.5461164867099082,7.55,1.4317821063276361,4.863636363636363,2.474545740813175,4.55,0.6863327411532593,1.0909090909090908,0.4264014327112208,1.0952380952380953,0.43643578047198484,1.1,0.447213595499958,1.2380952380952381,0.7003400534570263,9.095238095238095,2.0713464679952005,4.428571428571429,1.5352989471574774,satisfacerse
satisfactoria,3.4,1.6670175069329816,,,,,,,,,,,,,,,8.25,1.6819474927657678,4.1,1.8609561775433732,satisfactoria
satisfecho,3.9047619047619047,1.0910894511799616,,,,,,,,,,,,,,,,,3.9545454545454546,1.703701089568649,satisfecho
seducción,2.272727272727273,1.386390248839742,,,,,,,,,,,,,,,,,,,seduccion
seducido,2.9523809523809526,1.5321941938341392,6.7,1.7198531149031617,6.363636363636363,1.6196841122196095,3.7,1.1742858972247994,1.35,0.7451598203705945,1.4285714285714286,0.8701395618766321,1.45,0.6863327411532598,1.105263157894737,0.4588314677411236,10.19047619047619,1.289148851725343,4.428571428571429,1.8047556225547154,seducido
seguridad,3.0476190476190474,1.4654757069358222,,,,,,,,,,,,,,,,,,,seguridad
seguro,2.6363636363636362,1.5900121157206721,,,,,,,,,,,,,,,,,,,seguro
sensibilidad,3.380952380952381,1.283596138829908,,,,,,,,,,,,,,,,,,,sensibilidad
sensibilizarse,2.65,1.3869694338832115,5.85,1.7554426642213121,4.666666666666667,1.6854019432007692,3.2,1.1964860832322373,1.1304347826086956,0.45769658728016005,1.15,0.36634754853252327,1.6666666666666667,0.9660917830792959,2.35,1.348488432516786,8.9,1.7441631985447612,3.7,1.809332531771403,sensibilizarse
sensible,3.0,1.3377121081198773,,,,,,,,,,,,,,,7.0476190476190474,1.774153050787628,4.173913043478261,1.6692996330264178,sensible
sensual,2.7142857142857144,1.3835771443203715,,,,,,,,,,,,,,,,,4.6,1.9029063643750177,sensual
sensualidad,2.5714285714285716,1.4342743312012722,,,,,,,,,,,,,,,10.0,1.449137674618944,,,sensualidad
sentimental,3.9047619047619047,1.179184544707142,,,,,,,,,,,,,,,6.913043478260869,2.172410547970343,3.9523809523809526,1.5644868320376009,sentimental
sentimiento,3.7142857142857144,1.3835771443203715,,,,,,,,,,,,,,,,,2.4,1.5,sentimiento
sentir,3.4285714285714284,1.5991068935949395,,,,,,,,,,,,,,,,,,,sentir
serenarse,3.1,1.209610637658599,6.9,1.6511558949637923,2.727272727272727,1.7232808737106584,2.65,0.9880869341680846,1.0909090909090908,0.4264014327112208,1.2380952380952381,0.5389584311207967,1.1578947368421053,0.37463432463267765,1.7142857142857142,1.0071175275436894,9.285714285714286,2.028370211348439,4.857142857142857,1.4928400545843576,serenarse
serenidad,3.380952380952381,1.4992061391346583,,,,,,,,,,,,,,,8.695652173913043,2.119922438733327,,,serenidad
sereno,2.8,1.2814465510343747,,,,,,,,,,,,,,,,,,,sereno
seriedad,2.090909090909091,1.191601200030203,,,,,,,,,,,,,,,,,,,seriedad
severo,2.1363636363636362,1.0371873387954444,3.6,1.6026294183720637,5.791666666666667,1.4440030912488497,1.8,0.7677718959499146,1.2727272727272727,0.702500173314209,2.6842105263157894,1.1572300058975777,2.5238095238095237,1.123345344008138,2.473684210526316,1.3891812557774847,9.80952380952381,1.3273676061682231,4.625,1.7147062113681013,severo
shock,3.380952380952381,1.4992061391346583,3.2,1.472555959083246,7.8,1.4363696929192167,1.7,0.9787209698591859,1.8888888888888888,1.0500305245868344,2.7142857142857144,1.3835771443203715,3.45,1.1459310165698637,2.6,1.313893370663573,9.952380952380953,1.5321941938341355,3.9565217391304346,2.055552588159142,shock
simpatía,3.5714285714285716,1.4342743312012727,,,,,,,,,,,,,,,,,,,simpatia
simpático,2.0454545454545454,1.2527027058580456,,,,,,,,,,,,,,,,,,,simpatico
simpatizar,2.619047619047619,1.160869952931442,7.0,1.3377121081198773,4.85,2.888725816360089,4.3,0.6569466853317858,1.1481481481481481,0.4560451819471486,1.1904761904761905,0.6796357567879738,1.2,0.6958523739384593,1.15,0.48936048492959294,8.473684210526315,1.4286131990551598,4.739130434782608,1.4837725660181156,simpatizar
sinceridad,1.7142857142857142,1.1892374507581378,,,,,,,,,,,,,,,,,,,sinceridad
sincero,2.4285714285714284,1.468721504282843,,,,,,,,,,,,,,,,,,,sincero
soberbia,2.263157894736842,1.3267380744248864,,,,,,,,,,,,,,,10.1,1.0711528467275944,,,soberbia
soberbio,2.238095238095238,1.1791845447071423,,,,,,,,,,,,,,,10.523809523809524,1.1670067531530273,3.909090909090909,1.6303400436745268,soberbio
sobrecogerse,2.588235294117647,1.4168108346481796,3.75,1.3717065820970682,5.2,2.166734141999259,2.263157894736842,1.147078669352809,1.64,0.9521904571390467,2.1,0.967906041546987,2.888888888888889,1.4095843729891315,2.736842105263158,1.284181765568077,10.523809523809524,1.1233453440081418,3.6818181818181817,1.3587937099943999,sobrecogerse
sobrecogido,2.7142857142857144,1.4880476182856899,,,,,,,,,,,,,,,10.19047619047619,1.0779168622415973,4.1,1.9166857359844667,sobrecogido
sobrecogimiento,2.6842105263157894,1.529438225803745,4.555555555555555,1.688097509806344,6.095238095238095,2.0470652628766364,2.2222222222222223,1.165966176260275,1.35,0.8127277008872489,1.85,1.0399898784932577,2.3333333333333335,1.3719886811400708,3.1333333333333333,0.7432233529572059,10.391304347826088,1.1175919907137402,3.5714285714285716,1.6903085094570336,sobrecogimiento
sobresaltado,3.761904761904762,0.9952267030562383,,,,,,,,,,,,,,,,,,,sobresaltado
sobresaltarse,3.5714285714285716,1.1649647450214355,4.961538461538462,2.029399304834201,4.653846153846154,1.9584138008563496,1.85,0.7451598203705945,1.6,0.8207826816681232,2.7142857142857144,1.1019463300386794,2.772727272727273,1.0203555954301136,1.9523809523809523,1.1608699529314417,8.904761904761905,1.75797502555531,4.3478260869565215,1.555304578536246,sobresaltarse
sobresalto,2.65,1.7851728502481654,,,,,,,,,,,,,,,,,,,sobresalto
sofocación,2.9523809523809526,1.5961262630566069,2.95,1.276302224561664,7.136363636363637,1.552124643542169,1.7,1.0310954828418377,1.8636363636363635,1.0821255338433111,2.380952380952381,1.1608699529314417,2.4,1.2311740225021848,2.772727272727273,1.1518853358037975,10.0,1.3743685418725535,4.15,1.4608937423083823,sofocacion
sofocado,2.1363636363636362,1.0371873387954444,3.3846153846153846,1.698868401658541,2.84,1.2138094304022085,1.55,0.6863327411532598,2.05,0.998683343734455,2.8095238095238093,1.2497618820818477,2.5454545454545454,1.1009637651263608,2.4285714285714284,1.3627702877384937,8.565217391304348,1.9960435173913817,4.5,1.6059101370939324,sofocado
sofocarse,2.45,1.4317821063276355,3.0,1.3764944032233706,7.136363636363637,1.3200091827045137,1.85,1.1821033884786183,1.9545454545454546,1.1742179860604582,2.6666666666666665,1.3904435743076138,2.5,1.2773327473170102,2.3636363636363638,1.2552918289216957,9.45,1.5381123085406387,4.086956521739131,1.5929687401561352,sofocarse
sofoco,1.8181818181818181,1.1396057645963793,4.0,1.9390719429665315,2.923076923076923,1.4946056850708662,1.35,0.5871429486123997,1.8,0.894427190999916,2.5714285714285716,1.2071217242444345,2.727272727272727,1.1621744062959531,2.142857142857143,1.2363540870525032,9.285714285714286,1.3835771443203704,5.16,1.3747727084867523,sofoco
soledad,3.857142857142857,1.1084094137869038,,,,,,,,,,,,,,,,,,,soledad
solidaridad,1.8095238095238095,1.123345344008138,,,,,,,,,,,,,,,,,,,solidaridad
solidario,2.0,1.378404875209022,7.2,1.5761378513048254,4.458333333333333,2.3215281074376826,3.95,0.9986833437344547,1.0434782608695652,0.20851441405707463,1.0,0.0,1.1904761904761905,0.511766315719159,1.65,1.2258187382102494,8.285714285714286,1.9011274850166444,4.913043478260869,1.7297672854057795,solidario
solitario,2.0,1.4142135623730951,,,,,,,,,,,,,,,,,,,solitario
solo,2.090909090909091,1.2309149097933272,,,,,,,,,,,,,,,,,4.8,2.1984843263788196,solo
sombrío,2.1176470588235294,1.3173056280328643,,,,,,,,,,,,,,,9.85,1.5312533566021205,5.0476190476190474,1.430950400125402,sombrio
sorprendente,3.1904761904761907,1.6618979396776332,,,,,,,,,,,,,,,7.25,2.0742785683093214,3.84,1.5459624833740309,sorprendente
sorprenderse,4.285714285714286,0.8451542547285164,6.3,1.218281792655456,7.5,1.439245834257849,3.95,0.7591546545162478,1.15,0.36634754853252327,1.4285714285714286,0.8106434833777776,1.35,0.6708203932499368,1.15,0.48936048492959294,5.85,2.0589982234597786,4.48,1.446835627614047,sorprenderse
sorpresa,4.428571428571429,1.028174526596948,,,,,,,,,,,,,,,,,,,sorpresa
sosegado,2.888888888888889,1.6047315659302057,4.961538461538462,1.799572598830494,5.7727272727272725,1.6310037278231957,3.0526315789473686,1.223550580642996,1.368421052631579,0.5972647203701473,1.6,0.8825799501580877,1.3157894736842106,0.6710382982072028,2.2,1.105012502906165,10.0,1.51657508881031,4.3478260869565215,1.668115312456598,sosegado
sosegarse,3.235294117647059,1.4374200745044001,5.2631578947368425,2.1817960303677926,3.238095238095238,1.7292993351285917,2.9375,1.2365947867699696,1.3157894736842106,0.6710382982072028,1.6111111111111112,0.7775443160352296,1.7619047619047619,0.9952267030562386,1.894736842105263,1.1002392084403616,9.85,1.8994459025837254,3.909090909090909,1.715728108915554,sosegarse
sosiego,3.1578947368421053,1.4245138700910813,,,,,,,,,,,,,,,9.590909090909092,2.174726932154294,,,sosiego
sospechoso,1.9523809523809523,1.1169686869465265,,,,,,,,,,,,,,,,,,,sospechoso
suavidad,1.5238095238095237,1.0779168622415933,,,,,,,,,,,,,,,,,,,suavidad
suficiencia,1.8095238095238095,1.0779168622415933,,,,,,,,,,,,,,,8.857142857142858,2.056349053193896,3.0,1.6035674514745464,suficiencia
suficiente,1.2272727272727273,0.5284134548067255,,,,,,,,,,,,,,,,,3.3,2.1051315748352692,suficiente
sufrido,3.1818181818181817,1.2587357087234734,1.8,1.2814465510343749,6.625,1.3452816094393218,1.3,0.5712405705774795,1.826086956521739,1.2303796130035891,3.1,1.2523661815266252,3.1904761904761907,1.4703417160322843,3.95,0.9986833437344547,7.5,1.7917941611104424,3.6363636363636362,1.4324622340390167,sufrido
sufrimiento,4.380952380952381,0.8646496675642964,,,,,,,,,,,,,,,6.521739130434782,2.150466444484488,,,sufrimiento
sufrir,3.857142857142857,1.388730149658827,,,,,,,,,3.8095238095238093,1.2497618820818477,,,4.7,0.5712405705774789,,,,,sufrir
susceptibilidad,2.727272727272727,1.2792042981336629,,,,,,,,,,,,,,,10.714285714285714,0.4629100498862722,3.409090909090909,1.402687587288227,susceptibilidad
susceptible,2.8,1.1964860832322373,,,,,,,,,,,,,,,10.571428571428571,1.0757057484009587,3.652173913043478,1.6951453585345606,susceptible
suspense,2.6666666666666665,1.3904435743076138,4.038461538461538,1.799572598830494,4.538461538461538,2.26681749121131,2.0,1.025978352085154,1.65,0.8750939799154205,2.4285714285714284,1.2478553029669974,2.9545454545454546,1.2140947137789435,2.238095238095238,1.13599128098599,,,4.090909090909091,1.874873733122184,suspense
susto,3.2857142857142856,1.6168752933623898,,,,,,,,,,,,,,,3.6956521739130435,1.3292096971404972,5.16,1.6753109164172086,susto
taciturno,1.7333333333333334,1.2227992865708153,,,,,,,,,,,,,,,10.866666666666667,0.35186577527449997,4.071428571428571,1.8590438284354556,taciturno
tedio,2.857142857142857,1.3451854182690983,,,,,,,,,,,,,,,10.307692307692308,1.5483655567842798,,,tedio
tedioso,2.8,1.52127765851133,3.4,0.9856107606091621,5.714285714285714,2.552309878185977,1.3333333333333333,0.49236596391733106,2.5714285714285716,1.4525460784051258,3.0,1.224744871391589,2.25,1.1381803659589922,2.3333333333333335,0.975900072948533,10.733333333333333,0.5936168397046674,4.538461538461538,1.8081014266989472,tedioso
temblar,2.5714285714285716,1.3627702877384937,,,,,,,,,,,,,,,5.428571428571429,1.599106893594939,,,temblar
temblor,2.619047619047619,1.5321941938341392,,,,,,,,,,,,,,,,,,,temblor
tembloroso,2.492180735930736,1.2928462960293012,3.25,1.019545822516343,6.8,1.1964860832322386,1.4,0.5026246899500344,1.5555555555555556,0.8915558282417289,2.0952380952380953,1.13599128098599,3.2,1.3992479182911457,2.7,1.1285761872936693,8.238095238095237,1.546116486709909,4.85,1.496487114615601,tembloroso
temer,4.095238095238095,1.3749458863810566,,,,,,,,,,,,,,,5.6521739130434785,2.1236481400940463,,,temer
temeroso,3.857142857142857,1.3147514702678327,,,,,,,,,,,,,,,,,3.772727272727273,1.5097088392205895,temeroso
temor,4.363636363636363,1.135800726379099,,,,,,,,,,,,,,,,,,,temor
temperamental,2.6666666666666665,1.3904435743076138,,,,,,,,,,,,,,,,,3.9545454545454546,1.646851909590298,temperamental
templado,1.5,1.0118347314702751,,,,,,,,,,,,,,,,,,,templado
templanza,2.1052631578947367,1.0485300208760655,,,,,,,,,,,,,,,,,,,templanza
tenacidad,1.75,0.8563488385776752,,,,,,,,,,,,,,,,,,,tenacidad
tenaz,2.176470588235294,0.951005659660279,,,,,,,,,,,,,,,,,4.0,1.745743121887939,tenaz
tensión,3.15,1.598519051464429,,,,,,,,,,,,,,,,,,,tension
tenso,3.3636363636363638,1.364357673585582,,,,,,,,,,,,,,,,,,,tenso
ternura,3.4761904761904763,1.4006801069140526,,,,,,,,,,,,,,,,,3.84,2.0346989949375804,ternura
terrible,2.1363636363636362,1.3556040489989463,,,,,,,,,,,,,,,,,3.8,1.96281216089247,terrible
terror,4.15,1.3088765773505318,,,,,,,,,,,,,,,,,,,terror
tierno,3.4761904761904763,1.3273676061682242,,,,,,,,,,,,,,,,,3.92,1.6812693617224652,tierno
timidez,3.0952380952380953,1.51343192462568,,,,,,,,,,,,,,,,,,,timidez
tímido,2.3636363636363638,1.4653279998642446,,,,,,,,,,,,,,,,,,,timido
timorato,3.0,,2.5,2.1213203435596424,4.8,1.7888543819998315,1.0,0.0,1.0,0.0,2.3333333333333335,1.5275252316519468,,,2.0,,11.0,0.0,4.25,0.9574271077563381,timorato
tirria,3.473684210526316,1.2635233389495324,3.16,2.154065922853802,2.217391304347826,1.3469332756346388,1.1,0.3077935056255463,3.2,1.1050125029061648,3.35,1.0894228312566057,2.3684210526315788,1.1647854507156372,2.6315789473684212,1.3828523788728813,9.476190476190476,1.6618979396776323,3.9545454545454546,1.5268165676232461,tirria
titubeante,2.4615384615384617,1.0500305245868342,3.6842105263157894,1.4926721593968975,6.130434782608695,1.486434043611725,1.75,0.45226701686664544,1.3888888888888888,0.7775443160352296,1.7058823529411764,0.9195587176978519,2.0,0.9428090415820634,2.0,1.1547005383792515,10.4,1.142481141154963,3.8181818181818183,1.6514456476895405,titubeante
titubear,2.1666666666666665,0.9235481451827989,3.263157894736842,1.4848159355870003,6.380952380952381,1.3592715135759479,2.0714285714285716,0.615727926214882,1.2777777777777777,0.5745131499601416,1.6470588235294117,0.7859052479933758,2.05,0.887041208323017,2.3125,1.0144785195688801,10.235294117647058,1.03255821656129,4.545454545454546,1.7382879570557408,titubear
titubeo,1.6875,1.0144785195688801,3.7777777777777777,1.4775000967674117,6.0476190476190474,1.2440333788202984,2.076923076923077,0.7595545253127498,1.2222222222222223,0.5483188805533162,2.0,1.0,2.1,1.0208355710680808,2.0625,1.1236102527122116,10.476190476190476,1.0779168622415973,5.041666666666667,1.4589801878044124,titubeo
tormento,2.8095238095238093,1.2891488517253398,,,,,,,,,,,,,,,,,4.333333333333333,1.606147609943599,tormento
torpe,1.6363636363636365,1.0930714500000422,,,,,,,,,,,,,,,,,5.3478260869565215,1.5257992138897967,torpe
torpeza,1.4,0.9403246919632544,,,,,,,,,,,,,,,,,,,torpeza
torturado,2.238095238095238,1.4800257398019099,,,,,,,,,,,,,,,,,,,torturado
tozudez,2.1904761904761907,1.3273676061682242,3.36,1.5242484486898233,2.9565217391304346,1.6370222653443665,1.55,0.6048053188292996,2.3684210526315788,1.1647854507156372,3.0952380952380953,1.2611408289624872,1.894736842105263,1.1002392084403616,2.35,1.0399898784932577,8.3,2.10513157483527,4.904761904761905,1.6402671094904604,tozudez
tozudo,2.1,1.2523661815266247,3.45,1.5381123085406379,6.052631578947368,1.9571431620413322,1.6,0.5982430416161186,1.7692307692307692,1.0698669938900744,3.3333333333333335,0.9128709291752766,1.5789473684210527,1.1212983285105118,1.8421052631578947,1.1672930649220892,8.523809523809524,2.204972734957228,4.5,1.6890651782777917,tozudo
tragedia,2.8,1.472555959083246,,,,,,,,,,,,,,,,,,,tragedia
trágico,2.9047619047619047,1.578124263319017,,,,,,,,,,,,,4.7,0.47016234598162665,8.476190476190476,2.0644381225662247,5.0476190476190474,1.774153050787628,tragico
traición,2.227272727272727,1.5097088392205893,,,,,,,,,,,,,,,,,4.96,1.670329308849007,traicion
traicionado,3.0,1.2139539573337679,2.05,2.282081229238369,7.55,1.276302224561665,1.0,0.0,2.962962962962963,1.2551886613169254,4.238095238095238,0.8890872794479684,2.95,1.356271980175999,4.35,0.8127277008872493,8.476190476190476,1.9904534061124766,4.3,1.7800059136507322,traicionado
tranquilidad,3.380952380952381,1.4992061391346583,,,,,,,,,,,,,,,,,,,tranquilidad
tranquilizarse,3.65,1.3869694338832115,6.269230769230769,2.3758399324481827,7.538461538461538,1.2076678096486395,3.95,0.8870412083230166,1.0,0.0,1.3333333333333333,0.6582805886043832,1.0909090909090908,0.29424494316824973,1.5238095238095237,0.8728715609439697,5.428571428571429,1.8860389330930727,4.090909090909091,1.7432616094439293,tranquilizarse
tranquilo,3.55,1.6050905860647502,,,,,,,,,,,,,,,,,4.391304347826087,1.5879984667608409,tranquilo
triste,4.857142857142857,0.6546536707079765,,,,,,,,,,,,,,,,,4.857142857142857,2.1044171232366047,triste
tristeza,4.910714285714286,0.35975379720648704,,,,,,,,,,,,,,,3.8260869565217392,1.874522337048791,,,tristeza
triunfante,2.857142857142857,1.2761549390929885,,,,,,,,,,,,,,,,,,,triunfante
triunfar,2.090909090909091,1.508991808147505,,,,,,,,,,,,,,,,,,,triunfar
triunfo,2.4761904761904763,1.569045812557671,,,,,,,,,,,,,,,,,,,triunfo
turbación,2.0,0.9258200997725514,,,,,,,,,,,,,,,10.636363636363637,0.9244162777371732,3.5454545454545454,1.9164360862620156,turbacion
turbado,2.142857142857143,1.3506205330054122,3.2222222222222223,1.4775000967674123,2.8947368421052633,1.4867838833500562,1.3636363636363635,0.5045249791095131,2.5,1.243163121016122,3.176470588235294,0.951005659660279,3.1538461538461537,0.9870962335856486,2.6,1.2421180068162374,10.8125,0.4031128874149275,3.642857142857143,1.7368026705655186,turbado
turbarse,2.75,1.2154310870109943,3.1666666666666665,1.7494587907710375,6.055555555555555,1.9545489090602204,1.4615384615384615,0.9674179220468452,1.875,0.9910312089651149,2.5555555555555554,1.130388330520878,2.6,1.1832159566199232,2.8461538461538463,1.0681880176381129,9.411764705882353,3.392248950353801,4.411764705882353,1.8391174353957038,turbarse
turbulento,2.1904761904761907,1.1670067531530235,,,,,,,,,,,,,,,,,,,turbulento
ultrajado,3.0,1.5811388300841898,3.15,2.207046132634963,2.0,1.1547005383792515,1.5454545454545454,1.0357254813546264,2.8333333333333335,1.4668044012461756,3.2666666666666666,1.2798809468443688,3.1,1.2866839377079191,3.2142857142857144,1.2513728724621076,10.9375,0.25,3.8,1.6561573424216502,ultrajado
ultrajar,2.1666666666666665,1.2673044646258473,2.727272727272727,1.4206272622267315,5.9411764705882355,2.3840770812647327,1.2142857142857142,0.42581531362632014,2.75,1.6583123951777,3.4545454545454546,1.128152149635532,2.769230769230769,1.2351684199496948,3.090909090909091,1.5782614139961386,10.153846153846153,1.9081471748860557,3.933333333333333,2.051712409068047,ultrajar
ultraje,1.4545454545454546,0.8201995322647243,,,,,,,,,,,,,,,10.833333333333334,0.5144957554275266,3.789473684210526,1.8731716231633875,ultraje
vacilación,2.0,1.1697953037312037,,,,,,,,,,,,,,,9.333333333333334,1.906130460732774,,,vacilacion
vacilado,2.3333333333333335,1.2780193008453877,2.9,1.6189665319514632,6.333333333333333,1.8097962092016275,1.5789473684210527,0.9015905373704979,1.8695652173913044,1.099766414293465,3.45,1.1459310165698637,2.2,1.1516578439248717,3.0,1.2139539573337679,9.095238095238095,1.75797502555531,3.727272727272727,1.4858641283079044,vacilado
vacilante,2.272727272727273,1.031956910406178,,,,,,,,,,,,,,,9.238095238095237,1.6704718466577617,4.190476190476191,1.600595127415038,vacilante
vacilar,2.142857142857143,1.0623424252901832,,,,,,,,,,,,,,,,,,,vacilar
vacío,2.6666666666666665,1.5599145275730117,,,,,,,,,,,,,,,3.9565217391304346,1.6916441939874305,,,vacio
valentía,2.6818181818181817,1.4271638086766836,,,,,,,,,,,,,,,,,5.0,1.2909944487358056,valentia
valiente,3.0952380952380953,1.179184544707142,,,,,,,,,,,,,,,,,,,valiente
valor,2.619047619047619,1.283596138829908,,,,,,,,,,,,,,,,,,,valor
vanidad,1.894736842105263,0.9365858115816937,,,,,,,,,,,,,,,,,,,vanidad
vanidoso,2.526315789473684,1.4286131990551607,,,,,,,,,,,,,,,10.210526315789474,1.031662486174677,4.65,1.8431951662948316,vanidoso
vehemencia,2.2,1.3165611772087666,,,,,,,,,,,,,,,10.777777777777779,0.9428090415820697,,,vehemencia
vehemente,2.4444444444444446,1.0137937550497031,,,,,,,,,,,,,,,10.933333333333334,0.25819888974716954,3.625,1.6683325008322931,vehemente
vencida,2.5714285714285716,1.3989792196965818,2.6153846153846154,1.26734125086886,2.7916666666666665,2.105462185481552,1.25,0.4442616583193193,1.8,0.894427190999916,3.0476190476190474,1.4992061391346583,3.0,1.3093073414159542,3.45,1.3168942730211066,9.047619047619047,1.774153050787628,3.909090909090909,1.8233692233542071,vencida
vencido,2.4,1.2311740225021848,,,,,,,,,,,,,,,,,3.6818181818181817,1.7011582507043232,vencido
veneración,2.142857142857143,1.2314558524297636,,,,,,,,,,,,,,,10.368421052631579,1.116070802004837,,,veneracion
venerado,2.9166666666666665,1.621353717973928,6.25,1.7129537431920892,6.0,1.8708286933869707,3.3076923076923075,1.0315534712764842,1.5384615384615385,0.7762500258061847,1.5294117647058822,0.9432422182837986,1.6,0.9102589898327995,1.6923076923076923,0.630425171956115,10.631578947368421,0.5972647203701374,3.888888888888889,1.3234931004459767,venerado
venerar,2.1875,1.2763881332363862,,,,,,,,,,,,,,,10.75,0.5501196042201808,4.0,1.9321835661585918,venerar
venganza,2.909090909090909,1.7970635017820682,,,,,,,,,,,,,,,,,,,venganza
vengar,2.3684210526315788,1.3000224919331833,,,,,,,,,,,,,,,7.5,1.3954814298487213,4.76,1.5885003409925134,vengar
vengativo,2.4545454545454546,1.3354960814430659,3.230769230769231,2.3031750659937655,2.56,2.142428528562855,1.15,0.36634754853252327,2.8,1.2814465510343747,4.45,0.6048053188292989,3.5,1.2630273533214138,2.9523809523809526,1.430950400125402,8.761904761904763,1.5134319246256809,4.9,1.6189665319514632,vengativo
venturoso,2.076923076923077,1.4411533842457842,,,,,,,,,,,,,,,10.4,1.1212238211627734,4.666666666666667,1.7182493859684487,venturoso
vergonzoso,3.6,1.313893370663573,,,,,,,,,,,,,,,,,4.4,1.9029063643750177,vergonzoso
vergüenza,4.380952380952381,0.9734572654303054,,,,,,,,,,,,,,,4.913043478260869,1.6763879860706166,4.48,1.9815818596935801,verguenza
victoria,1.9523809523809523,1.395571226279421,,,,,,,,,,,,,,,,,,,victoria
victorioso,3.7,1.1285761872936693,,,,,,,,,,,,,,,,,,,victorioso
vigilante,1.5909090909090908,1.181568405173351,,,,,,,,,,,,,,,,,,,vigilante
vigor,1.5789473684210527,0.9015905373704979,,,,,,,,,,,,,,,,,,,vigor
vigorizarse,2.466666666666667,1.3020130933435712,5.117647058823529,1.866894243830394,6.357142857142857,1.864945569720997,2.7333333333333334,1.2227992865708155,1.65,0.9333020044867295,2.0588235294117645,1.0880365478290537,1.3846153846153846,0.869718492622904,1.3333333333333333,0.7237468644557459,10.705882352941176,0.6859943405700342,3.772727272727273,1.6883866117241486,vigorizarse
vigoroso,2.75,1.0645812948447542,,,,,,,,,,,,,,,,,4.238095238095238,1.5461164867099082,vigoroso
violencia,2.0454545454545454,1.4301938838683885,,,,,,,,,,,,,,,,,,,violencia
violentarse,3.0526315789473686,1.4709665835968129,1.8,1.105012502906165,8.0,0.9759000729485332,1.105263157894737,0.3153017676423059,2.9047619047619047,1.2208506012105615,4.238095238095238,1.0910894511799616,3.8421052631578947,1.0145145470035766,3.5238095238095237,1.1670067531530235,9.80952380952381,1.3645163106041494,4.7368421052631575,1.4469164631940532,violentarse
violento,3.4285714285714284,1.2478553029669974,,,,,,,,,,,,,,,,,,,violento
vital,2.090909090909091,1.3769908845391445,,,,,,,,,,,,,,,,,3.6818181818181817,1.5549112250379173,vital
vitalidad,2.05,1.0990426455975697,,,,,,,,,,,,,,,,,,,vitalidad
vitalizar,1.894736842105263,1.1002392084403616,6.8,1.1964860832322386,7.105263157894737,1.5597270716416047,4.2,0.6155870112510919,1.12,0.439696865275764,1.263157894736842,0.4524139283588642,1.4210526315789473,0.6924826089821244,1.15,0.48936048492959294,10.45,0.9986833437344502,4.48,1.5577761927397231,vitalizar
vulnerabilidad,2.2857142857142856,1.45405835999994,,,,,,,,,,,,,,,10.523809523809524,0.8728715609439744,3.772727272727273,1.7709781580707415,vulnerabilidad
vulnerable,2.45,1.4680814547887788,,,,,,,,,,,,,,,8.782608695652174,1.9990116134805307,3.5454545454545454,1.4712247158412488,vulnerable
