palabra,Action_Mean,Action_SD,BodyExp_Mean,BodyExp_SD,Evaluation _Mean,Evaluation _SD,Feeling_Mean,Feeling_SD,Interoception_Mean,Interoception_SD,Morality_Mean,Morality_SD,SenExp_Mean,SenExp_SD,SocInt_Mean,SocInt_SD,Thought_Mean,Thought_SD,palabra_noaccents
abandonado,3.65,2.0332758116683998,4.739130434782608,1.7377464849194204,3.238095238095238,2.364418784918651,5.636363636363637,1.940678687014872,3.857142857142857,2.1044171232366047,2.8636363636363638,2.0306099141333434,,,3.6666666666666665,2.1291625896895083,3.5714285714285716,1.9383350734955136,abandonado
abandonarse,4.55,1.932410548076104,4.608695652173913,1.9940623322705426,2.5714285714285716,2.0873770280289223,4.954545454545454,2.103902784447734,3.619047619047619,1.9098740920854045,2.3636363636363638,1.5900121157206721,3.608695652173913,2.0167284586402126,2.619047619047619,1.8021151593666394,4.0,1.816590212458495,abandonarse
abandono,3.8636363636363638,1.8334317171555259,3.8095238095238093,2.1821789023599236,2.875,2.1931216584347646,4.590909090909091,2.1747269321542944,4.538461538461538,2.1583469458040194,2.391304347826087,1.9940623322705429,,,4.142857142857143,2.1044171232366047,3.6,2.036508880671192,abandono
abatido,4.208333333333333,2.166527308784762,4.0476190476190474,2.085094493690645,3.1,2.1496633763403397,5.722222222222222,1.9037287113808907,4.608695652173913,2.1477076666399157,3,1.9493588689617927,3.8181818181818183,1.842264745887353,2.5,1.7320508075688772,4.434782608695652,1.6188123299764539,abatido
abatimiento,3.857142857142857,2.0805219125429626,4.285714285714286,1.3835771443203715,2.2941176470588234,2.0846074535255115,4.473684210526316,2.1951568167883586,5.111111111111111,1.3234931004459767,3.0952380952380953,1.8948551898433268,4.238095238095238,1.786190412715338,3.611111111111111,2.0332208262027454,4.105263157894737,1.8527678046673026,abatimiento
abatirse,4.052631578947368,1.68238204838412,4.095238095238095,1.7001400502535637,3.8421052631578947,1.8933555718980595,5.1,1.9439514830419637,4.380952380952381,1.9358768162305804,3.0454545454545454,1.7037010895686493,3.9523809523809526,1.6575943555704598,2.9,1.6189665319514632,4.4,2.036508880671192,abatirse
abochornado,4.2727272727272725,1.7232808737106584,4.473684210526316,2.5466409477896694,3.15,1.8144159564878983,4.590909090909091,2.1304837570282102,4.8076923076923075,1.8551383941739932,3,1.3801311186847085,5.095238095238095,1.7861904127153387,4.285714285714286,2.239260081876537,4.2105263157894735,1.7184924714030623,abochornado
abochornarse,4.333333333333333,1.6803361008336117,4.2,1.8806493839265088,2.3,1.5252264715358452,4.8,2.0416711421361615,5.2272727272727275,1.3777766140664454,2.85,1.598519051464429,4.45,1.6693837501494848,4.888888888888889,2.2980525998405663,4.636363636363637,1.4974726182552525,abochornarse
abominado,2.5,1.632993161855452,3.7142857142857144,2.0164161440372537,2.8461538461538463,1.9513309067639728,5.0,1.8708286933869707,3.642857142857143,1.7368026705655186,2.1818181818181817,1.1677484162422844,2.3125,1.7017148213885114,2.6923076923076925,1.6012815380508714,4.066666666666666,1.9444671200491874,abominado
abominar,3.75,2.1447610589527217,3.2,2.2803508501982757,2.5454545454545454,1.916436086262016,3.6,1.4298407059684815,3.05,1.932410548076104,2.1333333333333333,1.505545305418162,2.6666666666666665,1.4474937289114918,3.066666666666667,1.486446705914413,2.533333333333333,1.5522640914238175,abominar
aborrecer,4.541666666666667,2.225917820793826,4.173913043478261,1.9224079103855776,3.55,1.932410548076104,4.35,2.3457688673327066,4.086956521739131,2.0870388653056855,3.15,1.7252002172135514,3.95,1.8202082009311027,3.4,1.9574419397183718,4.909090909090909,1.8233692233542078,aborrecer
aborrecido,3.6666666666666665,2.081665999466133,3.25,1.8883298106221302,2.55,1.848897253129978,4.619047619047619,2.1558337244831867,4.260869565217392,1.9121000188832795,2.7142857142857144,1.647508942095828,3.772727272727273,1.5097088392205895,3.761904761904762,2.0713464679952,3.869565217391304,2.05170323536517,aborrecido
aborrecimiento,4.190476190476191,2.1591444513753038,4,2,2.9047619047619047,2.047065262876636,5.6,1.902906364375017,4.3478260869565215,1.5257992138897958,3.7142857142857144,2.02837021134844,3.45,1.731290969494334,3.1052631578947367,1.6294081011931656,4.333333333333333,1.7981471945681573,aborrecimiento
abrumado,3.6956521739130435,2.0545909260769615,4.3,1.866604008973459,4,1.7489492643904123,5.157894736842105,1.9224740395512598,5.130434782608695,1.9141660378748124,3.5555555555555554,1.6169041669088868,,,4.6,1.788854381999832,5.086956521739131,1.083472677771923,abrumado
abrumarse,4.277777777777778,1.4874200148759573,4.285714285714286,2.0770858707058104,3.210526315789474,1.843274482738111,5.45,1.8202082009311036,5.285714285714286,1.3835771443203724,3.6,1.7591864148251213,4.7272727272727275,1.8563101696342252,3.6666666666666665,1.8786728732554485,4.9,1.209610637658599,abrumarse
aburrido,4.52,2.32952069462082,4.260869565217392,2.157805941741156,3.8,1.8524521444205841,4.85,1.9808291724745768,4.304347826086956,1.964104760414124,3.4761904761904763,1.6917165134574887,,,4.1,1.8609561775433732,5.043478260869565,1.521908516829062,aburrido
aburrimiento,3.5652173913043477,2.0632297487307203,3.5217391304347827,1.8307863491206402,3.3181818181818183,1.9853358510736772,4.454545454545454,2.344746361088017,4.7,1.6575187543592473,2.5833333333333335,1.8630658852422861,3.590909090909091,1.9188064472004938,4.3,1.9493588689617927,4.238095238095238,1.757975025555309,aburrimiento
aburrirse,4.4,2.29128784747792,4.521739130434782,2.2737547084741356,3.75,1.7129537431920892,4.25,2.1490511982341367,4.521739130434782,1.9509802947933477,3.5714285714285716,2.038907270363922,,,3.95,1.848897253129978,4.869565217391305,1.6040955487888704,aburrirse
acalorado,3.3,1.866604008973459,5.391304347826087,1.802501555535393,3.142857142857143,1.3522468075656267,3.0454545454545454,1.8381479480139458,5.333333333333333,1.4605934866804424,2.3636363636363638,1.7874018000453045,4.956521739130435,2.1421794524091835,2.6666666666666665,1.8529256146249726,2.4285714285714284,1.8322507626258084,acalorado
acalorarse,3.9545454545454546,2.081146037924497,5.380952380952381,1.8021151593666394,2.625,1.7646898976258147,3.727272727272727,1.8304779022564985,4.769230769230769,2.065094521956655,2.5217391304347827,1.903813522605025,5.136363636363637,1.2457720706244997,3.142857142857143,1.98206241793023,3.5,1.877848713148555,acalorarse
aceptación,4.7727272727272725,1.8239626714491246,5.363636363636363,1.787401800045305,5.619047619047619,1.3592715135759479,5.409090909090909,1.9188064472004946,4.0,1.5322617553657476,5.666666666666667,1.4605934866804424,,,5.9,1.1192102478745296,5.666666666666667,1.23827837473378,aceptacion
aceptado,4.72,2.0108041509140895,4.565217391304348,1.8046930475976881,5.65,1.1367080817685307,4.8,1.8524521444205841,4.086956521739131,1.8318655041504666,5,1.6431676725154984,4.045454545454546,1.430193883868388,5.9,1.2937094768634547,5.043478260869565,1.5805137504669224,aceptado
aceptar,3.857142857142857,1.9566735620873064,4.090909090909091,2.2658771224846097,5.428571428571429,1.4342743312012718,3.4761904761904763,2.1821789023599236,3.0434782608695654,2.120854477661072,5.333333333333333,1.6532795690182986,2.6363636363636362,1.7333000329801544,4.095238095238095,1.6704718466577608,5.304347826086956,1.6904755277381038,aceptar
aclamado,4.222222222222222,1.8328876463610653,3.65,1.9540780569443943,4,1.7638342073763937,4.315789473684211,1.8871681188415435,3.8181818181818183,1.8679340162804168,4,1.4142135623730951,4.0476190476190474,1.9098740920854045,4.1,2.2687812633774618,3.5652173913043477,2.0410800829801707,aclamado
aclamar,4.095238095238095,2.343176517139968,3.35,1.3088765773505318,4.105263157894737,1.3289401308354822,3.0952380952380953,1.786190412715338,2.2222222222222223,1.262842524557225,3.2083333333333335,1.8876985450811392,,,3.8421052631578947,1.5727950313140988,3.0588235294117645,1.784327192364608,aclamar
acobardarse,4.65,1.565247584249853,4.6521739130434785,1.555304578536246,2.6666666666666665,1.8797162906495577,5.2272727272727275,1.8239626714491246,4.238095238095238,2.119074371152695,3.409090909090909,2.1747269321542944,4.0,1.6858544608470492,3.85,1.8431951662948316,4.619047619047619,1.6874889770363088,acobardarse
acogedor,4.25,1.8708286933869707,4.739130434782608,1.7377464849194204,5.631578947368421,1.116070802004837,4.5,2.039091645032686,4.0,1.7837651700316894,4.476190476190476,2.2275333357561142,,,5.7,1.5927467172350915,4.304347826086956,1.8447661248342482,acogedor
acogido,3.6666666666666665,1.9832633040858025,3.8181818181818183,1.789822115033559,5.7,1.1742858972248005,5.2,1.3218806379747885,4.181818181818182,2.1522162140534653,4.8,1.9084300519426678,3.85,1.899445902583726,5.333333333333333,1.7416467303484169,3.3636363636363638,1.760558746411803,acogido
acomplejado,3.9545454545454546,2.1486933510585255,5.7272727272727275,1.6954229190555596,2.4761904761904763,2.0644381225662256,5.863636363636363,1.5521246435421707,5.541666666666667,1.2503622663458183,4.142857142857143,2.197401062294143,4.2,1.3992479182911457,4.05,2.0894471693929497,5.476190476190476,1.4359334113755968,acomplejado
acomplejarse,3.619047619047619,2.1325147238926743,5.136363636363637,2.144660136144443,2.9,2.4039441275580957,4.9523809523809526,1.9098740920854045,4.782608695652174,1.6224706675911513,4.0476190476190474,2.085094493690645,4.0,2.138089935299395,4.380952380952381,2.085094493690645,4.695652173913044,1.9408241597250206,acomplejarse
acongojado,4.466666666666667,1.8073922282301282,3.411764705882353,2.265469695488437,3.3846153846153846,1.980675875320574,5.769230769230769,1.964427234329223,5.421052631578948,1.1212983285105125,2.625,1.408308678285174,3.6842105263157894,1.7966831037883662,3.5,1.6538724611187705,3.7222222222222223,2.2701530281551134,acongojado
acongojarse,4.1875,1.6418993066973788,3.8333333333333335,2.037526724122938,3.55,1.9861361590045288,4.470588235294118,2.153997651426979,5.125,1.8012676695569996,2.8666666666666667,1.9223002094465098,4.0,1.8786728732554485,3.2857142857142856,1.3827826698682308,4.0625,1.4361406616345072,acongojarse
acosado,5.04,2.2075627586397935,4.478260869565218,2.04204810773603,3.05,2.6650762801367183,4.55,2.4165002967536595,4.260869565217392,2.0936568987028807,2.5714285714285716,1.804755622554715,4.636363636363637,2.300009410859723,4.1,2.4039441275580957,4.956521739130435,1.521908516829062,acosado
acosar,4.9523809523809526,2.0118695404073916,3.9545454545454546,2.298597351331847,2.761904761904762,2.343176517139968,3.380952380952381,2.355338414669758,3.652173913043478,2.3278686243033153,2.3333333333333335,1.9832633040858023,,,4.9523809523809526,2.0118695404073916,3.347826086956522,2.2884829364008,acosar
acoso,5.619047619047619,1.6874889770363088,4.7272727272727275,2.453021813461107,2.619047619047619,2.376471974928181,4.818181818181818,2.4031004504372624,4.291666666666667,2.510485258248703,3.1904761904761907,2.5023798196726177,4.956521739130435,2.2254368492411714,4.45,2.282081229238369,3.9047619047619047,2.142539659020619,acoso
activación,5.15,1.5985190514644279,5.173913043478261,1.969129339513082,5.380952380952381,1.430950400125402,4.681818181818182,1.728923795075274,5.190476190476191,1.9395630337539327,4.2272727272727275,1.9006720160390937,4.217391304347826,1.9530051840719362,3.1904761904761907,2.1358615970855324,4.428571428571429,1.9892568605242658,activacion
activado,5.6,1.6072751268321592,5.695652173913044,1.2945614423669658,5.5,1,4.3,1.9761738683361685,5.478260869565218,1.7021260827509308,4.142857142857143,2.0071301473923975,4.363636363636363,1.5289415743128763,3.6,2.280350850198276,4.6521739130434785,1.8975749033526954,activado
activarse,5.2727272727272725,1.608957609368435,5.333333333333333,1.8257418583505531,4.541666666666667,1.8876985450811388,4.363636363636363,2.1502038562370362,5.115384615384615,1.6081523081331095,4.608695652173913,1.751340536814393,4.863636363636363,1.206942399913914,3.619047619047619,1.8296499795368097,4.95,1.6693837501494848,activarse
activo,5.666666666666667,1.5599145275730113,5.363636363636363,1.8909673650694179,6.285714285714286,0.9561828874675162,5.142857142857143,1.621286966755555,5.391304347826087,1.157549544778366,4.714285714285714,2.0035682454774815,,,4.666666666666667,2.057506581601462,4.260869565217392,1.9121000188832795,activo
admiración,4.954545454545454,1.7037010895686497,4.190476190476191,2.2938842084780044,5.291666666666667,1.1970676733137333,5.636363636363637,1.176979772673,4.730769230769231,2.030914913189468,4.869565217391305,1.486434043611725,4.136363636363637,2.0070223038468025,5.9523809523809526,1.1169686869465267,5.05,1.5719582155957412,admiracion
admirado,4.454545454545454,1.6540649128527982,4.590909090909091,1.6230216062021892,5.285714285714286,1.7071279138616757,5.863636363636363,1.390287895689391,3.5416666666666665,1.5597983890531344,4.714285714285714,2.0770858707058104,,,5.35,1.1821033884786174,4.857142857142857,1.7402791237532638,admirado
admirar,5.76,1.714642819948224,4.478260869565218,1.5335509956067594,5.1,1.3337718577106994,5.95,1.050062654772262,5.0,1.651445647689541,4.523809523809524,1.600595127415038,,,6.15,0.8750939799154193,5.739130434782608,1.0098330782113454,admirar
adoración,5.24,1.7387735140993295,4.434782608695652,1.7009646182125802,4.75,1.6819474927657678,5.8,1.4363696929192167,4.217391304347826,2.1523036651907823,3.5714285714285716,1.9123657749350302,4.136363636363637,1.958995236763565,5.9,1.1652874052533575,5.043478260869565,1.8458371067095618,adoracion
adorado,3.9545454545454546,2.0113315354397803,4.35,1.755442664221313,5,1.5811388300841898,5.095238095238095,2.1190743711526956,3.5,1.6939791077198396,4,1.7950549357115013,4.2,1.5761378513048243,4.684210526315789,1.5653409844697797,4.0,2.0,adorado
adorar,5.090909090909091,1.4770978917519937,4.909090909090909,1.6592910393438385,4.809523809523809,2.1591444513753038,5.681818181818182,1.9367710889731522,4.041666666666667,1.601063957842237,4.285714285714286,1.820517979665599,,,5.35,1.3088765773505306,4.666666666666667,1.5916448515084431,adorar
afán,4.166666666666667,1.6179144164088315,2.7333333333333334,2.2189658681037714,4,1.2977713690461004,4.166666666666667,1.7573375583870183,4.208333333333333,2.0425722629261767,4.380952380952381,1.774153050787628,,,3.3125,1.8518009252256753,3.8421052631578947,2.0072966313133374,afan
afanado,4.625,1.2041594578792296,3.727272727272727,1.9021518914592017,4.818181818181818,1.60113596038449,4.0,1.247219128924647,3.6470588235294117,1.4975470138942313,4.090909090909091,1.7002673586554236,3.3684210526315788,1.7704527454797003,3.2,1.61245154965971,4.461538461538462,1.6641005886756872,afanado
afanarse,5.0625,1.2893796958227628,3.75,1.6532795690182993,4.416666666666667,1.8809249819912508,3.0,2.1908902300206643,3.642857142857143,1.1507283885330304,3.3157894736842106,2.4049169904581222,3.0,1.7149858514250884,3.769230769230769,1.6908501882113507,4.166666666666667,1.4668044012461752,afanarse
afectación,5.28,1.882374387132733,4.739130434782608,1.8394018618796069,4.588235294117647,1.697749375254331,5.65,1.2680278927697541,4.9523809523809526,1.9358768162305804,3.9047619047619047,1.9976176286957896,4.636363636363637,1.5289415743128763,4.8,2.21478286924356,5.260869565217392,1.4837725660181156,afectacion
afectado,5,1.9023794624226837,4.909090909090909,1.8493007921680622,3.6666666666666665,2.1291625896895083,6.409090909090909,0.7963662060880891,5.333333333333333,1.1671841502435303,4.238095238095238,1.8948551898433268,4.35,1.598519051464429,3.75,1.860248992954834,5.095238095238095,1.6094956323259137,afectado
afectarse,4.45,1.5381123085406379,5.086956521739131,1.7032867552913658,4.571428571428571,1.9892568605242658,5.863636363636363,1.6703422673342405,4.666666666666667,1.9832633040858025,3.727272727272727,1.931735419668473,4.0,1.9023794624226837,4.142857142857143,1.6518388022356867,4.666666666666667,1.7126976771553508,afectarse
afecto,5.35,1.2680278927697541,5.086956521739131,1.8808374217658008,6.333333333333333,0.7302967433402202,6.181818181818182,1.0064725594803925,5.714285714285714,1.189237450758139,5.318181818181818,1.756250433285522,,,6.571428571428571,0.5070925528371083,5.0476190476190474,1.9098740920854045,afecto
afectuoso,4.7272727272727275,1.7776875878998426,4.476190476190476,1.8606194564995717,5.75,1.5108304655560048,5.545454545454546,1.6250208123875345,5.1923076923076925,1.5496897952617685,5.260869565217392,1.4837725660181156,,,6.0476190476190474,1.283596138829908,4.95,1.731290969494334,afectuoso
aflicción,4.235294117647059,1.6019289842524966,3.5,2.3213980461973533,3.4444444444444446,2.148110584901839,4.384615384615385,2.103111248383433,4.809523809523809,1.7781745588959377,2.857142857142857,1.6104057232283402,3.9,2.125038699338017,3.4375,1.8962682651284688,3.466666666666667,1.4074631010979932,afliccion
afligido,3.764705882352941,1.855040827202527,3.8421052631578947,1.5727950313140988,3.7142857142857144,2.1277858274442303,5.333333333333333,2.288688541085317,5.266666666666667,1.8695555876298773,3.2666666666666666,1.3870146083619754,,,3.6,1.5008769366431645,5.157894736842105,1.2139539573337683,afligido
afortunado,3.9565217391304346,2.184204886942224,4.521739130434782,2.107768428228199,6,0.8728715609439694,4.590909090909091,2.0391195791342542,3.8,1.935812083093974,4.041666666666667,2.156469874317881,,,5.35,1.6944180805158287,3.263157894736842,1.6276126096272243,afortunado
afrenta,4,2,4,2.1908902300206643,3,1.6583123951777,4.166666666666667,1.4668044012461752,4.545454545454546,1.9679246105293953,3.6,2.0655911179772892,3.090909090909091,1.9211738835693897,3.9,2.1317702607092643,3.25,1.6583123951777,afrenta
agitación,5.2272727272727275,1.4452489711965164,4.142857142857143,2.351291438459177,2.625,1.3125646981983485,3.8636363636363638,1.958995236763565,5.423076923076923,1.7011308455983487,3.0869565217391304,1.5049326012773303,4.0,1.8516401995451028,3.142857142857143,2.007130147392398,3.6,1.569445091341791,agitacion
agitado,4.85,1.6311119875071343,5.130434782608695,1.6869646713465993,3.380952380952381,1.7457431218879393,4.5,1.8708286933869707,5.285714285714286,1.41925533794512,3.409090909090909,1.9918665787478005,4.454545454545454,1.7106744068953992,3.4761904761904763,1.9651729597938097,4.9523809523809526,1.5644868320376009,agitado
agitarse,4.92,1.6812693617224659,4.391304347826087,1.9479390142306956,3.8,1.6091841672756186,4.2,1.472555959083246,5.043478260869565,1.8458371067095618,3.4285714285714284,1.6604646509766046,4.608695652173913,2.1477076666399157,3.45,1.5035046776746235,4.6521739130434785,1.5842605287404279,agitarse
agobiarse,4.521739130434782,1.8554481256654882,4.695652173913044,2.098371286339948,3.272727272727273,2.2292817160908514,4.954545454545454,2.0811460379244973,6.25,0.7163503994113789,3.5,2.206709137469482,5.15,1.7851728502481645,4.65,2.1343062474478063,4.857142857142857,1.8784492084087414,agobiarse
agobio,4.92,1.9561867668161617,5.521739130434782,1.562910025252757,3.85,2.680828622881955,5.45,2.0124611797498115,6.0,1.2060453783110545,3.5238095238095237,1.6315344807587617,5.6521739130434785,1.7992093125030313,3.8,1.8806493839265088,5.304347826086956,1.2223220304997604,agobio
agonía,4.04,2.2263572639328726,4.363636363636363,1.9650628136199262,3.8947368421052633,2.1575381248622048,5.388888888888889,2.0619490747659377,5.136363636363637,1.6415861825701372,3,2.073644135332772,,,2.6,1.8467610337532774,4.956521739130435,1.4295028019803118,agonia
agonizante,4.571428571428571,2.0632844828435215,4.136363636363637,2.076981659488791,2.6842105263157894,2.001461454341895,4.65,2.412140346794021,5.041666666666667,1.8292114401439832,2.9523809523809526,1.883512423006296,4.318181818181818,1.8869568253158469,2.611111111111111,1.7197431028701005,3.7142857142857144,1.6168752933623898,agonizante
agonizar,4.0476190476190474,2.178903175365773,3.380952380952381,2.178903175365773,1.7894736842105263,1.2727462594467416,4.105263157894737,1.9406395521438362,5.304347826086956,2.0765964857012724,2.380952380952381,1.774153050787628,,,2.9523809523809526,1.9098740920854045,3.260869565217391,2.1366369348357592,agonizar
agotado,4,2.1157009420498154,5.476190476190476,2.1591444513753033,3.375,1.8371173070873836,5.090909090909091,1.8493007921680622,6.0,1.3856406460551018,2.6956521739130435,1.428119634939456,4.2272727272727275,1.9744033018277696,2.6666666666666665,1.6227548592850778,3.75,1.943274501832843,agotado
agotamiento,4.478260869565218,1.8554481256654882,5.130434782608695,2.00690507602869,3.272727272727273,2.3539595453459987,4.090909090909091,2.2658771224846097,6.05,1.145931016569865,3.375,1.929462642021483,4.363636363636363,1.5597757636597742,3.8,2.117595458607661,4.1,1.970840055995359,agotamiento
agotarse,4.190476190476191,2.2938842084780044,4.7272727272727275,1.9804236723685977,3.9523809523809526,1.883512423006296,4.761904761904762,1.4800257398019097,5.565217391304348,1.3759653456432208,3,1.7888543819998317,4.181818181818182,1.9429080716523297,2.761904761904762,1.813966976126134,4.260869565217392,1.982133637003497,agotarse
agradable,4.318181818181818,1.861549882589227,5.285714285714286,1.736169840276497,5.833333333333333,1.274044114541213,5.818181818181818,1.220318601504332,5.538461538461538,1.7715703594442807,5.565217391304348,1.5904855449750885,,,5.190476190476191,1.9136103997169223,5.2,1.5078740698501045,agradable
agradar,4.956521739130435,2.163294223454868,5.3478260869565215,1.3351436985029648,5.409090909090909,1.2968493288806469,5.090909090909091,1.8233692233542078,4.5,1.504379571363837,4.875,1.9849980834510514,,,6.15,0.9880869341680831,5.0,1.4142135623730951,agradar
agradecer,4.9,1.744163198544762,4.3478260869565215,1.8734677533720459,6.285714285714286,0.9561828874675162,6.136363636363637,0.8888437939499221,4.571428571428571,1.8593393604027368,5.363636363636363,1.8138476479691703,,,6.285714285714286,0.643650304346791,4.857142857142857,1.9048809486609466,agradecer
agradecido,5.238095238095238,1.5134319246256809,4.5,2.0644381225662256,6.380952380952381,0.8047478161629569,6.190476190476191,1.2090925365350491,5.217391304347826,1.5654369630794764,5.857142857142857,1.3147514702678327,,,5.476190476190476,1.7210185245675769,4.304347826086956,2.0323471117426513,agradecido
agradecimiento,4.6521739130434785,2.186917624340746,4.260869565217392,2.0718325508054636,6.045454545454546,0.7854190708679786,5.863636363636363,1.283427499777899,3.85,1.6630662866176475,5.791666666666667,1.5030162910010305,4.95,1.7006190823220508,5.8,1.1516578439248728,4.333333333333333,1.852925614624973,agradecimiento
agrado,5.2,1.361114094757442,4.545454545454546,1.94513490111863,5.8,1.0052493799000704,5.545454545454546,1.3706888336846845,4.904761904761905,1.338086764928265,4.818181818181818,2.038588765750502,4.454545454545454,1.2621701918020376,5.0,1.6431676725154984,4.85,1.6311119875071343,agrado
agravado,4.117647058823529,1.4950900031928038,3.6315789473684212,1.6059101370939326,3.125,1.9621416870348585,3.5714285714285716,2.064881658530644,3.4761904761904763,1.6917165134574887,2.888888888888889,1.9063018984684914,2.772727272727273,1.5097088392205895,2.1875,0.9810708435174292,4.25,1.8073922282301278,agravado
agravar,4.476190476190476,2.204972734957229,2.65,1.6944180805158295,4.076923076923077,1.7059473644448737,3.176470588235294,2.007339474206065,2.3157894736842106,1.529438225803745,2.8823529411764706,1.763602596291766,3.3684210526315788,2.361979544454408,2.764705882352941,1.7863864281247313,3.9545454545454546,1.703701089568649,agravar
agraviado,4.583333333333333,1.5050420310248862,3.75,1.9128750375000738,2.8666666666666667,1.9591057240729093,3.7333333333333334,2.250925735484551,4.6,1.4298407059684815,3.1333333333333333,1.5055453054181618,3.4285714285714284,2.2088732148135795,2.8181818181818183,1.7786613965666327,3.909090909090909,1.868397465987655,agraviado
agravio,4.111111111111111,0.9279607271383368,2.923076923076923,1.9348358440936904,3.1538461538461537,1.7722938923964162,3.6666666666666665,1.7320508075688772,2.1875,1.8337120820892248,3.3333333333333335,1.7320508075688772,3.2,1.6865480854231354,3.1,1.7919573407620817,3.8333333333333335,1.9462473604038073,agravio
agredir,5.2,1.5761378513048254,5.086956521739131,1.9048513060141246,2.238095238095238,1.9210612146613628,4.7272727272727275,1.7232808737106584,3.6666666666666665,1.932183566158592,3.090909090909091,2.2658771224846097,,,4.571428571428571,1.9892568605242658,3.5714285714285716,2.111194651646991,agredir
agresión,5.1,1.5861240410775597,5.391304347826087,1.971135584903065,2.9047619047619047,2.4475449312476756,4.681818181818182,2.378201874493449,3.9047619047619047,2.2114421065169645,3,2.410295378065479,,,4.380952380952381,2.085094493690645,4.0476190476190474,1.9615348703551125,agresion
agresivo,5.523809523809524,1.691716513457488,4.636363636363637,2.320620905120305,3.142857142857143,2.5939490026928884,4.571428571428571,2.378474901516276,5.173913043478261,1.7228985595908768,3.0952380952380953,2.364418784918651,,,4.428571428571429,2.0873770280289228,4.304347826086956,1.8692434689587816,agresivo
airado,3.3333333333333335,1.8786728732554485,2.9411764705882355,1.9833868834425028,3.357142857142857,1.5495479666983214,4.214285714285714,1.5281246137553166,4.368421052631579,1.5709348354753427,3.0625,1.7689450716929191,3.142857142857143,1.561909228976012,3.6875,2.023816526598529,3.6,2.1313979316066587,airado
airar,3.4,1.8439088914585773,2.3333333333333335,2.179449471770337,3.111111111111111,1.8113657144911368,3.076923076923077,1.84668795692624,3.8823529411764706,1.7278003697322957,2.9285714285714284,1.542439911024374,2.8125,1.682012683265696,2.2857142857142856,1.5406577730392867,3.176470588235294,1.7042334830374277,airar
aislado,4.12,2.333095225946282,4,2.0225995873897262,3.75,2.1244194253340942,4.25,1.8027756377319946,3.5217391304347827,1.8307863491206402,2.8095238095238093,1.7210185245675778,3.85,1.5312533566021216,4.25,2.29128784747792,4.086956521739131,1.6212521389419092,aislado
aislamiento,4.48,2.3473389188611007,3.8260869565217392,1.9691293395130816,3.4,2.112618729145617,4.55,1.9861361590045288,3.391304347826087,1.9940623322705426,2.238095238095238,1.4800257398019099,3.6818181818181817,1.9853358510736767,4.4,2.280350850198276,4.260869565217392,1.982133637003497,aislamiento
aislarse,4,1.7994708216848747,3.473684210526316,2.1439429162340526,2.9166666666666665,2.019829236576087,4.2272727272727275,2.091520708589536,3.8076923076923075,2.154422999677283,2.608695652173913,1.4058038927888332,3.8181818181818183,1.7357957866601164,4.095238095238095,2.233937373893053,4.2,1.8806493839265088,aislarse
alarma,3.4285714285714284,2.134746555716359,3.5,2.4053511772118195,3.7142857142857144,2.305273457593635,2.142857142857143,1.8516401995451028,3.347826086956522,2.515564199360994,3.142857142857143,1.6212869667555552,,,1.8095238095238095,1.123345344008138,2.260869565217391,1.8394018618796073,alarma
alarmado,4.954545454545454,1.5576928215816264,5.045454545454546,1.7855844108615224,3.0476190476190474,1.9358768162305804,5.090909090909091,1.9250007027603153,5.25,1.7003835884370582,3.5714285714285716,2.0142350550873793,3.85,1.7252002172135514,2.75,1.4823523268955432,4.904761904761905,1.5461164867099082,alarmado
alarmante,3.727272727272727,2.0279433208435864,4.761904761904762,2.165750722146062,3.375,1.8838558977475588,3.9545454545454546,1.9390049664042275,4.730769230769231,2.030914913189468,2.8260869565217392,1.5565747335691182,4.565217391304348,2.0632297487307203,2.1904761904761907,1.600595127415038,3.75,1.5517392618742702,alarmante
alarmarse,5.181818181818182,1.5625487005397434,4.857142857142857,1.9820624179302295,3.5,1.8650096164806276,4.0,1.9760470401187074,5.230769230769231,1.7276039432159749,3.1739130434782608,1.4970326380435361,4.65,1.3484884325167863,2.8095238095238093,1.600595127415038,4.9,1.6189665319514632,alarmarse
alborotado,4.857142857142857,2.0071301473923975,4.809523809523809,1.9651729597938097,2.85,1.598519051464429,5.095238095238095,1.75797502555531,5.130434782608695,1.4239620725952367,3.0476190476190474,1.7168631417847633,3.8,1.8806493839265088,3.619047619047619,1.8296499795368097,4.217391304347826,1.9295906711276274,alborotado
alborotarse,4.619047619047619,1.8296499795368097,4.571428571428571,1.9383350734955136,2.75,1.7434086394791457,4.619047619047619,2.1089378956287566,5.0,1.6787441193290353,3.2857142857142856,1.7647338933351153,4.818181818181818,1.8162327215148664,4.095238095238095,1.8682816143387457,4.217391304347826,1.756973682711022,alborotarse
alboroto,4.523809523809524,1.7781745588959377,3.6666666666666665,1.825741858350554,2.5238095238095237,1.6618979396776332,3.2857142857142856,1.6168752933623898,3.6956521739130435,1.794810261146784,2.9047619047619047,1.6704718466577608,4.409090909090909,1.6230216062021892,4.428571428571429,1.8322507626258089,3.6956521739130435,1.6904755277381047,alboroto
alborozado,4,2.23606797749979,4.111111111111111,1.6914819275153699,4.428571428571429,2.14919697074224,4.125,2.416461403433896,4.0,2.0816659994661326,3.6,2.4083189157584592,3.5555555555555554,1.9436506316151003,2.8333333333333335,1.9407902170679516,4.25,1.4880476182856899,alborozado
alborozarse,5,2,4.111111111111111,1.9002923751652299,3.888888888888889,1.7638342073763935,4.636363636363637,1.2060453783110539,4.9,1.2866839377079191,3.75,1.4880476182856899,3.875,1.8850918886280925,2.857142857142857,1.5735915849388862,3.625,0.9161253813129043,alborozarse
alborozo,5.4,1.1401754250991367,3.5,2.073644135332772,4,2.5298221281347035,4.222222222222222,2.333333333333333,4.7,1.70293863659264,3,1.4142135623730951,,,3.6,1.5165750888103104,3.125,1.4577379737113252,alborozo
alegrarse,4.869565217391305,2.2013290990607333,5.3478260869565215,1.4336442963229925,6.590909090909091,0.6661253213344664,6.681818181818182,0.5679003631895488,6.2,0.9514531821875101,4.958333333333333,2.1765382699552314,5.545454545454546,1.3354960814430665,5.7,1.218281792655456,4.619047619047619,1.9098740920854045,alegrarse
alegre,5.619047619047619,1.4654757069358222,5.863636363636363,1.355604048998947,6.428571428571429,0.6761234037828121,6.761904761904762,0.4364357804719872,5.913043478260869,1.2761106919165421,5.761904761904762,1.6094956323259137,,,5.190476190476191,2.0154167712671143,5.086956521739131,1.7815479346563374,alegre
alegría,5.136363636363637,1.457181053739248,4.857142857142857,2.3299294900428698,6.416666666666667,0.7755316082290395,6.818181818181818,0.39477101697586015,6.038461538461538,1.3994504415882465,5.826086956521739,1.4663552190579539,,,5.142857142857143,2.0071301473923975,5.1,1.7137217117324375,alegria
alentado,4.111111111111111,1.843554395849907,3,1.9639610121239315,3.5238095238095237,2.0400746951777924,4.25,1.3416407864998738,4.238095238095238,1.8948551898433268,3.611111111111111,1.753614381411378,3.272727272727273,1.5790840679034457,4.176470588235294,1.7405205441780582,3.4705882352941178,1.8411153908304994,alentado
alentador,4.473684210526316,1.3067525929499002,2.875,2.0289570391377603,3.9,2.04939015319192,3.764705882352941,1.7863864281247313,4.3478260869565215,1.8490463304135485,4.105263157894737,1.9690589078176761,,,3.8421052631578947,1.863782232592187,4.5,1.6890651782777917,alentador
alentar,4.95,1.356271980175999,3.357142857142857,1.6458405781822276,3.857142857142857,1.9566735620873064,3.6315789473684212,1.8321367706038847,4.0,1.5954480704349312,3.6666666666666665,1.7149858514250884,3.0476190476190474,1.8021151593666394,3.823529411764706,1.667156790678634,4.473684210526316,1.3067525929499002,alentar
alerta,4.521739130434782,1.8057877962865383,4.6521739130434785,2.479162168816017,4.909090909090909,1.3769908845391456,3.409090909090909,1.816828500675229,5.6,1.4290224851827533,4.166666666666667,2.098999071331208,,,3.85,1.6944180805158295,4.1,2.0235456115702615,alerta
alertado,4.130434782608695,2.1596369186864166,4.826086956521739,1.7748796095675052,4.5,1.6832508230603465,3.8181818181818183,1.9672645653622365,5.9,1.2937094768634547,4.083333333333333,2.0412414523193148,4.363636363636363,1.2552918289216952,3.75,1.5517392618742702,4.7,1.5927467172350904,alertado
alertarse,4.521739130434782,2.086091718052321,4.695652173913044,2.1832998921294187,4,1.7728105208558367,4.545454545454546,1.94513490111863,5.5,0.9459053029269173,3.8333333333333335,1.8336626845141692,4.2272727272727275,1.7163587753985023,3.55,1.6050905860647502,4.85,1.8431951662948316,alertarse
alicaído,3.5,1.4459976109624424,3.6666666666666665,2.804757862395017,2.7142857142857144,1.8985245861972937,4.733333333333333,1.9444671200491874,4.722222222222222,1.8725746841481161,2.6923076923076925,1.493575987611354,4.3,1.567021236472421,2.727272727272727,2.0538212722098823,3.3,1.6363916944844767,alicaido
aliento,2.8181818181818183,1.7081419489459646,4.142857142857143,2.372461048905003,3.7083333333333335,1.7564580631305238,2.3333333333333335,1.7416467303484175,3.230769230769231,2.006144407717297,3.2857142857142856,1.7928429140015905,3.6956521739130435,2.00985713216129,2.619047619047619,1.9868616075658234,2.2,1.6091841672756186,aliento
aliviado,4.590909090909091,1.5934117606447615,5.545454545454546,1.5345938729769375,5.619047619047619,1.5321941938341392,6.045454545454546,1.214094713778944,5.583333333333333,1.2481870911416906,4.619047619047619,1.774153050787628,4.454545454545454,1.6540649128527982,4.15,1.496487114615601,4.9523809523809526,1.6271505915615334,aliviado
aliviarse,4.6521739130434785,2.0362330562311715,4.173913043478261,1.9224079103855776,5.363636363636363,0.9021379128785217,5.2727272727272725,1.804275825757042,5.25,1.164157703189193,4.304347826086956,1.8199596051634988,4.681818181818182,1.3232846447693143,4.2,1.8806493839265088,4.0,1.7320508075688772,aliviarse
alivio,4,1.8973665961010275,4.909090909090909,1.6008655667389955,5.571428571428571,1.4687215042828425,5.285714285714286,1.7928429140015911,5.739130434782608,1.4528151763933677,4.238095238095238,2.0224925687072846,4.478260869565218,2.3133911593430287,3.8095238095238093,2.0885173597326796,3.869565217391304,2.05170323536517,alivio
alteración,4.954545454545454,1.5576928215816264,5.409090909090909,1.6521008532886943,3.857142857142857,1.8784492084087414,4.136363636363637,2.43575459209265,4.833333333333333,1.6329931618554525,4.095238095238095,2.047065262876636,4.318181818181818,1.756250433285522,3.4,1.3533583957579092,4.380952380952381,1.5321941938341392,alteracion
alterado,5.090909090909091,1.6008655667389955,5,2.1447610589527217,3.5,1.841549442134554,5.090909090909091,1.9001025262836773,5.538461538461538,1.6788274296250756,3.0869565217391304,1.7815479346563374,,,3.7142857142857144,1.901127485016645,4.9,1.744163198544762,alterado
alterarse,5.238095238095238,1.3749458863810577,4.761904761904762,2.2562083659263807,3.7916666666666665,1.9995470501583854,5.363636363636363,1.705605730844884,5.384615384615385,1.551178212248305,3.391304347826087,1.8025015555353923,4.0,1.9466570535691503,3.0,1.6733200530681511,4.5,1.7917941611104424,alterarse
alucinación,3.347826086956522,1.8734677533720459,3.9130434782608696,1.9048513060141246,2.727272727272727,1.881787857630488,3.227272727272727,2.1365708658818376,5.45,1.7312909694943348,2.3333333333333335,1.7110044511584588,4.130434782608695,1.914166037874813,2.5,1.7621756887140216,4.5,2.2594829403858614,alucinacion
alucinado,4.136363636363637,1.7264181070990536,4.285714285714286,2.1480888515807983,3.5833333333333335,1.5012072436561836,4.636363636363637,1.8656150408161591,4.6923076923076925,1.7611185256928228,2.608695652173913,1.4058038927888332,4.0,1.5894388284780525,2.857142857142857,1.9566735620873066,4.8,1.8238190122579827,alucinado
alucinar,3.869565217391304,2.2624272529959533,4.521739130434782,2.019666156422692,4.045454545454546,1.587968835224741,4.363636363636363,2.0827055331136797,4.65,1.8144159564878983,2.7916666666666665,1.9776834640705199,4.7727272727272725,1.9255628288353015,3.25,1.943274501832843,4.7,1.5593520921743174,alucinar
amado,4.333333333333333,1.7126976771553508,5.2727272727272725,1.8563101696342252,6.333333333333333,1.016530045465126,6.714285714285714,0.9023778112773588,5.608695652173913,1.5879984667608418,5.142857142857143,1.7402791237532638,,,6.333333333333333,0.7958224257542202,3.9565217391304346,2.265918655154826,amado
amar,5.095238095238095,1.9469145308606108,5,2.4688535993934706,6.523809523809524,0.9807674351775548,6.428571428571429,1.8047556225547146,6.565217391304348,0.7877520927828725,5.523809523809524,1.9904534061124766,,,6.761904761904762,0.4364357804719872,5.0,1.8090680674665818,amar
amargado,3.761904761904762,2.2114421065169645,4.136363636363637,1.8072724659645996,2.5714285714285716,1.9383350734955134,5.476190476190476,1.9395630337539327,5.173913043478261,1.8745223370487916,3.0952380952380953,1.9724290077151547,4.2727272727272725,1.5486343655842068,3.380952380952381,2.1089378956287566,4.434782608695652,1.9960435173913817,amargado
amargarse,3.9565217391304346,2.285890732884612,4.521739130434782,1.8307863491206402,2.6363636363636362,2.3813852420378505,5.2727272727272725,1.881787857630488,5.25,1.7434086394791457,2.5833333333333335,1.612900888263851,4.363636363636363,1.6196841122196088,4.25,1.9701723141310308,4.5,1.6059101370939324,amargarse
amargura,4.92,1.934769581457527,4.043478260869565,1.9651107040193392,3.4,2.087557121815378,5.6,1.8180382718454347,4.869565217391305,1.6869646713465993,2.6666666666666665,1.5275252316519465,,,3.35,2.007223796297028,5.217391304347826,1.6502485140434962,amargura
amedrentado,3.1538461538461537,1.8639632438326066,4.777777777777778,1.394433377556792,3.25,1.8929694486000912,4.5,0.7559289460184544,4.666666666666667,2.179449471770337,3.1666666666666665,1.5275252316519468,4.090909090909091,1.6403990645294486,2.75,2.052872551885702,4.666666666666667,1.0730867399773203,amedrentado
amedrentamiento,3.272727272727273,1.9021518914592017,3.4,2.0736441353327724,3.111111111111111,2.204792759220492,4.428571428571429,1.7182493859684496,3.9166666666666665,2.193309385519074,2.8181818181818183,1.3280197150781927,2.8333333333333335,1.6966991126265962,3.8,2.043961295567452,3.3636363636363638,2.062654952856986,amedrentamiento
amedrentarse,3.7,1.6363916944844767,3.3333333333333335,2.516611478423583,3.5454545454545454,2.018099916438052,4.5,1.378404875209022,5.0,1.4675987714106855,2.6,1.5055453054181622,3.642857142857143,1.945691210268034,3.909090909090909,2.119176512447486,3.4166666666666665,1.6213537179739275,amedrentarse
amenaza,5.08,2.215851980616034,4.260869565217392,2.0497758481521786,3.65,2.412140346794021,4.4,2.1618705350983247,4.130434782608695,2.0294277703576484,3.3333333333333335,1.8529256146249726,,,2.75,1.8027756377319946,4.391304347826087,1.7251911734588246,amenaza
amenazado,4.260869565217392,2.1152560838809222,4.3478260869565215,1.9681254499043663,2.772727272727273,2.369082968693607,4.681818181818182,2.212224987188101,5.25,1.4823523268955432,2.9583333333333335,2.1157621027332727,,,4.4,1.6026294183720637,4.0,1.9735087641318605,amenazado
amenazante,5.2,1.1964860832322386,4.869565217391305,1.9141660378748124,2.6666666666666665,2.033060090930254,5.0,2.0930724738891344,3.8095238095238093,2.0154167712671147,3.090909090909091,1.874873733122184,4.2,1.7651599003161753,3.761904761904762,2.119074371152695,4.523809523809524,2.0644381225662256,amenazante
amenazar,5.545454545454546,1.7106744068954,4.090909090909091,2.1360642693445726,2.857142857142857,2.32992949004287,4.2727272727272725,2.491544141248998,3.7916666666666665,1.7440374613713623,3.6666666666666665,2.496664441476534,,,3.95,2.3050288273114594,4.190476190476191,2.0400746951777924,amenazar
amigable,4.695652173913044,2.1623804771739965,4.217391304347826,1.97614228736722,6.454545454545454,0.6709817063202634,5.136363636363637,1.9097607565310761,3.85,1.8431951662948316,5.5,1.5322617553657476,,,6.6,0.5026246899500323,4.571428571428571,1.7484687178050564,amigable
amistad,4.714285714285714,2.0035682454774815,3.9545454545454546,2.3396636454896615,6.809523809523809,0.4023739080814749,5.9523809523809526,1.6575943555704598,4.434782608695652,2.3515195658923838,5.904761904761905,2.022492568707285,,,6.857142857142857,0.35856858280031695,3.8260869565217392,2.249286228462133,amistad
amistoso,4.173913043478261,2.103075105930782,4.3478260869565215,2.0362330562311715,6.363636363636363,0.8477114595277806,5.590909090909091,1.5632411662065921,3.7,1.8945906376340316,5.291666666666667,1.8528278426483005,,,6.7,0.5712405705774815,4.05,1.356271980175999,amistoso
amor,5.3478260869565215,1.8242980132387145,4.869565217391305,1.8166990000869694,6.863636363636363,0.4675625290960715,6.7727272727272725,0.6853444168423423,6.05,0.9445132413883339,5.541666666666667,1.6934443076725043,,,6.45,0.9986833437344562,5.190476190476191,1.691716513457488,amor
amorosa,4.304347826086956,2.1832998921294187,4.826086956521739,2.0813495166061564,6.2727272727272725,0.8270324564263996,6.090909090909091,1.508991808147506,5.4,1.6026294183720629,4.625,2.1631800262777383,5.181818181818182,1.8162327215148664,6.2,0.6958523739384611,4.238095238095238,1.813966976126134,amorosa
amparado,3.238095238095238,1.6402671094904604,2.7142857142857144,1.7728105208558367,4.523809523809524,1.9395630337539334,3.9444444444444446,1.6967866593417873,3.9130434782608696,2.1301524375299117,3.736842105263158,2.050531239111733,3.35,1.755442664221313,4.7368421052631575,1.910267731763677,4.0,1.6666666666666667,amparado
amparo,3.8333333333333335,2.1760730956581074,2.6470588235294117,1.3200935795706035,4.333333333333333,2.1602468994692865,3.066666666666667,2.0862360730226466,3.1904761904761907,1.6618979396776332,3.7058823529411766,2.1143765594836976,3.05,2.0384462607326044,4.176470588235294,1.9759584420492968,3.2857142857142856,1.5537971921347116,amparo
angustia,4.136363636363637,1.6123173073458892,5.238095238095238,1.9469145308606108,2.75,2.111047545445255,5.363636363636363,2.08270553311368,5.461538461538462,1.9231384605538775,2.739130434782609,1.8145220082922873,,,3.238095238095238,1.8682816143387457,4.4,1.5355437918998291,angustia
angustiado,4.619047619047619,1.8021151593666394,4.681818181818182,2.254864870544482,3.1904761904761907,2.2275333357561142,5.619047619047619,2.1089378956287566,5.869565217391305,1.7136974334113448,2.9523809523809526,1.9098740920854045,,,3.6666666666666665,2.1055482263138345,4.739130434782608,1.7637097087556366,angustiado
angustiarse,4.571428571428571,2.0142350550873793,4.590909090909091,1.893826836482176,3,2.073644135332772,5.714285714285714,1.7928429140015911,5.782608695652174,1.3127528930087211,3.2857142857142856,1.927248223318863,4.590909090909091,1.790426682561368,3.8095238095238093,1.8060744065250363,4.956521739130435,1.4295028019803118,angustiarse
angustiosa,3.95,1.1909748329127607,4.695652173913044,1.5206094056091057,2.761904761904762,1.8948551898433268,5.863636363636363,1.320009182704516,5.238095238095238,1.8682816143387464,3.227272727272727,1.8239626714491246,4.863636363636363,1.9831541626662397,3.380952380952381,2.201730920802778,4.714285714285714,1.7647338933351153,angustiosa
angustioso,4.181818181818182,1.7081419489459642,5.181818181818182,1.7081419489459642,3.142857142857143,2.3512914384591777,6.318181818181818,0.9945740239808639,5.666666666666667,1.3405601251996733,3.619047619047619,1.9868616075658234,4.8,1.2396943596157712,3.2,1.5761378513048243,4.714285714285714,1.736169840276496,angustioso
anhelado,4.217391304347826,1.857577154622519,4.095238095238095,1.7001400502535637,3.789473684210526,1.8128843613430885,5.555555555555555,1.6528841894672628,4.545454545454546,1.9934959177349658,4.315789473684211,1.7654911680117478,4.130434782608695,2.0069050760286906,4.5,1.9330913339165219,4.954545454545454,1.214094713778944,anhelado
anhelante,3.764705882352941,1.678146736905994,4,1.4142135623730951,4,1.8027756377319946,5.470588235294118,1.8747548859392105,4.2,1.6091841672756186,3.2777777777777777,1.7758363582385148,4.428571428571429,1.8047556225547154,3.4,1.9566735620873064,4.833333333333333,1.6966991126265967,anhelante
anhelar,4.318181818181818,1.7831583439654703,3.9444444444444446,2.0138409955990957,4.2272727272727275,1.8239626714491246,5.142857142857143,1.5901482410679286,4.884615384615385,1.7510436448455096,3.380952380952381,1.5961262630566069,,,4.809523809523809,1.569045812557671,4.157894736842105,1.6754156331667822,anhelar
anhelo,3.5789473684210527,1.9809029779843166,4.0476190476190474,2.201730920802778,3.6666666666666665,1.6803361008336117,5.285714285714286,1.6775832957816779,5.478260869565218,1.562910025252757,4.2631578947368425,1.9391322590603908,,,4.523809523809524,1.5368489717290903,4.190476190476191,2.1358615970855324,anhelo
animado,5.48,1.228820572744451,5.391304347826087,1.5591119393827029,6,0.8583950752789521,6.7,0.6569466853317881,5.6521739130434785,1.4957119208583016,4.857142857142857,1.7402791237532638,,,5.2,1.7044832524535813,5.260869565217392,1.7637097087556366,animado
animadversión,4.714285714285714,1.976047040118707,3.125,2.356601669474803,2.2857142857142856,1.6035674514745464,4.375,2.1998376563477846,3.0,2.0976176963403033,3.5454545454545454,2.1616492020508953,3.6666666666666665,2.2886885410853175,3.5384615384615383,1.5063966175050874,4.454545454545454,1.863525495593573,animadversion
animarse,5.545454545454546,1.47122471584125,5.714285714285714,1.5212776585113306,5.708333333333333,0.9078961186825518,5.681818181818182,1.210523839239841,5.615384615384615,1.3289672103381058,5.304347826086956,1.5792628490042615,5.15,1.2258187382102486,4.619047619047619,1.9098740920854045,4.8,1.673320053068151,animarse
ánimo,4.545454545454546,2.1979919997963666,5.190476190476191,2.1123221255066094,6.041666666666667,0.9078961186825518,5.7727272727272725,0.8691439785278707,5.230769230769231,1.4780444460892865,5.260869565217392,1.7637097087556366,,,4.380952380952381,1.9358768162305804,5.15,1.5312533566021205,animo
animosidad,4.368421052631579,2.060488785479727,4.3125,1.7404501333467348,5.375,1.857417562100671,4.5625,2.365551380404436,4.611111111111111,1.4608172124206966,4.523809523809524,1.8606194564995717,3.05,1.7614288458371994,4.647058823529412,1.8007351439963426,3.764705882352941,1.8884322785284717,animosidad
animoso,4.363636363636363,1.9159842564581968,5,1.51657508881031,5.55,1.3562719801760001,5.7727272727272725,1.3427696388548198,4.2105263157894735,1.6186052764450236,4.043478260869565,2.184204886942224,4.5,1.6832508230603465,4.722222222222222,1.363626460649325,4.5,1.7573375583870183,animoso
ansiar,4.782608695652174,1.5062452335384542,4.173913043478261,1.8986160967936492,3.3181818181818183,1.7831583439654708,4.681818181818182,1.861549882589227,5.5,1.2354415362426845,3.6666666666666665,1.8572224859501458,4.363636363636363,2.0827055331136797,4.2631578947368425,1.8209309360006518,3.8947368421052633,1.8527678046673026,ansiar
ansiedad,4.478260869565218,1.8307863491206402,4.913043478260869,2.10870583918325,3.272727272727273,2.250541060486359,5.5,2.1547290184283368,6.9,0.30779350562554625,3.2916666666666665,2.074255584995267,,,4.2,2.1423056934551905,5.15,1.8715318802914809,ansiedad
ansioso,5.25,1.4095538674570611,5.086956521739131,1.7815479346563374,3.142857142857143,2.007130147392398,5.454545454545454,1.8955404488096779,5.333333333333333,1.8529256146249724,3.8636363636363638,1.9345346320043593,,,3.2857142857142856,1.9784553859730356,5.095238095238095,1.6094956323259137,ansioso
antagónico,3.4705882352941178,2.182820625326997,2.6470588235294117,1.2718675476729207,2.9166666666666665,1.3789543689024493,3.0,1.7541160386140584,2.6666666666666665,1.775250729197189,2.4705882352941178,1.8068497121656082,2.9444444444444446,1.6259738158018424,2.533333333333333,1.7674302033770737,3.85,1.598519051464429,antagonico
antipatía,4.478260869565218,2.086091718052321,4.045454545454546,2.0113315354397803,2.5555555555555554,1.9769918391399959,4.2631578947368425,2.5569535967448513,3.4347826086956523,1.8297065576087665,3,1.9194297398747862,3.3636363636363638,1.6774542658006548,4.45,2.6452539426400317,4.7272727272727275,1.4858641283079044,antipatia
antipático,4.045454545454546,1.812056782650528,3.857142857142857,2.455314934702151,2.4583333333333335,1.2150922908825976,4.0,2.0701966780270626,4.0,2.0199009876724157,2.260869565217391,1.6574183458386509,,,4.523809523809524,2.0154167712671147,4.0,2.051956704170308,antipatico
antojar,3.45,1.731290969494334,4.2272727272727275,1.9744033018277696,3.3,1.6575187543592473,3.4285714285714284,1.804755622554715,5.043478260869565,1.4917427535227863,3.5238095238095237,2.0400746951777924,3.608695652173913,1.9711355849030643,2.5714285714285716,2.014235055087379,3.260869565217391,1.7892962380969744,antojar
antojo,3.5217391304347827,2.04204810773603,4.217391304347826,1.8818878755878592,3.8181818181818183,1.7081419489459642,3.0454545454545454,1.8638739158070683,5.15,1.0399898784932566,2.9166666666666665,1.6918388932104944,,,2.75,1.8027756377319946,3.6,1.984147702481637,antojo
añorado,3.772727272727273,1.9006720160390937,3.9,1.6189665319514632,3.6666666666666665,1.7416467303484178,5.55,1.5719582155957421,4.5,1.877848713148555,3.5833333333333335,1.8862584696941067,4.130434782608695,1.914166037874813,5.421052631578948,1.3045130838611445,3.789473684210526,2.043388997839429,anorado
añoranza,3.9130434782608696,2.2746237147005792,4.05,2.0894471693929497,4.409090909090909,1.943465018222936,6.0476190476190474,1.4654757069358222,5.35,1.4244112357114607,3.6666666666666665,2.1602468994692865,5.3,1.5593520921743182,5.25,1.7434086394791457,4.5,2.039091645032686,anoranza
añorar,5.2727272727272725,1.8563101696342252,4.7272727272727275,1.8304779022564985,4.285714285714286,2.052872551885702,6.714285714285714,0.7171371656006379,5.5,1.1420804814403216,4,1.6733200530681511,,,5.85,1.3869694338832106,5.666666666666667,1.527525231651946,anorar
apaciguado,4.090909090909091,1.9495809295501945,3.9545454545454546,1.7855844108615218,4.25,1.3416407864998738,4.529411764705882,1.504893977113651,4.0,1.8353258709644942,4.157894736842105,1.6419215671732126,,,3.9473684210526314,1.715086140063017,4.545454545454546,1.5653167252081763,apaciguado
apaciguamiento,3.6666666666666665,2.2435091560618456,3.736842105263158,1.55785127171862,4.8125,1.796988221070652,3.823529411764706,1.8109146210426053,4.2631578947368425,1.284181765568077,4.045454545454546,1.7314258568692733,2.7,1.3416407864998736,4.214285714285714,1.8883680959850138,4.0,1.632993161855452,apaciguamiento
apaciguarse,4.444444444444445,1.5424282697487952,4.052631578947368,2.120631043673513,4.421052631578948,1.7737527534606838,5.190476190476191,1.56904581255767,4.473684210526316,1.5408663166699292,3.7,2.226633049436324,2.9130434782608696,1.7032867552913658,3.3125,1.778341924377874,4.117647058823529,1.5363248737318087,apaciguarse
apasionado,5.4,1.3917047478769178,4.913043478260869,1.9519930019961387,5.9523809523809526,1.1169686869465267,6.5,0.6725927091345493,5.095238095238095,1.75797502555531,4.5,2.1547290184283368,,,4.619047619047619,1.9098740920854045,4.666666666666667,1.825741858350554,apasionado
apasionante,5.454545454545454,1.5954480704349319,5.136363636363637,1.7807289717965709,6.238095238095238,0.7684244858645465,5.818181818181818,1.763015912640923,5.541666666666667,1.062366786192885,4.619047619047619,2.201730920802778,5.5,1.5961262630566064,5.0,1.7770466332772772,5.095238095238095,1.338086764928266,apasionante
apasionarse,5.043478260869565,1.8703004345331842,4.956521739130435,1.6645572949412974,5.7727272727272725,1.0660035817780524,6.045454545454546,1.7037010895686497,5.35,1.0399898784932566,5.208333333333333,2.186503396166875,5.818181818181818,1.5625487005397434,5.5,1.1920791213585393,4.55,1.6050905860647502,apasionarse
apatía,3.8823529411764706,2.3152308994238693,4.222222222222222,2.016273661268277,2.9411764705882355,2.2768011615887245,5.277777777777778,1.9037287113808907,4.590909090909091,2.062340115802132,3.380952380952381,2.459190730223878,4.125,2.26829479793138,3.95,2.3277502126799554,4.631578947368421,2.2659441572943955,apatia
apático,3.8095238095238093,2.1821789023599236,3.85,1.755442664221313,3,2.29128784747792,3.8095238095238093,1.9904534061124772,4.470588235294118,2.182820625326997,2.6956521739130435,1.9408241597250206,3.45,1.731290969494334,4.611111111111111,1.753614381411378,4.368421052631579,1.920952492783766,apatico
apegado,4.869565217391305,1.5755041855657435,4.136363636363637,1.7264181070990536,4.705882352941177,1.4037764192684374,4.684210526315789,1.9451544234312483,4.217391304347826,1.7826568970635437,4.052631578947368,1.899522870223711,3.8181818181818183,1.8932552877030566,5.9,1.2937094768634547,5.090909090909091,1.5402254290506876,apegado
apegar,3.8421052631578947,1.8933555718980595,3.3529411764705883,1.5788119136944492,4.333333333333333,1.4552137502179978,5.235294117647059,1.9535036397683614,4.454545454545454,1.8446130766633424,4.333333333333333,1.932183566158592,3.391304347826087,1.8025015555353923,5.714285714285714,1.1019463300386805,4.421052631578948,2.03622170463075,apegar
apego,4.695652173913044,2.3439435032110008,4.434782608695652,1.9499670616453952,5.190476190476191,1.5368489717290894,5.476190476190476,1.8335497707738286,5.2,1.9084300519426687,4.666666666666667,2.098999071331209,5.181818181818182,1.6514456476895405,6.75,0.5501196042201808,3.9047619047619047,1.8948551898433268,apego
apenado,4.238095238095238,1.9724290077151547,3.8095238095238093,2.2275333357561142,2.4,1.465390194130093,5.619047619047619,2.1325147238926743,5.391304347826087,1.67166575701067,3.1904761904761907,1.9904534061124772,4.260869565217392,2.136636934835759,3.7142857142857144,2.052872551885702,4.608695652173913,1.8025015555353923,apenado
apenarse,3.75,1.7733405882980469,5.2272727272727275,1.4452489711965164,3.1578947368421053,1.8637822325921864,5.818181818181818,1.9182423412211709,5.619047619047619,1.6575943555704598,3.772727272727273,2.1141657857644396,3.6363636363636362,1.4653279998642441,4.095238095238095,1.7001400502535637,4.809523809523809,1.6618979396776332,apenarse
apesadumbrado,4.25,2.206052281036573,2.888888888888889,1.615893285805443,3.857142857142857,1.6761634196950517,4.6,1.8973665961010278,5.090909090909091,1.3751033019046581,2.3333333333333335,1.6143297699232975,3.076923076923077,1.497861723788195,3.3076923076923075,2.0568833780186058,4.6,1.7237832147426697,apesadumbrado
apesadumbrarse,4.333333333333333,1.5569978883230458,4.4,3.1304951684997055,2.5,2.0670576365276494,5.75,0.7071067811865476,4.3125,2.056493779875511,2.6,1.5165750888103104,3.8461538461538463,1.675616993137843,3.2222222222222223,1.3944333775567928,5.090909090909091,1.3003496033409991,apesadumbrarse
apetecer,5,1.4867838833500564,4.304347826086956,1.964104760414124,5.285714285714286,1.5212776585113306,4.636363636363637,2.0827055331136797,4.857142857142857,1.3147514702678327,3.727272727272727,2.1642510676866222,,,3.7142857142857144,2.0035682454774815,3.857142857142857,1.4242792663559445,apetecer
apetecible,3.782608695652174,2.2351839814274888,4.6521739130434785,1.6126966589641065,5,1.5118578920369088,4.090909090909091,2.091003197581097,3.95,1.6375527311718607,3.3333333333333335,2.200131748360749,5.363636363636363,1.6488222216523891,3.7,1.9493588689617927,4.2,2.0416711421361615,apetecible
apetencia,3.9473684210526314,1.5802139169719442,4.222222222222222,2.1666666666666665,4.230769230769231,1.480644350378474,3.3636363636363638,1.9116865471476894,4.444444444444445,2.0926263324636487,4.142857142857143,1.95555000554213,,,3.125,1.5438048235879214,3.6153846153846154,2.364263857893951,apetencia
apiadarse,4.409090909090909,1.4690162211523254,3.388888888888889,2.1999702909461645,4,1.8064212949190015,4.714285714285714,1.346954236151219,4.0,1.8177865182927715,4.428571428571429,1.5352989471574774,3.5,1.877848713148555,5.352941176470588,1.7299268940690902,4.4,1.465390194130093,apiadarse
apreciable,3.8636363636363638,1.8334317171555259,4.954545454545454,1.646851909590299,5.3,1.6889735281961558,4.363636363636363,2.320620905120305,3.4583333333333335,1.5316704909195131,4.571428571428571,1.9639610121239317,4.6,1.9029063643750177,4.55,2.0641042405337657,4.428571428571429,2.038907270363922,apreciable
apreciado,4.56,2.2561028345356955,4.521739130434782,1.8554481256654882,5.7,1.4545753585442773,5.4,1.4653901941300922,4.782608695652174,1.6775664663469694,5,1.378404875209022,4.25,1.8883298106221302,6.2,1.2814465510343758,5.173913043478261,1.2667845448236075,apreciado
apreciar,4.7,1.6254554017744978,4.434782608695652,1.674028536645053,6.0476190476190474,1.283596138829908,6.045454545454546,0.998917162649386,4.095238095238095,1.813966976126134,5.045454545454546,1.7855844108615224,4.260869565217392,1.8145220082922868,5.809523809523809,1.503963018795595,4.9523809523809526,1.3955712262794215,apreciar
aprecio,5.32,1.8421002506197472,4.391304347826087,1.8766297265136724,5.9,1.2096106376585978,6.45,0.6863327411532615,4.956521739130435,1.4917427535227863,4.476190476190476,1.8335497707738293,4.739130434782608,1.789296238096974,6.55,0.5104177855340428,5.434782608695652,1.0368697190241645,aprecio
aprensión,3.857142857142857,1.6818357317441641,3.8,2.042407542932745,3.1818181818181817,2.1522162140534657,4.823529411764706,1.9759584420492968,5.095238095238095,1.6094956323259137,3,1.5217718205053643,4.85185185185185,1.93557194297674,3.05,2.0124611797498106,3.764705882352941,2.194578882288863,aprension
aprensivo,4.7368421052631575,1.3679711361135385,5.181818181818182,1.9672645653622365,3.6842105263157894,2.001461454341895,4.45,2.139232523470435,4.611111111111111,1.9140007034508784,3.619047619047619,1.9868616075658234,4.2727272727272725,2.2078176723767013,3.611111111111111,1.685191170474659,4.842105263157895,1.6419215671732126,aprensivo
aprobación,5.318181818181818,1.3232846447693143,4.285714285714286,2.0770858707058104,4.958333333333333,1.6279933411536367,4.090909090909091,1.8233692233542071,3.8461538461538463,1.8695947730416382,4.6521739130434785,1.1524162620801213,,,4.666666666666667,1.6832508230603467,5.15,1.8144159564878977,aprobacion
apurado,4.590909090909091,1.7087754152940695,4.636363636363637,1.6196841122196088,3.0476190476190474,1.8567765206451337,5.045454545454546,2.011331535439781,4.75,1.5108304655560048,3.4285714285714284,1.9383350734955134,4.363636363636363,1.2926699776028179,3.0,1.2977713690461004,3.6666666666666665,2.008316044185609,apurado
apuro,3.9545454545454546,1.812056782650528,4.15,2.323223713087621,3.125,1.895360468182194,3.1818181818181817,2.061815280543398,4.0,2.0591260281974,2.727272727272727,1.66709951089333,4.217391304347826,1.9058885243354806,2.9047619047619047,1.813966976126134,3.3,1.8945906376340316,apuro
aquietado,4.083333333333333,1.6764862244009222,3.9375,1.6111590031195968,3.5,1.7888543819998317,3.4444444444444446,1.9165600993392005,4.583333333333333,1.3113721705515062,2.466666666666667,1.4573295865416045,3.1818181818181817,1.8340219092574561,3.5,1.632993161855452,2.75,1.2880570286640687,aquietado
ardiente,3.727272727272727,2.1421355206299597,4.7727272727272725,2.1587434215703265,4.333333333333333,1.7701224063135674,3.727272727272727,2.119789256861751,4.458333333333333,1.6934443076725036,2.4761904761904763,1.9136103997169231,,,2.85,1.6944180805158295,2.619047619047619,1.7168631417847633,ardiente
ardor,2.4,1.635140425323255,4.391304347826087,1.9711355849030643,2.5,1.504379571363837,2.761904761904762,1.578124263319017,5.285714285714286,1.6168752933623907,1.7272727272727273,1.031956910406178,,,1.9523809523809523,1.499206139134658,2.1904761904761907,1.6618979396776332,ardor
armonía,3.8181818181818183,1.6800329825663607,4.318181818181818,1.9853358510736767,6,1.140175425099138,4.863636363636363,2.0070223038468034,5.291666666666667,1.5457984194658727,4.857142857142857,2.0071301473923975,,,4.75,2.022895267471328,4.142857142857143,2.031888635868469,armonia
armonioso,4.56,1.8275666882497061,4.478260869565218,1.9970333729034473,5.25,1.7129537431920892,4.95,1.7006190823220508,4.043478260869565,1.460954260673022,4.523809523809524,1.6315344807587617,3.9,1.99736668746891,4.35,2.058998223459779,4.565217391304348,1.471736357211556,armonioso
armonizar,4.3478260869565215,2.186917624340746,3.65,1.598519051464429,5.409090909090909,1.6521008532886943,3.909090909090909,1.973855084879307,3.1578947368421053,1.5727950313140981,4.333333333333333,2.1400257346414167,3.6818181818181817,1.4924050144892727,3.764705882352941,2.047236300622924,3.6315789473684212,1.5709348354753427,armonizar
arrebatado,3.739130434782609,1.982133637003497,4.090909090909091,1.874873733122184,2.5238095238095237,1.9651729597938097,4.25,2.33677690757793,4.105263157894737,2.1575381248622048,2.7916666666666665,1.793203755891931,3.2,1.472555959083246,4.0,1.7950549357115013,3.526315789473684,1.896441728097696,arrebatado
arrebatarse,4.45,1.731290969494334,4.428571428571429,2.18108753999991,2.85,1.8431951662948316,4.380952380952381,1.6874889770363088,3.65,2.084403234046921,2.7142857142857144,1.5212776585113297,3.5714285714285716,2.0873770280289228,3.0476190476190474,1.774153050787628,4.333333333333333,1.8797162906495581,arrebatarse
arrebato,5.090909090909091,1.6592910393438385,5.136363636363637,1.5521246435421707,3.380952380952381,2.1325147238926743,4.818181818181818,2.0150945537631877,5.083333333333333,1.5298953265321549,4.523809523809524,1.5368489717290903,,,3.388888888888889,1.576999716098631,4.142857142857143,1.6518388022356867,arrebato
arrepentido,4.48,2.12367605815953,4.130434782608695,2.221881836030133,4.85,1.4244112357114618,6.05,1.4317821063276361,5.260869565217392,1.4837725660181156,4.761904761904762,1.7292993351285917,,,4.25,1.9701723141310308,6.086956521739131,0.900153697899363,arrepentido
arrepentimiento,5.35,1.4244112357114607,4.956521739130435,1.5805137504669224,4.190476190476191,1.600595127415038,6.181818181818182,1.5003607069909055,4.9523809523809526,2.0609752661347125,4.954545454545454,1.758713618834401,4.818181818181818,1.842264745887353,4.571428571428571,1.8322507626258089,5.666666666666667,0.9128709291752758,arrepentimiento
arrepentirse,5.25,1.4095538674570611,4.565217391304348,1.7793279363676446,4.285714285714286,1.901127485016645,6.136363636363637,1.390287895689391,5.0,1.8439088914585775,4.545454545454546,1.9204977709728506,,,5.0,1.1832159566199232,5.809523809523809,1.1670067531530224,arrepentirse
arrogancia,4.136363636363637,1.6703422673342396,3.4285714285714284,2.1580414400893364,2.4583333333333335,1.50301629100103,4.045454545454546,1.812056782650528,3.5384615384615383,1.9845557534273353,2.090909090909091,1.1509454047327026,3.8181818181818183,1.8162327215148664,4.333333333333333,1.6227548592850782,4.25,1.6819474927657678,arrogancia
arrogante,4.545454545454546,1.4384936806479438,3.9523809523809526,2.418185073070101,2.375,1.5551457362156016,3.857142857142857,1.9566735620873064,3.4615384615384617,1.9642967032659648,2.5652173913043477,1.8543826945551483,,,3.6666666666666665,1.7701224063135674,3.85,2.207046132634963,arrogante
arrojo,2.8823529411764706,2.2327772207829106,2.7058823529411766,1.829094922439543,2.4705882352941178,1.7362908403700519,2.642857142857143,1.5984195491000022,3.111111111111111,2.2199334618774946,2.3333333333333335,1.6449566416599486,2.2,1.2396943596157717,3.0588235294117645,1.951620744256364,3.272727272727273,1.7776875878998426,arrojo
asco,3.4761904761904763,1.9395630337539334,3.9545454545454546,2.3396636454896615,3.0476190476190474,2.0118695404073916,5.0,2.0261449005179113,5.826086956521739,1.2303796130035898,2.4761904761904763,2.0154167712671147,,,3.5238095238095237,1.9395630337539334,3.9565217391304346,2.0333192941047544,asco
asombrado,4.45,1.4680814547887784,5.086956521739131,1.5929687401561352,4.714285714285714,1.5856499343441837,5.7727272727272725,1.4119158946291717,4.666666666666667,1.527525231651947,3.5454545454545454,2.0868584894473208,,,3.761904761904762,1.841324574993825,4.904761904761905,1.7001400502535637,asombrado
asombrarse,4.190476190476191,1.9136103997169231,4.238095238095238,2.165750722146062,4.5,1.6059101370939324,5.095238095238095,1.5781242633190178,5.0,1.6236882817719773,4,1.5491933384829668,4.55,1.5719582155957412,4.333333333333333,1.5916448515084431,4.260869565217392,1.7113894223527006,asombrarse
asombro,4,2.0248456731316584,4.2727272727272725,1.931735419668473,4.4,1.142481141154959,4.904761904761905,1.841324574993825,5.130434782608695,1.6869646713465993,3.9047619047619047,1.9210612146613626,4.136363636363637,1.7807289717965702,4.333333333333333,1.6532795690182995,4.173913043478261,2.103075105930782,asombro
asqueado,4.05,1.848897253129978,4.238095238095238,2.119074371152695,2.45,1.637552731171861,5.380952380952381,1.9615348703551125,5.454545454545454,1.7382879570557415,2.8,1.7350868323485926,,,3.2857142857142856,2.02837021134844,4.434782608695652,1.878734752107041,asqueado
asquear,4,2.303116980547657,5.043478260869565,1.6090160988393212,3.263157894736842,1.9956092153402372,4.95,2.163695668842645,5.304347826086956,1.8199596051634979,2.9,1.8609561775433732,4.863636363636363,1.390287895689391,3.3,2.0026298499197184,4.954545454545454,1.646851909590299,asquear
asqueroso,3.6,2.0104987598001385,5.086956521739131,2.0870388653056855,2.0476190476190474,1.4654757069358222,4.318181818181818,2.3173540666307058,4.619047619047619,1.9098740920854045,2.409090909090909,1.790426682561368,,,3.0,1.9235384061671346,4.190476190476191,1.9904534061124772,asqueroso
astenia,3.8,2.2803508501982757,5,1.7320508075688772,2.5714285714285716,1.8126539343499315,4.666666666666667,0.5773502691896278,5.0,2.1213203435596424,1.7777777777777777,1.0929064207170003,2.857142857142857,2.115700942049815,2.0,1.1952286093343936,4.285714285714286,2.429971585175823,astenia
asustado,4.454545454545454,1.8446130766633424,5.571428571428571,1.6300744943538181,3.25,1.7754362599213407,5.545454545454546,1.7654696590094996,5.6923076923076925,1.7611185256928228,2.869565217391304,1.7659493410341118,,,3.0952380952380953,1.9469145308606102,4.65,1.565247584249853,asustado
asustarse,4.6521739130434785,1.5257992138897958,5,1.9760470401187074,3.3636363636363638,1.8656150408161596,5.090909090909091,2.244763025123374,6.3,0.7326950970650482,3,1.7693034738587656,,,4.4,1.788854381999832,4.476190476190476,1.8060744065250363,asustarse
atemorizado,4.380952380952381,2.0118695404073916,4.2272727272727275,2.348896765998033,3,2.073644135332772,5.333333333333333,2.287647991569798,5.695652173913044,1.5502135515263586,2.7142857142857144,1.8477785890862881,4.045454545454546,2.0348691949834614,3.0476190476190474,1.9098740920854045,4.478260869565218,1.9275411849718922,atemorizado
atemorizarse,5.2272727272727275,1.6310037278231957,5.318181818181818,1.8096662053792612,3.1904761904761907,2.2275333357561142,6.363636363636363,1.176979772673,5.041666666666667,1.7315277663950708,4.142857142857143,2.0805219125429626,4.636363636363637,1.7874018000453042,3.35,1.9540780569443943,4.75,1.5517392618742702,atemorizarse
aterrado,4.48,2.12367605815953,4.739130434782608,2.240482726077084,3.8,2.117595458607661,5.85,1.8715318802914809,5.695652173913044,1.607787373116902,3.380952380952381,1.8021151593666394,4.4,1.465390194130093,2.65,1.7252002172135514,5.391304347826087,1.1961730809233642,aterrado
aterrador,4.5,1.970013294613105,4.863636363636363,2.144660136144443,3.0476190476190474,2.178903175365773,5.545454545454546,1.8186146670912202,5.208333333333333,1.97768346407052,3.3333333333333335,2.0816659994661326,4.25,1.8027756377319946,2.6,1.6026294183720637,4.571428571428571,1.6300744943538188,aterrador
aterrarse,4.545454545454546,2.1095536139706073,4.761904761904762,2.2782616597915593,2.7916666666666665,2.021174145771767,5.454545454545454,1.7654696590094996,5.423076923076923,1.9426389664181434,2.608695652173913,1.4377738611789157,5.090909090909091,2.2019275302527217,2.380952380952381,1.6575943555704598,4.45,1.7910596686995397,aterrarse
aterrorizado,4.2727272727272725,1.9562310259373321,4.809523809523809,2.315578709935113,2.7083333333333335,1.9666605256597811,5.636363636363637,1.9650628136199269,5.769230769230769,1.7506042912706987,2.4347826086956523,1.5023038960368273,,,3.380952380952381,1.9868616075658234,3.95,1.7614288458371994,aterrorizado
atónito,3.55,1.932410548076104,4.277777777777778,1.7758363582385142,3.7142857142857144,1.6837947722821909,4.4,2.0621909656836754,5.0,1.3284223283101428,2.8636363636363638,1.698611605188598,3.9130434782608696,1.85651294533745,3.823529411764706,1.94407092584244,3.823529411764706,1.845104811306361,atonito
atontado,2.739130434782609,1.6846200355070045,3.8260869565217392,1.6963108075265054,2.6818181818181817,2.032740670138381,3.409090909090909,1.816828500675229,4.5,1.4327007988227578,1.9166666666666667,1.3160106602801567,,,3.6,2.036508880671192,3.4210526315789473,1.835325870964494,atontado
atontamiento,2.8260869565217392,1.7228985595908763,3.727272727272727,1.9562310259373321,2.1363636363636362,1.3200091827045153,3.9523809523809526,1.8296499795368097,4.85,0.9880869341680846,2.0416666666666665,1.5174110293140939,3.391304347826087,1.8025015555353923,3.8,1.8238190122579827,3.55,1.8202082009311027,atontamiento
atontar,3.227272727272727,2.091520708589536,3.727272727272727,2.2924683760984044,2.857142857142857,1.8244372909397104,3.4545454545454546,2.324348812591906,3.2916666666666665,1.6805580508625222,2.380952380952381,1.6874889770363086,,,3.0,1.7638342073763937,3.45,2.0641042405337657,atontar
atormentado,4.045454545454546,1.863873915807068,4.571428571428571,2.378474901516276,3.2083333333333335,2.0847096902815085,5.0,1.9518001458970664,5.076923076923077,2.057631199667752,2.608695652173913,1.5296800151066239,4.590909090909091,1.816828500675229,3.2857142857142856,1.8746428231227712,4.7,1.8945906376340316,atormentado
atormentarse,4.363636363636363,1.8138476479691696,4.476190476190476,1.9904534061124772,2.9583333333333335,2.136212956870511,5.363636363636363,1.5900121157206726,5.115384615384615,1.8401504955176486,2.5217391304347827,1.7804382815217998,4.5,1.9456912102680337,3.1904761904761907,1.9136103997169231,4.45,1.5719582155957412,atormentarse
atracción,5.28,1.904380914278093,5.521739130434782,1.6200326937607634,5.5,1.1920791213585393,6.0,1.6543403837370223,5.869565217391305,1.3586205512841103,4.380952380952381,1.7457431218879393,4.869565217391305,2.0294277703576475,6.25,0.7163503994113789,5.695652173913044,1.3959285801180918,atraccion
atractivo,3.8,2.1423056934551905,5.739130434782608,0.7518094115561115,4.761904761904762,1.6094956323259126,4.681818181818182,2.101844170662734,4.428571428571429,1.5675276256394521,3.909090909090909,1.973855084879307,,,4.809523809523809,2.0400746951777924,4.809523809523809,1.9136103997169231,atractivo
atraído,5.291666666666667,1.9886453039512948,5.6521739130434785,1.3006535298622324,5.5,1.0513149660756937,5.75,1.4095538674570611,5.478260869565218,1.8554481256654882,4.095238095238095,2.0224925687072846,4.608695652173913,2.230758746476238,6.1,0.9119095061289901,5.130434782608695,1.455533261419612,atraido
atrayente,5,1.954016841836789,4.363636363636363,1.9891480479617285,4.842105263157895,1.863782232592187,5.095238095238095,1.7001400502535644,4.9,1.119210247874531,3.9565217391304346,2.364092385319176,4.695652173913044,1.8199596051634988,5.842105263157895,1.2588865404147527,3.9411764705882355,1.5600716423971575,atrayente
atreverse,5.9,1.3337718577106994,5.304347826086956,1.4904173487710697,5.666666666666667,1.3165611772087658,5.318181818181818,1.4924050144892727,4.857142857142857,1.5583874449479589,4.5,1.5961262630566064,4.681818181818182,1.4271638086766831,4.333333333333333,2.1525179054617256,5.333333333333333,1.4259499757471619,atreverse
atrevido,6.04,1.4571661996262935,5.086956521739131,1.5049326012773303,5.15,1.1821033884786174,4.95,2.139232523470435,4.739130434782608,1.8881783261398661,4.523809523809524,1.6315344807587617,,,4.95,1.9861361590045288,5.565217391304348,0.9451352455659815,atrevido
atrevimiento,5.95,0.9445132413883339,4.956521739130435,1.5514878744308402,5.380952380952381,1.4654757069358222,5.136363636363637,1.4895015000377543,4.571428571428571,1.7196345126633328,4.5,1.5660079668957474,4.409090909090909,1.5324767040594283,4.523809523809524,1.9395630337539334,5.0,1.5811388300841898,atrevimiento
aturdido,3.727272727272727,2.0043243293728734,4.318181818181818,1.585240364420176,3.238095238095238,1.8948551898433268,3.5,2.013114894621608,5.55,1.1909748329127618,2.625,1.8371173070873836,,,3.2,1.7947291248483563,3.789473684210526,1.9601288894248494,aturdido
aturdimiento,3.5714285714285716,1.8593393604027368,4.333333333333333,2.0579830217101063,2.5238095238095237,1.8060744065250363,3.8947368421052633,1.9117977822546812,5.12,1.6663332999933314,2.6363636363636362,1.2552918289216957,3.9047619047619047,1.4800257398019097,2.4285714285714284,1.4342743312012722,3.55,1.8202082009311027,aturdimiento
aturdirse,4.052631578947368,1.5802139169719442,4.619047619047619,1.8567765206451337,2.888888888888889,2.111283102729068,4.631578947368421,1.8918106058538346,5.05,1.5035046776746235,2.5454545454545454,1.9451349011186303,3.8095238095238093,1.6315344807587617,2.95,1.6693837501494848,4.222222222222222,1.4775000967674117,aturdirse
audacia,4.444444444444445,1.7564075040438192,3.1,2.1496633763403397,5.352941176470588,1.8351149988007642,3.736842105263158,2.050531239111733,3.4444444444444446,2.3065691920921205,5.105263157894737,1.7286711930171252,2.7,1.8945906376340316,3.3529411764705883,2.206274474951729,4.8,2.015727634065883,audacia
audaz,4.631578947368421,2.005839428485116,2.9473684210526314,1.7786912857655988,4.647058823529412,2.0291986247835694,4.2631578947368425,1.6276126096272243,3.45,1.932410548076104,4.842105263157895,1.7082531003837695,,,3.176470588235294,1.94407092584244,4.545454545454546,1.7922391615298476,audaz
autocompasión,3.8636363636363638,1.958995236763565,3.3,2.1051315748352692,4.166666666666667,1.8097962092016269,5.363636363636363,1.5900121157206726,4.538461538461538,1.9845557534273353,4.3478260869565215,1.8734677533720459,4.2,1.9084300519426678,3.0476190476190474,2.1325147238926743,4.6,1.8750438591361567,autocompasion
autoconfiado,5.75,1.1887150534341144,4.956521739130435,1.9881069312188597,4.421052631578948,1.4649910683718717,5.95,1.3562719801760001,4.6521739130434785,2.013786475369086,4.380952380952381,1.6575943555704598,3.227272727272727,1.8498859213686456,4.45,1.8771478925557026,5.565217391304348,1.1609591237233645,autoconfiado
autoconfianza,4.954545454545454,1.7855844108615224,4.9523809523809526,1.6575943555704598,5.916666666666667,1.3160106602801576,5.7727272727272725,1.4119158946291717,4.884615384615385,2.160128201323673,5.478260869565218,1.5335509956067594,4.454545454545454,1.8955404488096772,3.619047619047619,2.2243244025139517,5.75,1.5852942612451615,autoconfianza
autoestima,5.136363636363637,1.6986116051885984,5.571428571428571,1.938335073495513,6.125,1.0759222535351585,5.545454545454546,1.6826077472687546,5.230769230769231,1.773306342574623,5.260869565217392,1.684620035507004,4.818181818181818,1.6223546566748686,4.428571428571429,1.9383350734955136,5.5,1.7621756887140216,autoestima
autosatisfacción,4.913043478260869,1.928566200298244,4.608695652173913,1.8522499937982697,6.5,0.8017837257372732,6.045454545454546,1.2527027058580464,5.95,1.1909748329127618,5.625,1.3452816094393218,4.478260869565218,2.3329568678043695,4.7,1.9761738683361685,4.904761904761905,1.6402671094904604,autosatisfaccion
autosuficiencia,5.35,1.5985190514644279,4.3478260869565215,1.8975749033526954,6.476190476190476,0.8135752957807649,4.863636363636363,1.320009182704516,3.8095238095238093,2.27198256197198,5.045454545454546,1.7855844108615224,3.260869565217391,2.0274792074788075,3.4,2.1618705350983247,4.333333333333333,2.057506581601462,autosuficiencia
autosuficiente,5,1.7320508075688772,4.181818181818182,2.4810973692791976,5.9523809523809526,1.5961262630566069,4.285714285714286,2.1712405933672376,4.260869565217392,1.9121000188832795,5.095238095238095,1.75797502555531,2.8181818181818183,1.592732412176175,3.8095238095238093,2.4211370803621928,4.086956521739131,2.172410547970343,autosuficiente
avaricia,4.7,2.0799797569865155,3.1818181818181817,1.9913231694950886,2.857142857142857,2.1514114968019085,4.809523809523809,2.0400746951777924,3.347826086956522,1.8242980132387139,2.9047619047619047,1.9976176286957896,,,4.333333333333333,1.932183566158592,3.869565217391304,1.81669900008697,avaricia
avaricioso,4.863636363636363,1.6986116051885984,3.4285714285714284,2.399404688072201,2.5416666666666665,1.6675722177612806,4.2727272727272725,1.8563101696342252,3.769230769230769,2.0843740990079938,2.6956521739130435,1.8934044040178395,3.782608695652174,1.7826568970635437,3.7142857142857144,1.8746428231227712,3.95,2.139232523470435,avaricioso
avergonzado,4.7272727272727275,1.750695594595207,5.545454545454546,1.4384936806479447,3.238095238095238,2.2562083659263807,6.181818181818182,1.332250642668929,5.375,1.2445533509971602,4.142857142857143,2.197401062294143,,,4.35,1.8144159564878983,5.238095238095238,1.6704718466577617,avergonzado
avergonzar,5.23684210526316,1.79238947454215,4.94594594594595,1.95712297271539,3.34285714285714,2.16852968815356,5.54838709677419,1.62969751134823,4.96969696969697,2.00756146364265,4.71794871794872,2.10198800573369,,,5.29268292682927,2.15921168993483,4.63333333333333,2.34128366401901,avergonzar
avergonzarse,4.409090909090909,1.943465018222936,5.2727272727272725,1.6954229190555596,3.142857142857143,2.080521912542963,6.181818181818182,1.4019158196439487,5.521739130434782,1.3439955768796032,4.238095238095238,2.2562083659263807,4.5,1.8451996923807203,4.5,1.7917941611104424,4.904761904761905,1.8682816143387457,avergonzarse
aversión,4.133333333333334,1.8464895909600494,3.5625,2.220172665957913,3.25,1.5447859516333116,4.866666666666666,1.8847761013926703,5.294117647058823,1.3585242858683522,3.0588235294117645,1.6382379343098379,,,3.3529411764705883,1.6560939160637989,4.1,2.1980852911951394,aversion
aversivo,5.076923076923077,1.2557559782549617,3.4,2.2614786566062732,3.1666666666666665,2.32900030576263,4.666666666666667,1.951800145897066,3.8333333333333335,1.9478494929174643,2.6153846153846154,1.5566235649883127,,,3.4545454545454546,1.9164360862620156,4.75,1.5447859516333116,aversivo
azorado,3.857142857142857,1.5735915849388864,1.875,0.8345229603962802,2.3333333333333335,1.3662601021279466,5.0,1.0954451150103321,3.7142857142857144,2.3603873774083297,3.375,2.065879266282796,3.625,1.407885953173359,4.0,1.4142135623730951,3.5454545454545454,2.381748784554591,azorado
azoramiento,3.727272727272727,2.1489955370316194,2.4285714285714284,1.511857892036909,4.333333333333333,2.0816659994661326,3.2,1.6431676725154982,4.625,1.8468119248354136,3.5,2.3804761428476167,2.5,1.4142135623730951,3.8,1.9235384061671343,4.222222222222222,1.4813657362192643,azoramiento
azorarse,3.875,1.807721533549109,3.4,1.837873166945363,2.625,1.8468119248354136,4.777777777777778,1.6414763002993502,4.857142857142857,1.864454471471609,2.857142857142857,2.115700942049815,4.6,2.1705094128132942,4.0,2,4.4,2.011080417199781,azorarse
bajón,4.52,2.4000000000000004,4.521739130434782,2.1292244686609876,3.45,2.0894471693929497,5.6,1.6670175069329807,5.782608695652174,1.6224706675911513,3.1904761904761907,1.9395630337539334,4.5,1.6832508230603465,3.15,1.899445902583726,5.304347826086956,1.3959285801180918,bajon
benevolencia,4.333333333333333,1.7822655773580136,4.136363636363637,1.457181053739247,6.055555555555555,0.8726040960806526,5.411764705882353,1.7698454568623982,4.0,1.4800257398019099,5.7,1.525226471535846,3.0952380952380953,1.5461164867099082,4.7894736842105265,1.7184924714030623,5.0,1.3719886811400708,benevolencia
benevolente,4.052631578947368,1.7786912857655994,3.611111111111111,1.8194662723831594,4.4375,1.8962682651284688,4.411764705882353,1.7698454568623982,3.727272727272727,1.8563101696342252,5.7,1.1285761872936706,3.15,1.6944180805158295,4.833333333333333,1.5434872662825796,5.0,1.5894388284780525,benevolente
benévolo,4.888888888888889,1.2782749814122838,3.238095238095238,1.8948551898433268,5.421052631578948,1.4649910683718717,5.0476190476190474,1.8567765206451337,4.0,1.6543403837370223,5.15,1.6630662866176467,4.0,1.855921454276674,4.0588235294117645,1.8864844365675972,5.0,1.4529663145135578,benevolo
bienestar,5.181818181818182,1.8162327215148664,5.863636363636363,1.355604048998947,6.809523809523809,0.5117663157191563,6.181818181818182,1.5003607069909055,5.75,1.1515584902738285,5.619047619047619,1.5321941938341392,,,5.75,1.6503588126605426,5.714285714285714,1.6168752933623907,bienestar
bienhumorado,5.44,1.5832456116050553,4.869565217391305,1.8660689801653036,5.95,1.050062654772262,6.052631578947368,1.7150861400630162,5.2727272727272725,1.5486343655842068,4.857142857142857,1.6518388022356867,3.9545454545454546,1.8892496048071754,4.9,1.6511558949637932,4.695652173913044,1.8199596051634988,bienhumorado
bochorno,4.136363636363637,1.5521246435421698,4.2727272727272725,2.119789256861751,3.1904761904761907,1.8873009198071096,4.333333333333333,2.614064523559687,5.083333333333333,1.6129008882638514,2.7142857142857144,1.7647338933351153,,,3.388888888888889,2.1730674684008826,4.0476190476190474,1.9615348703551125,bochorno
bondad,4.95,1.0990426455975695,4.173913043478261,2.0147676137831394,6.238095238095238,0.9952267030562396,5.590909090909091,1.7636296692870679,4.380952380952381,1.8021151593666394,6,1.0690449676496976,,,4.809523809523809,1.8060744065250363,5.190476190476191,1.8060744065250356,bondad
bondadoso,4.434782608695652,1.9960435173913817,3.652173913043478,1.8490463304135485,6.045454545454546,0.8985317508910352,5.545454545454546,1.5345938729769375,4.05,1.8771478925557026,5.833333333333333,1.5227739752537626,,,5.05,1.6375527311718607,4.3,1.922169826551562,bondadoso
buena,3.2,1.5078740698501036,3.6956521739130435,1.964104760414124,6.190476190476191,1.3645163106041494,4.545454545454546,2.1979919997963666,3.619047619047619,1.9358768162305804,5.136363636363637,1.7807289717965709,,,4.904761904761905,2.2782616597915593,5.333333333333333,1.4605934866804424,buena
bueno,4.238095238095238,1.8682816143387457,4.590909090909091,2.0391195791342542,5.714285714285714,1.4540583599999406,5.238095238095238,1.9469145308606108,4.086956521739131,2.10870583918325,5.761904761904762,1.135991280985991,,,5.428571428571429,1.5352989471574763,4.826086956521739,2.0147676137831403,bueno
burlado,3.8421052631578947,1.6754156331667822,3.909090909090909,1.8493007921680615,2.619047619047619,1.774153050787628,4.9523809523809526,1.774153050787628,3.619047619047619,2.0365704131257156,3.090909090909091,1.9978343252987698,4.363636363636363,1.9891480479617285,3.380952380952381,1.9615348703551125,3.5555555555555554,1.976991839139996,burlado
cabizbajo,3.909090909090909,2.1136538192269017,4.9,2.1001253095445223,3.3,2.0799797569865155,5.2105263157894735,1.8128843613430885,4.130434782608695,1.9610838335908902,3.0526315789473686,1.5446568914424659,3.590909090909091,1.816828500675229,2.9,1.8609561775433732,4.391304347826087,1.8275450606254828,cabizbajo
cabreado,5.16,2.1150256105620406,4.565217391304348,2.3898666177410166,3.75,2.173403830521681,6.25,1.7129537431920892,6.130434782608695,1.2174618838941842,3.761904761904762,2.0953463175513947,5.130434782608695,2.0737394380483276,4.6,2.036508880671192,5.3478260869565215,1.3687650589349756,cabreado
cabrearse,5.454545454545454,1.184313050927585,5.318181818181818,2.0327406701383803,3.5238095238095237,1.9904534061124772,5.954545454545454,1.3619759010270178,5.833333333333333,1.0072203103706705,4.380952380952381,2.0118695404073916,,,4.8,1.6415653633362464,5.095238095238095,1.546116486709909,cabrearse
cabreo,5.12,2.006655592438988,5.130434782608695,2.0737394380483276,3.95,2.258900524358558,6.0,1.9194297398747862,6.0,1.3142574813455419,3.8095238095238093,1.9395630337539334,4.409090909090909,1.6521008532886934,4.6,1.569445091341791,5.739130434782608,0.9153931745603194,cabreo
cachondear,4.476190476190476,1.6618979396776332,3.6818181818181817,2.0790648913660252,4.666666666666667,1.9832633040858025,3.7142857142857144,1.901127485016645,4.0,2,4.523809523809524,1.8060744065250363,4.15,1.4608937423083823,4.904761904761905,1.786190412715338,3.347826086956522,2.2685336804395337,cachondear
cachondeo,4.7272727272727275,1.3516063875403324,5.363636363636363,1.733300032980155,5.523809523809524,1.3273676061682231,3.1818181818181817,2.2601382940486427,3.9166666666666665,1.8157922373651016,4.142857142857143,2.197401062294143,4.2272727272727275,1.8239626714491246,5.85,1.0399898784932566,3.6666666666666665,2.008316044185609,cachondeo
cachondez,4.125,2.07075915505905,4.6521739130434785,2.186917624340746,4.666666666666667,1.4552137502179978,4.157894736842105,2.1670040223194187,4.181818181818182,2.3428993766650517,3.9523809523809526,2.0609752661347125,3.909090909090909,1.973855084879307,5.2105263157894735,1.5839103288458471,4.086956521739131,1.64905051133457,cachondez
cachondo,3.782608695652174,2.2351839814274888,5.521739130434782,1.562910025252757,4.7272727272727275,1.608957609368435,4.545454545454546,2.219551064158454,5.95,0.9445132413883339,3.5416666666666665,2.283764372728703,5.15,2.033275811668399,5.4,1.3138933706635716,4.6,1.984147702481637,cachondo
calma,4.75,1.6503588126605426,4.826086956521739,1.969129339513082,5.714285714285714,1.1019463300386805,5.318181818181818,1.6150000335062247,4.857142857142857,1.9566735620873064,4.318181818181818,1.8096662053792612,,,3.4761904761904763,2.3370718349902644,4.333333333333333,2.081665999466133,calma
calmado,4.714285714285714,2.052872551885702,4.818181818181818,1.6223546566748686,5.666666666666667,1.0645812948447533,5.523809523809524,1.4006801069140515,5.956521739130435,1.1862186242450952,4.9523809523809526,1.8021151593666394,,,3.9523809523809526,1.8567765206451337,4.695652173913044,1.8199596051634988,calmado
calmarse,4.476190476190476,1.8335497707738293,4.909090909090909,1.6592910393438385,5.380952380952381,1.430950400125402,5.380952380952381,1.5644868320376009,5.913043478260869,1.0406747583030782,4.571428571428571,1.7768350675126992,3.4782608695652173,1.9275411849718922,3.9047619047619047,1.8682816143387457,4.6521739130434785,1.7737657847891128,calmarse
calmo,3.9411764705882355,2.014652210534554,2.8,1.6415653633362464,5.230769230769231,1.1657505560686472,3.6,2.164651077128664,5.111111111111111,1.7452081921613043,4.230769230769231,1.921537845661046,3.0625,1.691892431568863,3.1666666666666665,2.0364328674251486,3.7333333333333334,1.98086080374405,calmo
cansado,4,1.9518001458970664,5.666666666666667,1.8529256146249724,3.875,1.8012676695569996,4.363636363636363,2.1502038562370362,5.346153846153846,1.8961499453852837,2.6956521739130435,1.6358145763084646,,,2.5238095238095237,1.6917165134574887,3.95,1.848897253129978,cansado
cansancio,4.56,2.1617893822787946,5.304347826086956,1.6904755277381038,4.5,1.820930936000652,4.7,2.0026298499197184,5.3478260869565215,1.7479519353744966,3.7142857142857144,1.7647338933351153,,,2.4,1.8467610337532774,4.260869565217392,1.8639496507135744,cansancio
cansar,4.391304347826087,1.9711355849030643,4.608695652173913,2.210288554481325,3.0454545454545454,2.1264160039007,4.0476190476190474,2.0118695404073916,4.3,1.688973528196155,2.7083333333333335,1.7810394294555534,,,3.95,1.731290969494334,3.380952380952381,1.8296499795368097,cansar
capricho,4.2,1.542383664469075,3.652173913043478,1.8975749033526954,3.3333333333333335,1.8797162906495577,3.772727272727273,1.8754508837386326,3.0952380952380953,1.9210612146613626,2.6818181818181817,1.5239786161593025,,,2.9523809523809526,1.9098740920854045,3.238095238095238,1.9210612146613626,capricho
caprichoso,4.409090909090909,1.7364191645888716,3.4761904761904763,2.204972734957229,2.9583333333333335,1.5457984194658723,4.0,1.8257418583505538,3.6538461538461537,2.0187581864563704,2.9565217391304346,1.521908516829063,,,2.6666666666666665,1.653279569018299,3.55,1.9594574974238472,caprichoso
cariño,4.391304347826087,2.1896270009209453,4.521739130434782,2.04204810773603,6.7272727272727275,0.45584230583855234,6.7272727272727275,0.6310850959010194,5.45,1.276302224561665,5.25,2.1918822564378218,,,6.105263157894737,0.7374684055081998,3.9047619047619047,1.6704718466577608,carino
cariñoso,5.52,1.758787461103056,5.086956521739131,1.8808374217658008,5.7,1.525226471535846,5.85,1.4964871146156,5.956521739130435,1.1862186242450952,5.0476190476190474,1.8021151593666394,,,6.5,0.7608859102526822,4.913043478260869,1.7815479346563374,carinoso
cautela,4.6,1.6670175069329816,3.25,1.996707816698066,4.545454545454546,1.7106744068953992,3.25,1.8883298106221302,3.5,1.9026297590440449,4.913043478260869,1.7815479346563374,,,2.761904761904762,1.757975025555309,4.05,1.9594574974238472,cautela
cauteloso,4.391304347826087,1.6163688382741954,3.727272727272727,1.5175738212786565,4.714285714285714,1.7071279138616748,3.25,1.9159991209755154,3.1,1.6827296120792614,4.875,1.8012676695569996,2.6363636363636362,1.3289972784899773,4.7,1.6254554017744978,4.473684210526316,1.7438278792686568,cauteloso
cautivado,4.05,1.3168942730211066,3.8636363636363638,1.983154162666239,4.25,1.51744244666721,5.190476190476191,1.4359334113755968,4.3478260869565215,1.555304578536246,3.761904761904762,1.6704718466577608,3.3,1.838191330743634,4.5,1.5727950313140984,3.652173913043478,1.991086858344044,cautivado
cautivar,5.44,1.6350331291240958,4.590909090909091,1.6806770435379084,4.7894736842105265,1.512134156615192,4.7368421052631575,1.521771820505364,3.5217391304347827,1.9038135226050255,3.619047619047619,1.774153050787628,3.6,1.729009451741235,5.157894736842105,1.2139539573337683,4.7272727272727275,1.2414207752110247,cautivar
celo,4.916666666666667,2.1450988964060187,4.478260869565218,2.086091718052321,3.45,2.0124611797498106,5.2,2.0672890969882074,4.454545454545454,2.4441820664643568,3.3333333333333335,1.8797162906495577,,,3.55,2.350251946180731,4.913043478260869,2.2746237147005792,celo
celos,5.086956521739131,1.755848499321388,4.3478260869565215,1.944892977943047,2.909090909090909,2.2658771224846097,5.545454545454546,1.9451349011186307,6.2,0.8944271909999172,2.9583333333333335,2.031901372706313,,,5.5,1.7917941611104424,5.285714285714286,1.6168752933623907,celos
celoso,5.136363636363637,1.4895015000377543,4.619047619047619,2.246690688016276,3.0416666666666665,2.095111632735399,5.363636363636363,1.9891480479617294,5.346153846153846,1.7422355223633268,3.6956521739130435,1.7434235548768995,3.909090909090909,1.973855084879307,5.142857142857143,1.7968225924034424,4.05,1.9594574974238472,celoso
cínico,3.4761904761904763,1.7498299237082335,3.45,2.0641042405337657,3.1666666666666665,2.0364328674251486,4.421052631578948,2.03622170463075,3.5454545454545454,1.9694638556693236,3.5,2.3951705795753164,3.3636363636363638,2.127942322559173,4.052631578947368,1.8700470644857616,5.4,1.6982963599783716,cinico
cinismo,4.0625,2.048373338367138,2.6875,1.40089257261219,2.6842105263157894,1.634782743939708,3.7142857142857144,2.163635524139563,3.7,1.866604008973459,3.6842105263157894,2.286497359595807,3.7777777777777777,1.8328876463610653,5.0,2,4.476190476190476,2.0154167712671147,cinismo
cobarde,3.8181818181818183,2.129975712724569,4.2727272727272725,1.750695594595207,3,2.23606797749979,5.409090909090909,1.8685133104535256,3.8333333333333335,1.8572224859501458,3.6666666666666665,2.330951164939612,,,3.75,2.0994986870303363,4.571428571428571,1.6300744943538188,cobarde
cobardía,4.88,2.260530911091463,4.086956521739131,1.9980227380237892,3.3,2.1788456625132104,5.85,1.7554426642213121,4.130434782608695,1.81669900008697,3.0476190476190474,1.5961262630566069,3.6956521739130435,1.8447661248342482,3.9,1.8890264827766654,4.869565217391305,1.6321861476416708,cobardia
codicia,4.7368421052631575,1.7901615465016276,2.6666666666666665,1.7822655773580136,2.4444444444444446,1.6528841894672626,4.0476190476190474,2.0365704131257156,3.9,1.7137217117324384,3.176470588235294,2.007339474206065,3.5789473684210527,1.7737527534606834,4.65,1.8715318802914818,4.476190476190476,1.9651729597938097,codicia
codiciar,4.523809523809524,1.7498299237082335,3.3333333333333335,1.6449566416599486,3.0625,1.9137659209004638,3.210526315789474,1.7184924714030627,4.315789473684211,1.7654911680117478,3.3181818181818183,1.9853358510736772,2.9444444444444446,1.4741786236338816,3.823529411764706,1.7405205441780578,4.5625,1.3647344063956182,codiciar
codicioso,4.380952380952381,1.8296499795368097,3.5238095238095237,1.9651729597938097,2.8823529411764706,1.763602596291766,4.444444444444445,2.0926263324636487,3.869565217391304,1.81669900008697,4.35,2.158825216591069,,,3.5555555555555554,1.9470104450676722,4.7368421052631575,1.4469164631940532,codicioso
cohibición,4.380952380952381,1.9615348703551125,5.090909090909091,1.8493007921680622,3,2.1213203435596424,5.2272727272727275,1.9744033018277696,4.260869565217392,1.572993420328024,4.1,1.8324559303956278,3.7142857142857144,1.901127485016645,3.888888888888889,1.9063018984684914,4.571428571428571,1.5675276256394521,cohibicion
cohibido,4.85,1.755442664221313,4.65,2.1095023109728985,2.7916666666666665,1.6675722177612806,5.181818181818182,1.5625487005397434,4.92,1.6812693617224659,2.9545454545454546,1.4631106043948425,3.727272727272727,1.9069251784911847,4.2,1.9084300519426678,4.526315789473684,1.86691727641025,cohibido
cohibirse,4.409090909090909,1.9188064472004938,5.090909090909091,1.8233692233542078,3.25,2.022895267471328,5.818181818181818,1.5927324121761746,4.541666666666667,1.7440374613713623,3.857142857142857,2.056349053193895,4.05,1.6693837501494848,4.526315789473684,1.7116730299340204,4.904761904761905,1.841324574993825,cohibirse
cólera,3.739130434782609,2.2606795298668256,4.863636363636363,2.0070223038468034,2.2,1.823819012257983,3.8095238095238093,2.5222816579249754,5.55,2.0384462607326053,2.9130434782608696,1.928566200298244,,,3.6315789473684212,2.2412924425129126,4.666666666666667,2.057506581601462,colera
colérico,5,1.4577379737113252,5.222222222222222,2.2110831935702664,2.4705882352941178,1.7362908403700519,5.2,2.3305748105067177,5.35,1.8144159564878977,3.1052631578947367,1.8527678046673026,4.3,1.866604008973459,3.0588235294117645,1.8864844365675972,4.388888888888889,1.7197431028701005,colerico
cómoda,3.4761904761904763,1.9904534061124772,4.090909090909091,1.8233692233542071,5.857142857142857,1.4242792663559445,4.190476190476191,1.8060744065250363,4.304347826086956,2.0765964857012733,3.5238095238095237,2.27198256197198,,,3.8095238095238093,2.1358615970855324,2.4347826086956523,1.804693047597688,comoda
comodidad,4.16,2.2487033300697243,5.304347826086956,1.7948102611467833,6.35,0.6708203932499351,4.75,1.7733405882980469,4.043478260869565,1.7959110341795184,3.8095238095238093,1.9395630337539334,4.521739130434782,1.7547225944288773,5.35,1.843195166294831,3.5652173913043477,2.0410800829801707,comodidad
cómodo,3.739130434782609,2.0049346238343535,4.695652173913044,1.8692434689587816,6.045454545454546,0.8438727464026872,4.863636363636363,1.93453463200436,4.85,2.084403234046921,4.333333333333333,1.9927404479142843,,,5.3,1.5927467172350915,3.1,1.8035053587243286,comodo
compadecerse,4.8,1.8929694486000912,3.739130434782609,1.9121000188832795,4.3,1.9493588689617927,5.55,1.5035046776746244,4.869565217391305,1.7915038838941721,4.666666666666667,1.4259499757471628,4.55,1.932410548076104,4.85,1.6630662866176475,5.130434782608695,1.2899734960662401,compadecerse
compasión,5.6,1.3917047478769178,3.347826086956522,1.7217511078754546,4.904761904761905,2.047065262876636,6.0,1.1126972805283737,4.761904761904762,2.0224925687072846,5.636363636363637,1.0021621646864374,,,5.904761904761905,0.9436504599035559,5.428571428571429,1.7484687178050557,compasion
compasivo,5.166666666666667,1.711004451158459,4.260869565217392,1.8881783261398661,5.6,0.9947229183096788,5.85,1.5985190514644279,4.304347826086956,2.00985713216129,5.095238095238095,1.2208506012105629,,,5.5,1.3954814298487213,5.545454545454546,1.1009637651263615,compasivo
complacencia,4.954545454545454,1.9390049664042281,4.428571428571429,1.3627702877384942,4.611111111111111,1.092158622873225,4.611111111111111,1.9444911292248124,4.285714285714286,1.901127485016645,4.2105263157894735,1.750522060809322,2.9,2.0235456115702615,4.7894736842105265,1.5484381869204367,5.045454545454546,0.998917162649386,complacencia
complacerse,4.545454545454546,1.9204977709728506,5.909090909090909,1.2309149097933283,5.9,1.3726654823065185,5.409090909090909,1.532476704059429,4.875,1.541103500742244,4.714285714285714,1.927248223318863,4.130434782608695,2.0069050760286906,4.95,1.5035046776746235,4.904761904761905,1.5461164867099082,complacerse
complacido,4.090909090909091,1.715728108915554,4.55,1.932410548076104,4.619047619047619,1.8021151593666394,5.142857142857143,1.236354087052503,4.769230769230769,1.795721410635677,4.217391304347826,1.8818878755878592,,,4.523809523809524,1.9136103997169231,4.65,1.4244112357114618,complacido
complaciente,5.208333333333333,1.841057509591482,3.909090909090909,1.7970635017820682,4.722222222222222,1.0178151661369068,4.842105263157895,2.0347852164769096,3.8260869565217392,1.8003073957987252,4.190476190476191,1.9395630337539334,3.65,1.6311119875071343,5.35,1.1821033884786174,4.695652173913044,1.3292096971404972,complaciente
comprendido,4.086956521739131,2.0206444399174166,3.217391304347826,1.704446637451859,6.2272727272727275,0.7516216235148278,5.5,1.8708286933869707,3.85,2.058998223459779,4.333333333333333,1.926173649372307,3.5217391304347827,2.107768428228199,6.15,0.9333020044867283,4.190476190476191,1.435933411375598,comprendido
comprensión,4.2272727272727275,1.7163587753985023,4.863636363636363,1.9097607565310761,6.095238095238095,1.3749458863810577,5.409090909090909,1.7087754152940704,4.375,1.5551457362156016,5.571428571428571,1.599106893594939,,,6.15,0.9333020044867283,5.571428571428571,1.7196345126633321,comprension
comprensivo,4.666666666666667,1.7981471945681573,4.136363636363637,2.030609914133343,6.142857142857143,0.9636241116594311,5.809523809523809,1.6315344807587608,4.956521739130435,1.8210451761548465,6.285714285714286,1.1019463300386805,3.8260869565217392,1.9920791768000377,5.857142857142857,1.0623424252901827,4.869565217391305,1.8902704911319617,comprensivo
condescendencia,3.3529411764705883,1.9981609191512901,3.9411764705882355,1.8530578861470477,4.3076923076923075,1.702185623672077,3.9166666666666665,2.108783937953269,3.411764705882353,1.3256518929102281,3.125,2.1252450839060106,2.5238095238095237,1.3645163106041502,4.5,1.6052797503622467,4.357142857142857,2.023216892329291,condescendencia
condescender,4.0588235294117645,1.8530578861470477,3.5384615384615383,1.8980421761815784,3.3333333333333335,2.23606797749979,3.8,2.250925735484551,3.5,1.786703022974913,4.666666666666667,1.5569978883230466,2.75,1.2880570286640687,5.230769230769231,1.423250162705428,4.571428571428571,1.3985864135061363,condescender
condescendiente,3.5,1.6052797503622467,2.6,1.5055453054181622,3.5833333333333335,1.7816403745544227,2.5714285714285716,1.741541567969893,2.625,1.746424919657298,3.75,1.7320508075688772,2.764705882352941,1.7510501051050011,4.0,2.0380986614602725,3.411764705882353,2.0018373912924274,condescendiente
condolecer,3.2142857142857144,1.7177163475234933,2.923076923076923,2.325995788959303,3.2222222222222223,2.0452399702596544,4.533333333333333,1.3020130933435716,3.8181818181818183,1.789822115033559,2.8125,1.42448821218944,3.875,2.0615528128088303,4.647058823529412,2.0898916380577077,4.266666666666667,1.486446705914413,condolecer
condolencia,4.15,1.3869694338832115,3.0476190476190474,1.9868616075658234,3.4444444444444446,1.9165600993392005,4.7894736842105265,2.097060041752131,5.0,1.5735915849388864,3.3157894736842106,1.6684201302412267,3.909090909090909,2.286796280703034,4.473684210526316,2.1951568167883586,3.8260869565217392,2.081349516606156,condolencia
condolerse,3.888888888888889,2.0832352918107335,4.2105263157894735,1.8432744827381107,3.9166666666666665,1.831955405041456,4.157894736842105,2.1670040223194187,5.0625,1.4361406616345072,3.3529411764705883,1.8351149988007642,3.9444444444444446,1.8620741825818619,4.214285714285714,2.0448272986535274,4.764705882352941,1.7863864281247313,condolerse
confiado,5.36,1.7291616465790582,5.173913043478261,1.8501148345942673,4.8,1.361114094757441,5.95,1.4317821063276361,4.130434782608695,1.9610838335908902,4.904761904761905,1.3749458863810566,3.4782608695652173,1.7286243931201823,5.8,1.0563093645728097,5.434782608695652,1.273009567789573,confiado
confianza,5.434782608695652,1.902775173183578,4.217391304347826,1.97614228736722,6.863636363636363,0.35125008665709884,6.045454545454546,1.29015586829738,4.65,1.7252002172135514,5.916666666666667,1.1000658741803755,,,6.315789473684211,1.0568628408301062,4.666666666666667,1.825741858350554,confianza
confiar,5.35,1.6311119875071336,3.869565217391304,2.0069050760286906,5.904761904761905,1.4458479140200717,5.7272727272727275,1.1204513623586059,3.761904761904762,1.757975025555309,4.954545454545454,1.7037010895686497,,,6.523809523809524,0.8135752957807649,5.523809523809524,1.6005951274150372,confiar
conformarse,4.045454545454546,1.863873915807068,3.857142857142857,2.1514114968019085,3.125,1.2618998788920721,3.9545454545454546,1.6176783106919361,3.769230769230769,2.025985040570484,3.9130434782608696,1.6763879860706166,,,3.2857142857142856,1.7647338933351153,4.45,1.8771478925557026,conformarse
conforme,3.869565217391304,2.0737394380483285,3.347826086956522,1.4336442963229916,4.863636363636363,1.2457720706244997,3.3181818181818183,1.9612038003023415,3.85,1.8431951662948316,4.041666666666667,2.0319013727063124,2.5454545454545454,1.4384936806479443,4.25,1.4823523268955432,4.25,1.6819474927657678,conforme
conformidad,4.5,1.9867985355975657,3.391304347826087,1.6986393066425682,3.2857142857142856,1.6775832957816772,4.409090909090909,1.5324767040594283,3.380952380952381,1.883512423006296,4.363636363636363,1.4653279998642441,2.9545454545454546,1.3965015038360864,4.285714285714286,1.8477785890862881,4.0,1.8708286933869707,conformidad
confort,4.45,1.9861361590045288,4.3478260869565215,1.9213796097448006,5.619047619047619,1.203170415036477,4.7727272727272725,1.7709781580707415,4.714285714285714,1.5537971921347116,4.454545454545454,1.7382879570557408,,,4.380952380952381,2.1325147238926743,4.0476190476190474,1.9868616075658234,confort
confortable,3.909090909090909,2.180194200810275,5.090909090909091,1.508991808147506,6.190476190476191,1.0304876330673547,4.818181818181818,2.2601382940486423,4.708333333333333,1.398109489606425,4.476190476190476,1.9395630337539334,4.545454545454546,1.8446130766633424,5.05,1.8771478925557026,4.3,1.3018205875255096,confortable
confortado,3.8636363636363638,2.076981659488791,4.545454545454546,1.1433981403515168,5.619047619047619,1.4992061391346583,5.25,1.860248992954834,4.583333333333333,1.3805061033726995,4.75,1.6503588126605426,3.0526315789473686,1.8700470644857612,4.7894736842105265,1.5839103288458471,4.2,1.542383664469075,confortado
confortar,4.05,1.932410548076104,3.857142857142857,2.056349053193895,5.2,1.2814465510343758,4.818181818181818,1.6223546566748686,4.0,1.5986105077709065,4.363636363636363,1.8138476479691696,3.6,1.6351404253232553,4.571428571428571,1.9383350734955136,3.789473684210526,1.6858544608470487,confortar
confundido,4,1.7994708216848747,4.619047619047619,2.0118695404073916,3.25,1.7257638510425513,5.181818181818182,1.6514456476895405,4.653846153846154,1.9171292641302553,2.608695652173913,1.5296800151066239,,,3.0476190476190474,1.7457431218879393,4.75,1.6819474927657678,confundido
confundirse,3.95,1.356271980175999,4.130434782608695,1.7659493410341123,3.238095238095238,1.6704718466577608,4.045454545454546,1.9875151446508401,3.5714285714285716,1.8860389330930734,3.4545454545454546,1.7922391615298476,3.347826086956522,2.1021351840487825,3.238095238095238,2.0224925687072846,4.666666666666667,1.7416467303484178,confundirse
confusión,4.173913043478261,1.5270939101039855,4.3478260869565215,1.8490463304135485,3.772727272727273,1.797665633982508,4.7727272727272725,1.7709781580707415,4.8,1.8524521444205841,2.8333333333333335,1.8097962092016273,4.0,1.4474937289114918,3.8,1.8806493839265088,4.761904761904762,1.6094956323259126,confusion
confuso,4.238095238095238,1.6704718466577608,4.045454545454546,1.430193883868388,2.9523809523809526,1.6874889770363088,5.380952380952381,1.774153050787628,4.434782608695652,1.6466518911393768,3.761904761904762,2.119074371152695,,,3.4761904761904763,1.8335497707738293,5.3478260869565215,1.3351436985029648,confuso
congoja,3.25,1.9598237397554634,4.333333333333333,1.614329769923297,3.909090909090909,1.9725387425622571,4.090909090909091,2.4271195048676715,5.538461538461538,1.126601424298216,2.75,1.2909944487358056,4.071428571428571,1.7304639535412154,3.5,1.8829377433825436,3.9166666666666665,1.9752253419585195,congoja
conmiseración,3.6666666666666665,3.055050463303893,2.8,2.16794833886788,5,1.7320508075688772,5.6,0.8944271909999143,4.5,1.6035674514745464,4.333333333333333,2.8867513459481287,1.6666666666666667,1.2110601416389966,2.5,1.224744871391589,5.25,2.0615528128088303,conmiseracion
conmiserativo,4,2.6457513110645907,4.6,0.5477225575051667,3.8,2.2803508501982757,4.75,2.6299556396765835,4.625,1.7677669529663689,3.6,2.302172886644268,2.6666666666666665,1.632993161855452,3.4,1.6733200530681513,3.5,2.3804761428476167,conmiserativo
conmocionado,4.95,1.4680814547887784,4.608695652173913,1.751340536814393,4.380952380952381,1.6575943555704598,5.954545454545454,1.646851909590299,4.714285714285714,1.647508942095828,3.727272727272727,2.0043243293728734,4.5,1.820930936000652,4.238095238095238,2.0224925687072846,5.05,1.1909748329127607,conmocionado
conmovedor,3.739130434782609,2.157805941741156,4,1.8586407545691703,5.136363636363637,1.0371873387954451,5.136363636363637,2.1886167526644065,5.2,1.361114094757442,3.9166666666666665,2.2050666295102532,4.7272727272727275,1.750695594595207,4.5,1.6059101370939324,4.7,1.750187959830841,conmovedor
conmoverse,5.05,1.431782106327635,4.478260869565218,1.9509802947933477,4.619047619047619,1.321975433818287,6.409090909090909,0.7963662060880891,5.285714285714286,1.6168752933623907,4.7272727272727275,1.750695594595207,4.434782608695652,2.232529893040664,4.571428571428571,1.660464650976605,5.190476190476191,1.3273676061682231,conmoverse
conmovido,4.909090909090909,1.508991808147506,5.2727272727272725,1.5175738212786565,4.571428571428571,1.6300744943538188,5.7727272727272725,1.5097088392205895,5.416666666666667,1.2128538629008958,4.571428571428571,2.0142350550873793,4.2272727272727275,1.659943148246727,4.6,1.5008769366431645,5.238095238095238,1.091089451179963,conmovido
consentido,4.28,2.3007245235649862,3.739130434782609,1.6574183458386504,3.3684210526315788,2.0872769692110413,4.0,1.9148542155126762,2.5652173913043477,1.342524316912724,3.5238095238095237,2.0154167712671147,2.75,1.7129537431920892,4.6,1.569445091341791,3.9565217391304346,1.9182914005002476,consentido
consolado,3.8636363636363638,1.88466125655197,3.7142857142857144,2.1480888515807983,4.625,1.5269321331121546,4.681818181818182,1.3587937099943999,4.730769230769231,1.7101506906162935,4.260869565217392,1.7637097087556366,,,5.238095238095238,1.4108423691100975,3.6,1.569445091341791,consolado
consolarse,4.173913043478261,2.103075105930782,3.9565217391304346,1.94184216355045,5.136363636363637,1.42412728649462,5.409090909090909,1.532476704059429,4.55,1.6693837501494848,3.5,1.933683126777138,3.8636363636363638,1.5521246435421698,5.55,1.7312909694943348,4.428571428571429,1.6903085094570336,consolarse
consternación,4.461538461538462,1.2659242088545832,3.875,2.276693508870558,2.9444444444444446,1.161754364146905,4.6,1.9198214202665536,4.05,2.3050288273114594,3.111111111111111,1.7452081921613043,3.3529411764705883,1.6560939160637989,3.6923076923076925,1.5483655567842813,3.5,1.9778181680534621,consternacion
consternado,4.1,1.99736668746891,3.588235294117647,2.0328189641914673,3.7857142857142856,1.8050600428356278,5.222222222222222,2.016273661268277,4.9523809523809526,1.883512423006296,2.8947368421052633,1.7605156076213475,3.9523809523809526,2.178903175365773,3.2941176470588234,1.829094922439543,5.333333333333333,1.3165611772087658,consternado
consternarse,3.8823529411764706,1.5363248737318087,3.6666666666666665,2.0579830217101063,3,1.5689290811054724,4.777777777777778,1.8959881966484031,5.0,1.3165611772087666,3.35,1.4608937423083823,3.3157894736842106,2.109571614726748,3.235294117647059,1.6019289842524966,4.0,1.7320508075688772,consternarse
consuelo,3.772727272727273,1.5409279264322764,3.380952380952381,2.0365704131257156,4.375,1.8838558977475588,4.7272727272727275,1.6954229190555596,4.230769230769231,1.8397324220156,4.304347826086956,1.9172608920184133,4.173913043478261,2.1458665109936246,5.285714285714286,1.736169840276497,3.75,1.4823523268955432,consuelo
contento,5.76,1.6401219466856718,5.956521739130435,1.2239377906638136,6.3,0.864504725870619,6.75,0.4442616583193193,5.782608695652174,1.412815427021534,5.142857142857143,1.9309509130403673,,,5.2,2.1423056934551914,5.304347826086956,1.5206094056091048,contento
contrariado,4.363636363636363,2.1279423225591727,3.6666666666666665,1.957890020745122,3.5,1.7511900715418263,3.6666666666666665,1.970368732287556,4.105263157894737,1.7917941611104422,3.1,1.7137217117324384,3.7,1.6254554017744978,3.263157894736842,1.521771820505364,4.818181818181818,1.6800329825663607,contrariado
contrariarse,3.857142857142857,1.8784492084087414,3.3157894736842106,1.8871681188415435,2.6315789473684212,1.7065405655167962,3.1052631578947367,1.7286711930171252,3.652173913043478,2.0584348787847597,3.3529411764705883,1.868862503991005,3.6666666666666665,1.5916448515084431,3.8421052631578947,1.863782232592187,4.521739130434782,1.8797863809339252,contrariarse
contrariedad,3.090909090909091,1.6877454928053721,3.4285714285714284,1.886038933093073,3.2,1.8238190122579827,3.8,2.015727634065883,3.6666666666666665,1.5788456616111675,3.4,2.112618729145617,2.3,1.4545753585442767,3.6842105263157894,2.001461454341895,4.666666666666667,1.7701224063135674,contrariedad
contrición,3,1.5811388300841898,2.142857142857143,1.2149857925879115,2,1.5,3.3333333333333335,2.422120283277993,3.6666666666666665,1.7320508075688772,2.3333333333333335,1.1547005383792517,3.52631578947368,1.86691727641025,2.7142857142857144,1.889822365046136,2.5,1.3142574813455419,contricion
contrito,5,#,1.5,0.7071067811865476,#,#,2.5,2.1213203435596424,2.5,1.7320508075688772,5,,4.5,2.1213203435596424,4.25,2.217355782608345,3.5,3.5355339059327378,contrito
conturbación,4.25,2.5,4.2,0.8366600265340751,2.25,1.2583057392117916,3.8,2.588435821108957,4.0,2,2.75,1.5,2.5714285714285716,1.2724180205607036,2.1666666666666665,0.9831920802501749,3.4285714285714284,1.3972762620115435,conturbacion
conturbado,4.6,2.0736441353327724,3.5714285714285716,1.8126539343499313,4,2.1213203435596424,3.0,1.0,4.714285714285714,1.976047040118707,3.6,2.4083189157584592,2.4,1.9493588689617927,3.0,1,4.833333333333333,1.940790217067952,conturbado
conturbarse,5,2.8284271247461903,4,2.1213203435596424,3,0,3.6,2.4083189157584592,4.5,2.6457513110645907,2.2,1.7888543819998317,3.0,2.449489742783178,4.0,2,3.0,1.9148542155126762,conturbarse
coraje,5.36,1.7048949136725895,4.217391304347826,1.857577154622519,5.5,1.3572417850765923,6.25,1.0699237552766379,5.478260869565218,1.8797863809339252,5.142857142857143,1.388730149658827,,,4.45,1.4680814547887784,5.608695652173913,1.1961730809233642,coraje
cuidadoso,5.304347826086956,1.7434235548768986,4.304347826086956,1.6077873731169026,5.681818181818182,0.7798878818298867,4.181818181818182,2.0150945537631877,3.1,2.0235456115702615,5.416666666666667,1.742478661005056,3.590909090909091,1.7636296692870672,4.4,1.9574419397183718,4.333333333333333,1.9832633040858025,cuidadoso
culpa,4.666666666666667,1.238278374733781,4.045454545454546,2.359928827160698,3.3333333333333335,2.2876479915697985,5.476190476190476,2.1123221255066094,5.695652173913044,1.3629774429099775,4.476190476190476,2.0885173597326796,,,4.619047619047619,1.9098740920854045,5.391304347826087,1.8766297265136733,culpa
culpabilidad,4.217391304347826,2.0661013294505457,4.130434782608695,2.05170323536517,3.1818181818181817,2.342899376665052,5.863636363636363,1.9097607565310761,5.9,1.2937094768634547,3.6666666666666665,2.239306310807699,4.55,1.932410548076104,4.85,1.496487114615601,5.714285714285714,1.764733893335116,culpabilidad
culpable,4.136363636363637,2.0070223038468025,4.681818181818182,1.9853358510736767,3.238095238095238,2.165750722146062,6.0,1.4142135623730951,5.625,1.3125646981983485,4.380952380952381,1.9868616075658234,,,3.9,1.8890264827766654,5.619047619047619,1.5644868320376009,culpable
culparse,4.523809523809524,1.7498299237082335,4.181818181818182,1.8162327215148664,3.0476190476190474,2.0609752661347125,5.619047619047619,1.7457431218879393,5.130434782608695,1.5755041855657435,4,2.04939015319192,,,4.190476190476191,1.9136103997169231,5.521739130434782,1.5335509956067594,culparse
curiosear,4.869565217391305,1.3247417527436995,3.9130434782608696,2.0206444399174166,5.090909090909091,1.5708381417359556,3.272727272727273,2.074374677590889,2.9,1.774082416646034,4.416666666666667,2.2634461349449206,4.15,2.2307657406087458,4.4,1.8180382718454353,3.55,1.6693837501494848,curiosear
curiosidad,5.36,1.7767010628315238,5.173913043478261,1.3366230825562366,5.6,1.3917047478769178,4.85,1.8431951662948316,4.695652173913044,1.8692434689587816,4.666666666666667,2.057506581601462,,,4.5,2.115108557622118,5.391304347826087,1.6442497718573554,curiosidad
curioso,5.5,1.538967528127731,4.739130434782608,1.5438261590885693,5.666666666666667,1.5599145275730113,4.409090909090909,1.790426682561368,4.904761904761905,1.6094956323259126,4.409090909090909,2.1965143579488218,,,3.142857142857143,2.0318886358684694,5.523809523809524,1.4703417160322831,curioso
dañado,4,1.927248223318863,5.095238095238095,1.7292993351285928,3.125,2.091650066335189,4.909090909090909,1.8493007921680622,5.0,1.9390719429665315,2.6956521739130435,1.5792628490042624,4.75,1.5517392618742702,3.3,1.6254554017744978,3.3,1.490319640741189,danado
dañar,5.363636363636363,1.3988244910316512,4.095238095238095,2.2782616597915593,2.9583333333333335,2.2161299339294103,4.5,2.262531241562781,4.5,2.1400934559032696,2.5217391304347827,1.9509802947933472,,,4.0476190476190474,2.0609752661347125,4.05,1.7006190823220508,danar
dañino,4.590909090909091,2.0156315543200254,4.2727272727272725,2.119789256861751,2.9047619047619047,2.3217399058628834,5.238095238095238,1.8948551898433275,4.375,1.6100904646471967,3.1904761904761907,2.2938842084780044,,,3.55,1.7910596686995397,4.095238095238095,2.2562083659263807,danino
daño,5.32,1.796292478040998,5.260869565217392,1.7377464849194204,3.8,2.330574810506717,4.95,2.258900524358558,5.260869565217392,1.9357261100482497,3,2.23606797749979,,,4.1,2.2687812633774618,4.434782608695652,1.8297065576087665,dano
decaer,3.4,2.1213203435596424,3.9545454545454546,2.1264160039007,3.1,1.970840055995359,4.7894736842105265,2.274959031826997,4.260869565217392,2.0497758481521786,2.7,1.4545753585442762,2.95,1.7614288458371994,2.95,1.8202082009311027,4.304347826086956,1.6904755277381047,decaer
decaído,3.95,1.7006190823220508,5.086956521739131,1.5641740044526804,3,2.1447610589527217,5.636363636363637,2.0129451189607863,5.0,1.6733200530681511,3.1363636363636362,1.909760756531076,3.8,1.6091841672756186,3.0476190476190474,1.8296499795368097,4.714285714285714,1.7071279138616748,decaido
decaimiento,4.166666666666667,1.7904977947322853,4.466666666666667,2.1668498091095505,2.789473684210526,2.070398441750365,4.944444444444445,2.2088650858122283,5.166666666666667,1.3405601251996733,3.0526315789473686,1.8096557134354563,2.9,1.4832396974191329,2.5294117647058822,1.280510008689093,3.85,1.755442664221313,decaimiento
decepción,4.55,1.6693837501494848,5.130434782608695,1.6598014072359526,3.0476190476190474,2.1089378956287566,5.954545454545454,1.7037010895686497,4.761904761904762,1.9210612146613626,3.9545454545454546,1.9142889448832336,4.863636363636363,1.8846612565519707,4.904761904761905,1.757975025555309,5.142857142857143,2.1044171232366047,decepcion
decepcionado,4,2.1320071635561044,4.434782608695652,2.106830600182562,3.4545454545454546,2.385018173581008,5.761904761904762,1.9469145308606108,5.7,1.7501879598308419,2.875,1.872280636712535,5.136363636363637,1.6415861825701372,5.35,1.2680278927697541,5.25,1.4823523268955432,decepcionado
decepcionante,4.318181818181818,1.6442211540614609,4.590909090909091,2.1304837570282102,2.9047619047619047,2.343176517139968,6.0,1.5430334996209192,4.875,1.7523276445668041,3.619047619047619,2.355338414669758,4.75,1.4095538674570611,3.85,1.4244112357114618,5.190476190476191,1.860619456499571,decepcionante
decepcionarse,4.5,1.877848713148555,4.739130434782608,1.572993420328024,2.6666666666666665,1.770122406313567,5.636363636363637,1.9159842564581977,5.142857142857143,1.6818357317441641,3.772727272727273,1.7163587753985023,4.2727272727272725,1.750695594595207,5.0,1.7320508075688772,5.095238095238095,1.640267109490461,decepcionarse
decidido,6,0.9486832980505138,4.818181818181818,1.9913231694950884,6.238095238095238,0.7684244858645465,4.714285714285714,1.927248223318863,4.565217391304348,1.7535959666437562,5.476190476190476,1.56904581255767,3.772727272727273,1.6015414652562279,3.9523809523809526,2.1558337244831867,5.217391304347826,1.704446637451859,decidido
defraudado,4.5,1.3178930553209385,4.260869565217392,2.0497758481521786,3.238095238095238,2.0713464679952,5.7727272727272725,1.7438823185999512,4.619047619047619,1.9615348703551125,3.727272727272727,1.804275825757042,4.2727272727272725,1.750695594595207,4.9523809523809526,1.6575943555704598,4.476190476190476,1.9904534061124772,defraudado
defraudarse,4.3478260869565215,2.385728317462632,3.9565217391304346,2.099312893426306,2.9545454545454546,2.1707420878863553,5.285714285714286,2.0528725518857027,4.85,1.4608937423083823,3.5,2.043015673820997,4.090909090909091,1.7703669490247307,5.3,1.7501879598308419,5.1,1.6511558949637923,defraudarse
degradación,3.238095238095238,1.841324574993825,3.6,2.1618705350983247,2.4,1.9029063643750175,3.142857142857143,2.0318886358684694,2.909090909090909,1.6303400436745268,2.65,1.496487114615601,2.857142857142857,1.651838802235687,2.8,1.7044832524535805,3.0476190476190474,2.334013506306047,degradacion
degradado,3.0526315789473686,2.013114894621608,2.619047619047619,1.9615348703551125,2.761904761904762,1.786190412715338,3.142857142857143,1.7968225924034429,3.272727272727273,2.250541060486359,2.3,1.8381913307436342,3.0,1.9069251784911847,2.4761904761904763,1.3273676061682242,3.272727272727273,2.119789256861751,degradado
degradar,3.380952380952381,2.1325147238926743,3.727272727272727,1.8563101696342252,2.5,1.8864844365675972,3.473684210526316,2.3182469682602744,3.25,1.4817733206914758,2.3333333333333335,1.5339299776947408,2.35,1.4608937423083819,2.789473684210526,1.812884361343089,3.5714285714285716,1.9383350734955136,degradar
deleitado,3.5714285714285716,2.1347465557163594,3.875,1.8211717839530315,4.125,1.9621416870348585,4.0,1.8637822325921867,4.5,1.5491933384829668,3.4,2.112618729145617,3.8333333333333335,2.1213203435596424,4.714285714285714,1.589802669350044,4.1875,1.682012683265696,deleitado
deleitarse,4.928571428571429,0.9168747682531906,4.5,2.148871112659745,4.705882352941177,1.7235394498804244,4.25,1.983263304085802,4.142857142857143,2.3299294900428698,3.3529411764705883,2.1777619380509727,4.842105263157895,1.8337320140672697,3.111111111111111,1.8751906221184675,4.0,2.0275875100994063,deleitarse
deleite,3.6842105263157894,2.109571614726748,3.7058823529411766,1.8962036376122997,5.571428571428571,1.089409558803845,4.0,2.253202848596432,4.533333333333333,1.2459458063579465,3.4375,2.1899391163530857,,,3.5384615384615383,1.9839096340048947,4.588235294117647,1.4168108346481796,deleite
delirante,3.8095238095238093,1.6618979396776332,3.6,2.4365635853109104,2.227272727272727,1.5097088392205893,3.8636363636363638,1.7537837882012635,4.038461538461538,2.2357239405752978,2.1818181818181817,1.3322506426689291,3.3,1.688973528196155,2.7,1.4545753585442762,4.5,2.115108557622118,delirante
delirar,4.041666666666667,2.1157621027332723,3.772727272727273,2.0220644373373933,3.25,1.8317377426626162,3.0526315789473686,1.840099158274005,4.6521739130434785,2.2685336804395337,2.4761904761904763,1.7498299237082335,,,2.5,1.8496087779795347,5.782608695652174,1.412815427021534,delirar
delirio,4.2,2,3.5217391304347827,2.107768428228199,3.3,1.9493588689617927,3.526315789473684,1.8369183449048443,4.608695652173913,1.9711355849030643,2.4761904761904763,1.7498299237082335,3.0476190476190474,1.430950400125402,2.2,1.6733200530681511,5.0,1.834021909257456,delirio
deplorable,3.5625,1.4127396551853895,2.9473684210526314,1.6823820483841196,2.75,1.8439088914585775,4.444444444444445,1.7225911474978353,3.1666666666666665,1.7573375583870183,2.6666666666666665,1.6803361008336117,3.5625,2.42126000256065,2.8666666666666667,1.9591057240729093,3.9473684210526314,1.9285482222682524,deplorable
deplorado,3.5833333333333335,2.0652243256245835,3.0833333333333335,2.0652243256245835,2.9,1.523883926754995,4.0,1.7320508075688772,3.6153846153846154,2.1809195896250406,2.4,1.4040757000349273,3.3333333333333335,2.126924898488314,3.2666666666666666,2.1201976547572388,4.076923076923077,1.800996874952798,deplorado
deplorar,3.1875,1.8697147732564272,2.6,1.4540583599999395,2.6666666666666665,1.5,4.2,1.8135294011647256,3.4166666666666665,1.831955405041456,3.2142857142857144,2.1547290184283368,2.8666666666666667,1.6417180315870614,3.1538461538461537,1.818706218082598,4.466666666666667,1.5055453054181624,deplorar
depresión,4.285714285714286,2.052872551885702,4.5,2.3248143807112656,3.0476190476190474,2.246690688016276,5.380952380952381,2.334013506306047,6.130434782608695,1.3916748518532016,3.2857142857142856,2.305273457593635,,,3.4761904761904763,2.0644381225662256,5.478260869565218,1.7804382815218003,depresion
depresivo,4.136363636363637,2.1223404543873263,5.238095238095238,1.8413245749938256,3.0416666666666665,2.0742555849952673,5.190476190476191,2.4003967925959158,5.346153846153846,1.853479057174538,2.5217391304347827,1.5917276268082625,,,3.1904761904761907,1.7781745588959377,4.95,2.0124611797498106,depresivo
deprimente,4,1.7994708216848747,4.380952380952381,2.1089378956287566,2.9583333333333335,2.2161299339294103,5.363636363636363,2.0597146021777495,5.153846153846154,1.9533009536127848,2.608695652173913,1.6986393066425687,4.045454545454546,1.7855844108615218,2.8095238095238093,1.600595127415038,4.35,1.755442664221313,deprimente
deprimido,4.8,1.7651599003161753,5.3478260869565215,1.640639998519811,2.9523809523809526,2.334013506306047,5.7272727272727275,2.1421355206299597,5.619047619047619,1.8021151593666394,3.3636363636363638,1.989148047961729,,,3.380952380952381,2.0365704131257156,5.095238095238095,1.75797502555531,deprimido
deprimirse,4.285714285714286,2.02837021134844,5.045454545454546,1.9634098795153183,2.7142857142857144,2.1712405933672376,5.333333333333333,2.129162589689508,5.826086956521739,1.3021720984236473,3.2857142857142856,2.052872551885702,,,3.7142857142857144,1.901127485016645,5.478260869565218,1.7021260827509308,deprimirse
derrota,4.045454545454546,1.9390049664042275,3.6666666666666665,2.081665999466133,3.6666666666666665,1.9927404479142843,4.454545454545454,2.1762193676030765,4.5,2.0639767440550294,2.5217391304347827,1.4418915990459231,3.85,1.2680278927697552,2.857142857142857,1.851640199545103,3.2,2.0925934551223877,derrota
derrotado,4.36,2.177154105707724,4.608695652173913,1.9006967725925858,3.05,2.139232523470435,5.55,1.848897253129979,5.086956521739131,1.9751419621766402,2.8095238095238093,1.8335497707738293,4.181818181818182,1.7357957866601164,2.7,1.866604008973459,4.434782608695652,1.5904855449750885,derrotado
derrotar,4.590909090909091,1.893826836482176,3.9545454545454546,2.214180977832978,4.0476190476190474,1.9358768162305804,4.636363636363637,2.4406372030086643,4.041666666666667,1.3981094896064241,3.0952380952380953,1.7292993351285917,,,3.55,2.0894471693929497,4.142857142857143,1.4589624493356323,derrotar
desafecto,4,1.5986105077709065,3.739130434782609,1.789296238096974,2.9047619047619047,2.0713464679952,5.15,2.134306247447806,3.55,1.8771478925557026,3.0476190476190474,2.0609752661347125,3.15,1.899445902583726,4.1,2.125038699338017,4.285714285714286,1.7071279138616748,desafecto
desafiante,4.84,2.055075018906447,4.6521739130434785,1.5842605287404279,3.75,1.5517392618742702,4.5,1.8496087779795347,4.0,1.7056057308448835,4.285714285714286,1.820517979665599,4.136363636363637,1.7807289717965702,4.1,2.2219005615155596,5.304347826086956,1.2589599823481872,desafiante
desafiar,4.826086956521739,1.7748796095675052,3.8260869565217392,1.9691293395130816,4.090909090909091,1.9495809295501945,3.0454545454545454,1.9390049664042277,2.7,1.4545753585442762,3.0416666666666665,2.1564698743178816,,,4.55,1.9594574974238472,4.3,1.7800059136507322,desafiar
desafío,5.409090909090909,1.7904266825613686,4.590909090909091,1.868513310453525,4.714285714285714,1.6168752933623898,3.409090909090909,2.239453396512532,4.041666666666667,1.9219366742195603,4.523809523809524,1.8060744065250363,3.65,1.4608937423083823,3.25,1.860248992954834,4.238095238095238,1.6704718466577608,desafio
desafortunado,3.5454545454545454,2.0407111908602262,3.7142857142857144,2.0770858707058104,2.8333333333333335,1.8804871400937502,4.2727272727272725,1.66709951089333,4.3076923076923075,2.412786451706504,2.391304347826087,1.3395769493246945,3.5217391304347827,1.7286243931201823,2.4761904761904763,1.7498299237082335,3.25,1.6819474927657678,desafortunado
desagradable,4.35,1.565247584249853,5.043478260869565,1.521908516829062,3,2.2135943621178655,5.045454545454546,1.9634098795153183,3.9047619047619047,2.0224925687072846,2.9545454545454546,1.963409879515318,,,3.619047619047619,2.201730920802778,4.761904761904762,1.8948551898433268,desagradable
desagradarse,4.130434782608695,1.8902704911319623,4.913043478260869,1.7032867552913658,2.590909090909091,2.218087784537262,4.590909090909091,2.32295154837631,5.1,1.6511558949637923,2.625,1.6100904646471967,4.045454545454546,1.7855844108615218,4.2105263157894735,1.5484381869204367,4.809523809523809,1.5368489717290903,desagradarse
desagrado,4.173913043478261,1.7748796095675046,4.826086956521739,1.9224079103855782,3.090909090909091,1.9978343252987698,4.909090909090909,1.9738550848793077,5.6,1.2311740225021839,2.7916666666666665,1.6675722177612806,,,4.555555555555555,1.6528841894672628,4.666666666666667,1.9061304607327731,desagrado
desahogado,4.095238095238095,1.578124263319017,4.619047619047619,2.0609752661347125,4.458333333333333,1.7189270330434434,5.2727272727272725,1.4534628005401835,5.269230769230769,1.5377305955905882,3.8260869565217392,1.9459088531640256,3.55,2.1144863753590246,3.761904761904762,1.9724290077151547,4.4,1.788854381999832,desahogado
desahogarse,4.9523809523809526,1.7168631417847633,5.2727272727272725,1.804275825757042,5.666666666666667,1.2780193008453868,5.333333333333333,1.7416467303484169,5.0,1.7837651700316894,4.857142857142857,1.4589624493356323,4.35,1.899445902583726,5.476190476190476,1.0304876330673547,4.913043478260869,1.44326156762008,desahogarse
desahogo,5.05,1.4680814547887784,4.217391304347826,2.373270120992062,4.904761904761905,1.786190412715338,5.5,1.625686668105863,4.809523809523809,2.0400746951777924,3.8181818181818183,1.842264745887353,4.409090909090909,2.0156315543200254,4.9523809523809526,1.9098740920854045,4.666666666666667,1.4944341180973266,desahogo
desairado,3.6315789473684212,1.7387903303347123,2.909090909090909,2.385562636132007,3,1.9720265943665387,4.133333333333334,1.407463101097994,4.136363636363637,2.1886167526644056,3.0555555555555554,1.551933224087346,3.3,1.3018205875255096,3.1666666666666665,1.898963034411309,3.2941176470588234,1.403776419268438,desairado
desairar,4.0625,2.3796008068581584,3.6875,1.6620770138594663,3.75,1.6690459207925603,3.375,1.7677669529663689,4.090909090909091,2.256304299271065,2.5833333333333335,1.8809249819912512,3.066666666666667,1.533747356112131,2.75,1.879716290649558,4.214285714285714,1.4769288003552106,desairar
desaire,3.588235294117647,1.8727928185403935,3,1.651445647689541,2.3333333333333335,1.543033499620919,3.6923076923076925,2.1750331562459526,3.2941176470588234,2.023755972268919,3,1.695582495781317,2.7058823529411766,1.447614670861731,2.7777777777777777,1.8005082797253327,3.6666666666666665,2.0236694629405503,desaire
desalentado,3.5714285714285716,1.6967972416057489,3.736842105263158,2.2321416040096733,3.5384615384615383,2.2216879699673027,4.833333333333333,2.081665999466133,4.6521739130434785,1.4957119208583007,2.9285714285714284,1.439245834257849,3.3157894736842106,1.9163806041293157,3.0,1.632993161855452,4.7894736842105265,1.3572417850765919,desalentado
desalentador,3.588235294117647,1.6605279103876789,3.2,1.8973665961010278,2,0.9660917830792959,4.846153846153846,1.7722938923964162,4.090909090909091,1.9495809295501945,2.3125,1.6214705259938174,3.263157894736842,1.6276126096272243,3.111111111111111,1.8751906221184675,4.2631578947368425,1.910267731763677,desalentador
desalentarse,3.8421052631578947,1.772103517628974,3.1052631578947367,1.997073882851421,3.5,1.8292495308606331,4.6875,2.151549828999242,4.105263157894737,1.8825141829805179,2.5625,1.3647344063956182,2.764705882352941,1.4374200745044001,3.3125,1.6620770138594663,4.944444444444445,0.998364675929488,desalentarse
desaliento,3.3684210526315788,1.9779486094826595,3.6842105263157894,2.2124052165246004,2.6470588235294117,1.7656860023298393,3.466666666666667,1.9223002094465094,4.291666666666667,1.7564580631305238,3.1,1.5183093090324966,3.652173913043478,2.2280993868026524,2.1875,1.3768926368215255,3.6315789473684212,1.535162905426923,desaliento
desamor,4.25,1.9701723141310308,4.608695652173913,2.310826897155345,3.9523809523809526,2.438774087040259,6.090909090909091,1.4770978917519937,4.904761904761905,2.0953463175513947,3.227272727272727,1.7709781580707415,,,5.571428571428571,1.7196345126633321,3.9047619047619047,1.9469145308606102,desamor
desamparado,3.652173913043478,2.2280993868026524,3.3157894736842106,1.634782743939708,2.619047619047619,2.1089378956287566,3.761904761904762,2.406340830072953,4.684210526315789,1.8273426844874248,2.3043478260869565,1.4596008983995232,3.8,1.6415653633362464,4.1,1.9439514830419644,3.210526315789474,1.7505220608093224,desamparado
desamparar,3.8636363636363638,1.8592229443264612,2.7333333333333334,2.1201976547572388,2.9545454545454546,2.1039027844477336,3.5789473684210527,1.8653504131242176,3.4583333333333335,2.186503396166874,2.3,1.625455401774498,3.65,1.755442664221313,3.526315789473684,2.169700979209183,3.25,1.6181535936466533,desamparar
desamparo,2.95,1.8202082009311027,2.85,1.8715318802914818,2.263157894736842,1.4079972089286532,3.7,2.2501461940809184,5.045454545454546,1.889249604807176,2.761904761904762,1.9210612146613626,3.727272727272727,1.804275825757042,3.473684210526316,1.7438278792686563,3.8095238095238093,1.9136103997169231,desamparo
desanimado,3.4782608695652173,2.107768428228199,4.304347826086956,1.964104760414124,2.8636363636363638,2.2317077498004707,5.409090909090909,2.130483757028211,5.7,1.49031964074119,2.5416666666666665,1.4440030912488493,,,4.45,1.731290969494334,4.6,1.7591864148251213,desanimado
desanimarse,4.72,2.3007245235649862,4.608695652173913,1.8522499937982697,3.75,2.1244194253340942,5.6,1.9303667499917423,4.956521739130435,1.718304155253217,3.8095238095238093,1.8060744065250363,3.85,1.4608937423083823,3.15,1.6944180805158295,5.173913043478261,1.435022138348189,desanimarse
desánimo,4.75,1.4823523268955432,5.043478260869565,1.4917427535227863,3.0476190476190474,2.1558337244831867,5.818181818181818,1.6800329825663607,4.904761904761905,1.9469145308606102,3.409090909090909,2.0853021000528553,4.2272727272727275,1.7709781580707415,3.3333333333333335,1.7126976771553504,4.857142857142857,1.388730149658827,desanimo
desaprensión,4.375,1.5864005379054391,2.7857142857142856,1.7619295117556788,3.2,1.6561573424216502,4.285714285714286,2.267786838055363,4.2631578947368425,1.8511889651776021,2.5,1.6733200530681511,3.2941176470588234,1.5315313367000094,3.2222222222222223,1.8328876463610655,4.142857142857143,2.507132682112035,desaprension
desaprensivo,3.388888888888889,1.8830166313622745,3.05,1.7910596686995397,3.1666666666666665,2.093407017561676,4.357142857142857,1.691933025458562,4.095238095238095,2.047065262876636,3.6,2.087557121815378,3.3157894736842106,1.7337381443621682,3.2,2.007130147392398,4.444444444444445,1.5424282697487952,desaprensivo
desaprobación,4.363636363636363,1.9650628136199262,4.5,1.9456912102680337,3.0952380952380953,2.119074371152695,3.590909090909091,2.0391195791342542,4.166666666666667,1.5510632164580767,3.5714285714285716,2.0632844828435215,3.0,1.6222142113076254,4.2,2.21478286924356,4.857142857142857,1.9309509130403673,desaprobacion
desaprobado,3.3636363636363638,1.989148047961729,3.608695652173913,1.7251911734588246,3,1.8918106058538346,3.8181818181818183,2.0150945537631877,3.8,1.8806493839265088,2.6666666666666665,1.7362294645648624,3.272727272727273,1.8563101696342252,3.95,1.731290969494334,4.666666666666667,1.957890020745122,desaprobado
desaprobar,3.857142857142857,1.9309509130403673,3.1363636363636362,1.909760756531076,2.6666666666666665,1.770122406313567,3.0476190476190474,1.9098740920854045,3.130434782608696,1.8415494421345537,3.857142857142857,2.056349053193895,2.65,1.4244112357114618,3.6666666666666665,1.9832633040858025,4.818181818181818,2.084783045383942,desaprobar
desasosegado,3.5789473684210527,1.7737527534606834,4.384615384615385,2.6937724952954465,3.210526315789474,1.873171623163388,4.315789473684211,1.7013926184468013,4.76,2.3144473782453265,3.1,1.4473205733717958,3.375,1.746424919657298,3.55,2.1878853044122666,4.117647058823529,1.866894243830394,desasosegado
desasosegarse,3.9473684210526314,1.9285482222682524,4.631578947368421,2.1137256816602155,4.352941176470588,2.059768690611528,5.529411764705882,1.662740473541479,4.571428571428571,1.5991068935949397,4.294117647058823,1.992633492465214,4.176470588235294,1.5097720903188945,3.875,1.746424919657298,4.666666666666667,1.8387366263150304,desasosegarse
desasosiego,3.789473684210526,1.9882696935448683,3.6470588235294117,1.868862503991005,3.176470588235294,2.007339474206065,4.647058823529412,1.8007351439963426,4.578947368421052,1.8653504131242182,2.6,1.6026294183720637,3.142857142857143,1.98206241793023,3.4444444444444446,1.4641689962819195,4.388888888888889,1.8830166313622745,desasosiego
desazón,4.083333333333333,1.7816403745544227,2.857142857142857,1.9518001458970662,2.75,2.3145502494313788,3.142857142857143,1.772810520855837,4.5,2.195035721390843,2.3,1.2516655570345725,3.875,1.746424919657298,2.727272727272727,1.793929156399945,4.888888888888889,0.7817359599705713,desazon
desazonado,3.25,1.7701224063135672,2.875,2.100170061141308,2.857142857142857,1.9555500055421298,3.5555555555555554,2.0682789409984763,3.75,2.206052281036573,2,1.0377490433255416,3.0,1.889822365046136,2.3333333333333335,1.6583123951777,2.769230769230769,1.1657505560686465,desazonado
desazonarse,3.375,2.1339098923270936,3.5555555555555554,1.9436506316151003,2.9,1.523883926754995,4.3,2.263232692902394,3.7058823529411766,1.6110829386763792,2.75,1.6690459207925603,3.142857142857143,1.6104057232283404,2.4444444444444446,1.3333333333333333,4.4,1.4298407059684815,desazonarse
desconcertado,4.0476190476190474,1.7168631417847633,3.8636363636363638,1.9097607565310755,3.0476190476190474,1.8021151593666394,5.095238095238095,1.8413245749938256,4.739130434782608,1.8145220082922868,2.7142857142857144,1.4880476182856899,4.0,2.0670576365276494,3.6666666666666665,1.9061304607327731,4.6521739130434785,1.6406399985198101,desconcertado
desconcertante,3.6818181818181817,1.8869568253158469,3.8095238095238093,2.11232212550661,2.75,1.7997584378973221,3.8636363636363638,1.8072724659645996,4.384615384615385,1.8127751780498997,2.652173913043478,1.555304578536246,3.8636363636363638,1.8334317171555259,3.0952380952380953,1.8682816143387457,4.5,1.3954814298487213,desconcertante
desconcertarse,3.9523809523809526,2.0118695404073916,4.2272727272727275,1.7709781580707415,2.75,1.6819474927657678,4.571428571428571,1.8860389330930734,4.3478260869565215,1.7217511078754546,3.2857142857142856,1.647508942095828,3.9545454545454546,1.8892496048071754,3.6666666666666665,1.852925614624973,4.608695652173913,1.8025015555353923,desconcertarse
desconcierto,3.7142857142857144,1.8477785890862881,3.6818181818181817,1.9367710889731522,2.8947368421052633,1.5597270716416047,4.9,2.04939015319192,4.136363636363637,1.3902878956893898,3.238095238095238,1.3001831372834327,3.6956521739130435,1.8692434689587816,3.65,1.7851728502481654,5.043478260869565,1.4295028019803118,desconcierto
desconfiado,5.04,2.3359509127262643,4.304347826086956,1.6358145763084646,4.1,1.8035053587243286,5.55,1.932410548076105,4.086956521739131,2.1513852509543043,3.9047619047619047,1.8682816143387457,3.5,1.820930936000652,4.95,1.848897253129978,5.826086956521739,1.2667845448236075,desconfiado
desconfianza,4.2727272727272725,1.9562310259373321,5.045454545454546,1.731425856869274,3.761904761904762,2.427030323353252,6.318181818181818,1.210523839239841,4.958333333333333,1.2676293062133803,4.523809523809524,1.9904534061124772,3.782608695652174,1.97614228736722,4.5,2.373094803704315,5.571428571428571,1.7196345126633321,desconfianza
desconfiar,5.55,1.1909748329127618,4.391304347826087,1.5879984667608409,4,2.23606797749979,5.636363636363637,1.5289415743128771,4.714285714285714,1.6775832957816772,3.909090909090909,1.6877454928053721,,,5.761904761904762,1.3749458863810577,5.380952380952381,1.4992061391346583,desconfiar
desconsolado,4.045454545454546,2.0581376863394576,4.681818181818182,2.0560332505270256,3,2.04939015319192,6.090909090909091,1.2309149097933283,5.416666666666667,1.5298953265321549,3.380952380952381,1.9868616075658234,4.318181818181818,1.9367710889731522,3.7,1.8945906376340316,5.0476190476190474,1.4654757069358222,desconsolado
desconsolarse,3.96,2.3180451534284945,4.173913043478261,2.1669453555438456,4,2.077447826946374,5.5,1.7917941611104424,5.130434782608695,2.0517032353651694,3.142857142857143,1.98206241793023,3.55,1.7614288458371994,3.7,1.7198531149031608,4.782608695652174,1.8329440238224415,desconsolarse
desconsuelo,3.88,2.0880613017821097,4,2.2677868380553634,3.0526315789473686,1.985326287499427,5.684210526315789,1.8273426844874239,4.478260869565218,1.7804382815218003,2.9047619047619047,1.757975025555309,4.130434782608695,2.282429881947725,3.9,1.8324559303956278,4.6521739130434785,1.7737657847891128,desconsuelo
descontentar,3.6818181818181817,2.0327406701383803,3.9523809523809526,2.3124919562279667,3.1739130434782608,2.01476761378314,4.681818181818182,2.009178074934259,4.230769230769231,2.025985040570484,2.8260869565217392,1.8003073957987257,3.5,1.7621756887140216,3.5714285714285716,1.6300744943538188,4.15,1.6630662866176475,descontentar
descontento,4.190476190476191,1.7781745588959377,4.363636363636363,2.0129451189607854,2.9047619047619047,2.0224925687072846,5.238095238095238,2.0470652628766364,4.521739130434782,1.7804382815218003,3.238095238095238,1.9976176286957896,3.75,1.6181535936466533,3.4761904761904763,2.0400746951777924,4.7272727272727275,1.8563101696342252,descontento
descorazonado,3.789473684210526,2.0703984417503647,3.35,2.1830688201896455,2.6470588235294117,1.902011319320558,4.4,2.137386500526187,5.130434782608695,1.7136974334113448,3.4,1.9303667499917432,3.65,2.0332758116683998,3.85,2.1343062474478063,4.363636363636363,1.9159842564581968,descorazonado
descorazonarse,4.130434782608695,2.0737394380483285,3.727272727272727,1.931735419668473,3.7058823529411766,2.172691472642657,5.277777777777778,1.994272845677475,4.888888888888889,1.9670488163112865,2.9,1.3337718577107005,3.772727272727273,2.0220644373373933,4.4,1.4290224851827544,4.818181818181818,1.2587357087234727,descorazonarse
descuidado,3.8181818181818183,1.9429080716523297,4.857142857142857,1.7113069358158484,2.875,2.07075915505905,2.9545454545454546,1.7314258568692735,3.6538461538461537,1.9787330834108512,2.391304347826087,1.2335879094879225,2.8260869565217392,1.5270939101039858,2.7142857142857144,1.6168752933623898,3.5,1.538967528127731,descuidado
descuidarse,4.05,1.731290969494334,4.695652173913044,1.4904173487710706,3.0952380952380953,2.385471901003277,3.909090909090909,1.8493007921680615,2.5238095238095237,1.7210185245675778,2.909090909090909,1.874873733122184,3.3636363636363638,1.5900121157206721,3.7142857142857144,2.1010201603710787,4.142857142857143,1.9309509130403673,descuidarse
descuido,3.727272727272727,1.804275825757042,4.238095238095238,2.119074371152695,2.9583333333333335,1.8528278426483,3.1363636363636362,1.909760756531076,3.076923076923077,1.6714802283742853,2.347826086956522,1.3687650589349747,3.090909090909091,1.3059968245090434,3.0952380952380953,1.841324574993825,3.25,1.6503588126605426,descuido
desdén,3.5,2.0670576365276494,3,2.0701966780270626,2.5384615384615383,1.6132464481796023,3.6666666666666665,2.23606797749979,4.0,1.5811388300841898,2.5,1.4459976109624424,,,2.7333333333333334,1.667618775665584,4.5,1.4459976109624424,desden
desdeñado,4,1.348399724926484,4.75,1.7525491637693282,3.0714285714285716,1.8590438284354556,4.3,2.0575065816014617,3.2,2.5298221281347035,2.3,1.7029386365926402,3.3,1.567021236472421,2.4166666666666665,1.2401124093721456,3.923076923076923,1.7059473644448737,desdenado
desdeñar,3.6666666666666665,1.5055453054181618,2.5454545454545454,1.8635254955935734,3.4,1.7763883459298973,4.0,2.23606797749979,2.8,2.1499353995462798,2.7777777777777777,1.6414763002993509,2.3333333333333335,1.0327955589886446,2.375,1.3024701806293193,3.25,1.5811388300841898,desdenar
desdicha,3.6470588235294117,1.6934128435864448,3.210526315789474,1.7505220608093224,2.9411764705882355,2.0454396909739883,3.6315789473684212,2.060488785479727,3.9,2.04939015319192,2.1,1.6827296120792612,2.6666666666666665,2.0,3.1052631578947367,1.6962290477574484,3.125,1.4548768561863463,desdicha
desdichado,3.3333333333333335,1.983263304085802,2.9473684210526314,1.8096557134354563,3.142857142857143,1.65748386032949,4.352941176470588,2.2622217085916954,3.8095238095238093,1.8873009198071096,2.6,1.6670175069329816,2.9473684210526314,1.8995228702237106,3.1578947368421053,1.9224740395512594,4.476190476190476,1.4006801069140526,desdichado
desear,5,1.6733200530681511,5.2272727272727275,2.0220644373373933,5.285714285714286,1.41925533794512,5.9523809523809526,1.5961262630566069,5.739130434782608,1.1761799222424114,4.523809523809524,1.9395630337539334,,,5.285714285714286,1.874642823122772,4.782608695652174,1.8818878755878592,desear
desenamorado,4.043478260869565,2.0775479618042128,4.478260869565218,1.9038135226050255,3.1363636363636362,1.9831541626662395,5.363636363636363,2.237035762863215,5.2,1.3992479182911468,3.1666666666666665,1.8097962092016273,3.7,2.1051315748352692,5.4,1.6351404253232544,4.190476190476191,1.7210185245675778,desenamorado
desenamorarse,4.818181818181818,1.8162327215148664,4.954545454545454,2.0581376863394585,3.857142857142857,2.1514114968019085,6.545454545454546,1.2238608980744092,5.5,1.5879984667608413,3.4285714285714284,2.134746555716359,4.590909090909091,2.0156315543200254,4.85,2.1095023109728985,4.904761904761905,1.841324574993825,desenamorarse
desencantado,4.25,1.118033988749895,4.086956521739131,1.7815479346563374,2.2857142857142856,1.6775832957816772,4.590909090909091,2.1527190095781505,3.9047619047619047,1.9724290077151547,2.9523809523809526,1.7168631417847633,3.772727272727273,1.8754508837386326,4.0,1.8439088914585775,4.380952380952381,1.774153050787628,desencantado
desencantarse,3.8095238095238093,1.9904534061124772,3.6315789473684212,2.1137256816602155,2.9565217391304346,1.718304155253218,4.2727272727272725,1.9562310259373321,4.346153846153846,2.0187581864563704,2.3043478260869565,1.2945614423669665,3.608695652173913,2.0167284586402126,3.9523809523809526,2.1089378956287566,4.5,1.6383560438182505,desencantarse
desencanto,3.1363636363636362,1.7807289717965704,4.909090909090909,1.5708381417359556,2.857142857142857,1.9566735620873066,4.818181818181818,2.061815280543398,4.0,1.5603789952109879,2.7142857142857144,1.7647338933351153,3.1739130434782608,2.1245785445812215,3.210526315789474,1.4749368110164003,4.142857142857143,2.0805219125429626,desencanto
desenfadado,4.380952380952381,1.6575943555704598,3.9047619047619047,2.165750722146062,4.571428571428571,1.5675276256394521,5.285714285714286,1.9784553859730365,3.652173913043478,1.991086858344044,3.857142857142857,1.82443729093971,,,4.0,1.7888543819998317,4.0,2.0236694629405503,desenfadado
desenfadarse,4.76,1.9849433241279202,4.217391304347826,1.9058885243354806,5.05,1.5719582155957412,5.6,1.3917047478769178,4.217391304347826,2.08798558291632,4.380952380952381,1.3955712262794215,3.4,1.7591864148251213,5.4,1.6026294183720629,5.260869565217392,1.514097129835822,desenfadarse
desenfado,3.8636363636363638,2.099783538627472,4.5,1.819209666180292,4.8,1.8524521444205841,5.363636363636363,1.8138476479691703,4.0,1.6939791077198396,4.285714285714286,1.901127485016645,3.0869565217391304,1.6763879860706166,4.55,1.731290969494334,4.428571428571429,1.2478553029669979,desenfado
desengañado,3.782608695652174,2.2953811673788107,3.6956521739130435,1.8447661248342482,3.619047619047619,2.0365704131257156,5.0,1.927248223318863,4.4,1.788854381999832,3.4166666666666665,1.8862584696941067,4.0,1.8257418583505538,5.35,1.5985190514644279,4.857142857142857,1.3147514702678327,desenganado
desengañarse,4.260869565217392,1.9357261100482497,3.9130434782608696,1.755848499321388,4.571428571428571,1.6903085094570336,4.136363636363637,2.076981659488791,4.05,1.7614288458371994,3.3333333333333335,2.1196116680157253,4.136363636363637,1.7807289717965702,5.1,1.6189665319514621,4.761904761904762,1.3001831372834327,desenganarse
desengaño,4,1.8708286933869707,3.090909090909091,1.973855084879307,3.1904761904761907,2.11232212550661,5.142857142857143,2.0805219125429626,4.695652173913044,1.7693034738587656,3.7142857142857144,1.736169840276496,4.1,1.9439514830419644,4.666666666666667,1.932183566158592,4.090909090909091,2.158242029525108,desengano
deseo,5.55,1.3168942730211077,5.434782608695652,1.6466518911393768,5.380952380952381,1.6575943555704598,6.2272727272727275,1.4119158946291717,5.666666666666667,1.5916448515084423,4.454545454545454,1.9204977709728506,,,4.857142857142857,1.8516401995451028,5.523809523809524,1.6005951274150372,deseo
deseoso,4.521739130434782,1.9970333729034473,5,1.5666989036012806,4.954545454545454,1.3619759010270178,5.7727272727272725,1.0660035817780524,5.25,1.4823523268955432,4.375,1.8606333657491823,4.545454545454546,1.8186146670912193,4.95,1.7614288458371994,4.666666666666667,1.6832508230603467,deseoso
desesperación,4.681818181818182,1.7011582507043232,5.318181818181818,1.3933981633253434,2.857142857142857,2.1745278633697547,6.2727272727272725,1.2024506001859063,5.666666666666667,1.239448217578279,4.238095238095238,2.142539659020619,4.2,1.8524521444205841,3.4,1.9574419397183718,4.619047619047619,1.430950400125402,desesperacion
desesperado,5,1.8771812708978117,4.619047619047619,2.201730920802778,3,1.933683126777138,4.954545454545454,1.758713618834401,5.115384615384615,1.904246267202288,2.5217391304347827,1.3774008863003635,,,3.1904761904761907,1.8873009198071096,4.1,1.9166857359844667,desesperado
desesperanza,4.083333333333333,2.2050666295102532,3.9565217391304346,1.8458371067095627,3.2,2.2618111047751555,5.7,1.7800059136507331,4.521739130434782,2.019666156422692,2.9047619047619047,1.6402671094904604,3.5454545454545454,1.6250208123875336,3.15,1.9269556026896009,5.086956521739131,1.3112465782349279,desesperanza
desesperanzado,4.6,2.254624876411447,4.260869565217392,1.8394018618796069,3.55,2.2354794611117836,6.0,1.6858544608470492,4.956521739130435,2.077547961804212,2.8095238095238093,1.8335497707738293,3.9565217391304346,2.055552588159142,3.05,1.848897253129978,5.130434782608695,1.3916748518532016,desesperanzado
desesperanzarse,4,1.7638342073763937,4.478260869565218,1.377400886300364,3.1904761904761907,2.1358615970855324,5.636363636363637,1.8138476479691703,4.333333333333333,2.19848432637882,2.9545454545454546,1.963409879515318,4.15,1.6944180805158295,3.9523809523809526,1.8021151593666394,4.85,1.755442664221313,desesperanzarse
desesperar,4.608695652173913,1.499670583063997,4.6521739130434785,2.0803997791546505,2.7142857142857144,2.1010201603710787,4.954545454545454,2.0581376863394585,4.95,1.5381123085406379,2.9166666666666665,1.886258469694107,3.409090909090909,2.0391195791342542,4.5,1.7320508075688772,4.428571428571429,2.0632844828435215,desesperar
desestabilizado,4.2272727272727275,1.9006720160390937,4.476190476190476,2.2275333357561142,2.869565217391304,2.4178192245020185,4.318181818181818,1.961203800302341,5.0,1.7435595774162693,2.4782608695652173,1.754722594428877,3.15,1.9540780569443943,2.761904761904762,2.119074371152695,4.25,1.9701723141310308,desestabilizado
desestabilizarse,4.68,2.0355179521029374,4.521739130434782,1.7547225944288773,2.761904761904762,1.9210612146613626,4.7,2.202868942753374,4.565217391304348,1.9499670616453952,2.9523809523809526,1.6271505915615334,3.6363636363636362,1.3289972784899768,3.4285714285714284,1.9123657749350298,5.130434782608695,1.486434043611725,desestabilizarse
desgana,3.5,2.0644381225662256,4.590909090909091,1.816828500675229,2.761904761904762,1.9976176286957896,4.809523809523809,2.0644381225662256,5.125,1.4237885773679595,3.5238095238095237,2.4211370803621928,3.6363636363636362,1.705605730844883,2.8,1.361114094757441,4.0476190476190474,1.8021151593666394,desgana
desganado,3.869565217391304,1.8415494421345542,4.260869565217392,1.601629604903814,2.9523809523809526,2.178903175365773,4.904761904761905,2.165750722146062,5.05,1.6050905860647502,2.8333333333333335,1.7856107630448046,3.590909090909091,2.0156315543200254,4.25,2.173403830521681,3.6,1.6351404253232553,desganado
desganarse,4.25,1.8317377426626162,4,1.9306145983268455,2.4210526315789473,1.7737527534606836,4.909090909090909,1.9250007027603153,4.8,2.015727634065883,2.6363636363636362,1.5900121157206721,3.55,1.8202082009311027,3.380952380952381,1.7168631417847633,4.285714285714286,1.901127485016645,desganarse
desgracia,3.909090909090909,1.973855084879307,3.5714285714285716,2.2488092087019873,3.3333333333333335,2.334368300487059,4.409090909090909,2.1304837570282102,4.423076923076923,2.352412836609713,2.3043478260869565,1.5502135515263593,4.090909090909091,1.7970635017820682,3.0,1.9235384061671346,3.25,1.8027756377319946,desgracia
desgraciado,3.772727272727273,2.1806905455408514,4.454545454545454,1.8702501163843026,2.619047619047619,1.9868616075658234,5.318181818181818,1.8357913471116125,4.083333333333333,1.9541854005467711,3.3333333333333335,2.1984843263788196,3.6363636363636362,1.839913417876337,2.9,1.970840055995359,4.333333333333333,2.1756225162774294,desgraciado
desgraciar,3.15,1.6630662866176475,3.272727272727273,2.271601452758199,2.4,2.1618705350983243,3.0476190476190474,2.201730920802778,4.086956521739131,2.0870388653056855,1.8095238095238095,1.4006801069140526,3.2,1.7651599003161753,3.8095238095238093,1.7498299237082335,3.142857142857143,2.1974010622941433,desgraciar
deshonra,3.7142857142857144,2.1480888515807983,2.590909090909091,1.8428521091243042,3,2.04939015319192,4.285714285714286,2.4524040683145416,3.8260869565217392,1.874522337048791,3.5238095238095237,2.204972734957229,2.5454545454545454,1.1009637651263608,4.0476190476190474,2.3124919562279667,3.652173913043478,2.0803997791546505,deshonra
deshonrado,3.5652173913043477,2.1705903461023883,3.3043478260869565,2.0323471117426513,2.727272727272727,1.9804236723685977,4.454545454545454,2.1979919997963666,3.55,2.0384462607326044,2.625,1.8838558977475588,3.5217391304347827,2.06418738616856,4.05,1.932410548076104,4.2105263157894735,1.750522060809322,deshonrado
deshonrar,4,1.8637822325921867,2.9565217391304346,1.7959110341795184,3,2.224268064117415,4.681818181818182,2.1687469201046032,2.857142857142857,1.7968225924034429,3.772727272727273,2.467538163584221,,,4.428571428571429,1.9383350734955136,4.142857142857143,1.9309509130403673,deshonrar
desidia,3.5714285714285716,1.5118578920369086,4.222222222222222,1.3017082793177752,2.4285714285714284,1.2724180205607036,3.2222222222222223,2.386303510546059,4.857142857142857,0.8997354108424377,4,2.449489742783178,3.0,2.041241452319315,2.4,1.51657508881031,4.571428571428571,1.6183471874253745,desidia
desilusión,4.095238095238095,1.9469145308606102,4.681818181818182,1.9120261912024519,3,2.1213203435596424,5.428571428571429,1.989256860524265,5.521739130434782,1.201119372516976,3.619047619047619,2.0365704131257156,4.136363636363637,1.5521246435421698,4.333333333333333,1.8797162906495581,4.869565217391305,1.2174618838941842,desilusion
desilusionado,4.6,1.6670175069329816,5.086956521739131,1.4744195615489715,2.4761904761904763,1.8335497707738293,5.954545454545454,1.758713618834401,4.857142857142857,1.621286966755555,3.3181818181818183,1.9120261912024523,4.636363636363637,1.7874018000453042,4.238095238095238,1.757975025555309,5.190476190476191,1.691716513457488,desilusionado
desleal,4.8,2.273030282830976,3.4347826086956523,1.902775173183578,3.05,2.282081229238369,4.2,1.96281216089247,3.608695652173913,1.8025015555353923,3.0952380952380953,2.385471901003277,,,4.9,2.468752081944492,5.434782608695652,1.1609591237233645,desleal
deslealtad,4,2.04939015319192,3.272727272727273,1.8304779022564985,2.857142857142857,2.3934434249782113,4.285714285714286,2.0770858707058104,3.5652173913043477,1.9731397903876624,3.7142857142857144,2.591193878173865,4.2727272727272725,1.931735419668473,5.190476190476191,2.1123221255066094,3.9565217391304346,2.3832418881081296,deslealtad
deslumbrado,3.1052631578947367,1.594948165026941,3.739130434782609,2.178769279460891,2.9047619047619047,1.6402671094904604,3.590909090909091,1.7364191645888716,3.4761904761904763,1.8873009198071096,2.6666666666666665,1.7981471945681569,4.304347826086956,2.457544646939218,3.0476190476190474,2.0118695404073916,3.7142857142857144,2.1010201603710787,deslumbrado
deslumbramiento,3.142857142857143,1.7113069358158486,4.136363636363637,1.9097607565310755,4.095238095238095,1.6402671094904604,3.0,2.0248456731316584,3.3157894736842106,1.7337381443621682,3.2083333333333335,1.8876985450811392,,,3.15,1.565247584249853,3.05,1.6050905860647502,deslumbramiento
deslumbrarse,3.238095238095238,1.9976176286957896,4.478260869565218,1.8554481256654882,4,1.7182493859684491,3.7142857142857144,2.239260081876537,3.35,1.598519051464429,3.0833333333333335,1.9318084941243567,4.695652173913044,2.141256695763997,2.95,2.0641042405337657,3.1,1.6189665319514632,deslumbrarse
desmoralizado,4.15,1.8144159564878983,4.391304347826087,1.8025015555353923,2.7,1.8945906376340316,5.318181818181818,1.8869568253158469,4.285714285714286,2.02837021134844,2.9545454545454546,2.034869194983462,3.8260869565217392,2.0147676137831394,3.1904761904761907,1.6315344807587617,4.75,1.943274501832843,desmoralizado
desmoralizarse,3.4761904761904763,2.1591444513753038,4.045454545454546,2.2355839277100507,2.95,2.0641042405337657,4.65,2.207046132634963,5.090909090909091,1.508991808147506,3.238095238095238,2.142539659020619,3.772727272727273,1.8498859213686456,3.3333333333333335,1.7981471945681569,4.909090909090909,1.715728108915555,desmoralizarse
desmotivación,4.090909090909091,2.2658771224846097,4.523809523809524,2.27198256197198,3.0833333333333335,2.3203572938266412,5.090909090909091,1.9250007027603153,4.884615384615385,1.7510436448455096,2.608695652173913,1.5591119393827024,4.2,1.7350868323485926,2.761904761904762,1.757975025555309,4.7,1.490319640741189,desmotivacion
desmotivado,4.9523809523809526,1.8567765206451337,4.2272727272727275,2.1141657857644396,3.1904761904761907,2.400396792595916,5.285714285714286,2.2614786566062737,5.043478260869565,1.7959110341795177,3.1904761904761907,1.9904534061124772,3.8260869565217392,2.081349516606156,3.2857142857142856,1.9784553859730356,5.043478260869565,1.521908516829062,desmotivado
desmotivarse,3.9130434782608696,1.928566200298244,3.869565217391304,1.7915038838941728,2.8181818181818183,2.461829819586655,5.363636363636363,2.237035762863215,5.35,1.2258187382102486,2.9583333333333335,1.8292114401439827,3.909090909090909,1.7432616094439293,4.5,1.9867985355975657,4.571428571428571,1.8593393604027368,desmotivarse
desolación,3.772727272727273,1.7163587753985023,3.5,2.3825344883621926,2.8181818181818183,2.0150945537631877,5.454545454545454,1.6826077472687546,4.576923076923077,1.8148956316676044,2.5652173913043477,1.5616450230015821,4.045454545454546,1.7855844108615218,3.4761904761904763,1.9136103997169231,3.4,1.6982963599783725,desolacion
desolado,3.8636363636363638,1.8334317171555259,4.818181818181818,1.842264745887353,2.75,2.1244194253340942,6.142857142857143,1.6518388022356867,4.875,1.4836060651405207,3.5714285714285716,1.9383350734955136,4.190476190476191,1.569045812557671,3.7,1.922169826551562,4.809523809523809,1.9136103997169231,desolado
desolar,3.65,1.8144159564878983,3.2222222222222223,2.157219221878442,2.210526315789474,1.3975751766073288,4.631578947368421,2.033347713495311,4.454545454545454,2.1979919997963666,2.2857142857142856,1.52127765851133,3.380952380952381,1.4654757069358222,3.263157894736842,1.6276126096272243,3.4545454545454546,2.2409027247172113,desolar
desorientación,3.3636363636363638,2.059714602177749,3.761904761904762,2.2782616597915593,3.0416666666666665,1.6010639578422374,3.1818181818181817,1.9913231694950886,4.576923076923077,1.8798526947200285,2.217391304347826,1.3469332756346388,3.8181818181818183,1.5003607069909055,2.142857142857143,1.5259657363687522,3.65,1.899445902583726,desorientacion
desorientado,3.347826086956522,1.8242980132387139,4,1.8586407545691703,3.272727272727273,1.931735419668473,4.090909090909091,2.2658771224846097,5.3,1.5593520921743182,2.7916666666666665,1.6675722177612806,3.5454545454545454,1.6540649128527982,3.7,1.750187959830841,3.6666666666666665,1.8797162906495581,desorientado
desorientarse,3.9545454545454546,2.0348691949834614,4.318181818181818,2.0560332505270256,3.238095238095238,2.165750722146062,3.4545454545454546,2.219551064158454,3.75,2.026991774076529,2.761904761904762,1.7292993351285917,3.409090909090909,1.4690162211523254,2.15,1.0894228312566052,4.571428571428571,1.6903085094570336,desorientarse
despistado,4.181818181818182,1.9672645653622365,4.238095238095238,2.508082173788608,3.3333333333333335,1.7610932046210155,3.090909090909091,2.091003197581097,3.730769230769231,2.1458367562830554,2.782608695652174,1.3802674885401558,,,2.5238095238095237,1.4006801069140526,4.25,1.6503588126605426,despistado
despistar,4.391304347826087,2.2510427974361855,3.391304347826087,1.9006967725925858,3.3181818181818183,1.8096662053792616,2.4545454545454546,1.5954480704349314,2.4,1.3138933706635725,2.5833333333333335,1.7173454405910422,,,3.5,1.6059101370939324,3.65,1.8431951662948316,despistar
despiste,3.590909090909091,2.1527190095781505,4.045454545454546,1.863873915807068,3.0476190476190474,1.6874889770363088,2.8636363636363638,2.0306099141333434,3.3333333333333335,1.8097962092016269,3.4285714285714284,2.014235055087379,3.25,1.9701723141310308,2.9,1.5183093090324966,3.4285714285714284,1.8322507626258084,despiste
despreciable,3.6818181818181817,1.9367710889731522,3.380952380952381,2.2688364964490164,2.5,1.8177865182927715,4.636363636363637,1.9650628136199262,4.076923076923077,2.365131318520423,2.0434782608695654,1.460954260673022,4.608695652173913,2.2510427974361855,3.238095238095238,1.9976176286957896,4.3,1.8945906376340316,despreciable
despreciado,3.5238095238095237,1.9904534061124772,3.590909090909091,2.32295154837631,2.7142857142857144,2.02837021134844,5.095238095238095,2.0470652628766364,4.434782608695652,1.7009646182125802,2.619047619047619,1.9358768162305804,4.565217391304348,2.2120760910084147,4.476190476190476,1.8606194564995717,3.869565217391304,2.1596369186864166,despreciado
despreciar,4.636363636363637,1.7874018000453042,4.590909090909091,1.9918665787478005,2.5714285714285716,2.134746555716359,6.0,1.4142135623730951,4.666666666666667,1.5227739752537626,3.3333333333333335,2.394437999475729,,,4.05,2.163695668842645,4.9523809523809526,1.9358768162305804,despreciar
desprecio,5.08,2.1587033144922905,4.565217391304348,1.9265156242794623,2.8,1.96281216089247,4.95,2.0641042405337657,4.782608695652174,1.7826568970635437,2.9523809523809526,1.6271505915615334,,,4.4,2.2337129816094383,5.173913043478261,1.5270939101039862,desprecio
despreocupación,4.181818181818182,2.0150945537631877,3.4782608695652173,1.8554481256654882,3.909090909090909,1.7703669490247307,5.0,2.246690688016276,4.55,1.6375527311718607,3.7083333333333335,2.176538269955231,4.85294117647059,2.20374822492479,4.5,1.7621756887140216,4.666666666666667,1.7126976771553508,despreocupacion
despreocupado,4.92,2.1587033144922905,4.391304347826087,1.7771051648111367,4.6,1.788854381999832,5.25,2.022895267471328,4.130434782608695,1.8660689801653043,3.8095238095238093,1.8060744065250363,,,4.0,2.176428750330035,4.695652173913044,1.6633695978261513,despreocupado
despreocuparse,4.36,2.2891046284519194,3.9565217391304346,1.821045176154847,4.35,1.8715318802914818,4.3,1.688973528196155,3.652173913043478,1.8242980132387139,3.4285714285714284,1.9892568605242655,3.4545454545454546,1.5345938729769366,4.25,1.996707816698066,5.130434782608695,1.4239620725952367,despreocuparse
destrozado,4.24,2.1268129521265693,5.130434782608695,2.0737394380483276,3.1,1.8609561775433732,5.7,1.6575187543592482,4.826086956521739,2.0372033841662693,2.857142857142857,1.9048809486609468,4.2727272727272725,1.931735419668473,3.4,2.036508880671192,4.782608695652174,1.7826568970635437,destrozado
destrozarse,4.05,1.9861361590045288,4.869565217391305,1.8660689801653036,3.238095238095238,2.165750722146062,5.045454545454546,2.2141809778329784,3.8095238095238093,2.2498677209793385,2.5454545454545454,1.7654696590094991,4.136363636363637,1.7537837882012635,3.4761904761904763,2.0644381225662256,4.095238095238095,2.0224925687072846,destrozarse
detestable,4.2,2.101586702153082,4.045454545454546,1.6176783106919361,3.05,1.7910596686995397,4.052631578947368,2.414624061158413,4.086956521739131,2.0206444399174166,2.0476190476190474,1.2835961388299078,4.2727272727272725,1.804275825757042,3.15,2.1095023109728985,5.043478260869565,1.6645572949412974,detestable
detestado,4,2.2253945610567474,3.6956521739130435,1.8447661248342482,2.3157894736842106,1.6684201302412267,4.421052631578948,1.8353258709644944,4.130434782608695,2.0737394380483285,2.75,1.6503588126605426,3.5238095238095237,1.6618979396776332,3.55,2.0894471693929497,4.956521739130435,1.5805137504669224,detestado
detestar,3.739130434782609,2.1152560838809222,3.391304347826087,1.8275450606254828,3,1.927248223318863,4.454545454545454,2.539727633077305,5.45,1.4317821063276361,2.625,2.1226009475661445,,,5.3,1.6889735281961558,4.9,1.8035053587243286,detestar
devastación,3.9444444444444446,2.0996420485468814,3.75,1.9159991209755154,2.75,2.0742785683093214,3.9411764705882355,2.435944073539408,4.791666666666667,1.5030162910010305,2.8,2.0416711421361615,4.35,1.8431951662948316,2.125,1.408308678285174,3.8421052631578947,1.8337320140672697,devastacion
devastado,4.083333333333333,2.0412414523193148,4.238095238095238,2.0713464679952,3.2777777777777777,2.080880909489326,5.526315789473684,1.8964417280976955,5.0,2.200478416880723,2.4,1.3917047478769187,4.2727272727272725,1.8563101696342252,3.1052631578947367,1.6631541934965106,5.136363636363637,1.355604048998947,devastado
devastar,3.526315789473684,1.8369183449048443,3.3,1.5593520921743174,2.4761904761904763,1.7781745588959377,3.7058823529411766,1.9610171430393253,3.6,2.137386500526187,2.2222222222222223,1.165966176260275,,,2.9523809523809526,2.0365704131257156,3.272727272727273,1.9069251784911847,devastar
dicha,2.727272727272727,1.608957609368435,2.625,1.9958289839896939,3.761904761904762,2.2782616597915593,3.45,2.0641042405337657,3.5833333333333335,2.165272684236664,2.888888888888889,1.7111705277859943,,,2.6842105263157894,2.358262815882049,2.8947368421052633,1.7286711930171252,dicha
dichoso,3.409090909090909,2.218087784537262,3.8095238095238093,2.0644381225662256,4.7272727272727275,1.8563101696342252,3.5714285714285716,2.3145502494313788,3.75,2.197486602557807,3.3636363636363638,1.8909673650694174,,,4.2105263157894735,2.2255822551119078,3.6,1.729009451741235,dichoso
disconforme,4.454545454545454,1.6826077472687537,4.55,2.0894471693929497,3.6666666666666665,2.057154359296116,3.9545454545454546,1.8381479480139453,4.269230769230769,1.8451599888940216,4,1.5374122295716148,3.590909090909091,1.7364191645888716,3.7142857142857144,1.820517979665599,5.15,1.7851728502481645,disconforme
disconformidad,5.136363636363637,1.390287895689391,4.3,2.273416163537063,3.9583333333333335,2.0319013727063124,4.380952380952381,1.8021151593666394,3.8461538461538463,2.0917420049768602,4.565217391304348,1.6188123299764539,4.045454545454546,1.812056782650528,3.85,1.7252002172135514,5.25,1.5852942612451615,disconformidad
disforia,3.8333333333333335,1.8989630344113086,3.5454545454545454,1.863525495593573,3,2.0816659994661326,5.25,2.3754698783308417,5.0,2.3804761428476167,2.6363636363636362,2.013590190318143,3.3125,1.352466881911223,2.75,1.712255291076124,4.625,1.8468119248354136,disforia
disfórico,2.7777777777777777,1.7873008824606014,4,1.8586407545691703,3.8,2.2803508501982757,3.0,1.7320508075688772,4.0,2.449489742783178,1.9090909090909092,1.1361818036340356,3.9166666666666665,1.9752253419585195,3.5,1.7728105208558367,4.384615384615385,1.8045526471705544,disforico
disfrutar,6,0.9759000729485332,6.090909090909091,0.9211323729436779,6.714285714285714,0.5606119105813903,5.7272727272727275,2.0043243293728734,5.083333333333333,1.7672544824662642,5.190476190476191,2.0644381225662247,,,5.75,1.3717065820970682,5.0476190476190474,1.6575943555704598,disfrutar
disfrute,4.363636363636363,1.7605587464118029,4.809523809523809,1.9395630337539334,6,1.0215078369104984,5.75,1.6181535936466533,5.615384615384615,1.5767542123469491,4.913043478260869,1.7815479346563374,4.739130434782608,2.1152560838809222,4.523809523809524,2.11232212550661,4.85,1.755442664221313,disfrute
disgustado,3.9565217391304346,1.8458371067095627,4.478260869565218,2.1715006377532675,3.5,2.345207879911715,5.590909090909091,2.0391195791342547,5.85,0.9880869341680831,2.4583333333333335,1.6145847942957394,,,5.05,1.9049796241485242,4.428571428571429,1.9892568605242658,disgustado
disgustarse,4.636363636363637,1.733300032980154,5.181818181818182,1.789822115033559,3.3333333333333335,2.37346441585572,6.181818181818182,1.220318601504332,5.416666666666667,1.5012072436561845,3.9047619047619047,2.188715648611347,4.3478260869565215,2.123648140094046,4.2,1.7044832524535805,4.857142857142857,1.6518388022356867,disgustarse
disgusto,4.5,1.6832508230603465,4.954545454545454,2.0581376863394585,3.142857142857143,2.104417123236605,5.954545454545454,1.2527027058580464,5.416666666666667,1.2825472842090018,3.761904761904762,2.3001035173392066,4.2,1.935812083093974,4.0,1.8637822325921867,4.809523809523809,1.600595127415038,disgusto
displacer,3.25,1.9493588689617927,3.625,2.0615528128088303,2.5,1.4605934866804429,4.714285714285714,2.12778582744423,4.666666666666667,2.0330600909302543,2.8333333333333335,1.7573375583870183,3.9047619047619047,1.7001400502535637,3.3,1.9761738683361685,4.2631578947368425,2.1040201008534405,displacer
displicente,3.5714285714285716,1.9023794624226835,2.8,2.4899799195977463,3,1.4142135623730951,3.2222222222222223,1.7159383568311668,2.6,1.341640786499874,4,2.160246899469287,2.2857142857142856,1.6035674514745464,4.0,2.2038926600773587,4.0,1.0,displicente
dispuesto,5.56,1.157583690279022,4.173913043478261,2.0147676137831394,5.4,1.2311740225021839,4.4,2.257152374587339,4.043478260869565,2.099312893426306,4.857142857142857,1.5259657363687522,,,4.8,2.015727634065883,5.086956521739131,1.6763879860706166,dispuesto
distraído,4.666666666666667,1.9061304607327731,3.5454545454545454,1.6540649128527982,3.3333333333333335,1.6832508230603462,3.3333333333333335,1.7416467303484173,4.260869565217392,1.8639496507135744,3.619047619047619,1.9098740920854045,,,3.1904761904761907,2.0400746951777924,4.391304347826087,2.0167284586402126,distraido
disuadido,4.2105263157894735,2.1493913187076177,2.4705882352941178,1.5458673560021057,3.090909090909091,1.513574937328539,3.533333333333333,1.7265434778633233,3.0625,1.4818344486930155,2.933333333333333,1.8309508328682538,2.8333333333333335,1.2947859237091257,3.7222222222222223,1.903728711380891,4.647058823529412,1.5788119136944492,disuadido
diversión,6.1,0.9679060415469858,5.6521739130434785,1.7217511078754553,6.238095238095238,0.88908727944797,6.181818181818182,1.4019158196439487,5.285714285714286,1.764733893335116,4.863636363636363,1.8334317171555266,,,5.619047619047619,1.9098740920854045,4.428571428571429,1.9892568605242658,diversion
divertido,4.454545454545454,1.8186146670912193,5.142857142857143,2.1745278633697542,5.791666666666667,1.1025333147551275,5.409090909090909,1.7364191645888725,5.153846153846154,1.9736728744613719,5.043478260869565,1.6916441939874298,,,5.238095238095238,1.2208506012105629,4.3,1.866604008973459,divertido
divertir,5.7727272727272725,1.4119158946291717,5.7727272727272725,1.5409279264322764,6.619047619047619,0.5895922723535716,5.590909090909091,1.7364191645888725,4.375,1.9067956275430755,4.857142857142857,2.0805219125429626,,,5.9,1.1192102478745296,4.904761904761905,1.6402671094904604,divertir
dócil,3.727272727272727,1.9562310259373321,3.55,2.350251946180731,3.4782608695652173,1.8797863809339252,3.8095238095238093,1.8873009198071096,3.769230769230769,2.065094521956655,4.043478260869565,1.3973436119868565,2.869565217391304,1.7915038838941726,3.0952380952380953,1.4800257398019097,3.7,1.8945906376340316,docil
docilidad,4.4,1.6982963599783725,2.8,1.935812083093974,3.95,1.5035046776746235,3.6842105263157894,1.634782743939708,4.045454545454546,1.703701089568649,3.619047619047619,1.9868616075658234,3.210526315789474,1.873171623163388,3.7777777777777777,1.6996731711975945,3.909090909090909,1.9001025262836766,docilidad
doler,4.55,1.5035046776746235,5.954545454545454,1.4953028910326958,3.238095238095238,2.4678890150240123,5.454545454545454,1.9204977709728512,5.428571428571429,2.11119465164699,3,1.7728105208558367,,,3.7142857142857144,1.901127485016645,4.0,2.3021728866442674,doler
dolido,4.68,2.304343724360583,5.130434782608695,1.5755041855657435,4.15,2.0332758116683998,6.1,1.7137217117324375,5.739130434782608,1.4528151763933677,3.4761904761904763,2.0154167712671147,5.2272727272727275,1.6015414652562279,4.25,2.1490511982341367,5.478260869565218,1.2383847697483463,dolido
dolor,4.545454545454546,1.7382879570557408,5.523809523809524,1.5368489717290894,3.5416666666666665,2.084709690281508,5.090909090909091,2.1801942008102753,5.923076923076923,1.7417939470115724,2.608695652173913,1.4377738611789157,,,3.0952380952380953,1.6704718466577608,4.1,1.8035053587243286,dolor
dolorido,4.476190476190476,1.6917165134574887,4.818181818181818,2.0150945537631877,2.9523809523809526,2.201730920802778,5.380952380952381,1.9615348703551125,6.260869565217392,1.0538842141140992,3.0952380952380953,2.0713464679952,5.0,1.2139539573337679,3.380952380952381,2.085094493690645,4.043478260869565,1.8944478895773593,dolorido
doloroso,4.2727272727272725,2.0279433208435864,5.619047619047619,1.5321941938341392,3.2083333333333335,2.2453655975512468,5.545454545454546,1.8702501163843033,5.346153846153846,2.0965172585468057,2.347826086956522,1.433644296322992,6.045454545454546,0.8985317508910352,3.0476190476190474,2.0365704131257156,3.8,1.935812083093974,doloroso
dramático,5.04,1.7672954855748755,4.304347826086956,2.141256695763997,3.45,1.7910596686995397,5.35,2.033275811668399,4.826086956521739,1.800307395798726,3.9523809523809526,1.9615348703551125,4.409090909090909,1.7364191645888716,4.15,1.9540780569443943,5.173913043478261,1.3702081432144633,dramatico
duda,4.32,2.4447222064411873,3.6956521739130435,1.8934044040178395,3.95,1.4680814547887784,3.95,2.0124611797498106,3.8260869565217392,1.9224079103855776,3.4761904761904763,1.7498299237082335,2.8,1.8524521444205841,3.25,1.7733405882980469,5.391304347826087,1.7251911734588252,duda
dudoso,4.88,1.9857828011475305,4.478260869565218,1.7021260827509308,4,1.9466570535691503,4.3,1.838191330743634,3.869565217391304,1.9610838335908902,3.9047619047619047,1.6704718466577608,3.3636363636363638,1.5597757636597747,2.95,1.6375527311718607,5.608695652173913,0.8913284485317725,dudoso
duelo,4.956521739130435,1.8703004345331842,3.782608695652174,2.173320077232704,3.4545454545454546,2.1095536139706073,4.136363636363637,2.4745457408131744,4.3,2.202868942753374,3.1739130434782608,1.7748796095675048,,,5.3,1.6889735281961558,4.190476190476191,2.1591444513753038,duelo
dureza,4.523809523809524,2.0154167712671147,4.454545454545454,2.1542266920388484,4.095238095238095,1.6704718466577608,3.380952380952381,1.5961262630566069,3.5652173913043477,2.1705903461023883,4.380952380952381,1.8296499795368097,3.869565217391304,2.282429881947725,3.2857142857142856,1.3093073414159542,3.391304347826087,2.083247692574409,dureza
duro,3.227272727272727,2.245245096003005,4.045454545454546,2.103902784447733,3.857142857142857,1.7402791237532638,2.8636363636363638,2.007022303846803,3.0,1.8650096164806276,3.1904761904761907,2.0644381225662256,,,2.55,1.6050905860647502,3.4761904761904763,1.8873009198071096,duro
efervescencia,3.6818181818181817,2.124379206494691,3.0625,2.2940139493908926,2.769230769230769,1.535895295576609,2.7058823529411766,2.023755972268919,3.263157894736842,2.305599590927317,2.6470588235294117,1.5387160422974504,3.5652173913043477,2.106830600182562,2.2222222222222223,1.7339365466222858,3.3333333333333335,1.8797162906495577,efervescencia
efervescente,1.6842105263157894,1.335524515310053,2.590909090909091,2.1304837570282102,2.7222222222222223,1.487420014875958,2.263157894736842,1.7269789055894336,3.2,2.330574810506717,2.4761904761904763,2.0644381225662256,3.5,2.0644381225662256,1.6875,1.25,2.235294117647059,1.6019289842524966,efervescente
efusión,4.866666666666666,1.9952324127660872,4.176470588235294,1.878672873255449,4.615384615384615,1.7577666482623884,5.357142857142857,1.691933025458562,4.75,1.5275252316519468,3.473684210526316,1.8064212949190013,4.333333333333333,1.909727421264462,4.416666666666667,1.729862492345632,4.285714285714286,2.1636355241395626,efusion
efusividad,5.2631578947368425,1.3679711361135398,5.111111111111111,1.996729351858975,4.739130434782608,1.601629604903814,5.4,1.3138933706635716,5.304347826086956,1.6633695978261505,4.15,1.6311119875071343,4.578947368421052,1.9526560109440743,3.5,1.9330913339165219,4.842105263157895,1.6419215671732126,efusividad
efusivo,5.052631578947368,1.4327007988227582,4.947368421052632,1.7786912857655994,4.277777777777778,1.363626460649325,5.35,1.6311119875071336,5.1,1.6511558949637923,4.526315789473684,1.428613199055161,4.894736842105263,1.594948165026941,4.0,2,5.1875,1.5152007567755943,efusivo
embelesado,3.388888888888889,1.685191170474659,3.5833333333333335,1.9286515936521476,2.857142857142857,1.4064216928154862,5.166666666666667,1.6422453217986948,4.2631578947368425,1.910267731763677,3.75,1.8439088914585775,3.8,1.820517979665599,3.5,1.8257418583505538,3.7,1.809332531771403,embelesado
embelesamiento,4,1.4142135623730951,4.333333333333333,1.7182493859684487,2.9,1.523883926754995,4.2,2.097617696340303,4.294117647058823,1.7235394498804244,2.6,2.0632844828435215,2.9473684210526314,1.747178176073456,3.4705882352941178,2.0036730976766,4.5,1.5063966175050876,embelesamiento
embelesarse,4.230769230769231,1.3634420996046588,4.0625,1.9137659209004638,4,1.632993161855452,4.5,1.509230856356236,4.352941176470588,1.6560939160637989,3.125,2.0289570391377603,3.7,1.7198531149031608,3.4,1.7647338933351153,5.5,1.0190493307301363,embelesarse
embeleso,3.6153846153846154,2.02231144726612,4.777777777777778,1.4813657362192643,3.272727272727273,2.0045403009622476,4.555555555555555,1.9436506316151003,3.6666666666666665,1.8387366263150309,3.4166666666666665,1.6764862244009222,3.4,1.992844341996778,3.6,1.9550504398153574,4.3076923076923075,2.015961945102775,embeleso
embriagado,4,2.1081851067789197,4.666666666666667,2.0291986247835694,3.411764705882353,2.0328189641914673,4.4,2.2337129816094383,5.2631578947368425,1.3679711361135398,2.15,1.6311119875071343,4.2105263157894735,1.8432744827381107,3.857142857142857,1.7913099142223294,3.5,1.7126976771553504,embriagado
embriagarse,4.2105263157894735,2.0160177294309976,4.571428571428571,2.4087751663859795,2.6956521739130435,1.6633695978261513,3.111111111111111,1.6047315659302057,4.416666666666667,2.0624313778658907,2.9473684210526314,1.985326287499427,3.6666666666666665,2.275185835978084,3.263157894736842,1.9675733859858355,3.3157894736842106,1.7966831037883662,embriagarse
embriago,4.333333333333333,2.275185835978084,4.0625,2.0155644370746373,3.1176470588235294,1.3173056280328639,3.142857142857143,2.2138425646596693,4.555555555555555,1.8541597818775022,2.7058823529411766,1.7235394498804248,3.6875,1.8518009252256753,3.7222222222222223,2.080880909489326,2.6875,1.9224550276491081,embriago
emoción,5.81578947368421,1.62506154823806,6.05405405405405,1.35289701394095,6.31428571428571,0.963187983955871,6.32258064516129,1.13686987746161,6.54545454545455,0.616994180022647,6.23076923076923,1.38528998411198,5.636363636363637,1.5289415743128771,6.09756097560976,1.4967444345776,6.4,1.1017227888395,emocion
emocionado,5.32,1.6512621435334454,5.782608695652174,1.704446637451859,5.45,0.9986833437344562,6.85,0.48936048492959044,6.260869565217392,1.0961665145715696,4.904761904761905,1.813966976126134,5.409090909090909,1.8685133104535256,5.65,1.980829172474576,5.782608695652174,1.3802674885401558,emocionado
emocional,4.217391304347826,2.0216222500108993,4.913043478260869,1.5929687401561352,6.045454545454546,0.9500512631418394,6.590909090909091,0.6661253213344664,5.55,2.0124611797498115,5.208333333333333,1.9105921382756137,,,5.9,1.2096106376585978,5.285714285714286,1.5537971921347125,emocional
emocionante,6,1.3093073414159542,5.5,1.7389104415724013,5.857142857142857,1.388730149658827,6.545454545454546,0.8578640544577782,5.458333333333333,1.318073913170165,5.238095238095238,1.8139669761261346,5.45,1.0990426455975708,5.3,1.525226471535846,5.285714285714286,1.4880476182856908,emocionante
emocionarse,5.76,1.4514360704718152,5.826086956521739,1.4663552190579539,5.9,1.1192102478745296,6.85,0.48936048492959044,6.217391304347826,1.3802674885401558,5.285714285714286,1.6168752933623907,4.956521739130435,2.421086549269022,5.65,1.4244112357114607,5.869565217391305,1.140348743550408,emocionarse
emotividad,5.285714285714286,1.7928429140015911,4.5,2.1100665753432883,5.7894736842105265,0.9763280054720362,6.095238095238095,1.4800257398019105,6.0,1.348399724926484,5.333333333333333,1.8257418583505531,5.55,1.2343760409722468,5.714285714285714,1.189237450758139,5.0,1.8829377433825436,emotividad
emotivo,4.608695652173913,1.9479390142306956,4.7727272727272725,1.6310037278231957,5.818181818181818,0.8528028654224412,6.363636363636363,1.0021621646864374,5.7,1.2607433062326878,5.083333333333333,1.7916877315917061,5.5,1.185226520443204,5.55,1.3168942730211077,4.8,1.7947291248483563,emotivo
empatía,5.96,1.670329308849007,4.565217391304348,2.232529893040664,6.6,0.6805570473787188,6.65,0.9333020044867283,5.521739130434782,1.5335509956067594,5.714285714285714,1.3835771443203724,4.869565217391305,2.0737394380483276,6.65,1.3484884325167852,6.217391304347826,0.9023465237988441,empatia
empático,5.619047619047619,1.160869952931442,4.238095238095238,2.0224925687072846,6.55,0.7591546545162497,6.142857142857143,1.388730149658827,5.0,1.8829377433825436,6.0476190476190474,1.8296499795368097,4.181818181818182,1.9429080716523297,6.380952380952381,1.0712698295103098,5.130434782608695,1.7400195355770354,empatico
empatizar,5.636363636363637,1.4324622340390176,4.0476190476190474,2.085094493690645,6.041666666666667,1.1220775245117844,6.090909090909091,1.3769908845391456,5.269230769230769,1.4576060457528932,5.956521739130435,1.6370222653443658,4.590909090909091,1.6230216062021892,6.714285714285714,0.7837638128197274,5.95,1.276302224561665,empatizar
empeñado,4.666666666666667,1.7416467303484178,3.8181818181818183,2.038588765750502,4,1.8257418583505538,4.142857142857143,1.7968225924034424,3.608695652173913,1.9006967725925858,5.095238095238095,1.5781242633190178,2.3,1.3803127029389888,3.2857142857142856,2.0770858707058104,4.478260869565218,1.9275411849718922,empenado
empeñarse,5.32,1.8421002506197472,3.6956521739130435,1.8692434689587816,4.947368421052632,1.7786912857655994,4.111111111111111,1.6047315659302057,3.5652173913043477,2.128296095183822,4.9523809523809526,1.6271505915615334,3.15,1.7252002172135514,3.95,1.731290969494334,5.130434782608695,1.2174618838941842,empenarse
empeño,5.55,1.3168942730211077,4.782608695652174,1.5062452335384542,5.761904761904762,1.4108423691100975,3.772727272727273,1.9006720160390937,3.6666666666666665,2.008316044185609,4.909090909090909,1.6303400436745277,4.090909090909091,1.9250007027603147,3.9047619047619047,1.9210612146613626,4.761904761904762,1.9724290077151547,empeno
enajenación,3.3,2.0575065816014617,4.1,1.197218999737865,3,2.412090756622109,3.1666666666666665,1.898963034411309,4.428571428571429,1.5548576840284833,2.9285714285714284,1.9792883614022536,2.857142857142857,1.4600918230947433,3.230769230769231,1.5358952955766092,4.6923076923076925,1.493575987611354,enajenacion
enajenado,4.461538461538462,1.6641005886756872,3.7142857142857144,1.9386185179765922,2.5384615384615383,1.8081014266989472,4.5,2.1105794120443453,3.8461538461538463,1.9081471748860568,2.5,1.505545305418162,3.2,2.0770858707058104,3.642857142857143,1.7368026705655186,4.222222222222222,2.045239970259654,enajenado
enajenarse,4.25,1.9493588689617927,3.4615384615384617,2.436369724794953,4.363636363636363,2.0135901903181423,5.0,1.4142135623730951,4.181818181818182,2.600699206681996,3.076923076923077,1.5525000516123695,3.933333333333333,1.1629191512658792,3.0833333333333335,1.781640374554423,4.8125,1.3768926368215255,enajenarse
enamorado,5.28,2.031419864692345,5.217391304347826,1.8079753050186589,5.35,1.7252002172135505,6.95,0.22360679774998432,6.391304347826087,1.1961730809233642,4.904761904761905,1.8948551898433268,,,6.5,0.6882472016116853,5.3478260869565215,1.9213796097448013,enamorado
enamoramiento,5.363636363636363,1.733300032980155,5.7272727272727275,1.5790840679034457,6,1.224744871391589,6.909090909090909,0.2942449431682448,6.125,0.8998792189486611,5.0476190476190474,2.1089378956287566,5.5,1.970013294613105,6.35,0.8750939799154193,5.333333333333333,1.5916448515084423,enamoramiento
enamorarse,5.409090909090909,1.9434650182229367,6.136363636363637,1.0371873387954451,6,1,6.863636363636363,0.4675625290960715,6.25,0.8968544062928813,4.9523809523809526,2.201730920802778,5.478260869565218,2.2936585546278225,6.45,0.825577947481898,5.666666666666667,1.4944341180973257,enamorarse
enardecerse,4,1.5811388300841898,3.5,2.449489742783178,4.125,1.807721533549109,4.4,2.4083189157584592,4.583333333333333,1.7816403745544227,3.5714285714285716,1.9880595947760096,3.2222222222222223,2.3333333333333335,2.857142857142857,1.4638501094227996,3.8333333333333335,2.3166067138525404,enardecerse
enardecido,4.25,1.815338686155987,3.5,2.5071326821120348,3.75,0.9574271077563381,4.25,1.707825127659933,4.3,1.8287822299126935,1.7142857142857142,0.7559289460184543,3.6666666666666665,1.5,3.75,2.052872551885702,4.166666666666667,1.6422453217986939,enardecido
enardecimiento,4.444444444444445,2.1858128414340006,3,2.8284271247461903,4.3,1.70293863659264,3.7142857142857144,2.214669705568283,5.375,0.7440238091428449,2.6666666666666665,1.3662601021279466,2.7,1.6363916944844767,3.0,1.2909944487358056,4.333333333333333,1.2110601416389963,enardecimiento
encandilado,4.117647058823529,2.1471595463884507,4.35,1.9269556026896009,3.642857142857143,1.5495479666983214,4.733333333333333,1.98086080374405,4.388888888888889,1.9444911292248124,3.3333333333333335,1.8149704259460602,4.3,2.273416163537063,4.5,1.3394467690277294,4.2631578947368425,1.521771820505364,encandilado
encandilamiento,3.2666666666666666,1.709915063331955,3.0714285714285716,1.7743595036946846,3.6923076923076925,1.702185623672077,4.916666666666667,1.443375672974065,4.5,1.5727950313140984,3.4210526315789473,1.9239943830388153,4.476190476190476,1.9395630337539334,3.5,1.7888543819998317,4.2105263157894735,2.097060041752131,encandilamiento
encandilarse,3.5294117647058822,1.736290840370052,4,2.1693045781865616,3.4285714285714284,1.603567451474546,5.125,1.746424919657298,3.736842105263158,2.20711237349614,3.25,1.7320508075688772,3.888888888888889,1.843554395849907,3.7777777777777777,1.8005082797253325,3.411764705882353,1.7698454568623982,encandilarse
encantado,4.3478260869565215,1.9681254499043663,4.391304347826087,1.9479390142306956,5.7727272727272725,1.2698638165386527,5.136363636363637,2.0070223038468034,4.6,1.6351404253232553,4.125,2.1931216584347646,,,5.4,1.6026294183720629,4.190476190476191,1.9395630337539334,encantado
encantar,5.76,1.4514360704718152,5.260869565217392,1.4528151763933677,5.65,1.089422831256604,5.15,2.08440323404692,4.608695652173913,1.751340536814393,4.476190476190476,2.2498677209793385,,,5.2,1.7651599003161762,5.391304347826087,1.2699008706760835,encantar
encanto,4.173913043478261,2.124578544581221,4,2,5.954545454545454,0.998917162649386,4.681818181818182,2.0790648913660252,3.5,1.4689774459950382,4.416666666666667,2.1450988964060187,,,5.105263157894737,1.6631541934965106,3.9523809523809526,1.9868616075658234,encanto
encaprichado,4.48,2.1039645117412666,4.434782608695652,1.6466518911393768,3.45,1.932410548076104,3.9,2.04939015319192,4.3478260869565215,1.9213796097448006,3.761904761904762,2.047065262876636,4.045454545454546,1.7314258568692733,4.4,1.984147702481637,4.521739130434782,1.7804382815218003,encaprichado
encaprichamiento,4.181818181818182,2.084783045383942,4.5,1.8708286933869707,3.4761904761904763,1.6917165134574887,5.409090909090909,1.532476704059429,4.583333333333333,1.9763089590064795,4,1.7888543819998317,3.75,1.8317377426626162,4.2,1.935812083093974,4.571428571428571,1.6903085094570336,encaprichamiento
encapricharse,5.1,1.4473205733717949,3.739130434782609,1.9121000188832795,2.761904761904762,1.7292993351285917,4.681818181818182,1.961203800302341,3.9523809523809526,1.8021151593666394,3.409090909090909,1.7636296692870672,3.8636363636363638,1.7264181070990536,4.190476190476191,1.8873009198071096,3.8095238095238093,1.4703417160322843,encapricharse
encariñado,5,1.4509525002200232,4.608695652173913,1.9940623322705426,5.333333333333333,1.4944341180973257,6.090909090909091,1.3419634126405249,4.714285714285714,1.7647338933351153,4.2727272727272725,1.9562310259373321,5.318181818181818,1.6729319468230912,5.0476190476190474,1.883512423006296,4.714285714285714,1.4880476182856899,encarinado
encariñarse,4.954545454545454,1.646851909590299,5.5,1.7113069358158484,5.666666666666667,1.3904435743076133,6.454545454545454,1.3354960814430665,5.208333333333333,1.2503622663458183,4.904761904761905,1.9469145308606102,4.869565217391305,1.8660689801653036,6.3,0.92338051687664,4.857142857142857,1.9566735620873064,encarinarse
encolerizado,4.764705882352941,2.047236300622924,4.2,2.6997942308422114,2.5789473684210527,2.03622170463075,5.4375,2.0320351046836436,4.954545454545454,2.2141809778329784,2.3125,1.5370426148939398,4.764705882352941,1.5218989685876771,4.0,1.6035674514745464,4.133333333333334,1.9591057240729095,encolerizado
encolerizarse,4.8,1.897366596101027,3.6363636363636362,2.110579412044345,3.0714285714285716,2.092634913003431,4.923076923076923,1.8009968749527974,5.4,1.7290094517412344,2.3333333333333335,1.7994708216848745,3.9411764705882355,2.3040884378451634,4.176470588235294,2.0382374161774885,4.529411764705882,2.3215740096651976,encolerizarse
encrespado,3.3636363636363638,2.059714602177749,4.842105263157895,2.2916068572737545,3,2.127513992779762,3.0,1.8918106058538346,4.0,2.047065262876636,2.380952380952381,1.395571226279421,3.45,1.7910596686995397,2.5238095238095237,1.7498299237082335,2.5,1.3178930553209385,encrespado
encrespamiento,2.85,2.0332758116683998,3.9545454545454546,2.1264160039007,2.789473684210526,1.873171623163388,2.4,1.9029063643750175,2.789473684210526,1.873171623163388,2.238095238095238,1.5781242633190171,3.55,1.932410548076104,2.15,1.7851728502481652,3.55,2.282081229238369,encrespamiento
encresparse,4.05,2.0124611797498106,3.272727272727273,2.2292817160908514,2.736842105263158,1.6276126096272243,3.3125,2.023816526598529,4.136363636363637,1.7264181070990536,2.6875,1.7017148213885114,4.0,1.9466570535691503,3.0625,1.94828984838841,3.85,1.6311119875071343,encresparse
endurecerse,3.727272727272727,1.881787857630488,4.714285714285714,1.901127485016645,3.6666666666666665,1.8097962092016269,3.8095238095238093,1.9904534061124772,4.0,1.9798989873223332,3.5652173913043477,1.9265156242794623,4.363636363636363,1.5597757636597742,3.142857142857143,1.9048809486609468,3.2,1.935812083093974,endurecerse
endurecido,3.55,2.139232523470435,3.8181818181818183,2.061815280543398,3.1904761904761907,1.7210185245675778,3.3,1.9761738683361685,3.869565217391304,1.8415494421345542,3.4285714285714284,1.776835067512699,3.8636363636363638,2.099783538627472,3.0476190476190474,2.1558337244831867,3.0,1.954016841836789,endurecido
enemistad,4.84,2.0346989949375804,3.227272727272727,1.8498859213686456,3.6315789473684212,2.033347713495311,4.7894736842105265,2.200478416880723,4.0,2.04494943258218,2.6666666666666665,1.4605934866804429,3.782608695652174,1.999011613480532,5.526315789473684,2.117871600678158,4.956521739130435,1.8944478895773587,enemistad
enemistarse,4.45,1.932410548076104,3.2857142857142856,1.901127485016645,2.8947368421052633,1.9690589078176761,4.5,2.013114894621608,3.8947368421052633,2.1831357885722613,3.35,2.2542357790099112,3.739130434782609,1.982133637003497,5.2631578947368425,2.1302609454962167,4.260869565217392,2.378261230860361,enemistarse
energía,5.55,1.5035046776746244,5.3478260869565215,1.4957119208583016,6.190476190476191,0.9807674351775548,4.5,2.017778127403648,5.904761904761905,1.135991280985991,4.681818181818182,1.9853358510736767,,,4.0,2.32379000772445,4.238095238095238,1.9210612146613626,energia
enérgico,6,0.8728715609439694,5.695652173913044,1.5206094056091048,5.809523809523809,1.2090925365350491,5.045454545454546,2.011331535439781,5.416666666666667,1.6918388932104946,4.5,2.132514723892674,,,3.9523809523809526,2.178903175365773,5.095238095238095,1.4108423691100975,energico
energizarse,5.315789473684211,1.5653409844697785,5.333333333333333,1.8257418583505531,5.85,0.9880869341680831,4.526315789473684,1.9541528728050932,5.208333333333333,1.3506573815438325,4.631578947368421,1.7065405655167962,4.65,1.565247584249853,4.0,1.7320508075688772,3.9375,1.8786076404259264,energizarse
enervado,4.636363636363637,1.839913417876337,4.0476190476190474,2.085094493690645,3.8,2.2424476423255526,5.733333333333333,1.667618775665584,5.647058823529412,1.2718675476729207,3.9473684210526314,1.9285482222682524,4.25,1.7129537431920892,3.9473684210526314,1.8400991582740054,4.9523809523809526,1.430950400125402,enervado
enervarse,4.9,1.5861240410775606,4.642857142857143,2.373155732746617,3.2857142857142856,2.02837021134844,4.2,1.96281216089247,5.291666666666667,1.921936674219561,3.5714285714285716,1.8860389330930734,4.363636363636363,2.0364641286273977,3.9444444444444446,1.7311071677235328,4.9411764705882355,1.3449251017851382,enervarse
enfadado,5,1.5118578920369088,5.0476190476190474,2.376471974928181,3.8333333333333335,1.9927404479142843,5.818181818181818,1.9429080716523297,5.576923076923077,1.7011308455983487,2.5652173913043477,1.4717363572115556,,,4.238095238095238,1.6402671094904604,5.05,1.6375527311718607,enfadado
enfadarse,5.44,1.7813852287849847,5.086956521739131,1.928566200298244,4.15,1.9540780569443943,6.0,1.7770466332772772,5.6521739130434785,1.5842605287404288,3.9047619047619047,1.9210612146613626,,,5.3,1.8666040089734597,5.826086956521739,0.8340576562283001,enfadarse
enfado,4.956521739130435,1.6645572949412974,5.173913043478261,1.8253810041404182,3.409090909090909,2.239453396512532,5.863636363636363,1.7807289717965709,6.15,0.8750939799154193,3.0833333333333335,1.7916877315917057,,,5.6,1.3138933706635716,4.9,1.6511558949637932,enfado
enfurecerse,5.21052631578947,2.06852728309548,5.2972972972973,1.7137493798502,3.48571428571429,2.20122196773985,5.48387096774194,1.8950983746134,5.40625,1.98151742115041,5.05128205128205,1.76140969185596,5.136363636363637,1.6986116051885984,5.21951219512195,1.90410339952891,4.8,2.20344557767899,enfurecerse
enfurecido,4.521739130434782,2.1292244686609876,5,1.954016841836789,2.909090909090909,1.7432616094439293,5.2727272727272725,2.1642510676866222,6.4,0.8207826816681218,2.5416666666666665,1.6675722177612806,,,4.95,1.9594574974238472,4.8,1.8238190122579827,enfurecido
enfurecimiento,5.8,1.5275252316519468,4.521739130434782,2.2737547084741356,3.8947368421052633,1.997073882851421,5.75,1.8027756377319946,5.636363636363637,1.6774542658006553,3.4761904761904763,1.8335497707738293,4.7272727272727275,1.7776875878998426,4.0,2,5.173913043478261,1.435022138348189,enfurecimiento
enfurruñado,3.9545454545454546,2.081146037924497,4.9523809523809526,1.8021151593666394,2.736842105263158,1.9675733859858355,5.818181818181818,1.6800329825663607,5.0,1.6681153124565982,3.7142857142857144,2.02837021134844,4.363636363636363,1.9891480479617285,3.8,1.7651599003161753,4.9,1.5861240410775606,enfurrunado
enfurruñamiento,4.8,1.2396943596157712,4.428571428571429,2.111194651646991,2.9,1.99736668746891,5.142857142857143,1.7687768170607132,4.55,1.9049796241485242,3.1052631578947367,1.8527678046673026,3.8,1.7651599003161753,4.3,1.6575187543592473,4.684210526315789,1.335524515310053,enfurrunamiento
enfurruñarse,5,1.4142135623730951,4.578947368421052,2.2928824526173313,2.652173913043478,1.7217511078754546,4.909090909090909,1.874873733122185,4.75,1.7997584378973221,3.0454545454545454,1.557692821581626,4.590909090909091,1.402687587288227,3.9047619047619047,1.786190412715338,4.7,1.490319640741189,enfurrunarse
engañado,4.043478260869565,1.8703004345331848,4.173913043478261,1.8501148345942664,3.1363636363636362,2.550358603084869,5.2272727272727275,2.091520708589536,4.3,2.1051315748352692,3.0416666666666665,2.053187694816265,,,5.35,1.6630662866176467,4.35,1.899445902583726,enganado
engañar,5.52,1.9390719429665317,3.608695652173913,2.1477076666399157,3.2,2.117595458607661,4.05,2.0894471693929497,3.9565217391304346,1.9182914005002476,3.0476190476190474,2.1089378956287566,,,4.6,2.1860803664140653,5.521739130434782,1.0387739809021066,enganar
engaño,4.173913043478261,2.228986192563856,3.869565217391304,2.095543926484503,3.5454545454545454,2.385018173581008,4.954545454545454,2.034869194983462,3.9,1.99736668746891,2.875,2.07075915505905,,,5.5,1.4689774459950382,5.0,1.70293863659264,engano
engrandecer,4.36842105263158,1.93713430908564,3.47222222222222,1.90467261695489,3.14705882352941,2.01708389785363,3.16129032258065,1.91653809760461,3.36363636363636,2.19114955300554,4.61538461538461,2.07257003710477,3.391304347826087,1.9711355849030643,4.1219512195122,1.96462619792188,3.89655172413793,2.05886285511144,engrandecer
enloquecer,4.863636363636363,1.859222944326462,5.045454545454546,1.9634098795153183,3.9047619047619047,2.142539659020619,6.2727272727272725,1.1204513623586059,5.375,1.4688800821211287,3.7142857142857144,2.052872551885702,,,3.4,1.6670175069329816,5.333333333333333,1.8797162906495575,enloquecer
enojado,5.285714285714286,1.9011274850166457,4.181818181818182,2.19602158971874,3.238095238095238,1.757975025555309,6.0,1.70293863659264,5.6521739130434785,1.5257992138897967,3.1904761904761907,1.9136103997169231,4.409090909090909,1.7087754152940695,4.333333333333333,2.1291625896895083,5.0,1.4770978917519928,enojado
enojarse,4.782608695652174,2.08798558291632,5.130434782608695,1.8166990000869694,3.3636363636363638,2.1054454238712608,5.2727272727272725,1.9069251784911847,6.0,1.2139539573337679,3.3333333333333335,1.926173649372307,4.954545454545454,1.5576928215816264,5.45,1.6050905860647513,5.380952380952381,1.321975433818287,enojarse
enojo,4.92,2.039607805437114,5.086956521739131,1.755848499321388,4.052631578947368,1.9285482222682524,5.5,2.23606797749979,5.739130434782608,1.4837725660181156,4.333333333333333,1.932183566158592,,,4.2,1.935812083093974,5.608695652173913,0.8387832331734856,enojo
enorgullecerse,4.95,1.3945382182304158,5.130434782608695,1.4239620725952367,5.380952380952381,1.8296499795368097,6.0,1.4474937289114918,5.0,1.61245154965971,4.7727272727272725,1.659943148246727,4.181818181818182,1.531770330800393,5.190476190476191,1.6315344807587608,4.857142857142857,1.5259657363687522,enorgullecerse
enrabietar,4.6521739130434785,1.747951935374496,5.3478260869565215,1.4650068461575665,2.9545454545454546,1.9390049664042277,4.619047619047619,2.0118695404073916,5.45,1.3945382182304167,3.0416666666666665,1.6279933411536363,4.304347826086956,1.9172608920184133,4.8,1.3218806379747874,4.5,1.9330913339165219,enrabietar
enrabietarse,5.130434782608695,1.5755041855657435,4.913043478260869,1.8318655041504666,2.727272727272727,2.119789256861751,4.714285714285714,2.0035682454774815,6.0,1.025978352085154,2.8333333333333335,1.6594044679962139,4.782608695652174,2.043982781886438,4.75,1.5517392618742702,4.666666666666667,1.7126976771553508,enrabietarse
enternecerse,4.333333333333333,1.6227548592850782,3.8947368421052633,1.8225359878204284,5.05,1.356271980175999,5.476190476190476,1.6005951274150372,5.75,0.9665456669582609,4.086956521739131,2.23429963560398,4.909090909090909,1.9978343252987705,5.2631578947368425,0.9911892555667055,4.2105263157894735,1.9601288894248494,enternecerse
enternecido,4.375,2.102017664262022,5.043478260869565,1.4917427535227863,4.666666666666667,1.6087993330796875,5.444444444444445,1.5424282697487952,5.2727272727272725,1.66709951089333,4.333333333333333,1.527525231651947,4.4,1.465390194130093,5.15,1.4964871146156,4.6521739130434785,1.4650068461575656,enternecido
entretenido,5.28,1.904380914278093,4.130434782608695,2.0069050760286906,5.6,0.7539370349250504,4.5,1.820930936000652,4.086956521739131,1.5929687401561352,3.8095238095238093,2.1358615970855324,3.6818181818181817,1.9367710889731522,4.95,1.932410548076104,5.0,1.243163121016122,entretenido
entretenimiento,4.043478260869565,2.099312893426306,3.4782608695652173,1.9038135226050255,5.2727272727272725,1.5175738212786565,3.0454545454545454,2.0113315354397807,2.6,1.6026294183720637,3.625,2.183186741400306,4.0,1.7994708216848747,5.1,1.7740824166460332,3.380952380952381,1.9358768162305804,entretenimiento
entristecerse,4.190476190476191,2.1358615970855324,4.590909090909091,1.790426682561368,3.5238095238095237,2.1358615970855324,5.809523809523809,1.8060744065250356,5.956521739130435,1.2605287804426,3.380952380952381,1.9098740920854045,4.7272727272727275,1.3863902488397424,3.7142857142857144,1.927248223318863,4.565217391304348,2.0851441405707476,entristecerse
entusiasmado,4.739130434782608,2.0049346238343535,4.826086956521739,1.7748796095675052,5.954545454545454,0.7854190708679786,6.181818181818182,1.2587357087234727,5.95,1.0990426455975708,4.375,2.0175857290120396,,,5.15,1.9540780569443936,4.666666666666667,1.932183566158592,entusiasmado
entusiasmarse,5.136363636363637,1.8846612565519707,5.0476190476190474,1.883512423006296,5.25,1.5673294928413855,6.090909090909091,0.9714540358261662,5.461538461538462,1.6788274296250756,4.478260869565218,1.8057877962865383,5.15,1.5312533566021205,4.714285714285714,2.1010201603710787,5.2,1.1050125029061661,entusiasmarse
entusiasmo,5.48,1.446835627614047,5.3478260869565215,1.7737657847891135,6.1,0.7880689256524108,6.35,1.2680278927697541,6.217391304347826,1.3127528930087211,5.0476190476190474,1.3955712262794215,,,5.05,1.6050905860647502,5.304347826086956,1.6633695978261505,entusiasmo
entusiasta,5.545454545454546,1.184313050927585,5.318181818181818,1.8096662053792612,5.7,1.0310954828418388,5.2727272727272725,1.8304779022564985,4.958333333333333,1.3666578295932041,4.714285714285714,2.1712405933672376,5.045454545454546,1.4301938838683892,4.75,1.8883298106221302,5.0,1.2649110640673518,entusiasta
envalentonado,5.294117647058823,1.4037764192684374,4.066666666666666,2.1201976547572388,3.388888888888889,1.9140007034508784,5.444444444444445,1.199128223640836,4.791666666666667,1.8645238736369991,3.9411764705882355,1.784327192364608,3.7222222222222223,1.6016739609309327,3.5294117647058822,1.699913492608651,4.0625,1.5692354826475214,envalentonado
envalentonarse,5.166666666666667,1.4245742398014511,4.526315789473684,1.8964417280976962,4.3,1.838191330743634,5.4375,1.9653244007033546,5.0,1.5634719199411433,4.4375,2.1281838892977896,3.176470588235294,1.9116515803633993,4.722222222222222,1.8086574662067325,4.809523809523809,1.7781745588959377,envalentonarse
envidia,5.1,1.7137217117324375,4.434782608695652,1.8046930475976881,2.2857142857142856,1.8746428231227714,5.454545454545454,1.844613076663343,4.666666666666667,2.265686062395524,3.3636363636363638,1.7333000329801544,4.260869565217392,1.9357261100482497,5.476190476190476,1.8060744065250356,5.285714285714286,1.230563169563317,envidia
envidiar,4.818181818181818,1.6514456476895405,3.857142857142857,2.056349053193895,2.6666666666666665,1.9486152645597752,5.0476190476190474,2.0609752661347125,4.423076923076923,2.0034585480728455,2.6956521739130435,1.794810261146784,,,4.761904761904762,1.9210612146613626,4.5,2.064741604835056,envidiar
envidiosa,4.5,1.6832508230603465,4.666666666666667,1.7701224063135674,2.7916666666666665,1.955575455542138,5.181818181818182,1.9913231694950884,4.5,2.1213203435596424,2.5217391304347827,1.7286243931201821,3.8260869565217392,1.8986160967936492,4.857142857142857,1.8784492084087414,4.35,1.8431951662948316,envidiosa
envidioso,4.304347826086956,2.00985713216129,3.782608695652174,2.08798558291632,2.772727272727273,2.223935126276719,5.090909090909091,2.3280707506245215,4.9,1.7137217117324384,2.3333333333333335,1.4645571126562065,,,5.35,2.109502310972898,4.7894736842105265,0.9763280054720362,envidioso
escalofrío,3.0869565217391304,1.9751419621766402,5.391304347826087,1.971135584903065,3.1363636363636362,1.9589952367635655,3.0454545454545454,2.058137686339458,5.5,1.7320508075688772,2.4166666666666665,2.019829236576087,,,2.4,1.6026294183720635,2.0,1.025978352085154,escalofrio
escandalizado,4.571428571428571,1.8593393604027368,4.136363636363637,2.0070223038468025,2.6,1.569445091341791,4.571428571428571,1.8322507626258089,4.608695652173913,1.5591119393827022,3.85,2.058998223459779,4.181818181818182,1.531770330800393,3.857142857142857,2.056349053193895,4.695652173913044,1.6904755277381047,escandalizado
escrúpulo,4.2727272727272725,1.9069251784911847,3.619047619047619,1.6575943555704598,3.6842105263157894,1.9163806041293157,3.35,2.3680993933621335,3.7083333333333335,1.8292114401439825,5.15,1.7252002172135505,3.5454545454545454,1.4384936806479438,3.0,1.699673171197595,4.0,2.2478059477960652,escrupulo
escrupuloso,5.05,1.431782106327635,4.428571428571429,1.660464650976605,3.111111111111111,1.676441921552867,4.045454545454546,1.863873915807068,3.2857142857142856,1.736169840276496,4,2.0236694629405503,4.0,2.0,3.0476190476190474,1.9868616075658234,4.2,1.8238190122579827,escrupuloso
espabilado,4.7,1.4179302929937965,4.173913043478261,1.9459088531640256,5.666666666666667,1.197218999737864,3.6363636363636362,1.8138476479691696,3.857142857142857,1.9048809486609466,4.363636363636363,1.9891480479617285,3.1363636363636362,1.4241272864946195,3.0476190476190474,2.0609752661347125,5.0476190476190474,1.4992061391346583,espabilado
espantado,4.571428571428571,1.9123657749350302,4.318181818181818,2.101844170662734,2.8095238095238093,1.8873009198071096,5.714285714285714,1.5212776585113306,5.173913043478261,1.4970326380435366,3,1.8439088914585775,4.304347826086956,1.964104760414124,2.9523809523809526,1.9615348703551125,4.0,2.04494943258218,espantado
espantarse,4.4,2.101586702153082,5.086956521739131,1.7032867552913658,3.8,1.6091841672756186,4.8,2.21478286924356,4.869565217391305,1.6869646713465993,2.857142857142857,1.9048809486609468,4.260869565217392,2.0718325508054636,2.8,2.0925934551223877,5.043478260869565,1.3973436119868556,espantarse
espanto,3.347826086956522,2.013786475369086,4.913043478260869,1.9519930019961387,2.772727272727273,2.0220644373373933,4.636363636363637,2.2582221103264173,4.85,1.755442664221313,2.5833333333333335,1.6396358733271998,,,3.4,1.729009451741235,4.3,1.838191330743634,espanto
espantoso,3.6818181818181817,1.9120261912024519,4.571428571428571,2.111194651646991,2.4166666666666665,1.7173454405910422,3.8636363636363638,1.8072724659645996,3.8461538461538463,2.239505439909583,2.391304347826087,1.6716657570106697,,,2.761904761904762,1.841324574993825,3.8,1.8806493839265088,espantoso
esperanza,4.761904761904762,1.3749458863810566,4.318181818181818,1.9367710889731522,6.142857142857143,1.0623424252901827,5.904761904761905,1.5134319246256809,5.173913043478261,1.613921647108048,5.333333333333333,1.8797162906495575,,,4.428571428571429,1.9123657749350302,4.260869565217392,2.0049346238343535,esperanza
esperanzado,4.95,1.356271980175999,4.478260869565218,1.7547225944288773,5.857142857142857,1.3522468075656262,6.0,1.5118578920369088,4.714285714285714,2.0035682454774815,5.090909090909091,1.9250007027603153,,,4.190476190476191,2.1591444513753038,5.428571428571429,1.5352989471574763,esperanzado
esperanzador,4.6,1.465390194130093,4.043478260869565,1.7704201060140095,5.904761904761905,1.2208506012105629,5.7272727272727275,1.4534628005401835,4.380952380952381,2.2243244025139517,5,1.632993161855452,4.4,1.313893370663573,4.0476190476190474,1.9098740920854045,5.0476190476190474,1.430950400125402,esperanzador
esperanzarse,4.782608695652174,1.8329440238224415,3.869565217391304,1.9610838335908902,5.7727272727272725,0.9725674505593154,5.7272727272727275,1.1621744062959531,4.6,2.0104987598001385,4.75,1.8939262186630001,4.5,1.538967528127731,4.85,1.565247584249853,5.190476190476191,1.4703417160322831,esperanzarse
estabilidad,3.6818181818181817,1.9120261912024519,3.8095238095238093,2.1591444513753038,6.083333333333333,1.2481870911416906,5.090909090909091,1.6008655667389955,4.6923076923076925,1.9548755616505267,5.043478260869565,1.718304155253217,,,4.571428571428571,2.2264642052238024,4.7,1.9493588689617927,estabilidad
estable,3.9545454545454546,1.8381479480139453,4.136363636363637,1.9345346320043593,6.285714285714286,0.7837638128197274,4.454545454545454,2.1979919997963666,3.8333333333333335,2.0781820371926383,4.523809523809524,1.9395630337539334,,,5.55,1.3168942730211077,5.285714285714286,1.5537971921347125,estable
estima,4.333333333333333,1.3540064007726604,5.476190476190476,1.887300919807109,6.333333333333333,0.8563488385776742,6.238095238095238,1.5781242633190178,5.217391304347826,1.2776584313476258,5.666666666666667,1.23827837473378,4.090909090909091,1.8233692233542071,5.761904761904762,1.5781242633190178,4.608695652173913,2.1477076666399157,estima
estimado,4.92,2.039607805437114,4.739130434782608,2.027479207478807,5.55,1.959457497423848,5.7894736842105265,1.6186052764450236,4.217391304347826,2.2147546906871987,5.095238095238095,1.7861904127153387,3.909090909090909,1.9250007027603147,5.95,0.825577947481898,5.130434782608695,1.546384282067716,estimado
estimar,4.818181818181818,1.6800329825663607,3.857142857142857,2.031888635868469,5.217391304347826,1.8329440238224415,6.136363636363637,1.6415861825701372,4.423076923076923,2.1757403691263706,4.434782608695652,1.902775173183578,,,5.142857142857143,2.475595166534995,4.6,1.9303667499917432,estimar
estimulado,4.904761904761905,1.6704718466577608,4.363636363636363,2.1054454238712608,4.571428571428571,1.6903085094570336,4.571428571428571,1.7768350675126992,5.304347826086956,1.8447661248342473,4.095238095238095,1.9724290077151547,4.045454545454546,2.081146037924497,4.523809523809524,1.6618979396776332,4.409090909090909,2.1527190095781505,estimulado
estimularse,4.619047619047619,1.7457431218879393,5.181818181818182,1.9182423412211709,4.9523809523809526,1.8567765206451337,4.857142857142857,1.82443729093971,5.3478260869565215,1.8490463304135492,4.619047619047619,1.8296499795368097,,,4.714285714285714,1.8477785890862881,4.478260869565218,2.1715006377532675,estimularse
estremecerse,4,2,4.45,1.8771478925557026,3.1176470588235294,1.5363248737318087,4.882352941176471,1.833110503392269,5.454545454545454,1.7654696590094996,3.5238095238095237,1.569045812557671,,,3.4761904761904763,2.0154167712671147,3.869565217391304,2.0069050760286906,estremecerse
estremecimiento,3,1.7994708216848747,4.470588235294118,1.067570083110679,3.1875,1.7211914478058505,4.7368421052631575,2.1817960303677917,5.7368421052631575,1.14707866935281,3.0476190476190474,1.8296499795368097,4.478260869565218,2.233414939613801,3.736842105263158,1.7588539596743067,3.8333333333333335,1.9778181680534621,estremecimiento
estrés,5.428571428571429,1.4687215042828425,5.590909090909091,1.8938268364821766,3.5714285714285716,2.158041440089337,5.476190476190476,2.0644381225662247,6.434782608695652,0.7877520927828725,3.9523809523809526,1.774153050787628,,,4.380952380952381,2.085094493690645,5.565217391304348,1.471736357211556,estres
estresado,5.181818181818182,1.7081419489459642,5.681818181818182,1.8096662053792612,3.5238095238095237,2.315578709935113,6.181818181818182,1.296014536821898,6.291666666666667,0.9078961186825518,4.714285714285714,1.927248223318863,5.636363636363637,1.3643576735855825,3.3,1.688973528196155,5.333333333333333,1.6832508230603458,estresado
estupefacción,3.3333333333333335,1.8149704259460602,4.25,1.8317377426626162,2.8421052631578947,1.6419215671732124,3.95,1.9049796241485242,4.136363636363637,1.8072724659645996,3.0555555555555554,1.551933224087346,3.9047619047619047,1.9469145308606102,3.25,1.943274501832843,4.2,1.8524521444205841,estupefaccion
estupefacto,4.142857142857143,2.0805219125429626,4.809523809523809,1.7781745588959377,3.55,1.8771478925557026,4.7272727272727275,2.074374677590889,4.458333333333333,1.5030162910010296,3.380952380952381,1.8296499795368097,3.3181818181818183,1.6729319468230914,3.1,1.8324559303956278,4.761904761904762,1.578124263319017,estupefacto
estupor,3.3846153846153846,1.6602440351979149,4.266666666666667,2.051712409068047,3,1.9493588689617927,4.083333333333333,2.193309385519074,4.466666666666667,1.4573295865416047,2.7,1.494434118097326,3.8,1.8973665961010278,2.8181818181818183,1.537412229571615,4.076923076923077,2.059997510578531,estupor
euforia,5.8,1.2909944487358056,5.434782608695652,1.8046930475976881,5.1,1.2937094768634547,6.5,0.8885233166386386,6.3478260869565215,1.0272954630384818,4.380952380952381,1.883512423006296,,,5.15,1.843195166294831,5.521739130434782,1.3439955768796032,euforia
eufórico,5.75,1.2513150976809202,5.565217391304348,1.8297065576087665,5,1.3038404810405297,6.2272727272727275,1.1518853358037975,5.714285714285714,1.5212776585113306,4,1.7994708216848747,,,3.619047619047619,1.8296499795368097,4.9523809523809526,1.7457431218879393,euforico
exacerbación,4.9,0.9944289260117535,5,2.70801280154532,4.5,2.3213980461973533,5.0,1.4142135623730951,4.75,1.6025547785276542,3.25,1.6690459207925603,3.3333333333333335,1.9227505550564004,3.5,1.1785113019775793,4.666666666666667,2.0655911179772892,exacerbacion
exacerbado,4.071428571428571,1.9400351192017795,4,1.8257418583505538,2.6363636363636362,1.5666989036012806,4.0,1.4142135623730951,4.866666666666666,1.407463101097994,2.5555555555555554,1.740051084818425,4.181818181818182,1.167748416242284,2.888888888888889,1.1666666666666665,3.888888888888889,1.1666666666666665,exacerbado
exaltación,5.2727272727272725,1.3516063875403324,4.95,1.7910596686995397,3.75,1.7754362599213407,5.363636363636363,1.5900121157206726,5.24,1.5351438586225932,3.5652173913043477,1.5023038960368278,4.909090909090909,1.6877454928053728,3.5238095238095237,1.9395630337539334,4.55,1.9049796241485242,exaltacion
exaltado,4.95,1.431782106327635,5.521739130434782,1.473078570310593,3.5714285714285716,1.6300744943538188,5.681818181818182,1.460148839000542,5.285714285714286,1.5856499343441846,3.772727272727273,2.0454785953372094,4.6521739130434785,2.1449453405236207,3.0476190476190474,1.9615348703551125,4.095238095238095,1.4800257398019097,exaltado
exaltarse,4.761904761904762,1.841324574993825,4.954545454545454,1.889249604807176,3.619047619047619,1.7168631417847633,5.333333333333333,1.4944341180973257,5.7272727272727275,1.608957609368435,3.95,1.7006190823220508,4.739130434782608,2.0049346238343535,4.571428571428571,1.5675276256394521,4.545454545454546,1.7922391615298476,exaltarse
exasperación,4.3076923076923075,1.1094003924504583,3.7058823529411766,1.9610171430393253,3.230769230769231,1.7394369852458085,5.714285714285714,1.6837947722821902,4.3125,1.8874586088176875,2.933333333333333,2.2189658681037714,4.25,2.1134489978863145,3.8461538461538463,1.9081471748860568,3.769230769230769,1.3634420996046588,exasperacion
exasperado,4.833333333333333,0.8348471099367228,4.111111111111111,2.27231131071657,3,1.8973665961010275,5.133333333333334,2.1668498091095505,5.357142857142857,1.6458405781822276,3,1.7320508075688772,3.2,1.7402791237532642,3.0,1.9215378456610457,3.9166666666666665,1.3113721705515062,exasperado
exasperarse,4.533333333333333,1.5055453054181624,4.294117647058823,1.794599742364329,3.4166666666666665,2.02072594216369,5.555555555555555,1.1303883305208784,5.411764705882353,1.2277430273377532,4.076923076923077,1.7059473644448737,4.076923076923077,0.9540735874430291,2.923076923076923,1.8009968749527976,4.615384615384615,1.4455945454184556,exasperarse
excitación,5.086956521739131,1.9751419621766402,5.608695652173913,1.4377738611789161,5,1.632993161855452,5.954545454545454,1.214094713778944,6.5,0.8271701918685112,4,2.206709137469482,5.409090909090909,1.9188064472004946,5.4,1.353358395757908,4.6,1.984147702481637,excitacion
excitado,5,1.2977713690461004,5.826086956521739,1.5565747335691187,4.714285714285714,1.5212776585113297,5.7272727272727275,1.66709951089333,6.0,1.5811388300841898,3.5454545454545454,1.94513490111863,,,3.761904761904762,1.757975025555309,4.761904761904762,1.9210612146613626,excitado
excitante,4.7727272727272725,1.7438823185999512,5.523809523809524,1.887300919807109,4.916666666666667,1.7916877315917061,5.590909090909091,1.4362348564112226,5.653846153846154,1.1293292767765362,4.304347826086956,1.5792628490042624,5.3,1.2607433062326878,4.285714285714286,2.02837021134844,4.7,1.922169826551562,excitante
éxito,5.681818181818182,1.6729319468230912,3.5714285714285716,2.4407258873423,6.041666666666667,1.0417028979206275,5.181818181818182,1.9182423412211709,4.384615384615385,2.0606197723388577,5.086956521739131,1.5641740044526804,,,4.380952380952381,1.8567765206451337,4.55,1.848897253129978,exito
exitosa,5.363636363636363,1.8909673650694179,4.909090909090909,1.8493007921680622,6.0476190476190474,1.1169686869465267,5.318181818181818,1.728923795075274,4.25,1.5108304655560048,4.857142857142857,1.8516401995451028,3.9565217391304346,2.0775479618042128,4.6,1.569445091341791,4.809523809523809,1.600595127415038,exitosa
exitoso,5.681818181818182,1.460148839000542,4.142857142857143,2.1745278633697542,5.458333333333333,1.6145847942957396,5.318181818181818,1.9120261912024519,4.6923076923076925,2.1866729205664166,5.391304347826087,1.4690482520320496,,,4.238095238095238,1.9976176286957896,5.35,1.5652475842498519,exitoso
expectación,4,1.8708286933869707,3.909090909090909,1.9250007027603147,4.142857142857143,1.82443729093971,3.6,1.8467610337532774,3.8260869565217392,1.8253810041404177,4.105263157894737,1.7605156076213475,3.652173913043478,1.7992093125030306,3.95,1.9861361590045288,4.434782608695652,2.0632297487307203,expectacion
expectante,3.8260869565217392,2.124578544581221,3.8636363636363638,1.8592229443264612,4.6,1.5008769366431645,3.909090909090909,2.180194200810275,4.473684210526316,1.86691727641025,4.041666666666667,1.8528278426482998,3.6363636363636362,1.8656150408161591,4.473684210526316,1.428613199055161,4.473684210526316,1.8964417280976962,expectante
extasiarse,4.055555555555555,1.8934009929915634,5.2,1.207121724244434,3.9444444444444446,1.6967866593417873,4.823529411764706,1.8109146210426057,5.666666666666667,0.8997354108424366,3.142857142857143,1.9309509130403675,4.894736842105263,1.6294081011931656,4.428571428571429,1.6508406117111145,4.352941176470588,1.4975470138942313,extasiarse
éxtasis,4.85,1.9540780569443943,5.260869565217392,2.027479207478807,4.052631578947368,1.957143162041333,5.904761904761905,1.338086764928266,5.619047619047619,2.178903175365773,3.409090909090909,2.0853021000528553,,,2.85,1.7252002172135514,4.428571428571429,2.0632844828435215,extasis
extático,4.125,2.1671244937540095,2.5454545454545454,2.2074254852038093,3.6666666666666665,1.6329931618554518,3.8,2.2803508501982757,2.7777777777777777,2.3333333333333335,2.25,1.4880476182856899,2.0833333333333335,1.729862492345632,3.625,2.38671920665766,3.2,1.4757295747452435,extatico
extrañado,3.7142857142857144,1.901127485016645,3.1818181818181817,1.7898221150335594,3.1904761904761907,2.0885173597326796,5.0,1.5811388300841898,4.434782608695652,1.8297065576087665,3.238095238095238,1.757975025555309,3.8,1.8524521444205841,3.3333333333333335,2.033060090930254,4.173913043478261,1.6963108075265054,extranado
extrañar,4.2,2.1984843263788196,4.304347826086956,2.1199224387333278,4.8,1.472555959083246,6.3,1.0809352675491632,5.521739130434782,1.562910025252757,4.380952380952381,1.6271505915615334,,,5.8,1.5078740698501045,5.0,1.7320508075688772,extranar
extrañeza,3.4782608695652173,2.04204810773603,4.217391304347826,1.7826568970635437,3.380952380952381,1.4992061391346583,4.5,2.3042403975114683,4.4,1.6351404253232553,2.8333333333333335,1.8804871400937502,,,5.45,1.5035046776746244,4.142857142857143,1.6518388022356867,extraneza
exultación,3.2857142857142856,2.627691364061218,4.285714285714286,1.8898223650461357,4.888888888888889,2.0275875100994063,4.3,2.2135943621178655,3.25,1.5,3.5,2.223610677354389,3.0,1.5491933384829668,4.166666666666667,2.48327740429189,4.8,1.7888543819998315,exultacion
exultante,3.9444444444444446,1.830211245352399,3.75,2.052872551885702,3.1875,1.8697147732564272,3.909090909090909,1.868397465987655,5.0,1.8810798862519205,3,1.4719601443879744,3.5384615384615383,2.1061570302086774,3.4615384615384617,1.126601424298216,3.923076923076923,1.55250005161237,exultante
exultar,5.090909090909091,1.2210278829367875,3.2857142857142856,2.751622897751175,3.8,1.4832396974191324,5.0,0.816496580927726,3.0,2.1908902300206643,4.166666666666667,1.1690451944500118,2.8,1.9888578520235063,4.8,1.4832396974191324,4.363636363636363,1.629277586706898,exultar
fascinación,5.2727272727272725,1.5175738212786565,5.590909090909091,1.4026875872882278,5.238095238095238,1.4108423691100975,6.0,1.3801311186847085,5.041666666666667,1.8761469921708922,4.523809523809524,1.7498299237082335,4.565217391304348,2.252797996765189,4.45,1.4680814547887784,4.857142857142857,1.9309509130403673,fascinacion
fascinado,5.4,1.7795130420052185,5.3478260869565215,1.640639998519811,5.1,1.4104870379448808,5.7,1.49031964074119,5.260869565217392,1.4837725660181156,4.523809523809524,1.7498299237082335,4.136363636363637,1.4895015000377534,4.2,2.0925934551223877,5.521739130434782,0.94722394478868,fascinado
fascinante,4.7,1.3416407864998736,4.391304347826087,1.8025015555353923,5.238095238095238,1.2611408289624886,5.090909090909091,1.874873733122185,4.190476190476191,1.8873009198071096,4.136363636363637,2.053926658528663,4.6521739130434785,2.2484074293551526,4.190476190476191,2.2275333357561142,4.619047619047619,2.0365704131257156,fascinante
fascinar,4.190476190476191,1.503963018795596,4.363636363636363,1.8138476479691696,5.095238095238095,1.4800257398019105,4.619047619047619,1.7168631417847633,5.086956521739131,1.755848499321388,4.095238095238095,1.9976176286957896,,,4.619047619047619,1.4992061391346583,4.521739130434782,1.8057877962865383,fascinar
fastidiado,4.3,1.7198531149031608,4.695652173913044,1.6904755277381047,3,2.1447610589527217,5.636363636363637,1.787401800045305,4.857142857142857,1.8784492084087414,3,2,3.95,1.6693837501494848,3.5238095238095237,2.204972734957229,4.428571428571429,1.7768350675126992,fastidiado
fastidiarse,4.2272727272727275,1.7163587753985023,4.571428571428571,2.0142350550873793,3,1.7693034738587656,4.681818181818182,1.7831583439654703,4.730769230769231,1.9505423308955347,2.9130434782608696,1.4114159066908945,4.363636363636363,1.705605730844883,3.3333333333333335,1.9578900207451218,3.55,1.8202082009311027,fastidiarse
fastidio,3.5217391304347827,1.7804382815218003,4.521739130434782,1.9741411301072243,2.6818181818181817,1.7831583439654708,4.5,2.220038609702865,4.5,1.504379571363837,2.75,1.4817733206914758,4.0,1.6035674514745464,4.2,1.8238190122579827,4.05,1.848897253129978,fastidio
fatiga,3.5714285714285716,2.2928460168844436,4.7727272727272725,2.0454785953372094,3.3333333333333335,2.152517905461725,4.619047619047619,2.1325147238926743,5.434782608695652,1.674028536645053,2.7142857142857144,1.7071279138616748,4.05,1.7006190823220508,2.761904761904762,1.8682816143387457,3.869565217391304,1.6869646713466,fatiga
fatigado,4,2,5,1.7580981459830651,2.909090909090909,2.1136538192269017,3.9545454545454546,2.1264160039007,5.9,1.2096106376585978,3.375,1.636871352943461,,,3.6,2.137386500526187,3.8,1.3992479182911457,fatigado
felicidad,5.88,1.5895492023421816,6.043478260869565,1.1069310921135718,6.6,0.8207826816681218,6.9,0.44721359549995526,6.304347826086956,1.1051442772406617,6.0476190476190474,1.1169686869465267,,,6.25,1.0699237552766379,6.086956521739131,0.848155403763253,felicidad
felicitar,4.15,1.899445902583726,4.086956521739131,1.8068818816921466,5.666666666666667,1.4259499757471619,5.454545454545454,1.47122471584125,3.3333333333333335,2.1291625896895083,4.363636363636363,1.9406786870148713,,,5.333333333333333,1.9321835661585913,3.9047619047619047,2.0224925687072846,felicitar
feliz,5.5,1.7917941611104424,6.130434782608695,1.0997664142934642,6.761904761904762,0.6248809410409255,6.7727272727272725,0.4289320272288891,6.333333333333333,1.0645812948447533,5.363636363636363,1.9891480479617294,,,5.285714285714286,2.077085870705811,6.095238095238095,1.135991280985991,feliz
fenomenal,2.9047619047619047,1.7001400502535637,3.1818181818181817,1.867934016280417,5,1.61245154965971,4.428571428571429,1.8322507626258089,4.130434782608695,2.0737394380483285,4.380952380952381,1.8567765206451337,,,3.8095238095238093,1.8060744065250363,3.1739130434782608,2.145866510993625,fenomenal
ferviente,4.7272727272727275,1.6787441193290353,3.5,1.7159383568311668,3.2,1.751190071541826,4.111111111111111,2.204792759220492,4.166666666666667,1.585922922197518,3.3333333333333335,2.179449471770337,4.6,1.5055453054181622,3.727272727272727,2.1019471492361124,4.583333333333333,1.5050420310248862,ferviente
fervor,4.733333333333333,1.7511900715418263,3.230769230769231,2.006400016357911,3.3125,1.7017148213885114,4.875,2.4748737341529163,4.6923076923076925,1.5483655567842813,3.6,2.2211108331943574,,,3.3125,1.8874586088176875,4.142857142857143,1.9158104473902609,fervor
fervoroso,5.266666666666667,1.2798809468443688,4.2727272727272725,1.7372915179041826,4.444444444444445,1.4240006242195888,4.545454545454546,1.4396969378057562,4.916666666666667,1.9752253419585202,3.8,1.6193277068654823,3.8,1.8135294011647256,4.416666666666667,1.9752253419585195,4.583333333333333,1.7816403745544227,fervoroso
fidelidad,5.6,1.6583123951777,4.434782608695652,1.9499670616453952,6.2,1.0563093645728097,5.55,1.8202082009311036,4.0,2.0225995873897262,6.190476190476191,1.1670067531530224,,,6.65,0.5871429486123978,5.086956521739131,1.7297672854057795,fidelidad
fiel,4.380952380952381,2.178903175365773,3.3181818181818183,2.4954504056928735,6.476190476190476,1.0304876330673547,5.619047619047619,1.8021151593666394,4.3478260869565215,1.991086858344044,6,1.1832159566199232,,,6.333333333333333,0.7302967433402202,4.173913043478261,2.3287174369566115,fiel
firme,5,1.5491933384829668,3.8181818181818183,2.129975712724569,4.523809523809524,1.8335497707738293,3.9523809523809526,1.9098740920854045,3.782608695652174,1.7309094230577289,5.380952380952381,1.3592715135759479,,,4.0476190476190474,1.9098740920854045,4.434782608695652,2.106830600182562,firme
firmeza,4.956521739130435,2.0108401877995083,4,1.5075567228888183,5.636363636363637,1.2552918289216963,3.227272727272727,2.1141657857644396,3.0,1.4509525002200232,5.625,1.6632210760527557,3.4782608695652173,1.9741411301072243,4.3,1.866604008973459,4.4,1.6982963599783725,firmeza
flojear,3.6,2,4.090909090909091,1.6303400436745268,3.35,1.7252002172135514,3.0,1.7770466332772772,4.260869565217392,1.5438261590885693,2.5238095238095237,1.3273676061682242,2.9,1.410487037944882,2.45,1.700619082322051,4.2727272727272725,1.5486343655842068,flojear
flojera,3.9583333333333335,2.3121449982113194,4.090909090909091,1.7970635017820682,3,1.5894388284780525,3.45,1.932410548076104,4.434782608695652,2.0851441405707476,2.7142857142857144,1.4540583599999395,3.5652173913043477,2.0186873988384755,2.05,1.5035046776746235,4.523809523809524,1.123345344008138,flojera
flojo,2.739130434782609,1.8639496507135747,4.6521739130434785,1.8975749033526954,2.8636363636363638,1.9831541626662395,2.8181818181818183,1.7357957866601168,4.1,1.774082416646034,1.75,0.9890707100936805,,,2.8,1.9084300519426678,3.0952380952380953,1.9469145308606102,flojo
fobia,4.0476190476190474,2.085094493690645,4.181818181818182,2.238970078627004,2.9047619047619047,2.142539659020619,4.666666666666667,2.41522945769824,5.826086956521739,1.696310807526506,2.7142857142857144,2.2614786566062732,,,3.5714285714285716,1.9892568605242658,5.086956521739131,1.8068818816921466,fobia
fóbico,4.4,2.112618729145617,4,2.138089935299395,2.7142857142857144,2.02837021134844,5.0476190476190474,2.438774087040259,5.565217391304348,1.9731397903876624,2.5714285714285716,1.9892568605242655,4.869565217391305,2.221881836030132,3.142857142857143,2.080521912542963,5.173913043478261,1.800307395798726,fobico
fogosidad,4.875,1.6235361299390263,5.318181818181818,1.523978616159302,4.444444444444445,1.2935233335271095,5.578947368421052,1.6095475373078616,5.65,1.8715318802914809,3.75,1.943274501832843,5.238095238095238,1.6704718466577617,5.35,1.4964871146156,4.590909090909091,1.5010818609412189,fogosidad
fogoso,4.208333333333333,1.8876985450811388,5.260869565217392,1.0961665145715696,4.888888888888889,1.4907119849998596,5.2105263157894735,1.9025990226360547,5.409090909090909,1.9678146183760234,3.9473684210526314,1.8096557134354567,5.7368421052631575,1.2401659953032236,5.15,1.6944180805158287,4.090909090909091,2.0215291456172695,fogoso
formidable,3.7,1.5252264715358448,2.8823529411764706,1.4526851405748797,5,1.6733200530681511,4.444444444444445,2.1205499348385533,3.761904761904762,2.233937373893053,3.772727272727273,1.8239626714491246,3.7058823529411766,2.1437323142813605,3.1578947368421053,2.2425966570210236,4.45,1.731290969494334,formidable
fracasado,4.76,2.402776172125346,3.5652173913043477,2.0186873988384755,2.9,1.6827296120792614,5.1,2.3819496658255215,4.173913043478261,2.1669453555438456,2.4761904761904763,1.6917165134574887,,,3.3,2.0799797569865155,4.695652173913044,2.00985713216129,fracasado
fracasar,4.5,1.970013294613105,3.7142857142857144,2.2834810518779687,3.7916666666666665,2.084709690281508,5.090909090909091,1.715728108915555,5.038461538461538,1.886388490863305,2.869565217391304,1.4555332614196126,,,2.9047619047619047,1.6402671094904604,4.6,1.569445091341791,fracasar
fracaso,4.6,1.6026294183720637,4.478260869565218,1.7286243931201823,3.5714285714285716,2.4611263391266323,5.0,2.0930724738891344,3.9047619047619047,2.2562083659263807,3,2.0930724738891344,,,3.5714285714285716,1.9639610121239317,4.380952380952381,2.085094493690645,fracaso
frágil,3.4347826086956523,1.7535959666437562,4.391304347826087,1.5296800151066234,3.227272727272727,2.1141657857644396,4.045454545454546,2.3396636454896615,3.35,1.8431951662948316,2.9166666666666665,1.909169331471644,,,3.75,1.9701723141310308,3.0476190476190474,1.9868616075658234,fragil
fragilidad,3.590909090909091,1.943465018222936,4.545454545454546,1.8955404488096772,3.3333333333333335,2.37346441585572,5.045454545454546,2.0811460379244973,4.583333333333333,1.4116492564331995,3.8095238095238093,2.1358615970855324,4.173913043478261,1.874522337048791,3.55,1.1909748329127607,3.4761904761904763,1.9395630337539334,fragilidad
frenesí,4.176470588235294,2.1574085762103303,4.315789473684211,2.001461454341895,4.428571428571429,1.5548576840284833,5.357142857142857,1.945691210268034,5.2,2.0424075429327444,3.533333333333333,1.641718031587061,4.9411764705882355,1.6382379343098379,3.7058823529411766,1.829094922439543,4.444444444444445,1.7564075040438192,frenesi
frenético,4.9,1.744163198544762,4.363636363636363,1.9159842564581968,3.5789473684210527,1.9239943830388153,5.375,1.4548768561863463,5.0,1.318760946791574,3.95,2.0894471693929497,4.1875,1.2230426539304888,3.625,1.3601470508735443,4.105263157894737,1.6962290477574484,frenetico
frialdad,5.0476190476190474,2.0609752661347125,3.5454545454545454,1.8186146670912193,3.0952380952380953,1.7001400502535637,5.0476190476190474,2.334013506306047,4.086956521739131,2.0206444399174166,2.857142857142857,2.007130147392398,4.043478260869565,2.1632942234548684,4.476190476190476,2.0154167712671147,4.043478260869565,2.0775479618042128,frialdad
frustración,4.85,1.8144159564878983,4.909090909090909,1.9250007027603153,3.238095238095238,2.0953463175513947,5.590909090909091,1.8428521091243049,5.333333333333333,1.4259499757471619,3.8181818181818183,1.5003607069909055,4.35,1.6944180805158295,4.190476190476191,1.7781745588959377,5.285714285714286,1.5212776585113306,frustracion
frustrado,4.65,1.496487114615601,5.130434782608695,1.5755041855657435,2.7142857142857144,1.736169840276496,5.954545454545454,1.5576928215816264,4.714285714285714,1.9784553859730356,3.590909090909091,1.7636296692870672,,,3.5714285714285716,2.0873770280289228,5.476190476190476,1.503963018795595,frustrado
frustrarse,4.65,1.598519051464429,5.2727272727272725,1.2024506001859063,2.857142857142857,1.5901482410679293,5.818181818181818,1.789822115033559,5.142857142857143,1.9566735620873064,3.590909090909091,2.1304837570282102,4.363636363636363,1.7874018000453042,3.380952380952381,2.085094493690645,5.190476190476191,1.6618979396776323,frustrarse
fuerte,4.260869565217392,2.0049346238343535,5.260869565217392,1.7377464849194204,5.909090909090909,0.9714540358261662,4.136363636363637,2.076981659488791,3.65,2.084403234046921,4.666666666666667,2.180280529749738,,,4.25,2.0994986870303363,3.761904761904762,1.7001400502535637,fuerte
fuerza,4.5,1.9940387348771529,5.523809523809524,1.8335497707738286,5.291666666666667,1.2676293062133803,4.5,2.132514723892674,4.653846153846154,2.0580050085907504,4.478260869565218,1.9038135226050255,,,3.3333333333333335,2.1984843263788196,3.85,1.7851728502481654,fuerza
funesto,3.3333333333333335,2.2509257354845507,3.142857142857143,1.864454471471609,3.888888888888889,2.260776661041756,3.8333333333333335,2.5625508125043424,3.8181818181818183,1.4709304414677,2.5,1.8516401995451028,3.6363636363636362,2.335496832484569,2.5714285714285716,1.1338934190276817,3.75,1.4880476182856899,funesto
furia,5.36,1.7530925056406272,4.913043478260869,1.9751419621766402,3.8,2.0925934551223877,5.85,1.8994459025837254,5.956521739130435,1.4917427535227863,4.190476190476191,2.0885173597326796,,,4.1,2.074912807299318,4.6521739130434785,1.4957119208583007,furia
furioso,5.045454545454546,1.463110604394843,5.333333333333333,2.129162589689508,3.125,2.028331934073565,5.5,1.9210612146613628,5.615384615384615,1.7453234216482192,2.347826086956522,1.5842605287404283,5.130434782608695,2.117123860036341,3.857142857142857,1.9048809486609466,4.45,1.7614288458371994,furioso
furor,4.2631578947368425,1.6276126096272243,4.411764705882353,2.1230527410256372,3.263157894736842,1.5931138364556476,4.315789473684211,1.857496271237393,4.777777777777778,2.045239970259654,3.588235294117647,2.0328189641914673,,,3.0,1.541103500742244,3.7142857142857144,1.927248223318863,furor
generosidad,5.136363636363637,1.4895015000377543,5.181818181818182,1.6223546566748686,6.238095238095238,1.0442586798663407,6.2727272727272725,1.2414207752110247,4.041666666666667,1.6544844636864104,5.9523809523809526,1.6874889770363088,4.85,1.7252002172135514,6.2,0.9514531821875101,5.761904761904762,1.2611408289624886,generosidad
generoso,4.739130434782608,2.157805941741156,3.6956521739130435,2.2040207598571806,6.318181818181818,0.7798878818298867,4.863636363636363,1.93453463200436,3.55,1.9049796241485242,5.541666666666667,1.6934443076725043,,,5.4,1.6982963599783716,3.75,1.996707816698066,generoso
goce,4.826086956521739,1.969129339513082,5.523809523809524,1.503963018795595,5.166666666666667,1.2947859237091257,6.333333333333333,1.0289915108550531,5.65,1.6311119875071336,4.4,1.984147702481637,,,4.7368421052631575,1.8511889651776021,4.45,1.5381123085406379,goce
gozar,5.285714285714286,1.6475089420958287,5.545454545454546,1.9204977709728512,5.666666666666667,1.7416467303484169,6.285714285714286,1.3093073414159553,5.739130434782608,1.4837725660181156,4.9523809523809526,2.1089378956287566,,,5.857142857142857,1.0141851056742195,3.8260869565217392,2.2084995711412816,gozar
gozo,4.478260869565218,2.233414939613801,4.590909090909091,2.0156315543200254,5.7272727272727275,1.1621744062959531,5.363636363636363,1.9891480479617294,5.65,1.3088765773505306,4,2.043015673820997,,,5.05,1.5719582155957412,4.65,1.598519051464429,gozo
gozoso,4.5,1.4689774459950382,4.363636363636363,1.705605730844883,5.65,0.9880869341680831,5.523809523809524,1.6618979396776323,5.0,1.6733200530681511,3.65,1.755442664221313,,,4.052631578947368,2.0131148946216086,4.1,1.5861240410775606,gozoso
gracia,4.72,1.8601075237738272,4.304347826086956,2.0323471117426513,4.95,1.0990426455975695,4.05,2.0894471693929497,4.304347826086956,1.5206094056091057,3.5714285714285716,2.2488092087019873,,,4.8,1.6415653633362464,3.9565217391304346,2.055552588159142,gracia
gracioso,4.681818181818182,1.756250433285522,5.5,1.5961262630566064,5.619047619047619,1.5961262630566069,5.090909090909091,2.113653819226902,3.9166666666666665,1.691838893210494,4.523809523809524,1.9136103997169231,,,5.7,1.0809352675491632,4.333333333333333,1.7416467303484178,gracioso
grandiosidad,4,1.5430334996209192,4.619047619047619,1.9868616075658234,4.043478260869565,1.8458371067095627,3.727272727272727,1.9562310259373321,4.153846153846154,1.9938366571473738,3.8260869565217392,1.5270939101039855,3.6818181818181817,2.0790648913660252,3.4285714285714284,2.0632844828435215,3.85,1.6944180805158295,grandiosidad
grandioso,4.08,1.8466185312619385,3.9565217391304346,1.609016098839322,3.789473684210526,1.750522060809322,3.9,2.074912807299318,3.869565217391304,1.8902704911319623,3.238095238095238,2.2562083659263807,,,3.25,1.7129537431920892,4.0,1.954016841836789,grandioso
gratificado,4.88,1.7635192088548397,4.782608695652174,1.8079753050186589,5.7,1.4545753585442773,5.85,1.5652475842498519,4.869565217391305,1.8660689801653036,4.619047619047619,2.2907682221514793,4.523809523809524,1.7498299237082335,5.45,1.5381123085406387,4.739130434782608,1.5438261590885693,gratificado
grima,3.1052631578947367,1.7605156076213475,3.8095238095238093,2.11232212550661,2.7,2.054520048960084,4.523809523809524,2.1821789023599236,5.136363636363637,1.8072724659646004,2.8095238095238093,1.8606194564995717,5.3478260869565215,1.9448929779430477,2.8095238095238093,2.0154167712671147,3.9565217391304346,2.225436849241172,grima
grimoso,2.642857142857143,1.9848325973644323,3.5,1.6733200530681511,2,1.7320508075688772,2.8421052631578947,1.8337320140672693,4.75,1.764549903980152,2.0625,1.4361406616345072,4.666666666666667,1.7182493859684487,3.857142857142857,1.6104057232283404,2.9285714285714284,1.7743595036946849,grimoso
gustar,4.95,1.6375527311718607,5.173913043478261,1.435022138348189,6.190476190476191,0.7496030695673273,6.181818181818182,0.8528028654224412,4.9523809523809526,1.3592715135759479,4.636363636363637,1.839913417876337,,,5.380952380952381,1.5961262630566069,5.666666666666667,1.23827837473378,gustar
gusto,3.96,2.3,4.782608695652174,1.8329440238224415,5.4,1.5008769366431634,4.5,2.2826577307580465,4.565217391304348,1.9731397903876624,3.8095238095238093,2.1358615970855324,,,4.45,1.848897253129978,4.434782608695652,2.2728853699952274,gusto
gustoso,3.4545454545454546,1.9204977709728506,4.0476190476190474,2.0609752661347125,4.791666666666667,1.8172881532338396,4.818181818181818,1.9672645653622365,4.6923076923076925,1.7382573059068274,3.6818181818181817,2.0327406701383803,5.545454545454546,1.47122471584125,3.0,1.760681686165901,3.75,1.7129537431920892,gustoso
hartarse,5.08,1.9561867668161617,4.173913043478261,2.0593947458822917,4,1.9466570535691503,4.95,1.9594574974238472,5.086956521739131,1.7032867552913658,3.6666666666666665,1.8797162906495581,4.590909090909091,1.5934117606447615,3.75,2.022895267471328,5.130434782608695,1.3586205512841103,hartarse
hartazgo,3.3333333333333335,1.2110601416389963,4.666666666666667,2.0655911179772892,2.6363636363636362,2.013590190318143,3.8333333333333335,2.48327740429189,4.571428571428571,2.20887321481358,1.8181818181818181,1.6624188291872668,3.4545454545454546,1.8090680674665816,3.25,1.864744681524183,4.75,1.0350983390135313,hartazgo
harto,4.85,1.6311119875071343,4.869565217391305,1.6598014072359526,2.619047619047619,1.6575943555704598,5.136363636363637,1.7537837882012643,4.333333333333333,2.1055482263138345,3.3636363636363638,1.8909673650694174,,,4.35,1.7851728502481654,4.142857142857143,1.7113069358158484,harto
hastiado,3.6666666666666665,1.751190071541826,3.909090909090909,1.513574937328539,2.8,2.1499353995462798,3.3333333333333335,2.179449471770337,5.125,1.7268882005337975,3.5833333333333335,1.6764862244009222,4.153846153846154,1.9513309067639724,3.5,1.6431676725154984,3.4285714285714284,1.5118578920369086,hastiado
hastiarse,3.9,1.7919573407620817,3.6,2.4083189157584592,3.4,2.270584848790187,3.4285714285714284,2.225394561056747,3.7,2.4517567397911053,2.888888888888889,2.0275875100994063,4.153846153846154,2.0349510168614966,3.1,0.9944289260117535,4.4,0.6992058987801015,hastiarse
hastío,3.3846153846153846,1.8045526471705544,3.25,2.3754698783308417,1.75,1.0350983390135313,4.875,1.8850918886280925,4.222222222222222,1.7159383568311664,2.2857142857142856,1.1126972805283737,,,3.5,1.6787441193290353,4.0,2.1213203435596424,hastio
hechizado,3.0434782608695654,2.055552588159142,3.8636363636363638,1.88466125655197,3.0454545454545454,1.6755176237089564,3.6818181818181817,2.1905938233048357,3.35,1.8431951662948316,2.6666666666666665,1.9486152645597752,3.347826086956522,1.9681254499043663,3.6,1.9303667499917432,2.7,1.809332531771403,hechizado
hechizar,3.6666666666666665,2.239306310807699,2.772727272727273,1.7163587753985023,2.55,1.8202082009311027,3.1,1.744163198544762,2.8260869565217392,1.9224079103855778,2.4285714285714284,1.886038933093073,,,2.65,1.8715318802914818,3.130434782608696,1.6869646713465998,hechizar
herida,3.0476190476190474,1.6874889770363088,4.590909090909091,2.239453396512532,3.0952380952380953,2.188715648611347,3.5238095238095237,2.315578709935113,4.260869565217392,2.157805941741156,2.4761904761904763,1.7498299237082335,5.5,1.371478173706159,3.0,1.816590212458495,2.739130434782609,1.9821336370034972,herida
herido,4.318181818181818,2.124379206494691,5.476190476190476,1.8060744065250356,3.375,2.08123082312617,4.7272727272727275,2.0512903762734833,5.115384615384615,1.8617609530103074,2.652173913043478,1.4957119208583007,,,3.3333333333333335,1.7126976771553504,3.4,1.6982963599783725,herido
herir,5.434782608695652,1.9731397903876624,4.6521739130434785,1.991086858344044,3.0454545454545454,2.6090916632727392,4.863636363636363,2.1667499151506147,4.3,2.4083189157584592,3,2.303116980547657,,,5.6,1.353358395757908,3.8,1.8524521444205841,herir
hiperactividad,5.043478260869565,2.344786496765754,5.3478260869565215,1.8242980132387145,3.1818181818181817,1.435481125130547,3.090909090909091,1.9495809295501945,5.05,2.0124611797498106,3.2916666666666665,1.8991798382383418,4.95,1.5719582155957412,3.45,2.1878853044122666,4.571428571428571,2.2928460168844436,hiperactividad
hiperactivo,5.681818181818182,1.7831583439654703,5.2727272727272725,1.9562310259373321,3.0476190476190474,1.9615348703551125,3.5454545454545454,2.5584085962673253,5.083333333333333,1.6129008882638514,3.1904761904761907,2.1358615970855324,3.8181818181818183,1.8162327215148664,3.8,1.7651599003161753,3.857142857142857,2.197401062294143,hiperactivo
histeria,4.590909090909091,1.893826836482176,5,1.9760470401187074,2.4285714285714284,1.9123657749350298,5.714285714285714,1.9784553859730365,5.25,1.6746187106583268,3.0952380952380953,2.3217399058628834,,,3.55,1.9594574974238472,4.904761904761905,1.786190412715338,histeria
histérico,5,1.9023794624226837,4.7272727272727275,2.271601452758199,2.8095238095238093,1.9904534061124772,6.0,1.5430334996209192,5.916666666666667,1.2825472842090018,3.380952380952381,2.3974192473614306,4.818181818181818,1.842264745887353,3.4,2.112618729145617,4.809523809523809,1.8606194564995717,histerico
honra,3.6363636363636362,2.0597146021777486,3.6666666666666665,2.221110833194358,4.782608695652174,1.5062452335384542,4.818181818181818,1.8162327215148664,3.8076923076923075,2.0399849169879816,5.173913043478261,1.5565747335691187,,,4.238095238095238,1.757975025555309,4.45,1.848897253129978,honra
honrado,4.304347826086956,2.2040207598571806,3.608695652173913,1.751340536814393,6.090909090909091,0.9714540358261662,4.681818181818182,1.8869568253158469,3.55,2.139232523470435,6.25,1.3269776053940743,,,4.9,1.8035053587243286,4.25,1.9159991209755154,honrado
honrar,4.9,1.6827296120792614,3.1739130434782608,1.825381004140418,5.095238095238095,1.6704718466577617,5.0,1.7728105208558367,3.619047619047619,2.0609752661347125,4.954545454545454,1.3265520192364344,3.090909090909091,1.6303400436745268,4.857142857142857,1.5259657363687522,4.428571428571429,1.6903085094570336,honrar
horrible,2.9545454545454546,1.8892496048071759,3.9545454545454546,2.319221394948718,2.7142857142857144,2.2614786566062732,4.636363636363637,2.0129451189607854,3.6666666666666665,1.9927404479142843,2.8095238095238093,2.0885173597326796,,,2.7,1.809332531771403,4.238095238095238,1.6094956323259126,horrible
horror,4.190476190476191,2.0885173597326796,4.409090909090909,2.32295154837631,2.5238095238095237,2.11232212550661,4.238095238095238,2.0953463175513947,5.173913043478261,1.7228985595908768,2.238095238095238,1.841324574993825,,,2.7142857142857144,1.7647338933351153,4.130434782608695,1.9377669394079495,horror
horrorizado,4.35,1.6311119875071343,5,1.9306145983268455,2.6666666666666665,1.8529256146249726,5.5,2.1767166186932183,4.714285714285714,2.052872551885702,2.727272727272727,1.7232808737106584,4.409090909090909,1.7087754152940695,2.9523809523809526,2.0365704131257156,4.571428571428571,1.3989792196965822,horrorizado
horrorizarse,4.428571428571429,2.111194651646991,4.5,2.241385625859487,2.9047619047619047,2.0224925687072846,4.714285714285714,2.1480888515807983,5.434782608695652,1.5904855449750885,2.4761904761904763,1.569045812557671,4.681818181818182,1.961203800302341,3.4285714285714284,1.9892568605242655,4.304347826086956,1.98711262911555,horrorizarse
horroroso,3.32,1.8867962264113207,4.130434782608695,1.9841267331701957,3.15,2.058998223459779,4.3,1.7800059136507322,4.217391304347826,1.8079753050186589,2.9047619047619047,1.786190412715338,,,2.55,1.7006190823220508,5.0,1.5954480704349312,horroroso
hostil,4.666666666666667,1.8149704259460602,4,1.8516401995451028,4.15,2.007223796297028,5.1,1.9166857359844658,3.9523809523809526,1.9868616075658234,3.9545454545454546,1.8892496048071754,,,4.476190476190476,1.503963018795596,3.619047619047619,1.5961262630566069,hostil
hostilidad,4.52,2.0024984394500787,3.3043478260869565,2.0323471117426513,4.722222222222222,1.7758363582385142,5.315789473684211,1.6004385363930496,4.565217391304348,1.5616450230015826,3.25,1.9159991209755154,4.2727272727272725,1.804275825757042,4.894736842105263,1.7286711930171252,5.136363636363637,1.166821263721168,hostilidad
humillación,4.428571428571429,2.2264642052238024,4.136363636363637,2.273982337441448,3,2.4289915602982237,5.0,2.280350850198276,4.869565217391305,1.6321861476416708,3.6666666666666665,2.3523038352503134,,,4.761904761904762,1.9724290077151547,4.260869565217392,1.8881783261398661,humillacion
humillado,4.636363636363637,1.705605730844883,4.318181818181818,2.1905938233048357,2.6666666666666665,2.152517905461725,5.954545454545454,1.7855844108615224,5.708333333333333,1.1601786469133213,3.0476190476190474,2.4995237641636954,5.086956521739131,2.0206444399174166,4.5,2.417044737516849,5.0,1.8439088914585775,humillado
humillante,3.761904761904762,1.9210612146613626,4.090909090909091,2.2447630251233734,2.9047619047619047,2.233937373893053,4.714285714285714,2.216818827573808,4.739130434782608,2.0718325508054636,3.5238095238095237,2.2498677209793385,4.45,1.6375527311718607,3.857142857142857,2.1514114968019085,4.217391304347826,2.194135193877501,humillante
humillarse,3.782608695652174,2.255428234668337,4.260869565217392,2.0718325508054636,3.227272727272727,2.5435599009453207,5.045454545454546,1.9634098795153183,4.6,1.5355437918998291,2.25,1.8474424154113356,4.136363636363637,1.9345346320043593,5.0,1.7770466332772772,4.85,1.9540780569443943,humillarse
humor,5.15,1.6311119875071336,5.304347826086956,1.869243468958781,6.523809523809524,0.6015852075182361,5.7727272727272725,1.5097088392205895,4.809523809523809,1.6618979396776332,4.863636363636363,1.93453463200436,,,5.095238095238095,1.9210612146613633,4.904761904761905,1.5461164867099082,humor
huraño,2.9,1.6633299933166201,2.7,2.0027758514399734,2.5,1.2692955176439846,4.2,2.250925735484551,3.8333333333333335,1.4668044012461752,2.625,1.9955307206712847,2.857142857142857,1.5735915849388862,3.7777777777777777,2.3863035105460586,4.0,2.0701966780270626,hurano
ilusión,4.826086956521739,1.9920791768000383,4.782608695652174,1.5654369630794764,6.409090909090909,0.6661253213344664,6.045454545454546,1.5576928215816264,5.75,1.2085223687584246,5.166666666666667,2.1196116680157258,,,5.05,1.9049796241485242,5.428571428571429,1.3989792196965813,ilusion
ilusionado,5.1,1.552586975273679,5.3478260869565215,1.3351436985029648,6.142857142857143,0.9636241116594311,6.318181818181818,1.08611863056191,5.238095238095238,1.6704718466577617,4.909090909090909,1.715728108915555,,,4.809523809523809,1.8335497707738293,5.0476190476190474,1.4654757069358222,ilusionado
ilusionarse,4.565217391304348,2.128296095183822,5.173913043478261,1.800307395798726,5.909090909090909,1.0649878563622859,6.2727272727272725,0.8270324564263996,5.8,1.0563093645728097,4.958333333333333,2.31214499821132,5.5,1.535298947157477,5.5,1.504379571363837,5.285714285714286,1.5537971921347125,ilusionarse
impaciencia,5.0476190476190474,1.430950400125402,4.454545454545454,2.017241698276156,3.1904761904761907,1.9904534061124772,5.095238095238095,1.8413245749938256,5.434782608695652,1.1994728750020207,3.5714285714285716,1.7768350675126992,,,3.7142857142857144,1.9530196400153568,4.434782608695652,1.9960435173913817,impaciencia
impacientarse,5.32,1.7492855684535908,4.956521739130435,1.6090160988393212,3.65,2.1095023109728985,4.6,1.8750438591361567,5.304347826086956,1.3959285801180918,3.9523809523809526,1.6271505915615334,4.478260869565218,1.8554481256654882,3.2,1.472555959083246,5.043478260869565,1.2960871487802041,impacientarse
impaciente,5.2272727272727275,1.5097088392205895,4.714285714285714,2.1010201603710787,3.1666666666666665,1.761093204621016,4.409090909090909,1.816828500675229,4.730769230769231,1.909087579084675,3.4347826086956523,1.9499670616453952,4.409090909090909,1.6521008532886934,3.380952380952381,1.5321941938341392,4.35,1.8144159564878983,impaciente
impactado,4.909090909090909,1.7432616094439302,5.2727272727272725,1.6382865085151268,4,1.61245154965971,4.545454545454546,2.1542266920388484,4.541666666666667,1.5316704909195131,4,1.9235384061671346,4.7272727272727275,1.4203225046854737,2.95,1.5381123085406379,4.238095238095238,1.6704718466577608,impactado
impactarse,4.285714285714286,1.8746428231227712,4.454545454545454,1.8702501163843026,3.857142857142857,1.7968225924034424,4.6,1.8467610337532774,5.217391304347826,1.1660547990838181,3.45,1.5035046776746235,5.136363636363637,0.7101612523427379,3.5714285714285716,1.9383350734955136,4.304347826086956,2.1199224387333278,impactarse
impacto,4.2727272727272725,1.9804236723685977,5.045454545454546,1.889249604807176,3.7142857142857144,1.7647338933351153,3.6363636363636362,2.0364641286273977,3.7916666666666665,1.9105921382756128,3.1904761904761907,1.8060744065250363,4.391304347826087,1.9244628633083474,3.0,1.8064212949190015,3.2857142857142856,1.736169840276496,impacto
impasible,3.5555555555555554,2.175322078173908,3.111111111111111,1.8751906221184675,3.6666666666666665,1.7752507291971888,4.333333333333333,1.8257418583505536,3.263157894736842,2.2813764184310092,4,2.273030282830976,2.764705882352941,1.678146736905994,3.2222222222222223,1.8328876463610655,4.5,1.820930936000652,impasible
imperturbable,3.45,2.0384462607326044,3.4285714285714284,1.5675276256394517,4.277777777777778,1.5645166724265522,4.0,2.176428750330035,3.9583333333333335,1.7315277663950701,3.65,2.158825216591069,2.3333333333333335,1.4142135623730951,3.5294117647058822,1.9078013215093814,4.578947368421052,1.9239943830388158,imperturbable
importante,4.285714285714286,2.3694483987387684,4.954545454545454,2.148693351058526,5.619047619047619,1.4654757069358222,3.6363636363636362,2.1054454238712608,4.0,2.12643813228478,4.714285714285714,2.1246848505803664,,,4.55,1.9861361590045288,4.619047619047619,2.246690688016276,importante
impotencia,3.9047619047619047,1.8682816143387457,4.7272727272727275,1.804275825757042,2.857142857142857,2.1280440382124213,5.190476190476191,2.227533335756114,5.6521739130434785,1.3006535298622324,4,2.1908902300206643,4.363636363636363,2.0597146021777486,4.0476190476190474,1.9098740920854045,4.869565217391305,1.7915038838941721,impotencia
impotente,4,2.309401076758503,4.818181818181818,2.038588765750502,2.9523809523809526,2.0365704131257156,6.090909090909091,1.3059968245090445,5.583333333333333,1.3805061033727004,4.25,2.1490511982341367,,,3.1,1.8035053587243286,5.190476190476191,1.56904581255767,impotente
impresión,4.92,1.934769581457527,3.9130434782608696,1.85651294533745,4.4,1.465390194130093,3.8,1.8806493839265088,4.260869565217392,2.0049346238343535,3.5714285714285716,1.8860389330930734,3.55,1.7910596686995397,5.4,1.1424811411549578,5.695652173913044,1.3292096971404963,impresion
impresionado,4.65,1.1367080817685318,5.130434782608695,1.5755041855657435,4.666666666666667,1.9061304607327731,5.409090909090909,1.8428521091243049,4.857142857142857,1.6818357317441641,3.772727272727273,2.1365708658818376,,,4.0476190476190474,1.9358768162305804,5.190476190476191,1.503963018795595,impresionado
impresionante,4.2727272727272725,1.5175738212786565,4.863636363636363,1.7264181070990545,4.857142857142857,1.82443729093971,4.409090909090909,2.239453396512532,4.125,1.596531566702726,3.6666666666666665,2.081665999466133,,,4.05,1.7910596686995397,4.523809523809524,1.7781745588959377,impresionante
impulsado,4.434782608695652,1.8046930475976881,3.8260869565217392,1.8501148345942664,4.409090909090909,1.7364191645888716,3.4545454545454546,2.0868584894473208,4.05,1.6375527311718607,4.208333333333333,1.8645238736369985,2.9130434782608696,1.9980227380237892,3.5,1.5727950313140984,4.476190476190476,1.6618979396776332,impulsado
impulsivo,5.7727272727272725,1.4452489711965164,5.363636363636363,1.3643576735855825,4.0476190476190474,1.9358768162305804,5.590909090909091,1.7087754152940704,5.166666666666667,1.7610932046210162,4.714285714285714,2.02837021134844,4.636363636363637,1.8909673650694172,3.8,1.7044832524535805,4.523809523809524,2.0154167712671147,impulsivo
impulso,6.136363636363637,0.8335497554466658,4.863636363636363,1.5521246435421707,4.619047619047619,1.5961262630566069,4.318181818181818,2.1466776908108742,5.291666666666667,1.5736738147921,4.761904761904762,1.8948551898433268,4.0,2.0,3.3,1.688973528196155,4.619047619047619,1.9868616075658234,impulso
incertidumbre,4.55,1.5381123085406379,4.260869565217392,1.8145220082922868,3.238095238095238,1.8682816143387457,3.909090909090909,2.04494943258218,4.0476190476190474,1.9615348703551125,3.5,1.819209666180292,3.55,1.5381123085406379,2.8,1.542383664469075,4.9523809523809526,1.7457431218879393,incertidumbre
incierto,2.5714285714285716,1.6300744943538186,2.590909090909091,1.4690162211523254,3.3333333333333335,1.770122406313567,3.1,1.8890264827766654,3.217391304347826,1.8079753050186589,3.4761904761904763,1.8873009198071096,,,2.4761904761904763,1.2891488517253398,4.521739130434782,2.1292244686609876,incierto
incitado,4.809523809523809,1.7210185245675778,4.136363636363637,1.9097607565310755,4.2,1.542383664469075,4.666666666666667,1.7416467303484178,4.166666666666667,1.7110044511584583,4,2.077447826946374,3.4545454545454546,1.6826077472687537,4.15,1.6311119875071343,4.761904761904762,1.5461164867099082,incitado
incomodarse,4.086956521739131,1.755848499321388,4.826086956521739,1.3366230825562366,3.272727272727273,1.931735419668473,4.590909090909091,2.1965143579488218,5.5,1.4689774459950382,2.7083333333333335,1.7315277663950706,4.608695652173913,2.083247692574409,5.1,1.4832396974191318,4.142857142857143,1.5259657363687522,incomodarse
incomodidad,4.681818181818182,1.3587937099943999,5.238095238095238,1.8682816143387464,3.125,2.0496553262736006,4.681818181818182,1.9367710889731522,5.1923076923076925,1.600480697021511,2.608695652173913,1.5879984667608413,,,3.761904761904762,2.0224925687072846,3.55,1.5035046776746235,incomodidad
incómodo,4.4,1.465390194130093,5.173913043478261,1.6418441381303663,2.619047619047619,1.7168631417847633,5.318181818181818,1.961203800302341,5.0,1.760681686165901,3,1.9760470401187074,,,4.428571428571429,2.1347465557163594,4.428571428571429,1.660464650976605,incomodo
inconforme,4.956521739130435,1.3644266484686456,4.565217391304348,1.8297065576087665,3.6818181818181817,1.728923795075274,4.181818181818182,2.217599810098503,4.25,1.943274501832843,4.083333333333333,1.863065885242286,3.5217391304347827,2.2536750838129285,4.4,1.7591864148251213,5.052631578947368,1.9285482222682524,inconforme
inconsolable,3.0952380952380953,1.757975025555309,3.5714285714285716,2.0873770280289228,2.9047619047619047,2.0953463175513947,4.666666666666667,2.2435091560618456,5.130434782608695,1.6040955487888704,2.7,1.6575187543592473,3.590909090909091,1.8428521091243042,4.142857142857143,1.8516401995451028,3.652173913043478,2.2884829364008,inconsolable
indecisión,5.32,2.096027989634999,4.391304347826087,2.0613131391682122,3.85,2.1095023109728985,5.25,1.860248992954834,4.043478260869565,2.142179452409184,4,1.5491933384829668,3.590909090909091,1.5324767040594283,3.35,1.6944180805158295,5.739130434782608,1.1761799222424114,indecision
indeciso,4.857142857142857,1.8516401995451028,3.8181818181818183,1.9672645653622365,3.761904761904762,1.9469145308606102,4.904761904761905,2.2562083659263807,4.6521739130434785,2.0584348787847597,4.285714285714286,1.8746428231227712,3.65,2.207046132634963,3.5714285714285716,1.8047556225547154,5.782608695652174,1.2044056149717564,indeciso
indefensión,4.111111111111111,1.529663126654281,3.5,1.538967528127731,3.210526315789474,2.439921386903481,4.947368421052632,2.1723945879176823,4.15,2.007223796297028,2.909090909090909,1.8233692233542071,3.473684210526316,1.4669856112538153,3.25,1.7129537431920892,3.9523809523809526,1.5644868320376009,indefension
indefenso,3.75,2.0742785683093214,3.9130434782608696,1.9048513060141246,3.0476190476190474,1.9358768162305804,4.954545454545454,1.9390049664042281,4.095238095238095,2.2114421065169645,3.1363636363636362,1.8846612565519705,,,3.619047619047619,2.0365704131257156,3.9523809523809526,1.8567765206451337,indefenso
indiferencia,3.5,2.041241452319315,4.318181818181818,2.124379206494691,3.4285714285714284,2.1111946516469904,4.954545454545454,2.319221394948719,4.25,1.9167454300136626,4,2.0976176963403033,2.5,1.5727950313140984,3.05,1.9861361590045288,5.095238095238095,1.6704718466577617,indiferencia
indiferente,3.4285714285714284,2.2264642052238024,3.272727272727273,1.804275825757042,3.4761904761904763,1.6917165134574887,4.666666666666667,1.6532795690182995,3.652173913043478,1.8975749033526954,3.4761904761904763,1.7498299237082335,,,3.5714285714285716,1.8593393604027368,4.0,2.15322168769582,indiferente
indignación,4.818181818181818,1.8679340162804168,5,1.745743121887939,3.2857142857142856,2.216818827573808,6.318181818181818,1.1705254675272423,5.166666666666667,1.7362294645648628,4.666666666666667,1.9061304607327731,4.318181818181818,2.009178074934259,3.95,1.3945382182304158,5.0476190476190474,1.321975433818287,indignacion
indignado,4.681818181818182,1.6150000335062247,5.363636363636363,1.5597757636597749,3.238095238095238,2.0953463175513947,5.954545454545454,1.758713618834401,5.083333333333333,1.742478661005056,4.714285714285714,2.0035682454774815,4.136363636363637,1.7264181070990536,3.8,1.7651599003161753,5.571428571428571,1.247855302966997,indignado
indignarse,5.136363636363637,1.8334317171555266,5.590909090909091,1.532476704059429,3.6666666666666665,2.1291625896895083,6.136363636363637,1.206942399913914,5.375,1.5269321331121546,4.9523809523809526,1.8296499795368097,4.181818181818182,1.9913231694950884,4.05,1.9049796241485242,5.190476190476191,1.4359334113755968,indignarse
indispuesto,3.45,1.9049796241485242,4.739130434782608,1.789296238096974,2.9523809523809526,1.9358768162305804,4.2272727272727275,2.0454785953372094,5.142857142857143,1.7968225924034424,2.3181818181818183,1.7289237950752743,3.590909090909091,1.6521008532886934,2.4285714285714284,1.7196345126633323,3.4285714285714284,1.9639610121239313,indispuesto
inestabilidad,4.15,1.8144159564878983,4.565217391304348,1.7274807447031526,2.8095238095238093,2.204972734957229,4.954545454545454,1.7855844108615224,3.619047619047619,1.9098740920854045,3.272727272727273,1.931735419668473,2.95,1.9049796241485242,4.238095238095238,2.165750722146062,4.619047619047619,1.9358768162305804,inestabilidad
inestable,3.9523809523809526,2.0118695404073916,3.9545454545454546,1.863873915807068,2.7142857142857144,2.02837021134844,5.238095238095238,1.8948551898433275,4.086956521739131,2.10870583918325,3.380952380952381,1.6874889770363088,4.090909090909091,1.7432616094439293,4.142857142857143,2.031888635868469,4.869565217391305,1.9841267331701953,inestable
infelicidad,3.8181818181818183,2.0150945537631877,5.181818181818182,2.084783045383942,2.5238095238095237,2.3583690894142846,6.545454545454546,1.3354960814430665,5.291666666666667,1.398109489606425,2.9047619047619047,2.2114421065169645,4.863636363636363,1.5521246435421707,3.65,2.158825216591069,5.285714285714286,1.5212776585113306,infelicidad
infeliz,4.44,2.5670995305986875,4.913043478260869,1.8068818816921466,3.35,2.3680993933621335,6.3,1.8381913307436348,5.173913043478261,2.0813495166061564,2.857142857142857,1.878449208408742,,,3.45,2.0384462607326044,5.3478260869565215,1.3351436985029648,infeliz
inflamación,2.0869565217391304,1.5641740044526802,4.739130434782608,1.601629604903814,2.6363636363636362,2.08270553311368,1.8181818181818181,1.5317703308003932,4.1,2.5731406163633865,1.5217391304347827,1.0387739809021064,4.4,2.087557121815378,1.4,0.8207826816681232,1.1428571428571428,0.47809144373375756,inflamacion
inflamado,1.95,1.3562719801759993,5.086956521739131,2.23429963560398,2.95,2.0124611797498106,1.7272727272727273,1.0771133460194242,5.0,1.9493588689617927,1.4285714285714286,0.6761234037828133,3.5217391304347827,2.1923330291431404,1.7142857142857142,1.5212776585113297,1.5714285714285714,0.9783367810436533,inflamado
inquietarse,4.956521739130435,1.460954260673021,5.434782608695652,1.471736357211556,3.272727272727273,1.608957609368435,4.363636363636363,1.9159842564581968,5.6,1.1424811411549578,3.625,1.9067956275430755,3.6818181818181817,1.6150000335062247,4.25,1.8317377426626162,4.5,1.6383560438182505,inquietarse
inquieto,5.238095238095238,1.6094956323259137,5.136363636363637,1.6986116051885984,3.5714285714285716,1.3255726525328058,4.285714285714286,1.7928429140015905,5.608695652173913,1.3395769493246952,3.761904761904762,1.786190412715338,,,3.619047619047619,1.9358768162305804,4.0,1.8090680674665818,inquieto
inquietud,4.3478260869565215,2.013786475369086,5.260869565217392,1.3217547325894197,4.409090909090909,1.6230216062021892,4.409090909090909,2.0156315543200254,5.8,1.0563093645728097,3.6666666666666665,1.9927404479142843,4.090909090909091,1.7970635017820682,3.75,1.6819474927657678,4.523809523809524,1.6917165134574887,inquietud
insatisfacción,4.130434782608695,2.1384860368130227,4.782608695652174,1.8079753050186589,2.6666666666666665,2.033060090930254,4.7727272727272725,2.202418977090724,5.3,1.3416407864998747,2.9583333333333335,2.01038968030247,4.478260869565218,2.2936585546278225,3.85,2.007223796297028,4.9523809523809526,1.6575943555704598,insatisfaccion
insatisfecho,4,2.174229226018436,4.608695652173913,1.8275450606254828,3.3636363636363638,2.036464128627398,5.136363636363637,1.93453463200436,5.15,1.3869694338832106,3.25,1.9167454300136626,4.545454545454546,1.3706888336846834,4.5,1.7621756887140216,5.0,1.224744871391589,insatisfecho
inseguridad,5.08,2.2715633383201097,5.521739130434782,1.562910025252757,4.45,2.3050288273114594,6.05,1.6693837501494857,5.478260869565218,1.8057877962865383,3.857142857142857,1.9048809486609466,4.0,1.6903085094570331,3.75,1.9159991209755154,5.6521739130434785,1.1524162620801224,inseguridad
inseguro,4.454545454545454,2.1762193676030765,4.571428571428571,2.203892660077359,3.5833333333333335,2.412227306807993,5.090909090909091,2.044949432582181,5.384615384615385,1.8347081092516726,3,1.6787441193290353,,,3.8095238095238093,1.8606194564995717,5.65,1.1367080817685307,inseguro
insensibilidad,4.318181818181818,2.1466776908108742,3.5454545454545454,2.017241698276156,3.0952380952380953,2.142539659020619,5.590909090909091,1.7364191645888725,4.0,1.956038587687303,3.5714285714285716,2.3360528369758375,3.1739130434782608,1.8745223370487913,3.55,2.1144863753590246,5.428571428571429,1.599106893594939,insensibilidad
insensibilizarse,3.5,2.1398475105532757,3.0476190476190474,1.9868616075658234,2.95,2.394621165511528,4.428571428571429,2.3994046880722015,3.9130434782608696,2.0206444399174166,3.7142857142857144,2.4319304501333328,2.9565217391304346,1.821045176154847,3.7142857142857144,1.9784553859730356,4.565217391304348,1.7009646182125802,insensibilizarse
insensible,4.2,2.015727634065883,3.9130434782608696,2.043015673820997,2.5238095238095237,1.8335497707738293,4.636363636363637,2.4210476784796824,2.9523809523809526,1.8296499795368097,2.8636363636363638,1.8334317171555263,3.25,2.0742785683093214,3.5714285714285716,2.038907270363922,5.095238095238095,1.7001400502535644,insensible
inspiración,4.7272727272727275,2.250541060486359,4.7727272727272725,1.9501359703954757,5.809523809523809,1.2090925365350491,4.181818181818182,2.061815280543398,5.166666666666667,1.239448217578279,4.285714285714286,2.239260081876537,4.2727272727272725,1.66709951089333,4.65,1.3484884325167863,5.523809523809524,2.0154167712671143,inspiracion
inspirado,5.12,1.8779421361337696,4.2272727272727275,2.223935126276719,5.2,1.0563093645728097,5.25,1.7129537431920892,5.434782608695652,1.7009646182125802,4.619047619047619,2.2243244025139517,,,3.6,1.8467610337532774,5.782608695652174,1.0852951730511942,inspirado
inspirarse,5.136363636363637,1.7807289717965709,3.7142857142857144,2.1480888515807983,5,1.8881783261398664,4.7272727272727275,1.608957609368435,4.230769230769231,1.882714897326567,4.521739130434782,1.8307863491206402,3.652173913043478,1.8975749033526954,3.3333333333333335,1.9578900207451218,5.65,1.3088765773505306,inspirarse
intenso,3.782608695652174,1.9295906711276274,4.695652173913044,1.794810261146784,5.363636363636363,1.4974726182552534,4.5,2.3248143807112656,4.6,1.569445091341791,4.130434782608695,2.0294277703576484,5.25,1.0699237552766379,4.3,1.838191330743634,4.380952380952381,1.8296499795368097,intenso
interés,5.92,1.1150485789118494,4.826086956521739,1.800307395798726,5.45,1.8202082009311036,4.6,1.7591864148251213,4.3478260869565215,1.7737657847891128,4.809523809523809,1.4006801069140526,,,5.9,0.9679060415469858,5.173913043478261,1.7490821986257274,interes
interesado,5.363636363636363,1.176979772673,5.090909090909091,1.7703669490247316,4.904761904761905,1.6704718466577608,4.363636363636363,1.8909673650694172,3.375,1.6100904646471967,4.476190476190476,2.0644381225662256,3.85,1.755442664221313,4.65,1.3484884325167863,5.523809523809524,1.691716513457488,interesado
interesarse,5.7,0.92338051687664,4.173913043478261,2.081349516606156,6.142857142857143,1.0141851056742195,4.954545454545454,1.731425856869274,4.4,1.8750438591361567,5.045454545454546,1.889249604807176,4.4,1.7591864148251213,4.857142857142857,1.9309509130403673,5.428571428571429,1.207121724244434,interesarse
intimidación,5.636363636363637,1.1358007263791001,4.55,1.6693837501494848,3.0833333333333335,2.041241452319315,4.318181818181818,1.9367710889731522,4.269230769230769,1.909087579084675,2.6956521739130435,1.8199596051634988,4.391304347826087,2.1264381322847794,4.9523809523809526,1.6575943555704598,4.0,2.0261449005179113,intimidacion
intimidado,4.217391304347826,2.0216222500108993,4.695652173913044,1.8447661248342482,2.5454545454545454,1.920497770972851,4.7727272727272725,2.4089479660279722,5.6,1.0462967275611927,2.5,1.6681153124565982,4.304347826086956,2.1623804771739965,5.7,1.3803127029389894,4.25,1.6181535936466533,intimidado
intimidar,5.333333333333333,1.9321835661585913,3.6818181818181817,1.728923795075274,3.0476190476190474,2.0118695404073916,4.0476190476190474,1.9615348703551125,4.826086956521739,2.0813495166061564,3.2857142857142856,2.2614786566062732,,,4.666666666666667,1.6227548592850782,3.8260869565217392,2.2084995711412816,intimidar
intranquilidad,4,1.8829377433825436,4.913043478260869,1.6763879860706166,3.409090909090909,2.281584472604007,5.2272727272727275,1.9255628288353015,5.9,1.2096106376585978,3.2916666666666665,1.9886453039512941,4.090909090909091,1.7970635017820682,4.3,1.7198531149031608,4.904761904761905,1.8948551898433268,intranquilidad
intranquilizarse,5.045454545454546,1.7037010895686497,4.684210526315789,2.2620696417943202,2.75,1.8474424154113356,5.136363636363637,1.6415861825701372,5.3076923076923075,1.9343056794463644,2.9130434782608696,1.7032867552913658,4.478260869565218,2.06418738616856,2.8095238095238093,1.6917165134574887,4.25,1.6181535936466533,intranquilizarse
intranquilo,4.714285714285714,1.7647338933351153,5,1.7994708216848747,3.0476190476190474,1.883512423006296,6.0476190476190474,1.6271505915615334,5.826086956521739,1.3366230825562366,3.5238095238095237,1.8335497707738293,,,3.238095238095238,1.9724290077151547,5.0,1.7056057308448835,intranquilo
intriga,4.65,1.7252002172135514,4.434782608695652,2.0632297487307203,4.333333333333333,1.6832508230603467,4.454545454545454,1.94513490111863,4.809523809523809,1.6618979396776332,4.090909090909091,1.9978343252987698,4.181818181818182,1.842264745887353,3.1904761904761907,1.7498299237082335,4.809523809523809,2.1821789023599236,intriga
intrigado,5.045454545454546,1.526816567623247,4.863636363636363,1.9097607565310761,4.523809523809524,1.6315344807587617,5.7272727272727275,1.5486343655842068,4.875,1.3290238326779873,4.666666666666667,1.7701224063135674,4.25,1.7434086394791457,4.2,1.4363696929192156,5.476190476190476,1.1670067531530224,intrigado
intrigarse,4.7727272727272725,1.4119158946291717,4.619047619047619,2.0118695404073916,4.208333333333333,1.817288153233839,5.136363636363637,1.355604048998947,4.615384615384615,1.5767542123469491,4.043478260869565,1.7959110341795184,4.130434782608695,2.0069050760286906,3.5238095238095237,1.9904534061124772,4.35,1.9540780569443943,intrigarse
ira,4.3478260869565215,2.2076045358173335,4.869565217391305,2.0517032353651694,3.090909090909091,2.0215291456172695,5.7727272727272725,1.9255628288353015,6.3,0.92338051687664,3.375,2.0390215044604543,,,4.7,1.4545753585442762,5.0,1.816590212458495,ira
iracundo,4.777777777777778,1.8559214542766735,3,2.32992949004287,2.125,1.6420805617960927,2.8,1.6431676725154982,4.666666666666667,2.179449471770337,3.8,2.16794833886788,4.5,1.509230856356236,3.8333333333333335,1.9407902170679514,4.333333333333333,2.345207879911715,iracundo
irascible,4.6,1.8822478962286409,3.5,2.0976176963403033,2.533333333333333,1.5976172734359606,5.6,1.4540583599999404,5.315789473684211,1.335524515310052,3.1,2.0789954839350235,4.052631578947368,1.715086140063017,4.8125,1.8337120820892248,4.3,1.688973528196155,irascible
irritable,4.65,1.4608937423083823,5.043478260869565,1.744556751977293,2.619047619047619,1.8296499795368097,5.0,2.1157009420498154,4.428571428571429,1.9639610121239317,2.909090909090909,1.9250007027603147,4.318181818181818,1.861549882589227,3.761904761904762,1.9724290077151547,4.714285714285714,1.7071279138616748,irritable
irritación,4.608695652173913,1.751340536814393,5.434782608695652,1.471736357211556,2.772727272727273,1.9744033018277696,4.2727272727272725,2.313147066368533,5.8,1.2396943596157726,2.625,1.5269321331121546,4.7727272727272725,1.7163587753985023,4.25,1.8883298106221302,4.333333333333333,2.1055482263138345,irritacion
irritado,4.72,2.111871208194287,5.130434782608695,1.6040955487888704,4,1.8918106058538346,5.65,1.5985190514644279,5.478260869565218,1.7021260827509308,3.1904761904761907,1.9651729597938097,4.863636363636363,1.61231730734589,3.65,2.084403234046921,5.130434782608695,1.1795356492391764,irritado
irritarse,5.260869565217392,1.3217547325894197,5,1.9069251784911847,3.1363636363636362,2.188616752664406,4.7727272727272725,2.223935126276719,6.25,0.910465468000326,2.875,1.7769661492702031,4.681818181818182,1.7831583439654703,4.75,1.8027756377319946,4.6,1.465390194130093,irritarse
jocosidad,3.909090909090909,1.513574937328539,4.5,1.6431676725154984,4.846153846153846,1.5730095277394136,4.666666666666667,0.5773502691896278,3.727272727272727,1.5550504230351565,3.272727272727273,1.4206272622267315,4.0,1.5689290811054724,4.090909090909091,1.6403990645294486,4.7,1.494434118097326,jocosidad
jocoso,3.923076923076923,1.7059473644448737,3.6,2.270584848790187,3.7777777777777777,1.7159383568311664,4.375,1.685018016012207,3.875,1.8929694486000912,2.769230769230769,2.1273554065179203,3.0833333333333335,1.928651593652148,3.8,1.8135294011647256,4.166666666666667,1.8504708655481241,jocoso
júbilo,3.823529411764706,1.8109146210426053,3.375,2.326094212561969,4.2631578947368425,2.1817960303677917,4.857142857142857,2.1788191176076888,4.857142857142857,1.7113069358158484,3.6666666666666665,1.799470821684875,,,3.7142857142857144,2.198900824313101,3.7857142857142856,1.9681530361296538,jubilo
jubiloso,3.5555555555555554,1.8541597818775022,3.8461538461538463,2.0349510168614966,3.769230769230769,2.204308136122162,4.052631578947368,2.1723945879176823,3.9523809523809526,2.178903175365773,3.588235294117647,1.970368732287556,,,2.6315789473684212,1.7704527454797003,4.666666666666667,1.7593288763724917,jubiloso
lamentar,4.64,2.157931107951935,4.086956521739131,1.9048513060141246,3.65,1.5312533566021216,5.35,2.2774639635487444,4.6521739130434785,1.5842605287404279,3.4285714285714284,1.5991068935949395,,,2.75,1.860248992954834,5.3478260869565215,1.4957119208583016,lamentar
lamento,3.761904761904762,2.188715648611347,3.3181818181818183,1.8096662053792616,2.857142857142857,2.0563490531938955,4.761904761904762,2.343176517139968,5.173913043478261,1.89861609679365,3.0476190476190474,1.8567765206451337,4.6,1.984147702481637,3.3333333333333335,2.0575065816014617,4.434782608695652,1.9960435173913817,lamento
languidecer,4,2,4.4,1.264911064067352,2.8333333333333335,2.562550812504343,3.2857142857142856,2.138089935299395,4.285714285714286,1.6035674514745457,3.2,1.751190071541826,2.7777777777777777,1.2018504251546631,3.0,1.4142135623730951,2.25,1.8929694486000912,languidecer
languidez,3.8,1.5491933384829666,3.25,2.1213203435596424,2.625,1.9955307206712847,3.1,2.282785822435191,3.6666666666666665,1.7752507291971888,1,,2.466666666666667,1.6417180315870614,2.0,1.3416407864998738,2.857142857142857,2.0354009783964293,languidez
lánguido,2.9,2.1317702607092643,3.1,1.6633299933166201,2.4444444444444446,1.8104634152000358,3.5714285714285716,1.9023794624226835,3.9,1.7919573407620817,2.7,2.0575065816014617,,,3.125,1.9594095320493148,2.0833333333333335,1.729862492345632,languido
lascivia,4.833333333333333,1.8348478592697184,3.5,1.5811388300841898,3.4285714285714284,1.9023794624226835,3.75,2.0615528128088303,4.0,2.23606797749979,4,1.8856180831641267,4.285714285714286,2.360387377408329,3.4444444444444446,1.810463415200036,3.5714285714285716,2.1491969707422394,lascivia
lascivo,4.166666666666667,2.249579085208177,3.5833333333333335,1.831955405041456,3,2.345207879911715,3.7142857142857144,2.0586634591635513,4.2727272727272725,2.2843339988236875,2.8,1.751190071541826,4.0,2.179449471770337,4.5,2.16794833886788,4.181818181818182,1.8877596148970777,lascivo
lasitud,4.25,2.753785273643051,3,1.7320508075688772,3,1.7638342073763937,4.0,1.7320508075688772,4.0,2.8284271247461903,3.3333333333333335,1.5275252316519463,2.25,1.8929694486000912,4.166666666666667,0.7527726527090804,3.25,0.9574271077563381,lasitud
lástima,3.739130434782609,1.9121000188832795,4.086956521739131,2.065144579536104,3.227272727272727,2.1141657857644396,5.636363636363637,2.0129451189607863,5.45,1.5381123085406387,3,2.0216222500108993,,,4.6,1.8467610337532774,4.9523809523809526,1.7168631417847633,lastima
lastimado,3.739130434782609,1.9357261100482497,5.043478260869565,1.8703004345331842,3.3636363636363638,2.279211529192759,5.2727272727272725,2.3336425274423345,6.1,0.9679060415469858,2.9166666666666665,1.9981875845846921,5.0,1.61245154965971,5.0,1.6858544608470492,4.333333333333333,1.6227548592850782,lastimado
lastimar,4.9,1.99736668746891,4.869565217391305,1.7915038838941721,2.5714285714285716,1.9639610121239313,5.181818181818182,2.1522162140534653,3.5714285714285716,1.8593393604027368,3.272727272727273,2.1421355206299597,,,4.571428571428571,2.158041440089337,3.7142857142857144,1.927248223318863,lastimar
lastimero,3.1052631578947367,1.7286711930171252,3.5714285714285716,2.3766261061327354,2.6666666666666665,1.5339299776947408,4.55,2.0124611797498106,3.8260869565217392,2.124578544581221,2.5714285714285716,1.6604646509766046,3.8181818181818183,1.8932552877030566,3.8125,1.8697147732564272,3.411764705882353,1.6605279103876789,lastimero
lastimoso,3.5238095238095237,1.9651729597938097,4.05,2.0124611797498106,2.9166666666666665,1.909169331471644,5.181818181818182,1.8162327215148664,4.384615384615385,2.155493875229954,2.652173913043478,1.6126966589641065,3.9545454545454546,1.7855844108615218,3.0476190476190474,1.5644868320376009,3.85,1.6311119875071343,lastimoso
leal,4.7272727272727275,2.0043243293728734,4.636363636363637,2.194049410075537,6.380952380952381,1.321975433818287,5.318181818181818,2.124379206494691,4.333333333333333,2.1400257346414167,6.476190476190476,0.872871560943968,,,6.421052631578948,0.9015905373704985,5.809523809523809,1.2090925365350491,leal
lealtad,4.571428571428571,2.18108753999991,3.3636363636363638,1.9159842564581973,6.333333333333333,1.3904435743076133,5.666666666666667,1.8797162906495575,4.086956521739131,2.0870388653056855,6.428571428571429,0.5976143046671967,,,6.380952380952381,0.7400128699009553,5.0,2.1105794120443453,lealtad
libertad,5.681818181818182,1.3232846447693143,4.333333333333333,2.5755258362775812,6.75,0.531609533071195,5.863636363636363,1.457181053739248,4.538461538461538,2.249102385055322,6.391304347826087,0.7223151185146162,,,4.857142857142857,1.9566735620873064,5.15,1.8144159564878977,libertad
libidinoso,4.4,1.837873166945363,3.5555555555555554,1.810463415200036,4.1,1.9119507199599983,5.428571428571429,1.3972762620115442,5.4375,1.4127396551853895,3.769230769230769,1.8327504901034293,3.8181818181818183,2.1825756260978366,4.5,1.6984155512168937,4.214285714285714,2.2930856412794003,libidinoso
libre,5.090909090909091,1.4770978917519937,4.428571428571429,2.4813590746086827,6.541666666666667,0.8329709356935221,5.909090909090909,1.508991808147506,5.269230769230769,2.0505158825562373,6.304347826086956,0.9739695071153468,,,4.0,2.23606797749979,4.6,2.0621909656836754,libre
llorar,5,2.0976176963403033,5.454545454545454,1.5345938729769375,4.571428571428571,2.0632844828435215,5.809523809523809,1.887300919807109,5.391304347826087,2.0613131391682127,3.8095238095238093,1.7498299237082335,,,4.238095238095238,2.047065262876636,4.217391304347826,2.0661013294505457,llorar
loco,4.32,2.0149441679609885,4.181818181818182,2.19602158971874,3.55,2.0124611797498106,4.45,2.0894471693929497,3.8181818181818183,2.301890809465405,3.1904761904761907,2.11232212550661,,,3.05,1.7614288458371994,5.826086956521739,1.3366230825562366,loco
locura,4.818181818181818,1.8932552877030566,5.409090909090909,1.7087754152940704,4.761904761904762,1.6402671094904604,5.363636363636363,2.361304210760989,5.333333333333333,1.5510632164580775,3.9523809523809526,2.2243244025139517,,,3.7,1.7800059136507322,5.714285714285714,1.3469542361512201,locura
luctuoso,3.5,1.2909944487358056,3.4,1.341640786499874,3,2.8284271247461903,3.5,2.073644135332772,2.4,2.1908902300206643,2,1.7320508075688772,2.3333333333333335,1.211060141638997,3.5714285714285716,2.225394561056747,3.6666666666666665,1.9663841605003498,luctuoso
lúgubre,2.923076923076923,1.84668795692624,2.888888888888889,1.3642254619787415,2.7,1.3374935098492584,4.2727272727272725,2.2401298663653004,2.8333333333333335,2.255711704566354,2.1538461538461537,1.573009527739414,3.875,2.187083293643233,1.7142857142857142,1.1387288073563857,3.3076923076923075,1.7504578155735615,lugubre
lujuria,4.05,2.3277502126799554,4.190476190476191,2.0885173597326796,4,1.970368732287556,4.7,2.0799797569865155,4.5,2.017778127403648,3.7,1.922169826551562,,,5.095238095238095,1.640267109490461,3.590909090909091,1.893826836482176,lujuria
lujurioso,4.526315789473684,1.428613199055161,3.9130434782608696,1.8808374217658008,3.7142857142857144,1.6775832957816772,4.619047619047619,2.0365704131257156,3.9,2.074912807299318,3.6363636363636362,1.9159842564581968,4.2727272727272725,2.0043243293728734,3.4285714285714284,2.0389072703639215,3.95,1.7006190823220508,lujurioso
malestar,4.285714285714286,1.901127485016645,4.590909090909091,1.6230216062021892,3.0476190476190474,2.246690688016276,4.9523809523809526,2.2688364964490164,5.521739130434782,1.7804382815218003,3.0476190476190474,2.1089378956287566,,,3.9523809523809526,1.883512423006296,4.434782608695652,1.5904855449750885,malestar
malhumor,4.565217391304348,1.8543826945551487,4.695652173913044,2.0765964857012733,3.090909090909091,2.408498661171685,5.136363636363637,1.958995236763566,5.75,1.164157703189193,2.75,1.9615876444748834,4.6,1.4290224851827544,4.8,1.8524521444205841,4.333333333333333,1.852925614624973,malhumor
malhumorarse,5.409090909090909,1.4690162211523263,5.05,2.1144863753590246,2.9583333333333335,1.8761469921708918,5.136363636363637,2.0070223038468034,5.461538461538462,1.5551403597301237,2.739130434782609,1.3888317950496063,4.5,1.538967528127731,3.8095238095238093,1.600595127415038,5.05,1.431782106327635,malhumorarse
malicia,5.0476190476190474,1.8567765206451337,3.090909090909091,2.0215291456172695,2.9047619047619047,2.188715648611347,4.0476190476190474,2.1558337244831867,3.9565217391304346,2.0108401877995092,3.142857142857143,2.1514114968019085,,,3.857142857142857,2.056349053193895,4.565217391304348,1.9731397903876624,malicia
malicioso,4.045454545454546,2.0348691949834614,3.772727272727273,1.998375964003394,2.619047619047619,2.2907682221514793,6.0,1.3743685418725535,4.217391304347826,1.4757593342575277,3.238095238095238,2.2562083659263807,4.304347826086956,2.304832524160243,3.789473684210526,1.8731716231633875,5.095238095238095,1.75797502555531,malicioso
maravillado,4.590909090909091,1.9918665787478005,5.181818181818182,1.6223546566748686,5.190476190476191,1.7498299237082326,5.363636363636363,2.1279423225591736,4.75,1.5108304655560048,4.476190476190476,1.9395630337539334,4.818181818181818,1.531770330800393,4.75,1.6503588126605426,4.666666666666667,1.9061304607327731,maravillado
maravillarse,4.8,2.041241452319315,5.434782608695652,1.2367878835009278,5.2,1.2396943596157726,5.4,1.5355437918998283,4.956521739130435,1.6370222653443658,4.666666666666667,1.8797162906495581,4.434782608695652,2.0851441405707476,4.9,1.774082416646034,5.0,1.348399724926484,maravillarse
marginación,5.090909090909091,1.9495809295501954,4.590909090909091,1.893826836482176,2.0476190476190474,2.132514723892674,5.0,2.0248456731316584,3.875,1.8012676695569996,3.0476190476190474,2.2688364964490164,,,4.65,2.158825216591069,4.523809523809524,1.7498299237082335,marginacion
marginado,4.045454545454546,2.380021463033929,4.045454545454546,2.319221394948718,2.4285714285714284,2.3573592974221933,5.136363636363637,1.8334317171555266,3.75,1.7754362599213407,3,2.258317958127243,3.7,1.6575187543592473,4.75,2.2213082915965963,4.0476190476190474,1.9868616075658234,marginado
marginar,5.2272727272727275,2.0220644373373933,4.2272727272727275,2.26635470223962,2.5714285714285716,2.2264642052238024,4.818181818181818,2.3428993766650517,3.2083333333333335,1.6412923504696368,3.2857142857142856,2.390457218668787,3.65,1.8144159564878983,4.8,2.3530495331087184,4.190476190476191,2.11232212550661,marginar
meditabundo,3.6,2.0736441353327724,3.6363636363636362,1.0269106361049405,4.625,1.9226098333849673,4.5,1.9748417658131499,4.3,1.946506842754191,3.75,2.137330535547045,3.25,1.4847711791873706,3.142857142857143,1.6761634196950517,4.25,2.052872551885702,meditabundo
medroso,3.75,2.753785273643051,3,1.4142135623730951,1.8333333333333333,1.169045194450012,3.0,2.309401076758503,5.0,0,2.5,2.3804761428476167,3.0,2.160246899469287,4.6,2.1908902300206647,4.5,2.1213203435596424,medroso
melancolía,4.05,1.7006190823220508,4.6521739130434785,1.7737657847891128,3.75,1.943274501832843,6.2727272727272725,1.3516063875403324,5.0476190476190474,1.883512423006296,2.9545454545454546,1.7587136188344008,,,4.142857142857143,2.1514114968019085,4.571428571428571,1.7196345126633328,melancolia
melancólico,4.136363636363637,1.983154162666239,4.863636363636363,2.099783538627473,3.7142857142857144,2.02837021134844,6.636363636363637,0.7267314002700926,5.708333333333333,1.082636342118333,4.095238095238095,2.165750722146062,4.7272727272727275,1.750695594595207,4.3,1.5252264715358448,5.428571428571429,1.4342743312012718,melancolico
melodramático,4.181818181818182,1.5927324121761746,4.388888888888889,2.1182370274771336,1.9583333333333333,1.1601786469133204,4.545454545454546,1.6540649128527982,4.769230769230769,1.8613477333951831,2.347826086956522,1.4015801359431275,4.65,1.7252002172135514,3.380952380952381,1.6575943555704598,4.25,1.9159991209755154,melodramatico
menospreciado,4.590909090909091,1.5632411662065913,4.904761904761905,1.813966976126134,2.9583333333333335,2.1964233112765035,5.136363636363637,2.0539266585286633,4.730769230769231,2.011122916336887,2.5217391304347827,1.4418915990459231,3.85,1.8144159564878983,4.0,1.8708286933869707,4.0,1.8064212949190015,menospreciado
menospreciar,4.681818181818182,2.124379206494691,4.318181818181818,2.337812645480378,2.4285714285714284,2.0632844828435215,5.363636363636363,2.237035762863215,4.083333333333333,1.558055272409826,3.238095238095238,2.624971655175764,3.909090909090909,1.8493007921680615,4.5,2.2124052165246,4.904761904761905,1.841324574993825,menospreciar
menosprecio,4.88,2.2788886180182946,4.260869565217392,2.1152560838809222,2.75,1.8883298106221302,5.05,1.8771478925557026,4.043478260869565,1.9651107040193392,2.761904761904762,1.6704718466577608,,,4.2,2.0925934551223877,5.045454545454546,1.5879688352247419,menosprecio
miedo,4.6521739130434785,2.186917624340746,4.826086956521739,2.0147676137831403,3.1818181818181817,2.0847830453839427,6.045454545454546,2.034869194983462,6.5,1.1470786693528088,3.5833333333333335,2.2050666295102532,,,4.2,2.21478286924356,5.238095238095238,1.4108423691100975,miedo
miedoso,4.2727272727272725,2.0043243293728734,4.571428571428571,1.9123657749350302,3.4166666666666665,1.7916877315917055,5.636363636363637,1.9650628136199269,5.615384615384615,1.6019219226147845,3.3043478260869565,1.6077873731169026,,,2.9523809523809526,1.6874889770363088,4.6,1.8180382718454353,miedoso
mimar,4.6,1.9790570145063195,5.217391304347826,1.5062452335384542,5.6,1.3138933706635716,5.35,2.08440323404692,4.782608695652174,1.8079753050186589,4,2.0248456731316584,4.954545454545454,1.3619759010270178,6.05,1.5719582155957421,3.782608695652174,1.9530051840719362,mimar
mimosa,4.08,2.307957249748501,4.956521739130435,1.744556751977293,4.95,1.731290969494334,6.25,1.292692009559488,4.826086956521739,1.800307395798726,3.9523809523809526,2.1558337244831867,5.043478260869565,1.8944478895773587,5.7,1.525226471535846,3.772727272727273,2.26635470223962,mimosa
mimoso,4.454545454545454,2.0407111908602262,4.285714285714286,2.305273457593635,5.166666666666667,1.274044114541213,5.409090909090909,1.62302160620219,5.269230769230769,1.5377305955905882,4.695652173913044,1.5502135515263595,5.363636363636363,1.176979772673,5.809523809523809,0.9283882603225653,3.2,1.8524521444205841,mimoso
miserable,3.2857142857142856,2.1246848505803664,2.4545454545454546,1.5653167252081768,2.380952380952381,1.745743121887939,4.476190476190476,2.3370718349902644,3.782608695652174,2.0661013294505457,2.5714285714285716,1.886038933093073,3.95,1.9049796241485242,3.0952380952380953,2.142539659020619,3.5652173913043477,2.1705903461023883,miserable
miseria,3.3043478260869565,2.0765964857012733,3.1739130434782608,1.9224079103855778,2.9545454545454546,2.380021463033929,3.227272727272727,2.1365708658818376,2.35,1.4964871146156007,2.2916666666666665,1.8991798382383418,,,3.45,2.139232523470435,2.8,1.8238190122579827,miseria
misericordia,3.227272727272727,2.0220644373373933,2.6,1.7591864148251213,3.739130434782609,1.9121000188832795,3.3333333333333335,1.9578900207451218,3.32,1.8193405398660252,4.333333333333333,1.957890020745122,2.772727272727273,1.9744033018277696,3.8421052631578947,2.1670040223194187,3.2,1.7044832524535805,misericordia
misericordioso,3.6666666666666665,2.008316044185609,3.210526315789474,1.6525719808972872,4.523809523809524,1.503963018795596,4.2,2.21478286924356,3.263157894736842,1.7588539596743067,4.260869565217392,2.0049346238343535,3.35,1.8431951662948316,3.6842105263157894,1.857496271237393,3.9,1.8890264827766654,misericordioso
moderado,4.04,2.1307275752662513,3.130434782608696,1.866068980165304,4.1,1.5861240410775606,2.7,1.6575187543592473,2.4782608695652173,1.7286243931201821,4,1.816590212458495,,,3.5,1.877848713148555,4.913043478260869,1.7297672854057795,moderado
molestar,4.913043478260869,2.0870388653056855,4.043478260869565,2.099312893426306,2.8181818181818183,2.2175998100985033,3.4545454545454546,2.3037706716075945,3.65,1.9540780569443943,2.8333333333333335,2.0359095108162064,,,5.1,1.4104870379448808,3.761904761904762,1.5461164867099082,molestar
molestia,3.909090909090909,1.8233692233542071,5.285714285714286,2.0528725518857027,3.75,2.069446470835178,4.818181818181818,1.763015912640923,5.0,1.7204650534085253,2.782608695652174,1.5361262299910132,,,3.142857142857143,1.98206241793023,3.4,1.5355437918998291,molestia
molesto,4.090909090909091,1.9978343252987698,4.954545454545454,1.9142889448832343,3.1,2.04939015319192,5.681818181818182,1.8096662053792612,5.333333333333333,1.2038585308576926,4.190476190476191,2.204972734957229,,,4.15,2.084403234046921,5.0,1.449137674618944,molesto
morbo,4.84,1.9933221850301406,5,1.7580981459830651,4.555555555555555,1.5801050680710418,4.5,2.039091645032686,5.318181818181818,1.8096662053792612,3.4761904761904763,2.0644381225662256,4.681818181818182,2.124379206494691,4.8,1.7947291248483563,4.521739130434782,1.591727626808263,morbo
morbosa,4.25,1.8883298106221302,4.478260869565218,1.9970333729034473,3.4285714285714284,1.886038933093073,4.590909090909091,2.1747269321542944,4.761904761904762,1.786190412715338,2.772727272727273,1.9255628288353015,4.5,1.6832508230603465,4.0,2.258317958127243,3.9047619047619047,2.0224925687072846,morbosa
morbosidad,4.590909090909091,1.868513310453525,4.818181818181818,1.9672645653622365,4.571428571428571,1.8860389330930734,4.181818181818182,2.2811100813996688,5.5,1.3831281496162493,3.5714285714285716,1.9383350734955136,4.1,2.0235456115702615,4.4,1.3533583957579092,4.666666666666667,1.4605934866804433,morbosidad
morboso,5.4,2.0207259421636903,5.260869565217392,1.8881783261398661,3.5416666666666665,1.817288153233839,6.5,0.8591246929842246,3.769230769230769,1.9038422688383052,3.2916666666666665,1.781039429455553,3.1,1.99736668746891,4.285714285714286,1.820517979665599,5.913043478260869,1.3454652280315154,morboso
morriña,3.4761904761904763,2.0154167712671147,4.136363636363637,2.2317077498004707,3,1.6222142113076254,5.105263157894737,2.1575381248622048,5.363636363636363,1.292669977602819,3.5789473684210527,2.1164905300385093,4.181818181818182,1.789822115033559,3.75,1.983263304085802,4.0476190476190474,2.1325147238926743,morrina
mortificación,3.4444444444444446,2.035630332273815,3.6875,2.358495283014151,3,2.0754980866510833,4.071428571428571,2.0555473055307494,4.4,1.8750438591361567,2.5294117647058822,2.124783726018472,4.222222222222222,1.767535857213637,2.5714285714285716,2.138089935299395,4.13333333333333,1.767430203377074,mortificacion
mortificado,3.1052631578947367,2.024701263070274,3.8,2.596701204000403,2.8333333333333335,2.0651164331225833,3.6875,1.9568256607747831,4.0476190476190474,2.635833653252619,2.6842105263157894,1.634782743939708,3.0,1.7320508075688772,2.789473684210526,1.812884361343089,3.3529411764705883,1.8007351439963426,mortificado
mortificarse,3.888888888888889,1.7452081921613043,3.6470588235294117,1.5788119136944492,2.25,1.4832396974191326,4.833333333333333,2.3326329481056884,4.2105263157894735,2.2255822551119078,3.066666666666667,2.1201976547572388,4.368421052631579,1.7387903303347123,2.5625,1.75,3.4375,2.5552234083669996,mortificarse
mosqueado,5.238095238095238,1.6704718466577617,4.7727272727272725,1.7163587753985023,2.85,1.755442664221313,5.571428571428571,1.8322507626258082,5.130434782608695,1.6040955487888704,2.9523809523809526,1.7457431218879393,4.15,1.7851728502481654,4.571428571428571,1.8047556225547154,4.608695652173913,1.9244628633083474,mosqueado
mosquearse,4.521739130434782,1.7286243931201823,4.739130434782608,1.8394018618796069,3.090909090909091,1.8233692233542071,5.095238095238095,1.9210612146613633,5.4,1.5694450913417899,3.1666666666666665,1.6594044679962139,4.45,1.8771478925557026,5.4,1.6351404253232544,4.5,1.7320508075688772,mosquearse
mosqueo,5.1,1.0711528467275944,5.782608695652174,0.9980217586956909,2.857142857142857,1.492840054584358,5.590909090909091,1.6806770435379093,4.380952380952381,1.8567765206451337,3.227272727272727,1.9006720160390937,4.2727272727272725,1.5486343655842068,5.095238095238095,1.640267109490461,4.714285714285714,1.927248223318863,mosqueo
motivación,6.64,0.7571877794400362,5,1.834021909257456,6.3,0.864504725870619,6.4,1.187655806953122,5.826086956521739,1.5270939101039862,5.142857142857143,1.6518388022356867,4.85,1.6311119875071343,5.0,2,5.913043478260869,1.3112465782349279,motivacion
motivado,6.15,0.8750939799154193,5.478260869565218,1.6752086767540149,6.285714285714286,1.0555973258234963,6.181818181818182,1.367526917515655,5.476190476190476,1.2090925365350491,5.363636363636363,1.787401800045305,4.608695652173913,2.0613131391682122,4.285714285714286,1.901127485016645,5.809523809523809,1.0304876330673547,motivado
motivarse,5.333333333333333,1.8797162906495575,5.363636363636363,1.787401800045305,6.571428571428571,0.5976143046671955,5.9523809523809526,1.321975433818287,5.695652173913044,0.9739695071153468,5.428571428571429,2.0142350550873784,4.954545454545454,1.5879688352247419,5.0,1.70293863659264,5.0,1.7837651700316894,motivarse
mustio,3.888888888888889,1.9063018984684914,4.7,2.0287408591745297,2.526315789473684,1.7438278792686566,4.65,2.277463963548745,3.789473684210526,2.0703984417503647,2.1666666666666665,1.6179144164088315,3.1,1.744163198544762,2.526315789473684,1.6454793645565073,2.9473684210526314,1.6490294859747157,mustio
náusea,2.8181818181818183,1.6800329825663611,4.714285714285714,1.8746428231227712,2.4347826086956523,1.804693047597688,3.1363636363636362,2.2102672655770355,5.269230769230769,2.1082256484103845,1.6956521739130435,1.0632190661423897,,,1.4285714285714286,0.8701395618766321,2.25,1.51744244666721,nausea
nauseabundo,2.7857142857142856,1.8050600428356278,4.411764705882353,2.1811356998537414,1.8,1.082325538564332,4.5,2.2101165997782526,4.611111111111111,2.1182370274771336,2,1.4142135623730951,4.444444444444445,1.976991839139996,2.3529411764705883,1.9666334327534272,2.8947368421052633,2.1316330943956574,nauseabundo
negatividad,4.72,2.3544284515213736,4.173913043478261,1.9691293395130816,3.5,2.1884866196096624,5.4,1.957441939718371,4.304347826086956,1.98711262911555,3.7142857142857144,1.820517979665599,4.35,1.7252002172135514,3.3,1.8945906376340316,5.869565217391305,1.1795356492391764,negatividad
negativo,4.0476190476190474,1.9358768162305804,3.8636363636363638,1.958995236763565,2.8095238095238093,2.0885173597326796,4.190476190476191,2.27198256197198,4.130434782608695,2.0737394380483285,3.4761904761904763,2.11232212550661,,,2.9523809523809526,1.8296499795368097,4.913043478260869,2.1301524375299117,negativo
negligente,4.454545454545454,2.2409027247172113,3.6818181818181817,1.8096662053792612,3.611111111111111,2.1182370274771336,3.2222222222222223,1.864704851446077,2.6363636363636362,1.6488222216523887,3.473684210526316,2.169700979209183,3.0,1.0760551736979407,3.5555555555555554,1.9165600993392005,4.476190476190476,1.8060744065250363,negligente
nerviosismo,5.2272727272727275,1.3777766140664454,5.809523809523809,1.7210185245675769,3.875,1.7523276445668041,5.181818181818182,1.9182423412211709,6.153846153846154,1.1555884281977793,3.5652173913043477,1.878734752107041,5.090909090909091,1.8233692233542078,3.4285714285714284,1.6903085094570331,5.0,1.5217718205053643,nerviosismo
nervioso,5.36,1.7767010628315238,5.565217391304348,1.5904855449750885,4.15,2.207046132634963,6.3,1.5927467172350915,6.304347826086956,1.1051442772406617,4.333333333333333,1.932183566158592,,,3.75,2.022895267471328,5.260869565217392,1.5438261590885693,nervioso
neurosis,4.5625,1.9653244007033546,4,2.2491828581535485,2.2857142857142856,2.163635524139563,2.7222222222222223,1.7758363582385148,5.105263157894737,1.6294081011931656,2.4,1.729009451741235,4.285714285714286,2.5326440164945634,2.5789473684210527,1.6095475373078614,5.421052631578948,1.8048019119893655,neurosis
neurótico,4.238095238095238,2.0713464679952,4.090909090909091,2.368626101855168,2.25,2.0994986870303363,4.933333333333334,2.1536237457121516,5.2272727272727275,1.8498859213686456,3.736842105263158,2.5785893056121876,,,2.9473684210526314,1.928548222268252,5.619047619047619,1.6575943555704598,neurotico
nostalgia,3.9565217391304346,2.055552588159142,3.9565217391304346,2.2049172499328367,3.8636363636363638,1.424127286494619,5.909090909090909,1.5402254290506876,6.0,1.0760551736979407,4.217391304347826,1.7826568970635437,,,5.25,1.8027756377319946,4.761904761904762,1.8682816143387457,nostalgia
nostálgico,3.9047619047619047,1.8682816143387457,4.2272727272727275,1.7163587753985023,3.8095238095238093,1.7498299237082335,6.238095238095238,1.7001400502535644,5.521739130434782,1.3439955768796032,4.0476190476190474,1.9098740920854045,4.954545454545454,1.889249604807176,4.0,1.816590212458495,4.695652173913044,1.6358145763084646,nostalgico
obnubilación,3.4615384615384617,2.0662116951635836,3.9,2.024845673131659,3.375,1.685018016012207,3.111111111111111,1.7638342073763935,5.0,2.088931871468374,2.8,1.1352924243950933,3.9166666666666665,1.7816403745544227,4.111111111111111,1.9002923751652299,3.6666666666666665,1.9227505550564004,obnubilacion
obnubilado,2.3,1.766981104093143,4.111111111111111,1.9002923751652299,3.111111111111111,2.260776661041756,4.666666666666667,1.7320508075688772,5.0,1.4719601443879744,3.769230769230769,2.166173513896727,3.5384615384615383,1.8536173919925967,4.0,2.211083193570267,3.6,1.6465452046971294,obnubilado
obnubilarse,3.6666666666666665,2.345207879911715,3.5714285714285716,1.7182493859684487,3,2,5.125,0.8345229603962802,4.857142857142857,1.7478401113789144,2.888888888888889,1.2692955176439846,3.0,2.04494943258218,3.0,1,5.4,1.2649110640673507,obnubilarse
obsesión,5.5,1.4689774459950382,4.782608695652174,2.08798558291632,3.1904761904761907,2.0400746951777924,4.7272727272727275,2.0512903762734833,4.380952380952381,1.883512423006296,2.909090909090909,2.091003197581097,,,4.666666666666667,1.8797162906495581,5.0,2.04939015319192,obsesion
obsesionado,5.12,2.107921567168317,4.565217391304348,1.5616450230015826,3.3,2.226633049436324,4.8,1.8806493839265088,4.826086956521739,1.6418441381303663,3.619047619047619,1.883512423006296,4.2272727272727275,1.6883866117241486,3.75,2.0994986870303363,6.260869565217392,0.8100163468803809,obsesionado
obsesionarse,5.55,1.145931016569865,4.826086956521739,1.5565747335691187,2.857142857142857,2.1280440382124213,5.0,1.8516401995451028,4.333333333333333,2.081665999466133,3.1363636363636362,1.9589952367635655,3.9545454545454546,1.8381479480139453,4.761904761904762,1.9469145308606102,4.809523809523809,1.9395630337539334,obsesionarse
obstinación,4.277777777777778,1.8725746841481161,3.5294117647058822,2.0651164331225838,3.909090909090909,1.7002673586554236,3.2142857142857144,1.8883680959850138,4.083333333333333,1.5642792899510292,3.230769230769231,1.921537845661046,3.5714285714285716,1.504571787498444,3.2857142857142856,1.6837947722821909,4.647058823529412,2.059768690611528,obstinacion
obstinado,4.117647058823529,2.088131728997732,3.3333333333333335,1.9148542155126764,2.3,0.9486832980505139,3.857142857142857,1.8752289237539819,3.5,1.96638416050035,3.3333333333333335,1.877181270897812,3.1578947368421053,1.6754156331667818,3.142857142857143,1.3506205330054126,4.705882352941177,1.8629514849544837,obstinado
obstinarse,4.25,1.9148542155126762,4,1.4142135623730951,3.3076923076923075,1.931519927613803,4.0,1.6172150801252798,3.5714285714285716,1.6508406117111138,4.133333333333334,1.6846647257229668,3.888888888888889,1.529663126654281,3.7333333333333334,1.8309508328682538,4.285714285714286,1.6374732612530438,obstinarse
odiado,3.7142857142857144,2.0035682454774815,4.045454545454546,2.1264160039007,2.857142857142857,2.1974010622941433,5.0476190476190474,2.1558337244831867,4.478260869565218,2.1715006377532675,2.619047619047619,1.6874889770363088,3.6818181818181817,1.9120261912024519,4.571428571428571,2.3573592974221937,4.304347826086956,1.794810261146784,odiado
odiar,5.65789473684211,1.63204921410748,5.16216216216216,1.60750865754561,3.74285714285714,2.21416372664791,6.16129032258065,1.18593912698048,4.87878787878788,2.31513465803795,5.02564102564103,2.13353153600192,,,5.60975609756098,1.78714924923029,4.36666666666667,2.57953929772464,odiar
odio,4.478260869565218,2.233414939613801,4.173913043478261,2.124578544581221,2.9545454545454546,2.535035882666541,6.090909090909091,2.091003197581098,6.05,1.3945382182304167,2.625,2.222659981037214,,,5.6,1.4290224851827533,4.7,2.0026298499197184,odio
odioso,4,2.1157009420498154,3.761904761904762,2.233937373893053,2.260869565217391,1.6016296049038143,5.454545454545454,2.0868584894473217,4.230769230769231,2.3547006995827275,1.9130434782608696,1.276110691916542,,,4.0476190476190474,1.9098740920854045,4.0,2.051956704170308,odioso
ofenderse,4.7727272727272725,1.7163587753985023,4.476190476190476,2.1591444513753038,3.3333333333333335,2.1196116680157253,5.090909090909091,1.6592910393438385,5.1923076923076925,1.4147573861049327,3.0434782608695654,1.6370222653443665,4.391304347826087,2.1896270009209453,4.571428571428571,1.8322507626258089,5.15,1.7252002172135505,ofenderse
ofendido,5.363636363636363,1.3988244910316512,5,1.7728105208558367,2.857142857142857,1.98206241793023,6.363636363636363,1.0021621646864374,5.25,1.5393392145304765,4,2.2135943621178655,4.2,1.542383664469075,4.15,1.9808291724745768,4.761904761904762,1.6094956323259126,ofendido
ofensa,5.045454545454546,1.758713618834401,4.590909090909091,2.3836564731139807,2.8095238095238093,2.0400746951777924,5.409090909090909,1.4690162211523263,4.875,1.3929168644626095,3.8095238095238093,2.1821789023599236,,,4.0,2,4.095238095238095,1.9976176286957896,ofensa
ofensivo,4.333333333333333,1.5599145275730124,3.6666666666666665,2.536401650632907,2.9166666666666665,2.1652726842366645,4.545454545454546,1.8955404488096772,4.538461538461538,2.0046100714257467,2.652173913043478,1.747951935374496,4.0,1.7770466332772772,3.857142857142857,1.7968225924034424,4.8,1.7651599003161753,ofensivo
ofuscado,4.4,1.7591864148251213,3.590909090909091,1.9678146183760228,2.5789473684210527,1.7737527534606836,5.2105263157894735,1.931578150644385,4.904761904761905,1.7292993351285917,2.95,1.731290969494334,4.478260869565218,2.04204810773603,4.0,1.9735087641318605,4.869565217391305,1.7136974334113448,ofuscado
ofuscamiento,4.1,1.9439514830419644,4,1.8637822325921867,3.1052631578947367,1.9117977822546812,4.809523809523809,1.5368489717290903,4.391304347826087,1.5591119393827022,2.95,1.6693837501494848,4.409090909090909,1.7636296692870672,3.65,2.007223796297028,4.826086956521739,1.89861609679365,ofuscamiento
ofuscarse,4.7272727272727275,1.7232808737106584,4.571428571428571,2.3360528369758375,2.869565217391304,1.937766939407949,5.2727272727272725,1.66709951089333,5.08,1.6563010998406462,3.260869565217391,1.7377464849194209,4.333333333333333,1.4944341180973266,3.3333333333333335,1.7416467303484173,4.8,1.361114094757441,ofuscarse
ojeriza,2.4166666666666665,1.8319554050414564,4.75,2.8722813232690143,2.727272727272727,1.848832555474351,2.2,2.16794833886788,3.0,2.1908902300206643,1.6,1.0749676997731399,2.909090909090909,1.8140862964338522,3.0,1.9364916731037085,2.142857142857143,1.0690449676496974,ojeriza
opresión,4.631578947368421,1.7704527454797003,4.136363636363637,1.6986116051885976,2.526315789473684,2.143942916234053,4.761904761904762,2.3001035173392066,3.95,2.139232523470435,3.227272727272727,2.1587434215703265,4.315789473684211,2.05622717019268,4.0,1.6087993330796875,4.315789473684211,2.2124052165246004,opresion
oprimido,4.545454545454546,1.7382879570557408,4.619047619047619,1.8296499795368097,2.739130434782609,2.19953282858693,4.818181818181818,1.763015912640923,4.730769230769231,1.909087579084675,3.090909090909091,1.6303400436745268,3.7,1.9493588689617927,3.9523809523809526,1.8296499795368097,4.95,1.6050905860647502,oprimido
optimismo,4.954545454545454,1.889249604807176,4.761904761904762,2.165750722146062,6.083333333333333,1.0179547554081039,5.7727272727272725,1.477830397570264,5.230769230769231,1.5825976698502324,5.3478260869565215,1.7992093125030313,,,4.333333333333333,2.19848432637882,5.55,1.3168942730211077,optimismo
optimista,5.318181818181818,1.5549112250379173,6,1.023532631438318,6.476190476190476,0.8135752957807649,6.636363636363637,0.5810872031479778,4.458333333333333,1.6675722177612802,5.285714285714286,2.148088851580799,4.6,1.6670175069329816,4.9,1.6189665319514632,5.809523809523809,1.2497618820818466,optimista
orgullo,5.095238095238095,1.4108423691100975,4.5,2.241385625859487,4.285714285714286,1.7928429140015905,5.714285714285714,1.7071279138616757,5.478260869565218,1.6200326937607634,5.476190476190476,1.5368489717290894,,,5.095238095238095,1.5781242633190178,5.043478260869565,1.6090160988393212,orgullo
orgulloso,4.7272727272727275,1.66709951089333,4.809523809523809,1.9651729597938097,4.458333333333333,1.6412923504696366,5.909090909090909,1.3769908845391456,5.269230769230769,1.8880189047293423,4.260869565217392,1.982133637003497,,,4.095238095238095,1.9724290077151547,5.2,1.6415653633362473,orgulloso
orientado,4.4,2,3.1739130434782608,1.5270939101039858,4.8,1.7651599003161753,3.05,1.9594574974238472,2.652173913043478,1.7737657847891128,4.190476190476191,1.9904534061124772,3.227272727272727,1.7438823185999512,3.25,2.1244194253340942,4.478260869565218,1.6200326937607634,orientado
osado,4.6875,1.8154430129677255,3.1666666666666665,2.1672493389016636,3.8947368421052633,2.330825720214125,3.9375,1.7689450716929191,3.5833333333333335,2.0624313778658907,4,1.558387444947959,2.739130434782609,1.5140971298358223,3.230769230769231,1.6908501882113507,4.055555555555555,1.7311071677235328,osado
osar,4.421052631578948,1.6095475373078616,2.4166666666666665,1.8319554050414564,4,1.8257418583505538,3.25,1.9493588689617927,3.227272727272727,1.6310037278231957,3.2,1.61245154965971,2.3157894736842106,1.7654911680117478,3.125,1.7841898254763513,3.7222222222222223,2.0235541114163627,osar
paciencia,4.2727272727272725,2.0043243293728734,4.190476190476191,2.27198256197198,5.5,1.2158375177486576,4.409090909090909,1.5632411662065913,4.538461538461538,2.0046100714257467,5.434782608695652,1.5322617553657478,3.9545454545454546,1.703701089568649,5.285714285714286,1.5212776585113306,5.45,1.7006190823220517,paciencia
paciente,3.8260869565217392,1.8501148345942664,3.608695652173913,2.210288554481325,6,0.8728715609439694,3.590909090909091,2.260617086193416,3.25,1.860248992954834,4.791666666666667,1.559798389053135,,,5.35,1.4964871146156,3.2857142857142856,1.8477785890862881,paciente
pacífico,4.409090909090909,2.062340115802132,5.2727272727272725,1.4203225046854737,5.904761904761905,1.091089451179963,5.5,1.6832508230603465,4.125,1.8252456654188867,5.190476190476191,1.9904534061124766,3.272727272727273,1.9562310259373321,5.0,1.5217718205053643,4.904761904761905,1.4458479140200706,pacifico
pánico,4.304347826086956,2.098371286339948,5.043478260869565,1.9881069312188597,2.6818181818181817,1.9367710889731526,5.090909090909091,2.4084986611716857,6.6,0.7539370349250504,2.5833333333333335,1.8395809226599664,,,3.85,1.9269556026896009,5.0476190476190474,1.5961262630566069,panico
parálisis,3.15,1.899445902583726,4.782608695652174,2.4112712931173585,2.9,2.2918620331397284,3.4,2.348571794449599,4.904761904761905,1.6402671094904604,2.3636363636363638,1.8399134178763372,,,2.142857142857143,1.558387444947959,3.0476190476190474,2.246690688016276,paralisis
paralizado,3.6,1.9303667499917432,4.826086956521739,2.2694046859162205,2.9047619047619047,1.9469145308606102,4.136363636363637,1.958995236763565,4.1,2.174009151193639,2.6363636363636362,1.7056057308448835,3.5,1.625686668105863,2.619047619047619,1.9868616075658234,3.761904761904762,1.9724290077151547,paralizado
paroxismo,3.75,0.5,2.2857142857142856,2.214669705568283,2.6,1.8165902124584952,3.0,2.309401076758503,5.333333333333333,2.0816659994661335,1,,4.333333333333333,2.338090388900024,3.5,3.5355339059327378,3.0,1.8257418583505538,paroxismo
paroxístico,#,#,#,#,3.5,2.1213203435596424,4.0,3.0,2.6666666666666665,1.1547005383792517,1.6666666666666667,1.1547005383792515,3.6,2.7928480087537886,1.0,#,3.0,2.8284271247461903,paroxistico
pasión,5.523809523809524,1.4006801069140515,5.409090909090909,1.7364191645888725,5.619047619047619,1.6271505915615334,6.333333333333333,1.3540064007726593,6.3478260869565215,1.0706283478819993,5.238095238095238,1.8682816143387464,,,6.333333333333333,0.7958224257542202,4.391304347826087,1.8522499937982697,pasion
pasional,5.476190476190476,1.2090925365350491,4.909090909090909,1.8233692233542078,5.809523809523809,1.3273676061682231,6.380952380952381,1.321975433818287,5.782608695652174,1.412815427021534,5.0476190476190474,1.8296499795368097,5.5,1.8708286933869707,6.0,1.0488088481701516,4.391304347826087,1.751340536814393,pasional
pasividad,4.25,1.5517392618742702,3.9565217391304346,2.0775479618042128,2.5714285714285716,1.5023790657297036,3.9545454545454546,1.9634098795153176,3.2857142857142856,1.9784553859730356,3.272727272727273,2.0279433208435864,2.4545454545454546,1.503243247029655,3.6666666666666665,1.932183566158592,3.7142857142857144,1.6168752933623898,pasividad
pasivo,3.909090909090909,2.3075258015188744,3.8636363636363638,1.5825071893451237,2.619047619047619,1.774153050787628,4.545454545454546,2.0868584894473208,3.625,1.636871352943461,3.619047619047619,2.246690688016276,2.55,1.8202082009311027,3.75,2.2213082915965963,4.142857142857143,2.0071301473923975,pasivo
pasmado,3.5454545454545454,1.94513490111863,4.409090909090909,1.5934117606447615,2.7,1.9493588689617927,3.5,2.0644381225662256,4.166666666666667,1.926173649372307,3.0476190476190474,1.774153050787628,3.6363636363636362,1.7874018000453042,2.4444444444444446,1.293523333527109,4.142857142857143,1.5583874449479589,pasmado
pasmarse,4.25,2.0742785683093214,4.7272727272727275,1.5790840679034457,3,1.9720265943665387,4.2105263157894735,2.1493913187076177,3.5416666666666665,1.9555754555421379,2.65,1.5312533566021216,3.8095238095238093,1.7210185245675778,3.5625,2.0320351046836436,3.3,1.6575187543592473,pasmarse
pasmo,3.5714285714285716,1.6967972416057489,2.8181818181818183,1.9400093720485898,2.1,1.1972189997378646,2.9,2.2335820757001272,4.611111111111111,1.9140007034508784,2.8666666666666667,1.7265434778633235,,,2.6875,1.6214705259938174,2.526315789473684,1.540866316669929,pasmo
pavor,4.095238095238095,2.0713464679952,4.588235294117647,1.8391174353957038,3.0526315789473686,1.840099158274005,4.578947368421052,2.268523491262402,5.684210526315789,1.416279616889395,2.8421052631578947,2.0619073665672016,,,4.529411764705882,1.8068497121656084,4.1,1.8324559303956278,pavor
pavoroso,4.1875,1.796988221070652,3.1538461538461537,1.5191090506254996,2.5833333333333335,1.3789543689024493,5.357142857142857,1.5495479666983214,4.352941176470588,1.3200935795706035,3.2857142857142856,1.8575654633281302,3.3157894736842106,1.9735087641318605,3.0,1.632993161855452,4.142857142857143,1.0994504121565507,pavoroso
paz,4.391304347826087,2.1264381322847794,3.739130434782609,1.7637097087556366,6.681818181818182,0.8937009000226517,5.636363636363637,1.3289972784899777,4.7,1.6254554017744978,5.833333333333333,1.4039282363260683,,,5.3,1.922169826551563,4.333333333333333,1.825741858350554,paz
peligro,4.636363636363637,1.9406786870148713,4.619047619047619,2.246690688016276,3.5416666666666665,2.302723655127566,3.8181818181818183,2.107500519942626,4.653846153846154,2.261721604306024,2.652173913043478,1.555304578536246,,,1.8095238095238095,1.2090925365350504,3.6,1.8467610337532774,peligro
peligroso,5.05,1.6693837501494848,4.695652173913044,2.0765964857012733,3.857142857142857,2.475595166534995,4.636363636363637,2.0364641286273977,4.095238095238095,2.165750722146062,3.409090909090909,2.218087784537262,,,3.5714285714285716,1.8322507626258089,4.857142857142857,2.031888635868469,peligroso
pena,4.85,1.7252002172135514,5.130434782608695,1.7659493410341116,3,1.8439088914585775,6.2727272727272725,1.5175738212786565,5.333333333333333,1.71269767715535,3.4545454545454546,1.8186146670912193,,,3.8095238095238093,1.9651729597938097,5.0476190476190474,1.9868616075658234,pena
penoso,2.608695652173913,1.8275450606254833,3.347826086956522,1.6126966589641065,2.590909090909091,2.0391195791342542,4.045454545454546,2.192569111193375,3.35,1.5312533566021216,2.0416666666666665,1.3666578295932035,,,3.45,1.9594574974238472,4.238095238095238,1.9469145308606102,penoso
perdón,4.333333333333333,2.1756225162774294,3.4545454545454546,2.219551064158454,6.380952380952381,0.7400128699009553,5.380952380952381,1.9868616075658234,4.391304347826087,2.083247692574409,6,1.0954451150103321,3.8181818181818183,1.8162327215148664,6.285714285714286,0.7171371656006379,5.086956521739131,2.1513852509543043,perdon
perdonado,4.590909090909091,1.893826836482176,5.045454545454546,1.731425856869274,5.9523809523809526,0.9734572654303054,5.7727272727272725,1.797665633982508,4.0,1.5603789952109879,5,1.816590212458495,4.181818181818182,2.0150945537631877,5.7,1.3416407864998747,4.809523809523809,1.8335497707738293,perdonado
perdonar,5.045454545454546,2.0581376863394585,4.363636363636363,2.1054454238712608,6.0476190476190474,1.3955712262794215,5.636363636363637,2.105445423871261,4.833333333333333,1.659404467996214,6.095238095238095,1.091089451179963,,,6.45,0.6863327411532615,6.0,1.61245154965971,perdonar
pereza,4.363636363636363,2.2370357628632145,5.5,1.6832508230603465,3.3333333333333335,1.983263304085802,4.818181818181818,2.1522162140534653,4.583333333333333,1.863065885242286,3.9523809523809526,2.178903175365773,,,3.15,1.9540780569443943,3.7142857142857144,2.0770858707058104,pereza
perezoso,3.9545454545454546,2.256783904824206,5.181818181818182,1.9429080716523297,3.0476190476190474,1.883512423006296,5.136363636363637,2.2739823374414483,4.125,1.7769661492702031,3.9523809523809526,2.2688364964490164,,,3.0,1.8353258709644942,3.8095238095238093,2.27198256197198,perezoso
perplejidad,3.736842105263158,1.4469164631940532,4.238095238095238,2.0713464679952,2.8421052631578947,1.2139539573337677,4.7368421052631575,1.7269789055894333,4.190476190476191,1.569045812557671,2.9047619047619047,1.5461164867099082,3.4545454545454546,1.595448070434931,3.235294117647059,2.0775409672466716,4.65,1.496487114615601,perplejidad
perplejo,3.217391304347826,1.8818878755878592,4.0476190476190474,1.8567765206451337,3.142857142857143,1.5259657363687524,4.2727272727272725,1.750695594595207,4.888888888888889,1.8113657144911368,2.8333333333333335,1.7110044511584588,3.75,1.4095538674570611,3.4,1.8750438591361567,4.3,1.688973528196155,perplejo
perturbación,4.25,1.8883298106221302,4.2727272727272725,2.0279433208435864,2.65,1.9540780569443943,4.954545454545454,1.838147948013946,4.791666666666667,1.7189270330434443,3.380952380952381,1.774153050787628,3.35,1.3484884325167863,2.95,1.8202082009311027,4.761904761904762,1.8948551898433268,perturbacion
perturbado,3.8181818181818183,1.6514456476895405,4.523809523809524,2.2275333357561142,2.4347826086956523,1.7793279363676442,3.909090909090909,1.7970635017820682,4.153846153846154,2.0917420049768602,2.652173913043478,1.8975749033526954,4.318181818181818,1.861549882589227,2.4285714285714284,1.6300744943538186,4.15,2.158825216591069,perturbado
perturbarse,4,1.9493588689617927,3.761904761904762,2.119074371152695,2.75,2.022895267471328,4.095238095238095,2.0224925687072846,5.130434782608695,1.3247417527436995,2.2857142857142856,1.3835771443203717,3.65,1.8715318802914818,3.3,1.866604008973459,4.478260869565218,1.9741411301072243,perturbarse
pesadumbre,3.6666666666666665,1.4552137502179978,3.7058823529411766,1.9610171430393253,2.466666666666667,1.9591057240729093,4.117647058823529,1.5764815627361641,3.8947368421052633,2.1054093516491506,2.3529411764705883,1.4975470138942313,3.736842105263158,1.1945294407402947,3.388888888888889,1.9745107774984456,4.4375,1.75,pesadumbre
pesar,3.1739130434782608,1.9920791768000379,3.9565217391304346,1.9881069312188604,3.85,1.9540780569443943,2.772727272727273,2.0220644373373933,3.45,1.731290969494334,2.5652173913043477,1.753595966643756,,,2.526315789473684,1.6789024540730166,3.1,2.1001253095445223,pesar
pesimismo,4.8,1.7350868323485926,5.043478260869565,1.744556751977293,3.4761904761904763,2.2938842084780044,5.7727272727272725,1.7163587753985023,4.238095238095238,2.165750722146062,3.1363636363636362,1.9345346320043595,,,3.1904761904761907,1.8873009198071096,5.095238095238095,1.8682816143387464,pesimismo
pesimista,4.95,1.7006190823220508,4.260869565217392,1.8881783261398661,2.9047619047619047,2.233937373893053,5.681818181818182,1.9367710889731522,4.333333333333333,1.8797162906495581,3.090909090909091,2.2447630251233734,3.8181818181818183,1.7081419489459642,2.761904761904762,1.813966976126134,5.285714285714286,1.7071279138616757,pesimista
piadoso,4.75,1.51744244666721,3.3043478260869565,1.8934044040178395,4.857142857142857,1.5583874449479589,4.681818181818182,1.756250433285522,3.8095238095238093,1.9395630337539334,4.761904761904762,1.813966976126134,3.130434782608696,1.6869646713465998,4.333333333333333,1.3904435743076142,5.0,1.2977713690461004,piadoso
piedad,4.6,1.313893370663573,3.130434782608696,1.5463842820677163,4.761904761904762,1.7292993351285917,5.409090909090909,1.3330627431056197,3.95,1.7006190823220508,4.863636363636363,1.4895015000377543,3.6363636363636362,2.0129451189607854,4.9523809523809526,1.774153050787628,4.857142857142857,1.4589624493356323,piedad
placentero,5.318181818181818,1.4271638086766831,6.045454545454546,0.7854190708679786,6.380952380952381,0.9206622874969128,6.190476190476191,1.1670067531530224,5.916666666666667,1.348643978116592,5.0476190476190474,1.9098740920854045,5.217391304347826,1.97614228736722,5.3,1.5927467172350915,5.285714285714286,1.3469542361512201,placentero
placer,5.72,1.7445152144172695,5.826086956521739,1.5565747335691187,5.95,1.1909748329127618,6.0,1.7167901505579042,6.0,1.5374122295716148,4.904761904761905,1.8948551898433268,,,5.6,1.4290224851827533,5.173913043478261,1.6692996330264187,placer
placidez,3.95,1.9049796241485242,5.045454545454546,1.5879688352247419,5.526315789473684,1.6113631583445656,5.95,1.3945382182304167,4.869565217391305,1.5755041855657435,4.476190476190476,2.0400746951777924,3.6363636363636362,1.9159842564581968,4.444444444444445,1.0966377611066327,3.75,1.8317377426626162,placidez
plácido,3.5217391304347827,2.107768428228199,4.086956521739131,1.85651294533745,5.285714285714286,1.3093073414159553,4.95,2.1878853044122666,4.315789473684211,1.634782743939708,4.043478260869565,1.8944478895773593,3.8636363636363638,1.88466125655197,4.0,2.0261449005179113,3.45,1.7006190823220508,placido
plenitud,3.272727272727273,2.0279433208435864,3.6,1.9029063643750177,5.608695652173913,1.2699008706760835,4.454545454545454,2.0868584894473208,5.0,1.5231546211727816,4.913043478260869,1.5049326012773303,,,4.142857142857143,2.351291438459177,4.15,1.899445902583726,plenitud
pleno,2.5,1.538967528127731,2.782608695652174,2.109642833603711,4.904761904761905,2.233937373893053,5.1,1.6511558949637923,4.0,2.1447610589527217,3.227272727272727,2.1806905455408514,,,2.5,2.164303704731799,3.2857142857142856,2.3482516292522218,pleno
pletórico,5.1875,1.5152007567755943,4.923076923076923,1.552500051612369,5.5,1.1504474832710556,5.785714285714286,1.1217137594956017,4.9411764705882355,1.5996323106926056,4.357142857142857,1.9057460827371868,4.8125,1.682012683265696,3.6153846153846154,1.26085034391223,5.0,1.695582495781317,pletorico
positividad,5.090909090909091,1.9001025262836773,6.181818181818182,0.9579921282290981,6.619047619047619,0.9734572654303054,6.2272727272727275,1.1518853358037975,5.416666666666667,1.4116492564332004,5.142857142857143,1.8516401995451028,4.6,1.7591864148251213,5.2,1.4725559590832469,6.0,0.8944271909999159,positividad
positivo,5.68,1.6258331197676272,5.130434782608695,1.3916748518532016,6.15,0.9333020044867283,6.3,1.1285761872936706,5.130434782608695,1.9141660378748124,5.0476190476190474,1.8021151593666394,,,4.85,2.007223796297028,5.608695652173913,1.5879984667608418,positivo
preocupación,5.65,0.9333020044867283,5.086956521739131,1.8318655041504666,4.238095238095238,1.9724290077151547,5.545454545454546,2.040711190860227,5.380952380952381,1.4654757069358222,4.409090909090909,1.7364191645888716,4.909090909090909,1.6877454928053728,4.761904761904762,1.9469145308606102,6.0,1.4142135623730951,preocupacion
preocupado,5.08,2.1779194965226183,5.217391304347826,1.7826568970635437,4.6,1.8467610337532774,6.3,1.2607433062326878,5.3478260869565215,1.6126966589641072,4.0476190476190474,1.9098740920854045,4.739130434782608,2.0497758481521786,3.9,2.1980852911951394,5.869565217391305,1.2542418146610594,preocupado
preocuparse,5.181818181818182,1.367526917515655,5.380952380952381,1.6575943555704598,4.625,1.6100904646471967,4.954545454545454,1.731425856869274,5.461538461538462,1.65482976117229,4.913043478260869,1.3454652280315154,4.608695652173913,2.0167284586402126,4.857142857142857,1.7687768170607132,5.05,1.6050905860647502,preocuparse
prepotencia,4.739130434782608,2.178769279460891,4.391304347826087,1.5591119393827022,2.8181818181818183,1.94290807165233,3.619047619047619,2.3974192473614306,3.35,2.058998223459779,2.2916666666666665,1.7810394294555532,3.6818181818181817,2.1687469201046032,5.1,1.4473205733717949,4.55,1.932410548076104,prepotencia
prepotente,4.086956521739131,2.0870388653056855,4.086956521739131,1.8808374217658008,2.772727272727273,2.1365708658818376,4.136363636363637,2.3763808926992627,2.95,1.9049796241485242,2.25,1.7003835884370582,3.55,1.8771478925557026,5.15,1.7554426642213121,3.95,2.0384462607326044,prepotente
problemático,4.56,2.433789911502908,3.782608695652174,1.756973682711022,2.95,2.139232523470435,3.65,1.9269556026896009,3.0434782608695654,1.8944478895773593,3.0476190476190474,1.9358768162305804,3.8636363636363638,1.983154162666239,4.25,2.1490511982341367,5.0,1.6787441193290353,problematico
protector,4.434782608695652,2.106830600182562,4.260869565217392,2.0049346238343535,5.318181818181818,1.7831583439654703,3.9545454545454546,2.0581376863394576,3.05,1.8771478925557026,4.916666666666667,1.8630658852422866,3.9,2.2918620331397284,6.0,1.0760551736979407,3.5,1.670171752907624,protector
protegido,4.6,2.160246899469287,4.478260869565218,1.6752086767540149,5.8,1.2396943596157726,5.2,1.8806493839265097,3.869565217391304,1.6321861476416717,4.619047619047619,1.6575943555704598,,,5.45,1.5381123085406387,4.0,2.0670576365276494,protegido
provocación,5.3478260869565215,1.4650068461575665,4.217391304347826,2.043982781886438,3.5,1.9210612146613628,3.590909090909091,1.9678146183760228,3.7,1.8945906376340316,3.7083333333333335,2.0319013727063124,3.8636363636363638,1.6703422673342396,4.9,1.6511558949637932,4.380952380952381,1.430950400125402,provocacion
provocado,4.25,1.7434086394791457,3.869565217391304,1.9841267331701957,2.857142857142857,1.3887301496588274,4.363636363636363,1.705605730844883,3.4285714285714284,1.9639610121239313,3.227272727272727,1.4452489711965164,3.739130434782609,2.027479207478807,3.5714285714285716,1.8047556225547154,4.238095238095238,2.0713464679952,provocado
provocar,5.590909090909091,2.0156315543200263,5,1.8771812708978117,3.142857142857143,2.1974010622941433,3.5454545454545454,2.1762193676030765,3.9583333333333335,1.5736738147920992,4.238095238095238,2.2562083659263807,,,4.15,1.6944180805158295,4.619047619047619,1.7168631417847633,provocar
prudencia,5.458333333333333,1.744037461371363,4.043478260869565,1.8944478895773593,5.6,1.2311740225021839,4.4,1.9303667499917432,3.347826086956522,1.991086858344044,5.619047619047619,1.2440333788202984,2.8636363636363638,1.3902878956893903,4.4,1.7591864148251213,5.130434782608695,1.7659493410341116,prudencia
prudente,4.434782608695652,1.9960435173913817,3.739130434782609,1.7637097087556366,5.636363636363637,1.3988244910316512,3.727272727272727,2.0279433208435864,2.75,1.7129537431920892,5.458333333333333,1.744037461371363,3.0434782608695654,1.4917427535227872,4.6,1.5355437918998291,4.3,1.7198531149031608,prudente
pusilánime,3.3333333333333335,2.1213203435596424,2.909090909090909,1.513574937328539,3.3333333333333335,1.751190071541826,3.75,2.3754698783308417,4.75,0.5,2.625,2.065879266282796,2.7142857142857144,2.3603873774083297,3.5,1.6903085094570331,4.166666666666667,2.208797835653566,pusilanime
pusilanimidad,4,2.260776661041756,2.75,1.9820624179302297,3.5,1.6431676725154984,3.0,2.449489742783178,2.7142857142857144,1.799470821684875,2.75,2.1213203435596424,2.2857142857142856,2.138089935299395,4.6,1.5165750888103104,5.0,1.4142135623730951,pusilanimidad
queja,5,1.2565617248750864,4.434782608695652,1.7793279363676446,3.380952380952381,1.8021151593666394,4.363636363636363,1.5900121157206717,2.9523809523809526,1.9098740920854045,3.4545454545454546,1.6826077472687537,,,3.3333333333333335,1.8529256146249726,4.095238095238095,2.233937373893053,queja
quejoso,4.315789473684211,1.6684201302412267,4.380952380952381,1.9358768162305804,2.4,1.729009451741235,4.238095238095238,2.0713464679952,3.85,1.6630662866176475,2.9130434782608696,1.7815479346563374,3.3181818181818183,1.5549112250379178,4.315789473684211,1.7966831037883662,4.0,1.7888543819998317,quejoso
querencia,4.25,1.8322507626258087,3.6153846153846154,1.5566235649883122,4.888888888888889,1.5365907428821477,5.416666666666667,1.6213537179739284,4.7272727272727275,1.848832555474351,3.611111111111111,2.1182370274771336,,,4.4,1.5055453054181622,3.5,1.5118578920369088,querencia
querer,5.181818181818182,1.4019158196439487,5.238095238095238,1.75797502555531,6.291666666666667,0.9545846657358228,6.818181818181818,0.39477101697586015,5.730769230769231,1.0791734729020102,5.913043478260869,1.534839152907054,,,6.619047619047619,0.9734572654303054,4.7,1.838191330743634,querer
querido,4.217391304347826,2.173320077232704,4.434782608695652,1.902775173183578,6.25,0.8968544062928813,6.5,0.9636241116594315,5.576923076923077,1.4743968779966106,4.375,2.318404623873926,5.2272727272727275,1.7163587753985023,6.238095238095238,0.88908727944797,4.619047619047619,1.5644868320376009,querido
quieto,3.65,2.058998223459779,4.521739130434782,2.1923330291431404,2.8095238095238093,1.6618979396776332,2.5454545454545454,1.4712247158412493,2.761904761904762,1.5461164867099082,2,1.3801311186847085,,,2.2857142857142856,1.953019640015357,2.0952380952380953,1.0442586798663398,quieto
quietud,3.5555555555555554,1.7225911474978353,4.090909090909091,2.1360642693445726,3.7142857142857144,1.6775832957816772,3.6363636363636362,1.6196841122196088,3.4761904761904763,1.8060744065250363,3.0454545454545454,1.9142889448832339,3.727272727272727,1.5175738212786565,2.9473684210526314,1.8096557134354563,3.619047619047619,1.7168631417847633,quietud
rabia,5.181818181818182,1.4682793180604823,4.681818181818182,2.3173540666307058,3.3333333333333335,2.1984843263788196,6.681818181818182,0.7798878818298867,6.217391304347826,0.735868178605778,4.285714285714286,2.194148061158525,,,3.45,1.6050905860647502,4.857142857142857,1.8516401995451028,rabia
rabiar,5.136363636363637,1.5825071893451246,5.2727272727272725,1.9562310259373321,2.8095238095238093,2.1821789023599236,5.681818181818182,1.756250433285522,5.416666666666667,1.0598058340078635,3.8095238095238093,2.1358615970855324,5.043478260869565,1.8458371067095618,3.85,2.007223796297028,4.190476190476191,1.8873009198071096,rabiar
rabieta,5.3,1.3803127029389894,5,1.9771421064483223,2.4761904761904763,1.7210185245675778,5.363636363636363,1.9159842564581977,4.238095238095238,2.0953463175513947,3.0454545454545454,1.8381479480139458,4.681818181818182,1.3232846447693143,3.857142857142857,2.0805219125429626,4.809523809523809,1.8873009198071096,rabieta
rabioso,5,1.9493588689617927,4.7272727272727275,2.313147066368533,2.9047619047619047,1.9724290077151547,5.333333333333333,2.0575065816014617,5.695652173913044,1.607787373116902,3.0952380952380953,2.4475449312476756,4.7272727272727275,1.66709951089333,3.9523809523809526,2.1558337244831867,4.130434782608695,1.914166037874813,rabioso
radiante,3.4285714285714284,1.7196345126633323,4.454545454545454,1.8186146670912193,4.761904761904762,1.841324574993825,4.666666666666667,2.057506581601462,3.9565217391304346,2.184204886942224,3.857142857142857,1.8516401995451028,,,3.238095238095238,1.9210612146613626,3.217391304347826,1.9295906711276274,radiante
reacio,3.6,2.1860803664140653,3.5,1.9867985355975657,3.2941176470588234,1.4901638283404002,4.277777777777778,2.0808809094893257,4.052631578947368,1.8700470644857616,3.55,1.9049796241485242,3.473684210526316,1.4669856112538153,4.2,1.96281216089247,5.043478260869565,1.1069310921135718,reacio
rebelarse,6,0.9759000729485332,4.476190476190476,2.0154167712671147,4.041666666666667,1.7315277663950701,5.0,1.632993161855452,4.461538461538462,2.139733987780149,4.521739130434782,1.5036188231122247,4.136363636363637,1.8334317171555259,4.238095238095238,1.6402671094904604,4.75,1.8027756377319946,rebelarse
rebelde,5.545454545454546,1.4384936806479447,4.142857142857143,2.197401062294143,3.75,1.4817733206914758,4.7272727272727275,1.608957609368435,4.115384615384615,2.1785669248737447,3.4347826086956523,1.6466518911393768,,,4.380952380952381,2.1325147238926743,4.7,1.750187959830841,rebelde
rebeldía,6.05,0.825577947481898,5,1.6787441193290353,4.095238095238095,1.4800257398019097,5.5,1.7660825629193044,4.0476190476190474,1.5961262630566069,4.5,1.7660825629193044,4.1,2.1496633763403397,3.4285714285714284,1.9639610121239313,4.9523809523809526,1.5961262630566069,rebeldia
recelar,4.611111111111111,1.9444911292248124,3.6842105263157894,1.9735087641318605,3.0625,1.8062391868188443,5.368421052631579,1.7704527454797003,4.15,1.3869694338832115,3.7222222222222223,1.9942728456774754,2.9411764705882355,1.5600716423971575,3.9,2.2918620331397284,4.3125,2.056493779875511,recelar
recelo,4,2.0976176963403033,4.136363636363637,2.099783538627472,2.65,1.496487114615601,5.6,1.6982963599783716,4.304347826086956,1.5792628490042624,3.238095238095238,2.142539659020619,3.473684210526316,1.6454793645565071,3.888888888888889,2.0832352918107335,4.368421052631579,1.6059101370939326,recelo
receloso,3.9047619047619047,1.813966976126134,4.545454545454546,1.6250208123875336,2.761904761904762,1.8682816143387457,6.0,1.2344267996967353,4.739130434782608,1.3217547325894197,3.45,1.9049796241485242,3.608695652173913,1.8025015555353923,3.8947368421052633,2.1831357885722613,4.190476190476191,1.9395630337539334,receloso
receptivo,4.9,1.7137217117324384,4.304347826086956,2.0545909260769615,5.857142857142857,1.0623424252901827,4.318181818181818,1.756250433285522,4.238095238095238,2.047065262876636,4.818181818181818,1.9429080716523297,3.652173913043478,1.747951935374496,4.9523809523809526,1.5961262630566069,5.0476190476190474,1.6271505915615334,receptivo
rechazado,4.6,1.6351404253232553,4.3478260869565215,1.4336442963229916,3.0476190476190474,2.178903175365773,5.7727272727272725,1.9501359703954757,4.0476190476190474,2.246690688016276,3.272727272727273,1.881787857630488,,,5.476190476190476,1.4703417160322831,4.619047619047619,1.774153050787628,rechazado
rechazar,4.913043478260869,1.7815479346563374,3.869565217391304,2.1384860368130227,3.5454545454545454,2.1979919997963666,3.590909090909091,2.3023609188973393,3.3,1.6575187543592473,2.625,1.6632210760527557,,,4.95,1.1909748329127607,4.714285714285714,1.7647338933351153,rechazar
rechazo,5.15,1.4608937423083812,4.391304347826087,2.0613131391682122,3.4285714285714284,2.3573592974221933,5.7727272727272725,1.5409279264322764,3.7142857142857144,2.1010201603710787,3.272727272727273,1.8304779022564985,4.136363636363637,1.8334317171555259,5.0476190476190474,1.8021151593666394,4.761904761904762,1.8948551898433268,rechazo
reconfortado,3.8636363636363638,1.5521246435421698,4.142857142857143,2.0805219125429626,5.083333333333333,1.7672544824662642,5.2272727272727275,1.1925090867905044,5.153846153846154,1.541228281399162,4.478260869565218,1.9970333729034473,4.157894736842105,1.7082531003837695,4.809523809523809,1.7781745588959377,4.25,1.5852942612451615,reconfortado
reconfortarse,4.545454545454546,1.7922391615298476,5.181818181818182,1.5927324121761746,5.857142857142857,1.1084094137869038,4.909090909090909,2.113653819226902,4.75,1.7003835884370582,4.666666666666667,2.008316044185609,3.909090909090909,1.9495809295501945,5.3,1.525226471535846,4.476190476190476,1.569045812557671,reconfortarse
reflexivo,4.318181818181818,1.961203800302341,5.181818181818182,1.6514456476895405,5.666666666666667,1.3165611772087658,4.681818181818182,2.0327406701383803,4.875,1.7273377354107426,5.761904761904762,1.546116486709909,3.772727272727273,1.9744033018277696,4.0,1.8353258709644942,5.9523809523809526,1.160869952931442,reflexivo
regocijado,4.133333333333334,1.726543477863324,3.076923076923077,1.9348358440936904,4.2727272727272725,1.6180796699117812,4.444444444444445,1.810463415200036,4.470588235294118,2.0651164331225838,3.923076923076923,2.215909838025097,2.764705882352941,1.855040827202527,3.7333333333333334,1.9073791542572858,4.0625,2.1437894797142123,regocijado
regocijarse,4.611111111111111,2.0902825277343813,4.0588235294117645,2.014652210534554,4.090909090909091,1.9211738835693897,3.411764705882353,1.938389264615462,4.473684210526316,1.7438278792686568,3.526315789473684,1.9541528728050928,3.1052631578947367,1.997073882851421,4.5,1.7888543819998317,3.7222222222222223,1.7758363582385148,regocijarse
regocijo,4.777777777777778,2.1297764465826687,3.7333333333333334,2.051712409068047,4.9375,2.2351360883251234,4.5,2.27866357593825,4.7368421052631575,1.9391322590603908,3.8125,1.682012683265696,3.9473684210526314,1.7471781760734564,4.294117647058823,2.14373231428136,4.466666666666667,1.6417180315870616,regocijo
relajación,4.9523809523809526,2.0118695404073916,4.863636363636363,1.8334317171555266,5.857142857142857,1.1952286093343933,5.428571428571429,1.5352989471574763,6.130434782608695,1.2542418146610594,4.333333333333333,1.852925614624973,,,3.761904761904762,1.5461164867099082,4.0,2.088931871468374,relajacion
relajado,4.65,1.565247584249853,4.6521739130434785,2.2076045358173335,4.857142857142857,1.5583874449479589,4.7272727272727275,2.2078176723767013,5.380952380952381,1.6271505915615334,4.181818181818182,1.6800329825663607,,,3.2857142857142856,2.239260081876537,4.666666666666667,1.5599145275730124,relajado
relajante,4.318181818181818,1.8869568253158469,4.238095238095238,2.427030323353252,5.708333333333333,1.3344650993747558,5.2727272727272725,1.5486343655842068,6.0,1.2,4.608695652173913,1.5296800151066234,4.954545454545454,1.7855844108615224,3.7142857142857144,2.1480888515807983,4.5,1.6383560438182505,relajante
relajarse,4.809523809523809,1.8606194564995717,4.863636363636363,1.8846612565519707,5.714285714285714,1.4540583599999406,5.380952380952381,1.6874889770363088,6.086956521739131,1.164358718478306,4.428571428571429,1.9383350734955136,5.045454545454546,1.463110604394843,3.761904761904762,1.8682816143387457,4.3478260869565215,1.7737657847891128,relajarse
relax,4.090909090909091,1.8493007921680615,4.619047619047619,2.2688364964490164,5.666666666666667,1.1671841502435303,4.909090909090909,1.715728108915555,5.461538461538462,1.529202909512514,4.478260869565218,1.7547225944288773,,,3.4285714285714284,2.134746555716359,3.75,2.173403830521681,relax
remordimiento,5,2.0816659994661326,4.260869565217392,1.8881783261398661,4,1.8637822325921867,5.75,1.8317377426626162,5.304347826086956,1.8447661248342473,3.9047619047619047,1.813966976126134,4.454545454545454,1.7106744068953992,4.45,1.7614288458371994,6.043478260869565,0.9282564726687237,remordimiento
rencor,5.6,1.1424811411549578,4.130434782608695,2.05170323536517,3.238095238095238,2.233937373893053,5.590909090909091,1.9678146183760234,4.619047619047619,2.1089378956287566,3.727272727272727,1.9562310259373321,,,5.142857142857143,1.9309509130403673,4.904761904761905,1.8682816143387457,rencor
rencoroso,5.04,1.9680785892167352,3.9130434782608696,1.755848499321388,3.45,2.139232523470435,5.7,2.1788456625132113,4.739130434782608,1.7113894223527006,3.9523809523809526,1.883512423006296,4.1,1.6189665319514632,4.8,1.98944583661936,5.608695652173913,1.157549544778366,rencoroso
rendición,4.043478260869565,2.2049172499328367,3.772727272727273,2.1141657857644396,3.2222222222222223,2.1019754169815523,4.631578947368421,2.033347713495311,3.6956521739130435,1.8199596051634988,3.35,1.5312533566021216,3.3636363636363638,1.9650628136199264,2.526315789473684,1.5765088382115289,4.380952380952381,1.6575943555704598,rendicion
rendido,3.772727272727273,2.4286350895654123,4.136363636363637,2.1223404543873263,2.238095238095238,1.841324574993825,5.619047619047619,1.430950400125402,4.416666666666667,1.5012072436561836,3.761904761904762,2.0713464679952,3.45,1.5035046776746235,3.3,1.809332531771403,4.238095238095238,1.786190412715338,rendido
rendirse,4.5,2.1398475105532757,4.478260869565218,1.5335509956067594,3.1904761904761907,2.315578709935113,5.136363636363637,1.7537837882012643,3.9047619047619047,1.9210612146613626,3.227272727272727,2.223935126276719,,,3.0,1.816590212458495,4.714285714285714,2.0035682454774815,rendirse
reposado,3.1,1.7137217117324384,3.9130434782608696,2.10870583918325,4.428571428571429,1.3627702877384942,3.6363636363636362,1.7605587464118029,3.5,1.7917941611104424,3.1904761904761907,1.9395630337539334,2.8181818181818183,1.5625487005397438,2.2,1.4725559590832462,2.761904761904762,1.813966976126134,reposado
reposar,3.5454545454545454,1.7922391615298476,4.9523809523809526,1.5321941938341392,4.791666666666667,1.5030162910010305,3.6818181818181817,1.9367710889731522,3.230769230769231,1.9658625039954818,2.869565217391304,1.7400195355770358,2.909090909090909,1.9250007027603147,2.0952380952380953,1.300183137283433,3.15,1.7252002172135514,reposar
reposo,3.15,1.8144159564878983,4.086956521739131,2.1932342966135416,4.95,1.1459310165698637,3.3181818181818183,1.8615498825892272,4.095238095238095,1.8948551898433268,3.409090909090909,2.0391195791342542,,,2.0,1.3038404810405297,3.0952380952380953,2.188715648611347,reposo
repudiado,4.476190476190476,2.11232212550661,3.789473684210526,1.9882696935448683,2.5294117647058822,2.0346267181851667,4.6923076923076925,1.9741924671712983,4.238095238095238,1.8948551898433268,2.411764705882353,1.6224527546823886,4.2272727272727275,1.9744033018277696,3.789473684210526,1.9882696935448683,4.714285714285714,1.647508942095828,repudiado
repudiar,4.7368421052631575,1.7901615465016276,3.6666666666666665,1.5718104959867516,2.4705882352941178,2.0036730976765997,4.9523809523809526,2.0118695404073916,3.380952380952381,2.2907682221514793,3.35,1.6944180805158295,3.9444444444444446,1.6259738158018424,4.277777777777778,1.8086574662067325,4.352941176470588,1.9345922202943775,repudiar
repudio,4.277777777777778,1.9037287113808907,4.117647058823529,2.3152308994238693,2.8125,2.19753649950727,5.375,1.707825127659933,4.565217391304348,1.273009567789573,3.9411764705882355,2.2491828581535485,3.526315789473684,1.6789024540730166,3.642857142857143,2.1342317247536773,4.823529411764706,1.8451048113063615,repudio
repugnado,4.052631578947368,1.614988276893342,5.136363636363637,0.9902118361842995,2.7142857142857144,2.02837021134844,4.9,2.2219005615155596,4.15,2.084403234046921,2.380952380952381,1.5961262630566064,4.333333333333333,1.7416467303484178,2.7,1.688973528196155,3.8333333333333335,2.0364328674251486,repugnado
repugnancia,3.619047619047619,1.7457431218879393,3.909090909090909,2.4670995291191815,2.7142857142857144,1.7928429140015905,4.571428571428571,2.2928460168844436,5.304347826086956,1.7434235548768986,2.619047619047619,2.178903175365773,,,3.142857142857143,1.8244372909397104,4.391304347826087,1.9940623322705426,repugnancia
repugnante,3.4285714285714284,1.6604646509766046,4.181818181818182,1.9429080716523297,2.380952380952381,1.5644868320376006,4.380952380952381,2.085094493690645,4.695652173913044,2.0323471117426513,2.5714285714285716,2.1580414400893364,,,3.3333333333333335,1.8797162906495577,3.782608695652174,2.194135193877501,repugnante
repugnar,3.857142857142857,2.2200386097028644,3.6818181818181817,2.275885251864355,2.7,1.7800059136507322,4.35,2.1830688201896455,5.136363636363637,1.859222944326462,2.95,2.1144863753590246,,,3.5238095238095237,1.9136103997169231,4.0,2.0236694629405503,repugnar
repulsa,3.6315789473684212,1.7704527454797003,3.909090909090909,1.5782614139961386,2.473684210526316,1.954152872805093,4.4375,1.7114808402861736,4.55,1.9861361590045288,2.5555555555555554,1.3382263161373769,4.352941176470588,1.9345922202943775,3.2941176470588234,2.229481606852615,3.2941176470588234,2.1437323142813605,repulsa
repulsado,4.133333333333334,1.407463101097994,3.6875,1.8154430129677255,2.7058823529411766,2.229481606852615,4.875,2.0936411663256274,3.3333333333333335,1.877181270897812,3,1.620185174601965,4.052631578947368,1.649029485974716,3.5294117647058822,1.9078013215093814,3.3846153846153846,1.445594545418455,repulsado
repulsión,4.35,1.755442664221313,4.238095238095238,2.3217399058628834,2.5714285714285716,1.9639610121239313,4.666666666666667,2.0291986247835694,4.846153846153846,1.8480759225163381,2.238095238095238,1.445847914020071,,,3.9047619047619047,2.142539659020619,4.157894736842105,1.5370663939515448,repulsion
resentido,4.72,2.3007245235649862,3.9130434782608696,2.065144579536104,3.210526315789474,1.6525719808972872,5.947368421052632,1.6490294859747152,5.090909090909091,1.9250007027603153,3.619047619047619,1.6874889770363088,3.6363636363636362,1.5597757636597742,4.35,2.084403234046921,4.826086956521739,1.6692996330264187,resentido
resentimiento,4.48,2.293468988235943,4.304347826086956,1.8447661248342482,3.6666666666666665,1.909727421264462,5.631578947368421,1.9496588395520063,5.0,1.7320508075688772,4.238095238095238,1.7292993351285917,4.0,2.215646837627989,4.95,1.9049796241485242,5.695652173913044,1.2945614423669658,resentimiento
resentirse,4.421052631578948,1.4265650070355176,4.434782608695652,1.878734752107041,3.0476190476190474,2.0365704131257156,5.238095238095238,1.7292993351285928,4.904761904761905,1.9469145308606102,3.5,1.625686668105863,,,3.9523809523809526,1.7457431218879393,4.571428571428571,1.8322507626258089,resentirse
resignación,4.333333333333333,1.7701224063135674,3.1052631578947367,2.1054093516491506,2.9130434782608696,1.8808374217658008,4.904761904761905,1.7292993351285917,4.3076923076923075,1.7611185256928228,3.608695652173913,1.5591119393827022,3.6956521739130435,1.9172608920184133,3.0,1.70293863659264,4.55,1.7006190823220508,resignacion
resignado,4.136363636363637,1.8072724659645996,4.260869565217392,1.8881783261398661,3.05,1.9049796241485242,5.045454545454546,2.4393065510953007,4.75,1.51744244666721,3.0416666666666665,1.6544844636864109,3.772727272727273,1.6310037278231957,4.35,1.6630662866176475,4.55,1.5035046776746235,resignado
respetar,4.7272727272727275,1.8304779022564985,4.428571428571429,2.2264642052238024,6.333333333333333,1.0072203103706705,5.045454545454546,1.617678310691937,3.8076923076923075,2.078831032464751,6.3478260869565215,0.8316847989130768,,,6.380952380952381,1.1169686869465267,5.85,1.3869694338832106,respetar
respeto,5.409090909090909,1.7087754152940704,5.5,1.970013294613105,6.619047619047619,0.7400128699009553,6.0,1.7182493859684491,3.7083333333333335,1.9444271910897755,6.809523809523809,0.40237390808147827,,,6.5,0.7608859102526822,6.095238095238095,1.0442586798663407,respeto
respetuoso,5.190476190476191,1.9904534061124766,4.863636363636363,1.6986116051885984,6.142857142857143,0.7928249671720914,5.285714285714286,1.874642823122772,4.086956521739131,2.23429963560398,6.761904761904762,0.624880941040924,,,5.761904761904762,1.4800257398019105,5.086956521739131,1.7815479346563374,respetuoso
responsable,5.608695652173913,1.7251911734588252,3.6956521739130435,1.7434235548768995,6.2727272727272725,0.9351250581921516,4.181818181818182,2.038588765750502,3.7,2.1545545393788235,6.125,1.701980943029264,,,5.15,1.5985190514644279,4.523809523809524,1.8873009198071096,responsable
resquemado,3.6666666666666665,2.23606797749979,3.857142857142857,1.7478401113789144,3.0833333333333335,2.3532698077098573,3.7333333333333334,2.4043611170022654,5.714285714285714,1.1387288073563848,2.6470588235294117,2.059768690611528,2.6153846153846154,1.7097008285302209,3.3636363636363638,1.689540012709215,4.545454545454546,1.634847782739198,resquemado
resquemar,4,2.449489742783178,3.3333333333333335,1.7182493859684493,3.3,2.359378449224852,2.9166666666666665,1.97522534195852,4.0,2.0548046676563256,1.9285714285714286,1.439245834257849,3.857142857142857,2.2822776362202757,1.875,1.4577379737113252,3.3,1.7669811040931427,resquemar
resquemor,4.0625,1.691892431568863,3.357142857142857,1.7368026705655186,3,1.889822365046136,5.363636363636363,1.8586407545691706,4.7368421052631575,1.6945043609385506,3.5454545454545454,1.6949121725703877,3.2666666666666666,1.667618775665584,2.5833333333333335,1.3789543689024493,4.375,1.5438048235879214,resquemor
reticencia,3.4,1.6465452046971294,3,1.3416407864998738,3.625,1.7677669529663689,3.5,2.2038926600773587,3.2,1.2292725943057181,3.4444444444444446,2.3511226632776476,2.3333333333333335,1.6583123951777,3.875,1.246423454758225,3.9285714285714284,1.9792883614022532,reticencia
retracción,3.85,2.277463963548745,3.1666666666666665,1.5048939771136507,3.6153846153846154,1.3867504905630725,3.5,2.0701966780270626,3.857142857142857,1.95555000554213,2.7857142857142856,1.4238934396479703,2.0,1.224744871391589,3.2666666666666666,2.051712409068047,4.444444444444445,1.2472191289246475,retraccion
retraerse,3.6818181818181817,2.0560332505270256,3.761904761904762,1.578124263319017,3.4375,1.547847968417226,3.6875,1.8154430129677255,3.590909090909091,1.790426682561368,3.1052631578947367,1.5236920380774406,3.4761904761904763,1.6618979396776332,3.388888888888889,2.0332208262027454,4.7727272727272725,1.3777766140664454,retraerse
retraído,3.5555555555555554,1.5801050680710418,4.0588235294117645,2.164214298402948,2.611111111111111,1.4199788270537859,4.2105263157894735,2.1233869006435357,4.476190476190476,1.8873009198071096,2.8947368421052633,1.7917941611104422,3.3,1.6254554017744978,4.2631578947368425,2.0774478269463734,3.8181818181818183,1.9182423412211709,retraido
revuelto,3.5217391304347827,1.9038135226050255,4.136363636363637,2.076981659488791,3.227272727272727,1.9006720160390937,2.5454545454545454,1.5954480704349314,3.8,2.0416711421361615,2.6666666666666665,1.551063216458077,3.3636363636363638,1.8399134178763372,3.05,1.6050905860647502,3.4761904761904763,1.8335497707738293,revuelto
ridiculizar,5.4,1.8257418583505538,4.260869565217392,2.19953282858693,2.8,2.0416711421361615,3.5,2.064741604835056,3.5652173913043477,2.1705903461023883,2.9047619047619047,2.165750722146062,,,4.55,2.163695668842645,5.739130434782608,1.2142109785351374,ridiculizar
ridículo,5.42105263157895,1.76499872057788,4.7027027027027,1.94171838078293,3.62857142857143,2.22400955200174,5.70967741935484,1.39507582558791,4.87878787878788,2.19028502365525,4.51282051282051,2.25798926471499,,,5.4390243902439,1.91113553271092,4.36666666666667,2.28161064304074,ridiculo
risueño,4.85,1.3484884325167863,5.304347826086956,1.9641047604141233,5.857142857142857,0.9102589898327991,5.590909090909091,1.7904266825613686,4.238095238095238,1.6094956323259126,4.181818181818182,2.174229226018436,,,3.95,2.163695668842645,4.142857142857143,1.8784492084087414,risueno
romántico,4.260869565217392,2.2606795298668256,4.434782608695652,2.312536721212557,5.7272727272727275,1.4203225046854737,5.7272727272727275,1.931735419668473,4.5,1.9601288894248496,4.291666666666667,2.074255584995267,,,5.95,1.050062654772262,3.9,1.6827296120792614,romantico
rubor,4,1.9685019685029528,5.411764705882353,2.0328189641914673,3.466666666666667,1.5976172734359602,4.846153846153846,2.577018750615843,5.095238095238095,1.4458479140200717,3.4705882352941178,1.940285000290664,3.761904761904762,2.0713464679952,4.5625,1.547847968417226,3.625,1.746424919657298,rubor
ruborizado,4,1.9466570535691503,4.176470588235294,1.878672873255449,3.3076923076923075,1.8432134703923737,5.142857142857143,2.10702644491246,5.476190476190476,1.6618979396776323,3.25,1.6532795690182993,4.666666666666667,1.6803361008336117,4.2105263157894735,2.1750848608840028,3.1904761904761907,1.7210185245675778,ruborizado
ruborizar,4.823529411764706,1.7042334830374282,5.105263157894737,2.024701263070274,2.875,1.5864005379054391,5.1875,1.8337120820892248,4.9,1.9439514830419644,2.6470588235294117,1.6560939160637989,4.722222222222222,1.6379885640466818,4.4375,2.1281838892977896,4.176470588235294,1.5904124511289153,ruborizar
salvaje,4.285714285714286,2.0770858707058104,4.136363636363637,1.958995236763565,3.7142857142857144,1.8477785890862881,3.6666666666666665,1.9061304607327731,3.391304347826087,2.0613131391682122,2.761904761904762,1.6094956323259126,,,3.5238095238095237,1.7781745588959377,2.9130434782608696,1.8318655041504666,salvaje
satisfacción,5.52,1.584297951775486,5.434782608695652,1.6466518911393768,6.4,0.7539370349250504,6.25,1.118033988749895,5.869565217391305,1.455533261419612,4.761904761904762,1.813966976126134,,,5.4,1.6670175069329807,5.3478260869565215,1.4015801359431281,satisfaccion
satisfacerse,5.35,1.5652475842498519,4.608695652173913,1.751340536814393,6.142857142857143,0.9636241116594311,5.5,1.7113069358158484,4.761904761904762,1.6402671094904604,4.863636363636363,1.859222944326462,4.869565217391305,2.1384860368130223,3.9047619047619047,2.0713464679952,4.571428571428571,1.5675276256394521,satisfacerse
satisfactoria,5.12,1.7635192088548397,5.478260869565218,1.377400886300364,5.9,1.3337718577106994,5.8,1.6091841672756193,5.304347826086956,1.769303473858765,4.476190476190476,2.0400746951777924,4.590909090909091,1.6521008532886934,5.1,1.8035053587243277,4.869565217391305,1.486434043611725,satisfactoria
satisfecho,4.181818181818182,1.9182423412211709,4.857142857142857,2.2646349437760223,5.791666666666667,1.2503622663458183,5.545454545454546,1.654064912852799,5.5,1.47648230602334,4.913043478260869,1.534839152907054,,,3.857142857142857,1.9309509130403673,4.9,1.7137217117324384,satisfecho
seducción,5.571428571428571,1.247855302966997,5.409090909090909,1.2968493288806469,4.666666666666667,1.6227548592850782,5.476190476190476,1.6005951274150372,4.565217391304348,2.149547245278362,4.238095238095238,1.786190412715338,,,5.9523809523809526,1.283596138829908,3.739130434782609,1.9590672944112,seduccion
seducido,4.818181818181818,1.789822115033559,4.714285714285714,2.239260081876537,4.2272727272727275,1.4119158946291717,4.954545454545454,1.617678310691937,5.24,1.7860571099491744,2.8260869565217392,1.8986160967936496,4.9,1.8890264827766654,5.333333333333333,1.4605934866804424,3.9473684210526314,1.8700470644857616,seducido
seguridad,4.809523809523809,1.6917165134574887,4.954545454545454,1.8638739158070687,6.333333333333333,1.4259499757471619,5.476190476190476,1.4703417160322831,4.956521739130435,1.718304155253217,5.619047619047619,1.5321941938341392,,,4.523809523809524,1.7781745588959377,4.086956521739131,2.043015673820997,seguridad
seguro,5.92,1.4696938456699074,5.826086956521739,1.3021720984236473,6.15,1.3088765773505306,6.0,1.4142135623730951,4.956521739130435,2.1208544776610716,5.380952380952381,1.321975433818287,,,5.4,1.788854381999831,5.173913043478261,1.7228985595908768,seguro
sensibilidad,5.2,1.8806493839265097,4.913043478260869,1.85651294533745,5.857142857142857,0.853563956930837,6.136363636363637,1.283427499777899,5.333333333333333,1.8797162906495575,5.454545454545454,1.844613076663343,,,4.714285714285714,2.1480888515807983,4.904761904761905,1.9210612146613626,sensibilidad
sensibilizarse,4.863636363636363,1.61231730734589,4,2.0976176963403033,5.083333333333333,1.3160106602801576,5.909090909090909,1.0192943828752523,4.923076923076923,1.9374844912530662,4.782608695652174,1.8329440238224415,4.95,1.5719582155957412,4.809523809523809,1.8873009198071096,5.55,0.9986833437344562,sensibilizarse
sensible,4.590909090909091,2.062340115802132,5.571428571428571,1.660464650976604,4.958333333333333,1.6010639578422379,6.136363636363637,1.5521246435421707,5.653846153846154,1.4681228202655983,5.043478260869565,1.4295028019803118,5.2727272727272725,1.5175738212786565,4.619047619047619,1.5321941938341392,4.75,1.6181535936466533,sensible
sensual,4.6,1.6982963599783725,6,1.2792042981336627,4.571428571428571,1.8860389330930734,4.7727272727272725,1.9255628288353015,5.0476190476190474,1.6874889770363088,4.136363636363637,1.9097607565310755,,,4.333333333333333,2.1525179054617256,3.9523809523809526,2.201730920802778,sensual
sensualidad,4.818181818181818,1.8162327215148664,6.045454545454546,1.1329385612423057,5.571428571428571,1.6903085094570327,4.954545454545454,2.1264160039007005,5.083333333333333,1.6396358733272003,3.8095238095238093,2.27198256197198,5.94117647058824,1.3470771157559,5.55,1.3562719801760001,4.285714285714286,1.5212776585113297,sensualidad
sentimental,4.636363636363637,1.9406786870148713,4.714285714285714,1.9784553859730356,5.083333333333333,1.1389036172018085,6.136363636363637,1.42412728649462,5.576923076923077,1.6043210881385783,5.043478260869565,1.5805137504669224,4.85,1.6944180805158295,5.428571428571429,1.599106893594939,5.15,1.5985190514644279,sentimental
sentimiento,4.714285714285714,1.7928429140015905,5,2.047065262876636,6.285714285714286,0.845154254728518,6.523809523809524,1.4359334113755968,6.6521739130434785,0.7140598174697294,5.380952380952381,2.0365704131257156,,,6.190476190476191,0.8135752957807649,4.956521739130435,2.2254368492411714,sentimiento
sentir,5.6,1.5811388300841898,5.391304347826087,1.305203935120089,6.15,0.745159820370593,6.3,1.525226471535846,6.217391304347826,1.7309094230577289,5.095238095238095,1.9724290077151554,,,5.95,1.3562719801760001,5.521739130434782,1.8307863491206402,sentir
serenarse,4.2727272727272725,1.9069251784911847,3.526315789473684,2.2452028132252595,4.913043478260869,1.928566200298244,5.318181818181818,1.2867960816866653,5.115384615384615,1.5576115838532556,4.590909090909091,1.053750259971313,3.217391304347826,1.7826568970635437,3.5238095238095237,1.9651729597938097,4.75,1.292692009559488,serenarse
serenidad,4.2272727272727275,1.998375964003394,3.5454545454545454,1.9694638556693236,5.416666666666667,1.471960144387975,5.045454545454546,1.4953028910326958,4.769230769230769,1.7276039432159749,5.434782608695652,1.6466518911393768,,,4.095238095238095,1.813966976126134,5.086956521739131,1.6763879860706166,serenidad
sereno,4.72,1.5684387141358118,4.695652173913044,1.8199596051634988,5.7,0.92338051687664,5.05,2.139232523470435,4.136363636363637,2.166749915150614,5.190476190476191,1.3645163106041494,,,3.15,2.058998223459779,4.695652173913044,1.2589599823481883,sereno
seriedad,4.608695652173913,2.083247692574409,4.3478260869565215,1.747951935374496,4.363636363636363,1.705605730844883,4.545454545454546,1.9694638556693236,3.05,1.8771478925557026,4.75,2.026991774076529,3.1818181818181817,1.3675269175156555,5.1,1.5183093090324955,4.428571428571429,1.7484687178050564,seriedad
severo,3.909090909090909,2.04494943258218,3.727272727272727,1.5790840679034457,3.473684210526316,2.0102078679864475,3.764705882352941,2.3592745644770208,3.625,1.8371173070873836,4.476190476190476,1.6618979396776332,3.5,2.1547290184283368,3.2222222222222223,1.6647047275914608,4.904761904761905,1.6402671094904604,severo
shock,3.9130434782608696,2.2746237147005792,5.260869565217392,1.7113894223527006,3.4545454545454546,2.344746361088017,4.5,2.262531241562781,5.9,1.2096106376585978,3,1.978141420187361,4.260869565217392,2.240482726077084,4.0,1.7471781760734562,4.619047619047619,2.0118695404073916,shock
simpatía,4.5,1.8451996923807203,5.0476190476190474,1.9358768162305804,5.583333333333333,1.2481870911416906,5.7272727272727275,1.2792042981336629,5.0,1.8973665961010275,5.739130434782608,1.3217547325894197,,,6.0,0.9486832980505138,5.35,1.5312533566021205,simpatia
simpático,4.619047619047619,2.085094493690645,4.7272727272727275,1.931735419668473,5.761904761904762,1.4458479140200717,5.095238095238095,1.6704718466577617,3.739130434782609,2.0718325508054636,5.428571428571429,1.6903085094570327,,,5.809523809523809,1.2497618820818466,4.521739130434782,2.1923330291431404,simpatico
simpatizar,5.409090909090909,1.7904266825613686,5.181818181818182,1.4019158196439487,6.1,1.0711528467275944,5.7727272727272725,1.8239626714491246,4.5,1.5603789952109879,5.761904761904762,1.75797502555531,4.45,1.9049796241485242,6.25,0.910465468000326,5.761904761904762,1.2611408289624886,simpatizar
sinceridad,5.409090909090909,1.4026875872882278,5.2727272727272725,1.8304779022564985,6.476190476190476,1.123345344008137,5.818181818181818,1.789822115033559,4.333333333333333,1.5227739752537617,6,1.6431676725154984,,,6.3,0.7326950970650482,6.095238095238095,0.7684244858645465,sinceridad
sincero,5.92,1.7058722109231985,4.391304347826087,2.230758746476238,6.35,1.3088765773505306,5.1,2.174009151193638,3.869565217391304,1.8660689801653043,6.142857142857143,1.0623424252901827,,,6.05,1.5719582155957421,5.478260869565218,1.4418915990459236,sincero
soberbia,4.2105263157894735,1.7819760370137492,3.55,1.8202082009311027,2.5555555555555554,1.947010445067672,4.578947368421052,2.2928824526173313,3.9565217391304346,2.099312893426306,3.5,1.9330913339165219,,,4.666666666666667,1.7126976771553508,4.478260869565218,1.9741411301072243,soberbia
soberbio,3.95,2.4165002967536595,3.238095238095238,1.757975025555309,2.4444444444444446,1.5038078030442361,4.8,2.015727634065883,3.9130434782608696,2.10870583918325,3.8,2.0672890969882065,2.9,1.8609561775433732,4.2105263157894735,2.097060041752131,4.565217391304348,2.0410800829801707,soberbio
sobrecogerse,4.2727272727272725,1.9069251784911847,4.045454545454546,2.214180977832978,4.0476190476190474,1.8296499795368097,4.684210526315789,2.1616000138515545,4.583333333333333,1.6396358733271996,4.473684210526316,1.7116730299340204,3.869565217391304,2.0069050760286906,4.111111111111111,1.9063018984684914,4.65,1.755442664221313,sobrecogerse
sobrecogido,3.75,1.943274501832843,3.75,1.8317377426626162,3.111111111111111,1.7111705277859943,4.2631578947368425,1.8511889651776021,5.090909090909091,1.6303400436745277,3.8095238095238093,1.6917165134574887,,,3.4761904761904763,2.0400746951777924,3.9047619047619047,1.9976176286957896,sobrecogido
sobrecogimiento,3.9545454545454546,1.9142889448832336,4.571428571428571,1.9123657749350302,4,1.970368732287556,4.578947368421052,1.8948992782873189,4.571428571428571,1.9639610121239317,3.2222222222222223,1.555088632070459,3.8,1.7044832524535805,4.7,1.6575187543592473,4.095238095238095,1.6402671094904604,sobrecogimiento
sobresaltado,4.954545454545454,2.0581376863394585,5.142857142857143,1.82443729093971,3.375,1.6100904646471967,4.7272727272727275,1.7232808737106584,5.269230769230769,1.8667124536509059,2.869565217391304,1.3586205512841107,,,3.1904761904761907,2.0644381225662256,4.65,1.3484884325167863,sobresaltado
sobresaltarse,5.090909090909091,1.411149174021653,5.5,1.535298947157477,3.7142857142857144,1.7928429140015905,4.818181818181818,2.2601382940486423,5.0,1.744556751977294,3.142857142857143,1.8244372909397104,4.818181818181818,1.7081419489459642,3.4,1.313893370663573,4.238095238095238,1.6704718466577608,sobresaltarse
sobresalto,4.130434782608695,2.201329099060734,4.913043478260869,1.7297672854057795,3.227272727272727,1.5409279264322764,3.727272727272727,2.1861429000000845,5.5,1.6059101370939324,2.6666666666666665,1.9927404479142845,4.15,1.8144159564878983,3.25,1.8883298106221302,3.55,1.932410548076104,sobresalto
sofocación,4.28,2.1315096371664226,4.695652173913044,1.9172608920184133,3.789473684210526,1.9882696935448683,4.2631578947368425,2.130260945496216,5.619047619047619,1.9098740920854045,2.9047619047619047,1.4800257398019097,4.409090909090909,2.0156315543200254,3.35,1.8144159564878983,4.086956521739131,1.8068818816921466,sofocacion
sofocado,3.5217391304347827,2.06418738616856,4.869565217391305,1.7400195355770354,3.090909090909091,2.0215291456172695,4.35,1.9808291724745768,5.5,1.877848713148555,2.652173913043478,1.668115312456598,4.5,1.7660825629193044,4.1,1.8035053587243286,3.05,1.7614288458371994,sofocado
sofocarse,4.142857142857143,1.7402791237532638,4.454545454545454,1.8702501163843026,2.6,1.9303667499917432,4.238095238095238,1.9724290077151547,5.217391304347826,1.3127528930087211,3,1.7888543819998317,4.954545454545454,1.29015586829738,3.5714285714285716,1.9639610121239317,3.5652173913043477,1.9499670616453952,sofocarse
sofoco,3.857142857142857,1.6518388022356867,4.666666666666667,2.0330600909302543,2.7,1.866604008973459,4.142857142857143,1.8784492084087414,5.434782608695652,1.6188123299764539,2.619047619047619,1.6575943555704598,4.782608695652174,1.756973682711022,3.3333333333333335,2.152517905461725,2.8636363636363638,1.8072724659646,sofoco
soledad,3.6818181818181817,2.1905938233048357,4.454545454545454,1.9204977709728506,3.2857142857142856,2.216818827573808,6.2727272727272725,1.4203225046854737,4.875,2.1531069562883753,3.238095238095238,1.9210612146613626,,,3.85,2.580799549711189,4.857142857142857,1.9566735620873064,soledad
solidaridad,6.2,1.0408329997330663,4,2.0670576365276494,6.45,0.6863327411532615,5.65,1.5312533566021205,4.521739130434782,1.7547225944288773,6.095238095238095,0.9436504599035559,,,6.7,0.47016234598162976,5.304347826086956,1.4596008983995226,solidaridad
solidario,4.5,1.9210612146613628,3.3333333333333335,2.37346441585572,5.625,1.4084373085707127,4.863636363636363,2.0539266585286633,4.5,2.1213203435596424,5.608695652173913,1.5591119393827029,4.086956521739131,2.0206444399174166,5.904761904761905,1.4108423691100975,4.9,1.7137217117324384,solidario
solitario,3.5,1.7660825629193044,3.3333333333333335,2.152517905461725,3.4166666666666665,1.717345440591042,4.681818181818182,1.8096662053792612,4.269230769230769,2.290112526627324,3.0869565217391304,1.6763879860706166,,,3.6666666666666665,2.3523038352503134,3.25,1.8317377426626162,solitario
solo,2.9545454545454546,2.3192213949487184,3.6363636363636362,2.3613042107609883,3.9523809523809526,2.0609752661347125,5.5,1.970013294613105,4.166666666666667,2.2586388102931196,3,2.1447610589527217,,,3.55,2.5848750351551657,4.0476190476190474,2.2243244025139517,solo
sombrío,2.8333333333333335,1.6179144164088315,2.533333333333333,1.7265434778633235,2.8666666666666667,1.245945806357946,3.4705882352941178,1.7719215226281728,3.1666666666666665,2.0364328674251486,2.5,1.4245742398014511,2.95,1.4680814547887784,2.1333333333333333,1.3557637102737476,3.0555555555555554,2.1549456720931977,sombrio
sorprendente,4.7,1.2607433062326865,5.3478260869565215,1.5257992138897967,5,1.70293863659264,5.545454545454546,1.7382879570557415,4.809523809523809,1.8335497707738293,3.5454545454545454,1.9694638556693236,4.3478260869565215,2.0362330562311715,3.9523809523809526,1.883512423006296,4.904761904761905,1.4108423691100964,sorprendente
sorprenderse,4.85,1.4608937423083823,5.608695652173913,1.529680015106624,5.190476190476191,1.4703417160322831,5.909090909090909,1.411149174021653,4.857142857142857,1.6518388022356867,3.727272727272727,1.9804236723685977,5.15,1.4608937423083812,4.095238095238095,2.0953463175513947,5.0,1.70293863659264,sorprenderse
sorpresa,4.7,1.3416407864998736,5.521739130434782,1.562910025252757,5.142857142857143,1.4242792663559445,5.409090909090909,1.8428521091243049,5.190476190476191,1.56904581255767,3.4545454545454546,2.017241698276156,,,3.8095238095238093,2.0644381225662256,4.619047619047619,1.774153050787628,sorpresa
sosegado,3.619047619047619,2.1089378956287566,3.5,1.9321835661585918,4.166666666666667,1.7856107630448044,4.6,1.465390194130093,5.08,1.9773719933285192,4.1,1.8324559303956278,3.272727272727273,1.608957609368435,3.142857142857143,1.878449208408742,3.8947368421052633,1.594948165026941,sosegado
sosegarse,4.045454545454546,1.7314258568692733,3.8823529411764706,2.1760730956581074,4.25,1.7507762253652943,4.35,1.496487114615601,5.130434782608695,1.6321861476416708,3.8947368421052633,1.4867838833500562,2.7777777777777777,1.7339365466222858,3.45,1.932410548076104,4.277777777777778,1.319784098009775,sosegarse
sosiego,3.2222222222222223,1.437135858965388,3.8125,2.372586492979058,4.761904761904762,1.5461164867099082,4.6,1.8180382718454353,4.739130434782608,1.7113894223527006,3.65,1.598519051464429,,,3.35,2.007223796297028,3.588235294117647,1.4602578338007541,sosiego
sospechoso,4.3,1.5252264715358448,3.4347826086956523,2.128296095183822,2.5714285714285716,1.9892568605242655,3.0454545454545454,1.5268165676232466,2.761904761904762,1.7292993351285917,2.590909090909091,1.943465018222936,,,3.4285714285714284,2.014235055087379,4.142857142857143,2.1044171232366047,sospechoso
suavidad,3.409090909090909,1.7636296692870672,4.523809523809524,2.1358615970855324,4.25,1.7997584378973221,3.5454545454545454,2.1095536139706073,3.6153846153846154,2.2816997712569123,3.5217391304347827,1.9275411849718922,5.086956521739131,2.043015673820997,2.5714285714285716,1.776835067512699,2.95,1.7910596686995397,suavidad
suficiencia,3.1818181818181817,2.0385887657505024,3.1818181818181817,2.0385887657505024,4.476190476190476,1.8606194564995717,3.2857142857142856,2.02837021134844,3.125,1.848912723973083,3.380952380952381,2.0365704131257156,3.090909090909091,1.8233692233542071,3.4444444444444446,1.9165600993392005,3.7142857142857144,1.820517979665599,suficiencia
suficiente,2.3333333333333335,1.460593486680443,2.590909090909091,1.8428521091243042,3.9523809523809526,1.5321941938341392,2.761904761904762,1.578124263319017,2.9565217391304346,1.9651107040193392,4.0476190476190474,1.6271505915615334,,,2.380952380952381,1.6575943555704598,3.0434782608695654,1.8944478895773593,suficiente
sufrido,4,2.0930724738891344,4.909090909090909,1.7703669490247316,4.333333333333333,2.287647991569799,4.954545454545454,2.2355839277100515,5.083333333333333,1.5012072436561845,4.238095238095238,2.0224925687072846,4.5,1.300183137283433,3.25,1.9701723141310308,4.857142857142857,1.4928400545843576,sufrido
sufrimiento,5.090909090909091,1.715728108915555,5.590909090909091,1.7087754152940704,3.142857142857143,2.3512914384591777,6.2727272727272725,1.4203225046854737,5.75,1.3269776053940743,3.7142857142857144,2.1246848505803664,,,4.0,1.8353258709644942,5.428571428571429,1.502379065729703,sufrimiento
sufrir,4.7,1.6254554017744978,5.565217391304348,1.471736357211556,3.3333333333333335,2.516611478423583,6.181818181818182,1.763015912640923,5.428571428571429,1.7196345126633321,3.5454545454545454,2.1542266920388484,5.217391304347826,2.448682795061467,4.714285714285714,1.820517979665599,4.190476190476191,2.1358615970855324,sufrir
susceptibilidad,5.052631578947368,1.649029485974716,4.090909090909091,1.973855084879307,3.45,1.8202082009311027,5.0,1.6222142113076254,4.238095238095238,1.8682816143387457,4.380952380952381,1.8296499795368097,3.1,1.8609561775433732,4.0,1.8973665961010275,4.611111111111111,1.5005445634595809,susceptibilidad
susceptible,4.6,1.7591864148251213,4.217391304347826,1.8818878755878592,3.5789473684210527,1.5746530296362717,5.25,1.7434086394791457,4.142857142857143,2.0071301473923975,4.318181818181818,1.7011582507043232,3.4347826086956523,1.8297065576087665,3.65,1.9269556026896009,4.842105263157895,1.2139539573337683,susceptible
suspense,3.68,2.1931712199461306,3.5217391304347827,2.086091718052321,3.4,1.6670175069329816,3.4,2.3033156878497434,4.521739130434782,1.9970333729034473,2.8095238095238093,1.600595127415038,4.045454545454546,1.9634098795153176,2.15,1.4964871146156007,3.4347826086956523,1.878734752107041,suspense
susto,4.318181818181818,1.728923795075274,4.523809523809524,2.2275333357561142,3.2083333333333335,1.7440374613713625,4.5,2.1767166186932183,5.0,2.1354156504062622,2.4347826086956523,1.7274807447031524,,,2.142857142857143,1.558387444947959,3.5,2.013114894621608,susto
taciturno,3.3076923076923075,2.1363760352762258,2.3333333333333335,1.5055453054181622,3,1.3333333333333333,3.0,2.3664319132398464,3.2666666666666666,1.9073791542572858,2.6153846153846154,1.9381460874790262,2.9,2.0789954839350235,2.727272727272727,1.1908743922772957,3.625,1.3102162671355697,taciturno
tedio,4.111111111111111,1.4529663145135576,2.6666666666666665,1.7320508075688772,3,1.8027756377319946,4.4,2.011080417199781,3.6153846153846154,2.2560460078960243,2.230769230769231,1.1657505560686465,,,2.6363636363636362,1.689540012709215,4.142857142857143,1.2149857925879122,tedio
tedioso,3.210526315789474,1.812884361343089,4.333333333333333,2.1602468994692865,2.5,1.855040827202527,3.5833333333333335,1.6764862244009222,4.3125,1.9568256607747831,2.9166666666666665,1.928651593652148,3.1538461538461537,0.9870962335856486,2.5384615384615383,1.5607361839521232,4.0,1.9578900207451218,tedioso
temblar,4.238095238095238,2.142539659020619,5.045454545454546,2.148693351058526,3.0952380952380953,1.841324574993825,3.6666666666666665,1.825741858350554,5.260869565217392,1.7637097087556366,2.3333333333333335,1.4944341180973264,,,2.761904761904762,2.0953463175513947,2.739130434782609,1.452815176393368,temblar
temblor,3.7142857142857144,1.8746428231227712,4.0476190476190474,2.201730920802778,2.857142857142857,1.7968225924034429,3.0,2.1908902300206643,5.217391304347826,1.7826568970635437,1.7619047619047619,0.9952267030562386,4.65,2.058998223459779,2.5238095238095237,1.7781745588959377,1.9565217391304348,1.1862186242450963,temblor
tembloroso,3.4782608695652173,1.9741411301072243,4.565217391304348,2.106830600182562,2.6363636363636362,1.9159842564581973,4.363636363636363,1.6196841122196088,5.35,1.8715318802914809,2.3333333333333335,1.578845661611168,4.5,1.820930936000652,3.1,1.8609561775433732,2.8,1.673320053068151,tembloroso
temer,4.304347826086956,1.98711262911555,4.521739130434782,2.019666156422692,3.6363636363636362,2.1722372611238208,5.409090909090909,1.9434650182229367,5.8,0.8944271909999172,3.25,1.9392961520142795,,,3.9,1.970840055995359,4.55,1.9049796241485242,temer
temeroso,4.8,1.361114094757441,4.826086956521739,1.8253810041404182,2.761904761904762,1.6402671094904604,5.181818181818182,2.061815280543398,4.619047619047619,2.1325147238926743,3.4545454545454546,2.0407111908602262,,,3.2857142857142856,1.7647338933351153,4.476190476190476,1.8335497707738293,temeroso
temor,4.565217391304348,1.9499670616453952,4.695652173913044,1.8447661248342482,3.590909090909091,2.1304837570282102,5.636363636363637,2.258222110326418,6.2,0.767771895949916,3.2916666666666665,1.9219366742195603,,,4.55,2.1878853044122666,5.1,1.6827296120792605,temor
temperamental,4.681818181818182,1.9853358510736767,3.8421052631578947,2.409775413572736,3.8260869565217392,1.9224079103855776,4.863636363636363,1.93453463200436,5.0,1.7663521732655694,4.086956521739131,1.9519930019961387,,,4.0476190476190474,1.8567765206451337,4.9,1.6189665319514632,temperamental
templado,2.727272727272727,2.0043243293728734,3.9545454545454546,1.9634098795153176,3.9,1.6189665319514632,3.4545454545454546,2.063913820812356,3.375,2.0602342627456967,2.5238095238095237,1.7498299237082335,,,2.7222222222222223,1.564516672426553,3.6666666666666665,1.825741858350554,templado
templanza,4.434782608695652,1.9499670616453952,3.782608695652174,1.7309094230577289,5.411764705882353,1.3256518929102281,4.944444444444445,1.589384720843155,4.476190476190476,2.1358615970855324,4.75,1.860248992954834,,,3.8,1.98944583661936,3.909090909090909,1.7970635017820682,templanza
tenacidad,4.65,1.9269556026896009,2.8666666666666667,1.8464895909600492,4.208333333333333,1.8876985450811388,3.6666666666666665,1.7149858514250884,4.521739130434782,1.9275411849718922,4.722222222222222,1.6735153404648673,3.1363636363636362,1.8846612565519705,3.35,1.8144159564878983,4.25,1.943274501832843,tenacidad
tenaz,4.666666666666667,1.6803361008336117,3.8181818181818183,1.842264745887353,5.166666666666667,1.0431851677040116,4.4,1.8467610337532774,3.9473684210526314,2.067571957918174,4.095238095238095,1.757975025555309,,,3.0555555555555554,1.764760347743376,4.421052631578948,1.7421503147829256,tenaz
tensión,4.565217391304348,1.878734752107041,5.391304347826087,1.3395769493246952,4,2.0701966780270626,3.9545454545454546,1.9875151446508401,6.05,0.7591546545162497,3.2083333333333335,1.9105921382756132,,,4.2,1.5761378513048243,4.5,1.820930936000652,tension
tenso,4.68,1.8867962264113214,4.869565217391305,1.6040955487888704,3.9,1.99736668746891,5.25,2.0487480130686233,5.304347826086956,2.0098571321612893,4.095238095238095,1.8682816143387457,,,3.75,1.6181535936466533,4.956521739130435,1.6090160988393212,tenso
ternura,4.130434782608695,2.0737394380483285,4.391304347826087,1.6163688382741954,6.090909090909091,0.9211323729436779,6.2272727272727275,1.0203555954301136,4.85,1.6630662866176475,4.458333333333333,2.105462185481552,,,5.6,1.6670175069329807,3.5,1.9056702094980709,ternura
terrible,3.76,2.046948949045872,3.5652173913043477,2.0632297487307203,3.05,2.211810403980842,4.6,2.4148662379867796,4.043478260869565,2.0108401877995092,2.4285714285714284,1.7196345126633323,,,2.05,1.5035046776746235,4.782608695652174,1.5361262299910132,terrible
terror,4.16,2.2671568097509267,4.434782608695652,2.483144761212753,3.6,2.0621909656836754,5.45,2.0384462607326053,5.217391304347826,2.131080002319149,2.5238095238095237,1.569045812557671,,,2.6,1.729009451741235,4.391304347826087,1.9479390142306956,terror
tierno,3.772727272727273,1.9501359703954757,5.136363636363637,1.5211353699959826,5.380952380952381,1.5644868320376009,5.7272727272727275,1.9069251784911847,4.583333333333333,1.6659418713870477,4.476190476190476,2.11232212550661,,,5.45,1.1909748329127618,4.666666666666667,1.7701224063135674,tierno
timidez,4.136363636363637,2.053926658528663,5.318181818181818,1.6729319468230912,3.2857142857142856,1.736169840276496,5.863636363636363,1.7537837882012643,4.583333333333333,1.8157922373651016,4.142857142857143,2.0805219125429626,4.7,1.6254554017744978,5.1,1.6189665319514621,4.142857142857143,1.9309509130403673,timidez
tímido,4.2272727272727275,2.307994763174264,5.545454545454546,1.9204977709728512,3.3333333333333335,1.8797162906495577,5.954545454545454,1.838147948013946,4.333333333333333,1.7110044511584583,4.380952380952381,2.178903175365773,,,4.6,1.6026294183720637,4.666666666666667,1.932183566158592,timido
timorato,1.25,0.5,1.5,0.7071067811865476,2.3333333333333335,0.5773502691896263,2.0,1.4142135623730951,1.0,#,#,#,2.3333333333333335,2.3094010767585034,2.25,1.8929694486000912,4.4,2.1908902300206647,timorato
tirria,3.5,1.7660825629193044,3.9411764705882355,2.435944073539408,2.5652173913043477,1.9265156242794619,4.6,1.8750438591361567,4.68,1.8421002506197472,2.772727272727273,1.4119158946291717,3.9523809523809526,1.9098740920854045,4.15,1.8715318802914818,3.764705882352941,1.9852396506689653,tirria
titubeante,3.736842105263158,2.1817960303677917,3.7222222222222223,1.8086574662067332,3.4,2.118699810942761,4.0,1.651445647689541,2.6875,1.7404501333467348,3.466666666666667,1.4074631010979932,2.9473684210526314,1.6490294859747157,2.9411764705882355,2.014652210534554,4.473684210526316,1.5765088382115293,titubeante
titubear,4.2,1.7651599003161753,2.3333333333333335,1.9227505550564008,2.473684210526316,1.4669856112538158,3.4545454545454546,1.0357254813546262,3.608695652173913,2.0613131391682122,2.235294117647059,0.9034248560828042,3.15,1.565247584249853,3.0,1.7822655773580136,3.2941176470588234,1.7945997423643294,titubear
titubeo,3.125,1.6278820596099706,3.6875,1.9568256607747831,2.375,1.3102162671355697,3.0,1.8586407545691703,4.222222222222222,2.016273661268277,3.1875,1.5152007567755943,2.8421052631578947,1.4629938062729388,3.6666666666666665,2,3.8947368421052633,1.7286711930171252,titubeo
tormento,3.8181818181818183,1.9182423412211709,4.2272727272727275,1.8498859213686456,3.0952380952380953,2.165750722146062,4.2727272727272725,2.119789256861751,3.9166666666666665,1.863065885242286,3.1904761904761907,2.11232212550661,,,2.6842105263157894,1.8273426844874248,4.0476190476190474,2.0118695404073916,tormento
torpe,4.0476190476190474,1.8567765206451337,4.2272727272727275,1.9501359703954757,2.761904761904762,1.7292993351285917,3.4761904761904763,2.0400746951777924,3.391304347826087,1.9479390142306956,3.6666666666666665,2.1291625896895083,,,2.8095238095238093,2.1358615970855324,2.608695652173913,1.8766297265136729,torpe
torpeza,3.9047619047619047,2.3217399058628834,4.545454545454546,1.8186146670912193,3.0476190476190474,1.9868616075658234,3.0952380952380953,1.5461164867099082,3.608695652173913,2.0167284586402126,3.619047619047619,1.8021151593666394,3.217391304347826,2.0661013294505457,3.1904761904761907,1.8606194564995717,2.5652173913043477,1.6188123299764534,torpeza
torturado,3.739130434782609,2.178769279460891,4.434782608695652,2.2120760910084147,2.3181818181818183,2.3173540666307058,3.5,2.1767166186932183,5.2,1.4363696929192167,2.3333333333333335,2.1196116680157253,,,4.05,2.211810403980842,3.65,2.300457620378584,torturado
tozudez,5.1,1.4473205733717949,4.545454545454546,2.0868584894473208,3.380952380952381,1.5644868320376009,4.636363636363637,1.9159842564581968,3.5238095238095237,1.8060744065250363,3.727272727272727,2.0279433208435864,3.1578947368421053,1.8337320140672693,3.6315789473684212,2.385384346291424,5.238095238095238,1.4108423691100975,tozudez
tozudo,4.636363636363637,2.0827055331136797,4.5,2.0644381225662256,3.4761904761904763,2.0885173597326796,4.136363636363637,2.1446601361444424,3.9130434782608696,1.8808374217658008,4.857142857142857,2.0071301473923975,3.772727272727273,1.7438823185999512,4.05,1.9861361590045288,5.095238095238095,1.8413245749938256,tozudo
tragedia,3.65,1.9269556026896009,4.391304347826087,1.9711355849030643,2.857142857142857,2.286606968539069,5.409090909090909,2.062340115802133,3.7142857142857144,2.0035682454774815,2.9545454545454546,2.058137686339458,,,3.5238095238095237,1.9651729597938097,3.5714285714285716,2.18108753999991,tragedia
trágico,3.4285714285714284,1.886038933093073,4,2,2.5238095238095237,2.11232212550661,4.380952380952381,2.2243244025139517,4.086956521739131,2.3142452820080335,2.9523809523809526,1.8567765206451337,4.909090909090909,1.411149174021653,3.0476190476190474,1.8021151593666394,3.869565217391304,1.9841267331701957,tragico
traición,4.565217391304348,2.252797996765189,3.782608695652174,1.999011613480532,2.772727272727273,2.4089479660279722,5.181818181818182,1.9913231694950884,4.4,1.6982963599783725,2.75,2.3265948246871155,,,6.1,1.4104870379448808,4.8,1.935812083093974,traicion
traicionado,4.142857142857143,2.0805219125429626,3.772727272727273,1.9744033018277696,2.761904761904762,2.2114421065169645,5.809523809523809,1.887300919807109,5.043478260869565,1.5805137504669224,3.857142857142857,2.2200386097028644,4.75,1.7434086394791457,5.380952380952381,2.178903175365773,4.173913043478261,1.9224079103855776,traicionado
tranquilidad,4.409090909090909,2.1304837570282102,5.181818181818182,1.7357957866601164,5.857142857142857,1.3522468075656262,5.954545454545454,1.2527027058580464,5.583333333333333,1.2825472842090018,5.238095238095238,1.6704718466577617,,,4.75,1.7434086394791457,5.285714285714286,1.4880476182856908,tranquilidad
tranquilizarse,4.7727272727272725,1.7709781580707415,4.571428571428571,2.3573592974221937,5.166666666666667,1.5788456616111681,5.7272727272727275,1.0319569104061785,5.653846153846154,1.3547636751052246,4.782608695652174,1.5062452335384542,,,3.857142857142857,2.1514114968019085,4.8,1.472555959083246,tranquilizarse
tranquilo,5.04,2.1307275752662522,4.739130434782608,2.220102194706521,5.75,1.118033988749895,5.55,1.5035046776746244,5.260869565217392,1.8394018618796069,4.619047619047619,1.8296499795368097,,,4.1,1.774082416646034,5.217391304347826,1.3802674885401558,tranquilo
triste,4.217391304347826,2.255428234668337,4.913043478260869,2.0206444399174166,3.3181818181818183,2.3580937344825927,6.2727272727272725,1.881787857630488,6.15,1.0399898784932566,3.4583333333333335,1.6934443076725036,,,4.8,1.5761378513048243,4.9,1.6511558949637932,triste
tristeza,3.9130434782608696,2.1301524375299117,4.956521739130435,1.6090160988393212,3.272727272727273,2.453021813461107,6.2727272727272725,1.881787857630488,6.25,0.9665456669582609,3.1666666666666665,1.9261736493723074,,,5.05,1.7910596686995397,5.333333333333333,1.6832508230603458,tristeza
triunfante,4.571428571428571,1.8593393604027368,3.8636363636363638,2.2317077498004707,5.190476190476191,1.6315344807587608,5.428571428571429,1.5675276256394512,4.130434782608695,1.8902704911319623,4.761904761904762,1.9469145308606102,,,4.476190476190476,2.11232212550661,3.869565217391304,1.8415494421345542,triunfante
triunfar,5.35,1.2680278927697541,4.739130434782608,1.6297627073330148,6,1,5.409090909090909,1.62302160620219,4.428571428571429,2.0873770280289228,4.363636363636363,1.839913417876337,,,4.428571428571429,1.8860389330930734,4.9523809523809526,1.8021151593666394,triunfar
triunfo,5.217391304347826,1.9058885243354806,4.086956521739131,2.3915199327901924,6.045454545454546,1.0455015987905494,4.7727272727272725,1.797665633982508,3.75,1.6181535936466533,5,1.6151457061744965,,,4.35,1.899445902583726,4.0,1.9194297398747862,triunfo
turbación,3.3333333333333335,1.6087993330796875,3,1.8439088914585775,2.6666666666666665,1.8786728732554485,3.5,2.1213203435596424,3.9375,1.6520189667999174,2.1538461538461537,1.214231845389905,3.764705882352941,1.9212434698882481,2.0625,1.2365947867699696,3.3333333333333335,1.9148542155126764,turbacion
turbado,4.2631578947368425,1.9391322590603908,3.5625,1.75,3.6153846153846154,1.7097008285302204,4.0,1.954016841836789,4.153846153846154,2.075498086651083,2.3333333333333335,1.497472618255253,2.4166666666666665,1.1645001528813153,3.090909090909091,1.3751033019046572,4.6875,1.4930394055974097,turbado
turbarse,4.1875,2.0402205763103165,4,2.1213203435596424,3.3846153846153846,1.980675875320574,4.8,2.1499353995462798,4.1875,1.6007810593582121,4.5,1.834021909257456,4.142857142857143,1.7032612545052805,2.5384615384615383,2.1453587351685734,4.2,1.5212776585113292,turbarse
turbulento,3.65,1.5312533566021216,3.210526315789474,1.9025990226360552,2.857142857142857,1.651838802235687,3.3333333333333335,1.8529256146249726,3.35,1.755442664221313,2.380952380952381,1.5644868320376006,,,2.8333333333333335,1.5434872662825796,3.0,1.6583123951777,turbulento
ultrajado,3.6875,2.4958298553119898,3.8666666666666667,1.8073922282301276,3.5454545454545454,1.9164360862620156,3.5,2.258317958127243,4.066666666666666,1.98086080374405,3.076923076923077,2.215909838025097,3.1875,1.8697147732564272,3.7,2.1628170930011112,4.909090909090909,1.5135749373285399,ultrajado
ultrajar,4.818181818181818,1.328019715078192,2.4166666666666665,1.8809249819912512,3.8333333333333335,2.249579085208177,4.111111111111111,2.260776661041756,3.8666666666666667,1.5055453054181618,3,1.8257418583505538,,,3.0,2.23606797749979,4.545454545454546,1.9164360862620156,ultrajar
ultraje,3.142857142857143,1.95555000554213,1,0,2.1666666666666665,1.5275252316519465,3.3333333333333335,1.5569978883230458,4.0588235294117645,1.951620744256364,3.0833333333333335,1.5642792899510296,2.5,1.632993161855452,3.8181818181818183,1.9908883353006925,2.909090909090909,2.0225995873897262,ultraje
vacilación,4.333333333333333,2.1291625896895083,3.739130434782609,2.027479207478807,3.380952380952381,1.9098740920854045,3.0,2.0701966780270626,3.45,1.5719582155957412,3.0833333333333335,1.909169331471644,3.272727272727273,1.6382865085151268,5.25,1.4823523268955432,3.526315789473684,1.8669172764102495,vacilacion
vacilado,3.727272727272727,1.931735419668473,3.652173913043478,2.1449453405236207,2.5,1.8961113087680521,3.909090909090909,2.2658771224846097,3.95,2.0384462607326044,3,1.8177865182927715,3.4545454545454546,1.765469659009499,5.105263157894737,1.594948165026941,3.85,2.1343062474478063,vacilado
vacilante,4.56,1.7578395831246942,3.9565217391304346,1.9182914005002476,3.0526315789473686,1.7150861400630166,4.25,1.6503588126605426,3.5652173913043477,1.6188123299764539,3.0952380952380953,1.578124263319017,3.3181818181818183,1.5852403644201765,4.15,1.9269556026896009,4.391304347826087,1.6442497718573548,vacilante
vacilar,4.619047619047619,1.774153050787628,2.8181818181818183,1.918242341221171,2.857142857142857,1.7687768170607137,2.9047619047619047,1.786190412715338,3.391304347826087,1.9479390142306956,3.1904761904761907,1.7781745588959377,,,4.428571428571429,1.7196345126633328,3.4347826086956523,2.0186873988384755,vacilar
vacío,2.6818181818181817,2.032740670138381,3.6818181818181817,2.212224987188101,2.761904761904762,2.142539659020619,4.7272727272727275,2.2292817160908514,4.75,1.8237562766229864,2.7142857142857144,2.02837021134844,,,2.8,1.8806493839265088,3.7142857142857144,2.1480888515807983,vacio
valentía,5.904761904761905,1.135991280985991,4.954545454545454,2.103902784447734,6.380952380952381,0.8646496675642964,6.380952380952381,0.8047478161629569,5.217391304347826,1.412815427021534,5.809523809523809,1.2497618820818466,4.478260869565218,2.1715006377532675,4.619047619047619,2.085094493690645,4.521739130434782,1.8797863809339252,valentia
valiente,5.391304347826087,1.8275450606254835,4.043478260869565,1.609016098839322,6.045454545454546,1.1742179860604591,5.363636363636363,1.6196841122196095,4.05,2.0384462607326044,5.041666666666667,1.9444271910897761,,,4.4,1.7591864148251213,4.761904761904762,1.6704718466577608,valiente
valor,4.863636363636363,2.1886167526644065,5.454545454545454,1.5954480704349319,6.285714285714286,1.0071175275436908,4.5,2.3654255632418653,4.458333333333333,1.7440374613713623,6.095238095238095,1.2208506012105629,,,5.05,1.6693837501494848,4.857142857142857,2.2646349437760223,valor
vanidad,4.666666666666667,1.957890020745122,4.052631578947368,1.614988276893342,4.666666666666667,1.5569978883230466,4.5625,1.5903353943953669,3.7777777777777777,1.9868851044538665,3.5,1.6538724611187705,,,4.055555555555555,1.7977836754712315,4.722222222222222,1.6016739609309323,vanidad
vanidoso,4.434782608695652,1.9731397903876624,4.052631578947368,1.5082618476808303,3.466666666666667,1.3557637102737472,5.2,1.7808505191139907,3.823529411764706,1.9759584420492964,3.8333333333333335,2.148871112659745,3.4545454545454546,2.1095536139706073,4.105263157894737,1.9117977822546812,5.0476190476190474,1.203170415036477,vanidoso
vehemencia,4,2,3.1818181818181817,1.8877596148970779,4.1,1.370320319406298,3.4285714285714284,1.5118578920369086,3.769230769230769,2.1273554065179203,2.7142857142857144,1.7043362064926935,3.1818181818181817,1.8340219092574561,3.5454545454545454,1.8090680674665816,4.090909090909091,1.6403990645294486,vehemencia
vehemente,3.8,2.2803508501982757,3.6666666666666665,2.065591117977289,4.571428571428571,1.5118578920369092,2.2857142857142856,1.1126972805283737,3.1666666666666665,1.329160135825126,4,2.1908902300206643,3.1538461538461537,2.0349510168614966,4.4,2.6076809620810595,3.5,1.378404875209022,vehemente
vencida,3.95,1.6375527311718607,3.5217391304347827,1.8307863491206402,2.761904761904762,1.9724290077151547,4.863636363636363,1.8072724659646004,3.142857142857143,2.0318886358684694,2.5454545454545454,1.8702501163843028,3.3181818181818183,1.8096662053792616,3.0,1.760681686165901,4.285714285714286,1.736169840276496,vencida
vencido,3.782608695652174,2.043982781886438,3.8260869565217392,1.7748796095675046,2.6363636363636362,2.059714602177749,4.7727272727272725,2.1365708658818376,3.75,1.8317377426626162,2.75,1.7507762253652943,,,3.8421052631578947,1.9224740395512598,3.8947368421052633,1.8825141829805179,vencido
veneración,4.4,1.8822478962286409,3.6153846153846154,2.2926862533740318,3.0833333333333335,1.6764862244009227,3.6923076923076925,2.1363760352762258,2.789473684210526,1.9315781506443854,3.466666666666667,1.552264091423817,3.45,1.932410548076104,4.428571428571429,1.8693596482500354,4.333333333333333,1.8387366263150304,veneracion
venerado,4,1.8810798862519205,3.6666666666666665,1.3719886811400708,4.833333333333333,1.749458790771038,4.235294117647059,2.047236300622924,3.25,1.6025547785276542,3.066666666666667,1.8695555876298773,3.0,2.1908902300206643,4.5,1.9771421064483223,3.6666666666666665,2.0236694629405503,venerado
venerar,4.411764705882353,1.7698454568623982,3.176470588235294,1.9116515803633993,3.8333333333333335,1.8006732747570398,3.8666666666666667,1.8073922282301276,3.4375,1.9653244007033546,2.8823529411764706,2.088131728997732,3.380952380952381,1.8567765206451337,4.823529411764706,1.6671567906786344,4.888888888888889,1.2782749814122838,venerar
venganza,5.7727272727272725,1.2317938209440806,3.2857142857142856,2.1246848505803664,2.7083333333333335,1.944427191089776,5.045454545454546,1.731425856869274,4.653846153846154,2.0965172585468057,2.9130434782608696,1.7815479346563374,,,4.571428571428571,2.2264642052238024,4.6,1.7591864148251213,venganza
vengar,5.380952380952381,1.774153050787628,3.772727272727273,2.1806905455408514,2.761904761904762,2.142539659020619,5.318181818181818,1.728923795075274,4.916666666666667,1.1389036172018085,4.095238095238095,2.2114421065169645,,,4.15,2.1343062474478063,4.857142857142857,2.031888635868469,vengar
vengativo,5.454545454545454,1.8702501163843033,4.7272727272727275,2.2078176723767013,3.4761904761904763,2.2498677209793385,5.818181818181818,1.7357957866601164,4.666666666666667,1.0901402648748697,3.9523809523809526,2.418185073070101,4.2272727272727275,1.5715269548108204,4.2,2.0672890969882065,5.142857142857143,1.4928400545843576,vengativo
venturoso,5.142857142857143,1.5118578920369092,3.9285714285714284,1.817195036917557,5.583333333333333,1.7298624923456327,4.636363636363637,2.500908925679912,3.769230769230769,1.6908501882113507,3.923076923076923,2.059997510578531,4.066666666666666,1.667618775665584,4.076923076923077,1.4978617237881955,3.176470588235294,1.5904124511289146,venturoso
vergonzoso,4.7727272727272725,1.8498859213686456,5.142857142857143,1.7113069358158484,3.2916666666666665,1.8761469921708915,5.454545454545454,1.5653167252081772,5.538461538461538,1.7024868688073744,3.391304347826087,1.6716657570106694,,,4.285714285714286,1.736169840276496,4.25,1.9701723141310308,vergonzoso
vergüenza,5.36,2.0387904911164036,5.3478260869565215,1.5553045785362467,4.05,1.9861361590045288,6.25,1.6819474927657678,5.434782608695652,1.7535959666437562,3.9523809523809526,1.9098740920854045,,,4.2,1.8524521444205841,5.478260869565218,1.7021260827509308,verguenza
victoria,5.304347826086956,1.769303473858765,3.782608695652174,2.2754923890552177,6.136363636363637,0.8888437939499221,5.2272727272727275,2.1141657857644396,3.85,1.8144159564878983,4.458333333333333,2.166527308784762,,,4.4,1.9303667499917432,4.4,2.112618729145617,victoria
victorioso,4.96,1.9035055380358983,4.6521739130434785,2.0362330562311715,5.05,1.7006190823220508,5.8,1.7044832524535813,5.043478260869565,1.744556751977293,5,1.3038404810405297,,,4.25,1.8027756377319946,4.565217391304348,1.878734752107041,victorioso
vigilante,3.5,2.090076805438398,3.0434782608695654,2.1632942234548684,3.8095238095238093,1.8606194564995717,2.1363636363636362,1.4895015000377538,3.238095238095238,2.047065262876636,3.3636363636363638,1.81384764796917,,,2.4761904761904763,1.7781745588959377,2.4761904761904763,1.7781745588959377,vigilante
vigor,4,2.04939015319192,2.8823529411764706,1.9647631199834392,3.8636363636363638,1.983154162666239,3.75,1.6819474927657678,3.923076923076923,1.547205918372262,4.05,1.731290969494334,,,2.4761904761904763,1.6618979396776332,3.45,2.0894471693929497,vigor
vigorizarse,4.3,1.494434118097326,4.6,1.1737877907772676,5.090909090909091,2.1658506621900533,4.333333333333333,1.8257418583505536,4.266666666666667,1.667618775665584,4,2.2638462845343543,4.090909090909091,1.6403990645294486,4.8,1.751190071541826,4.416666666666667,1.443375672974064,vigorizarse
vigoroso,5.2105263157894735,1.6186052764450236,5,1.5,5.25,1.51744244666721,4.571428571428571,1.7851647506079622,3.9545454545454546,1.8381479480139453,3.933333333333333,1.9444671200491874,,,3.066666666666667,1.334523278535216,4.125,1.5864005379054391,vigoroso
violencia,5.363636363636363,1.9650628136199269,4.7272727272727275,2.47235800655045,2.380952380952381,2.334013506306047,4.636363636363637,2.1054454238712608,4.833333333333333,1.6854019432007692,3.4285714285714284,2.5213375135318272,,,4.05,2.2354794611117836,3.8095238095238093,2.315578709935113,violencia
violentarse,5.090909090909091,1.6303400436745277,4.3,2.430074722697789,2.8333333333333335,2.1196116680157253,4.636363636363637,2.0129451189607854,4.8076923076923075,2.0399849169879816,2.409090909090909,1.790426682561368,3.9545454545454546,1.7855844108615218,4.190476190476191,1.9651729597938097,4.0,1.5217718205053643,violentarse
violento,5.714285714285714,1.764733893335116,4.318181818181818,2.1905938233048357,2.6666666666666665,2.243509156061845,4.761904761904762,2.364418784918651,5.130434782608695,1.8660689801653036,2.9523809523809526,2.246690688016276,,,4.428571428571429,2.0632844828435215,4.0,2.0225995873897262,violento
vital,4.7727272727272725,2.202418977090724,5.363636363636363,1.5597757636597749,6.571428571428571,0.6761234037828121,5.181818181818182,1.8162327215148664,5.25,1.5393392145304765,5.142857142857143,1.7113069358158484,,,5.6,1.5355437918998283,4.380952380952381,1.8296499795368097,vital
vitalidad,5.6,1.353358395757908,5.565217391304348,1.4086126945758224,6.190476190476191,0.9807674351775548,5.863636363636363,1.457181053739248,5.666666666666667,1.4944341180973257,5.181818181818182,2.038588765750502,4.5,1.5660079668957474,4.238095238095238,2.2782616597915593,4.761904761904762,1.6402671094904604,vitalidad
vitalizar,4.954545454545454,1.5576928215816264,4.863636363636363,1.7807289717965709,5.857142857142857,1.236354087052503,4.315789473684211,1.9451544234312483,4.458333333333333,1.7440374613713623,4.6,1.9029063643750177,3.526315789473684,1.775400457256258,4.411764705882353,1.938389264615462,4.285714285714286,1.419255337945119,vitalizar
vulnerabilidad,4.095238095238095,1.9210612146613626,4.181818181818182,1.7357957866601164,3.6666666666666665,2.287647991569799,5.285714285714286,2.0035682454774824,5.0,1.7320508075688772,3.9047619047619047,2.0713464679952,4.478260869565218,2.04204810773603,4.4,1.7591864148251213,4.3478260869565215,2.0584348787847597,vulnerabilidad
vulnerable,4.181818181818182,2.084783045383942,4.285714285714286,2.02837021134844,3.4166666666666665,2.2050666295102532,4.681818181818182,1.6150000335062247,4.961538461538462,1.886388490863305,3.4782608695652173,1.7021260827509308,4.181818181818182,1.789822115033559,4.0476190476190474,1.9098740920854045,4.2,1.9084300519426678,vulnerable
