palabra,ico-m,ico-sd,palabra_noaccents
¡aba!,4.5,2.582,aba
¡abur!,4.786,1.929,abur
¡achís!,6.56,1.158,achis
¡adiós!,5.64,1.977,adios
¡aghgghh!,6.8,0.523,aghgghh
¡agur!,2.682,1.912,agur
¡ah!,2.72,1.815,ah
¡ahó!,1.6,1.188,aho
¡ajá!,6.15,1.461,aja
¡ajajá!,6.44,1.227,ajaja
¡ajajay!,6.042,1.732,ajajay
¡ajó!,4.765,2.195,ajo
¡ala!,6.52,1.085,ala
¡alalá!,5.0,2.309,alala
¡ale!,5.263,2.182,ale
¡aleluya!,5.375,1.555,aleluya
¡amén!,4.818,1.967,amen
¡anda!,5.714,1.554,anda
¡ar!,6.278,1.406,ar
¡arre!,5.708,1.706,arre
¡arrea!,5.6,1.871,arrea
¡atiza!,4.368,2.191,atiza
¡au!,6.25,1.648,au
¡aúpa!,5.72,1.487,aupa
¡auuu!,6.52,0.872,auuu
¡ay!,6.714,0.784,ay
¡ayayay!,6.619,1.117,ayayay
¡aymé!,4.769,2.555,ayme
¡bah!,6.0,1.871,bah
¡bang!,6.583,1.176,bang
¡bee!,5.789,1.686,bee
¡biiip!,3.0,2.116,biiip
¡bingo!,5.4,2.021,bingo
¡boing!,6.348,1.584,boing
¡boom!,6.826,0.491,boom
¡bravo!,5.72,1.72,bravo
¡brrr!,6.737,0.562,brrr
¡bu!,6.2,1.443,bu
¡buaaa!,6.619,0.669,buaaa
¡bueno!,2.76,1.899,bueno
¡buf!,6.143,1.797,buf
¡bum!,6.6,1.155,bum
¡bzzzz!,4.87,2.262,bzzzz
¡calla!,5.6,2.062,calla
¡carajo!,6.238,1.261,carajo
¡caramba!,5.318,2.079,caramba
¡caray!,4.762,2.143,caray
¡cáspita!,5.261,1.864,caspita
¡cataplam!,6.28,1.671,cataplam
¡cataplum!,6.36,1.319,cataplum
¡catapumba!,6.304,1.46,catapumba
¡chao!,5.24,2.146,chao
¡chapó!,5.8,1.704,chapo
¡chas!,6.4,1.19,chas
¡chisst!,6.609,0.656,chisst
¡cho!,5.35,2.033,cho
¡chof!,6.143,1.493,chof
¡clap clap!,6.273,1.518,clap_clap
¡co co có!,6.25,1.209,co_co_co
¡cojón!,5.65,1.694,cojon
¡cojones!,4.0,2.449,cojones
¡coño!,5.0,2.022,cono
¡córcholis!,5.952,1.431,corcholis
¡crash!,6.56,1.003,crash
¡cri cri!,6.591,1.008,cri_cri
¡cuidado!,4.619,2.109,cuidado
¡ding dong!,6.708,1.042,ding_dong
¡dios!,2.364,1.84,dios
¡ea!,6.136,1.781,ea
¡eh!,6.652,0.775,eh
¡ejem!,6.714,0.561,ejem
¡eureka!,5.737,1.996,eureka
¡fo!,4.714,2.4,fo
¡fu!,4.24,2.146,fu
¡glup!,6.682,0.646,glup
¡grrrr!,6.609,0.941,grrrr
¡guau!,5.88,1.364,guau
¡guay!,5.4,1.871,guay
¡hala!,4.737,2.232,hala
¡hale!,6.143,1.153,hale
¡hao!,6.0,1.549,hao
¡hip!,5.762,1.411,hip
¡hola!,4.762,2.256,hola
¡hombre!,4.591,2.343,hombre
¡hum!,6.318,0.945,hum
¡hurra!,6.304,1.49,hurra
¡huy!,6.52,1.122,huy
¡iiiiih!,6.636,0.658,iiiiih
¡ja!,6.45,0.826,ja
¡jajaja!,5.68,1.842,jajaja
¡je!,6.35,0.988,je
¡jejeje!,2.12,1.536,jejeje
¡ji!,5.85,1.694,ji
¡jijiji!,6.68,0.627,jijiji
¡jo!,3.24,1.943,jo
¡jobar!,4.684,2.187,jobar
¡joder!,3.375,2.242,joder
¡jojojo!,5.81,1.806,jojojo
¡jolín!,5.095,1.895,jolin
¡jolines!,5.174,1.922,jolines
¡joroba!,3.85,2.54,joroba
¡ju!,5.429,1.964,ju
¡jujuju!,6.2,1.756,jujuju
¡lástima!,5.12,1.666,lastima
¡leñe!,5.083,2.041,lene
¡maldición!,4.714,1.765,maldicion
¡mecachis!,5.64,1.997,mecachis
¡miau!,3.08,2.308,miau
¡mierda!,5.905,1.758,mierda
¡mino!,4.0,2.523,mino
¡mio!,2.16,1.573,mio
¡miso!,4.727,2.005,miso
¡mmmm!,5.857,1.558,mmmm
¡mu!,6.227,1.445,mu
¡muá!,6.6,1.041,mua
¡muac!,6.136,1.167,muac
¡muuu!,6.739,0.619,muuu
¡nanay!,6.143,1.59,nanay
¡niinoo niinoo!,6.68,0.627,niinoo_niinoo
¡ñam!,6.28,1.4,nam
¡oh!,4.08,2.414,oh
¡oink!,6.227,1.51,oink
¡ojalá!,4.4,2.398,ojala
¡ojo!,5.955,1.812,ojo
¡olé!,5.316,1.765,ole
¡oste!,5.133,2.232,oste
¡ostras!,5.667,2.129,ostras
¡paf!,6.56,1.261,paf
¡pam!,6.708,0.908,pam
¡pardiez!,3.933,1.831,pardiez
¡pataplum!,6.773,0.528,pataplum
¡pita!,5.409,1.79,pita
¡plaf!,6.8,0.5,plaf
¡plas!,6.88,0.44,plas
¡plum!,6.217,1.622,plum
¡pssst!,6.292,1.756,pssst
¡puaf!,6.524,0.981,puaf
¡puaj!,6.667,1.09,puaj
¡pucha!,5.5,1.512,pucha
¡puf!,2.28,1.458,puf
¡pum!,4.0,2.273,pum
¡pumba!,6.2,1.704,pumba
¡puñeta!,4.783,1.757,puneta
¡quia!,4.375,1.746,quia
¡quiquiriquí!,6.76,0.723,quiquiriqui
¡rataplán!,5.667,1.88,rataplan
¡recórcholis!,5.28,2.227,recorcholis
¡repámpanos!,4.714,1.793,repampanos
¡riiiing!,6.85,0.366,riiiing
¡ro!,4.933,1.944,ro
¡rrrr!,5.417,2.165,rrrr
¡snif!,6.182,1.259,snif
¡so!,6.091,1.601,so
¡stop!,6.48,1.005,stop
¡sus!,5.353,2.12,sus
¡ta!,5.688,1.852,ta
¡tate!,5.059,1.784,tate
¡to!,3.28,2.112,to
¡toc toc!,6.826,0.388,toc_toc
¡tuso!,5.5,2.023,tuso
¡uf!,6.818,0.501,uf
¡uh uh!,5.792,1.841,uh_uh
¡uh!,5.143,2.22,uh
¡upa!,5.208,2.0,upa
¡vale!,3.85,2.346,vale
¡vamos!,5.182,1.842,vamos
¡vaya!,4.8,2.198,vaya
¡velay!,4.286,2.43,velay
¡ya!,5.8,1.936,ya
¡yuju!,6.24,1.451,yuju
¡yupi!,5.19,2.272,yupi
¡za!,5.889,2.026,za
¡zape!,4.667,2.41,zape
¡zas!,5.857,1.769,zas
¡zuzo!,4.714,1.799,zuzo
¡zzzz!,6.348,1.496,zzzz
ábaco,2.043,1.77,abaco
abad,1.294,0.588,abad
abadesa,2.471,1.807,abadesa
abadía,1.778,1.478,abadia
abajo,3.364,2.3,abajo
abalanzar,3.043,2.099,abalanzar
abanderado,3.105,1.883,abanderado
abandonar,3.318,2.079,abandonar
abarca,2.913,1.621,abarca
abarcar,2.88,1.641,abarcar
abarque,1.833,1.249,abarque
abastecer,2.81,1.778,abastecer
abastecimiento,2.3,1.593,abastecimiento
abasto,2.8,1.795,abasto
abatimiento,3.45,1.959,abatimiento
abdicación,2.158,1.5,abdicacion
abdicar,2.88,1.691,abdicar
abdomen,2.238,1.48,abdomen
abdominal,2.909,2.114,abdominal
abedul,2.5,1.543,abedul
aberración,4.24,2.241,aberracion
abertura,3.708,1.681,abertura
abeto,2.136,1.583,abeto
abierta,3.263,1.661,abierta
abogacía,2.19,1.662,abogacia
abogar,2.333,1.204,abogar
abolición,3.13,1.984,abolicion
abolir,2.81,1.601,abolir
abolladura,3.455,1.92,abolladura
abominable,3.52,2.22,abominable
abonar,1.824,1.131,abonar
abono,1.818,0.958,abono
abordaje,3.15,2.134,abordaje
abordar,2.609,1.751,abordar
abordo,2.76,2.026,abordo
aborigen,2.87,1.914,aborigen
abortar,2.783,1.731,abortar
aborto,2.364,1.497,aborto
abra,2.632,1.674,abra
abrazafarolas,3.524,2.442,abrazafarolas
abrebotellas,2.833,2.014,abrebotellas
abrelatas,4.286,2.411,abrelatas
abreviación,2.0,1.622,abreviacion
abreviar,2.4,1.683,abreviar
abreviatura,2.087,1.676,abreviatura
abridor,3.048,1.802,abridor
abrigar,2.696,2.01,abrigar
abril,2.474,1.867,abril
abrir,3.7,1.78,abrir
abrumadora,1.95,1.317,abrumadora
abrupto,3.435,1.903,abrupto
absenta,2.952,2.037,absenta
absolución,2.522,1.702,absolucion
absolutismo,3.6,2.041,absolutismo
absolutista,2.174,1.642,absolutista
absoluto,3.429,1.886,absoluto
absorbente,4.44,2.043,absorbente
absorber,2.667,2.033,absorber
absorción,3.64,1.997,absorcion
absorto,2.895,1.997,absorto
abstención,2.96,1.645,abstencion
abstener,3.095,1.786,abstener
abstinencia,3.2,1.893,abstinencia
abstracción,3.158,1.864,abstraccion
abstracto,3.409,1.869,abstracto
abundante,2.5,1.638,abundante
abundar,3.25,2.152,abundar
aburrimiento,3.0,1.794,aburrimiento
aburrir,2.667,1.711,aburrir
abusar,3.76,2.006,abusar
abusivo,3.0,2.16,abusivo
acabar,2.273,1.638,acabar
academia,1.87,1.359,academia
académico,2.76,2.087,academico
acallar,2.792,2.0,acallar
acampar,2.56,1.502,acampar
acantilado,3.55,1.605,acantilado
ácaro,2.05,1.504,acaro
acarrear,3.0,1.599,acarrear
acaso,2.0,1.588,acaso
acatamiento,1.81,1.25,acatamiento
acceder,2.957,1.965,acceder
accesibilidad,3.895,1.941,accesibilidad
accesible,1.905,1.446,accesible
acceso,2.727,1.316,acceso
accesorio,2.875,1.918,accesorio
accidental,3.348,1.774,accidental
accionar,3.68,2.155,accionar
accionarial,2.235,1.715,accionarial
acciones,2.08,1.187,acciones
accionista,2.522,1.534,accionista
acebo,2.188,1.109,acebo
acechar,3.619,1.83,acechar
acecho,3.304,2.285,acecho
aceite,2.25,1.997,aceite
aceleración,4.2,2.255,aceleracion
acelerar,2.136,1.583,acelerar
acentuación,3.286,2.053,acentuacion
acentuar,3.32,2.212,acentuar
acepción,2.3,1.867,acepcion
aceptable,2.3,1.38,aceptable
aceptar,2.8,1.555,aceptar
acepto,4.12,1.986,acepto
acequia,1.938,1.063,acequia
acercamiento,2.048,1.499,acercamiento
acercar,2.5,1.472,acercar
acero,2.84,1.748,acero
acertada,2.92,1.73,acertada
acertar,3.16,1.951,acertar
acertijo,2.81,1.662,acertijo
achacar,3.294,2.024,achacar
achuchar,5.24,1.615,achuchar
aclamación,3.792,1.719,aclamacion
aclaración,3.0,1.958,aclaracion
aclarar,3.333,1.77,aclarar
acné,2.545,1.765,acne
acoger,3.2,1.683,acoger
acogida,2.364,1.432,acogida
acometer,3.24,1.855,acometer
acometida,1.947,1.177,acometida
acomodar,3.32,2.376,acomodar
acomodo,3.52,1.96,acomodo
acompañamiento,2.583,1.742,acompanamiento
acompañante,3.32,2.076,acompanante
acompañar,3.429,1.502,acompanar
acondicionado,2.905,1.758,acondicionado
acondicionamiento,1.095,0.436,acondicionamiento
aconsejable,2.6,1.903,aconsejable
aconsejar,2.174,1.302,aconsejar
acontecer,2.0,1.374,acontecer
acoplamiento,3.542,1.865,acoplamiento
acorazado,2.667,1.653,acorazado
acordar,3.0,1.555,acordar
acorde,2.048,1.359,acorde
acordeón,3.0,2.025,acordeon
acortar,3.44,1.96,acortar
acostar,2.88,1.9,acostar
acostumbrar,1.476,1.078,acostumbrar
acrecentar,3.48,1.851,acrecentar
acreditación,2.304,1.428,acreditacion
acreditar,2.095,1.375,acreditar
acreedor,2.435,1.727,acreedor
acrílico,2.1,1.294,acrilico
acritud,1.75,0.965,acritud
acrónimo,2.429,1.469,acronimo
acta,2.286,1.617,acta
actitud,2.087,1.593,actitud
activa,3.48,2.023,activa
activación,3.68,1.547,activacion
actividad,3.88,1.764,actividad
activismo,2.857,1.878,activismo
activista,3.36,1.955,activista
actor,3.0,1.897,actor
actora,2.474,1.837,actora
actuación,2.429,1.434,actuacion
actual,3.1,2.15,actual
actualidad,3.25,2.192,actualidad
actualización,1.955,1.29,actualizacion
actualizar,3.0,1.732,actualizar
acuática,4.92,1.824,acuatica
acudir,1.783,1.565,acudir
acueducto,3.333,2.033,acueducto
acuicultura,3.556,1.886,acuicultura
acumulación,3.2,1.683,acumulacion
acumular,2.7,1.525,acumular
acuñado,1.905,1.48,acunado
acuñar,2.778,1.768,acunar
acurrucado,4.5,2.064,acurrucado
acusación,2.957,1.846,acusacion
acusador,2.52,1.896,acusador
acuse,1.905,1.179,acuse
acústica,2.95,1.572,acustica
adaptabilidad,3.0,1.668,adaptabilidad
adaptación,3.72,1.926,adaptacion
adaptar,2.087,1.756,adaptar
adecuar,2.44,1.609,adecuar
adelantar,3.273,2.229,adelantar
adelante,4.24,2.067,adelante
adelanto,2.381,1.596,adelanto
además,3.48,2.084,ademas
adentrar,3.125,1.777,adentrar
adentro,2.174,1.337,adentro
adherencia,2.238,1.64,adherencia
adherir,3.12,2.186,adherir
adhesión,3.409,1.221,adhesion
adición,2.8,1.803,adicion
adicional,2.52,1.711,adicional
adiestramiento,3.857,2.032,adiestramiento
aditivo,4.286,1.736,aditivo
adivina,3.32,1.952,adivina
adivinación,3.52,1.873,adivinacion
adivinar,2.92,1.706,adivinar
adivino,3.238,1.998,adivino
adjetivo,2.261,1.657,adjetivo
adjudicación,1.381,0.669,adjudicacion
adjudicar,2.52,1.388,adjudicar
adjunta,3.4,1.826,adjunta
adjunto,2.0,1.049,adjunto
administración,2.455,1.765,administracion
administrador,2.52,1.686,administrador
administrar,3.04,1.767,administrar
administrativa,1.524,1.03,administrativa
admirable,3.348,1.921,admirable
admirador,3.95,2.012,admirador
admisible,2.8,1.732,admisible
admisión,2.75,1.648,admision
admitir,2.409,1.681,admitir
adobe,1.87,1.217,adobe
adolecer,3.125,1.586,adolecer
adolescencia,3.88,2.147,adolescencia
adoptar,2.12,1.509,adoptar
adoptivo,3.48,1.806,adoptivo
adorar,3.773,2.159,adorar
adornado,3.0,1.784,adornado
adornar,2.238,1.48,adornar
adorno,1.583,1.06,adorno
adosada,2.52,1.584,adosada
adosado,2.913,1.676,adosado
adquirir,2.24,1.3,adquirir
adquisición,2.44,1.938,adquisicion
adquisitivo,2.375,1.61,adquisitivo
adrenalina,2.619,1.658,adrenalina
adscripción,1.545,0.963,adscripcion
aduana,2.364,1.733,aduana
aduanera,2.636,1.465,aduanera
aducir,2.524,1.692,aducir
adulación,2.353,1.656,adulacion
advenimiento,1.562,0.814,advenimiento
adverbio,1.917,1.283,adverbio
adversidad,2.87,1.766,adversidad
adverso,2.696,1.869,adverso
advertencia,3.0,1.915,advertencia
adyacente,2.529,1.663,adyacente
aérea,3.44,1.805,aerea
aéreo,4.81,1.778,aereo
aeróbic,3.13,1.914,aerobic
aeródromo,3.708,1.922,aerodromo
aeroespacial,3.875,1.941,aeroespacial
aerolínea,3.2,1.893,aerolinea
aeronáutica,3.429,1.469,aeronautica
aeronave,3.48,2.064,aeronave
aeroplano,3.52,1.917,aeroplano
afable,2.706,1.404,afable
afán,3.6,2.062,afan
afasia,2.588,1.839,afasia
afección,2.19,1.365,afeccion
afecta,2.52,1.61,afecta
afectación,3.04,1.645,afectacion
afectiva,3.304,1.769,afectiva
afectuosa,2.143,1.59,afectuosa
afeitar,1.381,0.921,afeitar
aferrar,2.609,1.644,aferrar
afgano,2.409,1.943,afgano
aficionado,2.6,2.0,aficionado
afiliación,2.68,1.52,afiliacion
afiliar,2.6,1.581,afiliar
afín,2.286,1.953,afin
afinación,3.652,1.695,afinacion
afinar,2.84,1.972,afinar
afincado,2.238,1.868,afincado
afinidad,2.565,1.903,afinidad
afirmación,4.5,2.236,afirmacion
afirmar,3.542,1.693,afirmar
afirmativo,3.208,1.978,afirmativo
aflicción,3.333,1.81,afliccion
aflojar,2.96,2.01,aflojar
afluencia,2.524,1.401,afluencia
afluente,2.476,1.75,afluente
aforo,2.217,1.085,aforo
áfrica,2.857,2.081,africa
afroamericano,3.0,2.103,afroamericano
afrontar,3.524,1.721,afrontar
afuera,3.333,2.153,afuera
agachar,2.32,1.345,agachar
agarrado,3.909,1.797,agarrado
agarrar,4.72,1.815,agarrar
agarre,3.48,2.143,agarre
ágata,2.0,1.512,agata
agenda,2.88,1.9,agenda
ágil,2.542,2.064,agil
agilizar,2.55,1.82,agilizar
agitación,3.2,1.399,agitacion
agitar,3.04,1.947,agitar
aglomerado,2.25,1.86,aglomerado
aglutinar,3.6,1.708,aglutinar
agonizante,4.571,1.886,agonizante
agosto,2.333,1.798,agosto
agotamiento,2.88,1.878,agotamiento
agotar,2.8,1.893,agotar
agradable,3.6,1.78,agradable
agradecer,2.25,1.585,agradecer
agradecimiento,3.72,2.189,agradecimiento
agrado,2.64,1.63,agrado
agravamiento,3.16,1.972,agravamiento
agravar,2.565,1.727,agravar
agravio,3.059,1.919,agravio
agregación,3.417,1.998,agregacion
agregado,3.261,2.137,agregado
agregar,3.04,1.513,agregar
agresor,4.048,1.857,agresor
agria,3.783,2.11,agria
agrícola,3.24,2.047,agricola
agricultura,2.864,1.983,agricultura
agropecuaria,1.75,1.765,agropecuaria
agrupación,3.4,1.581,agrupacion
agrupar,2.522,1.62,agrupar
aguacero,3.4,1.759,aguacero
aguafuerte,3.095,1.998,aguafuerte
aguamarina,4.6,2.198,aguamarina
aguantar,3.0,1.871,aguantar
aguante,2.091,1.823,aguante
aguardar,2.476,1.887,aguardar
agudeza,2.25,1.422,agudeza
aguilucho,3.44,2.022,aguilucho
agujero,3.44,2.238,agujero
ahijada,1.3,0.801,ahijada
ahijado,2.619,1.936,ahijado
ahínco,3.143,2.107,ahinco
ahogo,4.4,2.021,ahogo
ahondar,3.9,1.861,ahondar
ahora,3.591,1.968,ahora
ahorra,2.217,1.413,ahorra
ahorro,2.348,1.584,ahorro
ahuyentar,3.0,1.718,ahuyentar
airoso,3.583,1.932,airoso
aislante,3.211,2.123,aislante
aislar,3.045,1.704,aislar
ajeno,2.143,1.59,ajeno
ajo,3.15,2.183,ajo
ajuar,1.917,1.24,ajuar
ajustar,3.76,2.026,ajustar
ajuste,2.72,1.882,ajuste
ala,2.955,1.939,ala
alabado,3.5,2.065,alabado
alabanza,4.273,1.956,alabanza
alacena,2.071,0.917,alacena
alado,3.5,2.198,alado
alambrado,2.048,1.465,alambrado
álamo,1.947,1.649,alamo
alar,2.727,1.348,alar
alarde,3.143,2.151,alarde
alargar,3.611,2.09,alargar
alarido,3.19,2.112,alarido
alarmante,3.913,2.109,alarmante
alas,2.714,1.586,alas
albanesa,2.217,1.65,albanesa
albaricoque,1.913,1.505,albaricoque
albedrío,1.8,1.508,albedrio
albergar,2.2,1.633,albergar
albina,2.429,1.502,albina
albornoz,2.091,1.571,albornoz
alboroto,4.2,2.016,alboroto
albufera,1.5,0.756,albufera
álbum,2.88,2.223,album
alcachofa,2.632,1.674,alcachofa
alcaide,2.238,1.546,alcaide
alcalde,2.24,1.665,alcalde
alcaldía,2.36,1.68,alcaldia
alcance,2.0,1.732,alcance
alcantarillado,3.2,2.102,alcantarillado
alcanzar,4.05,1.849,alcanzar
alcayata,1.941,1.249,alcayata
alcázar,1.059,0.243,alcazar
alcoba,2.1,1.944,alcoba
alcohol,3.36,2.252,alcohol
alcohólica,3.04,1.989,alcoholica
alcoholismo,2.333,1.798,alcoholismo
alcornoque,2.1,1.683,alcornoque
aldea,1.905,1.48,aldea
aleación,2.714,2.004,aleacion
aleatorio,2.3,1.593,aleatorio
alegación,2.053,1.433,alegacion
alegar,2.68,1.626,alegar
alegato,2.167,1.465,alegato
alegoría,1.556,1.097,alegoria
alegórica,2.2,1.673,alegorica
alegra,2.909,1.509,alegra
alegro,2.5,1.504,alegro
alejamiento,2.333,1.853,alejamiento
alejar,3.04,1.968,alejar
alelí,3.471,2.095,aleli
alemán,2.318,1.644,aleman
alentar,2.826,1.614,alentar
alero,2.667,1.534,alero
alertar,3.7,2.105,alertar
aleta,2.318,1.644,aleta
aletas,3.8,1.958,aletas
aleteo,4.36,1.955,aleteo
alfa,3.304,2.285,alfa
alfabético,3.478,1.904,alfabetico
alfabetización,2.2,1.803,alfabetizacion
alfabeto,3.25,2.447,alfabeto
alfalfa,2.96,1.744,alfalfa
alfarería,2.238,1.338,alfareria
alfarero,3.235,2.047,alfarero
alférez,1.278,0.752,alferez
alfil,2.96,1.62,alfil
alga,2.92,1.73,alga
algarabía,3.35,2.159,algarabia
algarrobo,3.25,2.172,algarrobo
álgebra,2.619,1.532,algebra
algebraica,3.28,2.031,algebraica
álgido,3.545,1.765,algido
algo,2.1,1.804,algo
algodón,2.542,1.865,algodon
algoritmo,2.2,1.765,algoritmo
alguacil,2.44,1.446,alguacil
alguna,2.368,1.707,alguna
alguno,1.522,0.898,alguno
alhambra,2.5,2.064,alhambra
aliado,2.45,1.731,aliado
aliar,2.429,1.886,aliar
aliciente,2.609,1.725,aliciente
alienación,4.2,2.215,alienacion
alienígena,4.72,1.926,alienigena
aligerar,2.364,1.364,aligerar
alimaña,3.053,1.747,alimana
alimentación,2.88,2.261,alimentacion
alimentaria,3.2,1.803,alimentaria
alimenticia,2.96,1.567,alimenticia
alimento,2.286,1.617,alimento
alineación,2.957,1.637,alineacion
alineamiento,3.304,2.458,alineamiento
alinear,2.864,1.983,alinear
alioli,2.762,1.868,alioli
alistar,2.565,1.701,alistar
aliviar,2.818,1.79,aliviar
aljibe,2.167,1.523,aljibe
allá,4.913,1.649,alla
allanamiento,2.5,1.956,allanamiento
allanar,2.87,1.66,allanar
allí,3.182,1.991,alli
almacén,1.571,1.165,almacen
almacena,2.65,1.631,almacena
almacenaje,2.682,1.756,almacenaje
almacenamiento,3.091,1.925,almacenamiento
almacenar,2.48,1.636,almacenar
almanaque,1.545,0.82,almanaque
almendra,2.571,1.777,almendra
almendro,2.88,1.856,almendro
almeriense,3.261,2.281,almeriense
almíbar,2.3,1.455,almibar
almidón,1.545,0.739,almidon
almirante,3.087,1.998,almirante
almorzar,1.636,1.136,almorzar
almuerzo,1.864,1.642,almuerzo
aloja,2.409,1.709,aloja
alojado,2.24,1.763,alojado
alojamiento,2.619,2.061,alojamiento
alojar,1.85,1.268,alojar
alondra,2.529,1.505,alondra
alpargata,2.857,1.824,alpargata
alpha,3.45,2.46,alpha
alpinismo,3.28,1.969,alpinismo
alpino,1.789,1.228,alpino
alquilar,2.24,1.715,alquilar
alquiler,2.04,1.513,alquiler
alquimia,3.0,2.326,alquimia
alquimista,1.792,1.474,alquimista
alquitrán,3.76,2.047,alquitran
alrededor,2.565,1.674,alrededor
altar,3.35,2.39,altar
altavoz,3.591,2.218,altavoz
alteración,3.32,2.015,alteracion
alterar,2.96,1.904,alterar
alterna,1.5,0.802,alterna
alternancia,2.227,1.541,alternancia
alternar,2.571,1.434,alternar
alternativa,1.826,1.37,alternativa
alternativo,2.88,1.616,alternativo
alteza,3.429,2.111,alteza
altiplano,2.783,1.565,altiplano
altísimo,5.053,1.957,altisimo
altitud,3.217,1.704,altitud
altivez,2.708,1.829,altivez
altivo,2.684,1.565,altivo
altruismo,2.095,1.375,altruismo
altruista,2.0,1.451,altruista
altura,3.0,2.047,altura
alucinación,2.609,1.644,alucinacion
alud,3.056,2.209,alud
alumbra,3.636,1.677,alumbra
alumbrado,2.273,1.486,alumbrado
alumbrar,2.909,1.998,alumbrar
alumna,2.2,1.528,alumna
alumnado,2.435,1.903,alumnado
alusión,3.81,2.182,alusion
aluvión,3.474,1.837,aluvion
alza,3.9,2.269,alza
alzamiento,3.24,2.087,alzamiento
alzar,3.8,1.848,alzar
alzheimer,2.5,2.0,alzheimer
ama,3.333,1.77,ama
amada,2.905,2.022,amada
amapola,1.286,0.717,amapola
amargo,2.714,1.953,amargo
amarilla,2.19,1.806,amarilla
amarillento,3.28,2.072,amarillento
amasador,3.292,1.517,amasador
amatista,1.25,0.577,amatista
amazónica,3.08,1.977,amazonica
ámbar,2.56,1.981,ambar
ambicioso,3.81,2.015,ambicioso
ambientación,2.826,1.946,ambientacion
ambiental,2.56,1.583,ambiental
ambigua,3.0,1.703,ambigua
ambigüedad,2.143,1.652,ambiguedad
ámbito,1.625,1.377,ambito
ambulante,3.56,1.805,ambulante
amén,3.6,1.984,amen
amena,2.143,1.526,amena
amenazante,2.45,1.504,amenazante
americana,2.619,1.746,americana
americano,2.652,2.014,americano
amigdalitis,1.8,1.152,amigdalitis
aminoácido,1.286,0.784,aminoacido
aminorar,2.778,1.734,aminorar
amnesia,3.24,2.047,amnesia
amnistía,1.944,1.211,amnistia
amo,2.5,1.668,amo
amonestación,3.045,1.864,amonestacion
amonestar,2.667,1.88,amonestar
amonio,2.826,1.992,amonio
amontonar,4.6,2.0,amontonar
amorosa,2.696,1.795,amorosa
amortización,1.75,1.446,amortizacion
ampara,2.72,1.646,ampara
amparo,2.208,1.444,amparo
ampliar,3.636,1.989,ampliar
amplificación,1.81,1.504,amplificacion
amuleto,2.72,1.926,amuleto
amurallado,3.333,2.288,amurallado
ana,2.2,1.673,ana
anacardo,2.238,1.546,anacardo
anaconda,3.095,1.998,anaconda
anagrama,2.333,1.645,anagrama
anal,3.75,2.221,anal
analfabetismo,2.304,1.69,analfabetismo
analítica,1.864,1.424,analitica
analizada,2.28,1.86,analizada
analizado,2.44,1.781,analizado
analizar,2.783,1.833,analizar
análoga,2.45,1.669,analoga
analógico,2.522,1.974,analogico
anaranjado,2.381,1.359,anaranjado
anarquía,3.409,1.919,anarquia
anarquismo,3.28,1.646,anarquismo
anarquista,2.591,1.894,anarquista
anatomía,2.3,1.809,anatomia
ancestral,2.857,1.905,ancestral
ancestro,2.783,1.833,ancestro
anchas,3.28,1.815,anchas
anchoa,2.583,1.886,anchoa
anciana,1.19,0.512,anciana
ancla,3.32,1.887,ancla
anclaje,3.158,1.573,anclaje
andadura,2.636,1.649,andadura
andaluz,3.16,2.055,andaluz
andaluza,2.95,1.849,andaluza
andante,2.348,1.695,andante
andar,1.762,1.411,andar
andén,3.318,2.056,anden
anécdota,2.174,1.614,anecdota
anemia,2.217,1.204,anemia
anestesia,3.238,1.729,anestesia
anestesista,3.36,1.753,anestesista
anexa,2.652,1.668,anexa
anexión,3.75,1.653,anexion
anexionar,2.714,1.875,anexionar
anexo,2.72,1.72,anexo
anfibios,2.6,1.756,anfibios
anfiteatro,2.667,1.592,anfiteatro
anfitriona,2.68,1.574,anfitriona
angelical,3.818,2.015,angelical
angina,3.4,1.979,angina
anglosajón,3.478,2.213,anglosajon
angora,1.917,1.084,angora
angosta,1.357,1.336,angosta
angular,2.783,1.858,angular
ángulo,3.238,1.841,angulo
angustiosa,3.182,2.015,angustiosa
anhelar,2.8,1.581,anhelar
anidar,3.174,1.922,anidar
ánima,2.6,1.826,anima
animación,3.5,2.325,animacion
animal,2.48,1.503,animal
animalito,3.958,1.989,animalito
anime,3.15,2.134,anime
anímico,3.88,2.128,animico
animosidad,2.85,1.496,animosidad
animoso,2.87,1.914,animoso
aniquilación,3.909,2.022,aniquilacion
aniquilamiento,3.762,1.7,aniquilamiento
anís,2.619,1.564,anis
aniversario,2.9,2.511,aniversario
ano,3.72,2.283,ano
anoche,2.92,2.04,anoche
anochecer,2.545,1.819,anochecer
anomalía,2.92,1.935,anomalia
anónima,3.25,2.027,anonima
anonimato,2.84,2.154,anonimato
anónimo,2.72,1.792,anonimo
anormal,4.28,2.246,anormal
anotación,2.304,1.46,anotacion
anotador,2.042,1.517,anotador
ansia,2.091,1.571,ansia
antagonismo,3.88,1.81,antagonismo
antagonista,2.3,1.75,antagonista
antaño,3.25,2.005,antano
antártico,2.0,1.345,antartico
ante,2.36,1.823,ante
anteayer,3.095,1.513,anteayer
antebrazo,2.238,1.972,antebrazo
antecámara,2.8,1.803,antecamara
anteceder,1.619,1.071,anteceder
antecesor,3.84,2.322,antecesor
antelación,2.478,1.504,antelacion
antemano,2.917,1.84,antemano
antepasado,3.44,2.238,antepasado
anteproyecto,2.429,1.599,anteproyecto
anterior,2.304,1.55,anterior
anterioridad,2.81,2.015,anterioridad
antes,1.524,0.981,antes
antesala,3.6,2.257,antesala
anticiclón,3.52,1.759,anticiclon
anticipación,2.435,1.532,anticipacion
anticipar,2.56,1.805,anticipar
anticipo,1.81,1.401,anticipo
antidisturbios,3.318,1.937,antidisturbios
antidopaje,3.36,2.158,antidopaje
antídoto,2.696,1.869,antidoto
antifaz,2.409,1.764,antifaz
antiglobalización,2.522,1.78,antiglobalizacion
antigüedad,3.36,2.289,antiguedad
antílope,2.333,1.572,antilope
antimonio,2.278,1.487,antimonio
antipatía,3.24,1.665,antipatia
antisemita,2.571,1.912,antisemita
antisemitismo,2.591,2.13,antisemitismo
antisocial,4.35,2.254,antisocial
antitanque,3.2,1.852,antitanque
antiterrorista,4.16,2.115,antiterrorista
antojarse,1.8,1.196,antojarse
antojo,2.714,1.707,antojo
antología,2.091,1.477,antologia
antológica,2.688,2.152,antologica
antonomasia,2.5,1.694,antonomasia
antropología,2.542,1.888,antropologia
antropológico,1.864,1.39,antropologico
anuario,2.0,1.272,anuario
anular,2.429,1.777,anular
anunciar,2.348,1.555,anunciar
anuncio,4.364,2.036,anuncio
anverso,2.619,1.596,anverso
anzuelo,2.48,2.084,anzuelo
añadidura,1.714,0.644,anadidura
añadir,3.04,2.051,anadir
añil,3.706,2.616,anil
año,2.333,1.606,ano
apacible,3.13,1.456,apacible
apaciguar,2.833,1.926,apaciguar
apagar,2.92,2.272,apagar
apagón,4.391,2.271,apagon
aparador,3.2,1.732,aparador
aparcamiento,2.421,1.502,aparcamiento
apareamiento,2.455,1.683,apareamiento
aparecer,3.0,1.732,aparecer
aparecido,2.3,1.658,aparecido
aparejador,2.609,1.852,aparejador
aparejo,3.48,1.782,aparejo
aparentar,2.8,1.732,aparentar
aparente,2.68,1.574,aparente
aparición,2.118,1.166,aparicion
aparta,2.85,1.981,aparta
apartado,2.217,1.38,apartado
apartahotel,2.5,1.566,apartahotel
apartar,2.652,1.799,apartar
aparte,2.227,1.85,aparte
apasionante,3.48,1.584,apasionante
apatía,2.739,1.738,apatia
apego,2.409,1.79,apego
apelación,2.8,2.0,apelacion
apelante,2.4,1.472,apelante
apelar,2.76,1.763,apelar
apelativo,2.36,1.63,apelativo
apellido,1.636,1.497,apellido
apenas,2.333,1.653,apenas
apéndice,2.68,2.036,apendice
apertura,2.864,1.859,apertura
apestoso,2.96,1.925,apestoso
apetecer,2.545,1.993,apetecer
apetito,2.391,1.469,apetito
ápice,2.812,1.834,apice
apicultura,2.095,1.338,apicultura
aplacar,2.87,1.842,aplacar
aplastante,4.381,2.133,aplastante
aplazamiento,2.571,1.535,aplazamiento
aplazar,2.455,1.654,aplazar
aplicable,2.48,1.503,aplicable
aplicación,3.08,1.847,aplicacion
aplicar,3.08,1.891,aplicar
aplomo,3.238,1.64,aplomo
apoderar,2.75,2.049,apoderar
apodo,1.958,1.398,apodo
apogeo,2.333,1.278,apogeo
apología,1.955,1.647,apologia
aportación,2.571,1.434,aportacion
aportar,2.435,1.441,aportar
aporte,2.789,1.619,aporte
aposento,3.0,1.803,aposento
apostar,2.857,1.236,apostar
apostillar,2.208,1.25,apostillar
apóstol,1.947,1.682,apostol
apostólica,3.52,1.851,apostolica
apoyar,3.087,1.929,apoyar
apoyo,3.0,1.756,apoyo
apreciable,2.87,1.604,apreciable
apreciación,1.762,1.3,apreciacion
apreciar,1.619,1.117,apreciar
aprehensión,2.391,1.234,aprehension
apremiante,2.136,1.283,apremiante
apremio,2.1,1.21,apremio
aprendiz,3.12,1.922,aprendiz
aprendizaje,3.36,1.777,aprendizaje
aprensión,2.381,1.499,aprension
apresar,3.0,1.936,apresar
apresurar,3.522,2.108,apresurar
apretar,3.48,1.735,apretar
apretón,4.333,1.949,apreton
aprieto,2.429,1.859,aprieto
aprisa,3.4,1.759,aprisa
aprobado,3.68,2.268,aprobado
apropiación,2.417,1.886,apropiacion
apropiar,2.56,1.758,apropiar
aprovechamiento,2.095,1.64,aprovechamiento
aprovechar,2.32,1.52,aprovechar
aprovisionamiento,1.913,1.276,aprovisionamiento
aproximación,2.864,1.642,aproximacion
aproximar,2.478,1.928,aproximar
apto,3.3,2.029,apto
apuesta,2.68,1.749,apuesta
apuntar,3.3,2.203,apuntar
apunte,2.8,1.893,apunte
apuñalar,4.36,1.729,apunalar
apurar,3.053,1.747,apurar
apuro,2.0,1.483,apuro
aquel,2.174,1.749,aquel
aquí,3.286,2.148,aqui
ara,3.95,2.282,ara
árabe,2.304,1.49,arabe
arado,2.917,1.998,arado
aragonés,2.76,2.006,aragones
arameo,3.182,1.991,arameo
arancel,2.333,1.308,arancel
arandela,1.529,1.007,arandela
arar,3.6,1.536,arar
arbitraje,2.792,1.615,arbitraje
arbitral,3.36,2.039,arbitral
arbitrar,3.474,1.679,arbitrar
arbitraria,2.25,1.824,arbitraria
arbitrariedad,3.273,1.98,arbitrariedad
arbitrio,1.75,1.238,arbitrio
arbolado,4.04,1.925,arbolado
arboleda,2.895,1.696,arboleda
arbusto,3.96,1.968,arbusto
arca,1.667,1.354,arca
arcaico,3.88,2.223,arcaico
arcángel,3.44,2.083,arcangel
archiduque,2.8,2.0,archiduque
archipiélago,2.739,1.657,archipielago
archivar,3.16,1.519,archivar
arcilla,2.333,1.853,arcilla
arcipreste,1.739,1.176,arcipreste
arcón,3.292,1.853,arcon
arder,2.64,1.753,arder
ardiente,3.85,2.134,ardiente
ardor,4.64,1.729,ardor
ardua,3.588,2.181,ardua
área,2.182,1.651,area
arena,2.44,1.083,arena
arenisca,2.412,1.873,arenisca
arenoso,3.619,2.156,arenoso
arenque,1.882,0.928,arenque
argelino,2.783,1.808,argelino
argentina,3.435,2.041,argentina
argentino,3.667,2.456,argentino
argot,1.308,0.855,argot
argumentación,2.05,1.731,argumentacion
argumental,3.3,1.838,argumental
argumentar,2.261,1.573,argumentar
aria,1.8,1.424,aria
aridez,3.2,1.852,aridez
árido,2.95,1.959,arido
arista,2.842,1.5,arista
aristocracia,3.24,2.107,aristocracia
aristócrata,2.25,1.86,aristocrata
aristocrática,2.5,1.535,aristocratica
aristotélica,2.864,1.726,aristotelica
aritmética,2.55,2.064,aritmetica
armada,3.52,2.044,armada
armadura,3.381,1.774,armadura
armamento,3.24,2.296,armamento
armas,2.92,1.956,armas
armazón,4.176,1.976,armazon
armenio,2.105,1.524,armenio
armisticio,2.429,1.785,armisticio
armónica,2.174,1.497,armonica
armoniosa,4.391,1.644,armoniosa
armonización,2.045,1.397,armonizacion
armonizar,3.7,2.155,armonizar
aro,2.2,1.708,aro
aromático,3.4,1.871,aromatico
arpa,2.095,1.609,arpa
arpón,4.048,1.91,arpon
arqueología,2.68,1.651,arqueologia
arqueológico,2.818,1.943,arqueologico
arquero,2.391,1.994,arquero
arquetipo,1.762,0.944,arquetipo
arquitectónico,3.429,1.832,arquitectonico
arquitectura,2.476,1.834,arquitectura
arraigo,3.273,2.097,arraigo
arrancar,4.72,1.926,arrancar
arranque,4.0,1.936,arranque
arrastrar,4.273,2.028,arrastrar
arrastre,3.476,1.99,arrastre
arrebato,3.875,1.872,arrebato
arrecife,2.238,1.729,arrecife
arreglar,2.429,1.66,arreglar
arreglo,3.12,2.007,arreglo
arremeter,4.792,1.744,arremeter
arrendadas,1.389,0.698,arrendadas
arrendamiento,1.0,0.0,arrendamiento
arrendatario,2.75,1.251,arrendatario
arrepentimiento,2.857,1.621,arrepentimiento
arrepentirse,2.8,1.958,arrepentirse
arrestar,3.96,1.719,arrestar
arresto,2.2,1.765,arresto
arriba,3.524,1.834,arriba
arribar,2.692,1.377,arribar
arribo,1.929,1.439,arribo
arriendo,2.077,1.847,arriendo
arriesgar,2.45,1.638,arriesgar
arrodillar,4.095,1.921,arrodillar
arrogancia,3.0,1.795,arrogancia
arrojar,2.8,2.082,arrojar
arrojo,2.667,1.592,arrojo
arroyuelo,3.25,1.916,arroyuelo
arrullar,3.905,1.7,arrullar
arsenal,2.381,1.658,arsenal
arsénico,1.9,1.021,arsenico
arteria,2.0,1.113,arteria
arterial,2.35,1.785,arterial
artesanal,3.238,1.841,artesanal
artesanía,3.0,2.273,artesania
artesano,2.783,2.11,artesano
ártico,2.304,1.743,artico
articulación,3.217,1.678,articulacion
articulaciones,3.15,1.899,articulaciones
articular,3.68,1.819,articular
artífice,2.737,1.368,artifice
artificio,2.64,1.578,artificio
artillería,3.833,1.659,artilleria
artillero,3.52,2.182,artillero
artística,2.522,1.702,artistica
artritis,3.429,1.777,artritis
artrosis,2.619,1.936,artrosis
arzobispado,1.421,1.017,arzobispado
arzobispo,1.7,0.979,arzobispo
asa,3.24,1.899,asa
asado,2.957,1.87,asado
asador,3.476,1.861,asador
asalto,2.783,1.242,asalto
asamblea,2.773,1.66,asamblea
ascendencia,3.0,1.789,ascendencia
ascendente,3.88,2.128,ascendente
ascensión,2.435,1.701,ascension
ascenso,4.364,1.941,ascenso
asco,5.095,1.513,asco
asedio,2.917,1.863,asedio
asegurador,2.783,2.255,asegurador
aseguradora,2.208,1.641,aseguradora
aseguramiento,2.8,1.609,aseguramiento
asegurar,2.522,1.78,asegurar
asemejar,2.72,1.745,asemejar
asentamiento,2.625,1.715,asentamiento
asentar,2.8,2.0,asentar
asentimiento,2.64,1.68,asentimiento
asentir,2.458,1.911,asentir
aseo,2.64,1.846,aseo
asequible,2.56,1.53,asequible
asesoramiento,2.6,1.826,asesoramiento
asesorar,2.364,1.465,asesorar
asesoría,3.12,1.856,asesoria
asestar,2.05,1.234,asestar
aseveración,2.826,1.723,aseveracion
aseverar,1.929,1.072,aseverar
asfixia,3.909,1.849,asfixia
asfixiante,3.857,2.151,asfixiante
asiático,3.429,1.938,asiatico
asiduidad,2.273,1.279,asiduidad
asiduo,2.143,1.406,asiduo
asientos,1.864,1.39,asientos
asignación,2.4,1.756,asignacion
asignar,2.6,1.683,asignar
asignatura,1.9,1.447,asignatura
asimétrica,3.19,1.75,asimetrica
asimilación,3.167,2.078,asimilacion
asimilar,3.13,2.16,asimilar
asimismo,1.864,1.125,asimismo
asistencia,2.44,1.685,asistencia
asistencial,2.238,1.7,asistencial
asistente,2.28,1.646,asistente
asistir,1.85,1.089,asistir
asma,2.773,1.744,asma
asociación,3.2,1.633,asociacion
asociar,2.8,1.756,asociar
asolar,2.167,1.494,asolar
asomar,2.143,1.276,asomar
asombro,2.0,1.581,asombro
asombrosa,4.455,1.819,asombrosa
asomo,1.905,1.338,asomo
aspecto,2.92,1.778,aspecto
aspereza,3.05,2.114,aspereza
aspiración,3.417,1.792,aspiracion
aspirante,2.864,2.167,aspirante
aspirar,4.0,1.979,aspirar
asta,2.4,1.732,asta
asterisco,2.409,1.501,asterisco
asteroide,3.44,2.256,asteroide
astilla,2.4,1.708,astilla
astillero,2.958,1.546,astillero
astral,3.375,1.974,astral
astro,3.682,2.212,astro
astrofísica,1.857,1.558,astrofisica
astrología,4.25,2.314,astrologia
astronomía,4.08,2.272,astronomia
astronómicas,3.0,1.919,astronomicas
astronómico,4.6,1.443,astronomico
astrónomo,2.042,1.546,astronomo
astucia,2.682,1.961,astucia
asturiano,3.043,2.306,asturiano
asumir,2.56,1.356,asumir
asunción,2.429,1.912,asuncion
asustadizo,2.571,1.72,asustadizo
atacante,3.24,2.107,atacante
atajar,3.125,1.895,atajar
atajo,3.136,2.122,atajo
atalaya,3.5,2.479,atalaya
atar,2.565,1.409,atar
ateísmo,2.28,1.568,ateismo
atención,3.55,2.259,atencion
atenerse,1.727,1.352,atenerse
ateniense,1.778,1.215,ateniense
atentar,3.273,1.882,atentar
atento,2.7,1.689,atento
atenuación,2.136,1.32,atenuacion
atenuar,2.3,1.174,atenuar
ateo,2.0,1.537,ateo
aterir,3.2,2.044,aterir
aterrador,3.381,1.857,aterrador
aterrizaje,4.36,1.934,aterrizaje
aterrizar,3.048,1.91,aterrizar
atestiguar,2.391,1.616,atestiguar
atípico,3.08,1.681,atipico
atisbo,2.273,1.272,atisbo
atlántica,2.92,1.891,atlantica
atlas,1.667,1.111,atlas
atlético,3.12,2.068,atletico
atletismo,2.92,1.998,atletismo
atmósfera,3.0,2.082,atmosfera
atmosférica,2.542,1.641,atmosferica
atómica,4.24,2.067,atomica
atónito,4.261,1.936,atonito
atormentar,4.0,1.732,atormentar
atornillador,4.238,2.071,atornillador
atrapar,3.095,1.895,atrapar
atrás,2.364,1.733,atras
atraso,3.6,2.21,atraso
atrayente,2.818,1.918,atrayente
atreverse,2.273,1.42,atreverse
atrevimiento,2.905,1.998,atrevimiento
atribución,2.583,1.717,atribucion
atribuible,2.143,1.424,atribuible
atribuir,1.9,1.165,atribuir
atributo,1.435,0.788,atributo
atril,1.688,1.138,atril
atrio,1.5,0.985,atrio
atropellar,3.905,1.972,atropellar
atropello,3.56,2.002,atropello
atroz,3.64,2.177,atroz
atuendo,1.905,0.995,atuendo
aturdimiento,2.381,1.987,aturdimiento
audacia,2.8,1.78,audacia
audaz,2.55,1.791,audaz
audible,4.25,1.97,audible
audición,3.95,2.012,audicion
audiencia,4.12,1.81,audiencia
audio,4.04,2.354,audio
audiovisual,4.32,1.973,audiovisual
auditivo,3.36,1.777,auditivo
auditor,2.28,1.671,auditor
auditoría,2.217,1.347,auditoria
auditorio,4.0,1.817,auditorio
auge,2.526,1.349,auge
augurar,2.3,1.689,augurar
augurio,2.826,2.037,augurio
augusto,2.875,1.872,augusto
aula,1.286,0.644,aula
aulas,1.708,1.122,aulas
aullar,6.0,1.383,aullar
aullido,4.952,2.037,aullido
aumentar,3.773,1.998,aumentar
aunar,2.643,1.646,aunar
aura,3.174,1.922,aura
aureola,3.522,2.213,aureola
ausente,1.773,1.343,ausente
austeridad,3.24,2.127,austeridad
austero,2.579,1.677,austero
austral,2.444,1.464,austral
australiano,3.4,1.936,australiano
austriaco,2.85,2.3,austriaco
austríaco,2.652,2.036,austriaco
autenticación,2.435,1.647,autenticacion
autenticidad,4.2,2.141,autenticidad
autismo,2.318,1.249,autismo
auto,2.783,1.906,auto
autobiografía,3.36,1.912,autobiografia
autobiográfico,3.083,2.062,autobiografico
autobusero,3.96,1.904,autobusero
autocar,3.28,2.132,autocar
autocaravana,2.64,1.469,autocaravana
autoconciencia,3.435,2.085,autoconciencia
autocontrol,2.905,1.786,autocontrol
autocrítica,2.3,1.78,autocritica
autóctona,2.92,1.754,autoctona
autodefensa,2.84,1.65,autodefensa
autodeterminación,2.591,1.623,autodeterminacion
autodidacta,2.182,1.651,autodidacta
autoestima,3.286,1.793,autoestima
autogobierno,3.2,2.041,autogobierno
autómata,2.0,1.517,automata
automática,3.273,2.074,automatica
automático,3.375,1.974,automatico
automatismo,2.625,1.583,automatismo
automatización,3.25,1.888,automatizacion
automoción,2.368,1.383,automocion
automóvil,2.571,1.72,automovil
automovilismo,3.12,2.147,automovilismo
automovilístico,2.789,2.016,automovilistico
autónoma,2.2,1.824,autonoma
autonomía,2.56,1.85,autonomia
autonómica,2.19,1.692,autonomica
autopista,2.9,2.15,autopista
autopsia,2.609,1.852,autopsia
autor,2.636,1.706,autor
autora,3.043,2.033,autora
autoría,3.5,1.85,autoria
autoritario,3.0,1.803,autoritario
autoritarismo,2.952,1.802,autoritarismo
autorización,2.318,1.836,autorizacion
autorizar,2.818,1.79,autorizar
autorregulación,2.053,1.268,autorregulacion
autosuficiencia,2.913,1.782,autosuficiencia
autosuficiente,3.043,1.918,autosuficiente
autovía,2.24,1.48,autovia
aval,2.52,1.418,aval
avalar,2.158,1.573,avalar
avanzar,2.625,1.715,avanzar
avaro,2.474,1.611,avaro
ave,2.182,1.68,ave
avecinar,2.48,1.636,avecinar
avellano,2.458,1.841,avellano
avena,1.545,0.912,avena
aventajar,3.36,2.018,aventajar
aventurar,3.217,1.757,aventurar
avergonzar,3.333,2.129,avergonzar
avería,2.955,1.812,averia
averiguar,3.48,2.257,averiguar
aversión,2.273,1.667,aversion
aviación,3.25,1.943,aviacion
aviar,2.389,1.42,aviar
avidez,2.619,1.91,avidez
ávido,3.542,2.359,avido
avioneta,3.4,2.345,avioneta
avisar,3.6,2.082,avisar
aviso,2.739,1.959,aviso
axial,3.522,1.806,axial
axioma,2.357,1.781,axioma
aya,2.706,1.448,aya
ayer,2.19,1.504,ayer
ayudante,2.64,1.823,ayudante
ayuno,3.316,2.237,ayuno
azabache,2.2,1.735,azabache
azafato,1.955,1.463,azafato
azafrán,2.571,1.72,azafran
azahar,2.364,1.56,azahar
azotar,4.333,1.713,azotar
azote,4.48,1.917,azote
azotea,2.0,1.877,azotea
azteca,2.25,1.682,azteca
azucarera,2.727,1.778,azucarera
azucarero,2.44,1.734,azucarero
azucena,2.238,1.67,azucena
azufre,2.714,1.875,azufre
azulgrana,4.0,2.611,azulgrana
azulón,4.15,2.434,azulon
azuzar,4.25,1.712,azuzar
baba,4.545,2.132,baba
bable,2.333,1.952,bable
babor,2.92,2.178,babor
baboso,4.048,1.962,baboso
babucha,3.857,1.824,babucha
bacalao,1.88,1.394,bacalao
bachata,2.895,2.079,bachata
bachiller,2.48,1.896,bachiller
bachillerato,1.5,0.688,bachillerato
bacteriana,2.72,1.621,bacteriana
badajo,3.05,1.932,badajo
badén,3.882,1.867,baden
bádminton,2.773,1.875,badminton
bagaje,2.8,1.656,bagaje
bahía,2.417,1.64,bahia
baila,2.909,2.114,baila
baja,4.167,2.22,baja
bajada,3.8,1.958,bajada
bajar,2.826,2.103,bajar
bajeza,2.722,1.602,bajeza
bajista,2.92,1.525,bajista
bajito,3.727,2.251,bajito
bajo,1.476,1.365,bajo
balada,3.364,1.787,balada
balance,2.958,1.601,balance
balanceo,4.045,1.838,balanceo
balazo,4.0,2.191,balazo
balda,1.611,0.979,balda
balde,2.062,0.929,balde
baldosa,1.857,1.493,baldosa
balear,1.529,1.125,balear
balido,2.867,1.959,balido
ballantines,2.556,2.186,ballantines
ballesta,2.238,1.578,ballesta
ballet,4.12,2.166,ballet
balón,3.24,2.006,balon
balonmano,3.304,2.265,balonmano
balsa,2.667,1.742,balsa
bálsamo,3.0,1.633,balsamo
bambolear,4.238,2.166,bambolear
bambú,3.2,2.021,bambu
banal,2.917,1.816,banal
banana,4.0,1.69,banana
banano,2.545,1.683,banano
banca,3.28,2.011,banca
bancario,2.65,1.872,bancario
bandada,2.957,1.942,bandada
bandido,2.56,1.502,bandido
bando,2.476,1.47,bando
bandolero,3.227,1.478,bandolero
bandurria,3.875,2.193,bandurria
banqueta,2.68,1.52,banqueta
banquillo,2.96,1.925,banquillo
baña,1.955,0.999,bana
bañado,3.85,2.323,banado
bañar,2.84,1.675,banar
baraja,1.571,1.028,baraja
barandilla,3.4,2.102,barandilla
barbaridad,4.8,1.979,barbaridad
barbarie,3.583,2.32,barbarie
bárbaro,4.32,1.994,barbaro
barbecho,2.304,1.69,barbecho
barbero,4.476,1.601,barbero
barbilla,3.72,2.052,barbilla
barbo,1.375,0.518,barbo
barbudo,3.81,1.99,barbudo
barbullar,3.647,2.317,barbullar
barca,3.043,1.821,barca
barcaza,3.087,2.234,barcaza
barcelonés,2.364,1.56,barcelones
barcelonista,2.579,1.465,barcelonista
bario,2.091,1.514,bario
barítono,3.474,1.744,baritono
barniz,2.64,1.89,barniz
barómetro,3.12,1.716,barometro
barón,3.4,1.903,baron
baronesa,2.105,1.15,baronesa
barraca,1.895,1.487,barraca
barracuda,3.067,2.086,barracuda
barranca,2.667,1.111,barranca
barranquismo,3.08,1.525,barranquismo
barrer,2.905,1.67,barrer
barrera,4.4,1.78,barrera
barriada,2.588,1.805,barriada
barrica,2.944,2.014,barrica
barricada,2.56,1.502,barricada
barrido,3.227,2.389,barrido
barriga,3.64,1.823,barriga
barriguitas,3.619,1.91,barriguitas
barrio,2.609,1.994,barrio
barriobajero,3.84,1.818,barriobajero
barro,3.44,2.123,barro
barroca,3.5,1.85,barroca
barroco,2.619,2.061,barroco
barrumbada,3.111,2.324,barrumbada
barullo,3.474,1.837,barullo
basal,2.105,1.41,basal
basalto,1.526,0.964,basalto
basar,3.125,2.092,basar
base,3.68,1.819,base
básica,3.105,1.969,basica
basílica,3.52,2.124,basilica
basilical,2.684,1.668,basilical
basilisco,2.105,1.56,basilisco
básquet,3.826,1.8,basquet
bastante,3.048,1.746,bastante
bastar,2.619,2.037,bastar
bastardo,3.714,2.053,bastardo
basurero,3.0,2.147,basurero
batacazo,4.65,1.927,batacazo
batalla,3.174,1.875,batalla
batallón,3.091,1.688,batallon
batasuna,3.091,2.158,batasuna
bate,2.455,1.792,bate
bateo,2.913,1.782,bateo
batería,2.7,1.689,bateria
baterista,4.0,1.954,baterista
batido,2.818,1.893,batido
batidor,2.696,1.46,batidor
batidora,3.522,2.192,batidora
batir,2.7,1.658,batir
batuta,2.76,1.921,batuta
baúl,2.9,1.41,baul
bautismal,3.2,1.908,bautismal
bautismo,2.8,2.121,bautismo
bautizar,2.667,1.88,bautizar
bayeta,1.857,1.352,bayeta
baza,2.65,1.785,baza
bazar,3.238,1.67,bazar
bazo,2.36,1.381,bazo
bazooka,3.474,2.195,bazooka
beatificación,2.273,1.723,beatificacion
bebe,3.478,1.997,bebe
beber,4.52,1.735,beber
becerro,2.619,1.91,becerro
bedel,2.5,1.383,bedel
begonia,2.5,1.506,begonia
beige,3.478,2.254,beige
béisbol,2.409,1.817,beisbol
belga,2.6,1.603,belga
bélgica,2.72,2.227,belgica
bélico,2.6,1.759,belico
beligerante,2.0,1.384,beligerante
bella,3.913,2.503,bella
bellaco,3.556,2.255,bellaco
bellísima,2.714,1.678,bellisima
belloto,2.7,1.947,belloto
bemol,2.211,1.584,bemol
benceno,2.3,2.003,benceno
bendecido,3.0,2.103,bendecido
bendita,2.826,1.723,bendita
benefactor,2.5,1.719,benefactor
beneficencia,3.32,1.749,beneficencia
beneficiado,2.28,1.487,beneficiado
beneficiar,3.565,2.191,beneficiar
beneficiario,2.292,1.654,beneficiario
beneficioso,2.792,2.021,beneficioso
benéfico,2.429,1.568,benefico
beneplácito,2.65,2.007,beneplacito
benévola,2.913,1.929,benevola
benevolencia,3.158,1.864,benevolencia
benigno,3.4,2.102,benigno
bereber,3.333,2.291,bereber
berenjena,1.792,1.318,berenjena
berilio,1.667,1.371,berilio
bermellón,2.0,1.495,bermellon
bermudas,1.958,1.042,bermudas
berrear,4.312,2.12,berrear
berzas,2.409,1.869,berzas
bestia,3.739,2.2,bestia
bestial,4.609,1.971,bestial
besugo,2.96,1.989,besugo
beta,2.36,1.8,beta
biblia,3.85,2.39,biblia
bíblico,3.28,1.99,biblico
bibliografía,3.19,2.04,bibliografia
bibliográfica,1.571,1.248,bibliografica
biblioteca,4.36,2.158,biblioteca
bibliotecario,3.8,2.082,bibliotecario
bicho,3.13,1.687,bicho
bici,2.667,1.826,bici
bidé,1.6,1.046,bide
bielorruso,3.375,2.123,bielorruso
bien,4.182,2.13,bien
bienio,2.053,1.471,bienio
bienvenida,2.333,1.798,bienvenida
bienvenido,2.19,1.436,bienvenido
bifurcación,3.68,2.116,bifurcacion
bigote,3.368,2.087,bigote
bilateral,3.5,1.793,bilateral
bilbaíno,2.905,2.143,bilbaino
bilingüe,4.04,1.968,bilingue
billar,1.714,1.309,billar
billón,3.045,1.914,billon
bimestre,3.455,2.064,bimestre
bingo,3.8,2.238,bingo
binomio,2.391,1.803,binomio
biodiversidad,2.318,1.644,biodiversidad
biografía,2.476,1.601,biografia
biográfico,2.136,1.521,biografico
biógrafo,3.0,1.911,biografo
bióloga,3.167,2.2,biologa
biología,2.875,1.895,biologia
biológica,2.857,1.652,biologica
biológicas,3.04,1.695,biologicas
biólogo,2.708,1.989,biologo
biomasa,3.52,2.023,biomasa
biombo,2.64,2.059,biombo
biopsia,3.1,1.683,biopsia
bioquímica,3.571,2.039,bioquimica
biosfera,2.92,1.73,biosfera
biotecnología,2.8,2.093,biotecnologia
bis,4.92,2.019,bis
bisabuela,2.4,1.667,bisabuela
bisabuelo,2.381,1.962,bisabuelo
bisiesto,3.2,1.979,bisiesto
bismuto,1.889,1.269,bismuto
bisnieta,3.28,2.011,bisnieta
bisnieto,2.3,1.895,bisnieto
bizantino,1.619,0.865,bizantino
bizarro,3.118,2.088,bizarro
blablablá,6.476,1.537,blablabla
blancura,3.095,1.868,blancura
blando,3.75,1.943,blando
blanqueo,2.56,2.002,blanqueo
blanquiazul,4.36,2.307,blanquiazul
blasfemar,3.44,1.828,blasfemar
blindaje,4.167,1.926,blindaje
blog,3.16,2.095,blog
bloque,2.95,2.064,bloque
bloquear,4.0,2.07,bloquear
bloqueo,4.0,2.106,bloqueo
blues,3.68,2.155,blues
blusón,3.208,2.085,bluson
bobalicón,3.722,1.708,bobalicon
bobina,2.0,1.472,bobina
bobo,4.0,1.979,bobo
boca,3.48,2.023,boca
bocabuzón,4.333,2.376,bocabuzon
bocachancla,2.64,1.912,bocachancla
bocado,4.6,2.137,bocado
bocina,3.238,2.211,bocina
bogavante,3.12,2.186,bogavante
bohemia,3.565,2.171,bohemia
boicot,3.048,1.802,boicot
boicotear,2.96,1.791,boicotear
boicoteo,3.55,2.544,boicoteo
boina,1.864,1.356,boina
bol,3.727,2.272,bol
bola,3.478,2.556,bola
bolchevique,3.783,2.295,bolchevique
bolero,2.158,1.708,bolero
boleros,2.714,1.707,boleros
boleto,2.238,1.67,boleto
boli,2.714,1.875,boli
boliche,2.905,1.786,boliche
bolívar,1.727,1.009,bolivar
boliviano,2.84,2.135,boliviano
bollera,2.739,2.158,bollera
bolos,2.4,1.729,bolos
bomba,5.16,1.818,bomba
bombardino,2.2,1.963,bombardino
bombeo,3.864,1.959,bombeo
bombo,5.0,2.102,bombo
bonachón,2.0,1.272,bonachon
bonanza,2.474,1.389,bonanza
bono,2.273,1.279,bono
bonsái,2.739,1.815,bonsai
boñiga,3.6,2.349,boniga
boquerón,2.227,1.445,boqueron
boquilla,2.864,2.054,boquilla
borboritar,3.286,2.077,borboritar
borda,2.65,1.725,borda
bordado,2.875,1.825,bordado
bordear,3.56,2.162,bordear
boreal,2.625,1.689,boreal
boro,2.05,1.538,boro
borrachera,3.609,1.725,borrachera
borracho,3.667,2.461,borracho
borrador,3.05,1.877,borrador
borrar,2.619,1.717,borrar
borrasca,4.227,1.824,borrasca
borrico,3.591,1.709,borrico
borrosa,3.85,2.134,borrosa
boscosa,3.96,1.859,boscosa
bosnia,2.5,2.041,bosnia
bosnio,2.357,1.447,bosnio
bosquecillo,3.0,2.024,bosquecillo
bosquejo,2.125,1.668,bosquejo
botánica,2.208,1.817,botanica
botánico,2.4,1.581,botanico
botarate,3.5,2.121,botarate
botas,3.05,1.731,botas
botica,2.211,1.843,botica
boticario,2.105,1.56,boticario
bourbon,2.955,1.914,bourbon
bóveda,2.471,1.505,boveda
bovino,2.227,1.875,bovino
boxeo,4.68,1.887,boxeo
bóxer,3.0,1.893,boxer
braga,1.85,1.694,braga
braguitas,2.391,1.803,braguitas
brandy,2.111,1.811,brandy
brasa,4.0,1.888,brasa
brasas,3.0,2.247,brasas
brasero,4.0,1.769,brasero
brasileña,2.591,1.943,brasilena
brasileño,3.25,2.124,brasileno
brasilero,2.952,2.012,brasilero
bravo,4.84,1.795,bravo
bravura,4.0,1.615,bravura
brecha,2.65,1.565,brecha
bretón,2.474,2.22,breton
breve,2.88,1.787,breve
bribón,3.0,2.0,bribon
brida,2.167,1.543,brida
brigada,2.2,1.322,brigada
brilla,3.8,2.0,brilla
brillantez,4.087,1.881,brillantez
brillar,4.44,2.123,brillar
brillo,2.958,1.876,brillo
brinco,3.737,1.91,brinco
brindar,3.8,2.273,brindar
británico,3.36,2.177,britanico
broca,3.0,1.718,broca
brocha,3.7,1.72,brocha
broche,3.28,2.112,broche
brócoli,3.48,2.163,brocoli
bromear,2.952,1.774,bromear
bromo,4.318,1.81,bromo
bronca,3.524,1.662,bronca
bronce,2.348,1.849,bronce
bronquitis,3.087,2.065,bronquitis
brotar,3.762,1.609,brotar
brote,3.12,1.787,brote
bruces,1.429,0.646,bruces
brujería,3.476,1.537,brujeria
brujo,2.476,1.537,brujo
bruma,2.4,1.314,bruma
brusco,4.429,1.568,brusco
bruto,4.48,2.124,bruto
bucal,3.095,1.841,bucal
buceo,2.864,2.1,buceo
bucle,3.76,2.223,bucle
budismo,4.04,1.925,budismo
budista,2.667,1.949,budista
buen,3.143,2.056,buen
buena,3.24,1.715,buena
bufar,5.64,1.63,bufar
bufete,2.68,1.701,bufete
buhardilla,2.85,1.899,buhardilla
bujarra,2.316,1.416,bujarra
bujía,2.526,1.806,bujia
bula,2.688,1.621,bula
bulbo,2.684,2.001,bulbo
bulerías,2.95,1.877,bulerias
bulevar,3.6,1.826,bulevar
búlgaro,2.88,2.048,bulgaro
bulimia,2.72,2.132,bulimia
bulla,4.421,1.644,bulla
bullicio,5.045,1.889,bullicio
bungalow,2.684,1.668,bungalow
búnker,3.8,2.118,bunker
buque,3.32,1.676,buque
burbuja,3.76,2.241,burbuja
burda,2.75,1.832,burda
burdeos,2.571,1.63,burdeos
burgués,2.542,1.841,burgues
burguesa,2.739,1.982,burguesa
burguesía,3.24,1.964,burguesia
burlar,3.619,1.499,burlar
burlona,3.208,2.187,burlona
burocracia,2.773,1.824,burocracia
burocrático,2.273,1.279,burocratico
burra,3.045,1.864,burra
bursátil,2.118,1.409,bursatil
bus,2.84,1.772,bus
busca,2.88,2.088,busca
buscada,2.636,1.733,buscada
buscador,3.391,1.994,buscador
buscar,2.96,2.15,buscar
buscarla,2.818,1.868,buscarla
búsqueda,2.652,1.526,busqueda
busto,2.84,1.724,busto
butacón,3.958,2.01,butacon
butanero,2.864,2.145,butanero
butano,2.217,1.594,butano
byte,2.857,2.032,byte
cabal,3.095,1.921,cabal
cabalgar,2.714,1.617,cabalgar
cabalgata,2.75,1.97,cabalgata
caballa,1.609,0.891,caballa
caballería,4.24,2.006,caballeria
caballito,3.04,1.925,caballito
cabaña,3.083,2.205,cabana
cabaret,2.773,2.045,cabaret
cabecera,3.16,2.095,cabecera
cabecilla,3.12,1.878,cabecilla
cabecita,3.913,2.13,cabecita
cabellera,3.083,2.104,cabellera
caber,2.591,1.709,caber
cabestro,2.158,1.74,cabestro
cabeza,2.273,1.778,cabeza
cabezazo,4.333,2.129,cabezazo
cabida,2.143,1.389,cabida
cabina,1.905,1.446,cabina
cabo,2.16,1.625,cabo
cabra,2.476,1.632,cabra
cabría,1.8,1.152,cabria
cabrito,4.273,1.804,cabrito
cabrón,3.684,2.162,cabron
cabronada,3.9,2.222,cabronada
caca,4.68,2.231,caca
cacao,4.44,1.66,cacao
cacatúa,4.1,2.222,cacatua
cacería,3.857,1.982,caceria
cacerola,3.24,1.943,cacerola
cachalote,4.167,2.036,cachalote
caché,3.238,2.047,cache
cachemir,2.583,1.505,cachemir
cachonda,2.524,1.806,cachonda
cacique,3.0,1.789,cacique
cactus,3.522,2.233,cactus
cada,2.0,1.354,cada
cadáver,1.95,1.432,cadaver
cadencia,1.778,1.215,cadencia
cadera,2.455,1.969,cadera
cadete,2.762,1.609,cadete
cadmio,2.55,2.064,cadmio
caducidad,2.208,1.693,caducidad
café,3.182,1.991,cafe
cafeína,3.0,1.848,cafeina
cafetera,3.696,2.162,cafetera
cafetería,1.762,1.375,cafeteria
cafre,3.84,1.818,cafre
cagada,4.25,1.743,cagada
cagalera,3.421,2.269,cagalera
cagar,3.524,1.965,cagar
cagarruta,3.84,1.993,cagarruta
caídos,2.84,1.65,caidos
cajera,2.955,1.939,cajera
cajero,2.64,1.551,cajero
cajita,3.571,2.293,cajita
cajón,2.5,1.56,cajon
cajonera,3.32,1.819,cajonera
cajonero,2.696,1.845,cajonero
cajones,2.833,1.926,cajones
cal,2.783,2.066,cal
cala,1.955,1.09,cala
calabacín,2.5,1.978,calabacin
calabaza,3.32,2.193,calabaza
calabozo,2.92,1.956,calabozo
calado,3.0,1.931,calado
calamar,3.68,2.174,calamar
calamidad,1.19,0.512,calamidad
calcio,2.52,1.782,calcio
calcular,3.429,2.135,calcular
caldera,2.348,1.555,caldera
caldero,2.84,1.864,caldero
caldo,2.55,1.849,caldo
calefactor,1.524,1.436,calefactor
calendario,2.56,1.96,calendario
calentamiento,3.609,1.924,calentamiento
calentorro,3.84,2.115,calentorro
calibrar,3.35,2.084,calibrar
calibre,1.783,1.242,calibre
calientapollas,3.87,2.322,calientapollas
caliente,3.455,2.241,caliente
califa,2.261,1.514,califa
califato,2.875,2.071,califato
calificación,3.0,1.732,calificacion
calificar,3.36,1.868,calificar
calificativo,2.909,1.823,calificativo
californiana,2.6,1.979,californiana
caligrafía,2.957,1.796,caligrafia
calimocho,3.333,2.129,calimocho
cáliz,2.909,1.743,caliz
caliza,2.913,1.621,caliza
calla,3.65,2.412,calla
callar,3.36,1.977,callar
calleja,1.938,1.124,calleja
callejera,4.75,1.97,callejera
calmo,2.75,1.732,calmo
calumnia,3.048,1.884,calumnia
calumniar,3.1,1.832,calumniar
calva,2.476,1.914,calva
calvo,1.958,1.197,calvo
calzada,2.208,1.532,calzada
calzado,2.0,1.512,calzado
calzador,1.773,1.343,calzador
calzas,2.143,1.711,calzas
calzón,2.714,1.821,calzon
cámara,3.48,2.22,camara
camarada,2.048,1.284,camarada
camarote,3.917,2.083,camarote
cambiante,1.955,1.133,cambiante
cambiar,3.04,1.968,cambiar
camboyano,2.833,1.823,camboyano
camelia,1.947,1.58,camelia
camilla,2.727,1.723,camilla
caminar,4.0,1.949,caminar
caminata,2.6,2.01,caminata
camino,2.826,1.946,camino
camioneta,2.727,2.12,camioneta
camisola,2.7,1.689,camisola
campa,2.9,1.971,campa
campana,4.4,2.479,campana
campanario,3.75,2.291,campanario
campanilla,4.368,2.06,campanilla
campera,2.5,1.906,campera
campesinado,2.182,1.296,campesinado
campestre,3.619,1.884,campestre
campiña,2.083,1.613,campina
camposanto,1.765,1.251,camposanto
camuflaje,3.52,1.939,camuflaje
canadiense,1.917,1.472,canadiense
canalización,2.526,1.645,canalizacion
canalizar,2.739,1.789,canalizar
canalla,3.095,1.758,canalla
canalón,3.625,1.974,canalon
canapé,2.182,1.893,canape
canasta,3.05,1.791,canasta
canasto,2.947,1.9,canasto
cancán,4.333,1.435,cancan
cancela,2.391,1.901,cancela
cancelación,2.7,1.72,cancelacion
cancelar,2.783,1.783,cancelar
cancha,3.05,1.877,cancha
canciller,3.16,1.972,canciller
cancillería,2.667,1.528,cancilleria
cancionero,2.48,1.531,cancionero
candente,2.231,1.589,candente
cándida,3.143,1.824,candida
candidatura,2.5,2.013,candidatura
candidez,2.25,1.585,candidez
candor,1.5,0.855,candor
canela,2.0,1.225,canela
canibalismo,3.955,2.214,canibalismo
canica,2.143,1.558,canica
canoa,2.913,1.649,canoa
canon,2.25,1.7,canon
canónico,1.765,1.251,canonico
canónigo,1.444,1.042,canonigo
canonización,2.364,1.497,canonizacion
cansa,1.81,1.123,cansa
cansar,4.0,2.102,cansar
cantábrica,3.625,2.203,cantabrica
cántabro,3.24,1.855,cantabro
cantamañanas,3.611,2.173,cantamananas
cantaor,4.238,1.895,cantaor
cántaro,3.818,2.152,cantaro
cantautor,3.6,2.141,cantautor
cantautora,4.6,1.893,cantautora
cante,4.087,2.372,cante
cantera,3.44,2.162,cantera
cántico,3.92,1.847,cantico
cantina,2.5,1.351,cantina
cantón,2.312,1.922,canton
cantor,2.5,1.96,cantor
cañada,2.68,1.547,canada
cáñamo,2.75,1.773,canamo
caño,2.105,1.243,cano
caoba,1.955,1.214,caoba
caótica,3.35,2.207,caotica
capacitación,5.08,1.778,capacitacion
caparazón,3.364,1.916,caparazon
capataz,2.591,1.593,capataz
capellán,2.0,1.118,capellan
cápita,2.188,1.682,capita
capitalidad,2.52,1.828,capitalidad
capitalino,2.941,1.983,capitalino
capitalismo,4.16,2.014,capitalismo
capitalista,2.682,2.009,capitalista
capitalización,2.88,1.691,capitalizacion
capitana,2.636,1.941,capitana
capitel,2.2,1.859,capitel
capitulación,2.048,1.396,capitulacion
capitular,2.421,1.71,capitular
capítulo,2.524,1.914,capitulo
capoeira,2.947,1.87,capoeira
capón,2.8,1.826,capon
capote,3.24,1.877,capote
caprino,2.533,1.959,caprino
cápsula,2.957,1.665,capsula
captación,2.826,1.669,captacion
captar,2.92,1.73,captar
captura,3.0,2.0,captura
capturar,3.68,2.135,capturar
capucha,2.96,2.226,capucha
capullo,4.65,1.663,capullo
caqui,3.15,2.434,caqui
carabela,3.1,1.804,carabela
carabina,1.333,0.594,carabina
caracartón,3.478,1.904,caracarton
carácter,3.238,1.758,caracter
característica,2.174,1.497,caracteristica
característico,3.0,2.028,caracteristico
caracterización,2.64,1.604,caracterizacion
caracterizar,2.56,1.474,caracterizar
caraculo,3.15,2.059,caraculo
carajo,3.5,1.845,carajo
caramba,4.174,1.969,caramba
carátula,3.28,2.072,caratula
caravana,1.81,1.25,caravana
carbón,2.783,1.808,carbon
carbonato,3.0,1.549,carbonato
carbono,2.92,1.935,carbono
carburante,2.857,1.931,carburante
carcajada,5.522,1.88,carcajada
carcasa,2.44,1.66,carcasa
cárcel,3.08,2.08,carcel
cardiaco,4.7,2.105,cardiaco
cardíaco,4.4,2.21,cardiaco
cardiovascular,4.217,2.255,cardiovascular
cardiovasculares,3.409,1.968,cardiovasculares
cardo,2.25,1.567,cardo
carecer,2.48,1.661,carecer
carencia,2.091,1.54,carencia
carente,2.32,1.464,carente
cargador,3.12,2.386,cargador
cargamento,2.591,1.736,cargamento
cargar,2.19,1.75,cargar
cargo,1.762,0.995,cargo
carguero,3.45,1.791,carguero
caribe,2.3,1.867,caribe
caribeña,4.273,1.83,caribena
caribeño,3.524,2.337,caribeno
caricatura,2.227,1.688,caricatura
caries,2.217,1.445,caries
carioca,2.6,2.037,carioca
carisma,3.16,1.886,carisma
carlista,2.182,1.435,carlista
carnal,2.875,1.777,carnal
carnaval,3.08,1.935,carnaval
carne,3.48,2.238,carne
carné,2.4,1.536,carne
carnero,2.591,1.709,carnero
carnet,2.76,1.715,carnet
carpa,2.92,1.778,carpa
carpintería,2.667,1.932,carpinteria
carraspear,4.92,2.197,carraspear
carrera,4.15,2.207,carrera
carreras,3.652,1.799,carreras
carreta,3.6,1.555,carreta
carretero,2.81,1.914,carretero
carretilla,3.417,2.02,carretilla
carretillo,3.067,1.944,carretillo
carricoche,3.667,1.958,carricoche
carril,3.696,1.987,carril
carrito,3.6,1.708,carrito
carrocería,2.826,1.642,carroceria
carromato,3.0,1.944,carromato
carroza,2.24,1.48,carroza
carruaje,4.182,1.918,carruaje
cartero,3.048,2.202,cartero
cartílagos,1.5,1.357,cartilagos
cartilla,2.957,1.846,cartilla
cartografía,3.84,1.908,cartografia
cartón,3.12,2.242,carton
cartucho,3.19,1.75,cartucho
casación,2.529,1.419,casacion
casamiento,3.087,1.832,casamiento
casar,2.8,1.826,casar
cáscara,2.4,1.847,cascara
casera,2.182,1.5,casera
caserío,2.571,1.805,caserio
caserón,4.727,1.856,caseron
casete,3.211,2.016,casete
casi,4.08,1.977,casi
casilla,2.739,1.959,casilla
caso,2.0,1.323,caso
casona,2.263,1.447,casona
casquete,3.6,1.818,casquete
cassette,3.125,1.918,cassette
casta,2.6,1.5,casta
castaño,3.08,1.935,castano
castañuelas,3.905,2.256,castanuelas
castellana,2.0,1.414,castellana
castellano,3.1,2.1,castellano
castilla,1.917,1.139,castilla
casto,2.591,1.843,casto
castración,2.739,1.685,castracion
castrar,2.609,1.5,castrar
castrense,3.0,1.944,castrense
casual,3.2,1.732,casual
cata,2.333,1.633,cata
cataclismo,2.895,2.183,cataclismo
catacumbas,3.0,1.924,catacumbas
catalán,2.6,1.555,catalan
catalana,2.333,1.683,catalana
catalizador,2.429,1.69,catalizador
catalogación,2.318,1.615,catalogacion
catalogar,2.857,1.878,catalogar
catamarán,3.458,2.085,catamaran
catana,2.952,2.037,catana
catapulta,3.5,1.911,catapulta
catarata,2.864,1.612,catarata
catarro,3.8,1.979,catarro
catastrófica,4.6,2.113,catastrofica
catecismo,3.56,2.123,catecismo
cátedra,2.429,1.777,catedra
catedral,3.2,2.167,catedral
catedrático,3.238,1.895,catedratico
categoría,2.182,1.622,categoria
categórico,1.682,1.249,categorico
catequista,3.0,1.897,catequista
cateto,3.4,2.255,cateto
católica,1.682,1.129,catolica
catolicismo,2.913,1.676,catolicismo
católico,2.56,1.917,catolico
catre,2.227,1.478,catre
cauce,2.261,1.711,cauce
caucho,2.3,2.08,caucho
caudaloso,4.72,1.882,caudaloso
caudillo,2.0,1.08,caudillo
causa,2.44,1.417,causa
causal,2.56,1.685,causal
causalidad,2.76,2.223,causalidad
causante,3.478,2.064,causante
causar,3.087,1.952,causar
cautela,2.85,1.785,cautela
cautelar,2.68,1.796,cautelar
cauteloso,2.435,1.472,cauteloso
cautivar,1.286,0.717,cautivar
cautiverio,3.273,1.83,cautiverio
cautividad,3.2,1.795,cautividad
cautivo,3.24,1.809,cautivo
cava,3.28,1.969,cava
cavar,3.348,2.228,cavar
caverna,1.619,1.117,caverna
cavidad,3.435,2.019,cavidad
cayena,1.25,0.463,cayena
caza,2.048,1.596,caza
cazo,3.773,2.092,cazo
cazón,2.609,1.616,cazon
cazuela,1.81,1.289,cazuela
cazurro,3.92,2.019,cazurro
cebada,2.609,2.061,cebada
cebo,2.8,2.102,cebo
cebolleta,2.714,1.521,cebolleta
cebollino,3.92,1.998,cebollino
ceda,2.958,1.922,ceda
ceder,2.84,1.864,ceder
cedro,2.88,1.764,cedro
cédula,1.6,0.828,cedula
cejas,1.684,1.336,cejas
célebre,3.318,2.147,celebre
celebridad,3.04,2.111,celebridad
celeridad,2.429,1.63,celeridad
celeste,3.0,2.145,celeste
celibato,3.04,2.226,celibato
celoso,2.045,1.647,celoso
celular,2.32,1.651,celular
celuloide,2.333,1.826,celuloide
celulosa,2.273,1.638,celulosa
cenar,1.727,1.12,cenar
cencerro,4.333,2.22,cencerro
censo,2.45,1.432,censo
censura,3.48,1.982,censura
censurar,3.6,1.893,censurar
centavo,2.76,1.48,centavo
centenar,3.5,2.039,centenar
centenares,2.364,1.761,centenares
centenario,3.238,2.095,centenario
centenas,3.136,2.167,centenas
centeno,2.5,1.818,centeno
centésima,3.476,1.861,centesima
céntimos,2.6,1.443,centimos
centinela,3.24,1.943,centinela
central,3.273,1.956,central
centralismo,2.955,1.988,centralismo
centralista,2.81,1.99,centralista
centralización,3.24,1.589,centralizacion
centrar,3.0,1.826,centrar
céntrica,2.955,1.759,centrica
centrista,1.95,1.432,centrista
centro,3.28,1.926,centro
centroamericano,3.88,2.147,centroamericano
centrocampista,4.143,2.351,centrocampista
cenutrio,2.105,1.912,cenutrio
ceñir,3.48,1.686,cenir
ceño,2.708,2.053,ceno
cepa,1.625,1.056,cepa
ceporro,3.478,2.064,ceporro
cera,2.6,1.667,cera
cerámica,3.64,2.177,ceramica
cerca,2.19,1.537,cerca
cercanía,3.263,1.939,cercania
cercano,4.429,1.938,cercano
cerciorar,2.727,1.856,cerciorar
cerco,3.565,2.041,cerco
cerda,3.0,1.756,cerda
cerdo,4.05,2.685,cerdo
cereal,1.524,1.123,cereal
cerebelo,2.727,1.882,cerebelo
cerebral,3.318,1.937,cerebral
cerebro,2.095,1.609,cerebro
ceremonia,2.19,1.721,ceremonia
ceremonial,2.476,1.504,ceremonial
cerezas,2.64,1.777,cerezas
cerezo,2.091,1.269,cerezo
cernícalo,2.467,1.727,cernicalo
cero,2.9,2.269,cero
cerrada,2.318,1.615,cerrada
cerrado,3.84,1.841,cerrado
cerradura,3.81,2.159,cerradura
cerrajero,3.227,2.022,cerrajero
cerrar,3.158,1.951,cerrar
cerro,2.25,1.803,cerro
cerrojo,3.2,2.067,cerrojo
certamen,2.571,1.66,certamen
certero,2.56,1.66,certero
certidumbre,1.952,1.203,certidumbre
certificación,2.083,1.886,certificacion
certificado,2.64,2.158,certificado
certificar,3.56,2.162,certificar
cervical,3.24,2.067,cervical
cesar,2.429,1.912,cesar
césar,3.08,1.998,cesar
cese,2.84,2.115,cese
cesión,2.5,1.566,cesion
cesto,2.095,1.7,cesto
cetro,2.952,1.687,cetro
chabola,3.0,2.0,chabola
chacarrachaca,5.273,1.954,chacarrachaca
chachachá,5.95,1.432,chachacha
chafar,4.105,1.853,chafar
chakra,3.048,1.91,chakra
chal,2.35,1.226,chal
chalado,2.5,1.792,chalado
chalé,4.565,1.95,chale
chamán,3.5,2.018,chaman
chancla,2.652,1.991,chancla
chancleta,3.875,1.825,chancleta
chantajear,3.333,1.949,chantajear
chapa,2.667,1.713,chapa
chaparrón,4.4,1.984,chaparron
chapas,3.286,1.848,chapas
chapatal,3.188,2.073,chapatal
chapero,3.188,2.136,chapero
chapotear,4.818,2.085,chapotear
chaquetón,4.36,1.705,chaqueton
charamusca,4.0,2.16,charamusca
charanga,3.611,1.975,charanga
charco,4.28,1.948,charco
charcutero,4.333,1.742,charcutero
charla,3.8,2.021,charla
charlestón,3.095,2.047,charleston
chascar,4.583,2.32,chascar
chasco,2.8,1.936,chasco
chat,3.32,2.212,chat
chatarra,4.091,2.068,chatarra
chaval,2.136,1.552,chaval
checo,2.565,2.293,checo
chelo,2.52,1.531,chelo
chequeo,3.9,2.198,chequeo
chicha,4.44,1.96,chicha
chicharra,5.45,1.356,chicharra
chicharrar,4.864,2.031,chicharrar
chicharro,1.952,1.322,chicharro
chichi,3.708,2.136,chichi
chiflado,3.87,2.029,chiflado
chile,2.455,1.969,chile
chilenas,2.619,1.962,chilenas
chileno,2.583,2.083,chileno
chinar,3.286,2.125,chinar
chinchín,6.522,1.275,chinchin
chingar,2.588,1.622,chingar
chinglar,2.167,1.329,chinglar
chino,3.286,2.348,chino
chip,4.864,1.583,chip
chipriota,3.211,2.371,chipriota
chiquilla,4.783,2.066,chiquilla
chiquillo,4.571,2.039,chiquillo
chiquito,5.52,1.96,chiquito
chirimoya,2.15,1.843,chirimoya
chirriar,5.227,1.688,chirriar
chis,4.824,2.378,chis
chischás,4.688,1.621,chischas
chispa,5.174,1.85,chispa
chispear,5.88,1.453,chispear
chistar,4.0,2.317,chistar
chistes,2.0,1.376,chistes
chitón,5.727,1.579,chiton
chivo,2.864,1.885,chivo
choca,5.053,1.84,choca
chocante,5.48,1.388,chocante
chocar,4.8,1.683,chocar
chocho,2.458,1.587,chocho
chofer,3.13,1.766,chofer
chorcha,3.222,2.635,chorcha
chorra,2.85,2.11,chorra
chorro,4.5,1.871,chorro
choza,3.9,1.861,choza
chubasco,4.818,1.763,chubasco
chubasquero,2.737,1.759,chubasquero
chucho,1.909,1.477,chucho
chulo,3.76,1.763,chulo
chumino,2.529,1.7,chumino
chupapollas,4.478,2.294,chupapollas
chupar,3.455,2.017,chupar
chupasangre,3.478,1.855,chupasangre
chupito,4.05,2.417,chupito
churrar,3.286,2.091,churrar
churrasco,2.8,1.756,churrasco
churro,3.76,1.921,churro
churruscar,3.941,1.56,churruscar
chuscar,2.833,1.88,chuscar
chusma,3.56,2.219,chusma
cían,1.95,1.731,cian
cianuro,2.25,1.803,cianuro
ciberespacio,2.714,1.736,ciberespacio
cibernética,3.652,2.288,cibernetica
cíclico,3.696,1.917,ciclico
ciclismo,3.48,1.686,ciclismo
ciclista,3.048,2.085,ciclista
ciclomotor,4.042,1.805,ciclomotor
ciego,3.36,2.119,ciego
cien,3.958,2.293,cien
ciencia,2.136,1.521,ciencia
ciento,2.75,1.97,ciento
cierne,1.643,0.929,cierne
cierrabares,3.833,1.88,cierrabares
cierre,4.0,1.794,cierre
cierta,3.0,2.236,cierta
cierto,2.773,2.045,cierto
cifra,2.524,1.806,cifra
cifrar,3.429,2.181,cifrar
cigarra,2.545,1.738,cigarra
cigarro,2.64,1.89,cigarro
cilíndrico,3.682,2.438,cilindrico
cilindro,2.81,1.806,cilindro
cima,3.826,2.249,cima
cimiento,1.409,0.908,cimiento
cinc,2.714,2.217,cinc
cincel,3.667,1.932,cincel
cinco,2.087,1.703,cinco
cincuenta,2.682,2.147,cincuenta
cineasta,3.409,1.992,cineasta
cinematografía,2.591,1.843,cinematografia
cinematográfica,3.25,2.048,cinematografica
cinética,3.083,1.932,cinetica
cínico,2.571,1.599,cinico
cinismo,3.45,2.212,cinismo
cinta,2.381,1.532,cinta
cinto,1.842,1.167,cinto
cintura,2.81,1.914,cintura
cipote,2.667,2.036,cipote
ciprés,2.895,2.331,cipres
circonita,2.667,1.645,circonita
circuito,3.217,1.833,circuito
circulante,4.2,2.062,circulante
circular,3.2,2.042,circular
circulatorio,2.36,1.777,circulatorio
circundante,1.909,1.231,circundante
circundar,3.25,2.005,circundar
circunferencia,3.333,2.176,circunferencia
circunscripción,2.9,1.861,circunscripcion
circunstancia,2.4,1.528,circunstancia
circunvalación,2.75,1.713,circunvalacion
cirrosis,2.105,1.449,cirrosis
ciruela,1.81,1.289,ciruela
ciruelo,2.174,1.527,ciruelo
cisterna,3.04,1.767,cisterna
cistitis,3.88,1.764,cistitis
citación,2.238,1.895,citacion
citar,2.238,1.868,citar
citoplasma,2.619,1.91,citoplasma
ciudadana,2.182,1.5,ciudadana
ciudadanía,2.591,1.869,ciudadania
ciudadano,3.125,1.963,ciudadano
ciudadela,3.6,1.78,ciudadela
cívica,2.333,1.435,civica
civil,3.16,1.772,civil
clamar,3.88,1.764,clamar
clamor,3.75,1.997,clamor
clan,2.88,1.74,clan
clandestina,2.458,1.474,clandestina
clandestinidad,2.571,1.66,clandestinidad
claqué,5.19,1.914,claque
clara,3.88,2.007,clara
clarificación,3.72,1.745,clarificacion
clarificar,3.36,1.977,clarificar
clarín,2.5,1.829,clarin
clarinete,3.0,1.784,clarinete
clarividencia,2.105,1.524,clarividencia
claro,3.636,2.013,claro
clásica,2.238,1.221,clasica
clasicismo,2.409,1.79,clasicismo
clásico,3.375,1.996,clasico
clasificación,3.32,2.056,clasificacion
clasificar,2.609,1.644,clasificar
clasificatoria,2.955,2.126,clasificatoria
claustro,2.56,1.938,claustro
cláusula,2.609,1.672,clausula
clausura,2.545,1.471,clausura
clausurar,3.048,1.774,clausurar
clavar,4.273,1.882,clavar
clave,2.88,1.81,clave
claves,2.143,1.558,claves
clavícula,1.952,1.359,clavicula
clavo,4.32,1.819,clavo
clemencia,2.625,1.857,clemencia
clemente,1.632,1.116,clemente
clerecía,2.714,1.773,clerecia
clerical,2.0,1.054,clerical
clérigo,1.909,1.342,clerigo
clero,2.36,1.8,clero
clic,6.913,0.288,clic
clientela,1.636,0.848,clientela
climático,2.947,1.779,climatico
clínica,2.739,1.864,clinica
clip,3.773,2.224,clip
clítoris,2.52,2.104,clitoris
clonación,2.909,1.77,clonacion
cloro,2.5,1.769,cloro
cloruro,2.174,1.775,cloruro
club,2.88,1.833,club
coagulación,3.13,1.792,coagulacion
coalición,2.0,1.447,coalicion
coartada,2.476,1.834,coartada
coautor,3.2,1.893,coautor
cobalto,1.652,1.112,cobalto
cobardía,2.565,1.472,cobardia
cobaya,1.667,0.796,cobaya
cobertizo,2.304,1.396,cobertizo
cobertura,1.19,0.873,cobertura
cobijo,2.632,1.606,cobijo
cobra,2.957,2.184,cobra
cobre,3.0,2.16,cobre
cobro,1.92,1.077,cobro
cocción,3.64,2.177,coccion
cochecito,3.095,2.234,cochecito
cochera,2.909,1.998,cochera
cochero,2.6,1.528,cochero
cocido,2.9,1.861,cocido
cociente,2.0,1.732,cociente
cocinar,3.96,1.947,cocinar
cocinera,2.773,1.926,cocinera
cocinilla,2.75,1.682,cocinilla
cocinita,3.92,2.12,cocinita
cocotero,4.667,1.97,cocotero
cóctel,3.4,1.756,coctel
códice,2.64,1.729,codice
codificación,2.8,1.826,codificacion
codificar,2.4,1.683,codificar
codorniz,1.429,0.676,codorniz
coeficiente,2.44,1.66,coeficiente
coerción,2.696,1.845,coercion
coexistencia,2.64,1.977,coexistencia
coexistir,2.762,1.64,coexistir
cofinanciación,2.042,1.628,cofinanciacion
cofradía,2.667,1.857,cofradia
cofre,2.091,1.571,cofre
cofundador,1.762,1.446,cofundador
coger,1.667,1.155,coger
cogida,2.88,2.027,cogida
cogido,2.826,1.969,cogido
cognición,2.625,1.583,cognicion
cognitiva,1.682,1.249,cognitiva
cogollo,3.0,1.654,cogollo
cogote,2.045,1.214,cogote
cohecho,2.444,1.617,cohecho
coherencia,2.96,1.67,coherencia
coherente,2.478,1.534,coherente
cohesión,3.083,1.998,cohesion
cohete,2.05,1.572,cohete
coincidencia,2.84,1.886,coincidencia
coincidente,2.76,1.943,coincidente
coincidir,2.591,1.652,coincidir
coja,3.76,1.921,coja
cojón,3.762,2.071,cojon
cojones,3.667,2.239,cojones
cojonudo,3.045,1.786,cojonudo
col,2.2,1.642,col
colaborador,2.238,1.411,colaborador
colaboradora,3.84,2.075,colaboradora
colaborar,3.16,1.993,colaborar
colación,2.611,1.501,colacion
colador,3.136,2.167,colador
colar,1.864,1.67,colar
colateral,2.818,1.816,colateral
colcha,2.48,1.759,colcha
colchón,4.24,1.739,colchon
colchoneta,3.609,1.948,colchoneta
cole,2.783,1.882,cole
colección,3.25,1.832,coleccion
coleccionar,3.391,2.19,coleccionar
coleccionista,2.88,1.74,coleccionista
colecta,2.167,1.689,colecta
colectividad,4.381,1.83,colectividad
colectivo,2.227,1.875,colectivo
colega,3.087,1.881,colega
colegiado,2.65,1.927,colegiado
colegial,3.08,1.754,colegial
colegiata,2.789,1.813,colegiata
colegio,2.52,1.982,colegio
colesterol,2.818,1.532,colesterol
colgador,3.158,1.893,colgador
colgante,3.458,1.978,colgante
colgar,2.227,1.478,colgar
cólico,3.381,1.91,colico
colina,2.429,1.69,colina
colindante,1.733,1.58,colindante
colindar,3.062,1.843,colindar
coliseo,3.273,1.907,coliseo
colisión,3.727,2.004,colision
collado,2.211,1.548,collado
colmar,2.8,1.735,colmar
colmena,2.1,1.619,colmena
colmo,3.667,1.798,colmo
colocación,3.04,2.01,colocacion
colocar,2.88,2.007,colocar
colofón,3.64,2.018,colofon
colombiano,3.3,2.029,colombiano
colon,1.409,0.666,colon
colonial,2.56,1.502,colonial
colonialismo,2.6,1.5,colonialismo
colonización,2.96,2.091,colonizacion
colonizar,2.88,1.716,colonizar
colono,2.85,1.631,colono
coloquial,3.04,1.814,coloquial
coloquio,2.833,1.886,coloquio
coloración,3.619,1.962,coloracion
colorante,3.364,2.421,colorante
colores,3.136,2.253,colores
colorido,4.4,2.257,colorido
colorín,3.368,1.77,colorin
colosal,4.25,2.359,colosal
coloso,3.176,2.157,coloso
columnas,3.8,2.546,columnas
columnista,3.167,2.176,columnista
comadre,2.625,1.813,comadre
comandancia,3.042,1.829,comandancia
comandante,2.435,1.805,comandante
comandar,3.68,1.676,comandar
comando,3.0,2.052,comando
comarca,2.08,1.706,comarca
comarcal,3.25,2.173,comarcal
comas,2.68,1.842,comas
comba,3.227,2.069,comba
combate,3.2,1.732,combate
combatiente,2.895,1.663,combatiente
combatir,3.13,1.842,combatir
combativo,2.35,1.725,combativo
combinado,2.917,1.64,combinado
combinar,3.429,1.502,combinar
combustible,2.333,1.494,combustible
combustión,3.087,1.881,combustion
comeculos,3.81,2.159,comeculos
comediante,2.304,1.521,comediante
comemierda,3.957,1.965,comemierda
comendador,1.385,0.87,comendador
comentar,2.333,1.713,comentar
comentarista,3.263,1.851,comentarista
comercial,3.08,1.935,comercial
comercialización,1.905,1.64,comercializacion
comercializar,3.762,2.071,comercializar
comerciante,2.286,1.454,comerciante
comerciar,2.435,1.502,comerciar
comestible,4.36,1.8,comestible
cometer,1.619,0.74,cometer
cometido,1.739,1.287,cometido
cómic,2.364,1.649,comic
comicidad,1.133,0.352,comicidad
comienzo,2.333,1.494,comienzo
comillas,2.636,1.941,comillas
comino,2.952,1.936,comino
comisaria,2.88,1.81,comisaria
comisaría,2.045,1.558,comisaria
comisario,2.208,1.444,comisario
comisión,2.28,1.339,comision
comité,2.714,1.309,comite
comitiva,2.4,1.732,comitiva
cómo,2.625,2.039,como
cómoda,2.84,1.908,comoda
comodín,2.714,1.793,comodin
compacta,4.72,1.671,compacta
compacto,4.2,2.198,compacto
compadre,2.87,1.866,compadre
compaginar,3.45,2.114,compaginar
compaña,2.818,1.893,compana
compañera,3.56,2.293,companera
comparable,1.905,1.446,comparable
comparación,3.12,2.088,comparacion
comparar,2.9,1.714,comparar
comparativo,2.435,1.59,comparativo
comparecencia,2.25,1.327,comparecencia
comparecer,2.333,1.354,comparecer
comparsa,2.75,1.648,comparsa
compartimento,2.435,1.701,compartimento
compartimiento,2.76,2.107,compartimiento
compás,4.2,2.198,compas
compatibilidad,4.286,1.875,compatibilidad
compatible,3.3,1.867,compatible
compatriota,3.391,1.924,compatriota
compendio,2.133,1.246,compendio
compensación,2.917,1.976,compensacion
compensar,3.48,1.686,compensar
compensatoria,2.348,1.968,compensatoria
competencia,2.9,1.997,competencia
competencial,1.682,1.211,competencial
competer,3.19,2.015,competer
competición,2.773,1.631,competicion
competidor,3.0,1.915,competidor
competir,2.68,1.676,competir
competitiva,1.864,1.39,competitiva
competitividad,2.5,1.792,competitividad
compilación,2.538,1.561,compilacion
compilador,1.214,0.802,compilador
complacencia,2.15,1.531,complacencia
complaciente,2.545,1.335,complaciente
compleja,2.875,2.05,compleja
complejidad,3.125,1.825,complejidad
complementar,2.739,1.982,complementar
complementaria,2.64,1.68,complementaria
complementariedad,2.708,1.681,complementariedad
complemento,3.857,2.104,complemento
completar,3.32,1.796,completar
completo,2.364,1.941,completo
complexión,3.4,2.0,complexion
complicar,2.208,1.25,complicar
cómplice,2.625,1.555,complice
complicidad,2.6,1.759,complicidad
complot,3.0,1.799,complot
componente,1.19,0.873,componente
componer,2.864,1.859,componer
comportamiento,2.8,1.607,comportamiento
comportar,2.32,1.52,comportar
composición,3.16,1.818,composicion
compostura,1.19,0.512,compostura
compra,2.88,1.81,compra
comprador,2.261,1.421,comprador
comprar,3.32,2.193,comprar
compraventa,2.435,1.562,compraventa
comprender,1.773,1.412,comprender
comprensible,2.792,1.865,comprensible
comprensivo,2.217,1.506,comprensivo
compresor,2.826,1.723,compresor
comprobación,2.8,2.0,comprobacion
comprobar,2.261,1.63,comprobar
comprometer,2.143,1.352,comprometer
compuerta,2.92,1.754,compuerta
compuesto,3.0,2.023,compuesto
computación,2.292,1.574,computacion
computacional,2.864,1.67,computacional
computador,3.875,2.05,computador
computadora,2.92,1.869,computadora
cómputo,2.64,1.63,computo
común,2.8,1.765,comun
comuna,2.227,1.378,comuna
comunal,1.947,1.079,comunal
comunicado,1.381,1.161,comunicado
comunicar,2.7,1.72,comunicar
comunicativa,3.84,2.055,comunicativa
comunión,2.32,1.6,comunion
comunismo,2.32,1.464,comunismo
comunista,3.45,1.932,comunista
comunitario,3.143,2.265,comunitario
concebible,2.435,1.805,concebible
concebir,2.286,1.384,concebir
conceder,2.667,1.623,conceder
concejal,3.12,2.166,concejal
concejo,1.706,0.686,concejo
concentración,3.087,1.952,concentracion
concentrar,2.524,1.662,concentrar
concepción,1.95,1.276,concepcion
concepto,2.042,0.999,concepto
conceptual,2.619,1.465,conceptual
concerniente,1.905,1.446,concerniente
concernir,1.773,0.922,concernir
concertación,2.478,1.563,concertacion
concertar,2.737,1.695,concertar
concesión,3.08,1.73,concesion
concesionaria,1.792,1.179,concesionaria
concha,3.72,1.926,concha
concienciación,3.0,2.111,concienciacion
concienciar,3.25,1.917,concienciar
concierto,2.083,1.472,concierto
conciliación,2.25,1.511,conciliacion
conciliador,2.667,1.742,conciliador
conciliar,2.217,1.278,conciliar
concilio,2.44,1.446,concilio
concisa,2.158,1.5,concisa
cónclave,2.062,1.482,conclave
concluir,2.857,1.824,concluir
conclusión,2.364,1.432,conclusion
concluyente,3.0,1.877,concluyente
concordancia,2.174,1.557,concordancia
concordar,1.476,0.981,concordar
concordia,3.4,1.633,concordia
concreción,1.476,1.167,concrecion
concretar,2.05,1.731,concretar
concreto,3.143,1.59,concreto
concuñada,3.474,2.547,concunada
concuñado,3.0,2.151,concunado
concurrencia,2.96,1.767,concurrencia
concurrir,2.92,1.706,concurrir
concursante,2.476,1.94,concursante
condado,2.364,1.706,condado
condecoración,3.083,2.083,condecoracion
condenación,2.2,1.576,condenacion
condenar,2.045,1.463,condenar
condensación,3.5,1.818,condensacion
condescendencia,1.895,1.56,condescendencia
condescendiente,2.833,1.659,condescendiente
condicional,3.35,2.007,condicional
condicionalidad,2.292,1.517,condicionalidad
condicionamiento,2.48,1.584,condicionamiento
condicionar,2.72,1.745,condicionar
condolencia,3.0,1.78,condolencia
condonación,1.933,1.387,condonacion
cóndor,2.478,1.806,condor
conducción,1.909,1.743,conduccion
conducir,2.476,1.601,conducir
conducta,2.174,1.23,conducta
conductividad,1.682,1.129,conductividad
conectar,3.96,2.208,conectar
conectividad,2.952,1.884,conectividad
conectivo,4.08,2.06,conectivo
conejera,2.783,1.731,conejera
conexión,3.136,1.642,conexion
confección,2.72,1.792,confeccion
confeccionar,2.583,1.742,confeccionar
confederación,1.4,0.94,confederacion
conferir,2.4,1.903,conferir
confesar,2.917,1.792,confesar
confesión,2.5,1.626,confesion
confesional,2.25,1.539,confesional
confesionario,2.333,1.683,confesionario
confesor,2.9,1.944,confesor
confiabilidad,2.857,1.957,confiabilidad
confiable,2.44,1.446,confiable
confiar,1.591,0.908,confiar
confidencia,1.682,1.086,confidencia
confidencial,2.273,1.638,confidencial
confidencialidad,2.05,1.05,confidencialidad
configuración,2.909,1.63,configuracion
configurar,2.84,1.724,configurar
confín,3.043,1.965,confin
confinamiento,2.143,1.195,confinamiento
confirmación,1.476,0.981,confirmacion
confirmando,3.12,1.764,confirmando
confirmar,3.105,2.052,confirmar
confiscación,2.478,1.648,confiscacion
conflictiva,2.955,1.914,conflictiva
conflictividad,2.96,1.814,conflictividad
confluencia,1.45,0.999,confluencia
conformación,2.417,1.717,conformacion
conformar,2.864,1.781,conformar
conforme,3.52,2.064,conforme
conformidad,2.0,1.285,conformidad
confortable,1.773,1.193,confortable
confrontación,2.455,1.792,confrontacion
confrontar,3.08,1.956,confrontar
confundir,3.16,1.405,confundir
confusión,1.952,1.322,confusion
congelación,3.273,2.334,congelacion
congelar,2.15,1.226,congelar
congénita,1.773,1.343,congenita
congestión,3.87,1.938,congestion
conglomerado,3.64,2.079,conglomerado
congoja,2.562,1.504,congoja
congratular,2.095,1.179,congratular
congregación,2.905,1.947,congregacion
congregar,2.667,1.426,congregar
congresista,2.435,1.83,congresista
congreso,2.273,1.549,congreso
congruencia,1.9,1.683,congruencia
cónica,2.647,1.935,conica
conjetura,2.84,1.546,conjetura
conjugación,2.091,1.342,conjugacion
conjugar,2.227,1.688,conjugar
conjunción,2.391,1.852,conjuncion
conjunta,3.6,1.871,conjunta
conjuntivitis,3.9,2.245,conjuntivitis
conjura,1.667,1.237,conjura
conjurar,2.5,1.638,conjurar
conllevar,2.2,1.399,conllevar
conmemoración,3.36,2.158,conmemoracion
conmemorar,3.64,1.846,conmemorar
conmemorativa,2.2,1.609,conmemorativa
conmoción,3.96,1.947,conmocion
conmovedor,3.8,1.765,conmovedor
conmover,2.667,1.834,conmover
conmutación,2.25,1.41,conmutacion
connotación,2.682,1.615,connotacion
cono,2.25,1.482,cono
conocedor,2.955,2.149,conocedor
conquistador,2.955,1.731,conquistador
conquistar,1.857,1.558,conquistar
consagración,1.1,0.308,consagracion
consagrar,1.909,1.377,consagrar
consciencia,1.476,0.814,consciencia
consecución,3.261,2.115,consecucion
consecuencia,2.32,1.249,consecuencia
consecuente,2.565,1.83,consecuente
consecutivo,2.591,1.919,consecutivo
consejera,2.318,1.701,consejera
consejería,2.136,2.007,consejeria
consejero,2.095,1.513,consejero
consenso,2.6,1.5,consenso
consensuar,2.35,1.694,consensuar
consentimiento,2.52,1.686,consentimiento
consentir,3.72,1.696,consentir
conservación,2.708,1.756,conservacion
conservador,2.955,1.676,conservador
conservadurismo,2.2,1.225,conservadurismo
conservatorio,1.81,1.401,conservatorio
considerable,2.4,1.528,considerable
consideración,1.714,1.231,consideracion
considerando,2.87,1.74,considerando
considerar,2.0,1.654,considerar
consignar,2.5,1.719,consignar
consiguiente,1.857,1.389,consiguiente
consistencia,3.96,2.031,consistencia
consistente,3.55,2.188,consistente
consistir,1.682,0.995,consistir
consistorio,1.368,0.597,consistorio
consola,2.55,2.164,consola
consolar,2.8,1.683,consolar
consolidación,3.2,1.871,consolidacion
consolidar,3.095,1.67,consolidar
consonancia,3.625,1.952,consonancia
consonante,4.08,2.08,consonante
consorcio,2.0,1.747,consorcio
consorte,1.826,1.403,consorte
conspirar,2.091,1.716,conspirar
constancia,1.864,1.32,constancia
constante,3.4,1.667,constante
constar,2.182,1.368,constar
constatación,2.76,1.943,constatacion
constatar,2.72,1.745,constatar
constelación,2.048,1.627,constelacion
consternación,3.04,1.859,consternacion
constipado,1.619,0.973,constipado
constitución,1.682,1.129,constitucion
constitucional,3.217,2.194,constitucional
constitucionalidad,2.0,1.48,constitucionalidad
constituir,2.76,1.899,constituir
constitutivo,3.08,1.956,constitutivo
constituyente,2.56,1.53,constituyente
constrictor,2.278,1.674,constrictor
construcción,3.08,1.681,construccion
constructiva,3.143,1.558,constructiva
constructor,3.4,1.979,constructor
construir,2.5,1.596,construir
consuegra,1.955,1.43,consuegra
consuegro,3.32,1.773,consuegro
consuela,2.476,1.632,consuela
consuelo,1.333,0.658,consuelo
cónsul,1.85,1.348,consul
consulado,1.8,1.08,consulado
consular,2.125,1.408,consular
consulta,1.696,1.329,consulta
consultar,2.579,1.61,consultar
consultivo,1.632,1.012,consultivo
consultor,2.895,1.823,consultor
consultoría,2.75,1.917,consultoria
consultorio,2.682,2.297,consultorio
consumación,2.64,2.158,consumacion
consumar,1.667,1.111,consumar
consumidor,3.458,1.911,consumidor
consumir,3.048,1.717,consumir
consumo,3.68,2.096,consumo
contabilidad,2.76,2.26,contabilidad
contactar,3.045,1.838,contactar
contacto,2.273,1.453,contacto
contador,3.45,2.089,contador
contagio,1.857,1.526,contagio
contagiosa,3.143,1.905,contagiosa
contaminante,2.783,1.622,contaminante
contar,3.64,1.912,contar
contemplación,3.08,1.869,contemplacion
contemplar,3.24,1.615,contemplar
contemplativa,2.316,1.668,contemplativa
contemporáneo,2.476,1.887,contemporaneo
contención,3.174,2.289,contencion
contencioso,1.947,1.353,contencioso
contener,3.64,1.934,contener
conteo,2.25,1.894,conteo
contestación,3.2,1.979,contestacion
contestar,2.72,2.112,contestar
conteste,2.048,0.973,conteste
contesto,2.652,1.555,contesto
contienda,2.75,2.245,contienda
contigua,2.273,1.241,contigua
continental,4.45,2.328,continental
continente,2.44,1.583,continente
contingencia,3.08,1.656,contingencia
contingente,2.263,1.408,contingente
continua,3.65,2.254,continua
continuación,3.25,1.832,continuacion
continuar,3.0,1.732,continuar
continuaría,2.952,1.857,continuaria
continuidad,2.905,1.64,continuidad
contorno,2.391,1.559,contorno
contraataque,3.571,1.859,contraataque
contrabajo,3.24,1.69,contrabajo
contrabando,2.05,1.432,contrabando
contracción,5.0,1.826,contraccion
contractual,4.5,2.11,contractual
contradecir,3.65,1.954,contradecir
contradicción,4.19,1.721,contradiccion
contradictorio,3.28,1.815,contradictorio
contraer,2.8,2.217,contraer
contrafagot,2.625,1.455,contrafagot
contrafuerte,3.571,1.502,contrafuerte
contragolpe,4.1,2.245,contragolpe
contraofensiva,2.857,1.558,contraofensiva
contraparte,2.6,1.803,contraparte
contrapartida,2.833,1.88,contrapartida
contrapeso,4.44,1.734,contrapeso
contraposición,3.28,2.112,contraposicion
contraprestación,1.75,1.251,contraprestacion
contraproducente,2.476,1.806,contraproducente
contrapunto,1.955,1.397,contrapunto
contrarreloj,4.88,2.088,contrarreloj
contrarrestar,3.16,1.951,contrarrestar
contraseña,1.667,0.913,contrasena
contrastar,2.636,2.105,contrastar
contraste,2.5,1.472,contraste
contrata,1.95,1.538,contrata
contratación,2.261,1.711,contratacion
contratar,2.083,1.613,contratar
contratiempo,3.35,2.033,contratiempo
contrato,3.25,1.7,contrato
contribución,2.7,1.976,contribucion
contribuir,2.72,1.969,contribuir
contribuyente,2.227,1.688,contribuyente
control,2.476,1.721,control
controlador,3.3,1.838,controlador
controlar,1.955,1.558,controlar
controversia,1.913,1.474,controversia
contundencia,4.25,2.314,contundencia
contundente,4.16,1.972,contundente
convalecencia,1.96,1.567,convalecencia
convección,3.04,1.947,conveccion
convencer,2.909,1.716,convencer
convencimiento,2.76,1.665,convencimiento
convención,2.095,0.944,convencion
convencional,1.857,1.459,convencional
convenido,1.826,1.154,convenido
conveniencia,2.05,1.395,conveniencia
conveniente,1.952,1.322,conveniente
convenio,3.4,2.186,convenio
convenir,1.857,1.558,convenir
convento,1.739,1.389,convento
convergencia,2.458,1.769,convergencia
convergente,2.9,1.714,convergente
conversa,2.917,1.717,conversa
conversación,2.13,1.392,conversacion
conversar,2.143,1.526,conversar
conversión,2.048,1.532,conversion
convertir,2.8,1.826,convertir
convicción,3.545,1.993,conviccion
convidar,2.45,1.432,convidar
convincente,2.304,1.521,convincente
convite,2.0,1.588,convite
convivencia,3.56,2.063,convivencia
convocar,2.84,1.7,convocar
convocatoria,2.048,1.564,convocatoria
convoy,2.368,1.535,convoy
convulsión,3.12,1.878,convulsion
cónyuge,3.52,2.084,conyuge
coñac,3.318,2.009,conac
coño,2.44,1.53,cono
cooperación,3.92,2.06,cooperacion
cooperativa,2.409,1.436,cooperativa
coordinador,3.96,1.968,coordinador
coordinadora,3.2,1.871,coordinadora
coordinar,3.261,1.764,coordinar
copia,1.636,1.255,copia
copiado,2.72,1.904,copiado
copiar,2.35,1.725,copiar
copiloto,4.0,2.408,copiloto
copiosa,4.1,1.586,copiosa
copla,2.952,1.564,copla
coproducción,2.16,1.546,coproduccion
coqueta,3.65,1.814,coqueta
coquetería,2.381,1.564,coqueteria
coraje,2.526,1.645,coraje
coraza,2.87,1.89,coraza
corcel,2.0,1.291,corcel
corchetes,2.75,1.86,corchetes
cordel,3.6,1.915,cordel
cordial,2.56,1.417,cordial
cordialidad,2.522,1.78,cordialidad
cordillera,2.5,1.606,cordillera
cordobés,3.417,2.32,cordobes
cordón,2.96,1.881,cordon
cordura,2.045,1.29,cordura
coreano,3.44,2.162,coreano
coreografía,3.7,1.75,coreografia
coreógrafo,3.0,1.958,coreografo
cornear,3.88,2.261,cornear
córner,3.095,1.729,corner
corneta,2.381,1.936,corneta
cornisa,2.6,1.826,cornisa
cornudo,2.609,1.559,cornudo
coro,4.12,2.186,coro
corola,2.312,1.662,corola
coronación,3.28,1.99,coronacion
coronar,4.2,2.082,coronar
coronarias,2.65,2.159,coronarias
coronario,2.19,1.914,coronario
coronel,2.875,1.849,coronel
corporación,2.667,1.834,corporacion
corporal,4.0,1.956,corporal
corporativa,2.68,1.909,corporativa
corpulento,4.6,1.915,corpulento
corral,2.227,1.51,corral
corralito,3.261,2.027,corralito
correa,2.273,1.609,correa
correcta,3.182,1.943,correcta
corregimiento,2.789,1.686,corregimiento
corregir,3.2,1.607,corregir
correlación,3.6,1.893,correlacion
correspondencia,2.478,1.702,correspondencia
corresponder,2.526,1.611,corresponder
correspondiente,1.762,1.338,correspondiente
corresponsal,2.7,1.867,corresponsal
corrida,2.81,1.721,corrida
corriente,3.36,1.912,corriente
corroborar,2.68,1.676,corroborar
corrosión,3.619,1.884,corrosion
corrupción,2.762,1.868,corrupcion
corsarios,2.87,1.938,corsarios
corsé,3.417,1.692,corse
cortacésped,3.32,1.973,cortacesped
cortafríos,2.8,2.093,cortafrios
cortante,3.84,1.951,cortante
cortar,2.636,1.706,cortar
cortatijeras,3.95,2.35,cortatijeras
cortejo,1.905,1.48,cortejo
cortés,2.55,1.877,cortes
cortesano,2.68,1.749,cortesano
cortijo,2.217,1.445,cortijo
corto,3.905,1.578,corto
cortometraje,2.727,1.638,cortometraje
corva,2.85,2.059,corva
coscorrón,3.565,2.15,coscorron
cosecha,3.92,1.801,cosecha
cosechadora,3.143,1.59,cosechadora
cosechar,3.64,2.079,cosechar
coser,2.13,1.576,coser
cósmica,3.667,2.014,cosmica
cosmología,2.048,1.431,cosmologia
cosmopolita,2.95,2.282,cosmopolita
costado,2.84,2.095,costado
costar,2.36,1.319,costar
costarricense,2.222,1.833,costarricense
coste,3.381,1.83,coste
costear,2.5,1.739,costear
costera,2.682,1.887,costera
costillas,2.304,1.46,costillas
costoso,3.6,1.607,costoso
costra,4.167,2.16,costra
costumbrista,2.091,1.411,costumbrista
costura,1.917,1.316,costura
costurera,3.042,1.989,costurera
cota,2.826,1.696,cota
cotidiana,3.12,1.563,cotidiana
cotización,2.44,2.083,cotizacion
cotizar,2.545,1.819,cotizar
coto,1.826,1.072,coto
country,2.96,1.767,country
coyote,2.16,1.143,coyote
coyuntura,2.421,1.427,coyuntura
coyuntural,1.615,0.768,coyuntural
crac,5.375,2.102,crac
crack,5.05,2.188,crack
craneal,2.875,1.541,craneal
cráter,2.6,1.826,crater
creador,2.045,1.618,creador
creadora,2.13,1.424,creadora
crear,3.4,2.257,crear
creativa,1.619,0.973,creativa
creces,1.381,1.161,creces
creciente,3.619,2.109,creciente
credibilidad,2.826,1.723,credibilidad
crédito,1.524,1.167,credito
credo,2.81,1.778,credo
credulidad,2.167,1.685,credulidad
creer,2.05,1.605,creer
creíble,2.087,1.24,creible
crema,2.619,1.596,crema
cresta,4.4,1.958,cresta
cretino,2.818,1.816,cretino
creyente,2.13,1.546,creyente
cría,2.727,1.695,cria
criada,1.667,1.461,criada
crianza,2.64,1.8,crianza
criar,2.083,1.586,criar
cric,4.611,2.725,cric
criminalidad,2.682,1.836,criminalidad
criolla,2.76,2.006,criolla
cripta,2.739,1.815,cripta
criptografía,2.762,1.67,criptografia
críquet,3.095,1.947,criquet
crisantemo,1.833,1.543,crisantemo
crispación,2.95,2.038,crispacion
cristales,3.19,2.064,cristales
cristalina,3.591,1.968,cristalina
cristalización,3.44,2.103,cristalizacion
cristiana,2.286,1.488,cristiana
cristiandad,2.333,1.683,cristiandad
cristianismo,2.565,1.754,cristianismo
cristiano,2.64,1.912,cristiano
cristo,2.783,2.194,cristo
crítica,3.08,1.977,critica
criticar,3.32,1.749,criticar
crítico,3.167,1.341,critico
croar,5.208,2.245,croar
croata,2.6,2.121,croata
cromática,2.667,1.77,cromatica
cromos,2.6,1.729,cromos
cromosoma,2.091,1.716,cromosoma
crónica,5.625,2.039,cronica
cronista,2.2,1.291,cronista
cronología,2.636,2.036,cronologia
cronológico,3.273,1.804,cronologico
croquet,2.8,1.74,croquet
crucería,4.958,1.853,cruceria
crucial,2.15,1.531,crucial
crudeza,3.05,2.089,crudeza
crudo,3.217,2.066,crudo
crujido,5.36,1.912,crujido
crujir,4.429,1.964,crujir
cruz,3.381,2.061,cruz
cruzada,2.667,1.528,cruzada
cruzar,3.227,1.998,cruzar
cuadernillo,3.76,2.047,cuadernillo
cuadra,2.364,1.916,cuadra
cuadrangular,2.45,1.849,cuadrangular
cuadrante,3.92,2.308,cuadrante
cuadrilla,2.8,1.893,cuadrilla
cual,2.24,1.535,cual
cualidad,2.421,1.774,cualidad
cualificación,1.95,1.276,cualificacion
cualitativo,2.84,1.625,cualitativo
cualquier,1.826,1.557,cualquier
cuándo,2.455,1.819,cuando
cuantía,3.217,2.255,cuantia
cuántica,2.85,1.872,cuantica
cuantificación,3.045,1.647,cuantificacion
cuantificar,3.3,2.25,cuantificar
cuantitativa,3.16,1.972,cuantitativa
cuanto,2.458,1.56,cuanto
cuarcita,2.227,1.66,cuarcita
cuarenta,1.238,0.7,cuarenta
cuarentena,3.92,2.139,cuarentena
cuarta,2.52,1.806,cuarta
cuartel,2.762,1.895,cuartel
cuarteto,4.6,2.041,cuarteto
cuartilla,3.0,1.683,cuartilla
cuartito,3.667,1.88,cuartito
cuarzo,1.053,0.229,cuarzo
cuasi,2.429,1.63,cuasi
cuatrimestre,2.4,1.789,cuatrimestre
cuatro,3.44,1.917,cuatro
cubalibre,4.0,2.145,cubalibre
cubano,2.773,2.022,cubano
cubata,2.96,2.051,cubata
cubeta,2.36,1.524,cubeta
cúbico,3.45,1.877,cubico
cubierta,2.92,1.891,cubierta
cubiertos,2.045,1.759,cubiertos
cubismo,2.96,1.513,cubismo
cúbito,2.667,1.742,cubito
cubrir,3.125,1.918,cubrir
cucharada,3.458,2.226,cucharada
cucharilla,3.667,1.834,cucharilla
cucharón,4.44,2.123,cucharon
cuchichear,5.92,1.47,cuchichear
cuchicheo,3.952,2.247,cuchicheo
cuchilla,3.92,1.956,cuchilla
cuclillas,3.722,2.052,cuclillas
cuco,5.458,2.085,cuco
cucú,6.143,1.276,cucu
cuelga,2.1,1.619,cuelga
cuello,2.64,1.846,cuello
cuenca,2.19,1.887,cuenca
cuenta,2.36,1.729,cuenta
cuerno,2.792,1.668,cuerno
cuero,3.48,2.044,cuero
cuesco,3.048,1.774,cuesco
cuestionable,3.4,1.78,cuestionable
cuestionamiento,2.524,1.662,cuestionamiento
cuestionar,3.524,1.75,cuestionar
cuestionario,2.87,1.74,cuestionario
cuida,1.909,1.269,cuida
cuidado,3.36,2.079,cuidado
cuidador,2.75,2.049,cuidador
cuidadosa,3.217,1.93,cuidadosa
culata,2.714,1.793,culata
culminación,4.0,2.138,culminacion
culminante,3.44,1.96,culminante
culminar,2.72,2.011,culminar
culo,2.667,1.958,culo
culpar,2.857,1.824,culpar
culta,1.857,1.315,culta
cultivar,2.667,2.196,cultivar
cultivo,2.32,1.701,cultivo
cultura,3.091,1.716,cultura
culturismo,2.263,1.593,culturismo
cumbia,3.3,2.179,cumbia
cumbre,3.52,2.084,cumbre
cumplimiento,2.05,1.538,cumplimiento
cumplir,3.05,2.188,cumplir
cúmulo,3.238,1.729,cumulo
cuna,2.476,1.662,cuna
cundir,2.095,1.609,cundir
cuneta,1.905,1.179,cuneta
cuña,3.24,1.786,cuna
cuñada,2.391,1.751,cunada
cuñado,3.19,1.965,cunado
cuota,1.143,0.478,cuota
cupo,1.81,1.632,cupo
cúpula,3.88,2.007,cupula
curador,2.409,1.79,curador
curiosidad,2.44,1.938,curiosidad
curo,2.0,1.214,curo
currículo,1.789,1.273,curriculo
currículum,2.6,1.803,curriculum
curry,3.524,1.834,curry
cursar,2.167,1.373,cursar
cursiva,4.05,2.328,cursiva
curva,2.571,1.63,curva
curvatura,3.917,2.165,curvatura
cúspide,3.81,1.834,cuspide
custodia,2.68,1.994,custodia
dados,2.72,1.838,dados
dale,3.458,2.206,dale
damas,2.783,1.858,damas
dame,2.8,1.936,dame
dance,3.0,1.414,dance
danés,2.16,1.675,danes
danzar,2.783,1.976,danzar
data,2.32,1.865,data
datación,2.85,2.007,datacion
datar,1.8,1.152,datar
dátil,1.9,1.553,datil
dato,3.36,1.89,dato
datos,3.1,2.049,datos
debajo,3.28,2.246,debajo
debate,2.522,1.78,debate
debatir,2.4,1.472,debatir
deber,2.16,1.599,deber
debido,1.261,0.864,debido
debilidad,2.714,1.793,debilidad
debilitamiento,3.714,1.953,debilitamiento
debilitar,2.524,1.721,debilitar
debut,2.522,1.648,debut
debutar,2.667,1.659,debutar
decadente,3.182,1.943,decadente
decaer,2.44,1.635,decaer
decaimiento,2.211,1.437,decaimiento
decalitro,2.25,1.682,decalitro
decámetro,2.667,1.903,decametro
decano,2.44,1.758,decano
decatlón,2.174,1.749,decatlon
decena,2.667,1.826,decena
decencia,2.16,1.214,decencia
decenio,3.143,1.905,decenio
decente,2.043,1.107,decente
decepción,2.739,1.544,decepcion
decepcionante,2.667,1.798,decepcionante
decibelios,3.4,2.0,decibelios
décima,3.25,2.149,decima
decimal,3.042,1.967,decimal
decímetro,4.05,2.235,decimetro
décimo,2.458,2.064,decimo
decir,1.762,1.221,decir
decirlo,1.92,1.412,decirlo
decisión,2.45,1.701,decision
decisivo,2.632,1.571,decisivo
decisorio,2.72,1.838,decisorio
declaración,2.727,2.272,declaracion
declarar,2.609,1.53,declarar
declinación,2.76,1.877,declinacion
declinar,2.429,1.72,declinar
decora,2.68,1.952,decora
decoración,2.48,1.873,decoracion
decorado,2.429,1.805,decorado
decorativo,2.435,1.619,decorativo
decreciente,3.72,1.904,decreciente
decretar,1.947,1.433,decretar
decreto,2.16,1.106,decreto
dedicación,2.381,1.627,dedicacion
dedicar,2.0,1.483,dedicar
dedos,1.957,1.522,dedos
deducción,3.16,1.519,deduccion
deducir,2.091,1.342,deducir
defectuosa,2.522,1.78,defectuosa
defensa,2.783,1.678,defensa
defensiva,2.167,1.606,defensiva
defensor,2.875,1.777,defensor
defensora,2.476,1.778,defensora
deferencia,2.421,1.575,deferencia
deficiencia,2.714,1.978,deficiencia
deficiente,1.909,1.109,deficiente
déficit,3.348,2.102,deficit
definición,1.524,1.078,definicion
definir,2.85,1.496,definir
definitiva,3.52,1.806,definitiva
deforestación,2.045,1.463,deforestacion
deformación,2.727,1.518,deformacion
defraudar,2.545,1.711,defraudar
defunción,3.36,1.729,defuncion
degradar,3.105,1.729,degradar
degustar,2.56,1.71,degustar
dehesa,1.941,1.088,dehesa
deidad,2.529,1.841,deidad
dejar,2.96,1.744,dejar
dejo,2.583,1.909,dejo
delante,2.238,1.64,delante
delantera,1.571,1.363,delantera
delantero,3.13,2.117,delantero
delegación,2.476,1.289,delegacion
delegado,2.6,1.633,delegado
delegar,2.87,1.817,delegar
deliberación,2.792,1.641,deliberacion
deliberar,2.85,1.663,deliberar
delicia,3.85,1.899,delicia
delictiva,3.12,2.048,delictiva
delimitación,3.12,1.74,delimitacion
delimitar,2.652,1.921,delimitar
delineante,2.0,1.622,delineante
delirante,2.875,1.941,delirante
delito,4.706,1.863,delito
delta,2.125,1.65,delta
demagogia,2.524,1.401,demagogia
demanda,2.52,1.503,demanda
demandada,1.762,1.3,demandada
demandado,2.478,1.473,demandado
demandante,2.625,1.765,demandante
demandar,2.476,1.632,demandar
demarcación,3.043,1.965,demarcacion
demás,2.87,2.096,demas
demasía,3.5,1.654,demasia
demasiado,2.667,1.592,demasiado
demo,2.053,1.545,demo
demócrata,2.25,1.871,democrata
democrático,3.348,2.248,democratico
democratización,3.318,1.985,democratizacion
democristiano,2.227,1.798,democristiano
demografía,2.682,1.961,demografia
demográfico,2.318,1.585,demografico
demoler,3.714,2.148,demoler
demolición,3.087,1.998,demolicion
demora,2.421,1.644,demora
demorar,1.952,1.161,demorar
demostración,2.304,1.46,demostracion
demostrar,2.625,1.907,demostrar
demostrativo,2.56,1.895,demostrativo
denegación,4.16,2.055,denegacion
denegar,2.524,1.721,denegar
denim,2.429,2.065,denim
denominación,2.76,1.899,denominacion
denominador,2.45,1.538,denominador
denotar,2.895,1.729,denotar
densa,3.476,2.136,densa
densidad,3.04,2.15,densidad
dentadura,3.333,2.331,dentadura
dental,4.083,2.145,dental
dentro,3.2,1.826,dentro
denunciar,2.682,1.756,denunciar
departamental,2.5,1.719,departamental
departamento,2.941,1.952,departamento
dependencia,2.952,1.83,dependencia
depender,2.227,1.27,depender
dependiente,3.24,2.067,dependiente
deplorable,3.0,1.931,deplorable
deponer,2.826,1.825,deponer
deportación,4.05,2.417,deportacion
deporte,2.857,1.59,deporte
deportiva,3.238,2.322,deportiva
deportivo,3.88,2.205,deportivo
deposición,2.957,1.692,deposicion
depositar,2.458,1.587,depositar
depósito,3.68,1.973,deposito
depreciación,2.381,1.687,depreciacion
depredador,2.65,1.424,depredador
deprimente,4.24,1.809,deprimente
deprisa,3.44,1.805,deprisa
depuración,2.75,1.773,depuracion
depurar,2.1,1.714,depurar
derby,2.588,1.698,derby
derechista,2.905,1.7,derechista
derecho,2.286,1.454,derecho
derivación,2.273,1.804,derivacion
derivar,2.739,1.789,derivar
dermatitis,2.92,1.605,dermatitis
derogación,2.05,1.432,derogacion
derogar,1.579,0.902,derogar
derrama,3.2,1.384,derrama
derramamiento,2.833,1.654,derramamiento
derramar,2.619,1.564,derramar
derrame,3.0,1.703,derrame
derribar,4.238,1.546,derribar
derribo,3.826,1.899,derribo
derrocamiento,6.16,1.625,derrocamiento
derrocar,3.55,1.572,derrocar
derroche,3.56,2.274,derroche
derrota,2.85,1.927,derrota
derrotar,3.24,1.921,derrotar
derrumbamiento,4.682,1.524,derrumbamiento
derrumbe,4.87,1.486,derrumbe
desacato,3.286,1.978,desacato
desaceleración,3.957,1.87,desaceleracion
desacreditar,2.952,1.532,desacreditar
desactivar,2.435,1.647,desactivar
desacuerdo,2.5,1.819,desacuerdo
desafiante,1.571,0.978,desafiante
desafortunado,3.0,1.883,desafortunado
desagües,4.045,2.035,desagues
desaliento,3.52,1.982,desaliento
desalojar,3.92,2.159,desalojar
desalojo,3.9,2.198,desalojo
desamortización,2.609,1.53,desamortizacion
desamparo,2.619,1.627,desamparo
desapercibido,3.64,2.139,desapercibido
desaprobación,3.52,1.982,desaprobacion
desarmar,2.238,1.375,desarmar
desarme,2.818,1.651,desarme
desarrollar,3.36,1.604,desarrollar
desarrollo,2.773,1.716,desarrollo
desasosiego,3.739,2.435,desasosiego
desastrosa,3.72,1.882,desastrosa
desatar,3.48,1.686,desatar
desatino,2.25,1.342,desatino
desayunar,2.8,1.936,desayunar
desayuno,2.762,1.868,desayuno
desazón,2.632,1.499,desazon
desbaratar,1.826,1.435,desbaratar
desbloquear,3.042,2.196,desbloquear
desbordamiento,3.739,2.05,desbordamiento
desbordante,4.24,1.615,desbordante
desbordar,3.652,1.849,desbordar
descabello,3.833,2.14,descabello
descalabro,3.476,1.721,descalabro
descalificación,3.28,2.092,descalificacion
descalzadora,3.043,2.184,descalzadora
descalzo,1.952,1.284,descalzo
descansillo,3.68,2.015,descansillo
descapotable,3.68,2.056,descapotable
descarga,2.75,1.803,descarga
descargar,2.762,2.022,descargar
descaro,3.0,1.848,descaro
descartar,2.143,1.769,descartar
descendencia,2.5,1.67,descendencia
descendente,4.12,2.007,descendente
descender,3.88,2.068,descender
descendiente,3.5,2.018,descendiente
descentralización,3.435,2.313,descentralizacion
descerebrado,2.952,1.717,descerebrado
descifrar,2.5,1.711,descifrar
descolonización,2.96,1.904,descolonizacion
descomponer,3.52,2.293,descomponer
descomunal,4.364,2.083,descomunal
desconcertante,3.227,1.602,desconcertante
desconcierto,2.381,1.774,desconcierto
desconexión,3.409,1.764,desconexion
desconfiar,2.391,1.803,desconfiar
desconocer,2.143,1.621,desconocer
desconocimiento,3.24,2.107,desconocimiento
descontado,2.143,1.558,descontado
descrédito,2.167,1.308,descredito
describir,2.08,1.579,describir
descripción,3.48,1.982,descripcion
descriptiva,3.16,1.886,descriptiva
descubridor,1.833,1.098,descubridor
descubrimiento,3.273,2.186,descubrimiento
descubrir,3.143,2.175,descubrir
descuento,2.286,1.347,descuento
descuidar,2.409,1.593,descuidar
descuido,3.4,1.803,descuido
desdicha,3.05,1.638,desdicha
desdichada,2.905,1.609,desdichada
desdichado,2.64,1.68,desdichado
desdoblamiento,3.591,1.843,desdoblamiento
deseable,3.455,1.765,deseable
desechar,2.955,1.43,desechar
desecho,3.13,1.914,desecho
desembarcar,4.04,1.881,desembarcar
desembarco,2.714,1.678,desembarco
desembocadura,2.6,1.979,desembocadura
desembocar,2.238,1.64,desembocar
desembolso,3.12,1.9,desembolso
desempate,3.85,1.927,desempate
desempeñar,1.955,1.397,desempenar
desempeño,2.8,1.508,desempeno
desempleo,3.1,1.832,desempleo
desencadenar,3.261,2.05,desencadenar
desencanto,2.409,1.681,desencanto
desengaño,2.5,1.535,desengano
desenlace,3.0,1.947,desenlace
desentrañar,3.174,2.037,desentranar
desenvoltura,3.72,1.99,desenvoltura
desenvolver,3.043,2.246,desenvolver
desenvolvimiento,3.565,2.085,desenvolvimiento
deseoso,3.25,1.97,deseoso
desequilibrio,3.0,1.877,desequilibrio
deserción,1.375,0.719,desercion
desértico,2.545,1.845,desertico
desertización,2.889,1.937,desertizacion
desesperación,3.167,2.22,desesperacion
desesperanza,2.95,1.932,desesperanza
desestabilización,3.25,1.916,desestabilizacion
desestabilizar,2.833,2.036,desestabilizar
desestima,2.625,2.143,desestima
desestimación,2.75,1.775,desestimacion
desestimar,3.0,2.022,desestimar
desfachatez,3.792,2.187,desfachatez
desfase,3.045,2.011,desfase
desfiladero,2.05,1.538,desfiladero
desfilar,2.682,1.673,desfilar
desfile,2.857,1.931,desfile
desgarro,4.667,1.528,desgarro
desgracia,3.524,1.692,desgracia
desgraciada,4.174,2.367,desgraciada
desgraciado,2.727,1.609,desgraciado
desguace,3.32,2.096,desguace
deshacer,3.045,2.236,deshacer
deshidratación,3.13,1.766,deshidratacion
deshielo,3.522,1.974,deshielo
deshonra,4.12,2.147,deshonra
desidia,2.421,1.895,desidia
desierta,2.333,1.579,desierta
designación,2.045,1.253,designacion
designar,2.2,1.658,designar
designio,1.211,0.918,designio
desigual,3.64,2.139,desigual
desilusión,2.76,1.715,desilusion
desinencia,2.0,1.0,desinencia
desinformación,3.158,2.267,desinformacion
desintegración,4.667,1.834,desintegracion
desinterés,2.56,1.583,desinteres
desistir,3.9,2.049,desistir
deslealtad,2.095,1.411,deslealtad
desliz,3.545,1.711,desliz
deslizamiento,4.381,1.564,deslizamiento
deslizar,3.48,2.002,deslizar
deslumbrante,4.955,1.731,deslumbrante
desmantelamiento,2.909,1.9,desmantelamiento
desmantelar,3.5,1.821,desmantelar
desmentido,2.0,1.483,desmentido
desmentir,2.435,1.83,desmentir
desmontar,2.333,1.742,desmontar
desnivel,3.714,1.736,desnivel
desnudez,3.435,1.927,desnudez
desnutrición,2.913,2.109,desnutricion
desobediencia,2.48,1.327,desobediencia
desocupación,3.905,2.322,desocupacion
desolador,3.28,2.011,desolador
desorientación,3.208,2.043,desorientacion
despacio,3.292,2.095,despacio
despacito,3.6,1.633,despacito
despecho,2.429,1.568,despecho
despectivo,2.136,1.424,despectivo
despedida,2.913,1.998,despedida
despedir,2.696,1.743,despedir
despegar,2.714,1.736,despegar
despegue,3.64,1.777,despegue
despejar,2.76,1.855,despejar
despeje,3.609,1.948,despeje
despensa,1.667,1.111,despensa
desperdiciar,3.08,2.04,desperdiciar
despertar,2.36,1.524,despertar
despido,2.909,1.601,despido
desplazamiento,2.667,1.238,desplazamiento
desplazar,2.524,1.365,desplazar
desplegar,4.333,1.623,desplegar
despliegue,3.136,1.457,despliegue
desplomar,3.19,1.861,desplomar
desplome,2.87,2.007,desplome
despoblación,3.6,1.789,despoblacion
despojar,2.0,1.522,despojar
despojo,2.762,1.814,despojo
despotismo,3.421,1.677,despotismo
despreciable,4.174,2.367,despreciable
desprender,2.364,1.56,desprender
desprendimiento,4.08,1.847,desprendimiento
despreocupación,3.739,2.158,despreocupacion
desprestigio,4.048,2.133,desprestigio
desproporción,1.667,1.017,desproporcion
después,2.174,1.497,despues
despuntar,3.92,2.06,despuntar
desquite,2.3,1.418,desquite
desregulación,2.737,1.593,desregulacion
destacable,3.182,2.085,destacable
destacamento,2.947,2.094,destacamento
destello,3.6,2.141,destello
destierro,3.391,1.877,destierro
destilación,2.333,1.683,destilacion
destinar,1.96,1.306,destinar
destinatario,2.28,1.542,destinatario
destitución,2.667,1.713,destitucion
destituir,2.333,1.683,destituir
destructiva,3.8,1.915,destructiva
destructor,4.13,1.766,destructor
desuso,2.524,1.887,desuso
desvanecer,3.048,1.465,desvanecer
desvelar,2.48,2.002,desvelar
desventura,2.9,1.832,desventura
desviar,2.826,1.557,desviar
desvío,2.905,1.729,desvio
desvirtuar,3.0,1.451,desvirtuar
detallar,2.545,1.535,detallar
detección,3.85,2.231,deteccion
detectar,2.304,1.363,detectar
detective,1.792,1.062,detective
detector,1.667,1.197,detector
detención,2.318,1.644,detencion
detener,2.524,1.662,detener
detenimiento,2.15,1.565,detenimiento
determinación,3.364,1.761,determinacion
determinante,3.24,1.763,determinante
determinar,1.826,1.403,determinar
determinismo,2.136,1.283,determinismo
detestable,3.043,1.745,detestable
detonación,3.048,1.746,detonacion
detonante,3.5,2.14,detonante
detrás,3.52,2.124,detras
deudor,1.867,1.125,deudor
devaluación,2.375,1.813,devaluacion
devastación,2.318,1.585,devastacion
devastador,2.905,1.7,devastador
devenir,1.944,1.305,devenir
devoción,1.952,1.627,devocion
devolución,3.087,1.975,devolucion
devolver,2.286,1.554,devolver
devorar,4.05,2.089,devorar
día,3.52,2.163,dia
diabólica,3.773,1.85,diabolica
diábolo,2.0,1.342,diabolo
diácono,3.167,1.978,diacono
diafragma,2.684,2.029,diafragma
diagnosticar,3.0,1.756,diagnosticar
diagnóstico,2.048,1.717,diagnostico
diagonal,3.36,1.868,diagonal
diagrama,3.095,1.841,diagrama
dial,3.105,1.969,dial
dialéctica,2.684,1.493,dialectica
dialecto,3.4,1.915,dialecto
dialogar,3.435,2.273,dialogar
diálogo,3.6,2.082,dialogo
diámetro,3.24,1.739,diametro
diana,2.4,1.698,diana
diarrea,3.273,2.028,diarrea
dibujante,2.864,2.077,dibujante
dibujar,2.7,2.08,dibujar
dibujo,2.571,1.69,dibujo
dicción,2.1,1.021,diccion
diciembre,3.36,2.059,diciembre
dictado,2.88,1.787,dictado
dictamen,2.952,1.91,dictamen
dictaminar,2.364,1.706,dictaminar
dictar,2.609,1.672,dictar
dictatorial,2.682,2.033,dictatorial
didáctico,2.05,1.572,didactico
dientes,2.95,1.932,dientes
diéresis,3.5,2.246,dieresis
diésel,2.56,1.609,diesel
diestra,3.2,2.16,diestra
diestro,3.35,2.134,diestro
dietista,3.143,2.242,dietista
diezmo,2.1,1.619,diezmo
difamación,2.0,1.556,difamacion
diferenciación,2.917,1.954,diferenciacion
diferencial,2.739,1.864,diferencial
diferenciar,3.4,1.936,diferenciar
diferente,2.72,1.838,diferente
diferir,2.478,1.534,diferir
difícil,4.04,2.051,dificil
dificultoso,3.2,1.708,dificultoso
difundir,2.875,1.918,difundir
difunta,2.429,1.568,difunta
difusa,2.792,1.817,difusa
digerir,3.143,1.59,digerir
digestión,3.273,2.394,digestion
digestivo,3.0,1.633,digestivo
digital,4.12,2.166,digital
dilación,2.059,1.638,dilacion
dilatación,1.773,1.232,dilatacion
dilema,3.16,2.055,dilema
diligencia,2.286,1.347,diligencia
diligente,2.217,1.166,diligente
diluviar,3.476,1.569,diluviar
diluvio,3.667,1.713,diluvio
dimensión,3.0,1.773,dimension
dimisión,2.65,1.927,dimision
dimitir,2.522,1.534,dimitir
dinamismo,3.375,1.689,dinamismo
dinamita,2.84,1.951,dinamita
dinastía,3.0,1.803,dinastia
dinástica,2.7,1.976,dinastica
dinosaurio,3.44,2.142,dinosaurio
diocesano,3.133,1.807,diocesano
dióxido,2.72,1.882,dioxido
diplomacia,2.28,1.208,diplomacia
diplomático,1.143,0.359,diplomatico
diptongo,3.24,2.026,diptongo
diputación,1.792,1.382,diputacion
diputado,1.0,0.0,diputado
dique,1.5,0.905,dique
diques,1.357,0.842,diques
dirección,3.36,2.059,direccion
directiva,2.476,1.806,directiva
directivo,1.955,1.43,directivo
directo,2.15,1.496,directo
directorio,2.591,1.764,directorio
dirige,2.6,1.803,dirige
dirigencia,1.905,0.995,dirigencia
dirigente,3.35,2.207,dirigente
dirigir,3.0,1.818,dirigir
discapacidad,3.24,2.006,discapacidad
discernimiento,2.05,1.432,discernimiento
discernir,1.5,0.889,discernir
disciplina,2.045,1.397,disciplina
disciplinario,3.36,1.655,disciplinario
discípulo,1.7,1.261,discipulo
discóbolo,3.0,1.961,discobolo
discografía,3.13,1.984,discografia
discográfica,4.1,1.774,discografica
disconformidad,2.92,1.998,disconformidad
discontinuidad,3.316,2.187,discontinuidad
discordia,2.68,1.676,discordia
discoteca,3.208,2.064,discoteca
discreción,3.16,1.7,discrecion
discrecionalidad,2.565,2.019,discrecionalidad
discrepancia,2.143,1.59,discrepancia
discreta,2.667,1.56,discreta
discriminación,3.08,1.935,discriminacion
discriminar,3.2,1.915,discriminar
discriminatorio,3.28,2.264,discriminatorio
disculpa,2.542,1.615,disculpa
disculpar,2.55,2.038,disculpar
discurrir,2.636,1.59,discurrir
discursiva,2.524,1.327,discursiva
discurso,2.64,2.158,discurso
discutible,2.417,1.472,discutible
discutir,3.143,1.652,discutir
diseminación,2.556,1.504,diseminacion
diseñar,1.429,0.811,disenar
disfraz,2.16,1.818,disfraz
disfrute,3.0,1.976,disfrute
disfunción,3.0,1.856,disfuncion
disidente,1.067,0.258,disidente
disimular,2.625,1.837,disimular
disimulo,3.125,1.569,disimulo
disipación,2.8,1.871,disipacion
disipar,3.04,1.837,disipar
disminuir,2.667,1.685,disminuir
disociación,3.3,2.003,disociacion
disolución,3.045,1.618,disolucion
disolver,3.52,1.982,disolver
dispar,3.476,2.089,dispar
disparada,2.72,1.339,disparada
disparidad,2.286,1.678,disparidad
disparo,3.619,2.061,disparo
dispensa,1.905,1.221,dispensa
dispersa,3.545,2.041,dispersa
dispersar,3.36,1.705,dispersar
dispersión,3.0,1.958,dispersion
disponer,1.909,1.231,disponer
disponibilidad,2.909,2.114,disponibilidad
disponible,2.545,1.371,disponible
disposición,1.727,1.077,disposicion
dispositiva,1.5,1.1,dispositiva
dispositivo,2.905,1.841,dispositivo
disputar,3.783,2.044,disputar
disquera,2.333,1.455,disquera
distanciamiento,2.545,1.87,distanciamiento
distanciar,3.522,1.928,distanciar
distar,2.412,1.622,distar
distensión,3.0,1.892,distension
distinción,3.24,1.921,distincion
distinguir,2.44,1.734,distinguir
distintivo,2.762,1.814,distintivo
distinto,3.05,1.877,distinto
distorsionar,2.32,1.6,distorsionar
distracción,2.762,1.786,distraccion
distraer,2.68,1.93,distraer
distribución,3.045,1.618,distribucion
distribuidor,2.0,1.864,distribuidor
distribuir,2.72,1.542,distribuir
disuadir,2.5,1.606,disuadir
disuasión,1.35,0.587,disuasion
diurno,3.95,2.395,diurno
diván,2.294,1.687,divan
divergencia,2.091,1.477,divergencia
diversa,1.476,0.981,diversa
diversidad,3.04,2.051,diversidad
diversificación,3.28,2.151,diversificacion
diversificar,2.696,1.608,diversificar
dividendo,2.696,1.82,dividendo
dividir,3.375,1.789,dividir
divina,2.957,1.492,divina
divisa,2.294,1.649,divisa
divisar,2.773,1.478,divisar
divisoria,2.591,1.652,divisoria
divorciar,3.6,1.893,divorciar
divulgación,2.652,1.465,divulgacion
divulgar,2.591,1.403,divulgar
doblaje,2.76,2.047,doblaje
doblar,3.4,1.958,doblar
doble,2.955,1.864,doble
doblegar,2.7,2.055,doblegar
doblete,2.526,1.541,doblete
doblez,3.167,1.903,doblez
doblón,3.125,2.125,doblon
docena,2.261,1.602,docena
docencia,2.4,1.847,docencia
docente,2.227,1.631,docente
dócil,2.174,1.267,docil
docto,2.647,1.902,docto
doctorado,2.273,1.316,doctorado
doctoral,3.24,2.332,doctoral
doctorar,3.25,2.149,doctorar
doctrina,2.136,1.39,doctrina
doctrinal,4.208,2.0,doctrinal
documentación,2.818,2.085,documentacion
documental,2.783,2.131,documental
documentar,3.48,1.782,documentar
dogma,2.429,1.248,dogma
doler,2.095,1.546,doler
doliente,3.696,1.869,doliente
dolorida,2.8,1.399,dolorida
dolorosa,3.435,2.019,dolorosa
doloroso,2.571,1.777,doloroso
domador,1.95,1.538,domador
domar,2.417,1.692,domar
domesticación,2.545,1.503,domesticacion
domiciliario,2.455,1.711,domiciliario
domicilio,2.0,1.474,domicilio
dominación,3.76,2.223,dominacion
dominador,2.286,1.736,dominador
dominante,4.2,2.141,dominante
dominar,3.286,1.978,dominar
domingo,1.7,1.129,domingo
dominicano,2.19,1.692,dominicano
dominio,2.381,1.596,dominio
dominó,2.5,1.946,domino
domo,2.0,1.17,domo
don,2.76,1.715,don
dona,2.286,1.648,dona
donación,2.76,1.855,donacion
donada,2.318,1.673,donada
donado,2.12,1.092,donado
donante,2.227,1.572,donante
doncella,2.792,1.865,doncella
donde,2.87,1.938,donde
dónde,3.667,1.88,donde
dondequiera,3.429,2.461,dondequiera
doña,3.24,2.314,dona
dopaje,2.28,1.792,dopaje
doquier,2.12,1.536,doquier
dorado,2.182,1.651,dorado
dorsal,3.4,1.581,dorsal
dorso,2.5,1.504,dorso
dos,3.591,2.323,dos
dossier,2.92,1.778,dossier
dotación,2.304,1.845,dotacion
dotar,1.636,0.848,dotar
dote,2.583,1.717,dote
dragón,3.92,2.253,dragon
drama,2.7,2.25,drama
dramática,3.75,1.871,dramatica
dramaturgo,1.684,1.204,dramaturgo
drástica,2.727,1.667,drastica
drenaje,2.545,2.041,drenaje
droga,2.522,2.02,droga
drogata,3.625,2.242,drogata
dual,4.15,1.814,dual
dualidad,3.36,1.729,dualidad
dualismo,2.913,1.857,dualismo
ducado,2.048,1.244,ducado
dudoso,3.32,1.887,dudoso
duende,2.917,1.998,duende
dueña,2.227,1.343,duena
dueño,2.652,1.945,dueno
dueto,3.208,1.615,dueto
dulce,4.182,1.708,dulce
dulzaina,3.182,1.893,dulzaina
dulzura,3.429,1.69,dulzura
duna,3.16,1.951,duna
dúo,5.524,1.914,duo
duodécimo,2.429,1.72,duodecimo
dúplex,3.696,1.769,duplex
duplicación,4.143,1.769,duplicacion
duplicado,3.2,2.142,duplicado
duque,1.364,0.658,duque
duquesa,2.273,1.856,duquesa
dura,3.72,1.882,dura
durabilidad,2.72,1.948,durabilidad
duración,2.429,1.599,duracion
duradera,3.76,1.715,duradera
durar,2.6,1.472,durar
durmiente,2.429,1.805,durmiente
ébano,2.316,1.974,ebano
ébola,2.524,1.834,ebola
ebrio,2.455,1.654,ebrio
ebullición,4.0,2.255,ebullicion
ecléctico,3.412,2.265,eclectico
eclesiástica,2.625,2.039,eclesiastica
eclipse,3.76,2.127,eclipse
eclosión,4.095,1.947,eclosion
eco,5.16,2.055,eco
ecología,3.045,1.838,ecologia
ecológico,2.364,1.761,ecologico
economía,2.609,1.803,economia
económica,3.048,1.802,economica
económicas,3.238,2.189,economicas
económico,4.0,1.979,economico
economista,3.16,2.173,economista
economizar,2.05,1.538,economizar
ecosistema,3.04,1.695,ecosistema
ecuación,2.0,1.345,ecuacion
ecuador,2.952,1.962,ecuador
ecuatorial,2.591,1.623,ecuatorial
ecuatoriano,3.04,2.226,ecuatoriano
ecuestre,1.882,1.616,ecuestre
edad,1.75,1.152,edad
edicto,2.0,1.177,edicto
edificación,3.316,2.083,edificacion
edificante,2.455,1.92,edificante
edificar,2.5,1.683,edificar
editar,2.68,1.547,editar
editor,2.76,1.715,editor
editorial,2.0,1.794,editorial
educacional,2.2,1.361,educacional
educar,2.5,1.532,educar
educativo,3.92,1.913,educativo
efectiva,2.96,1.457,efectiva
efectuar,2.68,1.52,efectuar
efervescencia,4.0,2.121,efervescencia
eficacia,3.12,1.764,eficacia
eficaz,3.92,1.913,eficaz
eficiencia,2.88,1.9,eficiencia
eficiente,3.36,2.119,eficiente
efímero,3.0,1.936,efimero
efusión,3.056,1.924,efusion
egipcio,3.12,2.242,egipcio
ego,3.68,2.322,ego
eje,2.696,1.893,eje
ejecutiva,2.4,2.021,ejecutiva
ejecutor,1.952,1.117,ejecutor
ejercer,2.455,1.711,ejercer
ejercitar,3.368,2.006,ejercitar
elaboración,2.85,1.268,elaboracion
elaborar,2.6,1.708,elaborar
elasticidad,4.0,2.179,elasticidad
elección,1.571,1.165,eleccion
electo,3.0,2.0,electo
elector,2.5,1.588,elector
electorado,2.727,1.667,electorado
electoral,3.56,2.162,electoral
electricista,2.909,1.875,electricista
electrodo,2.957,1.846,electrodo
electromagnética,3.455,1.993,electromagnetica
electrón,2.92,1.801,electron
electrónica,3.857,2.056,electronica
electrónico,2.92,1.525,electronico
elegancia,4.16,1.772,elegancia
elegía,1.9,1.294,elegia
elemental,2.55,1.432,elemental
elenco,2.882,1.269,elenco
elevación,2.84,2.035,elevacion
elevar,3.0,1.694,elevar
elfo,2.682,2.102,elfo
eliminar,2.56,1.758,eliminar
eliminatoria,2.792,2.0,eliminatoria
elipse,3.667,2.099,elipse
elíptica,2.739,1.888,eliptica
elite,2.792,2.064,elite
élite,3.32,1.749,elite
elitista,3.238,1.921,elitista
elocuencia,3.429,1.63,elocuencia
elocuente,2.4,1.607,elocuente
elogiar,2.458,1.474,elogiar
eludir,2.286,1.521,eludir
emanación,1.889,1.605,emanacion
emanar,3.84,1.675,emanar
emancipación,2.045,1.759,emancipacion
embajador,1.818,1.296,embajador
embajadora,2.667,1.39,embajadora
embalaje,2.9,2.075,embalaje
embalse,3.045,1.864,embalse
embarcación,3.286,1.978,embarcacion
embarcadero,3.24,1.832,embarcadero
embarcar,3.818,2.239,embarcar
embarque,2.1,1.651,embarque
embestida,3.05,1.959,embestida
emblema,2.72,1.926,emblema
emblemático,3.8,2.041,emblematico
emboscada,3.591,1.764,emboscada
embriaguez,2.261,1.63,embriaguez
embrión,5.92,2.019,embrion
embrionario,2.696,1.769,embrionario
embudo,2.818,1.622,embudo
emergencia,3.92,2.139,emergencia
emergente,2.762,1.895,emergente
emerger,3.48,1.686,emerger
emérito,2.652,1.465,emerito
emigración,2.318,1.701,emigracion
emigrante,2.182,1.532,emigrante
emigrar,2.6,1.633,emigrar
eminencia,1.95,1.05,eminencia
eminente,2.0,1.686,eminente
emir,2.143,1.459,emir
emirato,2.45,1.791,emirato
emisario,2.292,1.922,emisario
emisión,2.625,1.408,emision
emisor,3.52,2.023,emisor
emisora,2.72,1.904,emisora
emitir,2.522,1.62,emitir
emocional,3.28,2.031,emocional
emocionante,1.909,1.601,emocionante
emotivo,3.2,1.852,emotivo
empalizada,1.833,1.339,empalizada
empalme,3.28,2.031,empalme
empaque,3.0,2.187,empaque
empate,3.318,1.615,empate
empatía,2.35,1.496,empatia
empeine,3.3,2.273,empeine
empeñar,2.826,1.696,empenar
empeño,3.76,2.087,empeno
empeoramiento,2.143,1.526,empeoramiento
empeorar,3.04,1.881,empeorar
empezar,2.92,1.998,empezar
empiece,1.857,1.276,empiece
empieza,1.571,1.121,empieza
empiezo,2.25,1.682,empiezo
empírica,3.042,1.944,empirica
empíricas,1.682,1.041,empiricas
empirismo,2.522,1.62,empirismo
emplazamiento,2.909,1.849,emplazamiento
emplazar,2.12,1.092,emplazar
emplea,2.64,1.68,emplea
empleada,2.591,1.869,empleada
empobrecimiento,2.8,1.881,empobrecimiento
empotrado,3.52,2.365,empotrado
emprendedor,2.2,1.152,emprendedor
emprender,1.9,1.021,emprender
empresarial,3.0,2.0,empresarial
empresariales,2.318,1.427,empresariales
empujar,3.696,1.82,empujar
empuje,4.1,1.997,empuje
empujón,3.625,2.123,empujon
empuñadura,2.773,1.771,empunadura
emulación,1.5,0.786,emulacion
emulador,2.4,1.682,emulador
emular,2.28,1.429,emular
enajenación,2.222,1.592,enajenacion
enana,3.684,2.162,enana
encabezado,3.44,2.162,encabezado
encabezar,3.12,2.048,encabezar
encadenamiento,3.88,1.833,encadenamiento
encajar,2.636,1.59,encajar
encaminar,3.92,1.801,encaminar
encantadora,3.16,1.993,encantadora
encantamiento,2.091,1.509,encantamiento
encarar,3.522,1.951,encarar
encarcelamiento,2.92,1.631,encarcelamiento
encarcelar,2.957,1.796,encarcelar
encarecimiento,3.0,1.612,encarecimiento
encargada,3.16,1.772,encargada
encargar,2.217,1.731,encargar
encargo,1.095,0.301,encargo
encargue,2.72,1.671,encargue
encarnación,2.227,1.66,encarnacion
encarnar,2.895,1.629,encarnar
encauzar,3.095,1.841,encauzar
encefalitis,3.1,2.15,encefalitis
encendedor,3.72,1.745,encendedor
encender,3.208,2.206,encender
encerrar,2.955,1.786,encerrar
encíclica,1.125,0.5,enciclica
enciclopedia,2.19,1.778,enciclopedia
encierro,1.762,1.609,encierro
encima,2.391,1.948,encima
encimera,1.818,1.368,encimera
encina,2.545,1.945,encina
enclave,2.263,1.79,enclave
enclenque,4.136,1.935,enclenque
encoger,3.625,1.884,encoger
encomendar,2.76,1.715,encomendar
encomendero,1.333,0.492,encomendero
encomienda,1.55,0.759,encomienda
encrucijada,3.737,1.79,encrucijada
encuadrar,3.55,2.139,encuadrar
encuadre,3.44,2.002,encuadre
encubierta,2.818,1.967,encubierta
encubrimiento,2.045,1.214,encubrimiento
encubrir,3.0,1.291,encubrir
encuesta,2.364,1.733,encuesta
endeble,3.261,1.764,endeble
endémica,2.409,1.333,endemica
enderezar,2.76,1.964,enderezar
endeudamiento,2.32,1.249,endeudamiento
endivia,1.471,1.231,endivia
endocrinología,2.158,1.834,endocrinologia
endurecimiento,2.409,1.436,endurecimiento
enebro,2.429,1.651,enebro
enemistad,3.333,1.906,enemistad
energética,3.316,1.945,energetica
energéticas,3.045,1.939,energeticas
enérgica,3.318,1.836,energica
energúmeno,2.5,1.433,energumeno
enero,1.292,0.464,enero
enfada,2.619,1.431,enfada
enfatizar,2.545,1.654,enfatizar
enferma,3.48,2.064,enferma
enfermería,3.478,1.951,enfermeria
enfermizo,4.2,1.989,enfermizo
enfisema,2.077,1.441,enfisema
enfocar,3.48,1.828,enfocar
enfoque,2.435,1.674,enfoque
enfrentamiento,3.095,2.143,enfrentamiento
enfrentar,3.2,2.016,enfrentar
enfrente,4.15,2.39,enfrente
enfriar,2.84,1.951,enfriar
engañosa,1.955,1.253,enganosa
engendrar,1.818,1.181,engendrar
englobar,3.957,2.121,englobar
engranaje,2.92,1.656,engranaje
enhorabuena,4.25,2.149,enhorabuena
enigmático,3.0,1.834,enigmatico
enjambre,3.52,2.064,enjambre
enjuiciamiento,2.0,1.376,enjuiciamiento
enjuiciar,2.478,1.473,enjuiciar
enlace,2.84,1.724,enlace
enlazar,3.083,1.692,enlazar
enmarcar,2.364,1.56,enmarcar
enmendar,2.6,1.903,enmendar
enojada,3.095,1.972,enojada
enojar,3.208,1.956,enojar
enorgullecer,3.222,2.184,enorgullecer
enorme,4.316,2.029,enorme
enredadera,3.417,2.104,enredadera
enredar,3.6,1.893,enredar
enriquecimiento,3.091,2.045,enriquecimiento
ensaladera,2.857,2.007,ensaladera
ensalzar,3.25,2.023,ensalzar
ensamblaje,2.0,1.237,ensamblaje
ensancha,3.211,2.016,ensancha
ensanche,1.625,1.204,ensanche
ensayar,1.762,1.375,ensayar
ensayista,2.083,1.316,ensayista
ensayo,1.84,1.375,ensayo
enseguida,2.455,1.792,enseguida
enseñanza,2.565,1.903,ensenanza
enseñar,2.44,1.981,ensenar
ensillar,2.417,1.53,ensillar
ensuciar,4.45,2.089,ensuciar
entablar,2.8,1.963,entablar
ente,2.65,1.785,ente
entendimiento,2.15,1.461,entendimiento
enterar,2.0,1.0,enterar
entereza,2.632,2.033,entereza
enterramiento,3.591,1.843,enterramiento
entidad,1.81,1.03,entidad
entonación,2.35,1.631,entonacion
entonces,2.24,1.715,entonces
entorpecer,2.64,1.705,entorpecer
entrabar,2.762,1.841,entrabar
entrada,2.714,1.901,entrada
entramado,2.727,2.004,entramado
entrante,2.318,1.836,entrante
entraña,2.81,1.601,entrana
entrañable,2.909,2.045,entranable
entrar,2.95,2.114,entrar
entreabierta,3.182,1.842,entreabierta
entreabrir,3.158,1.893,entreabrir
entrecejo,4.36,1.777,entrecejo
entredicho,2.476,1.537,entredicho
entregar,2.238,1.609,entregar
entrenador,2.72,2.072,entrenador
entrenamiento,3.24,1.832,entrenamiento
entrenar,3.08,1.498,entrenar
entreplanta,1.667,1.029,entreplanta
entresuelo,2.826,1.614,entresuelo
entretanto,3.1,1.832,entretanto
entretela,2.619,1.658,entretela
entretener,2.143,1.424,entretener
entretenimiento,2.9,1.861,entretenimiento
entrever,3.167,2.099,entrever
entrevista,1.571,0.811,entrevista
entrevistar,2.2,1.384,entrevistar
entristecer,2.7,2.003,entristecer
entrometer,2.56,1.917,entrometer
entropía,2.65,1.755,entropia
entusiasta,1.333,0.658,entusiasta
enumeración,3.44,1.609,enumeracion
enumerar,3.526,1.926,enumerar
enunciación,2.682,2.056,enunciacion
enunciado,3.217,2.152,enunciado
enunciar,3.0,2.0,enunciar
envasado,2.0,1.48,envasado
envase,2.55,1.191,envase
envejecer,3.4,1.984,envejecer
envejecimiento,3.174,1.969,envejecimiento
envenenamiento,2.19,1.662,envenenamiento
envergadura,2.091,1.509,envergadura
enviado,2.714,1.488,enviado
envidia,3.217,2.152,envidia
envidiable,2.826,1.749,envidiable
envidiar,2.44,1.758,envidiar
envidiosa,3.32,1.865,envidiosa
envío,3.15,1.599,envio
envoltorio,2.909,1.688,envoltorio
envoltura,3.19,1.965,envoltura
envolvente,4.0,1.907,envolvente
envolver,3.875,2.133,envolver
enzima,2.381,1.532,enzima
eólica,3.727,2.164,eolica
épica,3.72,2.189,epica
epicentro,3.292,2.136,epicentro
épico,3.0,1.976,epico
epidemia,2.571,1.72,epidemia
epígrafe,1.792,1.25,epigrafe
epilepsia,2.727,1.907,epilepsia
epílogo,2.143,1.682,epilogo
episcopado,2.348,1.465,episcopado
episcopal,2.048,1.687,episcopal
epistemología,2.625,1.837,epistemologia
epístola,2.136,1.521,epistola
epistolar,1.905,1.411,epistolar
epitafio,1.75,1.39,epitafio
epitelio,1.4,0.754,epitelio
epíteto,2.227,1.478,epiteto
epopeya,3.55,1.905,epopeya
equidad,2.739,1.815,equidad
equilibrar,3.72,1.792,equilibrar
equilibrio,3.238,1.814,equilibrio
equipaje,2.4,1.893,equipaje
equipamiento,2.76,1.964,equipamiento
equipar,2.727,1.804,equipar
equiparable,2.526,1.541,equiparable
equiparación,2.417,1.886,equiparacion
equiparar,1.85,1.461,equiparar
equipo,2.19,1.47,equipo
equitación,2.435,1.973,equitacion
equitativa,3.583,1.932,equitativa
equivalencia,2.727,1.778,equivalencia
equivalente,2.44,1.873,equivalente
equivaler,2.88,1.943,equivaler
equivocación,2.87,1.89,equivocacion
equivocar,2.32,1.52,equivocar
equívoco,2.84,1.625,equivoco
era,2.952,2.109,era
eras,2.227,1.541,eras
erguir,1.875,1.586,erguir
erigir,2.368,1.342,erigir
ermita,2.905,2.095,ermita
ermitaño,3.238,1.868,ermitano
ermitas,1.714,1.347,ermitas
erosión,4.667,1.949,erosion
erotismo,3.28,1.815,erotismo
erradicación,2.818,1.842,erradicacion
erradicar,4.2,1.683,erradicar
errante,2.2,1.609,errante
errar,3.0,1.718,errar
errónea,3.0,1.225,erronea
erudición,2.81,1.965,erudicion
erupción,3.409,2.282,erupcion
esbelta,4.042,1.853,esbelta
esbozo,2.522,1.592,esbozo
escalada,3.45,1.959,escalada
escalador,3.227,2.022,escalador
escalafón,2.5,1.732,escalafon
escalinata,3.28,1.86,escalinata
escalofriante,2.391,1.699,escalofriante
escalofrío,4.1,1.832,escalofrio
escalón,3.0,2.126,escalon
escalope,1.864,1.246,escalope
escamas,2.238,1.411,escamas
escandalizar,3.261,1.936,escandalizar
escandaloso,4.333,1.683,escandaloso
escandinava,2.0,1.643,escandinava
escaño,1.8,1.642,escano
escapar,3.261,1.815,escapar
escape,3.682,1.937,escape
escaramuza,2.188,1.559,escaramuza
escarcha,3.6,2.062,escarcha
escarmiento,2.913,1.535,escarmiento
escarola,2.571,1.434,escarola
escarpada,3.35,2.159,escarpada
escarpia,3.105,1.595,escarpia
escaso,3.44,2.103,escaso
escayola,1.75,1.118,escayola
escayolista,2.952,1.802,escayolista
escénica,2.84,1.573,escenica
escenografía,2.227,1.445,escenografia
escepticismo,3.48,1.711,escepticismo
escisión,2.526,1.577,escision
esclarecer,2.6,2.062,esclarecer
esclarecimiento,2.65,1.843,esclarecimiento
esclavista,2.333,1.653,esclavista
esclavitud,2.957,1.609,esclavitud
esclavo,2.429,1.63,esclavo
esclerosis,2.55,2.188,esclerosis
escocés,3.44,2.2,escoces
escocia,3.05,2.417,escocia
escoger,3.08,1.778,escoger
escolar,2.571,1.912,escolar
escolarización,2.48,1.828,escolarizacion
escoliosis,2.833,1.786,escoliosis
escollo,2.75,1.8,escollo
escolta,2.739,1.711,escolta
escondidas,2.292,1.459,escondidas
escondite,2.727,1.804,escondite
escondrijo,3.947,2.248,escondrijo
escotilla,2.85,1.814,escotilla
escriba,2.2,1.443,escriba
escribano,2.0,1.38,escribano
escribir,2.292,1.601,escribir
escrito,2.375,1.813,escrito
escritorio,2.708,1.805,escritorio
escritura,3.52,2.201,escritura
escrúpulo,3.333,2.266,escrupulo
escrupuloso,2.45,1.538,escrupuloso
escrutinio,1.562,1.315,escrutinio
escuadra,2.833,1.857,escuadra
escuadrón,3.44,1.66,escuadron
escuchar,2.75,1.997,escuchar
escucho,4.1,2.269,escucho
escudería,2.571,1.502,escuderia
escudero,2.0,1.449,escudero
escueto,2.091,1.716,escueto
escultórico,3.0,2.174,escultorico
escultura,3.25,2.245,escultura
escurreplatos,3.75,2.074,escurreplatos
escurreverduras,3.2,2.118,escurreverduras
escurridor,2.455,1.654,escurridor
esencia,3.3,1.949,esencia
esencial,2.773,1.445,esencial
esférica,1.286,0.561,esferica
esfinge,2.714,1.875,esfinge
esforzar,3.75,1.65,esforzar
esgrima,2.826,1.723,esgrima
esguince,2.48,1.735,esguince
eslabón,2.273,1.42,eslabon
eslavo,2.68,1.796,eslavo
eslovaco,2.417,2.041,eslovaco
eslovena,2.1,1.447,eslovena
esmalte,2.348,1.873,esmalte
esmeralda,2.625,1.861,esmeralda
esmero,1.909,1.306,esmero
esófago,2.591,1.764,esofago
esotérico,2.579,1.346,esoterico
espaciosa,3.04,1.947,espaciosa
espalda,2.238,1.786,espalda
español,3.68,2.268,espanol
española,4.0,2.291,espanola
esparcimiento,3.217,2.022,esparcimiento
espárrago,1.818,1.468,esparrago
esparto,2.5,1.539,esparto
espátula,3.391,2.083,espatula
especia,2.217,1.413,especia
especial,3.0,1.842,especial
especialidad,2.44,1.685,especialidad
especialista,1.524,1.123,especialista
especialización,2.783,2.131,especializacion
especializar,2.455,1.535,especializar
especie,2.348,1.641,especie
especificación,2.8,1.915,especificacion
especificar,3.0,1.924,especificar
especificidad,2.32,1.865,especificidad
específico,3.0,1.732,especifico
espécimen,3.84,1.886,especimen
espectacular,3.955,2.035,espectacular
espectáculo,2.522,1.806,espectaculo
espectador,1.857,1.315,espectador
espectral,4.417,2.02,espectral
espectro,2.708,1.805,espectro
especulación,2.533,2.167,especulacion
especular,2.88,1.922,especular
especulativa,3.167,2.14,especulativa
espejismo,4.286,1.521,espejismo
espejo,2.08,1.47,espejo
espera,2.522,1.473,espera
esperar,3.15,2.207,esperar
esperma,2.045,1.618,esperma
espesa,3.762,1.921,espesa
espesor,2.44,1.502,espesor
espesura,3.0,1.835,espesura
espetar,3.474,1.896,espetar
espía,3.421,1.981,espia
espiar,3.458,1.978,espiar
espiga,2.421,1.981,espiga
espín,2.909,1.7,espin
espinaca,2.2,1.658,espinaca
espinal,2.857,2.007,espinal
espino,2.789,1.988,espino
espinoso,3.474,1.577,espinoso
espionaje,3.333,2.244,espionaje
espiral,3.857,1.905,espiral
espiritual,3.24,2.026,espiritual
espiritualidad,2.273,1.778,espiritualidad
esplendor,4.16,2.173,esplendor
esponja,3.2,1.852,esponja
espontánea,3.44,2.162,espontanea
espontaneidad,1.429,1.121,espontaneidad
esporádica,2.905,1.814,esporadica
espumadera,3.12,2.223,espumadera
esquema,2.158,1.979,esquema
esquí,3.0,1.958,esqui
esquiador,2.273,1.609,esquiador
esquiar,2.0,1.258,esquiar
esquinera,3.125,1.849,esquinera
esquiva,3.667,1.736,esquiva
esquivar,2.85,1.843,esquivar
esquizofrenia,3.96,2.01,esquizofrenia
estabilización,3.304,1.663,estabilizacion
estabilizar,2.238,1.513,estabilizar
establecer,2.409,1.436,establecer
establecimiento,2.167,1.341,establecimiento
establo,2.8,2.082,establo
estaca,3.92,1.754,estaca
estacional,3.48,2.002,estacional
estacionamiento,2.55,1.731,estacionamiento
estadio,2.76,1.615,estadio
estadista,2.227,1.824,estadista
estadística,2.409,1.593,estadistica
estadounidense,2.545,2.176,estadounidense
estafar,3.12,1.716,estafar
estalactitas,3.913,1.857,estalactitas
estalagmitas,3.048,2.037,estalagmitas
estalinismo,2.211,1.437,estalinismo
estalinista,3.87,2.074,estalinista
estamento,2.429,1.207,estamento
estampa,2.84,1.818,estampa
están,2.88,1.922,estan
estancamiento,2.636,1.706,estancamiento
estancia,2.238,1.221,estancia
estancias,2.6,1.501,estancias
estándar,2.45,1.669,estandar
estandarización,2.56,1.635,estandarizacion
estandarte,3.16,1.93,estandarte
estanque,3.105,1.997,estanque
estanquero,2.15,1.872,estanquero
estante,2.375,1.637,estante
estaño,2.636,1.733,estano
estar,3.28,1.86,estar
estatal,2.174,1.825,estatal
estática,3.36,1.997,estatica
estatuilla,3.4,1.848,estatuilla
estatura,2.143,1.315,estatura
estatutaria,2.4,1.92,estatutaria
estatuto,2.7,1.38,estatuto
estela,3.0,1.414,estela
estelar,3.6,2.121,estelar
estepa,2.05,1.468,estepa
éster,1.714,1.139,ester
estéreo,4.0,2.2,estereo
estereotipo,2.773,1.85,estereotipo
estéril,2.045,1.174,esteril
estética,2.44,1.828,estetica
esteticién,2.64,1.551,esteticien
esteticista,3.286,2.028,esteticista
estético,2.182,1.368,estetico
estigma,2.87,1.576,estigma
estilística,2.895,1.595,estilistica
estima,1.81,1.289,estima
estimación,2.818,2.085,estimacion
estimar,2.0,1.19,estimar
estimulante,3.48,1.96,estimulante
estimular,2.571,1.777,estimular
estío,2.75,1.653,estio
estipular,2.44,1.446,estipular
estira,2.048,1.499,estira
estirar,1.864,1.457,estirar
estirpe,2.565,1.502,estirpe
estival,2.368,1.707,estival
esto,3.7,2.296,esto
ésto,2.92,2.159,esto
estocada,3.0,1.806,estocada
estonio,2.318,1.46,estonio
estorbar,3.083,1.767,estorbar
estorbo,3.96,2.189,estorbo
estornino,2.438,1.931,estornino
estrado,1.1,0.308,estrado
estragar,2.053,1.353,estragar
estrago,2.36,1.469,estrago
estragón,3.556,2.281,estragon
estratagema,3.76,1.615,estratagema
estratega,2.783,2.173,estratega
estrategia,3.125,2.173,estrategia
estratégica,2.04,1.513,estrategica
estrato,2.889,1.811,estrato
estrecha,2.9,1.619,estrecha
estrechar,3.727,2.028,estrechar
estrechez,4.0,1.958,estrechez
estrellar,2.591,1.968,estrellar
estrellato,3.421,2.09,estrellato
estremecer,2.619,1.884,estremecer
estremecimiento,2.714,2.004,estremecimiento
estrena,2.375,1.637,estrena
estrenar,2.0,1.532,estrenar
estreno,1.524,1.078,estreno
estrépito,3.522,1.504,estrepito
estribar,2.45,1.82,estribar
estribillo,2.96,1.594,estribillo
estribo,2.556,1.917,estribo
estribor,2.16,1.491,estribor
estridente,2.5,1.504,estridente
estrofa,3.64,2.139,estrofa
estroncio,2.792,2.0,estroncio
estructura,3.12,1.943,estructura
estructuración,2.85,1.755,estructuracion
estructural,3.08,1.656,estructural
estructurar,2.304,1.69,estructurar
estruendo,4.125,1.941,estruendo
estuario,2.818,2.183,estuario
estudiante,4.36,2.059,estudiante
estudiantil,3.136,2.1,estudiantil
estudio,2.3,1.559,estudio
estupefacto,3.182,2.062,estupefacto
estupendo,3.2,1.633,estupendo
estúpida,2.696,1.55,estupida
estupidez,2.0,1.342,estupidez
estúpido,4.12,1.878,estupido
estupor,2.944,1.589,estupor
esturión,2.792,1.956,esturion
eta,2.381,1.802,eta
etano,1.85,1.268,etano
etanol,3.375,2.06,etanol
etapa,2.435,1.472,etapa
etarra,2.588,1.77,etarra
éter,2.087,1.564,eter
eterno,2.783,1.93,eterno
etimología,2.958,1.899,etimologia
etimológico,3.2,1.893,etimologico
etiología,2.238,1.814,etiologia
etíope,2.5,1.921,etiope
etiquetado,3.8,2.198,etiquetado
etiquetas,3.16,1.795,etiquetas
etnia,1.826,1.466,etnia
étnica,3.095,1.814,etnica
etnografía,2.35,1.089,etnografia
etología,2.524,1.569,etologia
eucalipto,2.652,2.187,eucalipto
eucaristía,2.0,1.541,eucaristia
eufemismo,2.478,1.951,eufemismo
euro,2.429,2.135,euro
eurodiputado,1.818,1.181,eurodiputado
europea,1.9,1.41,europea
euskera,3.174,2.229,euskera
eutanasia,2.56,2.002,eutanasia
evacuación,2.6,1.607,evacuacion
evacuar,2.65,1.981,evacuar
evadir,2.32,1.796,evadir
evaluación,3.08,2.1,evaluacion
evaluar,1.727,1.386,evaluar
evangélica,3.92,1.998,evangelica
evangelio,2.045,1.588,evangelio
evangelización,3.048,1.987,evangelizacion
evaporación,3.455,1.792,evaporacion
evaporar,3.6,2.345,evaporar
evasión,2.9,1.373,evasion
evento,2.368,1.832,evento
eventual,2.64,1.551,eventual
eventualidad,3.125,1.825,eventualidad
evidencia,2.591,1.869,evidencia
evidenciar,3.28,1.671,evidenciar
evidente,2.227,1.541,evidente
evitar,2.391,1.5,evitar
evocación,1.8,1.196,evocacion
evocar,2.16,1.546,evocar
evolucionar,3.5,1.655,evolucionar
evolutivo,1.238,0.768,evolutivo
exacta,4.52,1.982,exacta
exactas,2.65,1.954,exactas
exactitud,2.318,1.729,exactitud
exageración,2.696,1.69,exageracion
exaltación,4.6,2.141,exaltacion
exaltar,3.0,1.934,exaltar
examen,3.08,1.935,examen
examinando,3.76,1.832,examinando
examinar,2.6,1.528,examinar
excarcelación,2.455,1.87,excarcelacion
excavación,4.348,2.269,excavacion
excavadora,4.478,2.447,excavadora
excavar,3.222,1.833,excavar
excedente,3.091,1.974,excedente
exceder,3.381,1.884,exceder
excelente,4.455,1.993,excelente
excentricidad,3.333,1.847,excentricidad
excéntrico,3.409,1.919,excentrico
excepción,3.16,1.993,excepcion
excepcional,2.762,1.998,excepcional
excesiva,3.167,1.926,excesiva
excitación,3.833,2.18,excitacion
excitante,2.864,1.726,excitante
exclamación,3.826,2.188,exclamacion
exclamar,4.08,1.801,exclamar
excluir,2.619,1.962,excluir
exclusiva,2.783,1.882,exclusiva
exclusividad,4.409,1.764,exclusividad
exclusivo,2.92,1.73,exclusivo
excluyente,3.6,1.826,excluyente
excomunión,2.619,1.284,excomunion
excusar,3.083,1.932,excusar
exención,2.24,1.508,exencion
exhaustiva,3.55,2.188,exhaustiva
exhausto,3.524,2.159,exhausto
exhibicionismo,3.273,1.638,exhibicionismo
exhibir,3.12,1.856,exhibir
exhortar,3.0,1.862,exhortar
exigente,3.381,1.774,exigente
exigir,3.667,2.334,exigir
exiliar,3.136,1.959,exiliar
eximir,2.9,1.774,eximir
existencia,2.96,1.904,existencia
existencial,4.333,2.008,existencial
existencialismo,3.125,2.112,existencialismo
existente,2.409,1.501,existente
existir,2.56,2.043,existir
exitosa,3.474,1.926,exitosa
éxodo,2.059,1.478,exodo
exótico,4.409,1.943,exotico
expandir,3.619,2.037,expandir
expansión,4.522,1.974,expansion
expansiva,4.565,1.779,expansiva
expectación,4.0,1.848,expectacion
expectante,3.5,1.934,expectante
expectativa,2.524,1.806,expectativa
expedición,3.0,2.256,expedicion
expediente,2.381,1.532,expediente
expedir,1.529,0.943,expedir
experiencia,2.96,1.859,experiencia
experimentación,2.571,1.568,experimentacion
experimentar,2.8,1.5,experimentar
experimento,2.28,1.458,experimento
experta,3.56,2.256,experta
experto,2.85,1.981,experto
expiación,3.25,1.824,expiacion
expiatorio,2.35,1.496,expiatorio
expirar,4.1,2.125,expirar
explanada,3.16,1.7,explanada
explicación,1.476,1.03,explicacion
explícita,1.957,1.637,explicita
exploración,2.75,2.09,exploracion
explorador,3.56,2.142,explorador
explorar,4.16,1.841,explorar
explosivos,5.182,1.435,explosivos
explotar,4.64,1.729,explotar
exponencial,3.15,2.277,exponencial
exponente,2.2,1.508,exponente
exponer,2.64,1.997,exponer
exportación,3.92,1.998,exportacion
exportador,3.24,1.715,exportador
exportar,2.87,1.714,exportar
exposición,3.696,2.055,exposicion
expresión,3.92,1.913,expresion
expresionismo,4.65,2.183,expresionismo
expresionista,3.96,1.968,expresionista
expresiva,4.95,1.986,expresiva
expresividad,4.4,1.683,expresividad
expreso,4.04,2.208,expreso
exprimidor,4.4,1.803,exprimidor
exprimir,3.72,1.815,exprimir
expropiación,3.042,2.136,expropiacion
expulsa,3.238,1.895,expulsa
expulsar,4.667,2.014,expulsar
expulsión,3.0,2.351,expulsion
extender,3.273,1.98,extender
extensa,3.455,2.041,extensa
extensible,3.952,1.91,extensible
extensión,4.0,1.69,extension
extensiva,3.08,1.656,extensiva
exterminio,3.13,1.792,exterminio
externo,3.043,2.056,externo
extinguir,3.25,1.726,extinguir
extinta,2.429,1.72,extinta
extorsión,2.818,1.622,extorsion
extorsionar,4.1,2.269,extorsionar
extra,4.36,2.464,extra
extracción,4.96,1.695,extraccion
extractar,2.286,1.384,extractar
extracto,2.429,1.599,extracto
extradición,3.091,2.045,extradicion
extraer,1.81,1.123,extraer
extranjera,3.609,2.445,extranjera
extranjería,2.905,1.972,extranjeria
extranjero,1.909,1.192,extranjero
extrañar,2.571,1.502,extranar
extraño,4.227,1.66,extrano
extravagancia,3.64,1.823,extravagancia
extravagante,2.75,1.713,extravagante
extravío,3.417,1.932,extravio
extrema,3.182,2.085,extrema
extremeño,2.333,1.736,extremeno
extremidades,4.476,2.228,extremidades
extremismo,4.2,2.262,extremismo
extremista,4.32,1.994,extremista
extremo,4.72,1.969,extremo
exuberante,3.92,2.197,exuberante
eyaculación,3.6,2.021,eyaculacion
fa,3.5,2.338,fa
fabricación,2.095,1.578,fabricacion
fabricante,2.28,1.542,fabricante
fabricar,2.143,1.315,fabricar
fábula,2.88,1.536,fabula
fabulista,2.36,1.604,fabulista
fabuloso,3.81,1.778,fabuloso
facción,2.048,1.658,faccion
faceta,1.714,0.956,faceta
facha,3.04,1.968,facha
fachada,2.72,1.671,fachada
facial,4.05,2.282,facial
facilitación,1.571,0.978,facilitacion
facilitar,2.238,1.758,facilitar
factible,2.88,1.965,factible
facto,1.5,1.092,facto
factor,2.8,1.384,factor
factoría,3.625,1.765,factoria
factura,2.0,1.556,factura
facturación,2.12,1.616,facturacion
faena,1.474,0.772,faena
fagot,3.619,2.037,fagot
falacia,2.833,2.036,falacia
falange,2.0,1.243,falange
falaz,3.765,1.985,falaz
falla,2.913,1.807,falla
fallar,2.045,1.09,fallar
fallecimiento,2.708,1.781,fallecimiento
fallido,3.76,1.832,fallido
fallo,2.391,1.699,fallo
falo,3.048,2.037,falo
falsedad,3.16,1.908,falsedad
falsificación,3.6,2.082,falsificacion
falta,2.143,1.276,falta
faltar,2.261,1.484,faltar
falto,2.737,1.661,falto
familiaridad,3.375,1.907,familiaridad
fan,4.08,2.29,fan
fanático,3.333,1.56,fanatico
fanatismo,1.955,1.495,fanatismo
fandango,3.6,1.957,fandango
fanfarrear,3.278,1.708,fanfarrear
fango,3.0,1.291,fango
fantasmal,3.762,1.786,fantasmal
fantástica,2.864,1.552,fantastica
fantoche,3.368,2.006,fantoche
faraón,3.238,2.166,faraon
fardo,2.0,1.301,fardo
faringitis,3.095,1.947,faringitis
farmacéutico,3.0,1.979,farmaceutico
farmacia,3.217,2.215,farmacia
fármaco,2.304,1.579,farmaco
farmacología,3.84,2.055,farmacologia
fascículo,1.92,1.441,fasciculo
fascismo,2.095,1.758,fascismo
fascista,3.286,1.901,fascista
fastidio,2.136,1.49,fastidio
fatal,3.0,1.927,fatal
fatídico,2.526,1.645,fatidico
fatiga,3.636,2.06,fatiga
fauna,3.36,2.018,fauna
fausto,3.25,2.266,fausto
favela,1.429,1.089,favela
favorable,3.0,2.121,favorable
favorecer,3.095,1.578,favorecer
favorita,2.571,1.248,favorita
febrero,1.875,1.484,febrero
febril,3.417,1.64,febril
fecunda,2.6,1.708,fecunda
fecundación,3.13,2.029,fecundacion
fecundidad,1.143,0.655,fecundidad
federación,2.217,1.65,federacion
federal,2.88,2.027,federal
federalismo,2.211,1.548,federalismo
federalista,2.056,1.697,federalista
feldespato,1.75,1.517,feldespato
felicitación,2.65,1.565,felicitacion
felpa,2.067,1.28,felpa
femenino,3.8,2.363,femenino
feminismo,3.96,2.458,feminismo
feminista,2.875,1.849,feminista
fémur,2.095,1.546,femur
fenomenal,4.44,2.162,fenomenal
fenómeno,1.955,1.29,fenomeno
fenomenología,3.238,1.921,fenomenologia
feo,3.35,2.084,feo
féretro,2.316,1.6,feretro
feria,2.1,1.683,feria
ferial,2.8,2.082,ferial
fermentación,3.44,1.917,fermentacion
ferocidad,4.083,2.062,ferocidad
feroz,4.1,1.804,feroz
férrea,3.136,1.833,ferrea
ferroviario,4.24,2.026,ferroviario
ferry,3.08,2.159,ferry
fértil,2.88,2.068,fertil
fertilidad,2.667,1.711,fertilidad
ferviente,4.4,1.708,ferviente
fervor,2.111,1.367,fervor
festejo,3.208,1.769,festejo
festín,3.4,2.01,festin
festival,3.524,1.601,festival
festividad,3.7,1.895,festividad
fetiche,1.789,0.976,fetiche
fetichismo,2.87,1.74,fetichismo
feto,2.8,2.082,feto
feudal,3.286,1.848,feudal
feudalismo,2.625,1.789,feudalismo
feudo,2.684,2.382,feudo
fía,1.818,1.468,fia
fiabilidad,1.857,1.014,fiabilidad
fiable,3.0,1.979,fiable
fianza,2.091,1.509,fianza
fiar,2.708,1.601,fiar
fiasco,3.955,2.149,fiasco
fibra,2.619,1.596,fibra
fibromialgia,2.6,1.957,fibromialgia
ficción,3.32,1.994,ficcion
ficha,3.087,2.087,ficha
fichaje,3.32,1.909,fichaje
fichar,2.64,1.524,fichar
fichas,3.56,1.446,fichas
fichero,2.28,1.429,fichero
ficticio,3.16,1.675,ficticio
fidelidad,3.6,2.179,fidelidad
fieltro,2.35,1.348,fieltro
fiera,2.591,2.108,fiera
fiereza,3.682,1.836,fiereza
figuración,2.45,1.356,figuracion
fija,3.64,1.823,fija
fijación,3.0,1.958,fijacion
fijar,2.92,2.019,fijar
fijeza,2.5,1.504,fijeza
fila,3.16,2.357,fila
filiación,1.952,1.359,filiacion
filial,2.48,1.61,filial
filipino,2.545,1.738,filipino
film,3.348,2.479,film
filmación,1.524,1.209,filmacion
filmar,3.571,2.063,filmar
filme,3.48,1.917,filme
filmografía,2.8,1.609,filmografia
filo,3.429,2.014,filo
filogenia,2.0,1.376,filogenia
filología,2.56,1.734,filologia
filólogo,2.708,1.899,filologo
filosofal,3.083,2.225,filosofal
filosofar,2.708,1.805,filosofar
filosófica,3.182,1.816,filosofica
filosóficas,2.619,1.596,filosoficas
filósofo,2.182,1.736,filosofo
filtración,2.304,1.743,filtracion
filtrado,2.44,1.474,filtrado
filtrar,2.857,1.59,filtrar
filtro,2.917,1.909,filtro
fimosis,2.5,1.683,fimosis
fin,5.35,2.207,fin
fina,4.04,1.859,fina
finado,2.5,2.16,finado
final,4.7,2.386,final
finalidad,2.818,1.816,finalidad
finalista,3.727,2.208,finalista
finalización,2.682,1.783,finalizacion
finalizar,3.2,2.238,finalizar
financiación,2.682,1.756,financiacion
financiamiento,3.16,1.908,financiamiento
financiar,2.44,1.85,financiar
financiera,1.81,1.289,financiera
finca,2.318,1.701,finca
fineza,2.556,1.199,fineza
fingir,2.562,1.632,fingir
finito,3.143,1.824,finito
finlandés,2.591,2.153,finlandes
finlandesa,3.4,2.0,finlandesa
finura,3.5,1.906,finura
fiordo,2.952,1.717,fiordo
firmante,2.84,1.795,firmante
firmar,3.083,1.932,firmar
firmeza,3.0,1.789,firmeza
fiscal,2.24,1.763,fiscal
fiscalía,2.6,1.93,fiscalia
fiscalidad,2.65,1.663,fiscalidad
fiscalización,2.1,1.447,fiscalizacion
fisco,2.625,1.857,fisco
física,1.773,1.066,fisica
físico,2.917,1.816,fisico
fisiología,2.227,1.343,fisiologia
fisiológico,2.045,1.588,fisiologico
fisión,2.286,1.069,fision
fisioterapeuta,3.7,2.227,fisioterapeuta
fisioterapia,2.636,1.866,fisioterapia
fisonomía,2.391,1.588,fisonomia
fisura,4.16,1.93,fisura
flaco,3.5,2.087,flaco
flacura,2.909,1.659,flacura
flagelo,3.708,2.074,flagelo
flagrante,1.895,0.875,flagrante
flamante,4.125,1.65,flamante
flamenca,2.381,1.857,flamenca
flanco,2.643,1.598,flanco
flaqueza,2.957,1.745,flaqueza
flash,6.136,1.283,flash
flauta,4.2,1.881,flauta
flautín,4.409,1.764,flautin
flexibilidad,4.043,2.184,flexibilidad
flexibilización,2.75,1.482,flexibilizacion
flexibilizar,2.833,1.81,flexibilizar
flexión,4.4,1.936,flexion
flojo,3.286,2.148,flojo
flora,3.609,2.017,flora
floración,3.35,1.899,floracion
floral,3.45,2.139,floral
floreciente,2.7,1.658,floreciente
florecimiento,3.619,1.83,florecimiento
florentino,2.75,2.05,florentino
flores,2.952,2.061,flores
floresta,2.9,1.651,floresta
florete,2.739,2.115,florete
florida,4.08,1.913,florida
florista,2.88,2.068,florista
flotación,3.4,1.903,flotacion
flotar,3.15,1.663,flotar
flote,3.6,2.121,flote
flotilla,2.882,1.799,flotilla
fluctuación,4.0,1.978,fluctuacion
fluidez,4.955,1.397,fluidez
fluido,2.217,1.445,fluido
fluir,4.0,1.826,fluir
flujo,3.32,1.626,flujo
flúor,2.591,1.943,fluor
fluvial,4.4,1.667,fluvial
fobia,2.5,1.277,fobia
focal,3.091,2.022,focal
fogata,3.652,1.921,fogata
fogón,3.652,1.968,fogon
fogoso,3.381,2.109,fogoso
folclore,3.273,1.609,folclore
folclórica,2.381,1.658,folclorica
folclórico,3.045,1.647,folclorico
folios,2.684,1.635,folios
folk,4.278,2.164,folk
follador,2.273,1.316,follador
follaje,3.304,1.917,follaje
follar,1.571,1.121,follar
fomentar,3.333,1.592,fomentar
fomento,1.95,1.849,fomento
fonda,2.158,1.537,fonda
fondo,4.0,1.803,fondo
fonema,2.762,1.786,fonema
foral,2.455,1.969,foral
forense,2.727,2.028,forense
forja,3.36,1.823,forja
forjar,3.0,1.155,forjar
formación,2.45,1.356,formacion
formalidad,2.667,1.742,formalidad
formalismo,1.667,1.197,formalismo
formalización,1.619,1.117,formalizacion
formalizar,2.143,1.59,formalizar
formar,2.4,1.667,formar
formativo,1.955,1.046,formativo
formato,2.84,2.135,formato
formidable,2.857,1.852,formidable
fórmula,2.0,1.447,formula
formulación,2.458,1.615,formulacion
formular,2.238,1.446,formular
formulario,2.478,1.675,formulario
fornido,3.696,2.055,fornido
foro,2.542,1.641,foro
forraje,3.19,1.47,forraje
forro,3.8,1.979,forro
fortalecer,3.917,1.586,fortalecer
fortalecimiento,3.952,1.83,fortalecimiento
fortificación,4.16,2.427,fortificacion
forzar,3.88,2.048,forzar
forzosa,4.333,2.033,forzosa
fosa,3.1,1.518,fosa
fosfato,2.455,2.041,fosfato
fosforito,4.12,2.147,fosforito
fósforo,3.4,2.273,fosforo
fósil,3.16,2.014,fosil
fósiles,2.182,1.368,fosiles
foso,2.955,1.914,foso
foto,3.609,2.35,foto
fotocopia,3.286,1.793,fotocopia
fotocopias,4.16,2.075,fotocopias
fotografiar,3.667,2.033,fotografiar
fotográfica,2.609,1.438,fotografica
fotón,3.722,2.191,foton
frac,3.556,2.148,frac
fracasar,1.667,1.065,fracasar
fractura,3.905,2.047,fractura
fragata,2.316,1.376,fragata
frágil,3.696,2.344,fragil
fragmentación,3.792,1.865,fragmentacion
fragmento,2.88,2.027,fragmento
fragor,2.812,2.007,fragor
fragua,2.429,1.63,fragua
fraile,1.65,0.875,fraile
frailes,2.348,1.613,frailes
frambuesa,2.261,1.602,frambuesa
francés,3.12,2.205,frances
francesitas,2.84,1.818,francesitas
francio,1.5,0.857,francio
franciscano,2.64,1.912,franciscano
franco,3.857,2.197,franco
francotirador,4.72,1.948,francotirador
franela,2.176,1.468,franela
franja,1.619,0.921,franja
franquear,2.478,1.729,franquear
franqueza,2.429,1.832,franqueza
franquicia,2.81,2.04,franquicia
franquismo,2.455,1.765,franquismo
franquista,2.571,2.014,franquista
frasco,2.875,1.727,frasco
fraternal,2.92,1.706,fraternal
fraudulenta,2.955,1.812,fraudulenta
fray,1.5,0.837,fray
frecuencia,2.458,1.956,frecuencia
frecuentar,3.65,2.084,frecuentar
frecuente,2.136,1.91,frecuente
fregadero,2.96,1.837,fregadero
freidora,4.087,1.857,freidora
fréjoles,3.053,2.013,frejoles
frenado,2.952,1.627,frenado
frenar,3.545,2.241,frenar
frenesí,3.739,2.094,frenesi
frenético,3.696,1.964,frenetico
freno,3.12,1.691,freno
frente,3.0,1.915,frente
fresa,3.0,1.949,fresa
fresas,1.381,0.74,fresas
frescura,5.2,1.581,frescura
fresno,1.929,1.207,fresno
fresón,4.714,2.217,freson
fría,3.48,1.96,fria
fricción,3.545,1.765,friccion
frijol,2.476,1.601,frijol
frivolidad,3.217,1.858,frivolidad
frívolo,3.913,1.832,frivolo
frondosa,4.292,1.732,frondosa
frontal,4.65,2.134,frontal
frontenis,2.714,1.707,frontenis
frontera,3.261,1.711,frontera
fronteriza,3.333,2.058,fronteriza
frontón,3.476,1.887,fronton
fructífera,2.68,1.725,fructifera
frufrú,6.429,1.399,frufru
fruncir,2.318,1.887,fruncir
frustrante,3.435,2.019,frustrante
frustrar,3.28,1.514,frustrar
fruta,2.0,1.556,fruta
frutales,3.28,1.99,frutales
frutero,3.52,2.257,frutero
fucsia,2.0,1.686,fucsia
fuel,3.059,2.193,fuel
fuelle,2.913,2.275,fuelle
fuente,2.524,1.721,fuente
fuera,3.72,2.011,fuera
fuere,2.12,1.333,fuere
fuero,2.75,1.888,fuero
fuga,4.25,2.049,fuga
fugarse,3.28,1.838,fugarse
fugaz,3.905,1.947,fugaz
fulana,2.19,1.436,fulana
fulano,1.913,1.505,fulano
fular,2.211,1.512,fular
fulgor,3.091,2.114,fulgor
fulminante,3.3,1.895,fulminante
fuma,4.2,2.466,fuma
fumar,2.8,1.881,fumar
funcional,2.619,1.359,funcional
funcionalidad,2.333,1.551,funcionalidad
funcionamiento,3.0,1.936,funcionamiento
funcionar,3.2,1.826,funcionar
funcionaria,2.95,1.605,funcionaria
funcionario,1.696,1.329,funcionario
funda,3.1,1.917,funda
fundación,1.19,0.512,fundacion
fundacional,3.56,1.96,fundacional
fundador,2.28,1.671,fundador
fundadora,2.947,1.84,fundadora
fundamentación,2.652,1.774,fundamentacion
fundamental,1.905,1.375,fundamental
fundamentalismo,2.36,1.44,fundamentalismo
fundamentalista,2.25,1.189,fundamentalista
fundamentar,2.84,1.93,fundamentar
fundamento,2.25,1.86,fundamento
fundar,3.053,1.87,fundar
fundición,2.708,1.989,fundicion
fundir,3.4,1.569,fundir
fúnebre,3.4,1.893,funebre
funerario,3.55,2.328,funerario
funesto,2.905,2.047,funesto
fungir,2.381,1.627,fungir
furcia,3.478,2.333,furcia
furgón,3.92,1.935,furgon
furioso,4.0,2.082,furioso
furor,3.542,1.587,furor
furtiva,3.333,1.949,furtiva
fuselaje,3.12,2.108,fuselaje
fusilamiento,4.087,2.172,fusilamiento
fusionar,4.32,1.749,fusionar
futbito,3.929,2.495,futbito
futbolín,3.28,2.17,futbolin
futbolística,3.522,1.951,futbolistica
futura,3.68,1.842,futura
futurista,2.636,1.62,futurista
gabinete,1.286,0.784,gabinete
gaditana,2.85,1.843,gaditana
gafotas,4.2,2.121,gafotas
gaita,2.92,1.801,gaita
gala,2.4,1.803,gala
galáctico,3.783,2.315,galactico
galán,3.75,2.074,galan
galante,2.19,1.401,galante
galantería,2.0,1.272,galanteria
galaxia,3.88,2.068,galaxia
galeón,3.0,1.795,galeon
galera,1.619,1.203,galera
galería,2.227,1.541,galeria
galés,3.04,2.01,gales
gallardo,3.133,2.232,gallardo
gallego,3.773,2.429,gallego
galleta,1.87,1.29,galleta
gallinero,3.5,1.845,gallinero
gallo,3.0,1.897,gallo
galo,2.533,2.031,galo
galope,4.3,1.922,galope
gama,2.045,1.704,gama
gambas,2.583,1.886,gambas
gamma,2.667,1.932,gamma
ganadera,2.042,1.574,ganadera
ganadería,2.583,1.998,ganaderia
ganadero,2.429,1.502,ganadero
ganancia,2.571,1.66,ganancia
ganchillo,3.952,1.857,ganchillo
gancho,3.44,2.103,gancho
gandul,2.857,1.769,gandul
gangoso,2.88,2.007,gangoso
ganguear,3.083,2.466,ganguear
gañán,2.947,1.9,ganan
garaje,2.455,1.969,garaje
garantía,2.25,1.773,garantia
garantizar,3.4,2.082,garantizar
garbanzos,2.091,1.601,garbanzos
gardenia,2.045,1.495,gardenia
gargajo,3.75,2.049,gargajo
garganta,5.28,2.092,garganta
gárgara,3.636,1.989,gargara
garra,5.375,1.663,garra
garzón,1.786,1.051,garzon
gas,4.609,1.948,gas
gasa,3.0,2.167,gasa
gaseosa,4.76,2.047,gaseosa
gaseoso,4.48,1.851,gaseoso
gasoducto,3.5,2.033,gasoducto
gasoil,1.952,1.203,gasoil
gasóleo,3.52,1.782,gasoleo
gasolina,2.571,1.63,gasolina
gasolinera,2.19,1.721,gasolinera
gasolinero,2.68,2.076,gasolinero
gasta,2.667,1.932,gasta
gastar,2.875,1.541,gastar
gastritis,3.391,2.369,gastritis
gastroenteritis,2.091,1.444,gastroenteritis
gastronomía,2.833,1.971,gastronomia
gastronómico,2.6,1.633,gastronomico
gata,2.136,1.781,gata
gatillo,3.92,2.159,gatillo
gaucho,2.833,1.654,gaucho
gavilán,2.826,1.557,gavilan
gay,3.16,2.444,gay
gazpacho,1.857,1.195,gazpacho
géiser,2.864,2.077,geiser
gelatina,3.5,1.878,gelatina
gema,3.0,2.121,gema
gemelos,3.16,2.115,gemelos
gemir,3.273,2.142,gemir
gen,2.88,2.007,gen
genealogía,3.15,1.843,genealogia
generación,2.435,1.674,generacion
generacional,2.6,1.871,generacional
general,3.4,2.303,general
generalidad,2.52,1.636,generalidad
generalísimo,3.2,2.262,generalisimo
generalización,3.4,2.041,generalizacion
generalizar,2.0,1.414,generalizar
generar,1.952,1.322,generar
genérico,2.773,1.824,generico
generosidad,2.909,1.974,generosidad
genética,3.08,1.956,genetica
genital,2.783,1.833,genital
genitales,2.7,1.895,genitales
genocidio,2.619,1.774,genocidio
genoma,2.3,1.218,genoma
genovés,2.0,1.487,genoves
gentil,1.857,1.195,gentil
gentileza,3.45,1.932,gentileza
gentilhombre,2.158,1.537,gentilhombre
gentilicio,2.13,1.517,gentilicio
gentío,4.095,1.609,gentio
geografía,3.957,2.458,geografia
geográfica,4.05,2.188,geografica
geógrafo,2.76,1.985,geografo
geología,3.44,1.96,geologia
geológica,2.682,1.783,geologica
geológicas,2.619,1.717,geologicas
geólogo,2.84,1.748,geologo
geometría,2.0,1.732,geometria
geométrica,3.85,1.981,geometrica
georgiano,3.0,2.302,georgiano
geranio,2.32,1.842,geranio
gerencia,1.0,0.0,gerencia
germánico,3.16,1.93,germanico
germanio,3.545,2.262,germanio
germano,2.529,1.463,germano
germen,3.45,2.417,germen
gerontología,1.895,1.286,gerontologia
gerundio,2.96,2.01,gerundio
gesta,2.8,1.852,gesta
gestación,2.8,1.708,gestacion
gestionar,2.36,1.551,gestionar
gesto,2.636,1.866,gesto
gestor,2.3,1.72,gestor
gestora,2.72,1.882,gestora
gigante,5.48,1.558,gigante
gigantesco,5.16,1.599,gigantesco
gigoló,4.0,1.936,gigolo
gil,2.273,1.489,gil
gilipollas,3.737,2.104,gilipollas
gilipuertas,3.381,1.857,gilipuertas
gimnasia,2.318,1.492,gimnasia
ginebra,2.36,1.89,ginebra
ginecólogo,2.5,1.956,ginecologo
gingivitis,3.154,1.994,gingivitis
gira,3.955,2.104,gira
girar,3.32,1.842,girar
girasol,4.261,2.454,girasol
gitana,2.476,1.94,gitana
gitano,2.955,1.939,gitano
glaciación,2.667,1.653,glaciacion
glacial,2.773,1.998,glacial
gladiolo,1.833,1.383,gladiolo
glándula,3.2,2.273,glandula
glaucoma,2.5,1.842,glaucoma
global,4.04,1.767,global
globalización,3.571,1.777,globalizacion
globular,3.263,1.996,globular
glorieta,3.2,2.16,glorieta
gloriosa,3.36,2.059,gloriosa
glorioso,3.92,1.605,glorioso
glucosa,2.783,1.953,glucosa
gluglú,5.286,2.194,gluglu
glúteo,3.217,1.906,gluteo
gobernabilidad,2.48,1.584,gobernabilidad
gobernación,3.182,2.13,gobernacion
gobernadora,2.667,1.88,gobernadora
gobernante,2.81,1.632,gobernante
gobernar,3.083,1.932,gobernar
gobierno,2.238,1.729,gobierno
gol,4.88,1.943,gol
goleada,4.136,2.21,goleada
goleador,4.364,2.06,goleador
golf,3.909,2.223,golf
golpista,3.053,1.508,golpista
gonorrea,2.727,1.723,gonorrea
gordo,4.783,1.953,gordo
gorgoteo,2.409,1.968,gorgoteo
gorjear,4.643,1.646,gorjear
gorrino,3.762,1.998,gorrino
gorriona,3.0,1.718,gorriona
gorrón,3.4,2.327,gorron
goteo,4.56,1.873,goteo
gótica,2.762,1.841,gotica
gótico,3.4,1.979,gotico
gozo,2.273,1.549,gozo
grabación,2.737,1.558,grabacion
grabado,2.238,1.411,grabado
grabador,2.895,1.595,grabador
grabar,2.773,1.771,grabar
gracioso,3.52,2.064,gracioso
grada,2.818,2.062,grada
gradiente,2.529,1.625,gradiente
graduación,3.04,1.925,graduacion
gradual,2.76,2.026,gradual
graduar,1.818,1.006,graduar
graffiti,4.043,1.796,graffiti
grafía,3.68,2.286,grafia
gráfica,3.048,1.91,grafica
grafito,2.96,2.051,grafito
grafo,2.692,1.797,grafo
gramática,2.0,1.345,gramatica
gramatical,2.84,1.748,gramatical
gramo,3.16,1.886,gramo
gran,5.522,1.123,gran
grana,2.167,1.2,grana
granadina,2.0,1.654,granadina
granadino,2.68,1.796,granadino
granate,3.28,2.246,granate
grande,5.32,1.464,grande
grandeza,4.435,1.903,grandeza
grandísimo,4.818,2.281,grandisimo
granero,2.455,1.87,granero
granito,4.286,2.053,granito
granizada,4.381,1.987,granizada
granizado,3.583,1.816,granizado
granizar,3.818,1.816,granizar
granizo,3.667,1.494,granizo
grata,2.125,1.296,grata
gratificante,3.8,1.795,gratificante
gratitud,2.88,1.616,gratitud
grato,2.15,1.424,grato
gratuidad,1.714,1.488,gratuidad
gratuita,3.96,2.371,gratuita
grava,3.32,2.076,grava
gravar,2.435,1.472,gravar
gravedad,2.96,1.67,gravedad
gravísimo,3.286,2.171,gravisimo
gravitación,3.2,1.936,gravitacion
gravitacional,2.96,1.814,gravitacional
gravitatorio,2.957,1.821,gravitatorio
graznar,2.75,1.765,graznar
gregoriano,2.333,1.494,gregoriano
gremial,1.5,0.73,gremial
gremio,2.429,1.399,gremio
griego,2.524,1.834,griego
grifo,2.217,1.731,grifo
gripe,2.381,1.499,gripe
gris,2.182,1.593,gris
grisáceo,3.84,1.864,grisaceo
grita,3.429,1.886,grita
gritar,1.762,1.261,gritar
gritería,4.15,1.631,griteria
gritón,4.818,1.967,griton
grosería,3.64,2.271,groseria
grosor,3.08,1.956,grosor
grotesco,3.091,1.849,grotesco
grúa,2.5,1.701,grua
grulla,2.958,2.177,grulla
gruñido,6.0,1.414,grunido
gruñir,5.286,2.077,grunir
grupal,3.35,2.11,grupal
grupo,2.261,1.544,grupo
gruta,2.8,2.348,gruta
guacamayo,2.696,2.141,guacamayo
guagua,3.6,2.082,guagua
guaraní,2.562,1.825,guarani
guarda,2.348,1.824,guarda
guardameta,2.25,1.943,guardameta
guardar,2.591,1.652,guardar
guardiana,2.95,2.139,guardiana
guarida,2.684,1.797,guarida
guarnición,2.435,1.754,guarnicion
guarro,3.273,1.83,guarro
guatemalteco,3.091,2.022,guatemalteco
gubernamental,3.042,1.922,gubernamental
guepardo,3.095,2.047,guepardo
guerrera,3.421,2.009,guerrera
guerrilla,3.88,1.81,guerrilla
guerrillero,3.65,1.981,guerrillero
gueto,2.714,1.521,gueto
guía,2.636,1.866,guia
guiar,3.083,1.717,guiar
guindilla,3.524,2.136,guindilla
guindo,3.353,2.234,guindo
guionista,2.0,1.414,guionista
guipuzcoana,3.238,2.022,guipuzcoana
guirnalda,3.24,1.964,guirnalda
guisa,2.158,1.344,guisa
guisantes,2.619,1.936,guisantes
guiso,2.043,1.461,guiso
guitarra,4.5,1.85,guitarra
guitarrista,4.667,1.88,guitarrista
gusto,2.773,1.744,gusto
gustoso,2.455,1.471,gustoso
habas,1.348,0.714,habas
haber,2.24,1.589,haber
hábil,2.917,2.145,habil
habilitación,2.565,1.409,habilitacion
habilitar,2.478,1.755,habilitar
habitable,2.8,1.795,habitable
habitaciones,3.19,2.015,habitaciones
habitar,2.348,1.695,habitar
hábitat,2.76,1.855,habitat
habitual,3.478,2.108,habitual
hablante,3.4,2.102,hablante
hablar,4.12,2.108,hablar
hacendado,2.318,1.555,hacendado
hacer,3.48,1.782,hacer
halo,3.765,2.078,halo
halterofilia,1.647,0.862,halterofilia
hambruna,3.273,2.074,hambruna
haraposo,2.789,2.016,haraposo
harén,3.312,1.922,haren
harina,2.15,1.927,harina
harta,3.92,1.801,harta
haya,1.88,1.394,haya
haz,3.957,2.056,haz
hazaña,3.792,1.978,hazana
hebra,1.308,0.751,hebra
hebreo,2.667,2.106,hebreo
hechicera,4.65,2.134,hechicera
hechizo,3.1,1.651,hechizo
hechura,2.529,1.772,hechura
hectárea,2.857,1.682,hectarea
hectolitro,1.762,1.513,hectolitro
hectómetro,3.083,1.954,hectometro
hegemonía,2.88,1.764,hegemonia
helada,3.72,2.283,helada
helar,2.32,1.725,helar
helecho,2.44,1.557,helecho
hélice,2.619,1.774,helice
helicóptero,3.375,1.884,helicoptero
helio,2.727,1.956,helio
hembra,1.714,1.007,hembra
hemiciclo,2.042,1.398,hemiciclo
hemiplejia,2.25,1.288,hemiplejia
hemisferio,1.909,1.477,hemisferio
hemoglobina,3.095,2.119,hemoglobina
hemorragia,4.19,1.99,hemorragia
hendidura,2.389,1.42,hendidura
hepática,2.727,2.074,hepatica
hepatitis,3.0,1.826,hepatitis
herbácea,2.909,1.601,herbacea
heredad,1.7,0.979,heredad
heredar,3.28,1.926,heredar
heredera,2.3,1.72,heredera
heredero,2.7,1.922,heredero
hereditario,1.238,0.889,hereditario
hereje,4.56,1.85,hereje
herejía,2.316,1.797,herejia
herencia,2.905,1.221,herencia
herida,2.64,1.846,herida
hermanamiento,3.421,2.411,hermanamiento
hermanastro,3.44,2.123,hermanastro
hermandad,3.217,2.044,hermandad
hermanito,4.286,2.327,hermanito
hermético,2.684,1.734,hermetico
hermetismo,3.56,1.758,hermetismo
hermosa,1.667,0.913,hermosa
hermosura,2.545,1.471,hermosura
hernia,2.48,1.782,hernia
heroica,3.682,1.985,heroica
herpes,2.3,1.75,herpes
herradura,2.261,1.544,herradura
herrerillo,3.0,2.07,herrerillo
hervidero,3.8,2.102,hervidero
heterogeneidad,3.0,2.126,heterogeneidad
heterogéneo,2.76,1.921,heterogeneo
heterosexual,4.35,2.277,heterosexual
hexagonal,5.0,1.78,hexagonal
hiato,2.708,2.032,hiato
híbrida,2.458,1.744,hibrida
hibridación,3.583,1.998,hibridacion
híbrido,3.12,1.787,hibrido
hidalgo,3.8,2.236,hidalgo
hidráulica,1.81,1.25,hidraulica
hídrico,3.227,2.389,hidrico
hidroeléctrica,3.591,2.016,hidroelectrica
hidrógeno,2.28,1.671,hidrogeno
hidrográfica,2.737,1.447,hidrografica
hidrológico,4.1,2.049,hidrologico
hiedra,2.682,2.056,hiedra
hierba,2.524,1.662,hierba
hierbabuena,4.143,2.197,hierbabuena
hierbas,2.96,1.968,hierbas
hígado,2.04,1.744,higado
higiene,2.571,1.69,higiene
higiénico,2.76,1.715,higienico
higo,2.0,1.581,higo
higuera,3.286,1.707,higuera
hijastro,3.545,2.154,hijastro
hijita,2.12,1.394,hijita
hijito,4.091,2.287,hijito
hijoputa,3.35,1.981,hijoputa
hilado,2.955,1.889,hilado
hilar,3.8,2.062,hilar
hilera,2.909,1.716,hilera
hilo,3.76,2.314,hilo
himno,2.833,1.81,himno
hin,2.429,1.272,hin
hincapié,4.32,1.994,hincapie
hincar,3.053,1.84,hincar
hincha,2.458,1.817,hincha
hinchada,4.2,1.826,hinchada
hinchazón,5.304,2.162,hinchazon
hindú,2.84,2.192,hindu
hinduismo,2.96,2.031,hinduismo
hipar,4.316,2.428,hipar
hipertensión,2.591,1.681,hipertension
hipertexto,3.75,2.172,hipertexto
hipertiroidismo,3.217,2.088,hipertiroidismo
hípica,2.818,1.68,hipica
hipo,4.458,2.395,hipo
hipocresía,2.609,1.852,hipocresia
hipócrita,2.895,1.629,hipocrita
hipódromo,2.619,1.658,hipodromo
hipoteca,1.857,1.276,hipoteca
hipotético,3.64,1.955,hipotetico
hispana,3.182,2.174,hispana
hispánica,3.565,1.95,hispanica
hispanista,2.444,1.723,hispanista
hispanoamericana,2.44,1.981,hispanoamericana
histeria,3.818,2.363,histeria
histérica,3.381,1.857,histerica
historiador,2.091,1.54,historiador
historial,2.667,1.958,historial
histórico,3.316,2.001,historico
historieta,3.474,1.837,historieta
historiografía,2.48,1.636,historiografia
hito,2.292,1.574,hito
hocico,2.667,1.749,hocico
hockey,2.652,1.921,hockey
hojalata,3.522,2.294,hojalata
holandés,2.739,2.34,holandes
holandesa,2.826,2.146,holandesa
holgura,2.667,1.91,holgura
holocausto,2.783,2.11,holocausto
hombrecillo,4.64,2.252,hombrecillo
hombrecito,5.318,1.644,hombrecito
hombro,2.667,1.932,hombro
homofobia,3.84,2.249,homofobia
homogeneidad,2.364,1.329,homogeneidad
homogéneo,4.04,1.989,homogeneo
homólogo,3.083,1.886,homologo
homónimo,2.19,1.436,homonimo
homosexual,3.087,1.905,homosexual
homosexualidad,3.238,1.947,homosexualidad
hondura,2.56,2.083,hondura
hondureño,2.217,1.506,hondureno
honestidad,3.2,2.062,honestidad
hongos,3.32,2.212,hongos
honorable,3.048,1.396,honorable
honorario,2.333,1.56,honorario
honorífico,3.227,1.926,honorifico
honra,2.833,1.926,honra
honrar,2.4,1.759,honrar
honroso,2.095,1.338,honroso
hora,3.238,2.189,hora
horaria,2.545,1.738,horaria
horario,4.52,2.293,horario
horchata,2.56,1.685,horchata
horizontal,2.571,1.248,horizontal
horizonte,3.381,1.884,horizonte
hormigón,3.375,2.018,hormigon
hormigonera,3.958,2.177,hormigonera
hormona,2.65,2.277,hormona
hormonal,2.136,1.612,hormonal
hornero,2.3,1.593,hornero
horno,2.333,1.653,horno
horrenda,2.696,2.01,horrenda
horrible,2.64,1.729,horrible
hortalizas,2.217,1.906,hortalizas
hortensia,1.762,1.3,hortensia
horticultura,3.471,2.035,horticultura
hospedaje,2.0,1.718,hospedaje
hospitalario,2.25,1.539,hospitalario
hospitalidad,3.75,1.888,hospitalidad
hospitalización,3.76,2.185,hospitalizacion
hospitalizado,3.125,2.028,hospitalizado
hostal,1.952,1.564,hostal
hostelería,2.727,1.778,hosteleria
hostelero,2.48,1.851,hostelero
hostia,4.19,2.136,hostia
hostigamiento,2.273,1.352,hostigamiento
hostilidad,3.0,1.818,hostilidad
hotelera,2.286,1.586,hotelera
hoy,2.227,1.875,hoy
hoyo,4.0,1.915,hoyo
hoz,3.75,1.743,hoz
hueca,3.72,1.926,hueca
huelga,1.19,0.873,huelga
huella,3.4,2.082,huella
huerta,2.0,1.414,huerta
hueso,2.24,1.589,hueso
huésped,1.909,1.109,huesped
huevón,4.12,2.027,huevon
huevos,2.2,1.704,huevos
huida,2.72,1.671,huida
huir,2.667,1.659,huir
hulla,2.688,1.778,hulla
humana,2.524,1.327,humana
humanidades,1.955,1.174,humanidades
humanista,2.65,1.785,humanista
humanitaria,3.565,1.95,humanitaria
humareda,3.043,2.345,humareda
humeante,4.625,1.996,humeante
humedad,2.524,1.75,humedad
húmero,1.095,0.301,humero
humillado,3.435,2.352,humillado
humillante,2.227,1.631,humillante
humo,4.64,1.68,humo
humorista,3.64,2.119,humorista
humorístico,3.0,1.718,humoristico
hundimiento,4.714,1.454,hundimiento
hundir,4.04,1.989,hundir
húngara,3.304,2.183,hungara
húngaro,2.522,1.755,hungaro
hurón,2.0,1.414,huron
hurtar,2.84,1.772,hurtar
hurto,2.571,1.434,hurto
huso,1.667,0.907,huso
ibérica,2.9,1.832,iberica
iberoamericano,3.12,2.128,iberoamericano
iceberg,3.125,1.849,iceberg
icono,2.3,1.895,icono
iconografía,2.316,1.565,iconografia
ida,2.19,2.112,ida
idealista,3.238,1.814,idealista
idear,3.24,1.763,idear
ideario,2.48,1.61,ideario
ídem,3.45,2.064,idem
idéntico,3.619,1.962,identico
identificable,2.364,1.497,identificable
identificación,2.238,1.67,identificacion
identificar,2.318,1.427,identificar
ideología,2.696,1.428,ideologia
ideológica,2.652,1.613,ideologica
ideólogo,3.12,1.856,ideologo
idilio,3.636,2.128,idilio
idioma,2.24,1.363,idioma
idiosincrasia,2.158,1.708,idiosincrasia
idiota,2.72,1.72,idiota
idolatría,3.0,1.956,idolatria
idoneidad,2.667,1.826,idoneidad
idóneo,1.524,0.928,idoneo
iglú,1.85,1.531,iglu
ignorante,2.833,2.036,ignorante
ignorar,2.81,1.75,ignorar
iguala,2.706,2.024,iguala
igualdad,3.48,2.201,igualdad
igualitario,3.85,2.346,igualitario
ilegalidad,1.762,1.136,ilegalidad
ilegalización,1.476,1.03,ilegalizacion
ilegalizada,3.32,1.842,ilegalizada
ilegalizar,3.316,2.136,ilegalizar
ilegítimo,5.36,2.396,ilegitimo
ileso,2.545,1.87,ileso
ilícito,3.36,2.099,ilicito
iluminación,3.5,1.896,iluminacion
iluminar,3.636,1.866,iluminar
ilusorio,2.4,1.429,ilusorio
ilustración,3.0,1.978,ilustracion
ilustrador,2.64,1.729,ilustrador
ilustrar,3.28,1.4,ilustrar
ilustre,3.2,1.609,ilustre
imaginable,2.261,1.602,imaginable
imaginario,2.652,1.898,imaginario
imaginativa,4.0,1.803,imaginativa
imaginería,3.043,1.637,imagineria
imbécil,3.15,2.323,imbecil
imitación,3.4,1.903,imitacion
imitar,2.739,1.789,imitar
impaciente,2.524,1.94,impaciente
impactante,4.409,1.943,impactante
impactar,1.952,1.284,impactar
impacto,4.0,1.949,impacto
impar,3.52,2.22,impar
imparable,2.783,1.757,imparable
imparcialidad,1.818,1.22,imparcialidad
impartir,1.429,0.926,impartir
impasible,2.875,2.112,impasible
impecable,3.12,1.563,impecable
impedancia,3.062,1.731,impedancia
impedimento,2.19,1.537,impedimento
impedir,3.286,1.765,impedir
impenetrable,4.2,1.826,impenetrable
impensable,2.429,1.568,impensable
imperante,3.92,2.08,imperante
imperar,3.174,1.922,imperar
imperativo,1.619,1.071,imperativo
imperceptible,2.45,2.012,imperceptible
imperdonable,2.36,1.705,imperdonable
imperfección,3.08,1.913,imperfeccion
imperfecto,2.95,2.089,imperfecto
imperial,3.182,1.918,imperial
imperialismo,4.19,1.778,imperialismo
imperialista,2.833,1.88,imperialista
imperio,3.48,1.735,imperio
imperiosa,3.273,2.074,imperiosa
impersonal,3.44,2.063,impersonal
impertinente,3.64,2.059,impertinente
imperturbable,3.0,1.642,imperturbable
ímpetu,4.609,1.877,impetu
impetuoso,2.143,1.526,impetuoso
impiedad,2.333,1.572,impiedad
implacable,3.048,1.962,implacable
implantación,3.68,1.994,implantacion
implante,2.522,1.755,implante
implementación,3.348,2.08,implementacion
implementar,1.952,1.532,implementar
implicación,2.36,1.846,implicacion
implicar,2.0,1.556,implicar
implícita,3.182,2.015,implicita
implorar,2.84,1.491,implorar
imponente,3.44,1.734,imponente
imponible,3.636,1.733,imponible
impopular,2.667,1.653,impopular
importancia,3.1,2.024,importancia
importante,2.957,1.77,importante
importantísimo,5.04,1.594,importantisimo
importar,2.8,1.881,importar
importe,2.958,1.805,importe
importuno,3.167,2.2,importuno
imposible,2.591,1.652,imposible
imposición,3.19,1.99,imposicion
impositivo,2.8,1.826,impositivo
impostor,3.048,2.061,impostor
impotencia,3.88,1.943,impotencia
impreciso,3.24,2.127,impreciso
impredecible,4.28,1.882,impredecible
impregnar,3.12,2.279,impregnar
imprenta,2.48,1.503,imprenta
imprescindible,2.8,2.0,imprescindible
impresión,4.364,1.677,impresion
impresionante,3.0,2.216,impresionante
impresionar,2.667,1.906,impresionar
impresionismo,2.913,1.649,impresionismo
impresionista,2.5,1.439,impresionista
impresor,2.88,1.81,impresor
imprevisible,2.571,2.063,imprevisible
imprevisto,2.0,1.447,imprevisto
improbable,3.217,2.088,improbable
improcedencia,2.227,1.378,improcedencia
improcedente,2.111,1.605,improcedente
impronta,2.733,2.086,impronta
impropio,2.5,1.739,impropio
improvisación,2.043,1.296,improvisacion
improvisar,3.25,2.027,improvisar
improviso,2.8,1.756,improviso
imprudencia,2.2,1.658,imprudencia
impugnación,2.4,1.155,impugnacion
impugnar,3.0,2.0,impugnar
impulsar,4.1,1.832,impulsar
impulso,2.238,1.546,impulso
impulsor,2.857,1.74,impulsor
impune,1.95,1.146,impune
impunidad,2.1,1.619,impunidad
impuro,2.682,1.729,impuro
imputación,1.818,1.332,imputacion
imputar,3.0,1.865,imputar
inacabada,3.72,2.151,inacabada
inaccesible,2.833,1.903,inaccesible
inacción,1.238,0.625,inaccion
inaceptable,2.636,1.866,inaceptable
inactividad,2.739,1.982,inactividad
inactivo,2.682,1.729,inactivo
inadecuada,3.45,1.959,inadecuada
inadmisibilidad,3.636,2.3,inadmisibilidad
inadmisible,4.08,2.06,inadmisible
inagotable,3.158,2.243,inagotable
inalcanzable,3.0,1.784,inalcanzable
inalienable,2.545,1.969,inalienable
inalterable,3.0,2.128,inalterable
inamovible,2.13,1.66,inamovible
inanición,2.789,1.932,inanicion
inapreciable,2.84,1.546,inapreciable
inapropiado,3.714,2.101,inapropiado
inaudito,3.091,2.136,inaudito
inauguración,3.4,1.958,inauguracion
inaugural,2.143,1.014,inaugural
inaugurar,2.28,1.4,inaugurar
inca,2.286,1.521,inca
incalculable,3.286,1.875,incalculable
incandescente,2.5,1.67,incandescente
incansable,2.905,1.998,incansable
incentivar,2.2,1.443,incentivar
incertidumbre,2.048,1.658,incertidumbre
incesante,3.04,1.989,incesante
incesto,2.19,1.692,incesto
incidencia,3.0,1.936,incidencia
incidental,2.958,1.876,incidental
incidente,2.048,1.564,incidente
incidir,1.714,1.231,incidir
incienso,2.04,1.457,incienso
incierto,2.591,1.469,incierto
incineración,3.227,2.045,incineracion
incipiente,2.421,1.953,incipiente
incitación,1.524,1.03,incitacion
incitar,2.68,1.796,incitar
inclinación,3.0,1.789,inclinacion
inclinar,3.182,1.816,inclinar
incluir,3.6,1.936,incluir
inclusión,4.238,1.67,inclusion
inclusive,2.783,1.757,inclusive
incluso,2.625,1.74,incluso
incógnita,3.44,1.758,incognita
incoherencia,3.478,2.064,incoherencia
incoherente,2.88,1.833,incoherente
incómodo,2.8,1.989,incomodo
incomparable,3.571,1.989,incomparable
incompatibilidad,4.429,1.964,incompatibilidad
incompatible,2.826,1.723,incompatible
incompetencia,2.773,1.901,incompetencia
incompetente,2.8,1.555,incompetente
incompleta,3.421,2.036,incompleta
incomprensible,3.8,2.238,incomprensible
incomprensión,3.714,2.148,incomprension
incomunicación,4.08,2.08,incomunicacion
inconcebible,2.045,1.463,inconcebible
inconclusa,2.16,1.463,inconclusa
incondicional,2.542,1.911,incondicional
inconfundible,2.13,1.359,inconfundible
incongruencia,2.85,1.631,incongruencia
inconmensurable,2.8,2.093,inconmensurable
inconsciencia,2.762,1.446,inconsciencia
inconstitucional,2.727,1.907,inconstitucional
inconstitucionalidad,2.095,1.48,inconstitucionalidad
incontenible,2.56,1.66,incontenible
incontestable,2.435,1.343,incontestable
incontrastable,2.095,1.609,incontrastable
incontrolable,1.722,1.074,incontrolable
incontrolada,2.64,1.655,incontrolada
inconveniente,2.375,1.765,inconveniente
incorporación,2.136,1.583,incorporacion
incorporar,2.727,1.751,incorporar
incorrecto,3.909,2.091,incorrecto
incredulidad,2.4,1.472,incredulidad
incrédulo,1.864,1.552,incredulo
increíble,3.65,1.843,increible
incrementar,3.8,1.936,incrementar
incubación,3.75,2.124,incubacion
incuestionable,3.13,2.096,incuestionable
inculcar,2.64,1.63,inculcar
incumbir,2.5,1.739,incumbir
incumplimiento,3.095,2.189,incumplimiento
incumplir,3.375,2.06,incumplir
incurrir,2.56,1.356,incurrir
incursión,1.833,0.985,incursion
indagación,2.75,1.775,indagacion
indagar,2.391,1.406,indagar
indebida,1.85,1.531,indebida
indecente,2.72,1.904,indecente
indecible,3.05,1.932,indecible
indeciso,2.75,2.049,indeciso
indefensión,3.619,1.962,indefension
indefinible,2.35,1.663,indefinible
indefinido,2.143,1.526,indefinido
indemne,2.091,1.377,indemne
indemnización,2.524,1.209,indemnizacion
indemnizar,2.476,1.601,indemnizar
independencia,2.619,2.012,independencia
independentista,2.762,1.446,independentista
independiente,3.042,2.274,independiente
independizar,2.68,1.887,independizar
indescriptible,3.5,2.09,indescriptible
indeseable,2.95,1.791,indeseable
indestructible,4.2,2.121,indestructible
indeterminado,2.85,1.785,indeterminado
india,2.913,2.314,india
indicación,3.2,1.78,indicacion
indicador,2.182,1.402,indicador
indicar,2.92,1.605,indicar
índice,2.75,2.005,indice
indiferencia,3.0,2.121,indiferencia
indígena,2.391,1.588,indigena
indigencia,1.8,1.196,indigencia
indigna,3.13,2.007,indigna
indignación,4.4,2.102,indignacion
indigno,2.826,1.614,indigno
indirecta,3.7,1.867,indirecta
indirecto,3.72,2.052,indirecto
indiscreta,3.84,1.972,indiscreta
indiscriminada,3.52,2.182,indiscriminada
indiscutible,2.364,1.529,indiscutible
indispensable,3.16,1.864,indispensable
individualidad,2.045,1.558,individualidad
individualismo,2.818,1.842,individualismo
individualista,1.905,1.221,individualista
individuo,2.56,1.609,individuo
indivisible,1.667,1.426,indivisible
índole,1.913,1.443,indole
indolencia,1.958,1.488,indolencia
indolente,1.5,1.098,indolente
indomable,3.375,2.123,indomable
indonesia,2.68,1.406,indonesia
inducción,2.19,1.365,induccion
inducir,3.72,2.011,inducir
indudable,3.2,1.683,indudable
indulgencia,2.8,1.893,indulgencia
indulgente,1.526,0.772,indulgente
indulto,1.92,1.382,indulto
indumentaria,1.864,1.167,indumentaria
industriales,2.8,2.0,industriales
industrialización,3.773,2.114,industrializacion
inédito,3.429,2.135,inedito
ineficacia,2.381,1.596,ineficacia
ineficaz,3.167,1.903,ineficaz
ineficiente,2.52,1.873,ineficiente
ineludible,1.667,1.572,ineludible
inequívoca,3.042,1.654,inequivoca
inercia,1.143,0.478,inercia
inercial,2.292,1.805,inercial
inerte,3.375,2.337,inerte
inesperado,2.84,1.65,inesperado
inestabilidad,3.565,1.996,inestabilidad
inestable,3.44,2.382,inestable
inestimable,3.16,1.675,inestimable
inevitable,3.25,1.832,inevitable
inexistencia,2.783,1.953,inexistencia
inexistente,2.364,1.56,inexistente
inexorable,2.167,1.581,inexorable
inexperiencia,2.318,1.585,inexperiencia
inexperta,2.696,1.987,inexperta
inexplicable,3.571,1.805,inexplicable
inexpugnable,2.842,1.608,inexpugnable
infalible,3.0,1.784,infalible
infame,3.458,1.956,infame
infamia,2.722,1.742,infamia
infante,3.28,1.969,infante
infantería,2.583,1.586,infanteria
infanticidio,3.211,1.903,infanticidio
infatigable,3.619,1.91,infatigable
infelicidad,4.227,2.369,infelicidad
inferencia,1.917,1.53,inferencia
inferir,3.36,2.177,inferir
infernal,3.273,1.907,infernal
infiltración,3.76,1.899,infiltracion
ínfima,3.381,2.037,infima
infinidad,4.08,1.977,infinidad
infinita,3.32,1.282,infinita
infinitud,3.92,1.913,infinitud
inflamable,3.364,2.128,inflamable
inflamación,4.0,1.658,inflamacion
inflexible,3.76,1.832,inflexible
inflexión,2.81,1.504,inflexion
inflorescencia,2.0,1.414,inflorescencia
influencia,2.25,1.682,influencia
influir,3.714,1.821,influir
influjo,2.421,1.742,influjo
influyente,3.12,1.787,influyente
informal,3.0,1.892,informal
informar,2.5,1.719,informar
informativo,2.6,1.658,informativo
infortunio,2.81,1.436,infortunio
infracción,3.32,1.842,infraccion
infraestructura,3.24,2.107,infraestructura
inframundo,3.286,2.239,inframundo
infranqueable,2.857,1.982,infranqueable
infrarrojo,3.32,1.973,infrarrojo
infrecuente,2.5,1.566,infrecuente
infringir,2.68,1.464,infringir
infundir,2.286,1.586,infundir
infusión,2.833,1.551,infusion
ingeniera,3.261,2.32,ingeniera
ingeniería,2.8,1.78,ingenieria
ingenioso,2.455,1.654,ingenioso
ingenua,2.32,1.676,ingenua
ingenuidad,2.182,1.468,ingenuidad
ingenuo,2.15,1.663,ingenuo
ingerir,2.455,1.711,ingerir
ingesta,3.05,2.114,ingesta
ingestión,2.667,1.749,ingestion
ingles,3.136,2.031,ingles
inglés,2.609,1.828,ingles
inglesa,2.091,1.411,inglesa
ingratitud,3.5,1.96,ingratitud
ingrato,2.696,1.55,ingrato
ingredientes,1.727,1.241,ingredientes
inhabilitación,2.35,1.899,inhabilitacion
inhalación,4.44,1.635,inhalacion
inherente,2.5,1.757,inherente
inhibición,2.4,1.569,inhibicion
inhibir,2.417,1.316,inhibir
inhumano,3.64,2.234,inhumano
iniciación,3.3,2.105,iniciacion
iniciador,2.227,1.51,iniciador
inicial,3.0,1.732,inicial
iniciar,3.4,1.984,iniciar
iniciativa,3.28,1.792,iniciativa
inicio,3.96,2.491,inicio
inigualable,2.667,2.176,inigualable
inimaginable,4.19,2.182,inimaginable
inimitable,4.08,2.04,inimitable
ininterrumpida,4.08,2.235,ininterrumpida
injustificada,3.8,2.273,injustificada
injusto,3.333,1.958,injusto
inmaterial,2.042,1.574,inmaterial
inmediatez,2.783,1.976,inmediatez
inmediato,3.85,1.954,inmediato
inmejorable,3.833,2.259,inmejorable
inmemorial,2.4,1.635,inmemorial
inmensa,4.0,2.121,inmensa
inmersión,2.714,1.554,inmersion
inmerso,2.714,1.554,inmerso
inmigración,4.0,1.979,inmigracion
inmigrante,4.1,2.269,inmigrante
inminencia,2.333,1.39,inminencia
inminente,3.68,2.036,inminente
inmoralidad,2.087,1.564,inmoralidad
inmortal,3.364,1.965,inmortal
inmortalidad,1.81,1.569,inmortalidad
inmóvil,3.917,1.932,inmovil
inmovilidad,2.143,1.652,inmovilidad
inmovilismo,3.8,2.419,inmovilismo
inmueble,2.7,1.342,inmueble
inmunda,3.227,2.137,inmunda
inmune,3.2,2.082,inmune
inmunidad,3.045,1.864,inmunidad
inmunológico,3.375,2.143,inmunologico
inmutable,3.455,1.896,inmutable
innata,3.32,2.076,innata
innecesario,2.5,1.946,innecesario
innegable,2.92,1.73,innegable
innoble,2.81,1.569,innoble
innovador,1.571,0.87,innovador
innovadora,2.4,1.501,innovadora
innovar,3.4,1.729,innovar
inocencia,2.92,1.73,inocencia
inofensivo,3.48,1.735,inofensivo
inolvidable,2.35,1.899,inolvidable
inoportuno,2.182,1.532,inoportuno
inoxidable,3.25,1.803,inoxidable
inquebrantable,3.5,1.888,inquebrantable
inquietante,3.0,1.826,inquietante
inquietud,2.96,1.859,inquietud
inquilino,2.083,1.613,inquilino
inquirir,1.8,1.265,inquirir
inquisición,2.571,1.886,inquisicion
inquisidor,2.955,1.889,inquisidor
insaciable,2.409,1.469,insaciable
insalvable,3.429,1.535,insalvable
insatisfacción,3.318,1.836,insatisfaccion
insatisfecho,3.36,1.912,insatisfecho
inscripción,1.667,1.197,inscripcion
inseminación,2.818,2.196,inseminacion
insensatez,3.0,1.844,insensatez
insensibilidad,2.81,1.662,insensibilidad
insensible,2.8,1.795,insensible
inserción,3.619,1.499,insercion
inserta,2.857,1.957,inserta
insertar,3.16,1.864,insertar
inservible,2.714,1.901,inservible
insigne,1.6,0.986,insigne
insignia,1.5,0.946,insignia
insignificante,3.32,2.116,insignificante
insinuación,3.28,1.792,insinuacion
insinuar,2.773,1.716,insinuar
insistencia,3.571,1.66,insistencia
insistente,2.524,1.75,insistente
insistir,2.5,1.626,insistir
insolencia,2.375,1.884,insolencia
insólito,2.478,1.702,insolito
insoluble,2.455,1.503,insoluble
insolvencia,2.13,1.456,insolvencia
insondable,2.118,1.364,insondable
insoportable,3.667,2.22,insoportable
insostenible,2.522,1.806,insostenible
inspección,2.542,1.693,inspeccion
inspector,2.64,1.8,inspector
inspirador,3.4,2.0,inspirador
instalación,2.318,1.524,instalacion
instalador,2.55,1.761,instalador
instalar,2.524,1.601,instalar
instantánea,3.429,1.777,instantanea
instar,2.333,1.579,instar
instauración,3.619,1.936,instauracion
instintiva,2.64,1.524,instintiva
instinto,2.909,1.875,instinto
institucional,2.143,1.558,institucional
institucionalización,3.0,2.121,institucionalizacion
instituir,2.348,1.799,instituir
institutriz,3.095,1.7,institutriz
instrucción,3.571,1.777,instruccion
instrucciones,3.76,2.006,instrucciones
instructor,2.905,1.841,instructor
instruir,2.32,1.626,instruir
instrumentación,3.238,1.729,instrumentacion
instrumental,2.571,1.748,instrumental
instrumento,2.5,1.596,instrumento
insuficiencia,2.545,1.565,insuficiencia
insufrible,3.68,2.036,insufrible
ínsula,2.571,1.859,insula
insular,3.0,1.642,insular
insulina,1.955,0.95,insulina
insultante,2.55,1.504,insultante
insultar,3.55,1.761,insultar
insuperable,2.727,1.907,insuperable
insurgencia,2.174,1.267,insurgencia
insurgente,2.833,1.88,insurgente
insurrección,3.105,2.105,insurreccion
intachable,3.5,1.793,intachable
intacta,3.72,2.011,intacta
intangible,3.043,1.988,intangible
íntegra,2.652,1.335,integra
integración,3.143,1.824,integracion
integrador,3.0,1.633,integrador
integral,2.826,1.723,integral
integrante,3.16,2.192,integrante
integrar,2.571,1.69,integrar
integridad,3.087,1.975,integridad
integrismo,3.24,1.832,integrismo
integrista,1.81,1.03,integrista
intelectualidad,3.19,1.806,intelectualidad
inteligencia,2.565,1.95,inteligencia
inteligible,3.143,1.957,inteligible
intemperie,1.905,1.179,intemperie
intención,2.773,1.95,intencion
intencional,1.955,1.362,intencional
intencionalidad,2.6,1.607,intencionalidad
intendencia,1.619,0.805,intendencia
intendente,2.895,1.912,intendente
intensa,3.792,1.956,intensa
intensificación,4.68,2.135,intensificacion
intensificar,3.048,1.91,intensificar
intensiva,3.8,1.936,intensiva
intentar,2.5,1.769,intentar
intento,2.727,1.804,intento
intentona,1.789,1.134,intentona
inter,2.727,1.778,inter
interacción,2.381,1.465,interaccion
interactiva,2.8,1.936,interactiva
interactividad,3.3,1.922,interactividad
interactuar,2.96,1.399,interactuar
interanual,3.435,2.253,interanual
intercambiar,2.364,1.529,intercambiar
intercambio,3.143,2.056,intercambio
interceder,1.667,1.017,interceder
interceptar,3.32,1.626,interceptar
intercesión,2.381,1.658,intercesion
interconexión,3.727,1.98,interconexion
intercultural,2.318,1.729,intercultural
interdependencia,1.81,1.167,interdependencia
interesado,2.261,1.484,interesado
interesante,2.833,1.659,interesante
interesar,2.217,1.731,interesar
interestelar,2.545,1.565,interestelar
interfaz,2.391,1.5,interfaz
interferencia,3.08,1.869,interferencia
interfono,3.13,2.138,interfono
interino,2.35,1.226,interino
interior,2.409,1.652,interior
interlocutor,2.227,1.688,interlocutor
intermediación,2.64,1.846,intermediacion
intermediario,3.13,1.961,intermediario
intermedio,3.81,1.914,intermedio
interminable,3.826,2.015,interminable
intermitente,3.818,2.174,intermitente
interna,3.227,2.114,interna
internacional,3.227,1.798,internacional
internacionalización,2.4,1.875,internacionalizacion
internamiento,3.44,2.022,internamiento
internet,3.88,2.315,internet
interpelación,2.059,1.435,interpelacion
interponer,2.826,1.586,interponer
interposición,2.368,1.64,interposicion
interpretación,1.955,1.463,interpretacion
interpretar,3.13,2.007,interpretar
interpretativa,3.12,2.147,interpretativa
intérprete,2.45,1.669,interprete
interrelación,3.08,1.631,interrelacion
interrogación,2.524,1.94,interrogacion
interrogante,4.24,2.185,interrogante
interrogar,2.6,1.569,interrogar
interrogatorio,4.24,2.047,interrogatorio
interrumpir,2.818,1.842,interrumpir
interruptor,4.16,2.014,interruptor
intersección,4.2,1.848,interseccion
intervalo,2.208,1.382,intervalo
intervención,3.25,1.917,intervencion
intervencionismo,3.12,1.878,intervencionismo
intervenir,2.429,1.399,intervenir
interventor,2.2,1.642,interventor
intestinal,2.857,2.22,intestinal
intestino,3.44,2.022,intestino
intimidación,3.88,1.787,intimidacion
intimidad,1.714,1.189,intimidad
intimista,2.958,1.876,intimista
intolerable,2.84,1.599,intolerable
intolerancia,2.35,1.785,intolerancia
intoxicación,4.217,1.953,intoxicacion
intranquilidad,3.35,1.954,intranquilidad
intransigencia,2.714,1.648,intransigencia
intransigente,3.292,2.032,intransigente
intrépido,1.68,0.945,intrepido
intriga,2.52,1.759,intriga
intrínseca,3.52,1.939,intrinseca
introducción,2.81,2.04,introduccion
introducir,3.833,1.761,introducir
intromisión,3.75,1.916,intromision
introspección,2.6,1.635,introspeccion
intrusión,3.429,1.66,intrusion
intuición,3.174,1.749,intuicion
intuir,2.19,1.721,intuir
intuitiva,2.609,1.672,intuitiva
inundaciones,2.619,1.564,inundaciones
inundado,3.64,2.099,inundado
inundar,2.714,1.765,inundar
inusual,3.72,1.969,inusual
inútil,3.455,2.064,inutil
inutilidad,2.2,1.542,inutilidad
invadir,3.174,1.875,invadir
invalidez,2.4,1.667,invalidez
invariable,2.5,1.732,invariable
invencible,4.333,1.528,invencible
invención,2.2,1.225,invencion
inventario,1.619,1.203,inventario
inventiva,2.0,1.491,inventiva
invento,2.048,1.499,invento
inventor,4.0,2.176,inventor
invernal,4.095,1.786,invernal
inverosímil,2.5,1.626,inverosimil
inversa,3.286,1.821,inversa
inversión,2.591,1.652,inversion
inversor,3.35,2.084,inversor
investidura,2.92,2.06,investidura
investigación,3.32,2.015,investigacion
investigar,2.68,1.725,investigar
inviable,3.952,2.247,inviable
invierno,2.909,1.688,invierno
inviolabilidad,2.636,1.677,inviolabilidad
inviolable,3.476,2.182,inviolable
invisible,3.15,2.11,invisible
invitar,3.045,1.759,invitar
invocación,3.045,2.011,invocacion
invocar,3.96,2.071,invocar
involucrar,2.0,1.272,involucrar
involuntario,2.696,1.893,involuntario
inyectar,4.6,1.465,inyectar
ion,2.696,1.769,ion
ir,2.72,1.969,ir
iraní,2.48,1.851,irani
iraquí,2.875,2.071,iraqui
irascible,2.278,1.364,irascible
iris,2.25,1.618,iris
irlandés,3.238,2.234,irlandes
irlandesa,2.952,1.802,irlandesa
ironía,2.92,1.754,ironia
irónico,2.091,1.231,ironico
ironizar,1.952,1.465,ironizar
irracional,3.0,1.756,irracional
irradiación,4.48,1.759,irradiacion
irradiar,3.095,1.947,irradiar
irreal,2.5,1.762,irreal
irrefutable,3.08,1.801,irrefutable
irregular,3.13,1.766,irregular
irregularidad,3.0,1.624,irregularidad
irrelevante,2.381,1.717,irrelevante
irremediable,3.13,1.359,irremediable
irrenunciable,2.3,2.003,irrenunciable
irreparable,3.45,2.212,irreparable
irrepetible,2.5,1.745,irrepetible
irreprochable,2.8,1.893,irreprochable
irresistible,3.957,1.965,irresistible
irresponsabilidad,5.08,2.29,irresponsabilidad
irresponsable,3.44,1.583,irresponsable
irreversible,3.2,1.881,irreversible
irrevocable,3.364,1.989,irrevocable
irrigación,3.217,1.953,irrigacion
irritante,3.4,1.789,irritante
irrumpir,2.571,1.832,irrumpir
irrupción,3.56,2.103,irrupcion
isla,2.64,1.934,isla
islámico,3.048,2.247,islamico
islamismo,4.08,1.977,islamismo
islamista,3.211,2.043,islamista
islandés,2.714,1.793,islandes
islote,4.286,2.217,islote
isótopo,2.5,1.719,isotopo
israelí,2.905,2.256,israeli
istmo,2.273,1.804,istmo
italiana,3.36,2.119,italiana
italiano,3.1,1.971,italiano
itálica,1.842,1.425,italica
ítem,2.0,1.183,item
itinerante,3.708,2.01,itinerante
itinerario,1.905,1.091,itinerario
izar,2.45,1.701,izar
izquierda,2.28,1.792,izquierda
izquierdista,4.28,1.792,izquierdista
jabalina,2.636,1.529,jabalina
jacinto,2.143,1.526,jacinto
jade,1.692,0.947,jade
jadeante,4.0,2.0,jadeante
jaguar,4.4,2.041,jaguar
jamás,3.75,2.049,jamas
jamón,3.88,2.128,jamon
japón,3.429,2.135,japon
japonés,3.348,2.405,japones
japuta,4.333,2.059,japuta
jaque,3.833,2.22,jaque
jarabe,2.042,1.301,jarabe
jardinería,2.636,1.677,jardineria
jarro,2.583,1.909,jarro
jaula,3.826,2.146,jaula
jazmín,3.12,2.027,jazmin
jazz,4.19,1.692,jazz
jefa,2.9,1.944,jefa
jefatura,2.409,1.79,jefatura
jengibre,2.55,1.905,jengibre
jeque,2.8,1.824,jeque
jerárquica,2.65,1.843,jerarquica
jerez,2.591,2.085,jerez
jerga,3.04,2.031,jerga
jesuita,1.81,1.25,jesuita
jet,3.25,2.124,jet
jilguero,2.85,2.11,jilguero
jineta,2.737,1.91,jineta
jinete,2.84,1.724,jinete
jiñar,4.833,1.834,jinar
jipiar,3.727,2.37,jipiar
joder,3.92,2.448,joder
jornada,2.7,2.003,jornada
jota,3.429,1.886,jota
jovencita,4.429,2.014,jovencita
joyas,3.0,1.556,joyas
joyería,2.85,2.007,joyeria
joyero,3.565,2.39,joyero
jubilación,2.381,1.431,jubilacion
judaísmo,2.5,1.711,judaismo
judías,1.708,1.122,judias
judicatura,2.364,1.649,judicatura
judicial,2.35,2.059,judicial
judío,1.864,1.457,judio
judo,2.68,1.6,judo
juerga,3.261,2.158,juerga
jueza,3.15,2.11,jueza
jugada,2.76,1.332,jugada
jugador,2.227,1.631,jugador
jugadora,2.4,2.01,jugadora
juicio,2.333,1.317,juicio
juicioso,2.857,1.931,juicioso
julio,2.143,1.59,julio
jungla,3.476,1.99,jungla
junio,2.32,1.492,junio
junior,3.333,2.033,junior
júnior,3.056,2.155,junior
junta,2.81,1.47,junta
juntar,3.04,2.15,juntar
junto,3.6,2.0,junto
jura,2.88,2.007,jura
jurado,3.261,2.179,jurado
juramento,3.5,2.087,juramento
jurar,2.783,1.678,jurar
jurídicas,1.952,1.431,juridicas
jurídico,2.913,1.881,juridico
jurisdicción,2.429,1.469,jurisdiccion
jurisdiccional,2.182,1.708,jurisdiccional
jurisprudencia,3.136,1.859,jurisprudencia
jurisprudencial,2.167,1.465,jurisprudencial
jurista,2.909,2.045,jurista
juro,2.857,2.032,juro
justificación,3.48,2.044,justificacion
justificar,3.08,1.869,justificar
justito,5.13,1.842,justito
juvenil,3.818,1.79,juvenil
juzgado,2.409,1.79,juzgado
juzgar,1.333,0.483,juzgar
kaki,2.619,1.857,kaki
karate,3.75,2.403,karate
karma,3.375,2.102,karma
kayak,3.56,2.2,kayak
kilo,3.364,2.536,kilo
kilogramo,4.429,2.158,kilogramo
kilolitro,3.44,2.181,kilolitro
kilómetro,2.952,1.802,kilometro
kiwi,2.55,2.139,kiwi
kriptón,4.4,1.993,kripton
labios,4.08,2.1,labios
labor,3.429,2.111,labor
laboral,2.84,1.841,laboral
laborioso,3.8,1.979,laborioso
laborismo,1.571,1.207,laborismo
laborista,2.636,2.06,laborista
labranza,2.75,1.07,labranza
labrar,3.04,2.071,labrar
lacayo,1.938,1.389,lacayo
lacra,2.913,2.021,lacra
lactancia,3.28,1.926,lactancia
ladera,2.4,2.137,ladera
ladrar,3.864,2.21,ladrar
ladrido,3.136,1.833,ladrido
ladrón,3.12,1.943,ladron
laguna,2.783,1.858,laguna
laicismo,1.85,1.565,laicismo
laico,2.273,1.486,laico
lambada,3.222,2.016,lambada
lambda,4.286,2.289,lambda
lameculos,3.565,2.233,lameculos
lamentable,3.4,1.979,lamentable
lamer,3.381,1.687,lamer
lámina,2.261,1.602,lamina
lana,2.25,1.567,lana
lanar,1.941,1.56,lanar
lance,2.652,1.748,lance
langosta,2.16,1.463,langosta
lánguida,3.65,2.159,languida
lanzadera,3.619,1.962,lanzadera
lanzador,2.364,1.59,lanzador
lanzagranadas,3.952,2.085,lanzagranadas
lanzallamas,4.4,2.088,lanzallamas
lanzamiento,2.773,1.744,lanzamiento
lanzamisiles,3.263,2.182,lanzamisiles
lapa,3.652,2.058,lapa
lápida,2.409,1.736,lapida
lapidación,3.6,2.062,lapidacion
lapislázuli,2.278,1.776,lapislazuli
lapso,3.095,1.7,lapso
larga,3.6,1.635,larga
largo,3.304,2.305,largo
largometraje,4.045,2.193,largometraje
larguísima,5.88,1.364,larguisima
laringitis,4.32,2.015,laringitis
larva,2.4,1.875,larva
láser,2.5,1.819,laser
lastimero,2.3,1.455,lastimero
lastre,3.56,2.238,lastre
latente,2.739,1.685,latente
lateral,3.476,1.914,lateral
látex,2.682,2.169,latex
latín,1.524,1.537,latin
latina,3.095,1.998,latina
latino,2.522,1.997,latino
latinoamericano,4.08,2.06,latinoamericano
latir,3.909,2.022,latir
latitud,2.455,1.738,latitud
latón,1.706,1.448,laton
laúd,2.2,1.897,laud
laurel,2.348,1.555,laurel
lava,2.273,1.453,lava
lavado,2.958,1.899,lavado
lavanda,2.864,2.1,lavanda
lavandero,3.895,2.283,lavandero
lavar,3.24,1.615,lavar
lavavajillas,2.92,1.956,lavavajillas
lazo,1.714,1.309,lazo
lea,2.381,1.465,lea
lección,2.55,2.038,leccion
lecho,1.739,1.137,lecho
lechuga,2.364,1.329,lechuga
lector,2.6,1.555,lector
lecturas,1.762,1.411,lecturas
legado,2.042,1.398,legado
legal,2.857,1.905,legal
legalización,2.75,1.894,legalizacion
legalizar,2.762,1.411,legalizar
legar,2.273,1.609,legar
legendario,2.333,1.834,legendario
legión,1.632,1.012,legion
legionario,2.333,1.88,legionario
legionela,1.167,0.514,legionela
legislación,2.304,1.82,legislacion
legislador,2.8,1.607,legislador
legislar,2.72,2.112,legislar
legislativo,3.952,2.037,legislativo
legislatura,2.048,1.627,legislatura
legítima,3.095,1.841,legitima
legitimación,1.947,1.393,legitimacion
legitimar,2.8,1.384,legitimar
legitimidad,1.545,0.858,legitimidad
lego,1.905,1.546,lego
legua,2.364,1.432,legua
lejanía,3.8,2.082,lejania
lejano,2.857,1.852,lejano
lelo,4.75,1.943,lelo
lema,2.833,2.014,lema
lengua,2.8,1.756,lengua
lenguado,2.96,1.837,lenguado
lenguaje,3.76,2.026,lenguaje
lenta,3.25,1.888,lenta
lente,3.08,1.956,lente
lentillas,2.048,1.359,lentillas
lentitud,3.7,1.895,lentitud
leña,2.88,1.856,lena
leño,4.28,1.948,leno
leona,3.0,1.936,leona
leonés,2.81,1.692,leones
leotardo,2.682,2.191,leotardo
lerdo,3.304,2.183,lerdo
letargo,2.739,2.027,letargo
letrado,2.316,1.336,letrado
letrero,2.95,2.305,letrero
leucemia,2.304,1.795,leucemia
levadura,2.545,1.535,levadura
levantamiento,2.2,1.683,levantamiento
levantar,3.0,2.062,levantar
levante,2.591,1.469,levante
leve,3.4,1.756,leve
levita,3.208,1.888,levita
lexema,2.84,1.886,lexema
léxico,2.238,1.411,lexico
ley,2.727,1.778,ley
leyendas,3.238,2.095,leyendas
lía,2.095,1.261,lia
libanés,2.565,1.95,libanes
liberal,2.409,1.736,liberal
liberalidad,3.409,1.992,liberalidad
liberalismo,4.0,2.055,liberalismo
liberalización,1.667,1.155,liberalizacion
liberalizar,3.32,1.819,liberalizar
libertador,2.81,1.861,libertador
libertario,3.95,2.064,libertario
libertinaje,2.792,2.0,libertinaje
libido,2.68,1.865,libido
libio,2.312,1.621,libio
libra,3.04,2.091,libra
librar,2.381,1.465,librar
librero,2.783,1.783,librero
libreto,2.417,1.998,libreto
librito,4.095,2.211,librito
licencia,2.368,1.571,licencia
licenciar,2.955,1.812,licenciar
licenciatura,3.4,1.683,licenciatura
liceo,2.19,1.632,liceo
licitación,1.474,1.219,licitacion
lícito,2.95,2.212,licito
licor,3.2,1.826,licor
licuadora,3.32,1.93,licuadora
liderar,3.292,1.732,liderar
liderato,2.818,1.435,liderato
liderazgo,3.92,2.06,liderazgo
lidia,2.348,1.722,lidia
lidiar,2.348,1.434,lidiar
lienzo,2.958,2.074,lienzo
ligamento,2.524,1.632,ligamento
ligera,2.682,1.81,ligera
ligereza,3.36,1.955,ligereza
ligero,3.565,2.191,ligero
liguero,2.5,1.606,liguero
lijadora,3.667,1.932,lijadora
lila,2.96,2.318,lila
lilo,2.643,1.946,lilo
limbo,4.0,2.121,limbo
limitación,2.455,1.683,limitacion
limitar,3.6,1.826,limitar
límite,4.3,2.13,limite
limonada,3.8,2.191,limonada
limonero,4.0,2.363,limonero
limosna,2.143,1.621,limosna
limpiadora,2.522,1.675,limpiadora
limpiar,2.76,1.786,limpiar
limpieza,1.619,1.161,limpieza
limusina,3.0,1.848,limusina
linaje,2.833,1.88,linaje
linda,2.227,1.445,linda
lindar,2.72,1.72,lindar
línea,3.818,2.062,linea
lineal,4.5,1.987,lineal
linear,3.76,1.943,linear
lingüista,3.263,1.881,linguista
lingüística,4.12,2.279,linguistica
lino,2.739,1.421,lino
liquidación,2.905,1.814,liquidacion
liquidar,2.684,1.916,liquidar
liquidez,3.88,2.027,liquidez
líquido,2.85,2.007,liquido
lírica,3.64,1.524,lirica
lirio,2.35,1.565,lirio
lisa,4.36,1.655,lisa
listado,2.19,1.721,listado
listón,3.56,1.938,liston
litera,2.238,1.758,litera
literal,2.76,2.026,literal
literaria,3.542,2.043,literaria
literato,4.619,2.269,literato
literatura,2.429,1.469,literatura
litio,2.353,1.693,litio
litoral,3.043,2.033,litoral
lituano,2.65,2.007,lituano
liturgia,1.812,0.834,liturgia
litúrgico,1.588,1.372,liturgico
liviana,2.238,1.48,liviana
lívido,3.08,2.019,livido
llaga,3.304,1.743,llaga
llamamiento,3.7,2.055,llamamiento
llamarada,3.25,2.149,llamarada
llamativo,3.2,2.102,llamativo
llame,2.545,1.535,llame
llanura,3.095,1.729,llanura
llegada,2.087,1.535,llegada
llegar,3.96,1.989,llegar
llenado,4.833,1.761,llenado
llenar,4.24,1.985,llenar
lleno,3.76,2.185,lleno
llevar,2.619,1.322,llevar
llorar,1.762,1.411,llorar
lloro,4.1,2.125,lloro
llorón,4.56,2.103,lloron
llover,3.565,2.171,llover
lluviosa,3.32,1.819,lluviosa
loable,2.647,1.32,loable
lóbulo,2.682,1.756,lobulo
localidad,2.905,2.095,localidad
localización,2.818,1.816,localizacion
localizar,1.619,1.244,localizar
loco,3.217,2.235,loco
locomoción,3.625,1.74,locomocion
locomotora,3.75,1.939,locomotora
locución,2.609,1.373,locucion
locutor,2.273,1.778,locutor
lodo,3.0,1.877,lodo
lógica,2.524,1.834,logica
logística,3.16,2.095,logistica
logo,3.609,2.5,logo
logopeda,2.6,1.555,logopeda
logotipo,2.409,1.817,logotipo
loma,3.409,2.062,loma
lombarda,2.826,1.825,lombarda
lomo,2.76,1.69,lomo
lona,2.08,1.382,lona
londinense,4.32,2.322,londinense
loneta,1.333,1.0,loneta
longevidad,4.6,1.759,longevidad
longitud,2.92,2.216,longitud
longitudinal,3.783,2.066,longitudinal
loquero,3.85,1.927,loquero
losa,2.19,1.436,losa
lote,2.136,1.39,lote
loto,2.636,2.036,loto
lozana,2.0,1.813,lozana
lubina,2.182,1.816,lubina
lucero,3.864,2.007,lucero
luchar,2.727,1.751,luchar
lucidez,3.24,1.64,lucidez
lúcido,3.619,1.962,lucido
lucimiento,2.4,1.729,lucimiento
lucir,2.409,1.593,lucir
lucrativo,2.333,1.606,lucrativo
lucro,2.316,1.887,lucro
lúdico,2.0,1.717,ludico
luego,3.12,2.007,luego
lugarteniente,1.739,1.214,lugarteniente
lúgubre,3.25,2.074,lugubre
lujoso,2.864,1.642,lujoso
lumbago,2.857,1.769,lumbago
lumbalgia,3.9,2.426,lumbalgia
lumbre,2.682,1.836,lumbre
luminosa,2.84,1.818,luminosa
lupa,2.0,1.345,lupa
lupus,1.625,1.258,lupus
lustre,2.6,1.658,lustre
lustro,1.947,1.615,lustro
lustroso,1.905,1.375,lustroso
luto,2.952,1.91,luto
luxemburguesa,1.667,1.572,luxemburguesa
lycra,2.96,1.925,lycra
macabro,3.81,1.806,macabro
macarena,2.96,1.904,macarena
macedonio,2.143,1.236,macedonio
machacar,3.739,1.912,machacar
macho,4.2,2.021,macho
machorra,4.0,1.773,machorra
maciza,3.958,2.032,maciza
macizo,3.542,2.245,macizo
madame,4.0,1.972,madame
madera,2.455,1.765,madera
maderera,2.588,1.839,maderera
madreselva,2.217,1.622,madreselva
madridista,3.318,2.124,madridista
madrigal,2.571,1.886,madrigal
madriguera,1.55,0.887,madriguera
madrileño,1.571,1.434,madrileno
madrina,2.32,1.547,madrina
madroño,2.882,2.088,madrono
madrugada,3.0,2.255,madrugada
madura,3.0,1.732,madura
madurar,1.818,1.14,madurar
madurez,2.6,1.984,madurez
maduro,3.609,2.388,maduro
maestre,2.1,1.165,maestre
maestría,2.81,1.806,maestria
mafia,3.0,1.924,mafia
magazín,3.0,1.883,magazin
magenta,1.773,1.066,magenta
magia,3.182,1.991,magia
magisterio,2.125,1.424,magisterio
magistrada,1.5,0.964,magistrada
magistrado,2.182,1.468,magistrado
magistratura,3.0,1.954,magistratura
magma,3.591,1.79,magma
magna,2.421,1.644,magna
magnánimo,3.15,2.346,magnanimo
magnate,2.522,1.377,magnate
magnesio,2.88,2.088,magnesio
magnético,3.545,2.041,magnetico
magnetismo,2.381,1.465,magnetismo
magnificencia,2.278,1.602,magnificencia
magnífico,4.227,2.114,magnifico
magnitud,3.238,1.895,magnitud
magnolia,2.652,2.124,magnolia
mágnum,4.13,2.341,magnum
magrebí,2.5,1.896,magrebi
mahonesa,2.048,1.465,mahonesa
maillot,3.056,1.662,maillot
maíz,2.364,1.706,maiz
majadero,2.45,1.669,majadero
majestad,1.571,0.746,majestad
majestuoso,3.667,2.198,majestuoso
mal,3.76,1.943,mal
mala,3.286,1.765,mala
malagueño,2.591,1.869,malagueno
malasangre,2.6,1.93,malasangre
maldecir,3.571,2.087,maldecir
maldita,2.364,1.677,maldita
malentendido,3.2,2.142,malentendido
maletín,2.545,1.993,maletin
maleza,2.727,1.956,maleza
malicioso,3.238,1.868,malicioso
maligno,4.6,1.915,maligno
malla,3.261,2.005,malla
mallorquín,2.227,1.798,mallorquin
malnacido,3.56,2.002,malnacido
malnutrición,2.591,1.919,malnutricion
malparido,4.04,2.091,malparido
malta,2.0,1.106,malta
malva,2.455,1.711,malva
malversación,3.24,2.067,malversacion
mama,5.32,1.952,mama
mamá,5.143,2.104,mama
mamada,4.05,1.638,mamada
mamarracho,3.0,1.979,mamarracho
mambo,3.476,1.99,mambo
mamón,4.429,2.204,mamon
mamporrero,4.091,2.158,mamporrero
mamut,4.435,2.041,mamut
manada,3.95,2.373,manada
mánager,2.364,1.965,manager
mancha,3.72,2.072,mancha
manchego,2.952,1.687,manchego
manco,2.333,1.659,manco
mancomunidad,2.64,1.823,mancomunidad
mandada,2.429,1.326,mandada
mandado,2.52,1.735,mandado
mandamiento,3.0,1.826,mandamiento
mandar,1.524,1.209,mandar
mandarín,1.905,1.179,mandarin
mandarina,3.04,2.318,mandarina
mandatario,2.773,1.572,mandatario
mandato,2.273,1.579,mandato
mandé,2.167,1.494,mande
mandíbula,4.2,2.291,mandibula
manejable,3.6,1.936,manejable
manejar,2.455,1.819,manejar
manganeso,1.696,1.146,manganeso
manía,2.364,1.529,mania
manicomio,2.455,1.87,manicomio
manifestación,2.619,1.857,manifestacion
manifestar,3.4,1.756,manifestar
manifiesto,2.35,1.348,manifiesto
maniobra,3.16,1.772,maniobra
maniobrar,3.92,1.891,maniobrar
manipulación,3.391,1.971,manipulacion
manipular,2.409,1.817,manipular
manjar,2.955,2.011,manjar
manojo,4.143,1.558,manojo
manoletina,1.882,1.364,manoletina
manopla,2.826,1.85,manopla
mansedumbre,2.444,1.542,mansedumbre
mansión,4.32,2.015,mansion
manteca,2.19,1.834,manteca
mantener,2.292,1.268,mantener
mantenida,2.364,1.891,mantenida
mantenimiento,2.739,1.888,mantenimiento
mantillo,2.952,1.857,mantillo
mantis,2.053,1.311,mantis
manufactura,2.25,1.916,manufactura
manufacturera,2.5,1.719,manufacturera
manutención,1.429,0.676,manutencion
manzanilla,2.92,2.04,manzanilla
manzano,6.182,1.622,manzano
maña,2.88,1.716,mana
mañana,3.0,2.028,manana
mapa,2.227,1.901,mapa
maqueta,2.32,1.406,maqueta
maquinar,3.92,2.06,maquinar
maquinaria,2.955,2.149,maquinaria
maquinista,2.818,1.991,maquinista
maracas,4.333,1.56,maracas
maracuyá,2.368,1.77,maracuya
maraña,2.062,1.389,marana
maratón,2.682,1.701,maraton
maravillosa,4.0,2.0,maravillosa
marcador,2.739,1.936,marcador
marcapáginas,3.7,2.536,marcapaginas
marcha,3.227,1.974,marcha
marchar,4.12,1.787,marchar
marchita,2.88,1.666,marchita
marcial,2.696,1.608,marcial
marciana,3.13,2.361,marciana
marea,2.708,2.116,marea
marejada,3.278,1.841,marejada
maremoto,3.783,1.976,maremoto
mareo,4.28,1.72,mareo
marfil,6.32,1.282,marfil
margarita,2.3,1.809,margarita
marginal,3.88,1.74,marginal
marginalidad,2.48,1.939,marginalidad
maricón,2.348,1.748,maricon
marihuana,3.0,2.021,marihuana
marimacho,4.333,1.983,marimacho
marina,2.143,1.682,marina
marinero,3.286,1.978,marinero
marino,2.762,1.446,marino
marioneta,3.0,1.893,marioneta
mariposón,3.88,2.007,mariposon
mariscal,2.826,1.557,mariscal
marisma,3.333,1.97,marisma
marítima,3.045,1.864,maritima
marítimo,4.65,1.954,maritimo
marketing,3.524,2.089,marketing
mármol,2.6,1.683,marmol
marmotear,3.636,1.891,marmotear
marmullar,3.944,1.798,marmullar
marquesa,2.773,1.95,marquesa
marquesado,2.136,1.642,marquesado
marramáu,4.429,2.441,marramau
marramiau,5.65,1.981,marramiau
marrón,3.182,2.281,marron
marroquí,2.364,1.677,marroqui
marta,2.0,1.904,marta
martín,1.609,0.941,martin
martini,2.28,1.768,martini
marxismo,3.04,2.091,marxismo
marxista,3.16,1.972,marxista
marzo,2.261,1.738,marzo
más,5.52,1.917,mas
masa,3.0,1.852,masa
masculino,2.714,1.678,masculino
masía,2.0,1.506,masia
masiva,3.72,1.838,masiva
masonería,2.36,1.44,masoneria
master,2.84,2.115,master
máster,4.286,2.148,master
mástil,3.458,1.382,mastil
masturbar,2.458,1.444,masturbar
mata,3.92,2.197,mata
matadero,4.261,2.094,matadero
matador,4.0,1.848,matador
matemáticas,2.45,2.064,matematicas
materialismo,4.12,1.9,materialismo
materialista,2.048,1.499,materialista
materialización,2.76,1.855,materializacion
materializar,3.0,1.658,materializar
materna,3.818,2.039,materna
maternal,3.429,1.832,maternal
matinal,2.048,1.359,matinal
matiz,2.375,1.996,matiz
matizar,2.45,1.432,matizar
mato,2.8,1.732,mato
matorral,3.136,1.781,matorral
matrícula,3.4,2.121,matricula
matriculación,3.522,2.233,matriculacion
matricular,2.96,1.767,matricular
matrimonial,2.833,1.88,matrimonial
matriz,2.545,1.945,matriz
matrona,3.0,1.703,matrona
matutino,3.429,1.72,matutino
mausoleo,2.25,1.888,mausoleo
maxilar,2.333,1.609,maxilar
máxima,4.476,1.806,maxima
máxime,3.25,2.074,maxime
maximizar,5.64,1.8,maximizar
máximo,4.667,1.494,maximo
maya,1.571,1.165,maya
mayo,2.4,1.848,mayo
mayor,3.286,1.793,mayor
mayorazgo,3.52,1.828,mayorazgo
mayoría,4.227,2.137,mayoria
mayoritario,3.227,1.875,mayoritario
mayúscula,3.087,2.172,mayuscula
maza,3.833,1.606,maza
mazmorra,3.955,1.988,mazmorra
mazo,4.28,2.301,mazo
meacamas,2.438,2.128,meacamas
meandro,1.647,1.169,meandro
meapilas,3.529,2.294,meapilas
mear,1.81,1.601,mear
meca,2.684,2.237,meca
mecanizado,4.2,1.414,mecanizado
mecano,1.75,1.07,mecano
mecanógrafo,3.76,2.521,mecanografo
mecer,2.571,1.72,mecer
mecha,2.714,1.901,mecha
medallero,2.05,1.504,medallero
medallón,3.952,1.857,medallon
mediación,1.952,1.322,mediacion
mediador,3.24,1.615,mediador
mediana,2.571,1.886,mediana
medianoche,3.913,1.929,medianoche
mediar,3.08,1.913,mediar
medias,1.952,1.322,medias
mediático,3.273,1.778,mediatico
médica,2.25,1.86,medica
medicación,3.158,2.062,medicacion
medicamento,2.842,1.708,medicamento
médicas,2.1,1.832,medicas
medicinal,3.318,1.937,medicinal
medición,2.542,1.503,medicion
medida,2.96,1.791,medida
medidor,3.227,2.181,medidor
medieval,2.682,2.124,medieval
medioambiental,2.55,1.932,medioambiental
medioambiente,3.4,1.818,medioambiente
mediocampista,3.12,2.108,mediocampista
mediocre,3.136,1.781,mediocre
mediocridad,2.542,1.793,mediocridad
mediodía,3.958,2.136,mediodia
medir,3.087,1.905,medir
meditar,2.952,1.91,meditar
mediterráneo,3.391,1.901,mediterraneo
médula,2.739,1.711,medula
medular,2.091,1.342,medular
mejilla,2.96,1.859,mejilla
mejor,3.0,1.936,mejor
mejora,2.5,1.792,mejora
mejoramiento,2.96,1.567,mejoramiento
mejoría,2.737,1.628,mejoria
mejoro,2.222,1.629,mejoro
melancolía,3.273,1.907,melancolia
melancólico,3.45,2.114,melancolico
mella,1.625,0.744,mella
melocotón,2.909,1.77,melocoton
melocotonar,3.261,1.789,melocotonar
melocotonero,3.75,2.337,melocotonero
melódica,4.48,1.782,melodica
melódico,4.0,1.978,melodico
melodrama,3.48,2.124,melodrama
melón,1.833,1.167,melon
membrana,3.44,1.917,membrana
membrillo,2.381,1.746,membrillo
memo,3.524,2.205,memo
memorable,3.72,2.319,memorable
memorando,4.0,1.732,memorando
memorándum,2.455,1.92,memorandum
memorial,2.409,1.681,memorial
mención,2.476,1.662,mencion
mencionar,2.0,1.595,mencionar
mendigo,2.429,1.469,mendigo
mendrugo,3.52,1.782,mendrugo
menester,2.4,1.353,menester
menestra,2.043,1.224,menestra
mengua,2.294,1.829,mengua
meningitis,3.292,2.136,meningitis
menor,3.75,2.049,menor
menos,2.76,1.64,menos
menoscabo,2.435,1.441,menoscabo
menospreciar,3.682,2.124,menospreciar
mensajería,2.143,1.74,mensajeria
mensual,2.909,2.136,mensual
menta,2.714,1.901,menta
mentalidad,3.64,1.934,mentalidad
mentar,2.0,1.177,mentar
mentecato,2.9,1.553,mentecato
mento,1.353,0.862,mento
mentor,2.609,1.725,mentor
menú,2.619,1.91,menu
menudo,1.84,1.281,menudo
meollo,2.737,1.447,meollo
mequetrefe,4.667,1.685,mequetrefe
mera,1.895,1.663,mera
mercadotecnia,2.0,1.648,mercadotecnia
mercancía,2.727,1.932,mercancia
mercante,1.955,1.327,mercante
mercantil,3.571,1.66,mercantil
merced,2.48,1.917,merced
mercurio,1.542,1.179,mercurio
merecedor,2.7,1.895,merecedor
merecer,1.864,1.356,merecer
merengue,3.043,1.87,merengue
meridiano,3.0,1.826,meridiano
meridional,2.095,1.3,meridional
merluza,2.864,2.189,merluza
merma,2.231,1.691,merma
meseta,2.917,2.041,meseta
mesilla,3.36,1.912,mesilla
mesita,3.72,2.031,mesita
mesón,3.88,1.878,meson
mestiza,2.762,1.841,mestiza
mestizaje,3.292,1.989,mestizaje
mestizo,2.045,1.362,mestizo
mesura,1.143,0.655,mesura
meta,2.708,1.756,meta
metabolismo,3.12,2.297,metabolismo
metacrilato,2.88,2.166,metacrilato
metafísica,2.52,1.503,metafisica
metáfora,2.739,1.864,metafora
metálica,4.15,2.033,metalica
metálico,2.571,1.535,metalico
metalurgia,3.857,2.007,metalurgia
metano,2.762,2.047,metano
meteorito,2.5,1.769,meteorito
meteorología,3.05,1.986,meteorologia
meteorológica,2.636,1.59,meteorologica
meter,2.409,1.79,meter
metódico,2.92,1.956,metodico
metodología,2.32,1.6,metodologia
metodológico,3.7,2.408,metodologico
metralla,4.318,1.81,metralla
métrica,3.25,1.847,metrica
metrópoli,3.043,1.821,metropoli
metropolitana,2.913,1.782,metropolitana
mexicano,3.238,2.234,mexicano
mezcla,3.24,2.241,mezcla
mezclar,3.095,1.786,mezclar
mezquina,2.75,2.221,mezquina
mezquino,2.826,1.749,mezquino
mezzosoprano,2.778,1.801,mezzosoprano
micra,3.091,2.022,micra
micro,3.333,2.371,micro
micrómetro,2.647,1.579,micrometro
microondas,3.174,2.125,microondas
micropana,3.0,1.904,micropana
microprocesador,3.667,2.334,microprocesador
microsegundo,3.2,1.893,microsegundo
mierda,3.96,2.371,mierda
migración,3.45,2.012,migracion
migraña,2.905,1.868,migrana
migratoria,2.68,1.492,migratoria
mil,2.1,1.41,mil
milagrosa,3.72,1.99,milagrosa
milenario,4.5,2.188,milenario
milenio,3.381,2.061,milenio
milésima,4.04,1.904,milesima
milicia,2.778,2.074,milicia
mililitro,4.24,2.26,mililitro
milímetro,3.08,2.178,milimetro
milisegundo,3.75,2.289,milisegundo
militancia,2.28,1.339,militancia
militante,3.08,1.913,militante
militarización,3.381,2.012,militarizacion
milla,1.2,0.696,milla
millar,3.667,2.099,millar
millón,2.591,1.919,millon
millonésima,5.12,1.74,millonesima
mimbre,2.68,1.651,mimbre
mimosa,4.958,1.805,mimosa
minar,2.591,1.817,minar
mindundi,3.368,2.006,mindundi
minera,2.9,1.832,minera
mineral,2.182,1.651,mineral
mineralogía,2.8,1.936,mineralogia
minería,2.458,1.933,mineria
minero,3.0,2.0,minero
minga,1.722,1.674,minga
miniatura,4.8,2.167,miniatura
miniaturas,3.227,2.137,miniaturas
minibús,4.12,2.472,minibus
minimalista,4.08,2.499,minimalista
mínimo,4.05,2.417,minimo
miniserie,3.789,2.07,miniserie
ministerial,2.947,1.9,ministerial
ministerio,3.05,2.064,ministerio
minoría,4.35,2.183,minoria
minorista,3.5,2.041,minorista
minoritario,2.8,1.735,minoritario
minuciosidad,3.045,2.257,minuciosidad
minucioso,2.909,2.114,minucioso
minúscula,3.375,2.242,minuscula
minuto,2.304,1.941,minuto
mío,5.28,1.815,mio
miocardio,3.417,1.886,miocardio
miopía,3.08,1.977,miopia
mirada,1.571,1.165,mirada
mirado,2.091,1.509,mirado
mirador,1.952,1.431,mirador
mirar,2.44,1.325,mirar
mirasol,2.933,1.981,mirasol
mirlo,2.684,1.945,mirlo
misa,2.88,1.922,misa
miserable,2.25,1.65,miserable
misericordia,3.0,1.893,misericordia
misericordioso,2.75,1.595,misericordioso
mísero,2.476,1.632,misero
misión,2.87,1.604,mision
misionera,3.4,1.893,misionera
mismo,2.0,1.183,mismo
mistela,2.357,1.598,mistela
misterioso,3.545,1.969,misterioso
mística,3.68,2.096,mistica
misticismo,3.182,1.868,misticismo
mítico,2.381,1.532,mitico
mitigar,2.304,1.55,mitigar
mitin,1.5,0.894,mitin
mito,2.95,2.395,mito
mitología,3.762,2.071,mitologia
mitológico,2.6,1.789,mitologico
mixta,3.696,2.204,mixta
mixtas,3.72,1.745,mixtas
mobiliario,2.72,1.745,mobiliario
mocasín,2.3,1.625,mocasin
moción,1.778,0.878,mocion
mocoso,3.227,1.824,mocoso
moda,2.85,1.387,moda
modal,2.571,1.568,modal
modalidad,3.6,2.162,modalidad
modelado,2.45,1.791,modelado
modelar,3.208,1.911,modelar
modelo,1.591,1.008,modelo
módem,2.286,1.521,modem
moderación,2.96,1.719,moderacion
moderar,3.682,1.937,moderar
moderna,2.455,1.845,moderna
modernidad,3.4,1.936,modernidad
modernismo,2.48,1.531,modernismo
modernista,2.053,1.545,modernista
modernización,2.833,1.81,modernizacion
modernizar,3.208,1.933,modernizar
moderno,2.524,1.721,moderno
modesta,2.292,1.546,modesta
modestia,2.95,1.669,modestia
modificación,2.095,1.841,modificacion
modificar,3.095,1.7,modificar
modo,2.44,1.873,modo
modulación,2.789,1.903,modulacion
módulo,2.136,1.207,modulo
mofa,3.818,1.763,mofa
mojón,4.143,1.769,mojon
mol,2.136,1.859,mol
mole,4.375,2.06,mole
molécula,2.636,2.083,molecula
molecular,3.12,2.186,molecular
moler,3.875,1.895,moler
molesta,3.96,2.01,molesta
molesto,2.737,1.821,molesto
momentánea,2.76,1.943,momentanea
momia,2.455,1.765,momia
monaguillo,2.64,2.099,monaguillo
monarca,1.857,1.459,monarca
monárquico,1.381,0.805,monarquico
monástica,2.235,1.437,monastica
mondar,2.3,1.689,mondar
monema,1.389,0.979,monema
monetaria,1.714,1.309,monetaria
monetario,3.36,2.018,monetario
mongol,3.217,2.131,mongol
monitoreo,2.28,1.792,monitoreo
monociclo,3.095,2.095,monociclo
monografía,3.32,2.096,monografia
monolito,3.261,2.137,monolito
monólogo,2.682,1.862,monologo
mononucleosis,6.36,1.524,mononucleosis
monopatín,3.87,2.138,monopatin
monoplaza,4.08,2.344,monoplaza
monopolio,3.167,1.993,monopolio
monopoly,2.682,2.033,monopoly
monotonía,3.182,2.039,monotonia
monótono,4.68,1.651,monotono
monovolumen,3.273,2.12,monovolumen
monseñor,2.091,1.63,monsenor
montante,2.76,1.921,montante
montañismo,2.85,1.843,montanismo
montañosa,3.19,2.015,montanosa
montar,2.952,1.717,montar
monte,2.591,1.817,monte
montés,2.227,1.51,montes
montículo,3.952,2.085,monticulo
monto,2.444,1.381,monto
montura,2.68,1.952,montura
monumental,3.16,1.772,monumental
monzón,3.15,1.814,monzon
morada,2.545,1.595,morada
morado,3.455,2.262,morado
moraleja,2.238,1.546,moraleja
moralidad,2.64,1.655,moralidad
moralista,2.92,2.08,moralista
moralizador,2.6,1.848,moralizador
morar,2.136,1.167,morar
moratoria,2.667,1.839,moratoria
morbo,3.0,1.856,morbo
morbosa,3.333,2.106,morbosa
mordaz,3.25,1.86,mordaz
moreno,3.043,2.44,moreno
morera,2.1,1.683,morera
morfema,2.476,1.99,morfema
morfina,2.167,1.633,morfina
morfología,1.905,1.261,morfologia
morir,3.24,2.204,morir
morisca,3.0,2.029,morisca
moro,2.708,1.876,moro
morro,2.75,1.482,morro
mortalidad,3.16,1.795,mortalidad
mortandad,3.667,2.036,mortandad
mortero,3.45,1.572,mortero
mosaico,2.15,1.785,mosaico
moscardón,4.25,2.132,moscardon
moscón,4.263,1.821,moscon
mosquetón,3.545,2.154,mosqueton
mosquita,4.05,1.572,mosquita
mostaza,2.045,1.527,mostaza
mosto,2.304,1.769,mosto
mostrador,2.76,1.535,mostrador
mostrar,2.75,1.773,mostrar
mote,2.5,1.56,mote
motel,2.96,2.051,motel
motín,2.5,1.535,motin
motivación,3.238,1.947,motivacion
motivar,1.476,1.078,motivar
motocarro,4.261,2.115,motocarro
motocicleta,4.32,2.096,motocicleta
motociclismo,2.636,1.733,motociclismo
motocross,5.7,1.72,motocross
motora,2.273,1.486,motora
motriz,2.524,1.861,motriz
movida,3.76,1.763,movida
movilización,3.44,1.734,movilizacion
movilizar,2.318,1.961,movilizar
moza,1.762,1.3,moza
mozo,3.227,1.85,mozo
muchacha,3.3,2.273,muchacha
muchacho,2.619,1.244,muchacho
muchedumbre,3.12,1.764,muchedumbre
muchísimo,4.8,1.642,muchisimo
mucho,4.955,2.011,mucho
mucosa,4.583,1.816,mucosa
muda,3.48,2.002,muda
mudanza,2.24,1.508,mudanza
mudar,3.48,1.636,mudar
mudéjar,2.5,1.789,mudejar
mueble,2.64,1.912,mueble
muela,2.0,1.717,muela
muerte,3.727,2.12,muerte
muestreo,2.864,2.077,muestreo
mula,2.957,1.942,mula
mulato,2.636,1.814,mulato
mulita,2.235,1.48,mulita
mulo,2.333,1.903,mulo
multicultural,3.857,2.007,multicultural
multijugador,2.9,2.222,multijugador
multilateral,3.25,2.069,multilateral
multimedia,3.696,1.743,multimedia
multimillonario,3.826,2.015,multimillonario
multinacional,3.571,2.399,multinacional
múltiple,4.28,2.264,multiple
multiplicación,3.92,2.019,multiplicacion
multiplicador,2.913,1.881,multiplicador
multiplicando,2.455,1.683,multiplicando
multiplicar,2.826,2.289,multiplicar
multiplicidad,4.0,2.085,multiplicidad
multitud,3.261,2.072,multitud
multitudinaria,4.542,1.56,multitudinaria
mundano,2.8,1.508,mundano
mundial,4.227,2.266,mundial
mundialización,3.0,1.633,mundializacion
municipal,2.0,1.483,municipal
municipalidad,2.182,1.816,municipalidad
mural,3.68,2.015,mural
muralla,3.0,1.806,muralla
murciano,3.9,2.404,murciano
murmullo,4.85,2.3,murmullo
murmurar,4.045,2.081,murmurar
musa,3.4,1.958,musa
muscular,2.455,1.595,muscular
musculatura,3.36,2.396,musculatura
musgo,1.95,1.432,musgo
musical,4.2,2.142,musical
musicar,3.211,2.07,musicar
musicólogo,3.45,2.012,musicologo
muslo,3.16,1.795,muslo
musulmana,3.474,2.091,musulmana
mutante,2.3,1.342,mutante
mutismo,3.238,2.022,mutismo
mutuo,3.0,1.979,mutuo
nabo,2.048,1.987,nabo
nácar,2.211,1.548,nacar
nacarado,2.571,1.66,nacarado
nacer,2.571,1.63,nacer
nacido,1.833,1.239,nacido
naciente,2.684,1.565,naciente
nacionalidad,1.957,1.364,nacionalidad
nacionalismo,2.864,1.521,nacionalismo
nacionalista,2.76,1.964,nacionalista
nacionalización,3.24,2.26,nacionalizacion
nada,3.409,2.197,nada
nadar,2.28,1.595,nadar
nadie,3.263,2.182,nadie
nado,1.783,1.242,nado
nalga,2.6,1.875,nalga
nanosegundo,3.32,1.842,nanosegundo
napoleónica,2.0,1.483,napoleonica
napolitano,2.8,1.732,napolitano
naranja,2.87,1.961,naranja
naranjada,4.13,2.117,naranjada
naranjo,3.429,2.441,naranjo
narciso,2.125,1.569,narciso
narcotraficante,2.0,1.483,narcotraficante
narcotráfico,3.476,1.806,narcotrafico
narración,2.095,1.3,narracion
narrador,3.304,1.893,narrador
narrar,3.32,2.268,narrar
narrativa,3.44,1.96,narrativa
nasal,4.6,2.121,nasal
natación,3.0,2.236,natacion
natal,2.826,1.642,natal
natalidad,1.476,1.123,natalidad
nativa,2.429,1.832,nativa
natura,4.0,2.0,natura
naturalidad,4.261,2.05,naturalidad
naturalismo,3.4,2.082,naturalismo
naturalista,3.68,2.116,naturalista
naufragar,2.95,1.572,naufragar
náufrago,2.8,2.118,naufrago
náutico,2.84,1.7,nautico
naval,3.72,1.882,naval
navarra,2.96,2.371,navarra
navarro,2.476,1.721,navarro
nave,3.48,2.124,nave
navegable,3.28,1.768,navegable
navegación,3.19,1.601,navegacion
navegador,3.8,2.142,navegador
navegante,2.909,2.022,navegante
navideño,2.87,1.842,navideno
naviero,1.923,1.441,naviero
navío,2.222,1.833,navio
nazismo,3.435,2.212,nazismo
neblina,3.88,2.223,neblina
nebulosa,3.4,2.16,nebulosa
necedad,2.824,1.704,necedad
necesario,3.44,2.063,necesario
necesidad,3.19,1.601,necesidad
neerlandés,2.583,1.954,neerlandes
nefasta,3.696,1.845,nefasta
negación,4.64,1.578,negacion
negar,3.375,2.337,negar
negativa,3.84,2.192,negativa
negligente,3.048,2.085,negligente
negociación,3.381,1.962,negociacion
negociado,3.68,2.249,negociado
negociador,2.273,1.695,negociador
negociadora,2.52,1.531,negociadora
negocio,2.56,2.043,negocio
negra,3.56,2.181,negra
negrata,1.524,1.289,negrata
negrillo,3.0,1.789,negrillo
negrita,3.1,2.404,negrita
negro,3.44,2.181,negro
negrura,2.864,1.67,negrura
nena,4.1,2.1,nena
nenuco,3.36,1.934,nenuco
nenúfar,3.0,1.883,nenufar
neoclásico,2.84,2.135,neoclasico
neoliberal,2.524,1.861,neoliberal
neoliberalismo,2.56,1.71,neoliberalismo
neón,3.292,1.829,neon
neoyorquino,3.565,2.191,neoyorquino
nerviosismo,4.56,1.917,nerviosismo
neto,1.947,1.177,neto
neumonía,2.0,1.304,neumonia
neurociencia,2.913,1.975,neurociencia
neurología,2.92,1.935,neurologia
neuronal,2.714,2.077,neuronal
neurosis,2.762,1.947,neurosis
neutral,2.818,1.651,neutral
neutralidad,3.85,1.785,neutralidad
neutralizar,2.857,1.682,neutralizar
neutro,2.636,1.916,neutro
nevada,2.227,1.716,nevada
nevado,3.28,1.745,nevado
nevar,2.682,1.887,nevar
nexo,2.364,1.432,nexo
nicaragüense,2.5,1.793,nicaraguense
nicho,2.238,1.578,nicho
nicotina,2.0,1.447,nicotina
nido,3.16,1.795,nido
nigeriano,2.4,1.698,nigeriano
nihilismo,3.0,2.074,nihilismo
ninfa,1.667,1.238,ninfa
ningún,3.667,1.56,ningun
ninguna,1.952,1.161,ninguna
ninguno,2.3,1.49,ninguno
ninja,3.792,2.167,ninja
niñez,4.455,2.304,ninez
níquel,2.48,2.084,niquel
níspero,2.087,1.311,nispero
nítida,3.318,2.255,nitida
nitidez,3.7,2.003,nitidez
nitrato,2.5,2.22,nitrato
nivelación,2.56,1.417,nivelacion
nivelador,2.6,1.818,nivelador
noble,2.455,1.625,noble
nobleza,2.652,1.526,nobleza
nocivo,1.333,0.856,nocivo
nocturno,3.8,2.291,nocturno
nodo,2.9,1.683,nodo
nodriza,2.208,1.444,nodriza
nogal,3.55,2.188,nogal
nómada,2.417,1.816,nomada
nombramiento,3.792,1.933,nombramiento
nombrar,3.375,2.06,nombrar
nomenclatura,1.095,0.436,nomenclatura
nomeolvides,3.5,2.133,nomeolvides
nómina,1.826,1.154,nomina
nominación,2.381,1.717,nominacion
nominal,2.64,1.578,nominal
nordeste,3.24,2.087,nordeste
nórdica,2.5,1.504,nordica
noreste,2.773,1.875,noreste
norma,2.417,1.64,norma
normal,2.81,2.015,normal
normalidad,2.8,2.041,normalidad
normalización,2.583,1.792,normalizacion
normalizar,2.48,1.558,normalizar
normandía,1.55,1.395,normandia
normativa,3.417,1.976,normativa
noroccidental,2.56,1.981,noroccidental
noroeste,2.905,2.211,noroeste
nororiental,2.389,1.819,nororiental
norte,3.3,1.976,norte
norteamericano,3.4,2.432,norteamericano
norteña,3.15,1.785,nortena
noruego,4.4,2.255,noruego
nostalgia,3.286,1.707,nostalgia
nota,3.28,1.969,nota
notación,1.84,1.313,notacion
notar,2.095,1.221,notar
noticia,2.591,1.894,noticia
noticiero,2.87,1.866,noticiero
notificación,4.05,2.064,notificacion
notificar,2.476,1.537,notificar
noto,1.909,1.306,noto
notoriedad,3.35,2.084,notoriedad
notorio,2.96,1.881,notorio
nova,1.571,0.938,nova
novato,3.24,1.855,novato
novel,3.0,1.758,novel
novelista,3.417,1.767,novelista
noveno,2.87,2.282,noveno
noventa,3.043,1.821,noventa
noviazgo,3.92,2.06,noviazgo
novicia,4.042,1.805,novicia
novicio,1.96,1.67,novicio
noviembre,1.913,1.505,noviembre
novillero,2.909,1.63,novillero
novillo,2.842,1.708,novillo
nube,2.84,2.055,nube
nublarse,2.5,1.711,nublarse
nubosidad,3.35,2.231,nubosidad
nuboso,2.762,1.895,nuboso
nuca,2.4,1.633,nuca
núcleo,2.739,1.657,nucleo
nuera,1.81,1.401,nuera
nuevo,2.789,1.653,nuevo
nuez,2.72,1.969,nuez
nula,3.64,2.059,nula
nulidad,3.24,1.899,nulidad
numeración,3.682,2.212,numeracion
numerar,2.478,1.806,numerar
numérica,2.636,1.733,numerica
numerosa,3.88,2.088,numerosa
nunca,3.952,2.397,nunca
nupcial,2.76,2.127,nupcial
nutrición,1.571,0.926,nutricion
nutricional,3.0,1.622,nutricional
nutritivo,3.0,1.956,nutritivo
ñu,4.2,2.327,nu
obediencia,2.182,1.5,obediencia
obediente,2.6,1.555,obediente
obelisco,3.92,2.159,obelisco
obertura,3.125,1.872,obertura
obeso,4.4,2.141,obeso
obispado,2.389,1.914,obispado
objeción,1.619,1.244,objecion
objetar,3.8,1.708,objetar
objetiva,1.783,1.313,objetiva
objetividad,1.727,1.202,objetividad
objetivo,2.286,1.793,objetivo
oblicua,3.348,1.748,oblicua
obligación,3.16,1.818,obligacion
obligar,2.952,1.746,obligar
obligatoriedad,2.1,1.804,obligatoriedad
obligatorio,3.65,1.843,obligatorio
oboe,4.35,1.954,oboe
obra,3.12,1.943,obra
obrar,3.12,1.691,obrar
obrero,2.7,1.78,obrero
obscuridad,3.381,1.83,obscuridad
obscuro,3.5,2.307,obscuro
observable,2.52,2.104,observable
observación,3.2,2.102,observacion
observador,3.261,2.158,observador
observancia,1.762,1.446,observancia
observar,2.72,1.768,observar
observatorio,4.429,2.378,observatorio
obsesiva,3.381,1.884,obsesiva
obsoleto,2.238,1.446,obsoleto
obstaculizar,3.4,2.0,obstaculizar
obstáculo,3.68,2.096,obstaculo
obstante,1.708,0.999,obstante
obstinación,2.684,1.6,obstinacion
obstrucción,2.84,1.65,obstruccion
obtención,2.435,1.619,obtencion
obtener,3.36,1.68,obtener
obtuso,2.333,1.461,obtuso
obviar,2.44,1.53,obviar
obvio,3.789,2.299,obvio
ocasión,2.44,1.828,ocasion
ocasional,3.12,1.856,ocasional
ocasionar,1.826,1.37,ocasionar
occidental,2.96,2.169,occidental
occidente,2.478,1.904,occidente
oceánica,3.55,2.438,oceanica
oceanografía,3.375,1.996,oceanografia
ochenta,3.316,2.136,ochenta
ocio,2.68,1.626,ocio
ociosidad,2.05,1.395,ociosidad
ocioso,2.048,1.203,ocioso
ocre,2.474,1.712,ocre
octava,2.84,2.055,octava
octavilla,2.588,1.77,octavilla
octavo,3.091,1.95,octavo
octogonal,3.88,2.166,octogonal
octubre,1.095,0.301,octubre
ocular,3.2,2.191,ocular
oculista,3.19,2.112,oculista
oculta,2.857,2.151,oculta
ocultación,2.773,1.824,ocultacion
ocultar,2.522,1.702,ocultar
ocultismo,3.136,1.983,ocultismo
ocultista,3.56,1.895,ocultista
ocupación,3.92,1.824,ocupacion
ocupacional,3.105,2.052,ocupacional
ocupante,3.182,1.736,ocupante
ocupar,2.87,1.74,ocupar
ocurrencia,1.95,1.146,ocurrencia
ocurrir,1.952,1.627,ocurrir
oda,2.571,2.111,oda
odia,3.095,1.411,odia
odisea,2.542,2.105,odisea
odontólogo,3.35,1.872,odontologo
oeste,2.391,1.725,oeste
ofendido,3.174,1.8,ofendido
ofensiva,2.875,1.941,ofensiva
ofensivo,3.13,1.817,ofensivo
oferta,2.56,1.583,oferta
oficial,2.895,1.883,oficial
oficialidad,3.32,1.994,oficialidad
oficinas,1.857,1.315,oficinas
oficinista,2.85,1.694,oficinista
oficio,2.32,1.464,oficio
ofrecer,2.81,1.965,ofrecer
ofrecimiento,1.636,1.093,ofrecimiento
ofrenda,5.2,2.121,ofrenda
ogro,3.952,2.355,ogro
oída,4.227,2.092,oida
oído,3.238,2.119,oido
oír,3.333,2.058,oir
ojal,2.444,1.977,ojal
ojeada,3.826,2.188,ojeada
ojete,2.5,1.566,ojete
ojito,4.36,2.234,ojito
ojo,3.8,2.432,ojo
ola,3.417,2.244,ola
oleada,4.2,1.893,oleada
oleaje,3.667,1.906,oleaje
óleo,3.64,1.934,oleo
oleoducto,2.4,1.805,oleoducto
oler,2.571,1.859,oler
olfatear,3.88,2.048,olfatear
olfato,2.227,1.27,olfato
oligarquía,2.182,1.5,oligarquia
oliva,2.92,1.656,oliva
olivar,2.682,1.615,olivar
olivo,2.75,2.005,olivo
olmo,1.714,1.521,olmo
olor,3.16,1.7,olor
omega,2.9,1.971,omega
omisión,2.286,1.309,omision
omiso,2.381,1.465,omiso
omitir,2.227,1.572,omitir
omnipotencia,3.333,2.278,omnipotencia
omnipotente,3.182,1.967,omnipotente
omnipresente,3.36,2.079,omnipresente
omoplato,1.895,1.883,omoplato
onda,3.0,1.667,onda
one,2.8,2.016,one
ontología,2.125,1.727,ontologia
ontológico,2.957,1.77,ontologico
onza,3.6,2.198,onza
opacidad,2.348,1.748,opacidad
opcional,3.476,2.015,opcional
ópera,3.773,1.95,opera
operacional,2.92,1.847,operacional
operador,2.16,1.405,operador
operadora,3.19,1.692,operadora
operando,2.64,2.099,operando
operar,2.92,1.579,operar
operario,1.857,1.459,operario
operatividad,2.182,1.435,operatividad
operativo,2.84,1.908,operativo
opina,2.4,1.354,opina
opinar,3.0,2.121,opinar
oponente,2.0,1.633,oponente
oponer,1.429,1.076,oponer
oporto,2.143,1.352,oporto
oportunismo,2.955,2.035,oportunismo
oportunista,3.32,2.116,oportunista
oportuno,3.045,1.889,oportuno
opositor,3.8,1.915,opositor
opositora,2.96,2.071,opositora
opresión,3.381,1.717,opresion
optar,1.571,0.978,optar
optimista,2.818,1.68,optimista
optimización,2.96,1.989,optimizacion
optimizar,2.045,1.463,optimizar
óptimo,3.32,2.193,optimo
opuesto,2.76,1.899,opuesto
opulencia,2.571,1.604,opulencia
oráculo,2.227,1.478,oraculo
orador,3.96,2.071,orador
oradora,1.619,1.117,oradora
oral,3.792,1.978,oral
oratoria,2.381,1.627,oratoria
oratorio,3.08,1.977,oratorio
órbita,3.238,1.868,orbita
orbital,2.864,1.583,orbital
orbitar,2.68,1.842,orbitar
orca,2.45,1.986,orca
orden,2.5,1.871,orden
ordenación,2.875,1.777,ordenacion
ordenamiento,2.833,1.786,ordenamiento
ordenando,3.8,1.803,ordenando
ordenanza,2.789,1.782,ordenanza
ordenar,2.708,1.756,ordenar
ordinario,2.455,1.471,ordinario
orégano,2.211,1.584,oregano
orejas,2.76,1.832,orejas
orejero,2.739,1.888,orejero
orfebrería,1.538,1.391,orfebreria
orgánica,2.75,1.824,organica
organigrama,3.2,2.062,organigrama
organillo,2.35,1.496,organillo
organismo,2.88,1.641,organismo
organista,2.84,1.908,organista
organización,2.905,2.256,organizacion
organizador,2.545,1.503,organizador
organizar,2.261,1.936,organizar
organizativa,2.522,1.78,organizativa
orgía,3.88,2.108,orgia
orientación,3.565,2.085,orientacion
oriental,1.524,1.25,oriental
orientar,2.714,1.875,orientar
oriente,3.68,2.268,oriente
orificio,3.36,1.912,orificio
origen,2.917,1.767,origen
originalidad,2.92,1.778,originalidad
originar,2.76,1.832,originar
originario,2.095,1.375,originario
orilla,2.81,2.089,orilla
ornamentación,3.125,1.872,ornamentacion
ornamental,3.1,1.651,ornamental
ornamento,1.5,0.827,ornamento
ornitorrinco,2.76,1.985,ornitorrinco
orquestación,3.174,2.249,orquestacion
orquestal,2.0,1.338,orquestal
ortodoxa,2.52,1.896,ortodoxa
ortodoxia,2.238,1.221,ortodoxia
ortogonal,2.773,1.716,ortogonal
ortografía,3.696,2.305,ortografia
orujo,1.882,1.453,orujo
osa,2.56,1.805,osa
osadía,3.0,1.756,osadia
oscar,1.727,1.453,oscar
oscilación,2.682,2.009,oscilacion
oscurecer,3.667,2.082,oscurecer
oscuridad,2.917,1.886,oscuridad
ósea,3.88,2.205,osea
osito,3.545,1.92,osito
ostentación,3.5,1.906,ostentacion
ostentar,3.208,2.187,ostentar
osteoporosis,2.136,1.642,osteoporosis
otorgamiento,3.13,1.961,otorgamiento
otro,3.0,2.236,otro
ovación,2.0,1.512,ovacion
oval,3.25,2.074,oval
óvalo,2.238,1.786,ovalo
ovario,3.708,2.349,ovario
ovarios,4.0,1.979,ovarios
ovino,2.609,1.725,ovino
óvulo,2.318,1.756,ovulo
oxidación,3.96,1.989,oxidacion
oxido,3.48,1.711,oxido
óxido,2.773,2.092,oxido
oxigeno,3.9,2.245,oxigeno
oxígeno,2.92,1.869,oxigeno
oyente,4.1,2.36,oyente
ozono,2.833,1.685,ozono
pabellón,2.864,1.699,pabellon
pachanga,2.952,2.037,pachanga
pachangueo,2.64,1.823,pachangueo
pachanguera,3.8,2.179,pachanguera
pacharán,3.15,2.134,pacharan
paciencia,2.227,1.602,paciencia
pacífica,3.652,2.102,pacifica
pacificación,3.32,2.096,pacificacion
pacificar,3.087,1.564,pacificar
pacifista,2.6,1.875,pacifista
paco,2.0,1.595,paco
pactar,3.8,1.803,pactar
padecimiento,3.04,1.791,padecimiento
padrastro,1.714,1.007,padrastro
padrino,2.571,1.568,padrino
padrón,2.143,1.682,padron
paellera,2.591,1.764,paellera
paganismo,2.0,1.549,paganismo
pagano,2.76,1.763,pagano
pagar,2.909,2.022,pagar
pago,3.44,2.123,pago
pagos,1.864,1.49,pagos
país,3.0,2.398,pais
paisano,2.95,2.114,paisano
paja,2.318,1.615,paja
pajarita,3.435,1.95,pajarita
paje,2.261,1.602,paje
pajillero,2.0,1.338,pajillero
pakistaní,3.286,2.432,pakistani
palabra,2.28,1.671,palabra
paladar,3.208,1.668,paladar
palanca,3.04,1.968,palanca
palco,1.955,1.327,palco
paleolítico,1.955,1.174,paleolitico
paleontología,1.909,1.269,paleontologia
paleontólogo,1.143,0.478,paleontologo
palestina,2.348,2.014,palestina
palestino,3.095,2.234,palestino
palestra,2.375,1.377,palestra
paleta,3.211,2.097,paleta
paliar,2.792,1.793,paliar
palidecer,1.909,1.375,palidecer
palidez,2.609,1.699,palidez
pálido,1.737,1.522,palido
palio,2.5,1.235,palio
paliza,3.095,1.786,paliza
palmera,2.818,1.816,palmera
palmo,2.45,1.356,palmo
palometa,2.056,1.434,palometa
palpable,3.833,1.834,palpable
palpitante,3.7,1.593,palpitante
paludismo,1.45,0.686,paludismo
palurdo,3.421,2.036,palurdo
pan,2.048,1.687,pan
pana,1.762,0.831,pana
panadería,3.783,2.411,panaderia
panameño,2.92,2.1,panameno
panchanga,3.85,2.207,panchanga
panchito,1.85,1.424,panchito
páncreas,2.32,1.819,pancreas
pandemia,2.65,1.694,pandemia
pandereta,3.81,1.914,pandereta
pandilla,2.913,2.065,pandilla
panel,1.818,1.435,panel
panera,3.708,2.293,panera
panfleto,4.0,1.633,panfleto
panoli,3.45,1.959,panoli
panorama,2.579,1.895,panorama
panorámica,2.913,1.998,panoramica
pantalla,2.857,2.081,pantalla
pantalón,1.727,1.12,pantalon
pantanoso,3.864,1.859,pantanoso
panteón,2.667,1.461,panteon
pantomima,3.13,1.842,pantomima
pantorrilla,2.84,1.841,pantorrilla
pantufla,3.429,1.832,pantufla
panza,3.6,2.309,panza
paño,2.65,2.11,pano
papá,3.875,2.401,papa
papado,2.579,2.244,papado
papal,2.938,1.948,papal
papanatas,3.45,2.064,papanatas
papaya,2.762,1.67,papaya
papear,2.08,1.412,papear
papelera,2.667,1.742,papelera
papeleta,4.6,2.21,papeleta
paperas,2.783,1.93,paperas
papiro,2.8,1.704,papiro
paquete,4.476,2.015,paquete
paquistaní,2.609,1.803,paquistani
par,3.421,2.168,par
paraba,1.95,1.538,paraba
parábola,2.545,2.017,parabola
paracaidismo,3.043,1.821,paracaidismo
parada,3.68,1.994,parada
paradero,3.304,2.055,paradero
paradigma,2.6,1.555,paradigma
parado,3.136,1.959,parado
paradoja,3.16,1.7,paradoja
paradójico,3.04,1.837,paradojico
paraguaya,2.727,1.83,paraguaya
paraguayo,3.6,1.848,paraguayo
paragüero,3.261,2.072,paraguero
paraje,3.381,1.83,paraje
paralelismo,3.44,2.162,paralelismo
paralelo,3.905,2.095,paralelo
paralización,3.13,1.687,paralizacion
paralizar,3.52,1.917,paralizar
parámetro,2.76,1.877,parametro
paramilitar,3.35,1.872,paramilitar
páramo,3.273,1.667,paramo
paranoia,3.92,2.06,paranoia
parapente,3.286,1.848,parapente
parar,1.905,1.338,parar
parca,2.263,1.522,parca
parcela,2.273,1.667,parcela
parche,3.19,1.692,parche
parcialidad,2.095,1.221,parcialidad
pardillo,3.05,2.139,pardillo
pareado,2.708,1.681,pareado
parecer,2.32,1.796,parecer
parejo,3.368,2.06,parejo
parental,3.773,2.069,parental
parentesco,2.545,1.792,parentesco
paréntesis,2.87,1.938,parentesis
pareo,2.609,1.644,pareo
paridad,3.0,1.865,paridad
parienta,1.826,1.302,parienta
pariente,2.261,1.484,pariente
parir,2.682,1.912,parir
parisiense,3.696,2.098,parisiense
parisina,3.273,2.074,parisina
parisino,2.9,1.774,parisino
parking,2.85,1.663,parking
parkinson,2.8,1.979,parkinson
parlamentario,2.095,1.221,parlamentario
parlamento,3.542,2.245,parlamento
paro,3.042,2.116,paro
parodia,2.053,1.177,parodia
parón,3.87,2.201,paron
párpado,3.522,2.172,parpado
parra,2.286,2.004,parra
parricidio,3.167,1.917,parricidio
parrilla,3.95,2.089,parrilla
párroco,2.24,1.508,parroco
parroquia,1.238,0.539,parroquia
parroquial,3.522,2.129,parroquial
partición,3.0,1.581,particion
participación,2.56,1.917,participacion
participante,2.5,1.769,participante
participar,3.0,1.673,participar
participativa,1.455,1.101,participativa
partícipe,2.238,1.64,participe
partícula,2.636,1.941,particula
particular,2.16,1.864,particular
particularidad,2.737,1.727,particularidad
partida,1.864,1.49,partida
partidario,2.333,1.683,partidario
partidista,2.56,1.609,partidista
partido,3.48,2.257,partido
partir,3.4,2.102,partir
partitura,2.789,2.07,partitura
pasadizo,3.476,1.692,pasadizo
pasajera,3.28,1.86,pasajera
pasajero,3.1,1.832,pasajero
pasamanos,4.52,2.124,pasamanos
pasapáginas,3.76,2.185,pasapaginas
pasaporte,2.182,1.763,pasaporte
pasapurés,1.875,0.957,pasapures
pasar,2.739,1.789,pasar
pasarela,3.095,1.998,pasarela
pasatiempo,4.905,1.895,pasatiempo
pascua,2.591,1.894,pascua
pasional,3.88,1.509,pasional
pasionaria,3.96,1.814,pasionaria
pasivo,2.44,1.53,pasivo
pasmarote,2.381,1.774,pasmarote
paso,2.5,1.946,paso
pasodoble,3.583,2.02,pasodoble
pastar,4.56,1.685,pastar
pastilla,2.68,1.725,pastilla
pasto,3.8,2.217,pasto
pastoral,3.12,1.563,pastoral
pastoreo,2.524,1.692,pastoreo
pastoril,2.4,1.528,pastoril
patada,2.609,1.672,patada
patán,4.143,2.007,patan
patata,4.2,1.979,patata
paté,2.095,1.513,pate
paterna,2.696,1.69,paterna
paternal,4.2,2.262,paternal
paternidad,2.88,1.833,paternidad
patético,2.318,1.492,patetico
patín,3.72,1.99,patin
patinaje,4.5,2.164,patinaje
patinar,2.227,1.541,patinar
patio,2.174,1.466,patio
patógeno,2.85,1.814,patogeno
patología,2.632,1.892,patologia
patológico,2.25,1.682,patologico
patria,2.76,1.809,patria
patriarca,3.522,1.974,patriarca
patriarcal,3.826,2.348,patriarcal
patrimonial,1.85,1.348,patrimonial
patrimonio,2.143,1.769,patrimonio
patriótico,2.68,1.6,patriotico
patriotismo,3.087,1.975,patriotismo
patrocinado,2.333,1.592,patrocinado
patrocinador,1.9,1.447,patrocinador
patrocinio,2.208,1.817,patrocinio
patrona,3.24,1.855,patrona
patronal,2.72,1.339,patronal
patrono,3.208,1.693,patrono
patrullar,2.957,1.846,patrullar
patuco,4.421,2.168,patuco
paulatina,3.24,1.832,paulatina
pauta,2.619,1.627,pauta
pava,2.864,1.983,pava
pavada,2.615,1.981,pavada
pazguato,2.9,1.969,pazguato
peaje,2.6,1.658,peaje
peatonal,3.0,2.179,peatonal
pecador,2.952,1.596,pecador
pecho,2.864,1.91,pecho
peculiar,2.095,1.338,peculiar
peculiaridad,2.636,1.255,peculiaridad
pedagogía,2.762,1.546,pedagogia
pedagógica,1.7,0.923,pedagogica
pedagogo,3.28,2.151,pedagogo
pederastia,2.92,1.891,pederastia
pedestal,3.0,1.581,pedestal
pedir,2.368,1.422,pedir
pedo,3.364,2.172,pedo
pedofilia,1.45,0.999,pedofilia
pedorro,5.273,1.751,pedorro
pegajoso,3.84,1.972,pegajoso
pelador,2.96,2.091,pelador
pelagatos,2.789,1.932,pelagatos
pelaje,2.8,1.472,pelaje
pelandrusco,3.56,2.083,pelandrusco
pelapatatas,3.1,2.337,pelapatatas
pelar,2.476,1.721,pelar
peldaño,2.8,1.893,peldano
pelea,3.364,1.989,pelea
pelele,2.895,1.696,pelele
peligrosidad,3.727,1.956,peligrosidad
pella,2.5,1.713,pella
pellejo,2.905,1.868,pellejo
pelma,2.292,1.681,pelma
pelo,1.75,1.713,pelo
pelotón,3.76,1.964,peloton
peludo,3.826,2.059,peludo
peluquería,2.25,1.7,peluqueria
pelvis,2.0,1.265,pelvis
penal,3.619,2.247,penal
penalización,2.435,1.674,penalizacion
penalizar,2.905,1.546,penalizar
penalti,1.909,1.509,penalti
penco,2.909,1.716,penco
pender,2.095,1.67,pender
pendón,3.909,2.348,pendon
péndulo,3.524,1.965,pendulo
pene,2.125,1.597,pene
penetrante,3.15,2.007,penetrante
penetrar,3.375,2.123,penetrar
penicilina,2.579,2.143,penicilina
península,2.292,1.781,peninsula
peninsular,3.739,2.158,peninsular
penique,2.545,1.738,penique
penitencia,3.042,1.876,penitencia
penitenciario,3.16,1.93,penitenciario
penitente,3.792,1.956,penitente
pensador,2.091,1.63,pensador
pensante,3.24,2.185,pensante
pensar,3.208,2.105,pensar
pensativo,2.56,1.981,pensativo
pentagrama,2.947,2.094,pentagrama
penúltimo,3.19,2.136,penultimo
penumbra,2.955,1.588,penumbra
penuria,4.12,1.856,penuria
peña,2.714,1.648,pena
peñasco,2.864,1.959,penasco
peñón,3.56,1.828,penon
peor,3.682,2.056,peor
pepino,3.0,2.111,pepino
peque,4.96,2.263,peque
pequeñez,4.08,1.754,pequenez
pera,3.0,2.0,pera
peral,2.864,2.436,peral
percance,1.955,1.29,percance
percatar,2.44,1.685,percatar
percebe,3.167,2.316,percebe
percepción,2.25,1.595,percepcion
perceptible,2.095,1.3,perceptible
perchero,1.826,1.37,perchero
percibir,2.0,1.38,percibir
percibo,2.5,1.97,percibo
perdón,3.409,2.062,perdon
perdurable,2.0,1.517,perdurable
perdurar,2.0,1.309,perdurar
perecer,1.667,1.534,perecer
peregrina,1.455,0.8,peregrina
peregrinación,4.0,2.273,peregrinacion
peregrinaje,2.88,2.048,peregrinaje
peregrino,1.864,1.167,peregrino
perejil,3.56,1.895,perejil
perenne,2.25,1.612,perenne
pereza,2.952,1.658,pereza
perfeccionamiento,2.818,2.108,perfeccionamiento
perfeccionar,2.8,1.936,perfeccionar
perfecto,1.81,1.365,perfecto
perfilar,2.348,1.695,perfilar
perforación,4.55,2.164,perforacion
perforar,3.045,1.939,perforar
pergamino,3.292,2.236,pergamino
pericia,2.35,1.755,pericia
pericial,1.706,1.263,pericial
periferia,3.24,2.087,periferia
periférica,3.1,1.861,periferica
perífrasis,2.696,1.917,perifrasis
perímetro,3.32,1.973,perimetro
periódica,2.708,1.922,periodica
periodicidad,2.435,1.59,periodicidad
periodismo,2.304,1.55,periodismo
periodística,3.13,2.096,periodistica
periodo,2.087,1.505,periodo
período,2.32,1.406,periodo
peripecia,2.952,1.322,peripecia
perito,2.0,1.474,perito
perjudicial,2.958,1.706,perjudicial
perjuicio,3.0,2.043,perjuicio
perjurio,2.882,1.576,perjurio
perla,2.522,1.729,perla
permanecer,2.75,2.074,permanecer
permanencia,3.4,1.848,permanencia
permanente,1.762,1.338,permanente
permeabilidad,3.85,1.755,permeabilidad
permiso,2.0,1.298,permiso
permitir,2.87,1.984,permitir
perniciosa,1.929,1.328,perniciosa
pero,2.318,1.644,pero
perol,3.1,2.079,perol
perola,3.278,1.904,perola
peroné,1.8,1.414,perone
perpendicular,2.714,1.793,perpendicular
perpetua,2.917,1.998,perpetua
perpetuar,3.36,2.059,perpetuar
perpetuidad,1.909,1.716,perpetuidad
perplejidad,3.68,1.842,perplejidad
perplejo,3.167,2.078,perplejo
perra,3.043,2.306,perra
perrito,3.857,2.128,perrito
perroflauta,2.542,2.0,perroflauta
persa,3.04,1.67,persa
perseguidor,2.652,1.849,perseguidor
perseguir,2.591,1.894,perseguir
perseverancia,2.68,1.952,perseverancia
persianas,2.64,2.018,persianas
persistencia,3.36,1.705,persistencia
persistente,3.696,1.987,persistente
persistir,3.0,2.024,persistir
personaje,4.4,2.121,personaje
personal,2.5,2.018,personal
personalidad,2.762,1.868,personalidad
personificación,2.045,1.558,personificacion
perspectiva,2.3,1.559,perspectiva
perspicacia,1.95,1.572,perspicacia
perspicaz,3.083,2.041,perspicaz
persuadir,2.364,1.529,persuadir
persuasión,3.12,1.81,persuasion
pertenecer,2.19,1.721,pertenecer
pertenecería,2.24,1.562,perteneceria
perteneciente,2.952,1.431,perteneciente
pertenencia,2.826,1.8,pertenencia
pértiga,3.0,1.871,pertiga
pertinaz,3.8,2.38,pertinaz
pertinencia,1.957,1.186,pertinencia
pertinente,2.714,1.347,pertinente
perturbación,2.833,1.711,perturbacion
perturbar,2.667,1.278,perturbar
peruano,3.2,1.979,peruano
perversidad,2.19,1.504,perversidad
pesadez,3.053,1.715,pesadez
pesadumbre,3.96,2.15,pesadumbre
pésame,3.182,1.68,pesame
pesas,2.8,1.609,pesas
pesca,3.158,1.893,pesca
pescadero,2.381,1.499,pescadero
pescadilla,2.5,1.406,pescadilla
pescaditos,3.381,1.91,pescaditos
pescar,3.48,2.064,pescar
pescuezo,3.0,1.764,pescuezo
pesebre,3.25,2.027,pesebre
peseta,1.818,1.368,peseta
pésima,3.174,1.875,pesima
peso,2.857,1.558,peso
pesquera,2.92,2.06,pesquera
pesquero,3.24,1.877,pesquero
pestañas,2.0,1.285,pestanas
petanca,2.348,1.641,petanca
petarda,4.6,1.732,petarda
petición,2.19,1.806,peticion
petirrojo,3.333,1.958,petirrojo
peto,2.81,1.99,peto
petrolero,4.36,2.177,petrolero
petunia,2.6,1.936,petunia
pía,2.333,2.06,pia
piadoso,2.476,1.632,piadoso
pianista,2.619,1.884,pianista
pianola,3.167,1.993,pianola
piar,6.045,1.704,piar
pica,3.857,2.308,pica
picadero,3.48,2.104,picadero
picador,3.68,2.135,picador
picadora,3.6,1.708,picadora
picaflor,3.375,1.789,picaflor
picante,4.042,2.216,picante
picapleitos,2.958,1.899,picapleitos
picar,4.429,1.66,picar
picardía,4.2,1.893,picardia
pícaro,3.0,1.761,picaro
pico,3.92,2.178,pico
picón,3.28,2.072,picon
picota,3.875,1.746,picota
pictórica,3.2,1.881,pictorica
piedad,2.571,1.748,piedad
pierna,1.958,1.398,pierna
pigmento,2.75,1.743,pigmento
pilar,3.478,2.294,pilar
pilas,1.955,1.463,pilas
píldora,2.636,1.529,pildora
pillaje,2.632,1.571,pillaje
pillo,2.737,1.939,pillo
piltrafa,3.25,1.97,piltrafa
pimentón,3.304,1.717,pimenton
pimienta,3.2,1.871,pimienta
pimiento,2.96,2.031,pimiento
pimientos,3.04,2.208,pimientos
pin,5.043,2.364,pin
pinar,2.8,2.016,pinar
pinche,3.08,2.08,pinche
pintamonas,2.65,1.899,pintamonas
pintar,3.043,1.894,pintar
pinto,2.318,1.555,pinto
pintoresco,3.72,2.151,pintoresco
pinzón,3.667,2.387,pinzon
piña,1.571,1.434,pina
pío,6.5,1.192,pio
piojoso,3.609,2.017,piojoso
pionera,2.45,1.701,pionera
pionero,2.64,1.753,pionero
pipeta,2.778,1.833,pipeta
pipí,5.579,1.346,pipi
pipirigallo,5.235,2.107,pipirigallo
piqué,4.045,2.126,pique
piqueta,3.05,2.064,piqueta
pira,3.467,2.066,pira
piragüismo,3.08,1.935,piraguismo
piramidal,3.545,2.262,piramidal
pirámide,2.571,1.399,piramide
piraña,3.24,1.877,pirana
piratear,3.64,1.955,piratear
piratería,2.8,1.673,pirateria
pirita,2.0,1.414,pirita
pirueta,3.476,1.834,pirueta
pis,5.826,1.696,pis
pisa,3.55,2.259,pisa
pisamierdas,2.318,1.524,pisamierdas
pisar,3.88,2.166,pisar
piso,2.28,1.646,piso
pispa,3.684,2.428,pispa
pispar,4.048,1.884,pispar
pistacho,2.96,2.189,pistacho
pistón,3.0,1.592,piston
pita,2.6,1.759,pita
pitar,5.455,1.92,pitar
pito,4.286,2.053,pito
pívot,3.048,1.962,pivot
pivote,2.81,1.721,pivote
pizca,5.24,1.964,pizca
pizcar,2.895,1.883,pizcar
placa,3.48,1.896,placa
placas,3.522,1.855,placas
placenta,1.81,1.436,placenta
placentero,3.579,2.116,placentero
plaga,4.04,2.051,plaga
plagio,2.773,2.022,plagio
plana,4.083,1.816,plana
planeación,3.056,2.127,planeacion
planeamiento,2.542,1.911,planeamiento
planear,2.773,1.824,planear
planeta,2.0,1.604,planeta
planetario,3.136,1.726,planetario
planicie,2.579,1.539,planicie
planificación,3.28,1.815,planificacion
planificar,3.0,1.708,planificar
plantación,3.3,1.867,plantacion
plantar,2.19,1.834,plantar
plante,1.444,0.705,plante
planteamiento,2.182,1.435,planteamiento
plantear,2.92,1.73,plantear
planteo,2.095,1.578,planteo
plantilla,2.565,1.701,plantilla
plasma,2.857,1.931,plasma
plasmar,2.826,2.208,plasmar
plasta,4.64,2.099,plasta
plástica,2.375,1.498,plastica
plasticidad,4.4,2.198,plasticidad
plastilina,3.333,2.2,plastilina
plata,1.792,1.382,plata
plataforma,1.826,1.337,plataforma
platanero,2.636,2.105,platanero
plátano,3.125,2.401,platano
plátanos,2.579,1.865,platanos
platea,2.471,1.736,platea
plateado,3.6,1.5,plateado
plática,3.368,1.921,platica
platillo,3.56,2.123,platillo
platino,2.708,1.601,platino
plató,3.409,2.175,plato
platónico,2.783,1.882,platonico
plausible,2.65,1.496,plausible
playas,2.045,1.588,playas
playera,3.24,1.921,playera
playero,3.522,2.372,playero
plaza,2.45,1.731,plaza
plazo,2.042,1.16,plazo
plazoleta,3.0,1.864,plazoleta
plebe,2.524,1.75,plebe
plegaria,3.15,2.059,plegaria
plena,3.667,2.198,plena
plenaria,1.882,0.993,plenaria
pleno,3.24,1.943,pleno
plexo,2.2,1.824,plexo
pliego,3.409,1.652,pliego
pliegue,2.64,1.551,pliegue
plomo,3.92,2.253,plomo
plumaje,3.25,1.511,plumaje
plumas,3.0,2.268,plumas
plumífero,3.85,1.843,plumifero
plural,2.826,1.875,plural
pluralidad,3.273,1.316,pluralidad
pluralismo,2.833,2.408,pluralismo
pluralista,2.333,1.606,pluralista
plus,5.04,1.767,plus
plusmarca,2.867,1.922,plusmarca
plusvalía,3.36,1.912,plusvalia
plutón,3.48,2.22,pluton
plutonio,2.81,1.94,plutonio
pluvial,4.0,1.447,pluvial
población,2.591,1.709,poblacion
poblacional,2.56,1.356,poblacional
poblado,3.44,2.063,poblado
poblamiento,1.955,1.43,poblamiento
poblar,3.095,1.841,poblar
pobrecito,3.4,1.732,pobrecito
pocas,3.32,1.909,pocas
poción,3.0,1.979,pocion
poco,2.75,1.511,poco
podadora,3.16,2.135,podadora
poderosa,3.333,2.297,poderosa
podio,2.727,1.882,podio
podólogo,3.0,2.025,podologo
podredumbre,3.4,1.78,podredumbre
poemario,2.579,1.465,poemario
poeta,3.08,2.12,poeta
poética,3.5,1.896,poetica
polaco,2.8,1.848,polaco
polar,2.545,1.792,polar
polaridad,3.2,2.308,polaridad
polarización,2.842,1.675,polarizacion
polca,2.647,1.73,polca
pole,1.722,1.018,pole
polémica,2.182,1.22,polemica
polémico,3.261,2.137,polemico
polen,2.19,1.47,polen
policial,1.619,1.244,policial
polideportivo,2.5,1.933,polideportivo
poliéster,2.875,2.193,poliester
polifónica,3.958,2.032,polifonica
poligonal,2.826,1.922,poligonal
polígono,2.857,2.081,poligono
polímero,2.652,2.036,polimero
polinización,2.952,1.161,polinizacion
polinomio,2.619,1.987,polinomio
polio,2.478,1.675,polio
política,2.217,1.413,politica
póliza,1.833,1.007,poliza
polla,3.92,2.272,polla
pollo,1.762,1.179,pollo
polución,2.35,1.694,polucion
polvo,3.12,2.088,polvo
pomelo,2.208,1.641,pomelo
pómulos,2.091,1.659,pomulos
pon,4.957,2.099,pon
ponche,2.0,1.14,ponche
poncho,2.957,1.846,poncho
ponderación,1.955,1.43,ponderacion
ponderar,2.238,1.67,ponderar
ponencia,2.0,1.363,ponencia
ponente,2.0,1.348,ponente
poner,2.1,1.683,poner
pongo,2.32,1.406,pongo
poni,3.304,2.098,poni
poniente,3.64,2.079,poniente
pontificado,2.636,1.706,pontificado
pontífice,2.333,1.879,pontifice
pontificia,2.12,1.364,pontificia
pop,5.65,1.981,pop
popa,2.636,1.814,popa
populacho,3.0,1.761,populacho
popular,3.12,2.007,popular
populares,2.227,1.51,populares
popularidad,3.143,2.175,popularidad
popularizar,2.364,1.787,popularizar
populismo,2.333,1.592,populismo
populista,2.56,1.85,populista
poquito,5.0,1.871,poquito
porcelana,2.857,1.352,porcelana
porcentaje,1.5,0.964,porcentaje
porcentual,3.375,2.163,porcentual
porche,1.818,1.532,porche
porcino,2.684,1.887,porcino
pormenorizado,3.333,1.857,pormenorizado
porno,3.04,1.814,porno
pornográfico,3.522,2.172,pornografico
porqué,2.636,2.06,porque
porra,3.286,1.978,porra
porrazo,4.318,1.701,porrazo
porro,2.7,1.976,porro
porta,2.812,1.87,porta
portaaviones,2.833,2.16,portaaviones
portada,2.6,1.581,portada
portador,2.545,1.969,portador
portal,2.375,1.765,portal
portar,1.818,1.5,portar
portátil,3.684,2.237,portatil
portavoz,3.368,1.892,portavoz
portazo,2.48,1.806,portazo
porte,4.3,2.618,porte
portera,3.125,2.133,portera
portezuela,1.684,1.734,portezuela
portillo,2.7,1.593,portillo
portón,5.48,1.295,porton
portuaria,2.636,2.105,portuaria
portugués,2.8,1.756,portugues
portuguesa,2.0,1.414,portuguesa
porvenir,2.684,2.029,porvenir
posa,2.533,1.767,posa
posada,2.227,1.572,posada
posar,2.64,1.705,posar
pose,3.0,1.924,pose
poseedor,3.96,2.245,poseedor
poseer,3.0,1.979,poseer
posesión,4.04,1.814,posesion
posgrado,3.28,1.745,posgrado
posguerra,4.24,2.087,posguerra
posibilidad,1.667,1.155,posibilidad
posibilitar,3.4,1.957,posibilitar
posicionamiento,1.833,1.465,posicionamiento
posicionar,2.96,1.62,posicionar
positivismo,3.4,1.893,positivismo
positivista,3.095,1.895,positivista
posó,2.333,1.683,poso
posponer,2.818,1.943,posponer
posta,2.381,1.658,posta
postal,3.36,1.777,postal
poste,3.0,1.911,poste
posteridad,2.957,2.011,posteridad
posterior,2.55,1.638,posterior
posteriori,4.524,2.136,posteriori
posterioridad,2.762,1.64,posterioridad
postgrado,3.348,2.058,postgrado
postguerra,3.96,2.071,postguerra
postre,2.318,1.81,postre
postulado,2.526,1.679,postulado
postular,1.381,0.921,postular
póstumo,2.667,1.713,postumo
postura,2.4,1.528,postura
pota,2.96,1.744,pota
potable,2.091,1.509,potable
potar,5.08,1.498,potar
potasio,2.421,1.835,potasio
potencia,3.56,1.981,potencia
potenciación,3.391,2.061,potenciacion
potencial,3.76,2.006,potencial
potencialidad,3.0,1.817,potencialidad
potenciar,3.0,2.082,potenciar
potente,4.636,1.916,potente
potestad,1.818,1.332,potestad
potrero,2.792,2.021,potrero
potrillo,2.727,1.804,potrillo
potro,2.5,1.642,potro
práctica,3.96,2.131,practica
practicante,3.32,2.304,practicante
practicar,3.16,1.972,practicar
prado,2.24,1.422,prado
pragmático,3.2,2.215,pragmatico
pragmatismo,2.524,1.887,pragmatismo
preámbulo,1.864,1.39,preambulo
precampaña,2.727,1.932,precampana
precaria,2.0,1.265,precaria
precariedad,3.08,2.235,precariedad
precaución,3.435,1.903,precaucion
precedente,1.476,0.873,precedente
preceder,2.64,1.68,preceder
preceptivo,1.714,1.271,preceptivo
precepto,2.421,2.09,precepto
preceptor,2.286,1.678,preceptor
precio,2.08,1.441,precio
preciosa,2.905,1.7,preciosa
precioso,2.318,1.644,precioso
precipitación,3.318,1.862,precipitacion
precipitaciones,3.125,1.65,precipitaciones
precipitar,3.92,2.08,precipitar
precisar,2.92,1.913,precisar
precisión,3.4,1.903,precision
preciso,3.96,1.925,preciso
precocidad,2.526,1.577,precocidad
precolombina,2.053,1.615,precolombina
precoz,2.591,1.992,precoz
precursor,2.2,1.473,precursor
predecesor,2.64,1.63,predecesor
predecesora,2.261,1.764,predecesora
predecible,2.56,1.609,predecible
predecir,3.182,2.152,predecir
predicación,1.909,1.377,predicacion
predicado,2.542,1.693,predicado
predicador,2.88,1.856,predicador
predicar,1.955,1.397,predicar
predicativo,2.095,1.446,predicativo
predicción,2.8,1.555,prediccion
predilección,2.16,1.675,predileccion
predilecto,1.95,1.605,predilecto
predisposición,2.455,1.711,predisposicion
predominar,2.0,1.304,predominar
predominio,1.952,1.244,predominio
preeminencia,2.611,1.539,preeminencia
preescolar,2.64,1.655,preescolar
prefabricada,3.12,1.922,prefabricada
prefacio,1.75,1.055,prefacio
prefecto,2.842,1.675,prefecto
preferencia,3.36,2.018,preferencia
preferencial,3.04,1.881,preferencial
preferente,3.15,1.872,preferente
preferible,2.28,1.792,preferible
preferir,3.4,2.257,preferir
prefijo,3.05,2.164,prefijo
pregunta,2.4,1.78,pregunta
preguntar,3.13,2.262,preguntar
prehispánica,3.24,1.943,prehispanica
prehistoria,4.36,2.059,prehistoria
prehistórico,3.304,2.077,prehistorico
preliminar,2.565,1.701,preliminar
preludio,2.105,1.629,preludio
prematura,2.364,1.761,prematura
premisa,2.08,1.605,premisa
premura,2.667,2.462,premura
prender,2.304,1.608,prender
preocupante,3.696,1.987,preocupante
preparación,1.19,0.602,preparacion
preparador,1.909,1.109,preparador
preparatoria,1.957,1.364,preparatoria
preponderancia,2.688,1.778,preponderancia
preponderante,2.227,1.51,preponderante
preposición,2.304,1.769,preposicion
prepotencia,3.4,2.291,prepotencia
prerrogativa,1.889,1.079,prerrogativa
presagiar,2.0,1.0,presagiar
presagio,2.714,1.617,presagio
prescindir,1.682,1.086,prescindir
prescribir,2.2,1.08,prescribir
prescripción,2.56,1.85,prescripcion
presencia,2.952,1.746,presencia
presenciar,3.2,1.795,presenciar
presentación,2.952,2.085,presentacion
presentar,3.2,2.0,presentar
presentimiento,3.64,2.139,presentimiento
preservación,3.0,2.121,preservacion
preservar,2.8,1.704,preservar
presidencia,3.56,1.895,presidencia
presidenta,3.105,1.912,presidenta
presidiar,2.095,1.609,presidiar
presidio,2.333,1.572,presidio
presidir,2.857,1.74,presidir
presionar,3.24,1.855,presionar
prestación,2.043,1.609,prestacion
préstamo,2.32,1.464,prestamo
prestar,2.409,1.968,prestar
preste,2.043,1.609,preste
presteza,2.842,1.893,presteza
prestigioso,2.55,1.761,prestigioso
presto,2.5,1.395,presto
presumir,2.909,1.925,presumir
presunción,3.2,1.78,presuncion
presunto,2.32,1.626,presunto
presuponer,2.625,1.861,presuponer
presupuestaria,1.8,0.913,presupuestaria
presupuesto,3.043,1.965,presupuesto
pretemporada,2.316,1.6,pretemporada
pretender,1.857,1.352,pretender
pretendiente,1.773,1.412,pretendiente
pretensión,2.619,1.431,pretension
pretérito,2.348,1.695,preterito
pretexto,2.28,1.904,pretexto
prevalecer,2.143,1.352,prevalecer
prevalencia,2.909,1.688,prevalencia
prevaricación,1.765,1.2,prevaricacion
prevención,1.667,1.065,prevencion
prevenir,3.0,1.604,prevenir
preventiva,2.478,1.648,preventiva
prever,3.32,1.842,prever
previa,2.95,1.849,previa
previsible,2.417,1.84,previsible
previsión,2.905,1.609,prevision
previsor,1.286,0.561,previsor
primacía,1.85,1.268,primacia
primar,2.714,1.821,primar
primaria,3.0,1.842,primaria
primer,3.0,2.38,primer
primera,2.455,1.819,primera
primigenio,2.529,1.505,primigenio
primitiva,1.455,1.184,primitiva
primitivo,3.24,1.921,primitivo
primogénito,3.333,2.129,primogenito
primordial,2.478,1.78,primordial
principado,1.333,0.577,principado
principio,3.08,1.891,principio
prior,2.25,1.65,prior
priori,3.25,1.751,priori
prioritario,3.2,1.826,prioritario
prisa,2.667,1.56,prisa
prisionera,2.318,1.701,prisionera
prisma,1.895,1.329,prisma
priva,1.947,1.615,priva
privar,2.87,1.66,privar
privatización,3.143,1.652,privatizacion
privatizar,2.6,2.028,privatizar
proa,2.391,1.5,proa
probable,1.955,1.362,probable
probeta,2.476,1.861,probeta
problemática,2.375,1.715,problematica
procedencia,2.217,1.678,procedencia
procedente,2.1,1.294,procedente
proceder,2.375,1.837,proceder
procedimiento,1.682,1.323,procedimiento
procesado,3.2,1.979,procesado
procesador,2.76,2.047,procesador
procesal,2.333,1.834,procesal
procesamiento,3.045,2.058,procesamiento
procesar,2.091,1.377,procesar
procesión,2.909,1.823,procesion
procesional,1.667,0.84,procesional
procesionaria,2.696,1.964,procesionaria
proclama,2.6,1.581,proclama
proclamación,2.652,1.873,proclamacion
proclamar,2.8,1.633,proclamar
proclive,1.588,0.87,proclive
procreación,2.409,1.709,procreacion
procurador,2.72,2.092,procurador
procurar,2.44,1.609,procurar
prodigalidad,2.643,1.906,prodigalidad
prodigiosa,3.92,1.778,prodigiosa
pródigo,1.955,1.327,prodigo
producción,3.095,2.119,produccion
producir,1.958,0.999,producir
productividad,2.5,1.818,productividad
productivo,3.0,2.318,productivo
productor,3.04,2.071,productor
productora,2.591,1.843,productora
proeza,2.714,1.419,proeza
profana,2.8,1.607,profana
profanación,3.316,2.083,profanacion
profano,2.542,1.615,profano
profecía,2.84,1.818,profecia
proferir,2.36,1.254,proferir
profesa,2.688,1.58,profesa
profesión,3.7,1.593,profesion
profesional,2.696,1.795,profesional
profesionalidad,3.16,1.993,profesionalidad
profesionalismo,3.8,2.062,profesionalismo
profesionalización,2.409,1.764,profesionalizacion
profesorado,3.708,2.136,profesorado
profunda,3.92,1.977,profunda
profundidad,4.55,2.282,profundidad
profundización,2.476,1.75,profundizacion
profundizar,3.25,1.65,profundizar
profundo,4.88,2.068,profundo
profusión,1.667,0.888,profusion
progenitor,3.238,1.895,progenitor
programación,2.636,1.677,programacion
programador,3.6,2.102,programador
progresar,2.88,1.716,progresar
progresión,3.048,1.774,progresion
progresista,2.55,1.986,progresista
progresiva,3.087,1.564,progresiva
prohíbe,2.095,1.48,prohibe
prohibir,4.16,2.055,prohibir
prójimo,2.227,1.572,projimo
prole,1.773,1.232,prole
proletaria,1.714,1.384,proletaria
proletariado,2.435,1.927,proletariado
proliferación,2.25,1.342,proliferacion
prolífico,4.0,1.745,prolifico
prólogo,2.333,1.606,prologo
prolonga,4.238,1.895,prolonga
prolongación,4.48,2.064,prolongacion
prolongar,2.708,1.829,prolongar
promediar,3.1,2.1,promediar
promedio,2.72,1.72,promedio
promesa,1.76,1.332,promesa
prometedor,2.19,1.167,prometedor
prometer,2.048,1.465,prometer
prometida,2.72,1.768,prometida
prometido,2.043,1.261,prometido
prominente,3.88,2.297,prominente
promocional,2.217,1.65,promocional
promocionar,3.375,2.143,promocionar
promotor,2.826,1.899,promotor
promover,2.957,1.942,promover
promulgación,1.95,1.468,promulgacion
promulgar,2.19,1.03,promulgar
pronombre,2.524,1.662,pronombre
pronosticar,2.88,1.878,pronosticar
pronóstico,1.8,1.24,pronostico
pronta,3.8,2.093,pronta
prontitud,1.421,1.121,prontitud
pronto,4.1,2.049,pronto
pronuncia,2.684,1.765,pronuncia
pronunciación,1.571,1.248,pronunciacion
pronunciamiento,3.4,2.217,pronunciamiento
pronunciar,2.591,1.709,pronunciar
propagación,2.8,1.795,propagacion
propaganda,2.909,2.091,propaganda
propagar,2.55,1.395,propagar
propano,2.286,1.736,propano
propensión,2.4,1.732,propension
propenso,1.81,1.537,propenso
propiciar,3.545,1.738,propiciar
propicio,2.35,1.694,propicio
propiedad,2.375,1.61,propiedad
propietaria,3.28,2.052,propietaria
propina,2.88,2.007,propina
propinar,2.895,1.629,propinar
propio,2.429,1.63,propio
proponer,3.32,1.994,proponer
proporcional,2.522,1.534,proporcional
proporcionalidad,2.714,1.678,proporcionalidad
proporcionar,2.667,1.528,proporcionar
proposición,2.667,1.713,proposicion
propósito,2.87,1.914,proposito
propugnar,1.632,1.461,propugnar
propulsión,4.85,1.954,propulsion
propulsor,3.28,1.308,propulsor
prórroga,3.429,1.748,prorroga
prorrogar,3.32,1.651,prorrogar
prosa,2.833,1.971,prosa
proseguir,1.955,1.214,proseguir
prospecto,1.818,1.296,prospecto
próspera,3.85,2.254,prospera
próstata,2.476,1.289,prostata
prostitución,2.68,1.865,prostitucion
protagonismo,2.8,1.732,protagonismo
protagonista,2.864,1.754,protagonista
protagonizar,2.792,2.021,protagonizar
protección,3.227,1.875,proteccion
proteccionismo,2.591,1.79,proteccionismo
proteccionista,2.55,1.504,proteccionista
protector,2.95,1.986,protector
protectorado,2.5,1.532,protectorado
proteína,1.905,1.091,proteina
protesta,2.64,2.039,protesta
protestante,3.72,1.621,protestante
protestantismo,2.571,1.72,protestantismo
protestar,3.619,1.987,protestar
protocolo,2.773,2.069,protocolo
prototipo,2.56,1.66,prototipo
provecho,2.391,1.616,provecho
provechoso,3.35,1.981,provechoso
proveedor,2.565,1.701,proveedor
proveer,2.857,1.558,proveer
proveniente,2.455,2.041,proveniente
provenir,2.72,1.745,provenir
provenzal,2.45,1.538,provenzal
proverbial,3.6,1.803,proverbial
proverbio,2.524,1.692,proverbio
providencia,2.053,1.649,providencia
providencial,2.208,1.141,providencial
provincial,2.565,1.903,provincial
provisión,1.818,1.368,provision
provisional,2.1,1.483,provisional
provocador,3.9,2.15,provocador
provocar,3.2,2.331,provocar
proximidad,3.05,2.012,proximidad
próximo,3.273,2.051,proximo
proyección,2.273,1.609,proyeccion
proyectar,3.4,2.0,proyectar
proyectil,2.773,1.541,proyectil
proyecto,2.88,1.764,proyecto
prudencia,2.87,1.632,prudencia
prudente,2.917,1.998,prudente
prueba,2.84,1.864,prueba
pseudónimo,3.32,1.773,pseudonimo
psicología,2.9,2.024,psicologia
psicológicas,2.318,1.249,psicologicas
psicológico,2.045,1.588,psicologico
psicólogo,3.125,2.112,psicologo
psique,2.952,1.83,psique
psiquiatría,2.88,2.147,psiquiatria
psiquiátrico,3.435,2.128,psiquiatrico
psíquica,4.04,1.859,psiquica
psoriasis,2.9,2.36,psoriasis
púa,4.045,2.193,pua
pubertad,3.0,2.111,pubertad
pubis,2.905,1.814,pubis
pública,2.087,1.505,publica
publicar,2.8,1.658,publicar
publicitaria,3.05,1.638,publicitaria
público,3.0,2.121,publico
puchero,3.9,2.198,puchero
pudor,2.714,1.617,pudor
puebla,2.391,1.588,puebla
pueblecito,4.16,2.014,pueblecito
pueblito,4.48,1.917,pueblito
puerco,3.458,1.793,puerco
pueril,2.238,1.609,pueril
puerro,3.0,2.179,puerro
puertas,3.053,1.87,puertas
puertorriqueño,3.6,2.16,puertorriqueno
pues,2.727,2.142,pues
puesta,2.6,1.323,puesta
puesto,2.652,1.722,puesto
puf,6.25,1.595,puf
pugna,2.118,1.317,pugna
pujante,2.6,1.639,pujante
pujanza,2.375,1.173,pujanza
pulgada,3.143,1.59,pulgada
pulgar,3.75,1.803,pulgar
pulgón,4.105,1.792,pulgon
pulidora,2.458,1.444,pulidora
pulmón,2.84,1.93,pulmon
pulmonar,2.857,1.982,pulmonar
pulmonares,2.591,1.652,pulmonares
pulmonía,2.72,1.882,pulmonia
pulpa,2.571,1.66,pulpa
pulpería,2.08,1.525,pulperia
púlpito,4.261,2.179,pulpito
pulsar,3.571,1.938,pulsar
pulso,3.391,1.588,pulso
puma,3.16,2.135,puma
punk,4.391,1.924,punk
punky,4.833,1.761,punky
punta,4.261,2.072,punta
puntaje,2.524,1.692,puntaje
puntería,2.81,1.914,punteria
puntiaguda,4.88,1.965,puntiaguda
punto,2.381,1.802,punto
puntuación,2.773,1.798,puntuacion
puntual,2.6,1.875,puntual
puntualidad,3.391,1.828,puntualidad
puntualizar,3.826,1.992,puntualizar
punzante,3.8,2.093,punzante
puñado,3.4,2.113,punado
puñetazo,4.909,1.659,punetazo
pupitre,3.75,2.511,pupitre
pura,3.217,2.215,pura
puras,1.833,1.239,puras
puré,1.286,0.784,pure
purga,2.429,1.886,purga
purificación,2.8,1.528,purificacion
purificar,3.32,2.322,purificar
púrpura,3.19,1.94,purpura
puta,3.091,2.114,puta
putada,3.92,2.12,putada
putón,4.16,2.055,puton
putrefacción,3.48,2.064,putrefaccion
quad,3.458,2.0,quad
que,4.08,2.1,que
quebrada,3.292,2.156,quebrada
quebrantahuesos,3.792,2.604,quebrantahuesos
quebrantar,3.913,1.881,quebrantar
quebranto,2.368,1.383,quebranto
quebrar,4.16,1.886,quebrar
quechua,3.143,1.982,quechua
quedar,2.652,2.058,quedar
quedo,3.13,2.052,quedo
quehacer,3.042,1.853,quehacer
quejar,2.333,1.623,quejar
quema,2.619,2.109,quema
querella,2.5,1.792,querella
querer,3.52,1.828,querer
queso,2.2,1.756,queso
quicio,2.333,1.465,quicio
quien,2.92,1.913,quien
quilla,2.211,1.686,quilla
químico,3.64,1.8,quimico
quincena,3.227,2.092,quincena
quinta,2.583,1.64,quinta
quinteto,4.2,1.936,quinteto
quinto,2.2,1.936,quinto
quiquiriquí,2.917,2.283,quiquiriqui
quirófano,2.5,1.933,quirofano
quiste,3.16,1.795,quiste
quitameriendas,3.429,2.501,quitameriendas
quitar,2.52,1.873,quitar
quite,2.263,1.522,quite
quito,2.917,1.84,quito
quizá,3.52,1.96,quiza
quizás,2.7,2.08,quizas
rábano,2.95,1.932,rabano
rabino,2.773,1.998,rabino
rabioso,3.0,1.976,rabioso
rabo,3.75,2.613,rabo
racha,3.44,2.022,racha
racimo,3.0,1.852,racimo
raciocinio,2.944,2.014,raciocinio
ración,3.8,2.262,racion
racional,2.8,1.633,racional
racionalidad,2.96,1.791,racionalidad
racionalismo,3.476,2.064,racionalismo
racionalista,2.542,1.865,racionalista
racionalización,3.52,2.143,racionalizacion
racionalizar,3.28,1.99,racionalizar
racismo,3.81,1.94,racismo
racista,2.143,1.493,racista
radar,2.2,1.361,radar
radiación,3.727,2.12,radiacion
radiactividad,3.0,1.936,radiactividad
radiactivo,3.56,1.781,radiactivo
radiadores,2.095,1.375,radiadores
radial,2.826,2.059,radial
radical,4.04,1.645,radical
radicalismo,3.72,2.031,radicalismo
radicalización,4.0,2.0,radicalizacion
radicar,2.435,1.472,radicar
radiodifusión,2.913,2.021,radiodifusion
radiofónico,2.765,1.821,radiofonico
radiografía,2.136,1.521,radiografia
radiólogo,3.16,2.115,radiologo
radioterapia,3.6,2.16,radioterapia
ráfaga,4.36,1.35,rafaga
rafting,3.227,1.875,rafting
raíces,3.6,1.789,raices
raíz,3.64,1.934,raiz
rallador,5.45,1.905,rallador
rally,4.0,2.472,rally
rama,2.632,1.892,rama
ramaje,2.389,1.819,ramaje
ramal,2.778,1.768,ramal
rambla,2.45,1.572,rambla
ramillete,3.318,1.887,ramillete
rampa,1.857,1.195,rampa
ranchera,3.048,2.291,ranchera
rancho,2.55,2.164,rancho
rango,2.435,1.409,rango
ranking,3.682,2.033,ranking
ránking,2.5,1.535,ranking
ranura,3.6,2.082,ranura
rap,3.045,2.257,rap
rapaz,3.667,2.129,rapaz
rape,3.042,2.216,rape
rapero,3.818,2.239,rapero
rapidez,4.28,2.17,rapidez
rápidos,3.44,2.083,rapidos
rapiña,2.5,1.99,rapina
raqueta,2.714,1.901,raqueta
raquetas,2.318,2.009,raquetas
rara,3.727,2.186,rara
rascacielos,4.958,1.829,rascacielos
rascar,4.04,2.3,rascar
rasera,1.562,1.209,rasera
rasero,2.529,1.772,rasero
rasgar,2.714,1.875,rasgar
rasgo,2.9,2.024,rasgo
raso,2.85,1.631,raso
rastrear,4.042,2.01,rastrear
rastreo,2.65,1.631,rastreo
rastrillo,3.789,1.873,rastrillo
ratificación,2.571,1.69,ratificacion
ratificar,2.952,1.532,ratificar
ratio,2.68,1.887,ratio
ratito,3.44,2.022,ratito
rato,2.045,1.914,rato
ratones,1.95,1.538,ratones
raya,3.773,1.798,raya
rayo,3.591,1.968,rayo
rayón,3.294,2.312,rayon
raza,2.08,1.579,raza
razón,2.083,1.558,razon
razonable,2.429,1.938,razonable
razonar,3.0,2.064,razonar
reabrir,3.25,1.939,reabrir
reacción,3.75,1.917,reaccion
reaccionar,3.28,1.487,reaccionar
reaccionario,3.76,1.899,reaccionario
reacio,2.19,1.721,reacio
reactivación,2.227,1.688,reactivacion
reactivar,4.36,1.955,reactivar
reactor,3.591,2.085,reactor
reafirmar,3.88,1.922,reafirmar
reagge,4.6,1.667,reagge
reagrupación,3.409,2.016,reagrupacion
reajuste,3.04,1.881,reajuste
real,3.083,2.145,real
realista,2.952,2.269,realista
realización,4.05,1.791,realizacion
realizador,3.12,1.922,realizador
realizar,2.72,1.671,realizar
realzar,3.429,1.599,realzar
reanudación,2.15,1.182,reanudacion
reanudar,2.083,1.586,reanudar
reaparecer,3.8,1.936,reaparecer
reaparición,2.227,1.412,reaparicion
reapertura,2.55,1.986,reapertura
rebajar,3.667,1.711,rebajar
rebaño,2.619,1.687,rebano
rebasar,3.625,2.018,rebasar
rebeca,1.905,1.221,rebeca
rebelar,3.042,2.136,rebelar
rebeldía,3.84,1.908,rebeldia
rebosar,3.636,2.15,rebosar
rebote,2.52,1.917,rebote
rebujito,2.4,1.92,rebujito
rebuznar,4.64,1.777,rebuznar
recabar,2.143,1.352,recabar
recaer,3.08,1.778,recaer
recaída,3.65,1.631,recaida
recambio,2.174,1.642,recambio
recapacitar,3.0,2.0,recapacitar
recapitulación,2.72,1.595,recapitulacion
recarga,4.0,2.082,recarga
recato,2.6,1.818,recato
recaudación,2.95,1.731,recaudacion
recaudar,2.36,1.729,recaudar
recelo,2.609,1.901,recelo
recepción,2.591,1.681,recepcion
recepcionista,2.8,1.756,recepcionista
receptáculo,3.522,2.108,receptaculo
receptividad,2.35,1.694,receptividad
receptivo,3.0,1.581,receptivo
receptor,2.95,1.905,receptor
receptora,2.45,2.064,receptora
recesión,2.792,1.668,recesion
receso,2.583,1.792,receso
receta,1.81,1.167,receta
recetario,2.842,1.772,recetario
rechace,2.727,2.051,rechace
rechaza,3.636,1.989,rechaza
rechazar,3.84,2.035,rechazar
recibí,1.958,1.732,recibi
recibidor,1.857,1.276,recibidor
recibimiento,2.05,1.701,recibimiento
reciclado,2.5,1.655,reciclado
reciclaje,2.88,1.563,reciclaje
recién,2.429,1.66,recien
reciente,1.143,0.478,reciente
recinto,2.905,1.841,recinto
recio,2.958,1.876,recio
recipiente,3.28,1.792,recipiente
recíproca,2.864,1.859,reciproca
reciprocidad,2.667,1.39,reciprocidad
recital,3.3,1.72,recital
recitar,2.429,1.886,recitar
reclamación,3.0,2.047,reclamacion
reclamada,2.545,1.654,reclamada
reclamar,3.96,2.031,reclamar
reclamo,2.045,1.397,reclamo
reclusión,2.6,1.635,reclusion
recluta,2.75,1.713,recluta
reclutamiento,3.5,2.177,reclutamiento
reclutar,2.409,1.623,reclutar
recobrar,3.24,1.786,recobrar
recodo,2.714,1.927,recodo
recoger,2.667,1.623,recoger
recogida,1.714,1.454,recogida
recogimiento,2.72,2.031,recogimiento
recolección,2.318,1.756,recoleccion
recomendable,2.15,1.599,recomendable
recomendación,2.182,1.5,recomendacion
recomendada,2.88,1.716,recomendada
recomendado,2.87,2.322,recomendado
recomendar,2.8,1.704,recomendar
recomponer,3.875,2.153,recomponer
reconciliación,2.857,1.957,reconciliacion
reconciliar,1.958,1.197,reconciliar
reconducir,1.381,0.865,reconducir
reconocer,2.565,1.754,reconocer
reconocible,2.286,1.648,reconocible
reconocimiento,2.55,1.82,reconocimiento
reconquistar,4.25,1.751,reconquistar
reconsiderar,3.19,2.112,reconsiderar
reconstrucción,3.636,2.013,reconstruccion
reconstruir,4.348,1.722,reconstruir
reconversión,1.818,1.22,reconversion
recopilación,2.591,1.843,recopilacion
recopilar,3.2,1.607,recopilar
recopilatorio,2.96,2.01,recopilatorio
récord,2.917,1.692,record
recordar,1.5,0.941,recordar
recordatorio,2.45,2.012,recordatorio
records,2.818,1.816,records
recorrer,3.045,1.786,recorrer
recorrido,2.96,2.031,recorrido
recortada,3.25,2.005,recortada
recortar,2.682,1.555,recortar
recreación,2.48,1.759,recreacion
recrear,3.45,1.905,recrear
recreativa,2.636,1.965,recreativa
recrudecimiento,1.417,0.669,recrudecimiento
recta,3.048,1.857,recta
rectangular,2.048,1.322,rectangular
rectificación,3.4,2.217,rectificacion
rectificar,1.562,1.031,rectificar
rectificativo,1.875,1.752,rectificativo
rectitud,3.56,1.895,rectitud
recto,4.091,2.202,recto
rector,1.938,1.181,rector
recubrimiento,3.619,1.658,recubrimiento
recubrir,3.88,1.856,recubrir
recuento,2.96,1.837,recuento
recuperación,3.32,1.865,recuperacion
recuperar,2.955,1.914,recuperar
recurrente,3.44,2.002,recurrente
recurrir,1.524,1.123,recurrir
red,3.087,1.998,red
redacción,2.64,1.912,redaccion
redactar,1.7,1.261,redactar
redactor,3.04,1.541,redactor
redefinir,1.857,1.352,redefinir
redención,2.833,2.014,redencion
redimir,2.188,1.109,redimir
redistribución,2.273,1.486,redistribucion
redoblar,2.909,1.601,redoblar
redonda,4.0,2.121,redonda
redondez,4.88,1.878,redondez
reducción,2.81,1.537,reduccion
reducir,2.739,1.764,reducir
reducto,2.421,1.742,reducto
redundancia,3.429,2.336,redundancia
redundar,2.65,1.663,redundar
reedición,2.714,1.586,reedicion
reelección,3.4,2.113,reeleccion
reembolso,4.32,1.773,reembolso
reemplazo,3.52,2.023,reemplazo
reencarnación,3.56,2.103,reencarnacion
reencuentro,4.0,1.893,reencuentro
reestructuración,3.182,1.943,reestructuracion
reestructurar,3.52,2.104,reestructurar
referencia,1.85,1.387,referencia
referendo,1.55,0.887,referendo
referéndum,2.35,1.694,referendum
referente,2.36,1.497,referente
refinamiento,3.217,2.173,refinamiento
reflector,3.565,1.472,reflector
refleja,2.7,1.658,refleja
reflejar,4.4,2.0,reflejar
reflexionar,3.32,2.193,reflexionar
reflexivo,2.636,1.497,reflexivo
reflujo,4.0,1.978,reflujo
reforestación,2.591,1.681,reforestacion
reforma,3.0,1.924,reforma
reformador,3.15,1.981,reformador
reformista,2.48,1.503,reformista
reforzamiento,2.545,1.654,reforzamiento
refracción,2.56,1.71,refraccion
refrán,2.75,2.049,refran
refrescar,3.44,1.71,refrescar
refresco,3.087,1.975,refresco
refriega,3.2,2.0,refriega
refrigeración,3.211,1.548,refrigeracion
refuerzo,3.0,1.607,refuerzo
refugiar,3.762,1.895,refugiar
refugio,3.44,2.162,refugio
refunfuñar,5.318,1.492,refunfunar
refutación,3.45,1.959,refutacion
refutar,3.048,1.884,refutar
regadío,3.087,1.952,regadio
regala,2.091,1.231,regala
regañadientes,2.611,1.914,reganadientes
regar,2.783,1.65,regar
regata,3.12,1.922,regata
regazo,1.524,0.68,regazo
regencia,2.455,1.819,regencia
regeneración,3.75,1.997,regeneracion
regenerar,4.095,1.972,regenerar
regente,2.5,1.472,regente
reggae,4.227,1.798,reggae
regia,2.211,1.653,regia
regidor,2.333,1.847,regidor
regimiento,1.81,1.167,regimiento
región,2.05,1.356,region
regional,3.625,1.837,regional
regionalismo,1.87,1.1,regionalismo
regionalista,3.0,1.658,regionalista
regir,3.208,1.956,regir
registrar,2.476,1.601,registrar
registro,2.72,1.696,registro
regla,2.88,1.691,regla
reglamentación,2.348,1.584,reglamentacion
reglamentar,2.72,1.595,reglamentar
reglamentario,2.44,1.609,reglamentario
reglamento,2.5,1.745,reglamento
regleta,2.579,1.805,regleta
regocijo,2.941,1.6,regocijo
regresar,2.714,1.821,regresar
regreso,1.864,1.246,regreso
regulación,3.36,2.079,regulacion
regulador,3.6,1.893,regulador
regular,2.381,1.499,regular
regularización,3.364,2.013,regularizacion
regularizar,2.04,1.62,regularizar
rehabilitación,3.32,2.015,rehabilitacion
rehabilitado,3.273,1.778,rehabilitado
rehabilitar,3.217,1.731,rehabilitar
rehacer,3.35,1.755,rehacer
rehusar,3.136,2.054,rehusar
reinado,3.522,1.729,reinado
reinante,4.19,2.04,reinante
reiniciar,2.826,1.899,reiniciar
reino,3.095,1.895,reino
reinserción,2.455,1.738,reinsercion
reintegración,2.857,1.652,reintegracion
reiteración,2.143,1.389,reiteracion
reiterar,2.8,1.958,reiterar
reivindicación,2.045,1.362,reivindicacion
reivindicar,1.955,1.362,reivindicar
reja,2.4,1.957,reja
rejas,3.36,1.846,rejas
rejilla,4.35,2.183,rejilla
relacional,1.381,1.024,relacional
relacionar,2.458,1.615,relacionar
relajante,4.143,1.878,relajante
relajar,3.524,1.914,relajar
relanzamiento,2.88,1.764,relanzamiento
relanzar,2.65,1.814,relanzar
relatar,3.273,1.907,relatar
relativa,2.714,1.521,relativa
relatividad,2.19,1.436,relatividad
relativismo,2.56,1.66,relativismo
relativista,2.56,1.873,relativista
relativo,2.16,1.546,relativo
relator,2.87,1.938,relator
relevante,2.8,2.021,relevante
relevo,2.875,1.825,relevo
relieve,3.64,2.039,relieve
religión,2.65,1.755,religion
religiosa,2.8,1.384,religiosa
religiosidad,2.24,1.393,religiosidad
reliquia,2.474,1.744,reliquia
rellano,3.083,1.863,rellano
rellenar,2.773,1.478,rellenar
relleno,3.826,2.188,relleno
relojero,2.714,1.848,relojero
reluciente,5.0,1.265,reluciente
relucir,2.87,1.74,relucir
remarcar,3.2,1.732,remarcar
rematar,4.167,2.22,rematar
remate,3.217,1.731,remate
remediar,2.737,1.522,remediar
remedio,2.238,1.3,remedio
remisión,2.222,1.478,remision
remitir,2.875,1.624,remitir
remo,2.1,1.619,remo
remodelación,2.955,2.035,remodelacion
remolacha,1.571,0.978,remolacha
remolcador,2.65,1.755,remolcador
remolino,4.667,1.623,remolino
remolque,4.04,1.814,remolque
remonta,3.217,2.131,remonta
remontar,1.476,1.167,remontar
remordimiento,2.6,1.875,remordimiento
remoto,3.208,1.841,remoto
remuneración,2.682,1.961,remuneracion
renacentista,2.739,1.738,renacentista
renacimiento,2.36,1.823,renacimiento
renal,2.571,1.832,renal
rencor,3.143,2.104,rencor
rendición,2.16,1.546,rendicion
rendija,3.68,1.887,rendija
rendimiento,2.5,1.719,rendimiento
rendir,2.44,1.873,rendir
renegar,2.667,1.528,renegar
renglón,3.04,1.925,renglon
renombrado,3.2,1.795,renombrado
renombre,2.619,2.133,renombre
renovable,4.381,1.91,renovable
renovación,2.333,1.592,renovacion
renta,2.227,1.51,renta
rentabilidad,2.857,2.151,rentabilidad
rentable,2.0,1.69,rentable
renuncia,2.0,1.378,renuncia
renunciar,2.5,1.504,renunciar
reñir,3.476,1.778,renir
reo,3.682,2.378,reo
reojo,3.263,2.232,reojo
reorganización,2.348,1.465,reorganizacion
reorganizar,3.125,1.825,reorganizar
reorientación,3.52,2.201,reorientacion
reparación,3.167,1.761,reparacion
reparar,3.571,1.859,reparar
reparo,2.6,1.729,reparo
repartición,2.2,1.765,reparticion
repartidor,3.208,1.956,repartidor
repartir,2.81,1.75,repartir
reparto,2.381,1.658,reparto
repasar,3.52,1.759,repasar
repaso,3.565,2.428,repaso
repatriación,2.55,1.932,repatriacion
repeler,2.591,1.736,repeler
repente,2.762,1.786,repente
repentina,3.2,2.093,repentina
repercusión,2.2,1.399,repercusion
repercutir,3.476,2.04,repercutir
repertorio,1.652,1.112,repertorio
repetición,3.857,1.982,repeticion
repetidora,2.381,1.83,repetidora
repetir,3.76,2.385,repetir
replantear,2.227,1.744,replantear
repleto,4.04,1.881,repleto
replicación,3.455,1.711,replicacion
replicar,4.0,1.826,replicar
repliegue,2.091,1.477,repliegue
repoblación,2.364,1.677,repoblacion
repollo,2.217,1.678,repollo
reponer,3.96,1.767,reponer
reportaje,3.28,2.031,reportaje
reportar,2.286,1.384,reportar
reporte,1.957,1.147,reporte
reportero,2.739,1.936,reportero
reposapiés,3.56,1.895,reposapies
reposar,3.81,1.861,reposar
reposición,2.762,1.786,reposicion
reposo,3.76,1.877,reposo
repostería,1.095,0.301,reposteria
represa,1.833,1.043,represa
represalia,2.409,1.532,represalia
representación,3.04,1.859,representacion
representante,3.08,2.159,representante
representar,3.522,1.974,representar
representatividad,3.762,2.022,representatividad
representativo,2.8,1.826,representativo
represiva,2.857,1.682,represiva
reprimir,2.65,1.725,reprimir
reprobación,2.64,1.44,reprobacion
reprochar,3.48,1.61,reprochar
reproche,2.826,1.825,reproche
reproducción,2.905,2.143,reproduccion
reproducir,4.05,2.188,reproducir
reproductiva,2.905,1.814,reproductiva
reproductor,3.421,1.805,reproductor
república,2.952,1.987,republica
republicanismo,2.312,1.448,republicanismo
republicano,3.19,2.294,republicano
repudiar,2.7,1.559,repudiar
repudio,2.286,1.554,repudio
repulsa,3.8,1.958,repulsa
repunte,2.824,2.038,repunte
requerimiento,1.905,1.261,requerimiento
requerir,1.8,1.384,requerir
requisito,2.333,1.606,requisito
res,2.444,1.653,res
resaltar,3.304,2.245,resaltar
resbalar,4.0,1.826,resbalar
resentimiento,2.68,1.376,resentimiento
resentir,2.261,1.63,resentir
reseña,2.286,1.521,resena
reseñar,2.64,1.497,resenar
reserva,2.273,1.352,reserva
reservar,3.12,1.833,reservar
resfriado,2.375,1.61,resfriado
resguardo,2.476,1.887,resguardo
residencia,2.458,1.351,residencia
residencial,2.682,1.862,residencial
residente,2.304,1.428,residente
residir,2.217,1.536,residir
residual,2.524,1.569,residual
residuo,2.364,1.497,residuo
resignación,3.583,1.954,resignacion
resignada,2.84,1.65,resignada
resignar,2.696,1.917,resignar
resina,2.48,2.104,resina
resistencia,2.682,1.912,resistencia
resistente,4.25,2.251,resistente
resistir,2.864,1.67,resistir
resolución,3.85,1.755,resolucion
resolver,2.5,1.573,resolver
resonancia,3.24,1.665,resonancia
resonante,3.0,1.414,resonante
resonar,4.696,1.769,resonar
resorte,3.957,1.988,resorte
respaldar,2.48,1.358,respaldar
respaldo,2.32,1.406,respaldo
respectar,1.909,1.601,respectar
respectivo,2.875,1.597,respectivo
respecto,2.375,1.715,respecto
respetable,3.88,1.965,respetable
respiratorio,3.4,1.756,respiratorio
respiro,3.1,2.269,respiro
resplandecer,3.091,1.411,resplandecer
resplandeciente,3.2,2.141,resplandeciente
resplandor,3.85,1.694,resplandor
responder,3.44,1.805,responder
responsabilidad,2.818,1.842,responsabilidad
responsabilizar,2.227,1.688,responsabilizar
responsable,2.88,2.068,responsable
resquicio,2.0,1.414,resquicio
resta,2.952,1.802,resta
restablecer,2.238,1.786,restablecer
restablecimiento,2.455,1.792,restablecimiento
restante,2.318,1.393,restante
restar,3.36,2.177,restar
restauración,2.174,1.466,restauracion
restaurador,3.957,2.585,restaurador
restaurar,3.609,1.672,restaurar
restitución,2.294,1.532,restitucion
restituir,1.667,1.278,restituir
resto,2.68,1.435,resto
restricción,3.381,1.774,restriccion
restrictiva,2.652,1.584,restrictiva
restringir,2.95,1.638,restringir
resucitar,2.773,2.045,resucitar
resultado,2.36,1.655,resultado
resultante,2.36,1.319,resultante
resultar,1.955,1.495,resultar
resumen,2.091,1.306,resumen
resumida,2.364,1.529,resumida
resurgimiento,4.0,1.803,resurgimiento
resurgir,3.391,2.061,resurgir
resurrección,2.45,1.504,resurreccion
retablo,3.05,1.605,retablo
retaguardia,2.208,1.062,retaguardia
retar,2.857,1.957,retar
retardo,3.32,1.626,retardo
retén,3.5,1.845,reten
retención,3.76,1.589,retencion
retener,3.095,1.758,retener
reticencia,2.333,1.592,reticencia
reticente,2.56,1.758,reticente
retina,3.12,1.9,retina
retintín,6.0,1.378,retintin
retirada,2.476,1.365,retirada
retirar,2.826,1.696,retirar
retiro,2.05,1.356,retiro
reto,2.048,1.596,reto
retomar,2.826,1.8,retomar
retornar,2.84,1.463,retornar
retorno,2.571,1.69,retorno
retransmisión,3.44,2.274,retransmision
retrasado,3.8,1.871,retrasado
retrasar,3.28,1.815,retrasar
retraso,2.571,1.599,retraso
retratar,2.095,1.446,retratar
retribución,2.2,1.708,retribucion
retroalimentación,3.19,2.015,retroalimentacion
retroceder,4.05,1.731,retroceder
retroceso,3.16,1.886,retroceso
retrospectiva,3.364,2.036,retrospectiva
retumbar,3.32,2.322,retumbar
reuma,2.737,1.727,reuma
reunificación,3.25,1.962,reunificacion
reunir,3.167,1.633,reunir
reutilización,3.6,1.847,reutilizacion
revalorización,3.208,1.978,revalorizacion
revancha,4.24,1.665,revancha
revelador,2.364,1.364,revelador
revelar,2.875,1.541,revelar
reverencia,2.952,1.884,reverencia
reversible,3.762,1.729,reversible
reversión,2.591,2.016,reversion
reverso,2.8,1.936,reverso
revertir,2.75,1.888,revertir
revestimiento,3.458,1.865,revestimiento
revestir,2.55,1.791,revestir
revisada,2.524,1.401,revisada
revisar,3.24,2.087,revisar
revisión,2.64,1.655,revision
revista,2.059,1.519,revista
revistero,2.261,1.936,revistero
revitalización,2.579,1.216,revitalizacion
revitalizar,3.333,2.129,revitalizar
revocación,2.789,2.043,revocacion
revocar,2.263,1.661,revocar
revolucionar,3.333,1.713,revolucionar
revolucionario,3.36,2.215,revolucionario
revuelo,2.9,1.294,revuelo
revuelto,2.96,2.01,revuelto
rezo,2.92,1.977,rezo
rezongar,4.833,2.149,rezongar
ría,3.8,2.167,ria
riachuelo,4.714,1.707,riachuelo
riada,3.261,1.982,riada
ribera,3.76,2.127,ribera
riega,3.083,1.886,riega
rienda,2.167,1.551,rienda
rifa,3.0,2.179,rifa
rifar,2.72,2.072,rifar
rifirrafe,4.571,1.912,rifirrafe
rigidez,4.3,2.155,rigidez
rigor,2.68,1.464,rigor
riguroso,3.4,1.958,riguroso
rima,4.35,1.899,rima
rincón,2.591,1.992,rincon
rinconera,3.632,1.921,rinconera
rinitis,2.8,1.656,rinitis
riñón,3.16,2.357,rinon
rio,4.16,2.375,rio
riojano,3.12,2.128,riojano
rítmica,4.88,1.943,ritmica
ritmo,4.48,1.917,ritmo
rito,2.895,1.761,rito
ritual,3.3,2.203,ritual
rivera,2.739,1.888,rivera
robar,3.857,1.982,robar
roble,3.333,2.153,roble
robot,4.87,2.029,robot
robustez,4.3,1.809,robustez
roce,3.4,2.257,roce
rocío,2.92,2.139,rocio
rock,5.48,1.661,rock
rockero,4.789,1.751,rockero
rococó,5.08,1.847,rococo
rocoso,4.737,2.051,rocoso
rodaballo,1.667,1.354,rodaballo
rodaje,3.375,1.952,rodaje
rodante,4.64,1.8,rodante
rodar,3.6,2.137,rodar
rodear,3.818,1.991,rodear
rodeo,4.4,2.082,rodeo
rodilla,3.2,2.217,rodilla
rodillas,2.64,1.655,rodillas
rodillo,2.64,2.018,rodillo
roedores,3.636,1.941,roedores
roer,2.591,2.282,roer
rojiblanco,3.08,2.06,rojiblanco
rojizo,3.6,2.082,rojizo
rol,2.684,1.827,rol
rollo,3.429,1.777,rollo
roma,2.826,2.188,roma
romance,2.739,1.544,romance
románico,2.682,1.81,romanico
romanización,1.476,0.981,romanizacion
romano,2.88,2.088,romano
romántica,2.952,1.987,romantica
romería,3.0,1.848,romeria
romero,2.4,1.732,romero
rompimiento,2.667,1.239,rompimiento
ron,3.08,2.197,ron
ronca,4.84,2.304,ronca
roncar,5.45,2.064,roncar
ronda,2.0,1.48,ronda
rondar,3.261,1.959,rondar
rondó,1.368,0.831,rondo
ronronear,6.143,1.195,ronronear
roña,4.0,1.732,rona
ropero,2.8,1.576,ropero
roque,3.1,1.889,roque
rosada,4.12,1.716,rosada
rosado,4.6,2.062,rosado
rosal,3.583,2.339,rosal
rosario,2.609,1.725,rosario
rosas,3.737,2.182,rosas
rosca,3.958,1.805,rosca
rostro,1.429,0.746,rostro
rota,2.739,1.815,rota
rotativo,4.56,1.66,rotativo
rotonda,4.28,2.17,rotonda
rotor,3.045,2.171,rotor
rotuladores,3.174,1.899,rotuladores
rótulo,2.958,2.032,rotulo
rotundidad,3.455,1.896,rotundidad
rotundo,4.417,2.041,rotundo
rozar,3.478,2.064,rozar
rubeola,2.773,1.688,rubeola
rubí,3.083,1.886,rubi
rubia,1.727,1.12,rubia
rublo,2.167,1.425,rublo
rubor,3.545,2.11,rubor
rudeza,2.96,1.947,rudeza
rudimentaria,3.0,1.769,rudimentaria
ruedas,3.682,2.056,ruedas
ruedo,3.792,2.245,ruedo
rugby,3.44,2.063,rugby
rugir,5.7,1.302,rugir
ruidosa,4.625,1.929,ruidosa
ruina,3.4,1.732,ruina
ruinoso,3.625,1.789,ruinoso
ruleta,4.524,1.965,ruleta
rumano,2.5,1.85,rumano
rumba,2.955,2.126,rumba
rumbo,3.043,1.665,rumbo
rumor,4.16,1.93,rumor
runrún,6.44,1.294,runrun
rupestre,2.64,1.705,rupestre
rupia,2.941,1.713,rupia
rusia,2.81,1.965,rusia
ruta,3.682,2.191,ruta
rutina,2.857,1.878,rutina
rutinaria,3.136,1.859,rutinaria
sábado,2.783,2.255,sabado
sabana,2.72,1.696,sabana
sábana,2.381,1.802,sabana
sabandija,3.682,1.836,sabandija
saber,3.4,2.041,saber
sabia,1.714,1.146,sabia
sabiendas,1.778,1.263,sabiendas
sable,3.15,1.954,sable
saborear,4.143,2.007,saborear
sabotaje,2.714,1.736,sabotaje
sabrosa,4.435,1.95,sabrosa
sacacorchos,4.2,2.102,sacacorchos
sacada,2.304,1.55,sacada
sacar,3.19,1.662,sacar
sacerdocio,3.059,1.676,sacerdocio
sacerdotal,2.68,2.015,sacerdotal
sacerdotisa,2.7,2.13,sacerdotisa
saciar,2.522,1.755,saciar
sacramentar,2.348,1.613,sacramentar
sacramento,1.571,0.978,sacramento
sacrilegio,1.81,1.123,sacrilegio
sacrílego,2.96,1.744,sacrilego
sacristán,2.318,1.427,sacristan
sacristía,2.478,1.504,sacristia
sacro,2.6,1.847,sacro
sacudir,4.72,2.052,sacudir
saga,2.76,2.047,saga
sagacidad,2.0,1.483,sagacidad
sagaz,2.909,1.925,sagaz
sagrado,3.0,1.944,sagrado
saharaui,2.5,1.751,saharaui
sake,2.056,1.765,sake
sal,3.36,2.158,sal
sala,1.917,1.501,sala
salarial,2.625,1.61,salarial
salchicha,2.318,1.887,salchicha
saldar,2.417,1.442,saldar
saldo,2.6,1.756,saldo
salero,4.96,2.15,salero
salida,2.952,1.774,salida
saliente,2.833,1.81,saliente
salinidad,3.08,1.935,salinidad
salita,3.083,1.976,salita
salitre,2.588,1.873,salitre
saliva,3.792,2.105,saliva
salmo,2.118,1.317,salmo
salmón,2.28,1.72,salmon
salmonela,3.4,2.041,salmonela
salmonelosis,2.524,1.721,salmonelosis
salmones,2.364,1.965,salmones
salmonete,3.72,1.568,salmonete
salón,4.08,1.977,salon
salsa,3.72,2.17,salsa
salsera,3.429,1.912,salsera
saltar,3.682,1.937,saltar
salubridad,2.304,1.396,salubridad
saludable,3.167,2.14,saludable
salvación,1.714,1.007,salvacion
salvado,3.053,1.87,salvado
salvadoreño,2.625,1.962,salvadoreno
salvaguardar,3.0,1.871,salvaguardar
salvaguardia,2.522,1.534,salvaguardia
salvamento,3.045,1.647,salvamento
salve,3.08,1.754,salve
salvedad,2.261,1.421,salvedad
samba,4.667,2.057,samba
san,2.941,2.106,san
sanar,2.32,1.492,sanar
sanatorio,3.0,1.888,sanatorio
sanción,3.609,2.083,sancion
sancionador,2.409,1.764,sancionador
sandalias,2.143,1.236,sandalias
sandía,3.12,2.205,sandia
sandwichera,2.762,2.047,sandwichera
saneamiento,3.3,2.08,saneamiento
sanear,2.636,2.013,sanear
sangrado,4.375,2.102,sangrado
sangría,4.048,1.857,sangria
sangrienta,3.364,1.733,sangrienta
sanguinario,3.182,1.967,sanguinario
sanguíneo,2.84,1.93,sanguineo
sanitaria,3.6,2.021,sanitaria
santa,2.381,1.687,santa
santidad,2.857,1.852,santidad
santoral,3.136,1.807,santoral
santuario,3.381,1.857,santuario
saña,2.8,1.74,sana
sapiens,2.682,2.056,sapiens
saquear,2.591,1.709,saquear
saqueo,3.92,1.824,saqueo
sarasa,3.15,1.814,sarasa
sarcasmo,2.286,1.419,sarcasmo
sarcástico,3.053,1.929,sarcastico
sarcófago,4.333,1.685,sarcofago
sardana,2.875,1.895,sardana
sardina,1.833,1.308,sardina
sargento,3.348,1.921,sargento
sarna,3.333,2.497,sarna
sartén,2.167,1.341,sarten
satélite,3.55,2.139,satelite
satén,1.909,1.269,saten
sátira,2.727,1.932,satira
satírico,2.56,1.417,satirico
satisfacer,1.955,1.588,satisfacer
satisfactoria,3.783,1.858,satisfactoria
saturación,2.727,2.051,saturacion
sauce,2.36,1.705,sauce
saudí,2.36,1.705,saudi
savia,2.35,1.631,savia
saxo,3.391,2.105,saxo
saxofón,3.227,2.245,saxofon
saxofonista,4.136,2.031,saxofonista
sazón,2.409,1.736,sazon
sea,1.7,0.979,sea
sebo,2.826,1.775,sebo
secado,2.64,2.119,secado
secano,3.826,1.875,secano
secar,2.8,1.765,secar
secesión,1.35,0.813,secesion
secreción,2.909,1.925,secrecion
secreta,3.208,2.043,secreta
secretar,3.773,1.95,secretar
secretaría,1.864,1.521,secretaria
secretismo,3.545,2.064,secretismo
secreto,3.842,2.089,secreto
secta,3.042,1.989,secta
sector,2.72,1.72,sector
sectorial,2.917,2.125,sectorial
secuela,2.88,1.641,secuela
secuencia,1.792,0.932,secuencia
secuencial,3.48,1.636,secuencial
secundar,1.905,1.221,secundar
secundaria,3.48,1.896,secundaria
secundario,2.375,1.929,secundario
secuoya,3.5,1.956,secuoya
sedación,2.792,2.064,sedacion
sede,1.68,1.345,sede
sediento,2.286,1.419,sediento
sedimentación,2.565,1.308,sedimentacion
sedimento,2.619,1.596,sedimento
seductora,2.909,1.743,seductora
segmentación,2.952,1.962,segmentacion
segmento,2.476,1.632,segmento
segregación,3.0,1.758,segregacion
seguida,1.381,0.74,seguida
seguidor,2.52,1.735,seguidor
seguimiento,2.609,1.588,seguimiento
seguir,2.85,2.159,seguir
según,1.75,1.422,segun
segunda,2.318,2.079,segunda
segundo,3.44,2.382,segundo
seísmo,3.714,1.953,seismo
selección,2.783,2.066,seleccion
seleccionador,2.409,1.532,seleccionador
seleccionar,1.476,1.123,seleccionar
selectiva,3.28,1.768,selectiva
selectividad,3.087,2.151,selectividad
selecto,2.92,1.73,selecto
selenio,2.188,1.642,selenio
sello,2.333,1.461,sello
semana,1.583,1.176,semana
semanal,3.75,2.345,semanal
semanario,2.474,1.541,semanario
semántica,2.4,2.021,semantica
semblante,2.92,1.778,semblante
sembrar,2.76,2.146,sembrar
semejanza,2.095,1.729,semejanza
semen,2.72,1.99,semen
semestral,3.56,1.895,semestral
semestre,2.762,1.895,semestre
semi,4.111,1.779,semi
semicircular,2.65,1.785,semicircular
semicírculo,3.24,2.146,semicirculo
semifinal,3.64,2.196,semifinal
semilla,2.3,1.689,semilla
semillita,4.0,1.732,semillita
seminario,2.75,1.751,seminario
seminarista,2.304,1.363,seminarista
senado,2.292,1.601,senado
senador,2.182,1.368,senador
sencillez,2.96,1.947,sencillez
senda,2.043,0.928,senda
sendero,4.08,1.73,sendero
senior,3.52,2.002,senior
sensación,3.0,1.706,sensacion
sensacional,3.95,2.012,sensacional
sensacionalista,2.8,1.78,sensacionalista
sensatez,2.87,1.74,sensatez
sensibilización,3.65,2.033,sensibilizacion
sensibilizar,3.19,1.662,sensibilizar
sensible,4.0,1.756,sensible
sensor,3.36,1.912,sensor
sensorial,3.947,1.929,sensorial
sensual,3.286,1.978,sensual
sentar,3.08,1.778,sentar
sentencia,2.917,1.613,sentencia
sentenciar,3.65,2.277,sentenciar
sentido,2.76,1.3,sentido
sentimental,2.857,1.797,sentimental
sentimentalismo,2.714,1.765,sentimentalismo
seña,2.095,1.3,sena
señalar,2.8,2.041,senalar
señalización,3.88,1.9,senalizacion
señor,2.5,1.793,senor
señora,3.583,2.263,senora
señoría,3.65,1.954,senoria
señorial,3.143,1.389,senorial
señorío,3.167,2.14,senorio
señorita,3.72,1.86,senorita
señorito,3.684,2.136,senorito
separado,2.05,1.356,separado
separador,3.833,1.971,separador
separapáginas,3.35,2.159,separapaginas
separar,2.773,1.85,separar
separatismo,2.958,1.488,separatismo
separatista,2.52,1.851,separatista
septiembre,2.8,1.958,septiembre
séptimo,3.286,1.875,septimo
sepulcral,2.263,1.968,sepulcral
sepulcro,2.92,1.913,sepulcro
sepultura,3.421,2.388,sepultura
sequedad,2.913,2.043,sequedad
séquito,2.55,1.605,sequito
ser,2.905,1.67,ser
será,2.318,1.756,sera
serafín,2.545,1.654,serafin
serbia,3.2,2.191,serbia
serena,3.348,1.613,serena
sereno,2.913,1.832,sereno
serial,2.88,1.616,serial
serie,2.636,1.84,serie
sermón,3.042,1.706,sermon
serranía,1.118,0.332,serrania
serrano,3.48,2.124,serrano
serrar,4.92,1.935,serrar
serrucho,3.667,2.129,serrucho
servicial,2.957,2.099,servicial
servicio,1.952,1.284,servicio
servidor,2.818,2.13,servidor
servil,3.72,1.745,servil
servir,3.55,2.438,servir
sesenta,2.304,1.795,sesenta
sesgo,2.417,1.586,sesgo
sesión,2.72,1.542,sesion
seso,4.0,1.847,seso
set,2.25,1.65,set
setenta,2.619,1.746,setenta
setiembre,1.647,1.169,setiembre
seudónimo,2.095,1.261,seudonimo
severa,2.16,1.675,severa
sevillana,1.762,1.64,sevillana
sevillano,3.65,2.455,sevillano
sevillista,3.24,2.026,sevillista
sexenio,3.316,2.162,sexenio
sexta,3.083,2.165,sexta
sexto,2.87,1.866,sexto
sexual,4.583,1.954,sexual
shorts,4.08,2.431,shorts
show,3.048,2.156,show
siciliano,2.727,1.778,siciliano
sida,1.783,1.536,sida
siderurgia,3.16,2.035,siderurgia
siderúrgica,2.895,1.595,siderurgica
sidra,2.88,1.922,sidra
siembra,2.72,2.072,siembra
siempre,3.8,2.16,siempre
sien,2.0,1.376,sien
siendo,2.0,1.342,siendo
siervo,2.273,1.907,siervo
sigilo,3.25,1.943,sigilo
sigla,2.44,1.557,sigla
siglo,2.8,1.732,siglo
sigma,2.333,1.68,sigma
significación,3.0,2.023,significacion
significante,2.76,1.763,significante
significar,2.05,1.605,significar
significativo,2.429,1.568,significativo
siguiente,3.0,1.555,siguiente
sílaba,3.48,1.96,silaba
silbar,3.913,1.881,silbar
silbido,4.316,2.451,silbido
silenciar,3.636,2.105,silenciar
silencio,2.81,1.834,silencio
silicio,2.957,1.988,silicio
sillería,2.6,1.759,silleria
sillón,3.13,1.984,sillon
silogismo,2.579,1.465,silogismo
silueta,3.7,1.75,silueta
silvestre,2.81,1.94,silvestre
silvestres,2.684,1.376,silvestres
simbólico,4.333,1.906,simbolico
simbolismo,3.4,1.871,simbolismo
simbolizar,3.24,1.763,simbolizar
simbología,3.286,1.953,simbologia
simétrica,1.19,0.512,simetrica
simiente,1.933,1.28,simiente
similitud,2.92,1.998,similitud
simpatía,3.96,2.01,simpatia
simple,4.24,2.241,simple
simplicidad,2.81,1.965,simplicidad
simplificación,2.25,1.648,simplificacion
simplificado,3.136,1.983,simplificado
simplificar,3.52,2.084,simplificar
simplista,4.048,1.83,simplista
simulación,3.136,2.167,simulacion
simulacro,2.727,2.164,simulacro
simulador,3.08,1.824,simulador
simular,1.857,1.195,simular
simultánea,2.19,1.632,simultanea
sinagoga,1.75,1.552,sinagoga
sinceridad,2.68,1.345,sinceridad
sincronización,3.95,2.064,sincronizacion
sindical,2.136,1.207,sindical
sindicalismo,1.952,1.431,sindicalismo
sindicalista,3.0,2.082,sindicalista
sindicato,2.4,1.501,sindicato
síndrome,2.524,1.692,sindrome
sinergia,2.647,1.498,sinergia
sinfín,4.227,2.224,sinfin
sinfonía,3.88,1.922,sinfonia
sinfónica,3.44,1.873,sinfonica
singular,2.818,1.708,singular
singularidad,2.955,1.731,singularidad
siniestra,4.28,2.092,siniestra
siniestrado,3.227,2.224,siniestrado
siniestralidad,3.208,1.956,siniestralidad
sinnúmero,3.611,2.146,sinnumero
sinónimo,2.095,1.48,sinonimo
sintáctica,2.333,1.39,sintactica
sintagma,1.143,0.359,sintagma
sintaxis,3.96,1.968,sintaxis
sintético,2.476,1.721,sintetico
sintetizador,2.474,1.679,sintetizador
sintetizar,2.545,1.993,sintetizar
síntoma,2.28,1.621,sintoma
sintonía,3.4,1.979,sintonia
sinusitis,3.435,2.128,sinusitis
sinvergüenza,3.0,2.077,sinverguenza
siquiera,2.5,1.606,siquiera
sirio,2.182,1.622,sirio
sirvienta,2.714,1.953,sirvienta
sirviente,2.19,1.436,sirviente
sisear,5.35,2.033,sisear
sismo,3.087,1.929,sismo
sistema,2.478,2.086,sistema
sistemática,3.16,1.951,sistematica
sitio,2.364,1.706,sitio
situar,2.417,1.666,situar
snowboard,3.64,2.307,snowboard
soberanía,3.12,1.787,soberania
soberbia,3.435,1.674,soberbia
soberbio,3.05,1.877,soberbio
sobra,3.32,1.865,sobra
sobrante,3.96,1.791,sobrante
sobrecamisa,2.957,1.77,sobrecamisa
sobrecarga,3.864,2.007,sobrecarga
sobrellevar,3.64,1.777,sobrellevar
sobremanera,1.81,1.365,sobremanera
sobremesa,4.762,2.166,sobremesa
sobrenatural,3.88,2.242,sobrenatural
sobrenombre,2.571,1.886,sobrenombre
sobrepasar,3.7,2.296,sobrepasar
sobrepeso,3.667,2.008,sobrepeso
sobreponer,3.227,1.771,sobreponer
sobresaltar,3.042,2.116,sobresaltar
sobresalto,4.524,1.887,sobresalto
sobretodo,2.318,1.644,sobretodo
sobrevenir,2.68,1.6,sobrevenir
sobreviviente,3.55,2.012,sobreviviente
sobriedad,2.8,1.78,sobriedad
sobrina,2.44,1.446,sobrina
sobrino,1.682,1.393,sobrino
sobrio,1.739,1.054,sobrio
socava,2.588,1.839,socava
socavar,2.739,1.711,socavar
socialdemocracia,2.571,1.886,socialdemocracia
socialdemócrata,2.8,1.893,socialdemocrata
socialismo,2.92,1.824,socialismo
socialista,3.4,1.729,socialista
socialización,2.96,1.881,socializacion
socio,3.261,1.685,socio
sociocultural,2.84,1.93,sociocultural
socioeconómico,3.0,1.949,socioeconomico
sociología,3.136,1.91,sociologia
sociológico,2.3,1.559,sociologico
sociólogo,3.0,1.848,sociologo
soda,3.792,2.105,soda
sódico,2.522,1.928,sodico
sodio,1.238,0.539,sodio
sofisticación,2.455,1.845,sofisticacion
sofocante,3.88,1.481,sofocante
sofocar,4.12,2.048,sofocar
software,2.826,1.946,software
soja,1.81,1.167,soja
sola,3.263,1.79,sola
solana,3.043,1.87,solana
solapa,3.52,1.735,solapa
solárium,3.957,2.266,solarium
soldadito,4.083,2.125,soldadito
soldadora,2.783,1.757,soldadora
soldadura,2.385,2.142,soldadura
solemnidad,3.524,1.965,solemnidad
soler,4.92,1.778,soler
solicitar,2.12,1.59,solicitar
solicitud,2.2,1.399,solicitud
sólida,2.4,1.683,solida
solidaria,2.4,1.633,solidaria
solidez,3.2,1.765,solidez
sólido,3.571,2.063,solido
solista,3.727,1.907,solista
sollozo,3.8,2.093,sollozo
sólo,3.045,1.889,solo
solsticio,3.05,2.259,solsticio
soltar,2.917,1.64,soltar
soltera,2.583,1.792,soltera
soltura,2.682,1.756,soltura
soluble,3.72,1.621,soluble
solucionar,3.44,2.123,solucionar
solvencia,2.24,1.508,solvencia
solventar,2.714,1.347,solventar
solvente,2.1,1.804,solvente
sombrío,3.091,1.77,sombrio
someter,3.08,1.605,someter
sometimiento,3.095,1.868,sometimiento
somier,2.19,1.75,somier
sonar,3.435,1.95,sonar
sonata,4.417,1.886,sonata
sonda,2.524,1.778,sonda
sondeo,3.0,1.974,sondeo
soneto,2.524,1.692,soneto
sonora,3.68,1.952,sonora
sonoridad,4.24,2.107,sonoridad
sonriente,4.714,1.821,sonriente
soñador,3.44,1.96,sonador
soñar,2.783,1.858,sonar
sopa,3.0,1.976,sopa
sopera,3.333,2.014,sopera
sopesar,2.4,1.536,sopesar
soplagaitas,4.32,2.212,soplagaitas
soplar,4.6,2.0,soplar
sopor,2.647,1.998,sopor
soportar,2.45,1.849,soportar
soporte,2.435,1.927,soporte
soprano,2.455,1.654,soprano
sor,3.391,2.017,sor
sorbo,5.333,1.523,sorbo
sordera,2.87,2.007,sordera
sordo,3.043,2.142,sordo
sorprendente,3.391,2.017,sorprendente
sortear,3.92,1.956,sortear
sorteo,1.952,1.431,sorteo
sortija,2.278,1.227,sortija
sosaina,3.739,2.261,sosaina
sospechar,3.125,1.752,sospechar
sostén,3.792,1.719,sosten
sostener,2.88,1.833,sostener
sostenibilidad,3.609,1.994,sostenibilidad
sostenible,2.25,1.682,sostenible
sostenimiento,2.957,1.942,sostenimiento
sotana,2.174,1.302,sotana
sótano,3.32,1.994,sotano
soto,1.533,0.99,soto
soul,3.842,2.192,soul
soviético,1.955,1.495,sovietico
suavizar,4.0,2.224,suavizar
suba,2.826,1.922,suba
subasta,1.714,1.056,subasta
subcampeón,3.143,1.878,subcampeon
subcampeonato,2.609,1.877,subcampeonato
subcapitán,3.263,1.881,subcapitan
subclase,2.4,1.958,subclase
subcomandante,2.15,1.899,subcomandante
subconjunto,3.92,1.998,subconjunto
subconsciente,3.5,1.732,subconsciente
subcontinente,3.2,1.708,subcontinente
subcoronel,2.957,1.988,subcoronel
subcultura,2.583,1.742,subcultura
subdelegado,2.5,1.596,subdelegado
subdesarrollado,3.478,2.192,subdesarrollado
subdesarrollo,2.429,1.599,subdesarrollo
subdirector,3.08,2.019,subdirector
subdividir,3.96,2.071,subdividir
subdivisión,2.409,1.736,subdivision
subespecie,2.2,1.642,subespecie
subestimar,2.96,1.968,subestimar
subfamilia,2.857,1.797,subfamilia
subfusil,2.87,1.984,subfusil
subgénero,3.381,2.037,subgenero
subgrupo,3.857,1.878,subgrupo
subir,2.727,1.907,subir
súbito,3.565,2.39,subito
subjetiva,2.76,1.786,subjetiva
subjetividad,2.261,1.685,subjetividad
sublevación,3.0,1.624,sublevacion
sublime,3.667,1.461,sublime
submarinismo,3.522,1.831,submarinismo
submarino,4.348,2.208,submarino
subnormal,4.0,2.167,subnormal
suboficial,2.96,2.071,suboficial
subordinación,2.182,1.622,subordinacion
subordinada,2.579,1.774,subordinada
subpresidente,3.68,2.056,subpresidente
subrayador,3.28,1.595,subrayador
subrayar,4.417,1.886,subrayar
subsahariana,4.12,2.108,subsahariana
subsanar,2.875,1.825,subsanar
subscripción,3.05,1.905,subscripcion
subsecretario,2.737,1.821,subsecretario
subsidiaria,2.182,1.181,subsidiaria
subsidio,1.913,1.621,subsidio
subsiguiente,1.917,1.412,subsiguiente
subsistema,2.417,1.767,subsistema
subsistemas,2.375,1.789,subsistemas
subsistencia,2.625,2.018,subsistencia
subsistir,2.72,1.815,subsistir
substancia,3.043,2.033,substancia
substancial,2.381,1.774,substancial
subsuelo,4.0,1.977,subsuelo
subteniente,2.48,1.96,subteniente
subtítulo,2.591,1.843,subtitulo
subtropical,3.048,2.037,subtropical
subvención,2.333,1.77,subvencion
subvencionar,2.65,2.033,subvencionar
subversión,2.88,1.764,subversion
subyacente,2.35,1.927,subyacente
subyacer,2.45,1.932,subyacer
suceder,2.44,1.294,suceder
sucedido,1.739,1.176,sucedido
sucesión,2.75,1.713,sucesion
sucesiva,3.136,1.959,sucesiva
sucesivo,2.435,1.727,sucesivo
sucesor,2.773,1.541,sucesor
sucesora,2.56,1.609,sucesora
sucesoria,1.762,1.136,sucesoria
sucumbir,3.0,2.121,sucumbir
sucursal,1.524,0.68,sucursal
sudaca,3.565,1.927,sudaca
sudadera,2.524,1.692,sudadera
sudafricano,3.28,1.926,sudafricano
sudamericano,3.6,2.327,sudamericano
sudar,2.409,1.532,sudar
sudeste,2.76,1.985,sudeste
sudoeste,2.88,2.108,sudoeste
sueco,2.45,1.791,sueco
suegro,3.0,1.747,suegro
suela,2.19,1.721,suela
suelta,2.792,1.888,suelta
suelto,2.762,1.841,suelto
suero,2.125,1.262,suero
suéter,2.0,1.376,sueter
suficiencia,2.4,1.414,suficiencia
suficiente,3.095,1.895,suficiente
sufijo,3.96,2.01,sufijo
sufra,2.75,1.585,sufra
sufragar,2.167,1.551,sufragar
sufragio,2.36,1.411,sufragio
sufrir,2.455,1.535,sufrir
sugerencia,2.524,1.327,sugerencia
sugerente,2.609,1.373,sugerente
sugerir,2.571,1.535,sugerir
sugestión,2.318,1.756,sugestion
suicida,3.0,1.612,suicida
suicidarse,2.429,1.599,suicidarse
suicidio,2.826,1.992,suicidio
suite,2.65,2.059,suite
suiza,2.55,2.114,suiza
suizo,3.08,2.379,suizo
sujeción,2.048,1.774,sujecion
sujetar,3.12,2.297,sujetar
sujeto,2.36,1.497,sujeto
sulfato,2.96,1.695,sulfato
sulfúrico,3.238,1.814,sulfurico
sulfuro,2.273,1.882,sulfuro
sultán,2.542,1.865,sultan
suma,2.5,1.871,suma
sumando,3.32,2.286,sumando
sumar,4.64,2.079,sumar
sumario,2.56,1.685,sumario
sumergir,4.0,2.026,sumergir
suministrar,2.478,1.62,suministrar
suministro,2.609,1.777,suministro
sumir,2.545,1.471,sumir
sumisión,3.273,1.804,sumision
sumiso,3.76,1.855,sumiso
sumo,3.55,2.523,sumo
suntuosa,2.625,1.544,suntuosa
súper,4.96,1.968,super
superar,3.36,2.325,superar
superávit,3.65,1.927,superavit
superestructura,2.76,1.877,superestructura
superficial,3.083,1.666,superficial
superficie,2.381,1.774,superficie
superfluo,3.611,2.118,superfluo
superhéroe,3.261,2.179,superheroe
superhéroes,4.048,1.746,superheroes
superintendente,2.727,1.751,superintendente
superior,3.143,1.769,superior
superiora,3.864,2.295,superiora
superposición,3.32,2.193,superposicion
superpotencia,4.571,1.912,superpotencia
superproducción,4.55,1.849,superproduccion
superstición,3.609,2.126,supersticion
supersticioso,2.6,1.443,supersticioso
supervisar,3.44,1.609,supervisar
supervisión,4.12,1.986,supervision
supervisor,3.84,2.154,supervisor
supervivencia,2.9,1.832,supervivencia
superviviente,3.6,1.729,superviviente
suplantar,2.92,1.706,suplantar
suplementario,2.286,1.231,suplementario
suplemento,2.36,1.44,suplemento
suplente,2.24,1.64,suplente
súplica,3.591,2.016,suplica
suplicante,2.65,1.755,suplicante
suplicar,3.261,1.738,suplicar
suplir,2.88,1.74,suplir
suponer,2.64,1.381,suponer
suposición,2.19,1.569,suposicion
supranacional,2.588,1.661,supranacional
supremacía,2.833,1.81,supremacia
supremo,3.96,1.814,supremo
supresión,2.76,1.422,supresion
suprimir,2.895,1.912,suprimir
supuesto,2.48,1.686,supuesto
sur,4.2,1.958,sur
suramericano,3.125,2.252,suramericano
surco,2.864,1.754,surco
surcoreano,2.48,1.735,surcoreano
sureño,3.522,1.729,sureno
sureste,2.65,1.814,sureste
surf,4.783,1.882,surf
surfing,4.167,1.978,surfing
surgimiento,3.12,1.764,surgimiento
surgir,2.72,1.904,surgir
suroeste,3.136,2.189,suroeste
surrealismo,2.92,2.019,surrealismo
surrealista,4.1,2.198,surrealista
surtido,3.35,2.231,surtido
sus,2.0,1.495,sus
susceptibilidad,2.667,1.81,susceptibilidad
susceptible,1.9,1.252,susceptible
suscitar,3.045,2.035,suscitar
suscripción,2.136,1.356,suscripcion
susodicho,3.421,1.981,susodicho
suspender,2.0,1.345,suspender
suspensión,3.44,1.805,suspension
suspirar,3.5,2.087,suspirar
suspiro,3.773,2.114,suspiro
sustancial,1.96,1.567,sustancial
sustantivo,2.208,1.25,sustantivo
sustentable,3.2,1.555,sustentable
sustentación,3.0,1.888,sustentacion
sustentar,1.81,1.365,sustentar
sustitución,2.0,1.512,sustitucion
sustituir,2.833,1.903,sustituir
sustituto,2.35,1.725,sustituto
sustracción,2.75,1.888,sustraccion
sustraer,3.28,2.031,sustraer
sustrato,2.048,1.596,sustrato
susurrar,5.476,1.887,susurrar
sutil,2.88,1.666,sutil
sutileza,2.96,1.859,sutileza
swing,5.708,1.517,swing
tabaquismo,3.68,2.036,tabaquismo
tabasco,3.435,2.537,tabasco
taberna,2.5,1.638,taberna
tabique,2.81,1.662,tabique
tabú,3.476,1.806,tabu
tac,5.208,2.226,tac
taca taca,6.095,1.375,taca_taca
tacha,2.591,1.79,tacha
tachán,6.105,1.524,tachan
tachín,2.048,1.596,tachin
tácito,3.176,1.629,tacito
taciturno,2.562,1.896,taciturno
taco,3.217,1.953,taco
tacón,2.2,1.258,tacon
táctica,2.318,1.46,tactica
táctil,3.909,2.045,tactil
taekwondo,3.583,2.43,taekwondo
taichí,3.619,1.717,taichi
taifa,2.062,1.436,taifa
tailandés,3.333,2.394,tailandes
taiwanés,2.636,1.84,taiwanes
tajante,3.333,1.683,tajante
tajo,4.391,2.251,tajo
tal,2.333,1.88,tal
tala,2.7,1.342,tala
taladrador,4.714,1.978,taladrador
taladradora,4.762,1.921,taladradora
talán,3.5,2.33,talan
talante,2.529,1.875,talante
talentoso,2.9,1.832,talentoso
talibán,2.727,1.956,taliban
talismán,2.083,1.472,talisman
taller,2.409,1.593,taller
tallo,3.0,1.949,tallo
tamagochi,3.08,2.197,tamagochi
tambalear,3.727,1.882,tambalear
también,2.043,1.296,tambien
tambores,3.958,2.053,tambores
tamboril,3.87,1.984,tamboril
tampoco,2.476,1.721,tampoco
tan,4.125,2.173,tan
tanda,2.35,1.631,tanda
tangente,3.15,2.11,tangente
tangible,2.55,2.188,tangible
tango,3.545,1.819,tango
tantán,5.882,1.536,tantan
tantarantán,6.2,1.424,tantarantan
tanteo,3.76,2.087,tanteo
tanto,3.478,1.88,tanto
tapa,1.905,1.7,tapa
tapadera,3.36,1.955,tapadera
tapar,2.095,1.338,tapar
tapete,4.12,2.048,tapete
tapia,2.75,1.888,tapia
tapiz,1.81,1.209,tapiz
tapón,3.783,1.882,tapon
taquilla,2.16,1.7,taquilla
taquillón,3.889,1.906,taquillon
tarado,2.68,2.056,tarado
tararear,4.864,2.007,tararear
tararí,5.833,1.425,tarari
tarda,1.957,1.331,tarda
tardanza,2.095,1.48,tardanza
tardar,2.136,1.754,tardar
tarde,2.136,1.781,tarde
tardía,2.88,1.856,tardia
tarifa,2.091,1.716,tarifa
tarima,2.143,1.824,tarima
tarjeta,2.8,1.803,tarjeta
tartajear,3.045,1.914,tartajear
tartalear,2.6,1.174,tartalear
tartamudo,4.273,2.374,tartamudo
tartera,3.048,1.884,tartera
tarugo,3.375,2.163,tarugo
tasa,1.783,1.126,tasa
tata,3.32,2.174,tata
tatarabuela,5.2,1.803,tatarabuela
tatarabuelo,3.095,2.047,tatarabuelo
tataranieto,3.08,1.525,tataranieto
tatarear,5.6,1.581,tatarear
taurino,2.095,1.411,taurino
taxista,4.13,2.096,taxista
taxonomía,3.16,1.951,taxonomia
taxonómica,2.438,1.672,taxonomica
té,3.19,2.272,te
tea,3.2,2.067,tea
teatral,3.905,1.947,teatral
tebeo,1.722,1.638,tebeo
teclado,4.0,2.082,teclado
técnica,3.571,2.226,tecnica
técnico,3.4,2.082,tecnico
tecno,2.381,1.936,tecno
tecnología,3.12,1.9,tecnologia
tecnológicas,2.136,1.859,tecnologicas
tecnológico,2.435,1.701,tecnologico
tedio,2.786,2.082,tedio
tejado,3.44,2.063,tejado
tejano,2.739,1.602,tejano
tejer,2.524,1.778,tejer
tejido,2.455,1.738,tejido
tejo,1.421,0.769,tejo
tejón,2.458,1.56,tejon
telar,2.75,1.682,telar
tele,3.35,1.843,tele
telecomunicación,3.105,1.663,telecomunicacion
teleférico,3.04,2.01,teleferico
telefonear,3.421,1.981,telefonear
telefonía,2.4,1.847,telefonia
telefónica,3.04,1.67,telefonica
telefonista,3.391,2.231,telefonista
telégrafo,2.524,1.167,telegrafo
telegrama,3.85,1.843,telegrama
telenovela,3.0,1.633,telenovela
telepatía,2.826,1.899,telepatia
teleserie,3.2,1.852,teleserie
teletexto,3.238,1.729,teletexto
televisiva,3.2,2.082,televisiva
televisor,2.84,1.625,televisor
telón,1.81,1.209,telon
temática,1.818,1.181,tematica
temblar,4.0,2.102,temblar
temblor,4.52,2.044,temblor
temblorosa,3.136,1.833,temblorosa
temeridad,2.955,1.397,temeridad
temible,2.85,1.694,temible
temperamento,3.16,1.818,temperamento
temperatura,2.96,1.925,temperatura
tempestad,3.714,1.848,tempestad
temple,3.36,1.912,temple
templo,3.12,2.048,templo
tempo,3.9,1.944,tempo
temporada,2.087,1.345,temporada
temporalidad,3.0,1.48,temporalidad
temprana,2.348,1.668,temprana
temprano,2.789,1.932,temprano
tenacidad,2.68,1.547,tenacidad
tenaz,2.609,1.588,tenaz
tenaza,3.25,1.939,tenaza
tendencia,3.05,1.877,tendencia
tendente,2.913,1.649,tendente
tender,5.158,2.089,tender
tendero,2.8,1.78,tendero
tendinitis,3.435,1.996,tendinitis
tendón,2.81,1.632,tendon
tenencia,1.882,1.409,tenencia
tener,2.28,1.621,tener
tenia,2.1,1.21,tenia
tenida,1.833,0.917,tenida
teniente,3.174,1.875,teniente
tenista,2.476,1.94,tenista
tenor,3.105,2.208,tenor
tensa,3.619,1.658,tensa
tensor,3.167,1.736,tensor
tentador,2.15,1.531,tentador
tentativa,2.818,2.108,tentativa
tentempié,3.045,1.963,tentempie
teología,2.952,1.884,teologia
teológica,2.087,1.24,teologica
teólogo,3.0,2.102,teologo
teorema,2.542,1.769,teorema
teórico,2.56,1.734,teorico
tequila,2.708,1.756,tequila
terapeuta,2.478,1.755,terapeuta
terapéutica,2.96,2.091,terapeutica
terapia,2.72,1.37,terapia
tercer,2.455,1.845,tercer
terciario,2.762,1.609,terciario
tercio,3.174,2.167,tercio
terciopelo,2.667,1.659,terciopelo
terco,3.19,1.861,terco
térmico,4.15,2.254,termico
terminación,3.96,2.091,terminacion
terminal,2.364,1.465,terminal
terminante,3.35,1.785,terminante
terminar,3.68,2.34,terminar
término,2.632,1.832,termino
terminología,2.81,2.159,terminologia
ternera,2.72,1.838,ternera
ternero,2.48,1.686,ternero
terra,2.941,1.853,terra
terraplén,3.105,1.761,terraplen
terrateniente,4.421,1.805,terrateniente
terraza,2.042,1.546,terraza
terremotos,5.952,1.203,terremotos
terrenal,4.36,1.551,terrenal
terreno,2.913,2.214,terreno
terrestre,3.6,1.528,terrestre
territorial,3.167,1.949,territorial
territorio,2.958,2.01,territorio
terrón,3.789,2.347,terron
terror,4.88,1.81,terror
terrorífico,3.8,1.795,terrorifico
tertulia,2.545,1.738,tertulia
tesitura,2.368,1.383,tesitura
tesón,3.333,1.676,teson
tesorería,3.261,2.24,tesoreria
tesorero,2.739,1.936,tesorero
test,3.368,2.266,test
testarudo,2.095,1.67,testarudo
testículos,2.81,1.778,testiculos
testigo,2.19,1.365,testigo
testimonial,3.08,1.801,testimonial
testimonio,2.88,1.691,testimonio
testosterona,2.133,1.767,testosterona
teta,2.19,1.662,teta
tetas,2.455,1.845,tetas
tetris,4.72,1.815,tetris
text,3.25,2.266,text
textil,3.32,1.887,textil
textual,4.0,2.041,textual
textura,3.5,1.821,textura
tez,3.286,2.125,tez
thriller,3.095,1.67,thriller
tí,3.682,2.234,ti
tía,2.95,1.877,tia
tibetano,1.9,1.651,tibetano
tibia,2.72,1.745,tibia
tibieza,2.789,1.751,tibieza
tic,6.25,1.294,tic
tic tac,6.913,0.417,tic_tac
tientas,2.474,1.577,tientas
tierna,2.68,1.973,tierna
tifus,3.118,1.495,tifus
tijera,2.952,1.746,tijera
tijereta,2.783,1.704,tijereta
tila,2.583,1.816,tila
tilde,3.0,1.947,tilde
tilín,4.909,1.998,tilin
timar,2.579,1.644,timar
timbal,4.19,1.887,timbal
timidez,2.095,1.7,timidez
timo,2.905,2.022,timo
timón,2.857,1.797,timon
tímpano,4.333,1.971,timpano
tina,2.278,1.708,tina
tinción,2.0,1.0,tincion
tinte,2.48,1.358,tinte
tintero,3.5,2.085,tintero
tintín,3.783,2.335,tintin
tinto,3.391,1.852,tinto
tiña,2.833,1.736,tina
típico,3.36,1.955,tipico
tipo,1.714,1.231,tipo
tipografía,2.227,1.66,tipografia
tipología,3.32,1.887,tipologia
tirachinas,3.773,2.369,tirachinas
tirador,2.522,1.974,tirador
tirafondos,2.263,1.408,tirafondos
tirante,2.455,1.503,tirante
tirar,4.15,2.323,tirar
tiritar,4.571,2.087,tiritar
tiro,3.76,1.899,tiro
tiroiditis,2.583,1.767,tiroiditis
tirón,4.476,2.228,tiron
tiroteo,3.44,2.219,tiroteo
titanio,3.905,2.022,titanio
títere,2.545,1.792,titere
titiritaina,5.385,2.181,titiritaina
titulación,3.28,1.838,titulacion
titularidad,2.92,1.801,titularidad
titulo,2.143,1.315,titulo
título,2.182,1.622,titulo
tiza,2.68,1.994,tiza
tocador,2.318,1.615,tocador
tocante,3.15,2.084,tocante
tocapelotas,3.696,1.869,tocapelotas
tocar,3.75,2.172,tocar
tocino,2.238,1.446,tocino
toco,2.667,1.759,toco
toda,3.16,2.304,toda
todavía,2.48,1.661,todavia
todo,2.545,1.792,todo
todopoderoso,5.0,2.141,todopoderoso
todoterreno,4.714,1.793,todoterreno
toga,2.455,1.595,toga
tolai,4.25,2.074,tolai
toldo,2.478,1.62,toldo
tolerable,2.2,1.542,tolerable
tolerar,2.429,1.599,tolerar
tolón,5.0,1.927,tolon
toma,3.44,1.96,toma
tomar,2.25,1.482,tomar
tomillo,1.958,1.398,tomillo
tomo,2.4,1.848,tomo
tonal,3.438,1.59,tonal
tonalidad,2.667,1.685,tonalidad
tonel,4.409,2.085,tonel
tonelada,4.16,1.93,tonelada
tonelaje,3.44,1.938,tonelaje
tónica,3.625,1.996,tonica
tono,3.4,1.848,tono
tontolaba,4.083,2.32,tontolaba
top,4.88,2.088,top
topacio,2.211,1.512,topacio
topar,4.12,1.716,topar
tope,3.545,1.993,tope
tópico,2.48,1.917,topico
topografía,3.0,1.852,topografia
topología,2.5,1.573,topologia
topónimo,2.722,2.052,toponimo
toque,4.04,2.071,toque
torácica,3.28,1.838,toracica
tórax,2.56,1.805,torax
torbellino,5.045,1.838,torbellino
toreo,3.375,1.813,toreo
tormentoso,3.958,2.136,tormentoso
torna,2.778,1.665,torna
tornar,2.19,1.834,tornar
torneo,2.087,1.649,torneo
torno,3.19,2.136,torno
torpedo,3.095,1.947,torpedo
torpeza,3.8,1.936,torpeza
torrente,2.96,2.071,torrente
torreón,3.048,1.91,torreon
torreta,3.278,1.841,torreta
torsión,3.957,2.142,torsion
torso,2.64,1.753,torso
torta,4.35,1.348,torta
tortilla,2.714,1.848,tortilla
tórtola,3.0,2.0,tortola
tos,5.68,2.015,tos
tosca,4.348,1.921,tosca
tostado,2.625,1.663,tostado
tostador,3.957,2.225,tostador
tostadora,4.08,2.308,tostadora
total,2.667,1.826,total
totalidad,4.043,2.246,totalidad
totalitario,3.72,2.17,totalitario
totalitarismo,4.095,2.071,totalitarismo
tour,3.25,2.231,tour
toxicidad,3.609,1.901,toxicidad
traba,3.667,1.94,traba
trabajadora,1.957,1.186,trabajadora
trabajo,2.125,1.296,trabajo
trabajoso,4.55,1.932,trabajoso
trabar,2.913,1.998,trabar
trabuco,3.286,2.077,trabuco
traca,2.955,2.319,traca
tracción,3.043,1.461,traccion
tracto,2.455,1.87,tracto
tradición,2.4,1.633,tradicion
tradicional,2.429,1.72,tradicional
traducción,2.7,1.689,traduccion
traducir,2.35,1.785,traducir
traductor,2.381,1.627,traductor
traductora,2.95,1.761,traductora
traer,2.19,1.569,traer
traficar,3.13,2.282,traficar
tráfico,2.8,2.217,trafico
tragar,4.28,1.568,tragar
trágico,2.68,1.725,tragico
trago,3.48,1.759,trago
tráiler,2.826,1.825,trailer
trama,3.4,1.871,trama
tramitación,2.56,1.96,tramitacion
tramitar,1.9,1.21,tramitar
tramo,2.13,1.359,tramo
tramontana,1.684,1.455,tramontana
trampa,3.429,1.859,trampa
tranquilizar,3.4,2.088,tranquilizar
transacción,3.32,2.036,transaccion
transatlántica,3.087,1.881,transatlantica
transatlántico,2.545,1.87,transatlantico
transbordador,2.211,1.437,transbordador
transcendental,3.76,2.26,transcendental
transcribir,3.48,1.759,transcribir
transcripción,2.682,1.644,transcripcion
transcurrir,2.76,1.393,transcurrir
transcurso,2.391,1.234,transcurso
transeuropeas,3.238,1.7,transeuropeas
transferencia,3.08,1.824,transferencia
transferir,3.6,1.958,transferir
transformación,4.24,1.921,transformacion
transformador,4.0,1.871,transformador
transformar,3.182,1.816,transformar
transgresión,3.92,1.801,transgresion
transición,3.0,1.694,transicion
transistor,2.421,1.121,transistor
transitar,2.524,1.662,transitar
transitorio,3.091,2.348,transitorio
transmisión,2.92,1.552,transmision
transmisor,2.72,1.768,transmisor
transmitir,1.286,0.561,transmitir
transmutación,2.44,1.96,transmutacion
transnacional,2.529,1.419,transnacional
transparencia,2.318,1.492,transparencia
transportar,3.652,1.824,transportar
transporte,3.8,1.848,transporte
transportista,2.381,1.564,transportista
transposición,2.917,1.586,transposicion
transversal,2.696,1.49,transversal
trapo,3.68,2.036,trapo
trapos,2.045,1.527,trapos
tras,4.524,2.316,tras
trascendental,2.84,1.7,trascendental
trascendente,2.24,1.832,trascendente
trascender,3.12,2.128,trascender
trasero,2.96,2.226,trasero
trasfondo,2.92,1.706,trasfondo
traslación,2.455,1.565,traslacion
trasladar,1.476,1.078,trasladar
traslado,2.0,1.447,traslado
traspasar,3.45,1.986,traspasar
traspaso,2.76,1.877,traspaso
trasplante,3.682,1.887,trasplante
traste,3.125,2.071,traste
trastienda,2.273,1.609,trastienda
trasvase,2.583,1.412,trasvase
tratado,2.56,1.53,tratado
tratamiento,3.12,2.048,tratamiento
tratar,1.85,1.599,tratar
traumática,2.773,1.771,traumatica
traumatismo,3.5,1.987,traumatismo
través,3.391,1.852,traves
travesera,2.5,1.821,travesera
travieso,4.0,1.848,travieso
trayecto,2.909,1.925,trayecto
trayectoria,3.304,1.795,trayectoria
traza,2.474,1.837,traza
trazado,3.696,2.12,trazado
trazar,2.0,1.304,trazar
trazo,2.545,1.535,trazo
trébol,3.0,1.789,trebol
treinta,2.4,2.0,treinta
treintena,2.792,2.043,treintena
tremendo,4.217,2.194,tremendo
tren,3.042,2.053,tren
trenecito,3.783,2.235,trenecito
trenza,3.773,2.562,trenza
trenzado,4.25,1.743,trenzado
trepa,3.19,1.861,trepa
trepar,3.273,2.12,trepar
tresillo,2.375,1.204,tresillo
triangular,4.56,2.083,triangular
tribal,3.44,2.002,tribal
tribu,4.0,2.121,tribu
tribuna,3.12,2.068,tribuna
tribunal,1.739,1.054,tribunal
tribuno,1.316,0.749,tribuno
tributación,2.444,1.723,tributacion
tributaria,3.0,1.826,tributaria
tributo,2.524,1.209,tributo
triciclo,2.318,1.673,triciclo
tricolor,4.88,2.027,tricolor
tridimensional,3.68,1.749,tridimensional
trienio,2.474,1.954,trienio
trigal,3.375,1.689,trigal
trigésimo,3.042,2.095,trigesimo
trigo,3.0,1.658,trigo
trilogía,3.0,1.549,trilogia
trimestral,3.895,2.307,trimestral
trimestre,3.64,2.196,trimestre
trina,2.474,2.27,trina
trinar,3.3,2.25,trinar
trincha,4.88,1.922,trincha
trinchador,2.889,1.937,trinchador
trinchante,3.286,1.793,trinchante
trinchera,2.455,1.711,trinchera
trineo,2.636,1.787,trineo
trinidad,2.1,1.553,trinidad
trino,1.6,1.549,trino
trío,3.696,2.098,trio
tripartito,4.348,1.898,tripartito
tríptico,4.88,1.764,triptico
triptongo,2.737,1.593,triptongo
tripulación,4.68,1.909,tripulacion
tris,4.333,2.309,tris
triunfal,2.636,1.891,triunfal
trivial,2.25,1.585,trivial
tromba,3.318,2.009,tromba
trombón,5.261,1.839,trombon
trombosis,2.739,1.959,trombosis
trompa,4.44,1.96,trompa
trompetín,3.857,1.711,trompetin
troncal,3.048,2.224,troncal
tronco,4.44,1.583,tronco
trono,3.381,1.936,trono
tropa,3.143,1.682,tropa
tropezar,3.8,1.576,tropezar
tropical,4.0,2.341,tropical
tropicales,3.238,1.895,tropicales
tropiezo,2.95,1.432,tropiezo
trote,4.609,2.061,trote
trovador,2.0,1.487,trovador
trucar,2.913,1.881,trucar
truco,2.76,1.589,truco
trueno,3.19,2.358,trueno
trueque,3.05,1.538,trueque
truño,4.571,1.599,truno
tsunami,2.167,1.606,tsunami
tuba,3.909,2.369,tuba
tuberculosos,3.2,1.609,tuberculosos
tuberías,3.52,1.759,tuberias
tubo,3.16,2.075,tubo
tubular,4.619,1.91,tubular
tuerto,2.76,1.855,tuerto
tul,2.864,1.885,tul
tulipán,3.48,2.4,tulipan
tullido,2.826,2.037,tullido
tumbar,3.52,2.104,tumbar
túmulo,2.0,1.211,tumulo
tumulto,3.467,1.995,tumulto
tuna,2.5,1.504,tuna
tunante,2.583,1.863,tunante
túnica,1.957,1.224,tunica
tupper,3.182,1.967,tupper
turba,2.667,1.799,turba
turbación,2.824,1.551,turbacion
turbante,2.857,1.852,turbante
turbar,2.529,1.807,turbar
turbina,2.476,1.887,turbina
turco,3.095,1.758,turco
turismo,3.2,2.021,turismo
turista,1.826,1.403,turista
turístico,4.048,2.061,turistico
turquesa,2.32,1.842,turquesa
tururú,5.72,2.011,tururu
tutela,2.737,1.628,tutela
tutelar,2.81,1.887,tutelar
tutor,2.591,1.764,tutor
ubicación,2.909,1.823,ubicacion
ubicar,3.48,2.104,ubicar
ucrania,1.952,1.532,ucrania
ucraniano,2.174,1.557,ucraniano
ulterior,2.417,1.832,ulterior
ultimar,3.44,1.53,ultimar
ultimátum,4.2,2.0,ultimatum
último,3.0,2.294,ultimo
ultra,3.56,2.219,ultra
ultraderecha,4.0,1.949,ultraderecha
ultraderechista,3.5,2.188,ultraderechista
ultraje,2.8,2.217,ultraje
ultramar,3.857,1.905,ultramar
ultranacionalista,3.16,1.864,ultranacionalista
ultranza,1.6,0.966,ultranza
ultravioleta,3.13,2.341,ultravioleta
umbral,2.96,1.881,umbral
una,3.227,2.224,una
unánime,3.92,2.08,unanime
unanimidad,2.952,1.687,unanimidad
undécimo,4.583,2.125,undecimo
unicameral,1.333,0.651,unicameral
único,2.636,1.59,unico
unicornio,4.44,2.238,unicornio
unidades,2.619,1.627,unidades
unifamiliar,2.333,1.592,unifamiliar
unificación,2.6,1.984,unificacion
unificar,3.95,2.212,unificar
uniformidad,3.2,2.062,uniformidad
unilateral,2.8,2.042,unilateral
unionista,2.783,1.882,unionista
unir,4.0,2.236,unir
unísono,4.1,2.15,unisono
unitario,3.217,2.173,unitario
universalidad,3.682,2.079,universalidad
universidad,2.292,1.706,universidad
universitario,2.84,1.951,universitario
universo,3.238,2.256,universo
uno,3.273,2.164,uno
uñas,2.292,1.601,unas
uranio,1.864,1.356,uranio
urbana,2.909,2.091,urbana
urbanidad,3.24,2.067,urbanidad
urbanismo,2.13,1.424,urbanismo
urbanística,3.0,1.683,urbanistica
urbanización,2.524,1.601,urbanizacion
urbano,2.227,1.602,urbano
urbe,2.176,1.334,urbe
urgencia,2.182,1.468,urgencia
urgente,3.25,2.468,urgente
urgir,3.261,2.027,urgir
urna,2.5,2.018,urna
urólogo,1.381,1.071,urologo
urticaria,4.333,2.099,urticaria
uruguayo,4.4,2.121,uruguayo
usa,1.864,1.082,usa
usanza,2.68,1.796,usanza
usar,2.88,2.048,usar
uso,2.273,1.609,uso
usual,2.76,1.3,usual
usuario,2.15,1.531,usuario
usurero,3.524,1.887,usurero
usurpación,2.619,1.532,usurpacion
usurpador,2.762,1.947,usurpador
usurpar,2.286,1.736,usurpar
utilidad,3.091,2.045,utilidad
utilizable,1.955,1.558,utilizable
utilización,3.08,1.778,utilizacion
utilizar,1.667,1.111,utilizar
utópico,1.818,1.402,utopico
uva,3.083,2.165,uva
vacante,2.524,1.436,vacante
vaciar,2.636,2.013,vaciar
vacilación,2.84,1.795,vacilacion
vacilante,3.0,1.826,vacilante
vacuna,3.76,1.964,vacuna
vacunación,2.583,1.816,vacunacion
vacuno,3.571,2.063,vacuno
vado,2.222,1.665,vado
vaga,3.136,1.833,vaga
vagabundo,2.826,1.696,vagabundo
vagar,1.955,1.362,vagar
vagina,2.16,1.818,vagina
vaginal,2.92,2.12,vaginal
vaho,3.92,1.801,vaho
vaina,1.917,1.213,vaina
vainas,2.92,1.754,vainas
vainilla,2.238,1.446,vainilla
vaivén,4.857,1.711,vaiven
vajilla,2.227,1.307,vajilla
valencia,2.0,1.651,valencia
valencianista,1.957,1.77,valencianista
valenciano,3.429,2.135,valenciano
valentía,3.56,2.043,valentia
valer,3.25,1.773,valer
valeriana,3.44,2.238,valeriana
valeroso,2.783,1.731,valeroso
valía,2.591,1.436,valia
validación,2.435,1.83,validacion
validar,2.818,1.736,validar
validez,2.92,1.579,validez
valido,2.474,1.982,valido
válido,2.571,1.805,valido
valioso,2.429,1.72,valioso
valla,1.909,1.509,valla
valoración,2.909,2.223,valoracion
valorar,2.792,1.911,valorar
valorización,2.238,1.48,valorizacion
vals,3.474,2.435,vals
válvula,2.429,1.502,valvula
vandalismo,2.84,1.795,vandalismo
vanguardia,2.4,1.958,vanguardia
vanguardista,3.2,1.936,vanguardista
vanidoso,2.304,1.55,vanidoso
vano,2.85,1.872,vano
vaporeta,3.478,2.064,vaporeta
vaquera,3.08,2.12,vaquera
vaqueros,2.64,1.655,vaqueros
vara,1.429,0.978,vara
varia,2.13,1.817,varia
variabilidad,3.261,1.839,variabilidad
variable,2.85,1.725,variable
variación,2.5,1.701,variacion
variante,2.545,1.503,variante
varianza,2.476,1.47,varianza
variar,2.76,1.508,variar
varicela,1.857,1.389,varicela
variedad,2.8,1.732,variedad
varilla,3.476,2.015,varilla
varita,3.16,1.93,varita
varón,2.591,2.108,varon
varonil,2.955,1.618,varonil
vasallaje,2.222,1.768,vasallaje
vasallo,2.0,1.298,vasallo
vasco,3.9,2.382,vasco
vascular,2.609,1.803,vascular
vasija,2.45,1.669,vasija
vástago,2.583,1.717,vastago
vasto,2.762,1.375,vasto
vaticano,2.0,1.746,vaticano
vatios,2.611,1.539,vatios
vecina,2.333,1.494,vecina
vecinal,2.143,1.797,vecinal
vecindad,2.25,1.773,vecindad
vecindario,1.762,1.411,vecindario
vecino,2.9,1.41,vecino
vector,1.905,1.513,vector
vectorial,2.905,1.921,vectorial
veda,2.133,1.407,veda
vedado,1.765,1.147,vedado
vega,1.833,1.098,vega
vegetal,3.8,2.121,vegetal
vegetativo,3.208,1.793,vegetativo
vehemencia,2.667,1.589,vehemencia
vehemente,2.8,1.936,vehemente
vehicular,2.696,1.579,vehicular
veintena,2.773,2.114,veintena
veinticinco,3.16,1.864,veinticinco
veintisiete,3.45,2.605,veintisiete
veintiuno,3.0,2.2,veintiuno
vejez,3.571,1.964,vejez
vejiga,2.227,1.445,vejiga
velada,3.4,1.958,velada
velar,3.04,1.859,velar
vello,2.56,1.557,vello
velocidad,2.095,1.446,velocidad
vena,2.76,2.067,vena
venado,3.111,1.967,venado
vencejo,2.632,1.862,vencejo
vencimiento,2.684,1.734,vencimiento
vendaval,3.739,1.888,vendaval
vendedora,1.818,1.259,vendedora
vender,1.238,0.436,vender
veneciano,3.667,2.22,veneciano
venenosa,2.667,1.798,venenosa
venerable,3.087,1.782,venerable
venerar,3.0,1.975,venerar
venéreas,3.133,2.2,venereas
venezolano,3.24,2.35,venezolano
vengar,2.333,1.77,vengar
venia,2.467,1.995,venia
venida,2.0,1.183,venida
venir,2.565,1.674,venir
venta,2.042,1.301,venta
ventajosa,3.0,1.799,ventajosa
ventanal,3.857,2.056,ventanal
ventanales,3.905,1.947,ventanales
ventanas,1.826,1.267,ventanas
ventilación,2.682,1.393,ventilacion
ventilador,4.64,1.846,ventilador
ventisca,3.783,2.173,ventisca
ventral,2.95,2.089,ventral
ventura,4.16,2.173,ventura
venturoso,2.762,1.64,venturoso
venus,2.762,2.119,venus
ver,3.8,2.067,ver
vera,1.944,1.305,vera
veracidad,3.13,2.007,veracidad
veraneo,4.05,2.188,veraneo
veraniega,1.524,1.078,veraniega
verbal,3.5,2.236,verbal
verbo,2.182,1.532,verbo
verdor,3.238,1.972,verdor
verdura,3.917,2.104,verdura
vereda,2.333,1.426,vereda
veredicto,2.227,1.51,veredicto
verga,2.059,1.56,verga
verificación,2.565,1.472,verificacion
verificar,2.739,1.936,verificar
verja,2.455,1.565,verja
verme,2.042,1.083,verme
vermut,2.455,2.041,vermut
verosímil,2.391,1.469,verosimil
verosimilitud,3.083,1.976,verosimilitud
versa,2.643,1.598,versa
versátil,2.524,1.537,versatil
versatilidad,2.458,1.744,versatilidad
versículo,2.167,1.465,versiculo
vértebra,4.28,1.86,vertebra
vertebral,3.2,1.826,vertebral
vértebras,3.0,1.972,vertebras
verter,3.136,1.67,verter
vertical,3.52,2.182,vertical
vértice,4.04,1.925,vertice
vertido,2.15,1.725,vertido
vertiente,2.875,1.849,vertiente
vertiginosa,3.619,1.83,vertiginosa
vespertino,2.125,1.928,vespertino
vestidor,2.64,1.753,vestidor
vestidura,2.444,1.294,vestidura
vestigio,3.087,1.929,vestigio
vestimenta,2.684,1.701,vestimenta
vestir,3.04,1.968,vestir
vestuario,2.947,1.87,vestuario
vetar,3.208,1.888,vetar
veto,2.625,1.668,veto
vez,2.579,1.71,vez
vía,2.92,1.847,via
viabilidad,2.4,1.818,viabilidad
viable,2.72,1.621,viable
viaducto,2.565,1.619,viaducto
viajante,1.739,1.287,viajante
viaje,1.958,1.517,viaje
vial,3.958,2.01,vial
vibración,4.522,2.086,vibracion
vibrante,4.609,1.699,vibrante
vibrar,5.0,1.784,vibrar
vicario,1.538,0.776,vicario
viceministro,2.4,1.732,viceministro
vicepresidencia,2.8,1.78,vicepresidencia
vicepresidenta,3.0,1.756,vicepresidenta
vicepresidente,2.136,1.612,vicepresidente
viceprimer,2.458,1.693,viceprimer
vicerrector,1.952,1.658,vicerrector
viceversa,3.35,2.434,viceversa
vicioso,2.429,1.434,vicioso
victoriana,2.174,1.37,victoriana
vid,1.444,1.014,vid
video,2.95,1.791,video
videoclip,4.05,2.012,videoclip
videoconsola,2.545,1.503,videoconsola
videojuego,3.227,1.875,videojuego
vidriera,2.727,1.723,vidriera
viejo,3.4,2.137,viejo
viento,3.682,2.212,viento
vientre,2.28,1.671,vientre
vietnamita,2.64,2.079,vietnamita
viga,1.85,1.182,viga
vigencia,1.35,0.813,vigencia
vigente,1.609,1.158,vigente
vigésimo,2.591,1.764,vigesimo
vigilancia,2.81,2.064,vigilancia
vigilar,3.72,1.969,vigilar
vigilia,2.458,1.978,vigilia
vigo,1.875,1.65,vigo
vigor,2.792,2.0,vigor
vil,3.2,1.795,vil
villa,1.955,1.253,villa
villano,1.19,0.512,villano
vilo,2.286,1.488,vilo
vinagre,3.24,2.204,vinagre
vinagrera,2.273,1.667,vinagrera
vinagreta,3.2,1.704,vinagreta
vinculación,3.04,1.791,vinculacion
vinculante,1.92,1.605,vinculante
vincular,2.958,1.944,vincular
vínculo,2.96,2.091,vinculo
vinícola,3.222,2.365,vinicola
vinilo,2.6,1.848,vinilo
viña,3.458,2.34,vina
viñedo,2.25,1.552,vinedo
viola,3.048,2.179,viola
violación,5.92,2.019,violacion
violenta,4.0,1.803,violenta
violeta,3.12,1.986,violeta
violinista,4.217,1.808,violinista
violón,4.174,2.249,violon
violonchelo,4.238,1.947,violonchelo
viral,2.696,1.795,viral
virginidad,2.136,1.39,virginidad
viril,2.056,1.056,viril
virilidad,2.333,1.77,virilidad
virreinato,2.812,1.682,virreinato
virrey,2.2,1.281,virrey
virtual,3.56,2.142,virtual
virtuosismo,3.167,1.761,virtuosismo
virtuoso,2.773,1.875,virtuoso
virulencia,1.889,1.491,virulencia
visa,2.68,1.651,visa
visado,3.048,1.857,visado
visceral,3.68,1.725,visceral
vísceras,2.727,1.778,visceras
viscosa,3.579,2.009,viscosa
viscosidad,3.611,1.685,viscosidad
visera,2.5,1.683,visera
visibilidad,3.68,2.096,visibilidad
visible,4.143,2.151,visible
visigodo,1.118,0.485,visigodo
visionario,2.952,1.284,visionario
visita,2.32,1.701,visita
visitador,2.36,1.89,visitador
visitante,2.783,1.783,visitante
visitar,2.96,2.131,visitar
vislumbrar,3.0,2.138,vislumbrar
visón,2.882,1.616,vison
visor,2.68,1.796,visor
víspera,2.381,1.244,vispera
vista,2.52,1.61,vista
visto,3.64,1.89,visto
vistoso,3.64,1.977,vistoso
visual,4.2,2.398,visual
visualización,2.565,1.927,visualizacion
vital,3.5,2.212,vital
vitalicio,2.1,1.252,vitalicio
vitamina,3.84,2.135,vitamina
vitoriano,2.76,1.589,vitoriano
vitrina,1.636,1.002,vitrina
vitrocerámica,2.095,1.446,vitroceramica
viudedad,3.652,2.124,viudedad
vivacidad,3.048,2.085,vivacidad
vivaz,3.864,2.031,vivaz
vivencia,3.76,1.964,vivencia
vivero,2.55,1.605,vivero
viveza,4.04,1.989,viveza
vivienda,1.333,0.966,vivienda
viviente,3.476,2.337,viviente
vizcaína,2.476,1.806,vizcaina
vizconde,2.294,1.687,vizconde
vocablo,2.6,1.581,vocablo
vocabulario,3.2,2.16,vocabulario
vocación,2.875,1.872,vocacion
vocal,3.5,2.195,vocal
vocales,6.28,1.429,vocales
vocalista,5.35,2.11,vocalista
vocativo,2.222,1.592,vocativo
vocero,3.5,2.164,vocero
vodka,3.043,2.163,vodka
volante,2.875,1.985,volante
volátil,3.409,2.218,volatil
volatilidad,3.136,1.859,volatilidad
volcánica,3.136,1.67,volcanica
volcar,2.273,1.42,volcar
voleibol,4.667,2.082,voleibol
vóley,3.92,1.935,voley
voleyplaya,2.696,2.077,voleyplaya
voltaje,4.591,2.239,voltaje
voluminoso,4.76,1.899,voluminoso
voluntaria,1.19,0.512,voluntaria
voluntariado,3.0,2.147,voluntariado
volver,2.88,1.986,volver
vomitar,3.762,2.095,vomitar
voracidad,3.955,2.035,voracidad
voraz,3.955,2.011,voraz
votación,3.435,2.371,votacion
voto,3.409,2.085,voto
voz,4.44,2.063,voz
vuelco,2.905,2.143,vuelco
vuelo,4.08,2.12,vuelo
vuelta,2.958,1.781,vuelta
vulgar,2.955,1.704,vulgar
vulgaridad,2.737,2.023,vulgaridad
vulnerabilidad,1.864,1.167,vulnerabilidad
vulnerable,2.92,1.605,vulnerable
vulneración,2.6,1.528,vulneracion
vulnerar,1.571,1.207,vulnerar
vulva,1.762,1.221,vulva
wáter,2.9,2.1,water
waterpolo,3.5,1.994,waterpolo
web,3.818,2.26,web
website,3.783,2.275,website
whisky,3.364,2.083,whisky
windsurf,4.3,1.838,windsurf
word,3.263,2.182,word
xenofobia,3.0,1.777,xenofobia
xenón,2.077,1.32,xenon
xilófono,3.652,1.873,xilofono
yacer,3.091,2.091,yacer
yacimiento,2.091,1.925,yacimiento
yanqui,3.409,2.364,yanqui
yarda,2.273,1.42,yarda
yegua,2.85,1.725,yegua
yelmo,2.0,1.342,yelmo
yema,2.381,1.687,yema
yen,3.125,2.029,yen
yerba,2.19,1.401,yerba
yerno,1.381,1.322,yerno
yesista,2.75,2.006,yesista
yeso,2.684,1.701,yeso
yihad,2.45,1.317,yihad
yodo,2.56,2.022,yodo
yoyó,3.905,1.972,yoyo
yugo,3.652,2.058,yugo
yugoslavo,2.81,2.089,yugoslavo
yunque,3.647,1.766,yunque
zambomba,4.4,2.121,zambomba
zampabollos,4.16,1.972,zampabollos
zanahoria,1.955,1.558,zanahoria
zanco,2.87,1.486,zanco
zángano,3.529,1.972,zangano
zangarrear,2.7,1.889,zangarrear
zanja,3.043,1.821,zanja
zanjar,3.368,1.739,zanjar
zapatera,2.72,1.768,zapatera
zapatero,3.571,2.204,zapatero
zapatilla,2.92,1.847,zapatilla
zapatos,2.333,1.592,zapatos
zar,2.611,1.819,zar
zarista,1.625,0.916,zarista
zarpar,3.136,2.167,zarpar
zarrapastroso,4.708,2.074,zarrapastroso
zarzuela,2.48,1.828,zarzuela
zepelín,2.353,1.73,zepelin
zeta,4.364,2.321,zeta
zigzag,6.609,0.722,zigzag
zinc,3.167,2.121,zinc
zirconio,1.583,1.379,zirconio
zócalo,2.19,1.861,zocalo
zona,2.522,1.675,zona
zoo,3.857,2.372,zoo
zoología,3.476,2.182,zoologia
zoológico,4.2,2.273,zoologico
zoólogo,2.864,1.754,zoologo
zopenco,3.5,2.039,zopenco
zoquete,3.368,1.978,zoquete
zorra,2.952,1.802,zorra
zuecos,2.636,1.733,zuecos
zumbado,4.44,1.96,zumbado
zumbar,5.4,1.142,zumbar
zumbido,6.0,1.272,zumbido
zumo,4.24,2.241,zumo
zurdo,1.955,1.704,zurdo
zurear,3.357,1.55,zurear
zurrar,4.583,2.165,zurrar
zurullo,4.174,2.188,zurullo
