palabra,valencia_m,valencia_sd,activacion_m,activacion_sd,categoria_palabra,palabra_noaccents
acne,2.9,1.41,6.3,1.13,0,acne
adjetivo,4.95,1.19,4.95,0.94,0,adjetivo
adverbio,4.9,0.64,5.05,1.32,0,adverbio
afianzaré,5.15,1.73,5.25,1.45,0,afianzare
apartahotel,5.95,1.35,4.74,2.02,0,apartahotel
astato,5.0,0.0,4.75,1.28,0,astato
autobusero,5.65,1.69,4.58,1.89,0,autobusero
autocaravana,6.8,1.4,5.1,2.0,0,autocaravana
barranquismo,5.4,1.7,6.11,2.02,0,barranquismo
biomasa,5.45,1.43,4.78,1.44,0,biomasa
calimocho,5.3,1.98,5.8,2.07,0,calimocho
calzona,4.9,0.32,4.94,1.57,0,calzona
carretillo,5.26,1.41,4.74,1.24,0,carretillo
catana,3.45,1.85,6.84,1.21,0,catana
circonita,6.12,1.41,5.61,1.09,0,circonita
conjunción,5.05,0.83,4.9,1.45,0,conjuncion
cortatijeras,5.2,1.08,5.41,1.0,0,cortatijeras
costaré,4.5,1.0,5.8,1.24,0,costare
cróquet,5.18,0.39,4.93,1.44,0,croquet
crucificaré,2.25,1.29,6.45,1.79,0,crucificare
decepcionaré,2.3,1.08,6.9,1.86,0,decepcionare
denim,5.15,0.38,4.42,1.44,0,denim
descalzadora,4.78,0.65,5.0,1.19,0,descalzadora
desvestiré,5.65,0.93,6.45,1.32,0,desvestire
diábolo,4.63,1.34,5.85,1.66,0,diabolo
dificultaré,3.5,1.4,5.75,1.33,0,dificultare
díos,4.42,1.71,4.53,1.73,0,dios
elastán,5.2,0.45,4.7,1.06,0,elastan
elastano,5.25,0.46,4.11,1.45,0,elastano
enfureceré,2.7,1.26,6.75,1.94,0,enfurecere
escurreverduras,5.05,1.23,4.4,1.85,0,escurreverduras
esquinera,4.89,1.08,4.56,1.26,0,esquinera
exije,3.8,1.06,6.8,1.15,0,exije
fascinaré,7.3,1.22,5.9,2.15,0,fascinare
francesitas,5.5,0.69,5.3,1.53,0,francesitas
garcilla,5.0,0.0,4.7,1.06,0,garcilla
gasolinero,4.55,0.83,4.68,1.2,0,gasolinero
hornearé,6.45,1.28,4.4,1.43,0,horneare
hornearía,5.7,1.03,4.25,1.21,0,hornearia
horneo,5.75,0.97,4.53,1.47,0,horneo
kriptón,5.0,0.68,5.69,1.49,0,kripton
lumbalgia,2.4,1.31,6.8,1.32,0,lumbalgia
magazín,5.32,0.58,4.58,1.12,0,magazin
mamba,5.58,1.73,5.63,0.74,0,mamba
manoletina,5.28,1.02,4.5,1.22,0,manoletina
marcapáginas,5.75,0.79,3.75,1.83,0,marcapaginas
marejadilla,4.53,1.19,4.6,1.58,0,marejadilla
mastaba,4.67,0.58,6.0,1.41,0,mastaba
meacamas,4.58,1.51,5.86,1.17,0,meacamas
megámetro,5.11,0.78,5.2,0.68,0,megametro
melocotonar,6.06,1.14,3.95,1.61,0,melocotonar
metalófono,5.11,0.6,4.81,0.98,0,metalofono
micropana,4.73,0.9,4.64,1.21,0,micropana
miriámetro,5.0,0.0,4.6,1.17,0,miriametro
monema,4.57,1.16,4.92,0.28,0,monema
monoplaza,5.2,1.58,4.05,1.68,0,monoplaza
motocarro,5.25,0.64,5.1,1.71,0,motocarro
mutilaré,2.05,1.39,7.35,1.84,0,mutilare
mutilaría,1.74,1.15,7.42,1.46,0,mutilaria
nobuk,5.0,,5.0,0.0,0,nobuk
nutriré,6.0,1.41,4.6,1.47,0,nutrire
pachangueo,6.35,1.79,6.35,1.9,0,pachangueo
pachanguera,6.17,1.76,5.95,1.72,0,pachanguera
paellera,6.3,1.38,5.0,1.3,0,paellera
panchanga,6.0,0.96,5.27,1.95,0,panchanga
pantaloneta,5.0,0.0,4.6,1.43,0,pantaloneta
párkinson,2.25,1.29,6.8,1.01,0,parkinson
pasapáginas,5.4,0.88,4.55,1.43,0,pasapaginas
patuco,6.56,1.58,3.72,1.78,0,patuco
pelapatatas,5.3,0.66,4.74,1.1,0,pelapatatas
pisamierdas,4.15,2.23,5.35,2.06,0,pisamierdas
poemario,6.8,1.74,4.21,1.36,0,poemario
pronombre,5.35,0.81,4.8,0.7,0,pronombre
propana,5.0,0.0,5.44,0.88,0,propana
puzle,6.05,0.94,4.4,1.79,0,puzle
quad,5.16,1.68,6.88,1.41,0,quad
rebujito,6.35,1.73,6.3,1.63,0,rebujito
reginas,4.83,0.41,4.67,0.71,0,reginas
reposapiés,6.4,1.35,3.4,1.98,0,reposapies
resentiré,3.67,1.41,5.6,1.1,0,resentire
sacramentar,4.13,1.26,5.53,1.28,0,sacramentar
separapáginas,6.11,1.29,4.2,1.2,0,separapaginas
sobrecamisa,4.94,0.43,4.79,1.03,0,sobrecamisa
subcapitán,5.3,0.57,4.55,0.76,0,subcapitan
subcoronel,4.75,0.85,5.55,1.82,0,subcoronel
subpresidente,4.74,1.15,5.35,1.35,0,subpresidente
subrayador,5.55,1.23,4.9,0.55,0,subrayador
surje,5.85,1.14,5.39,0.61,0,surje
sustantivo,5.0,0.56,4.05,1.47,0,sustantivo
taichí,5.55,1.23,3.5,2.14,0,taichi
tamagochi,6.35,1.53,5.68,1.83,0,tamagochi
taquillón,5.82,1.24,5.33,1.37,0,taquillon
tosferina,3.25,1.16,6.4,1.95,0,tosferina
trenecito,6.1,1.02,4.45,1.88,0,trenecito
trompetín,5.21,0.54,4.53,1.31,0,trompetin
tsetse,4.13,2.03,6.0,1.53,0,tsetse
vaporeta,4.6,0.75,5.05,1.96,0,vaporeta
verbo,5.3,0.8,4.95,1.05,0,verbo
verdel,5.56,1.01,4.82,0.75,0,verdel
voley,6.55,1.23,5.1,1.55,0,voley
voleyplaya,6.25,1.25,5.65,1.76,0,voleyplaya
yesista,4.94,0.24,4.81,1.05,0,yesista
ábaco,5.35,1.06,4.78,1.52,1,abaco
abad,4.71,1.27,5.0,0.85,1,abad
abadesa,4.54,1.45,4.54,0.97,1,abadesa
abadía,5.26,1.48,4.18,1.59,1,abadia
abajo,4.85,1.14,3.85,1.66,1,abajo
abanderado,5.32,1.2,5.68,1.7,1,abanderado
abandonado,1.93,1.12,5.85,1.49,1,abandonado
abandonar,2.55,1.32,6.65,1.5,1,abandonar
abandono,2.3,1.22,7.0,1.81,1,abandono
abanico,6.15,0.99,3.65,1.42,1,abanico
abarca,5.15,1.18,5.05,0.89,1,abarca
abarcar,5.65,1.27,5.15,1.9,1,abarcar
abarque,5.58,1.22,5.06,0.87,1,abarque
abastecer,6.5,1.47,4.95,1.67,1,abastecer
abastecimiento,6.25,1.59,4.25,1.55,1,abastecimiento
abasto,5.12,1.32,4.94,1.48,1,abasto
abate,5.1,1.52,4.92,1.89,1,abate
abatimiento,2.8,1.32,3.8,2.04,1,abatimiento
abatir,4.0,1.75,5.8,1.61,1,abatir
abdicación,5.35,1.04,5.5,1.43,1,abdicacion
abdomen,5.05,0.6,5.15,1.46,1,abdomen
abdominal,6.3,1.34,6.0,1.26,1,abdominal
abedul,5.89,1.45,4.12,1.41,1,abedul
abeja,4.75,1.71,6.35,1.93,1,abeja
abejas,4.7,2.27,6.65,1.63,1,abejas
abejorro,3.9,1.52,6.6,1.1,1,abejorro
aberración,2.15,0.99,7.05,1.54,1,aberracion
abertura,5.3,0.8,5.0,1.26,1,abertura
abeto,6.45,1.39,3.8,2.14,1,abeto
abierta,6.7,1.66,5.65,1.57,1,abierta
abierto,6.35,1.23,4.8,1.79,1,abierto
abismo,3.3,1.95,6.85,1.53,1,abismo
abnegación,3.47,1.33,5.08,1.38,1,abnegacion
abogacía,4.8,1.15,5.26,1.37,1,abogacia
abogada,6.1,1.37,4.75,1.74,1,abogada
abogado,4.5,1.19,5.25,1.16,1,abogado
abogar,4.89,1.41,4.95,1.5,1,abogar
abolengo,3.0,2.83,4.75,0.71,1,abolengo
abolición,4.35,2.37,6.15,1.63,1,abolicion
abolir,4.65,1.46,5.88,1.62,1,abolir
abolladura,3.35,1.57,5.95,1.28,1,abolladura
abominable,3.37,1.86,6.45,1.76,1,abominable
abonar,5.3,2.03,5.8,1.36,1,abonar
abono,6.15,1.66,4.65,1.81,1,abono
abordaje,4.45,1.5,5.6,1.14,1,abordaje
abordar,5.55,1.39,5.55,1.19,1,abordar
abordo,5.4,1.1,5.05,1.39,1,abordo
aborigen,5.56,1.29,5.65,0.79,1,aborigen
abortar,3.11,1.76,7.2,1.2,1,abortar
aborto,2.85,1.63,7.4,1.39,1,aborto
abra,5.83,1.04,5.05,1.22,1,abra
abrasador,3.85,1.98,6.33,1.75,1,abrasador
abrazar,8.45,1.15,4.25,3.08,1,abrazar
abrazo,8.5,0.93,4.0,2.9,1,abrazo
abre,6.5,1.32,4.9,1.33,1,abre
abrebotellas,5.9,1.33,5.0,1.17,1,abrebotellas
abrelatas,5.15,0.37,4.35,1.63,1,abrelatas
abreviación,5.3,0.92,4.1,1.62,1,abreviacion
abreviar,5.5,0.61,4.6,1.39,1,abreviar
abreviatura,5.4,0.75,4.8,0.77,1,abreviatura
abridor,5.2,0.52,5.05,0.6,1,abridor
abrigar,6.25,1.83,3.55,2.26,1,abrigar
abrigo,6.65,1.09,4.2,1.2,1,abrigo
abril,6.7,1.17,5.1,2.05,1,abril
abrir,6.25,1.52,5.55,0.89,1,abrir
abriré,6.2,1.11,5.5,1.79,1,abrire
abro,5.11,0.32,4.67,1.08,1,abro
abrumado,3.9,1.48,6.5,1.55,1,abrumado
abrumadora,3.75,1.41,6.5,1.36,1,abrumadora
abrupto,4.5,0.79,6.59,1.46,1,abrupto
absenta,4.89,1.45,6.4,1.43,1,absenta
absolución,5.15,1.42,5.05,1.99,1,absolucion
absolutismo,3.6,1.23,5.45,1.57,1,absolutismo
absolutista,3.45,1.47,6.1,1.65,1,absolutista
absoluto,4.85,1.18,6.55,1.43,1,absoluto
absorbente,4.7,1.38,5.5,1.57,1,absorbente
absorber,4.9,1.29,5.2,1.24,1,absorber
absorción,4.55,1.15,5.3,1.38,1,absorcion
absorto,4.95,0.23,4.56,1.72,1,absorto
abstención,4.16,0.9,5.68,1.2,1,abstencion
abstinencia,4.0,1.17,5.55,1.05,1,abstinencia
abstracción,5.0,1.03,4.65,1.27,1,abstraccion
abstracto,4.95,1.19,5.55,1.9,1,abstracto
absurdo,3.7,1.3,5.85,1.79,1,absurdo
abuela,8.05,1.05,4.5,2.46,1,abuela
abuelo,8.5,0.95,4.4,3.08,1,abuelo
abundancia,6.88,1.64,5.2,2.31,1,abundancia
abundante,6.5,1.19,5.5,1.5,1,abundante
abundar,6.5,1.24,5.25,2.07,1,abundar
aburrido,2.9,1.29,3.1,1.83,1,aburrido
aburrimiento,2.7,1.26,3.8,2.09,1,aburrimiento
abusar,2.25,0.97,7.4,1.76,1,abusar
abusivo,2.25,1.02,7.0,1.12,1,abusivo
abuso,1.7,0.8,7.9,1.21,1,abuso
acabar,5.45,2.06,5.75,1.97,1,acabar
acacia,5.53,0.99,4.7,0.67,1,acacia
academia,4.85,1.39,5.25,1.68,1,academia
académico,6.35,1.42,5.75,0.97,1,academico
acallar,4.94,0.8,5.4,0.63,1,acallar
acampar,6.4,1.43,5.8,1.54,1,acampar
acantilado,5.65,1.81,6.4,2.3,1,acantilado
acariciar,7.45,0.94,2.8,2.35,1,acariciar
ácaro,3.9,1.12,5.7,1.49,1,acaro
acaso,4.89,0.32,4.67,0.97,1,acaso
acatamiento,4.0,1.17,5.95,1.15,1,acatamiento
acatar,3.85,1.69,6.05,1.03,1,acatar
acceder,6.25,1.29,5.65,0.93,1,acceder
accesibilidad,6.45,1.39,4.6,1.93,1,accesibilidad
accesible,6.85,0.88,4.4,1.14,1,accesible
acceso,6.35,1.42,5.25,1.52,1,acceso
accesorio,6.0,1.3,4.9,0.97,1,accesorio
accidental,3.9,1.17,6.55,1.54,1,accidental
accidente,2.13,1.3,7.65,1.27,1,accidente
acción,6.0,1.34,6.55,1.32,1,accion
accionar,5.6,0.94,5.5,1.0,1,accionar
accionariado,5.0,1.04,5.22,0.44,1,accionariado
accionarial,4.5,1.09,5.13,1.02,1,accionarial
acciones,5.65,1.04,5.55,1.5,1,acciones
accionista,5.25,1.29,6.32,1.25,1,accionista
acebo,5.5,0.9,4.31,1.49,1,acebo
acechar,3.9,0.97,6.0,1.72,1,acechar
acecho,3.55,1.57,6.9,1.12,1,acecho
aceite,5.6,1.23,4.7,1.22,1,aceite
aceleración,5.65,1.6,6.95,1.23,1,aceleracion
acelerador,5.55,1.36,7.35,1.69,1,acelerador
acelerar,5.55,1.39,6.4,1.7,1,acelerar
acento,6.35,1.42,5.2,1.36,1,acento
acentuación,5.45,1.7,5.4,0.99,1,acentuacion
acentuar,5.95,1.32,5.6,1.14,1,acentuar
acepción,5.29,1.16,3.94,2.21,1,acepcion
aceptable,5.85,1.76,4.55,1.36,1,aceptable
aceptación,6.9,2.15,3.8,2.26,1,aceptacion
aceptar,6.4,1.1,4.95,1.85,1,aceptar
acepto,5.2,0.77,4.74,1.52,1,acepto
acequia,5.7,1.87,4.35,1.69,1,acequia
acera,5.3,0.8,4.35,1.18,1,acera
acercamiento,6.8,1.15,5.6,1.73,1,acercamiento
acercar,6.55,1.36,4.85,1.9,1,acercar
acero,5.3,0.92,5.0,0.92,1,acero
acertada,7.05,1.54,5.25,1.65,1,acertada
acertar,7.75,1.29,6.8,1.88,1,acertar
acertijo,5.9,1.33,5.5,1.67,1,acertijo
acervo,4.56,0.88,5.0,1.67,1,acervo
achacar,3.89,0.74,5.53,1.5,1,achacar
achicoria,5.67,1.37,5.0,0.53,1,achicoria
acicate,5.57,1.13,5.13,0.35,1,acicate
acidez,3.45,1.19,6.3,1.75,1,acidez
ácido,4.25,1.46,6.15,1.53,1,acido
acierto,7.55,1.15,5.5,2.44,1,acierto
aclamación,6.0,1.12,6.0,1.41,1,aclamacion
aclaración,6.85,0.88,4.7,2.13,1,aclaracion
aclarar,6.35,1.14,4.3,1.66,1,aclarar
acogedor,8.15,0.99,2.98,1.83,1,acogedor
acoger,7.0,1.41,3.9,1.41,1,acoger
acogida,6.75,1.52,4.15,2.01,1,acogida
acometer,4.55,1.47,6.32,1.25,1,acometer
acometida,4.95,1.39,5.33,0.59,1,acometida
acomodar,6.65,1.9,3.1,1.29,1,acomodar
acomodo,5.53,0.9,4.28,2.14,1,acomodo
acompañamiento,7.35,1.42,3.75,1.59,1,acompanamiento
acompañante,6.25,1.59,4.7,1.81,1,acompanante
acompañar,7.05,1.23,4.2,1.94,1,acompanar
acondicionado,6.45,1.54,3.7,1.81,1,acondicionado
acondicionamiento,5.85,1.18,4.8,1.77,1,acondicionamiento
aconsejar,6.95,1.23,4.05,1.76,1,aconsejar
acontecer,5.85,0.93,4.7,2.0,1,acontecer
acontecimiento,6.2,1.7,5.85,1.81,1,acontecimiento
acopio,5.22,0.67,5.15,0.69,1,acopio
acoplamiento,5.05,0.94,4.8,1.36,1,acoplamiento
acorazado,5.0,1.34,5.8,1.7,1,acorazado
acordar,6.75,1.59,4.75,1.86,1,acordar
acorde,6.3,1.49,4.5,1.54,1,acorde
acordeón,6.1,1.17,4.0,1.52,1,acordeon
acortar,4.8,1.01,5.25,1.68,1,acortar
acosar,2.15,1.18,7.55,1.32,1,acosar
acoso,1.5,0.69,7.7,1.17,1,acoso
acostar,7.05,1.15,2.95,1.82,1,acostar
acostumbrar,5.05,1.57,4.25,1.68,1,acostumbrar
acre,5.22,0.67,4.75,0.94,1,acre
acrecentar,5.55,1.47,5.83,0.99,1,acrecentar
acreditación,5.85,1.09,5.4,1.6,1,acreditacion
acreditar,5.6,1.57,4.95,1.23,1,acreditar
acreedor,4.35,1.5,5.6,1.35,1,acreedor
acrílico,5.55,1.57,4.56,1.65,1,acrilico
acritud,4.4,1.4,5.71,0.99,1,acritud
acrónimo,5.0,0.38,4.37,1.61,1,acronimo
acta,5.15,0.75,5.05,1.7,1,acta
actitud,6.45,1.7,5.4,1.76,1,actitud
activa,7.05,1.36,6.9,1.62,1,activa
activación,7.0,1.49,6.65,1.27,1,activacion
activar,6.0,1.21,6.35,1.23,1,activar
actividad,5.84,1.17,5.95,1.7,1,actividad
activismo,6.15,1.66,6.2,1.64,1,activismo
activista,5.95,1.23,5.9,1.74,1,activista
acto,5.75,1.21,5.55,1.57,1,acto
actor,6.6,1.43,5.65,1.6,1,actor
actora,5.53,1.85,5.31,0.6,1,actora
actriz,6.5,1.43,5.0,1.41,1,actriz
actúa,5.9,1.07,5.9,1.52,1,actua
actuación,6.15,1.31,6.5,1.19,1,actuacion
actual,5.95,1.05,4.8,1.44,1,actual
actualidad,5.6,1.35,5.65,1.23,1,actualidad
actualización,5.8,1.11,5.35,1.23,1,actualizacion
actualizar,6.2,1.4,5.35,1.5,1,actualizar
actuar,6.25,1.12,5.8,1.67,1,actuar
actuaría,6.0,1.56,5.55,1.05,1,actuaria
actúo,5.8,1.2,5.74,0.87,1,actuo
acuarela,6.45,1.36,3.95,1.61,1,acuarela
acuática,6.15,1.18,4.6,1.7,1,acuatica
acuático,6.45,1.43,4.55,2.04,1,acuatico
acuciante,4.5,0.76,5.2,0.45,1,acuciante
acudir,6.1,1.17,5.45,1.7,1,acudir
acueducto,5.45,0.83,4.15,1.66,1,acueducto
acuerdo,6.6,1.34,4.3,1.76,1,acuerdo
acuicultura,5.4,1.12,4.36,0.93,1,acuicultura
acumulación,4.15,1.69,5.35,1.76,1,acumulacion
acumular,4.7,1.34,5.2,1.58,1,acumular
acuñado,4.8,0.7,4.55,1.36,1,acunado
acuñar,5.0,0.58,5.11,1.29,1,acunar
acurrucado,7.85,0.99,2.58,1.71,1,acurrucado
acusación,2.4,1.05,6.7,1.72,1,acusacion
acusador,2.7,0.92,6.4,1.31,1,acusador
acusar,2.55,1.32,7.25,0.97,1,acusar
acuse,4.45,1.05,6.11,1.2,1,acuse
acústica,6.05,1.28,4.15,2.41,1,acustica
ada,6.38,1.41,3.9,1.6,1,ada
adaptabilidad,6.5,1.19,5.05,2.21,1,adaptabilidad
adaptación,5.85,1.09,4.75,2.22,1,adaptacion
adaptar,6.35,1.09,5.0,1.65,1,adaptar
adecuar,5.95,1.32,4.6,1.54,1,adecuar
adelantar,6.3,1.26,6.25,1.65,1,adelantar
adelante,6.95,1.36,5.65,1.5,1,adelante
adelanto,6.55,1.54,5.65,1.27,1,adelanto
ademán,5.07,0.46,4.42,1.56,1,ademan
además,6.0,1.38,4.9,1.33,1,ademas
adentro,5.45,0.69,4.4,1.35,1,adentro
adherencia,5.47,1.47,4.55,1.43,1,adherencia
adhesión,5.21,0.98,5.45,1.54,1,adhesion
adicción,3.05,2.21,7.05,1.64,1,adiccion
adición,3.2,1.4,6.8,1.24,1,adicion
adicional,5.4,1.14,5.3,0.8,1,adicional
adicto,2.6,1.23,7.05,1.23,1,adicto
adiestramiento,5.35,1.18,5.8,1.11,1,adiestramiento
aditivo,4.37,1.46,6.0,1.34,1,aditivo
adivina,5.4,1.05,4.85,1.84,1,adivina
adivinación,5.2,1.54,5.65,1.98,1,adivinacion
adivinar,6.15,1.53,6.0,0.92,1,adivinar
adivino,5.4,1.19,5.8,1.28,1,adivino
adjudicación,5.15,1.42,5.75,0.91,1,adjudicacion
adjudicar,6.25,1.59,5.65,1.46,1,adjudicar
adjunta,5.1,0.45,4.6,1.27,1,adjunta
adjunto,5.1,0.72,4.3,1.26,1,adjunto
administración,4.6,1.1,5.5,1.76,1,administracion
administrador,5.65,0.99,4.9,1.41,1,administrador
administrar,5.05,1.1,5.1,1.86,1,administrar
administrativa,5.3,0.8,4.8,1.61,1,administrativa
admirable,7.35,1.23,6.4,1.96,1,admirable
admiración,7.8,1.11,6.0,2.32,1,admiracion
admirado,7.45,1.24,5.7,1.87,1,admirado
admirador,7.35,1.09,4.85,2.11,1,admirador
admirar,7.15,1.27,5.65,2.13,1,admirar
admisible,5.7,1.49,4.95,1.19,1,admisible
admisión,6.9,1.45,5.2,1.54,1,admision
admitir,6.2,1.15,5.1,1.25,1,admitir
adobe,5.37,0.6,4.61,1.2,1,adobe
adolecer,3.58,1.24,5.35,1.5,1,adolecer
adolescencia,6.05,1.7,6.25,1.89,1,adolescencia
adolescente,6.35,1.31,6.15,1.35,1,adolescente
adopción,7.4,1.5,4.9,2.29,1,adopcion
adoptar,6.75,1.68,5.55,2.09,1,adoptar
adoptivo,5.95,1.39,5.15,1.95,1,adoptivo
adorable,7.48,1.41,4.05,2.7,1,adorable
adoración,5.75,2.49,4.25,1.92,1,adoracion
adorar,6.7,1.84,5.1,1.86,1,adorar
adornado,7.2,1.15,5.1,1.55,1,adornado
adorno,6.75,1.29,4.6,1.57,1,adorno
adosada,5.47,0.96,4.32,1.2,1,adosada
adosado,5.95,1.54,4.45,2.01,1,adosado
adquirir,6.95,1.36,4.7,1.72,1,adquirir
adquisición,6.25,1.62,5.35,1.31,1,adquisicion
adquisitivo,5.7,1.75,5.68,0.89,1,adquisitivo
adrenalina,6.85,1.53,7.3,1.56,1,adrenalina
adscripción,5.47,0.9,5.22,1.35,1,adscripcion
aduana,4.25,2.12,5.5,1.61,1,aduana
aduanera,4.78,0.73,5.21,1.4,1,aduanera
aducir,5.43,1.22,5.08,1.44,1,aducir
adulación,5.25,1.44,5.25,1.61,1,adulacion
adulterio,2.5,1.24,7.05,1.79,1,adulterio
adulto,5.78,1.59,5.23,1.42,1,adulto
advenimiento,5.06,1.34,5.36,0.5,1,advenimiento
adversario,4.4,2.04,6.25,1.68,1,adversario
adversidad,2.85,1.69,6.55,1.93,1,adversidad
adverso,3.85,1.66,5.85,1.39,1,adverso
advertencia,4.15,1.35,6.7,1.66,1,advertencia
advertir,4.3,1.59,6.1,1.25,1,advertir
advocación,4.82,0.98,5.14,1.21,1,advocacion
adyacente,5.25,0.79,4.75,0.91,1,adyacente
aérea,5.55,1.19,5.6,1.05,1,aerea
aéreo,6.35,1.27,5.4,1.31,1,aereo
aeróbic,5.95,1.61,6.75,1.45,1,aerobic
aeródromo,5.16,0.9,5.79,1.03,1,aerodromo
aeroespacial,5.25,0.91,6.35,1.69,1,aeroespacial
aerolínea,5.8,1.4,5.9,1.29,1,aerolinea
aeronáutica,5.15,1.18,5.8,1.24,1,aeronautica
aeronave,5.35,0.93,5.75,1.71,1,aeronave
aeroplano,5.45,0.94,5.75,1.25,1,aeroplano
aeropuerto,5.95,1.7,6.05,2.09,1,aeropuerto
afable,6.68,1.34,3.0,1.63,1,afable
afamado,5.39,1.2,5.74,1.56,1,afamado
afán,5.75,1.29,6.35,1.35,1,afan
afasia,2.79,1.58,5.5,1.37,1,afasia
afección,3.53,1.01,5.95,1.96,1,afeccion
afecta,3.3,1.03,5.8,1.32,1,afecta
afectación,3.5,1.28,6.65,1.18,1,afectacion
afectar,3.9,1.45,6.6,1.19,1,afectar
afectiva,6.9,1.37,4.4,2.64,1,afectiva
afecto,7.9,1.34,4.65,2.66,1,afecto
afectuosa,6.9,1.8,4.75,2.15,1,afectuosa
afeitar,4.65,1.27,4.75,1.16,1,afeitar
afgano,4.69,0.95,5.89,1.81,1,afgano
afianza,5.4,0.82,4.16,1.57,1,afianza
afianzar,6.03,1.21,4.58,1.85,1,afianzar
afianzo,5.55,1.32,4.45,1.43,1,afianzo
afición,6.9,1.07,5.5,1.96,1,aficion
aficionado,6.0,1.08,6.05,1.54,1,aficionado
afiliación,5.5,1.4,5.5,1.1,1,afiliacion
afín,7.47,1.26,5.0,1.72,1,afin
afinación,6.25,1.12,5.3,1.13,1,afinacion
afinar,5.95,1.32,4.35,1.73,1,afinar
afincado,5.16,0.83,3.75,1.06,1,afincado
afinidad,7.3,1.3,4.95,2.01,1,afinidad
afirmación,6.75,1.41,4.8,1.61,1,afirmacion
afirmar,6.1,1.37,4.75,1.25,1,afirmar
afirmativo,6.3,1.22,5.0,1.75,1,afirmativo
aflicción,4.25,1.62,5.89,1.82,1,afliccion
afligido,2.92,1.18,5.73,1.34,1,afligido
aflojar,4.75,1.29,3.3,1.17,1,aflojar
afluencia,5.21,1.36,5.35,1.69,1,afluencia
afluente,5.2,0.41,3.95,1.36,1,afluente
aforo,5.05,0.89,5.58,1.74,1,aforo
afortunado,7.85,1.1,5.63,2.72,1,afortunado
afrenta,4.6,0.84,5.19,0.66,1,afrenta
áfrica,5.75,1.89,5.2,1.67,1,africa
afroamericano,5.5,1.05,4.3,1.78,1,afroamericano
afrontar,6.75,1.83,7.25,1.16,1,afrontar
aftosa,5.0,0.0,6.0,2.0,1,aftosa
afuera,5.25,1.07,5.3,1.45,1,afuera
agarrado,4.25,1.65,5.05,1.79,1,agarrado
agarrar,5.15,1.09,6.05,1.23,1,agarrar
agarre,4.8,1.44,5.45,1.47,1,agarre
ágata,5.59,1.06,4.57,1.22,1,agata
agencia,4.9,0.55,5.55,1.43,1,agencia
agenda,5.15,1.18,5.55,1.96,1,agenda
agente,4.85,1.09,5.6,2.16,1,agente
ágil,7.4,1.31,4.85,1.73,1,agil
agilidad,7.55,1.19,6.05,1.79,1,agilidad
agilizar,6.1,1.33,6.45,1.67,1,agilizar
agitación,4.35,1.53,6.55,1.23,1,agitacion
agitar,5.0,0.97,6.25,1.25,1,agitar
aglomeración,4.05,1.23,6.3,1.66,1,aglomeracion
aglomerado,4.45,0.76,5.7,0.98,1,aglomerado
aglutinar,4.45,1.0,5.5,1.2,1,aglutinar
agobiado,1.88,0.85,7.8,1.16,1,agobiado
agonía,2.3,1.36,7.75,1.12,1,agonia
agonizante,2.25,1.45,7.2,1.4,1,agonizante
agosto,7.55,1.39,4.05,2.52,1,agosto
agotamiento,2.95,1.23,4.2,1.58,1,agotamiento
agotar,3.8,1.61,5.9,2.05,1,agotar
agradable,8.0,1.12,2.8,2.21,1,agradable
agradar,7.45,1.67,4.8,2.35,1,agradar
agradecer,7.35,1.23,4.85,2.41,1,agradecer
agradecido,7.83,1.24,3.8,2.73,1,agradecido
agradecimiento,7.85,1.18,4.95,1.82,1,agradecimiento
agrado,7.15,1.42,4.45,2.24,1,agrado
agravamiento,3.1,1.21,6.35,1.76,1,agravamiento
agravar,3.45,1.05,6.65,1.23,1,agravar
agravio,4.06,1.12,5.89,0.99,1,agravio
agredir,1.85,1.09,7.1,1.25,1,agredir
agregación,5.7,1.69,5.2,1.32,1,agregacion
agregado,5.2,0.62,5.55,0.83,1,agregado
agregar,6.75,1.29,5.35,1.66,1,agregar
agresión,2.03,1.19,7.2,1.11,1,agresion
agresividad,2.35,0.93,7.5,1.24,1,agresividad
agresivo,2.35,0.99,7.73,1.04,1,agresivo
agresor,2.15,1.18,7.5,1.19,1,agresor
agreste,5.0,0.0,4.27,1.68,1,agreste
agria,3.45,1.05,6.0,1.41,1,agria
agrícola,6.0,1.17,4.5,1.43,1,agricola
agricultor,5.45,1.28,4.45,1.7,1,agricultor
agricultura,5.9,1.41,4.3,1.66,1,agricultura
agrimensor,8.25,2.45,4.83,0.41,1,agrimensor
agropecuaria,5.27,1.1,4.86,0.53,1,agropecuaria
agrupación,5.8,1.06,5.15,1.6,1,agrupacion
agrupar,5.05,1.23,5.35,1.04,1,agrupar
agua,7.48,1.36,3.68,1.93,1,agua
aguacero,4.5,1.64,5.5,1.47,1,aguacero
aguafuerte,4.32,1.0,6.26,1.33,1,aguafuerte
aguamarina,6.8,1.24,4.15,2.03,1,aguamarina
aguanieve,5.95,1.47,4.4,1.54,1,aguanieve
aguantar,4.7,1.63,6.25,1.21,1,aguantar
aguante,5.55,1.85,5.85,1.46,1,aguante
aguardar,5.0,1.26,4.75,1.52,1,aguardar
aguardiente,4.5,1.36,6.1,1.45,1,aguardiente
agudeza,6.25,1.68,5.6,1.64,1,agudeza
agudo,4.85,1.42,5.45,1.05,1,agudo
aguijón,3.45,1.61,7.15,1.5,1,aguijon
águila,5.75,0.91,5.8,1.54,1,aguila
aguilucho,5.44,0.89,4.68,1.67,1,aguilucho
aguja,3.95,1.36,6.45,1.41,1,aguja
agujero,4.4,1.05,5.75,1.65,1,agujero
ahijada,6.05,1.32,5.21,1.62,1,ahijada
ahijado,6.75,1.52,4.32,1.92,1,ahijado
ahínco,5.53,1.5,6.13,1.36,1,ahinco
ahogar,2.65,1.42,7.45,1.1,1,ahogar
ahogo,2.0,1.03,8.1,1.07,1,ahogo
ahondar,4.58,0.69,5.61,0.98,1,ahondar
ahora,6.7,1.56,4.7,1.66,1,ahora
ahorra,5.95,2.11,5.0,2.51,1,ahorra
ahorrar,6.85,1.19,5.31,1.9,1,ahorrar
ahorro,6.3,1.87,4.85,2.01,1,ahorro
ahuyentar,4.2,1.67,6.3,1.53,1,ahuyentar
aire,6.78,2.24,3.35,2.11,1,aire
airoso,5.85,1.63,4.4,1.96,1,airoso
aislamiento,3.05,1.15,6.15,1.66,1,aislamiento
aislante,4.4,1.82,4.7,1.49,1,aislante
aislar,3.05,1.32,5.15,2.13,1,aislar
ajedrez,5.1,1.21,4.5,1.5,1,ajedrez
ajeno,4.95,0.69,4.65,1.76,1,ajeno
ajo,5.1,1.71,5.7,1.49,1,ajo
ajonjolí,5.33,0.58,3.71,1.7,1,ajonjoli
ajuar,5.79,1.13,5.29,1.96,1,ajuar
ajustar,5.1,0.72,5.55,1.1,1,ajustar
ajuste,5.1,0.72,5.25,0.91,1,ajuste
ala,5.7,1.13,4.9,1.02,1,ala
alabado,5.63,0.9,5.25,1.45,1,alabado
alabanza,6.1,1.29,5.95,1.36,1,alabanza
alabar,6.35,2.08,4.7,1.49,1,alabar
alabarda,4.57,0.79,5.0,0.71,1,alabarda
alabastro,5.5,1.22,4.88,0.35,1,alabastro
alacena,5.38,1.5,4.44,1.5,1,alacena
alado,6.46,1.33,4.94,1.34,1,alado
alambrado,4.45,1.19,5.95,1.54,1,alambrado
alambre,4.4,0.75,5.7,0.86,1,alambre
álamo,5.67,1.14,4.5,1.47,1,alamo
alar,5.23,0.44,5.33,1.37,1,alar
alarde,4.0,1.53,5.74,1.19,1,alarde
alargar,5.2,1.28,5.0,1.12,1,alargar
alarido,3.65,1.73,5.93,1.28,1,alarido
alarma,3.1,1.41,7.15,1.46,1,alarma
alarmante,2.9,1.48,7.6,1.35,1,alarmante
alas,7.45,1.57,4.7,2.7,1,alas
alba,6.88,1.56,3.75,1.68,1,alba
albanesa,5.07,0.26,5.06,0.64,1,albanesa
albañil,4.7,1.08,5.1,1.71,1,albanil
albaricoque,6.55,1.67,3.8,1.85,1,albaricoque
albatros,5.5,1.27,3.88,1.46,1,albatros
albedrío,5.45,1.19,4.63,1.57,1,albedrio
albergar,5.58,0.84,5.25,1.21,1,albergar
albergue,6.2,1.44,3.9,2.1,1,albergue
albina,5.05,0.62,4.6,1.27,1,albina
albornoz,6.0,1.17,3.95,1.54,1,albornoz
alboroto,4.75,1.8,7.25,0.97,1,alboroto
albufera,5.74,1.19,4.07,1.79,1,albufera
album,6.65,0.88,4.65,1.73,1,album
álbum,6.3,1.22,4.45,1.5,1,album
alcachofa,4.8,1.85,4.2,1.4,1,alcachofa
alcaide,4.5,1.32,5.19,0.83,1,alcaide
alcalde,4.65,1.09,5.25,1.97,1,alcalde
alcaldesa,4.6,1.23,5.05,1.43,1,alcaldesa
alcaldía,4.05,1.19,5.5,1.32,1,alcaldia
alcance,6.0,1.17,5.21,1.47,1,alcance
alcantarillado,4.6,1.1,5.55,1.23,1,alcantarillado
alcanza,6.65,1.63,4.7,1.84,1,alcanza
alcanzar,6.8,1.28,5.85,1.87,1,alcanzar
alcanzo,6.65,1.46,5.65,1.6,1,alcanzo
alcayata,4.76,0.66,5.16,1.38,1,alcayata
alcázar,5.61,1.14,4.94,1.3,1,alcazar
alce,6.0,1.25,4.58,1.46,1,alce
alcista,4.57,1.13,5.11,0.78,1,alcista
alcoba,5.84,0.96,3.7,2.11,1,alcoba
alcohol,4.85,2.21,6.75,1.45,1,alcohol
alcohólica,3.3,2.25,6.85,1.87,1,alcoholica
alcohólico,2.43,1.57,6.9,1.13,1,alcoholico
alcoholismo,1.6,0.82,6.85,1.63,1,alcoholismo
alcornoque,5.45,1.23,4.6,1.14,1,alcornoque
aldea,5.9,1.37,2.85,1.73,1,aldea
ale,5.4,0.97,4.82,1.47,1,ale
aleación,5.47,1.02,4.94,1.43,1,aleacion
aleatorio,5.1,0.91,5.35,1.87,1,aleatorio
alegación,4.7,1.03,5.44,1.42,1,alegacion
alegar,5.75,1.48,6.0,1.45,1,alegar
alegato,5.11,0.74,5.71,1.26,1,alegato
alegoría,5.73,1.03,5.05,1.22,1,alegoria
alegra,8.2,1.2,6.0,1.34,1,alegra
alegrar,8.3,1.08,6.75,2.27,1,alegrar
alegre,8.5,0.91,5.68,3.02,1,alegre
alegría,8.35,1.69,6.75,2.51,1,alegria
alegro,7.15,1.53,5.79,1.93,1,alegro
alejamiento,3.4,0.99,5.15,2.11,1,alejamiento
alejar,2.95,1.19,6.4,1.35,1,alejar
alelí,6.0,1.41,4.45,1.51,1,aleli
alemán,5.2,1.85,5.6,1.1,1,aleman
alentador,6.68,1.8,4.35,2.5,1,alentador
alentar,6.5,1.32,4.65,1.69,1,alentar
alergia,4.0,2.64,6.18,0.98,1,alergia
alero,5.13,0.35,4.93,1.33,1,alero
alerta,4.35,0.99,7.28,1.4,1,alerta
alertar,4.4,1.76,6.9,1.25,1,alertar
aleta,5.4,0.94,5.2,1.28,1,aleta
aletas,5.45,1.0,5.35,1.39,1,aletas
aleteo,6.0,1.86,4.1,1.68,1,aleteo
alfa,5.7,1.45,4.95,0.97,1,alfa
alfabético,4.85,1.04,5.15,1.39,1,alfabetico
alfabetización,6.95,1.85,3.8,1.96,1,alfabetizacion
alfabeto,6.0,1.41,4.75,1.89,1,alfabeto
alfalfa,5.61,1.42,4.4,1.57,1,alfalfa
alfarería,5.15,0.75,4.11,1.52,1,alfareria
alfarero,5.55,0.76,4.5,1.5,1,alfarero
alférez,5.0,0.41,5.38,0.89,1,alferez
alfil,5.25,0.97,4.25,1.95,1,alfil
alfiler,4.6,0.88,5.0,1.34,1,alfiler
alfombra,5.3,0.57,3.65,1.69,1,alfombra
alga,4.65,1.66,4.65,2.03,1,alga
algarabía,4.88,1.86,6.27,1.33,1,algarabia
algarrobo,5.28,1.07,4.83,0.62,1,algarrobo
álgebra,3.95,1.15,5.55,1.93,1,algebra
algebraica,4.2,1.44,5.8,1.28,1,algebraica
álgido,5.31,1.25,5.38,1.36,1,algido
algo,5.15,0.59,4.85,1.27,1,algo
algodón,6.05,1.19,3.05,1.67,1,algodon
algoritmo,4.2,1.06,5.5,1.36,1,algoritmo
alguacil,4.44,1.04,5.1,1.33,1,alguacil
alguna,5.15,0.93,4.75,1.29,1,alguna
alguno,5.5,1.1,4.1,1.37,1,alguno
alhambra,6.75,1.71,4.5,2.28,1,alhambra
aliado,6.6,1.7,4.55,2.44,1,aliado
alianza,6.1,1.68,6.0,2.25,1,alianza
alicates,4.8,0.83,5.55,1.28,1,alicates
aliciente,6.79,1.27,4.65,1.63,1,aliciente
alienación,5.06,1.44,5.11,1.33,1,alienacion
alienígena,4.6,1.5,6.45,1.76,1,alienigena
aliento,5.0,1.69,5.65,1.73,1,aliento
aligerar,5.5,1.0,5.7,1.17,1,aligerar
alimentación,7.4,1.27,4.8,2.46,1,alimentacion
alimentar,6.75,1.52,4.75,1.83,1,alimentar
alimentaria,6.0,1.34,4.8,1.64,1,alimentaria
alimenticia,5.9,1.07,4.95,1.19,1,alimenticia
alimento,7.3,1.42,4.25,1.71,1,alimento
alineación,5.5,1.1,4.6,1.64,1,alineacion
alineamiento,5.2,0.41,4.95,0.97,1,alineamiento
alinear,5.55,1.28,4.45,1.32,1,alinear
alioli,6.35,1.66,5.05,1.43,1,alioli
alistar,4.35,1.42,5.85,1.39,1,alistar
aliviar,7.35,1.09,2.95,1.54,1,aliviar
alivio,8.0,0.92,2.95,1.96,1,alivio
aljibe,5.25,1.06,5.0,1.03,1,aljibe
alla,4.93,0.46,5.11,0.58,1,alla
allá,4.85,1.23,5.3,1.63,1,alla
allanamiento,3.95,2.16,6.75,1.59,1,allanamiento
allanar,4.74,1.24,5.1,1.8,1,allanar
allende,5.5,1.31,5.38,0.74,1,allende
alli,4.89,0.81,4.95,0.91,1,alli
allí,5.65,1.53,4.65,1.31,1,alli
alma,6.3,1.53,4.5,2.06,1,alma
almacén,5.15,1.14,4.7,0.8,1,almacen
almacena,5.4,1.27,4.5,1.4,1,almacena
almacenaje,5.2,1.06,4.95,0.89,1,almacenaje
almacenamiento,5.15,0.93,4.95,0.51,1,almacenamiento
almacenar,5.15,0.93,4.75,1.71,1,almacenar
almanaque,5.9,1.59,4.39,1.42,1,almanaque
almendra,6.05,1.0,4.9,1.21,1,almendra
almendro,6.45,1.32,3.55,1.76,1,almendro
almeriense,5.8,1.11,4.45,1.32,1,almeriense
almíbar,6.5,1.47,4.55,1.61,1,almibar
almidón,5.0,1.37,5.0,0.65,1,almidon
almirante,5.55,1.67,4.95,1.19,1,almirante
almohada,7.58,1.3,1.8,1.47,1,almohada
almorzar,7.3,1.34,4.9,2.25,1,almorzar
almuerzo,6.4,1.19,5.35,1.69,1,almuerzo
alocución,5.1,1.1,5.7,0.82,1,alocucion
aloja,5.95,1.43,4.35,1.63,1,aloja
alojado,6.0,1.53,4.35,1.98,1,alojado
alojamiento,6.35,1.42,3.9,1.83,1,alojamiento
alojar,5.8,1.15,4.3,1.53,1,alojar
alondra,5.91,1.58,4.27,1.39,1,alondra
alpargata,5.6,0.94,5.2,1.11,1,alpargata
alpha,5.22,0.81,4.33,1.71,1,alpha
alpinismo,5.75,1.65,5.2,2.12,1,alpinismo
alpino,6.11,1.15,4.58,1.61,1,alpino
alquilar,4.65,1.57,5.1,1.62,1,alquilar
alquiler,4.55,1.57,5.55,1.47,1,alquiler
alquimia,5.65,1.06,5.71,1.53,1,alquimia
alquimista,5.56,1.62,4.53,2.01,1,alquimista
alquitrán,3.35,1.42,5.85,1.14,1,alquitran
alrededor,5.55,1.05,5.05,0.69,1,alrededor
altar,5.6,1.5,5.8,2.07,1,altar
altavoz,5.55,1.0,5.8,2.09,1,altavoz
alteración,3.85,1.18,6.7,1.22,1,alteracion
alterar,3.35,1.93,6.65,1.69,1,alterar
altercado,2.7,1.42,7.55,1.32,1,altercado
alterna,5.3,0.66,4.78,1.48,1,alterna
alternancia,5.55,1.05,5.0,1.84,1,alternancia
alternativa,6.2,1.24,5.35,1.27,1,alternativa
alternativo,6.05,1.15,4.9,1.65,1,alternativo
alteza,4.1,1.65,5.45,0.83,1,alteza
altiplano,5.11,1.02,5.6,1.27,1,altiplano
altísimo,6.37,1.61,6.6,1.35,1,altisimo
altitud,5.3,1.87,6.25,1.97,1,altitud
altivez,4.5,1.21,6.13,1.6,1,altivez
altivo,4.53,2.07,5.94,1.64,1,altivo
altruismo,6.21,1.75,4.2,2.44,1,altruismo
altruista,6.58,1.57,4.7,2.25,1,altruista
altura,5.7,1.13,6.55,1.43,1,altura
alucinación,4.25,1.86,6.6,1.39,1,alucinacion
alud,3.53,1.42,5.94,2.22,1,alud
aludir,5.25,1.07,5.0,1.56,1,aludir
alumbra,5.95,1.1,4.95,1.08,1,alumbra
alumbrado,5.75,1.07,4.15,2.23,1,alumbrado
alumbrar,6.65,1.5,5.25,1.71,1,alumbrar
aluminio,4.9,0.91,5.4,1.7,1,aluminio
alumna,6.5,1.28,5.05,1.0,1,alumna
alumnado,6.1,1.55,5.4,1.31,1,alumnado
alumno,6.3,1.13,4.85,1.57,1,alumno
alusión,4.8,0.83,5.74,1.19,1,alusion
aluvión,4.65,1.06,5.79,1.27,1,aluvion
alza,5.75,1.12,4.79,1.27,1,alza
alzamiento,5.32,1.38,6.0,1.26,1,alzamiento
alzar,5.8,1.06,5.65,1.09,1,alzar
alzheimer,1.35,0.67,6.9,1.68,1,alzheimer
ama,7.2,1.77,5.1,2.47,1,ama
amabilidad,7.98,1.07,2.8,2.07,1,amabilidad
amable,8.5,0.69,3.63,1.84,1,amable
amada,8.25,1.02,4.74,2.68,1,amada
amado,7.98,1.56,4.85,2.63,1,amado
amalgama,5.43,1.62,5.4,2.19,1,amalgama
amanecer,7.48,1.38,2.83,2.06,1,amanecer
amante,5.45,2.21,6.55,1.67,1,amante
amapola,7.85,1.18,3.05,1.96,1,amapola
amar,8.7,0.66,5.65,3.05,1,amar
amargo,2.85,1.39,5.1,1.77,1,amargo
amargura,1.8,1.01,6.6,1.96,1,amargura
amarilla,5.55,1.15,4.55,1.67,1,amarilla
amarillo,6.1,1.26,4.73,1.58,1,amarillo
amasador,5.45,1.19,4.65,1.5,1,amasador
amatista,5.83,1.47,4.25,1.91,1,amatista
amazónica,6.3,1.59,6.25,2.02,1,amazonica
ámbar,5.5,1.15,4.9,1.17,1,ambar
ambición,4.73,2.68,6.48,1.5,1,ambicion
ambicioso,4.7,2.13,6.6,0.94,1,ambicioso
ambientación,6.6,1.27,5.15,1.66,1,ambientacion
ambiental,6.65,1.18,5.05,1.65,1,ambiental
ambiente,5.95,1.36,4.4,1.35,1,ambiente
ambigua,4.37,1.21,5.65,0.99,1,ambigua
ambigüedad,4.15,1.23,5.5,1.85,1,ambiguedad
ámbito,5.6,1.05,4.75,1.37,1,ambito
ambulancia,3.3,1.52,6.98,1.72,1,ambulancia
ambulante,3.7,1.22,5.2,1.54,1,ambulante
amén,4.8,1.24,4.2,1.88,1,amen
amena,7.25,1.33,3.5,1.73,1,amena
amenaza,2.68,1.44,7.77,1.09,1,amenaza
amenazador,2.25,1.07,7.75,0.91,1,amenazador
amenazante,2.55,1.05,7.0,1.84,1,amenazante
amenazar,2.35,1.23,7.65,1.09,1,amenazar
americana,6.0,1.17,5.0,1.26,1,americana
americano,5.45,0.94,5.7,1.53,1,americano
americio,4.57,1.62,5.0,0.0,1,americio
ametralladora,2.3,1.38,7.45,1.23,1,ametralladora
amianto,4.08,1.38,5.38,0.74,1,amianto
amiga,8.05,0.89,4.75,2.43,1,amiga
amigable,7.63,1.19,4.0,2.15,1,amigable
amigdalitis,2.79,1.18,6.63,1.16,1,amigdalitis
amigo,8.1,1.12,4.53,2.45,1,amigo
aminoácido,5.4,1.47,4.95,1.54,1,aminoacido
aminorar,5.4,0.88,3.55,1.43,1,aminorar
amistad,8.4,0.99,4.35,2.62,1,amistad
amistoso,8.1,1.12,3.85,2.18,1,amistoso
amnesia,1.85,1.14,5.9,2.27,1,amnesia
amnistía,5.33,1.95,4.75,1.83,1,amnistia
amo,5.5,2.74,6.5,1.93,1,amo
amonestación,2.65,1.35,7.25,1.33,1,amonestacion
amonio,5.27,0.8,5.05,1.31,1,amonio
amontonar,3.47,1.26,5.65,1.63,1,amontonar
amor,8.4,1.03,6.4,3.05,1,amor
amorosa,8.15,1.35,5.2,2.44,1,amorosa
amortización,5.2,0.83,4.75,1.62,1,amortizacion
ampara,5.75,1.06,4.5,2.09,1,ampara
amparo,6.0,1.67,4.55,1.76,1,amparo
amplia,6.15,1.42,4.7,1.63,1,amplia
ampliación,6.0,1.21,5.8,1.28,1,ampliacion
ampliar,5.65,1.23,5.25,1.25,1,ampliar
amplificación,5.7,1.17,5.2,1.64,1,amplificacion
amplitud,6.2,1.28,4.5,2.09,1,amplitud
ampolla,3.25,1.3,6.18,1.26,1,ampolla
amputación,2.1,1.17,7.1,1.45,1,amputacion
amuleto,7.1,1.45,4.15,2.06,1,amuleto
amurallado,3.8,1.47,5.5,1.73,1,amurallado
ana,5.56,1.5,4.95,1.7,1,ana
anacardo,5.74,1.15,4.63,1.38,1,anacardo
anaconda,3.75,1.65,7.55,1.64,1,anaconda
ánade,5.0,0.0,4.8,1.1,1,anade
añadidura,4.68,0.82,4.89,0.88,1,anadidura
añadir,5.8,1.24,4.95,1.0,1,anadir
anagrama,5.21,0.71,4.63,1.3,1,anagrama
anal,4.35,1.66,6.5,1.93,1,anal
analfabetismo,2.25,1.21,6.65,1.42,1,analfabetismo
analista,5.74,1.1,4.95,1.47,1,analista
analítica,4.4,1.57,6.05,1.57,1,analitica
analizada,4.9,0.97,5.3,1.17,1,analizada
analizado,4.7,1.17,5.55,1.54,1,analizado
analizar,5.5,1.05,6.2,1.28,1,analizar
análoga,5.6,1.27,4.9,1.21,1,analoga
analogía,5.05,0.76,4.39,1.69,1,analogia
analógico,5.2,1.06,4.2,1.28,1,analogico
anaranjado,5.35,1.81,4.65,1.04,1,anaranjado
anarquía,4.8,1.67,6.2,1.51,1,anarquia
anarquismo,4.6,2.11,6.32,1.86,1,anarquismo
anarquista,4.25,1.55,6.2,1.96,1,anarquista
anatema,4.78,0.44,5.86,1.57,1,anatema
anatomía,5.5,1.19,5.1,2.02,1,anatomia
ancestral,5.45,1.1,4.8,1.15,1,ancestral
ancestro,5.55,1.1,4.68,1.49,1,ancestro
anchas,5.3,1.49,4.6,1.27,1,anchas
ancho,4.9,1.17,4.85,1.04,1,ancho
anchoa,5.6,1.79,4.05,1.43,1,anchoa
anciana,5.0,2.03,4.1,2.2,1,anciana
anciano,5.4,2.06,3.5,1.85,1,anciano
ancla,4.85,1.14,4.6,1.82,1,ancla
anclaje,4.25,0.91,4.7,1.26,1,anclaje
anda,5.75,1.21,4.45,1.23,1,anda
andadura,5.4,1.43,5.5,0.95,1,andadura
andaluz,6.65,1.84,4.85,2.08,1,andaluz
andaluza,6.5,1.32,5.9,1.33,1,andaluza
andante,6.25,1.41,4.25,1.33,1,andante
andar,6.9,1.62,3.9,1.94,1,andar
andaré,5.8,1.24,5.4,1.98,1,andare
andaría,5.65,0.67,4.6,1.31,1,andaria
andén,5.75,1.12,5.05,1.87,1,anden
andina,5.4,0.89,4.23,1.69,1,andina
ando,5.55,1.23,4.42,1.57,1,ando
anécdota,6.85,1.27,5.35,1.84,1,anecdota
anemia,2.95,1.23,5.9,2.0,1,anemia
anestesia,4.1,1.74,3.9,2.73,1,anestesia
anestesista,4.75,1.02,5.75,2.4,1,anestesista
anexa,5.12,1.36,5.12,0.33,1,anexa
anexión,5.53,0.96,5.06,0.9,1,anexion
anexo,4.75,0.55,5.05,1.28,1,anexo
anfibios,5.4,1.23,5.15,1.18,1,anfibios
anfiteatro,5.5,1.24,5.05,1.36,1,anfiteatro
anfitrión,5.85,1.14,6.2,1.4,1,anfitrion
anfitriona,6.8,1.4,5.84,1.71,1,anfitriona
ángel,7.28,1.43,3.8,2.02,1,angel
angelical,6.7,1.34,3.35,1.76,1,angelical
angina,2.75,1.55,6.35,1.18,1,angina
anglosajón,6.0,1.59,5.1,0.31,1,anglosajon
angora,5.33,0.89,4.73,0.88,1,angora
angosta,4.31,2.02,5.82,1.66,1,angosta
angular,5.25,0.64,4.6,0.94,1,angular
ángulo,5.1,0.31,4.6,1.39,1,angulo
angustia,1.95,0.89,7.25,1.62,1,angustia
angustiado,2.38,1.51,7.0,0.97,1,angustiado
angustiosa,2.4,1.1,7.3,1.26,1,angustiosa
anhelar,4.16,1.71,5.9,1.97,1,anhelar
anhelo,3.98,1.76,5.35,2.18,1,anhelo
anidar,5.7,0.98,4.37,1.67,1,anidar
añil,5.69,1.3,4.41,1.54,1,anil
anillo,6.2,1.24,6.0,1.78,1,anillo
ánima,5.0,1.55,5.44,1.92,1,anima
animación,6.95,1.32,6.45,2.14,1,animacion
animal,7.3,1.63,4.6,1.93,1,animal
animalito,7.4,2.01,4.55,2.46,1,animalito
animar,7.9,0.97,6.85,1.98,1,animar
anime,6.55,1.76,5.15,2.06,1,anime
ánimo,7.75,1.29,5.53,2.25,1,animo
animosidad,6.72,1.23,5.16,1.77,1,animosidad
animoso,7.35,1.27,4.8,2.35,1,animoso
aniquilación,2.0,1.26,7.45,1.36,1,aniquilacion
aniquilamiento,1.95,1.32,7.9,1.07,1,aniquilamiento
aniquilar,2.35,1.27,6.65,1.39,1,aniquilar
anís,5.7,1.45,4.85,2.03,1,anis
aniversario,7.75,1.45,5.15,2.81,1,aniversario
ano,4.55,1.36,5.75,1.62,1,ano
año,5.75,1.59,4.95,1.7,1,ano
anoche,5.9,1.37,4.15,1.98,1,anoche
anochecer,6.5,1.93,4.0,2.03,1,anochecer
anomalía,2.3,1.22,7.1,1.37,1,anomalia
anónima,4.7,1.08,4.85,1.31,1,anonima
anonimato,4.65,1.14,4.4,1.79,1,anonimato
anónimo,4.65,0.99,5.6,1.79,1,anonimo
anorak,6.53,1.5,4.11,1.94,1,anorak
anorexia,2.3,1.13,7.05,1.61,1,anorexia
anormal,3.85,1.35,6.25,0.79,1,anormal
anotación,5.35,1.09,4.65,1.09,1,anotacion
anotador,5.3,0.92,4.7,1.42,1,anotador
anotar,5.45,1.23,5.35,1.35,1,anotar
ansia,3.5,1.4,7.6,1.31,1,ansia
ansiedad,2.1,0.91,7.7,1.22,1,ansiedad
ansioso,4.2,1.7,7.35,1.58,1,ansioso
antagonismo,4.5,0.95,5.58,1.39,1,antagonismo
antagonista,3.75,1.45,5.85,1.14,1,antagonista
antaño,5.1,1.65,3.9,1.33,1,antano
antártico,5.15,1.35,4.85,1.66,1,antartico
ante,5.26,0.87,4.37,1.21,1,ante
anteayer,5.0,0.56,4.5,1.15,1,anteayer
antebrazo,5.05,0.69,4.35,1.5,1,antebrazo
antecámara,5.06,0.73,4.35,1.6,1,antecamara
antecedente,4.15,1.53,5.75,1.37,1,antecedente
antecesor,5.8,1.15,4.85,1.09,1,antecesor
antelación,5.8,0.89,5.6,1.73,1,antelacion
antemano,5.5,1.1,4.65,1.18,1,antemano
antena,4.85,1.14,4.7,1.66,1,antena
antepasado,5.8,0.89,4.7,1.81,1,antepasado
anteproyecto,5.25,1.25,4.63,2.01,1,anteproyecto
anterior,4.75,1.21,4.55,1.32,1,anterior
anterioridad,4.65,0.93,4.05,1.67,1,anterioridad
antes,5.15,1.35,4.55,1.36,1,antes
antesala,5.0,0.92,5.0,1.17,1,antesala
anticiclón,4.7,2.68,5.45,1.96,1,anticiclon
anticipación,5.85,1.09,5.6,1.1,1,anticipacion
anticipar,5.55,1.39,5.75,1.62,1,anticipar
anticipo,5.55,1.28,5.4,1.6,1,anticipo
anticuario,5.0,2.11,3.89,1.52,1,anticuario
antidisturbios,2.9,1.41,6.5,1.61,1,antidisturbios
antidopaje,5.65,1.79,5.1,1.65,1,antidopaje
antídoto,6.5,1.67,5.5,1.7,1,antidoto
antifaz,6.55,1.73,5.5,1.61,1,antifaz
antiglobalización,4.4,1.98,5.55,1.57,1,antiglobalizacion
antigüedad,6.05,1.47,4.35,1.79,1,antiguedad
antiguo,6.0,1.21,4.4,1.47,1,antiguo
antílope,5.05,0.85,4.84,1.21,1,antilope
antimonio,4.93,0.46,5.63,1.59,1,antimonio
antipatía,2.65,0.99,6.55,1.19,1,antipatia
antisemita,3.25,1.95,5.6,1.3,1,antisemita
antisemitismo,3.33,1.5,6.08,2.29,1,antisemitismo
antisocial,3.2,1.74,6.55,1.47,1,antisocial
antitanque,4.44,1.15,4.94,2.21,1,antitanque
antiterrorista,6.4,1.54,5.5,2.01,1,antiterrorista
antojo,5.9,1.52,5.5,1.4,1,antojo
antología,5.44,0.78,4.8,1.74,1,antologia
antológica,5.72,1.07,5.05,1.36,1,antologica
antonomasia,4.85,0.69,5.0,1.76,1,antonomasia
antorcha,5.85,0.93,6.05,1.57,1,antorcha
antropología,5.4,1.5,5.3,1.66,1,antropologia
antropológico,6.0,1.34,5.1,1.52,1,antropologico
antropólogo,5.45,1.28,5.15,0.88,1,antropologo
anuario,5.4,0.75,5.3,0.8,1,anuario
anular,3.9,1.33,5.6,1.35,1,anular
anunciar,6.3,1.49,6.0,1.08,1,anunciar
anuncio,5.5,1.47,4.9,1.68,1,anuncio
anverso,4.92,0.79,4.73,1.39,1,anverso
anzuelo,4.25,1.33,5.4,1.64,1,anzuelo
apacible,5.9,1.12,3.35,2.11,1,apacible
apaciguar,6.0,1.12,4.05,1.82,1,apaciguar
apagar,4.3,1.3,4.1,1.52,1,apagar
apagón,4.15,1.5,6.35,1.53,1,apagon
aparador,4.89,1.05,4.94,0.87,1,aparador
aparato,4.75,1.41,5.05,0.89,1,aparato
aparcamiento,5.15,1.27,5.3,1.49,1,aparcamiento
apareamiento,7.0,1.12,6.5,1.47,1,apareamiento
aparece,5.6,1.19,4.7,1.56,1,aparece
aparecer,6.25,1.21,4.9,2.0,1,aparecer
aparecido,6.4,1.6,5.65,1.5,1,aparecido
aparejador,5.15,0.93,4.5,1.32,1,aparejador
aparejo,5.22,0.65,4.79,1.13,1,aparejo
aparentar,2.85,1.27,6.0,1.52,1,aparentar
aparente,4.8,1.24,4.5,1.1,1,aparente
aparezco,5.75,1.21,5.25,1.25,1,aparezco
aparición,5.0,1.12,6.35,1.04,1,aparicion
apariencia,4.05,1.64,5.1,1.21,1,apariencia
aparta,3.47,1.68,6.0,1.12,1,aparta
apartado,4.0,1.34,5.35,1.39,1,apartado
apartamento,7.0,1.56,3.9,1.68,1,apartamento
apartar,3.85,1.18,5.6,1.31,1,apartar
aparte,4.65,0.81,4.95,1.73,1,aparte
apasionante,7.45,1.47,6.8,2.28,1,apasionante
apatía,3.25,1.48,6.45,1.99,1,apatia
apego,6.95,0.94,4.7,2.6,1,apego
apelación,4.89,0.74,5.53,1.65,1,apelacion
apelante,4.44,0.89,5.43,1.6,1,apelante
apelar,5.5,2.06,5.6,1.1,1,apelar
apelativo,4.75,0.85,5.11,1.63,1,apelativo
apellido,5.45,0.89,5.0,0.32,1,apellido
apenas,4.95,1.05,4.6,1.54,1,apenas
apéndice,4.75,0.85,5.25,1.37,1,apendice
apendicitis,2.05,1.18,7.15,1.27,1,apendicitis
aperitivo,7.6,1.05,5.35,2.28,1,aperitivo
apertura,6.1,1.17,5.15,1.81,1,apertura
apetito,5.5,1.28,5.65,1.73,1,apetito
ápice,4.95,1.13,5.42,1.73,1,apice
apicultura,5.3,1.53,5.21,0.98,1,apicultura
aplacar,4.78,1.7,5.8,1.32,1,aplacar
aplasta,3.55,1.36,6.05,1.47,1,aplasta
aplastado,3.18,1.43,6.38,1.41,1,aplastado
aplastante,4.25,1.45,6.35,1.66,1,aplastante
aplastar,2.7,1.42,6.15,0.99,1,aplastar
aplasto,3.35,1.23,6.7,1.08,1,aplasto
aplaudir,7.3,1.17,7.0,1.34,1,aplaudir
aplauso,7.25,1.29,6.4,2.16,1,aplauso
aplausos,6.75,1.58,5.85,2.03,1,aplausos
aplazamiento,3.95,1.36,4.2,1.36,1,aplazamiento
aplazar,3.75,1.16,5.1,1.62,1,aplazar
aplicable,5.7,1.17,4.65,1.42,1,aplicable
aplicación,5.65,1.18,5.2,1.36,1,aplicacion
aplicar,5.7,1.03,5.2,0.7,1,aplicar
aplomo,4.9,1.62,4.83,2.09,1,aplomo
apodo,5.6,1.35,4.85,1.14,1,apodo
apogeo,6.4,1.23,6.22,1.06,1,apogeo
apología,5.28,0.83,5.29,1.61,1,apologia
apólogo,5.2,0.79,4.83,0.98,1,apologo
aportación,6.85,1.39,4.65,1.69,1,aportacion
aportar,6.85,1.18,5.4,1.43,1,aportar
aporte,6.45,1.28,5.4,1.19,1,aporte
aposento,5.0,1.17,3.85,1.5,1,aposento
apostar,5.0,1.84,6.6,1.35,1,apostar
apóstol,4.8,1.54,4.5,1.88,1,apostol
apostólica,4.6,1.27,4.4,1.6,1,apostolica
apoyar,6.95,1.5,5.4,2.04,1,apoyar
apoyo,7.75,1.21,3.95,2.46,1,apoyo
apraxia,3.78,1.2,6.47,1.19,1,apraxia
apreciable,6.8,1.24,4.35,1.42,1,apreciable
apreciación,7.05,1.61,4.55,2.14,1,apreciacion
apreciar,8.15,0.99,4.3,2.13,1,apreciar
aprecio,7.75,1.16,4.3,2.34,1,aprecio
aprehensión,3.63,1.07,6.0,1.34,1,aprehension
apremiante,5.44,1.82,6.0,1.63,1,apremiante
apremio,4.84,1.34,5.56,1.15,1,apremio
aprende,7.25,1.21,4.55,2.09,1,aprende
aprender,7.28,1.43,4.85,2.49,1,aprender
aprenderé,7.4,1.47,5.7,1.66,1,aprendere
aprendiz,6.1,1.02,5.5,1.57,1,aprendiz
aprendizaje,7.05,1.23,5.65,2.46,1,aprendizaje
aprendo,6.75,1.41,5.6,1.64,1,aprendo
aprensión,3.75,1.83,6.0,1.86,1,aprension
apresar,3.21,1.96,6.5,1.28,1,apresar
apresurar,4.05,0.83,6.75,1.41,1,apresurar
apretar,3.75,1.25,6.2,1.11,1,apretar
apretón,4.65,1.14,5.95,1.15,1,apreton
aprieto,3.85,1.31,6.3,1.56,1,aprieto
aprisa,4.79,0.85,6.2,1.88,1,aprisa
aprobación,7.13,1.28,5.55,2.25,1,aprobacion
aprobado,8.35,0.93,6.65,2.62,1,aprobado
aprobar,8.2,1.2,6.05,2.74,1,aprobar
apropiación,3.95,1.39,5.9,1.68,1,apropiacion
apropiar,5.05,1.73,5.75,1.12,1,apropiar
aprovechamiento,5.3,2.0,5.75,2.22,1,aprovechamiento
aprovechar,4.55,1.85,5.45,1.7,1,aprovechar
aprovisionamiento,4.65,1.09,5.5,1.42,1,aprovisionamiento
aproximación,5.9,1.17,5.15,1.46,1,aproximacion
aproximar,5.95,1.0,4.95,1.0,1,aproximar
aptitud,7.15,1.39,5.2,1.67,1,aptitud
apto,7.25,1.25,5.4,3.14,1,apto
apuesta,4.5,1.0,6.75,1.07,1,apuesta
apuñalar,1.35,0.59,7.95,1.0,1,apunalar
apuntar,5.05,1.43,5.55,1.1,1,apuntar
apunte,4.9,1.21,4.4,1.64,1,apunte
apurar,4.65,1.18,6.75,1.55,1,apurar
apuro,3.2,0.77,7.05,1.1,1,apuro
apuros,2.7,1.08,6.73,1.32,1,apuros
aquel,4.9,0.45,4.8,1.2,1,aquel
aqui,5.6,1.23,4.8,1.74,1,aqui
aquí,5.9,1.37,4.3,1.49,1,aqui
ara,5.07,0.26,4.46,1.2,1,ara
árabe,4.9,1.8,5.45,0.83,1,arabe
arado,5.45,1.5,4.4,1.19,1,arado
aragonés,5.25,0.72,4.55,1.15,1,aragones
arameo,4.93,0.46,5.18,0.81,1,arameo
araña,3.74,1.48,7.38,1.5,1,arana
arancel,5.21,0.97,4.93,0.26,1,arancel
arandela,5.15,0.59,4.05,1.93,1,arandela
arar,4.45,1.19,4.44,1.95,1,arar
arbitraje,5.45,1.19,5.35,1.42,1,arbitraje
arbitral,5.35,0.88,5.58,0.9,1,arbitral
arbitrar,5.3,1.38,5.15,1.9,1,arbitrar
arbitraria,4.5,0.95,5.4,1.1,1,arbitraria
arbitrariedad,4.8,1.32,5.35,1.39,1,arbitrariedad
arbitrio,5.09,0.94,4.43,1.95,1,arbitrio
árbitro,4.95,0.94,6.1,1.77,1,arbitro
árbol,6.78,1.46,3.63,1.62,1,arbol
arbolado,6.55,1.23,3.53,1.93,1,arbolado
arboleda,6.65,1.14,3.8,1.82,1,arboleda
arbusto,5.9,1.33,4.25,1.52,1,arbusto
arca,6.21,1.36,4.95,1.39,1,arca
arcaico,5.12,1.05,5.0,1.52,1,arcaico
arcángel,5.7,1.08,3.7,1.98,1,arcangel
archiduque,4.47,1.39,4.95,1.39,1,archiduque
archipiélago,5.95,1.19,4.45,1.82,1,archipielago
archivar,5.25,1.29,4.5,0.95,1,archivar
arcilla,5.95,0.89,4.65,0.81,1,arcilla
arcipreste,5.16,1.26,4.61,0.98,1,arcipreste
arco,5.55,0.89,4.45,1.47,1,arco
arcón,5.4,0.63,5.25,1.74,1,arcon
arder,2.85,1.76,7.5,1.36,1,arder
ardiente,5.8,1.88,7.45,1.1,1,ardiente
ardilla,6.6,0.99,3.85,2.01,1,ardilla
ardor,2.4,1.19,6.7,1.81,1,ardor
ardua,4.79,2.01,5.85,1.07,1,ardua
área,5.2,0.52,4.5,1.15,1,area
arena,6.85,1.84,4.6,2.52,1,arena
arenisca,4.4,1.39,4.59,1.58,1,arenisca
arenoso,5.45,1.43,4.25,1.52,1,arenoso
arenque,5.0,1.51,4.47,1.47,1,arenque
argelino,4.9,0.72,5.1,1.07,1,argelino
argentina,5.65,1.31,5.1,1.33,1,argentina
argentino,6.15,1.5,5.35,1.23,1,argentino
argolla,4.73,0.9,5.3,0.48,1,argolla
argot,5.38,1.04,5.55,1.37,1,argot
argumentación,6.05,1.39,5.1,1.62,1,argumentacion
argumental,5.6,1.05,5.05,0.94,1,argumental
argumentar,6.6,1.14,5.45,1.7,1,argumentar
argumento,5.9,1.33,4.45,1.19,1,argumento
aria,3.17,1.54,6.46,1.56,1,aria
aridez,3.42,1.26,5.0,1.12,1,aridez
árido,3.5,1.0,5.33,1.78,1,arido
ariete,4.91,0.3,5.25,1.28,1,ariete
arista,5.63,1.67,4.68,1.63,1,arista
aristocracia,4.3,1.17,5.75,1.21,1,aristocracia
aristócrata,4.25,1.65,4.6,1.47,1,aristocrata
aristocrática,3.65,1.42,5.3,1.87,1,aristocratica
aristotélica,5.26,1.19,4.8,1.77,1,aristotelica
aritmética,4.2,1.47,4.95,1.73,1,aritmetica
arma,2.2,1.51,7.5,1.13,1,arma
armada,3.35,1.84,6.4,1.27,1,armada
armadura,4.7,1.56,5.5,1.85,1,armadura
armamento,2.65,1.14,6.65,1.46,1,armamento
armar,3.9,2.0,6.65,1.35,1,armar
armario,5.25,0.64,4.5,1.36,1,armario
armas,2.75,1.55,7.65,1.95,1,armas
armazón,4.63,0.9,5.55,0.89,1,armazon
armenio,5.0,0.37,5.08,0.64,1,armenio
armisticio,5.36,1.57,5.33,1.07,1,armisticio
armonía,8.1,1.02,2.95,2.14,1,armonia
armónica,6.3,1.3,3.35,1.69,1,armonica
armoniosa,6.75,1.59,2.45,1.54,1,armoniosa
armonización,7.05,1.88,3.9,2.27,1,armonizacion
armonizar,6.9,1.33,3.8,2.46,1,armonizar
aro,5.2,0.7,5.2,1.11,1,aro
aroma,6.6,1.27,4.2,2.61,1,aroma
aromático,7.15,1.46,3.4,1.35,1,aromatico
arpa,6.45,1.19,3.05,1.61,1,arpa
arpón,3.65,1.9,5.7,1.72,1,arpon
arqueología,6.55,1.64,4.5,2.04,1,arqueologia
arqueológico,6.05,1.23,4.55,1.47,1,arqueologico
arqueólogo,5.6,1.23,4.8,1.82,1,arqueologo
arquero,5.65,1.27,6.05,1.03,1,arquero
arquetipo,5.0,0.61,5.21,1.36,1,arquetipo
arquitecto,6.4,1.76,5.1,1.33,1,arquitecto
arquitectónico,5.65,0.99,4.6,1.64,1,arquitectonico
arquitectura,5.65,1.09,4.9,1.59,1,arquitectura
arrabal,4.77,1.36,4.8,1.32,1,arrabal
arraigo,5.3,1.42,4.9,1.07,1,arraigo
arrancar,4.25,1.62,6.0,1.75,1,arrancar
arranque,5.1,1.25,5.75,1.07,1,arranque
arrasar,4.9,1.97,6.35,1.09,1,arrasar
arrastrar,3.65,1.14,5.9,1.07,1,arrastrar
arrastre,3.2,1.28,5.25,1.48,1,arrastre
arrebatar,3.65,1.63,6.55,1.15,1,arrebatar
arrebato,4.2,1.47,7.0,1.03,1,arrebato
arrecife,6.65,1.69,4.45,2.01,1,arrecife
arreglar,7.15,1.23,5.0,1.38,1,arreglar
arreglo,6.25,1.12,4.35,1.73,1,arreglo
arremeter,3.9,1.07,6.68,1.11,1,arremeter
arrendamiento,4.85,1.35,5.17,2.2,1,arrendamiento
arrendatario,4.47,1.35,5.4,1.7,1,arrendatario
arrepentido,4.75,2.29,5.63,2.06,1,arrepentido
arrepentimiento,4.35,2.08,6.45,2.06,1,arrepentimiento
arrepentirse,2.9,1.59,5.8,1.88,1,arrepentirse
arrestar,2.6,1.23,6.8,1.2,1,arrestar
arresto,2.85,1.23,6.75,1.33,1,arresto
arriba,5.85,0.99,5.3,1.34,1,arriba
arribar,5.63,1.26,5.4,0.83,1,arribar
arribo,5.41,0.62,5.13,1.36,1,arribo
arriendo,5.0,0.68,5.08,1.71,1,arriendo
arriesgar,6.2,1.61,7.15,1.04,1,arriesgar
arrogancia,2.85,1.35,7.1,1.37,1,arrogancia
arrogante,2.5,1.28,6.9,1.1,1,arrogante
arrojar,4.05,1.05,5.6,0.99,1,arrojar
arrojo,4.5,1.76,5.78,0.94,1,arrojo
arroyo,6.2,1.15,3.7,2.27,1,arroyo
arroyuelo,5.76,1.09,3.53,1.74,1,arroyuelo
arroz,6.95,1.43,4.05,1.54,1,arroz
arruinar,2.95,1.73,7.3,1.34,1,arruinar
arsenal,4.15,1.57,6.26,1.28,1,arsenal
arsénico,3.45,1.43,6.3,1.26,1,arsenico
arte,7.05,1.28,4.68,2.42,1,arte
artefacto,4.55,1.5,5.95,1.76,1,artefacto
arteria,4.84,1.42,5.63,1.38,1,arteria
arterial,5.35,1.18,5.25,1.45,1,arterial
artesanal,6.75,1.16,4.4,1.23,1,artesanal
artesanía,6.8,1.67,3.95,1.43,1,artesania
artesano,6.75,1.37,3.85,1.87,1,artesano
ártico,6.0,1.45,5.05,1.79,1,artico
articulación,5.45,1.39,4.65,1.6,1,articulacion
articulaciones,5.0,0.46,5.05,0.51,1,articulaciones
articular,6.0,1.52,5.1,1.71,1,articular
artículo,5.65,0.81,5.0,1.78,1,articulo
artífice,4.95,0.76,5.4,0.94,1,artifice
artificio,5.0,1.08,5.79,1.23,1,artificio
artillería,4.05,1.93,6.3,1.49,1,artilleria
artillero,4.7,0.98,5.95,1.47,1,artillero
artista,7.3,1.26,5.1,1.83,1,artista
artística,6.85,1.23,4.4,2.16,1,artistica
artritis,2.4,1.19,6.85,1.46,1,artritis
artrosis,2.6,1.9,6.25,1.59,1,artrosis
arzobispado,3.2,1.47,4.32,2.08,1,arzobispado
arzobispo,3.95,1.43,5.0,0.92,1,arzobispo
as,5.95,1.1,5.45,2.06,1,as
asa,5.1,0.45,4.65,1.27,1,asa
asado,5.85,1.23,5.25,1.29,1,asado
asador,5.85,1.79,5.35,1.27,1,asador
asaltar,3.35,1.46,7.1,1.77,1,asaltar
asalto,3.2,1.58,7.15,1.18,1,asalto
asamblea,5.55,1.39,5.0,1.92,1,asamblea
ascendencia,6.1,1.52,5.45,1.5,1,ascendencia
ascendente,6.15,1.09,5.7,1.08,1,ascendente
ascender,7.4,1.43,6.35,1.66,1,ascender
ascensión,5.8,1.47,5.25,1.97,1,ascension
ascenso,7.2,1.2,7.25,1.12,1,ascenso
ascensor,5.2,0.95,6.1,1.48,1,ascensor
asco,2.55,1.19,6.65,1.09,1,asco
asediado,3.11,1.35,6.31,1.21,1,asediado
asedio,3.93,1.28,6.47,2.36,1,asedio
asegurador,5.2,1.58,4.85,1.46,1,asegurador
aseguradora,5.4,1.76,5.0,1.89,1,aseguradora
aseguramiento,5.7,0.98,4.0,1.75,1,aseguramiento
asegurar,5.95,1.19,4.0,2.13,1,asegurar
asemejar,5.5,1.0,4.75,1.12,1,asemejar
asentamiento,5.55,1.61,4.3,2.0,1,asentamiento
asentar,6.1,1.37,4.2,1.47,1,asentar
asentimiento,5.0,0.79,4.25,1.52,1,asentimiento
aseo,6.05,1.15,4.25,1.29,1,aseo
asequible,7.7,1.08,3.95,1.43,1,asequible
asesina,2.25,1.59,7.6,1.39,1,asesina
asesinar,1.3,0.76,8.35,0.95,1,asesinar
asesinato,1.45,0.76,8.15,0.93,1,asesinato
asesino,2.03,1.27,7.6,1.73,1,asesino
asesor,5.6,1.64,4.35,1.31,1,asesor
asesora,5.32,0.89,4.2,1.7,1,asesora
asesoramiento,6.0,1.38,4.5,1.7,1,asesoramiento
asesorar,6.2,1.28,4.95,1.57,1,asesorar
asesoría,5.1,0.85,5.15,1.5,1,asesoria
asestar,4.38,1.09,5.75,1.24,1,asestar
aseveración,4.09,1.04,5.17,1.11,1,aseveracion
asfalto,5.05,1.23,4.7,1.63,1,asfalto
asfixia,1.3,0.57,8.0,1.21,1,asfixia
asfixiante,2.1,1.33,7.85,1.18,1,asfixiante
asfixiar,2.2,1.2,8.2,1.06,1,asfixiar
asiático,5.45,1.28,4.9,1.12,1,asiatico
asiduidad,6.0,1.31,4.36,1.63,1,asiduidad
asiduo,5.32,0.67,5.0,0.73,1,asiduo
asiento,5.95,1.13,3.6,1.78,1,asiento
asientos,5.8,0.83,3.7,1.49,1,asientos
asignación,5.75,1.68,6.05,1.23,1,asignacion
asignar,5.35,0.99,5.15,1.69,1,asignar
asignatura,5.05,1.1,6.25,1.55,1,asignatura
asilo,2.5,1.1,5.2,1.64,1,asilo
asimétrica,4.8,1.74,5.6,0.75,1,asimetrica
asimilación,6.5,1.36,4.0,1.95,1,asimilacion
asimilar,6.3,1.78,5.15,0.88,1,asimilar
asimismo,5.0,1.21,4.75,1.07,1,asimismo
asir,5.0,0.0,4.8,1.4,1,asir
asistencia,5.65,1.27,4.65,1.95,1,asistencia
asistencial,4.85,0.75,4.45,2.01,1,asistencial
asistente,5.1,0.79,4.9,0.85,1,asistente
asistir,6.05,1.15,5.05,0.94,1,asistir
asma,2.75,1.16,7.05,1.47,1,asma
asno,5.15,0.88,4.1,1.62,1,asno
asociación,5.9,1.37,4.6,0.94,1,asociacion
asociar,5.75,0.97,4.9,1.07,1,asociar
asombrado,6.15,1.08,6.33,1.64,1,asombrado
asombro,6.3,1.3,6.8,1.15,1,asombro
asombrosa,6.75,1.33,6.25,1.52,1,asombrosa
asomo,5.16,0.9,4.4,1.7,1,asomo
aspecto,5.75,1.02,5.45,1.47,1,aspecto
aspereza,4.06,1.34,5.59,1.8,1,aspereza
áspero,3.83,0.98,5.9,1.17,1,aspero
aspiración,6.7,1.38,5.8,1.61,1,aspiracion
aspirante,6.05,1.0,5.75,1.45,1,aspirante
aspirar,6.45,1.47,5.4,1.7,1,aspirar
asqueado,2.6,1.35,6.4,1.63,1,asqueado
asqueroso,2.63,1.27,7.65,1.18,1,asqueroso
asta,4.9,0.45,5.58,0.84,1,asta
asterisco,5.05,0.51,5.16,1.21,1,asterisco
asteroide,5.55,1.36,5.75,1.07,1,asteroide
astilla,3.05,1.43,6.05,1.54,1,astilla
astillero,4.65,0.88,5.35,0.81,1,astillero
astral,6.05,1.36,4.65,1.35,1,astral
astro,6.15,1.5,4.8,1.01,1,astro
astrofísica,4.8,1.74,5.65,1.57,1,astrofisica
astrología,6.15,1.42,4.45,1.61,1,astrologia
astronauta,6.4,1.57,5.78,1.83,1,astronauta
astronomía,6.4,1.43,4.55,2.26,1,astronomia
astronómicas,5.9,0.79,5.1,1.65,1,astronomicas
astronómico,6.0,1.21,5.0,2.05,1,astronomico
astrónomo,6.05,1.39,5.3,1.56,1,astronomo
astucia,6.9,1.29,5.9,1.97,1,astucia
asturiano,6.05,1.19,4.7,1.34,1,asturiano
astuto,6.75,1.8,6.05,1.61,1,astuto
asumir,5.3,1.26,5.1,1.48,1,asumir
asunción,5.65,1.35,4.75,1.21,1,asuncion
asunto,5.0,0.56,5.3,0.92,1,asunto
asustado,2.83,0.93,7.18,1.52,1,asustado
asustar,3.1,1.29,7.35,1.09,1,asustar
atacante,2.9,1.17,6.65,1.93,1,atacante
atacar,2.75,1.52,7.2,1.28,1,atacar
atajar,6.65,1.04,4.5,1.82,1,atajar
atajo,6.5,1.19,5.2,2.17,1,atajo
atalaya,6.6,2.09,5.06,1.63,1,atalaya
ataque,3.05,1.36,7.5,0.89,1,ataque
atar,3.9,1.33,6.85,1.14,1,atar
atardecer,7.35,1.76,3.0,1.89,1,atardecer
atasco,2.55,1.05,6.7,1.38,1,atasco
ataúd,1.46,0.85,7.33,1.9,1,ataud
ateísmo,5.4,1.79,4.55,1.1,1,ateismo
atención,6.25,1.07,5.1,1.48,1,atencion
atender,6.15,1.23,5.55,1.7,1,atender
atenerse,4.7,1.26,5.21,1.13,1,atenerse
ateniense,5.11,0.58,5.41,0.8,1,ateniense
atentado,1.85,1.18,8.45,1.1,1,atentado
atentar,2.6,1.43,7.7,0.98,1,atentar
atento,7.05,1.15,5.7,2.34,1,atento
atenuación,5.25,0.91,5.11,1.24,1,atenuacion
atenuar,5.45,1.23,4.45,1.32,1,atenuar
ateo,5.95,1.99,4.65,1.35,1,ateo
aterrador,2.8,1.11,7.65,1.46,1,aterrador
aterrizaje,6.4,1.5,6.5,1.4,1,aterrizaje
aterrizar,5.75,1.29,6.0,2.2,1,aterrizar
aterrorizado,2.33,1.35,7.25,1.33,1,aterrorizado
atestiguar,4.5,1.04,5.74,1.59,1,atestiguar
ático,6.55,1.2,4.95,2.07,1,atico
atisbo,5.29,1.38,4.83,0.94,1,atisbo
atlántica,5.6,0.82,5.4,1.35,1,atlantica
atlas,6.25,1.52,4.25,1.83,1,atlas
atleta,6.6,1.54,5.65,1.87,1,atleta
atlético,7.2,1.15,5.0,1.65,1,atletico
atletismo,5.6,1.73,6.0,1.56,1,atletismo
atmósfera,5.4,0.75,4.65,1.35,1,atmosfera
atmosférica,5.25,1.02,5.1,1.52,1,atmosferica
atolladero,4.1,1.37,5.64,1.01,1,atolladero
atolón,5.0,0.0,5.2,0.45,1,atolon
atómica,4.6,1.1,6.11,1.97,1,atomica
átomo,5.85,1.53,5.05,1.54,1,atomo
atónito,5.0,1.59,5.4,1.64,1,atonito
atornillador,5.0,0.32,5.0,1.56,1,atornillador
atracador,2.0,1.06,7.75,1.06,1,atracador
atracar,2.1,1.17,7.5,1.61,1,atracar
atracción,7.6,1.14,7.0,1.62,1,atraccion
atraco,2.0,1.17,7.6,1.31,1,atraco
atractivo,8.0,1.08,6.0,1.59,1,atractivo
atraer,6.7,1.13,6.2,1.28,1,atraer
atrapar,4.3,1.75,5.95,1.13,1,atrapar
atrás,4.55,1.19,4.9,1.25,1,atras
atraso,2.85,1.18,6.35,1.42,1,atraso
atravesar,5.35,1.81,6.4,1.19,1,atravesar
atreverse,6.9,1.07,6.75,1.25,1,atreverse
atrevido,7.15,1.37,6.98,1.19,1,atrevido
atrevimiento,6.25,1.59,6.95,1.61,1,atrevimiento
atribución,5.4,0.94,5.05,1.61,1,atribucion
atribuible,5.55,1.36,4.95,1.15,1,atribuible
atribuir,4.95,1.05,5.45,1.23,1,atribuir
atributo,5.65,1.23,4.95,1.1,1,atributo
atril,5.11,0.46,5.79,1.47,1,atril
atrio,4.93,1.0,5.62,1.33,1,atrio
atrocidad,2.25,1.07,7.1,1.48,1,atrocidad
atropellar,2.05,1.39,7.8,1.01,1,atropellar
atropello,1.95,1.36,7.55,1.23,1,atropello
atroz,3.47,1.71,7.05,1.36,1,atroz
atuendo,5.55,0.6,4.7,1.49,1,atuendo
atún,5.75,1.92,4.45,1.23,1,atun
aturdimiento,3.16,1.12,5.25,1.68,1,aturdimiento
audacia,6.4,1.85,5.42,1.26,1,audacia
audaz,6.6,1.31,5.45,1.54,1,audaz
audible,5.95,1.05,4.42,1.22,1,audible
audición,6.25,1.45,5.6,1.88,1,audicion
audiencia,5.1,1.62,5.85,1.23,1,audiencia
audio,6.5,1.32,5.55,1.28,1,audio
audiovisual,5.95,1.15,4.45,1.9,1,audiovisual
auditivo,5.45,1.28,4.7,1.34,1,auditivo
auditor,4.95,0.39,5.22,0.65,1,auditor
auditoría,5.15,1.57,5.68,1.42,1,auditoria
auditorio,5.9,0.97,4.5,2.01,1,auditorio
auge,6.55,1.32,6.2,1.47,1,auge
augurar,4.88,0.96,5.63,1.3,1,augurar
augurio,3.63,1.42,6.12,1.17,1,augurio
augusto,4.53,0.9,4.55,1.36,1,augusto
aula,5.15,1.31,5.15,0.99,1,aula
aulas,5.75,1.02,5.25,1.59,1,aulas
aullar,4.85,2.03,5.85,1.53,1,aullar
aullido,4.3,1.63,6.3,0.98,1,aullido
aumentar,6.25,1.29,5.55,1.28,1,aumentar
aumento,6.65,1.18,6.6,1.1,1,aumento
aunar,5.64,1.03,4.82,1.42,1,aunar
aura,6.0,1.52,3.7,1.03,1,aura
aureola,5.83,1.38,4.95,2.3,1,aureola
aurora,7.33,1.49,3.95,1.93,1,aurora
ausencia,3.2,1.58,5.8,1.36,1,ausencia
ausente,3.85,1.39,4.05,1.76,1,ausente
auspicio,5.11,0.78,5.42,1.38,1,auspicio
austeridad,3.9,1.71,4.78,2.24,1,austeridad
austero,5.0,1.2,5.37,0.96,1,austero
austral,5.43,0.76,4.71,0.99,1,austral
australiano,5.4,0.82,4.7,1.63,1,australiano
austriaco,5.3,0.8,4.55,1.61,1,austriaco
austríaco,5.35,0.75,4.75,1.07,1,austriaco
autenticación,5.8,1.06,4.41,1.94,1,autenticacion
autenticidad,7.4,1.35,5.25,1.86,1,autenticidad
auténtico,7.35,0.99,5.6,2.6,1,autentico
autismo,3.35,1.69,5.95,1.76,1,autismo
auto,5.75,1.41,5.35,1.9,1,auto
autobiografía,5.8,0.77,4.65,1.81,1,autobiografia
autobiográfico,6.15,1.14,4.6,1.98,1,autobiografico
autobús,4.68,1.27,5.4,1.81,1,autobus
autocar,6.1,1.59,5.0,1.62,1,autocar
autoconciencia,7.15,1.42,5.25,2.53,1,autoconciencia
autocontrol,6.85,1.14,5.25,2.65,1,autocontrol
autocrítica,5.8,2.09,6.15,1.42,1,autocritica
autóctona,5.2,1.4,4.68,1.2,1,autoctona
autodefensa,6.25,1.52,6.75,1.48,1,autodefensa
autodeterminación,5.95,1.28,4.9,1.92,1,autodeterminacion
autodidacta,7.15,1.39,5.05,1.47,1,autodidacta
autoestima,6.8,1.94,6.15,2.13,1,autoestima
autogobierno,4.85,1.46,5.25,1.94,1,autogobierno
autómata,5.25,1.48,4.74,1.56,1,automata
automática,5.4,1.27,4.8,1.91,1,automatica
automático,5.6,1.1,4.45,1.28,1,automatico
automatismo,4.75,0.97,4.5,1.32,1,automatismo
automatización,5.4,1.35,5.0,1.3,1,automatizacion
automoción,5.45,1.54,5.2,1.11,1,automocion
automóvil,6.1,1.45,5.85,1.57,1,automovil
automovilismo,5.15,0.75,5.45,1.23,1,automovilismo
automovilístico,5.85,1.27,5.6,1.64,1,automovilistico
autónoma,6.2,1.32,5.4,2.26,1,autonoma
autonomía,6.85,1.27,4.4,2.26,1,autonomia
autonómica,5.63,1.12,5.35,1.53,1,autonomica
autopista,4.35,1.46,5.95,2.2,1,autopista
autopsia,3.05,2.26,6.7,1.75,1,autopsia
autor,6.25,1.37,4.3,1.26,1,autor
autora,6.55,1.19,4.2,1.51,1,autora
autoría,5.0,1.11,5.37,1.3,1,autoria
autoridad,3.55,1.61,5.8,1.94,1,autoridad
autoritario,2.65,1.6,6.95,1.05,1,autoritario
autoritarismo,2.3,0.92,6.0,1.65,1,autoritarismo
autorización,5.5,1.47,5.55,1.85,1,autorizacion
autorizar,5.75,1.59,5.15,1.63,1,autorizar
autorregulación,5.85,1.31,4.2,1.77,1,autorregulacion
autosuficiencia,7.55,1.36,4.95,1.85,1,autosuficiencia
autosuficiente,7.65,1.31,4.4,2.5,1,autosuficiente
autovía,5.2,1.32,6.05,1.67,1,autovia
auxilio,3.95,2.19,7.4,1.57,1,auxilio
aval,4.56,0.89,5.39,1.75,1,aval
avalancha,3.38,1.37,7.0,1.08,1,avalancha
avalar,4.8,0.52,5.61,1.46,1,avalar
avance,7.0,0.92,5.6,1.6,1,avance
avanza,7.15,1.23,4.65,2.25,1,avanza
avanzar,7.65,1.27,5.6,1.5,1,avanzar
avanzaría,5.95,1.39,5.5,1.5,1,avanzaria
avanzo,6.85,1.27,5.6,1.23,1,avanzo
avaricia,2.15,0.88,6.95,1.24,1,avaricia
avaro,2.82,1.01,6.06,1.68,1,avaro
ave,6.25,1.02,4.55,1.15,1,ave
avellano,5.4,1.47,4.53,1.12,1,avellano
avena,5.3,1.45,4.3,1.81,1,avena
avenida,5.58,0.96,4.85,1.72,1,avenida
aventura,7.63,1.33,7.5,1.63,1,aventura
aventurar,7.05,1.39,6.5,1.19,1,aventurar
aventurero,7.45,1.23,6.35,1.42,1,aventurero
avergonzado,2.58,1.39,6.95,1.43,1,avergonzado
avergonzar,2.6,1.31,7.05,1.64,1,avergonzar
avería,3.05,1.28,6.95,1.19,1,averia
averiguar,6.35,1.39,6.65,1.39,1,averiguar
aversión,3.05,1.36,6.06,0.94,1,aversion
avestruz,5.7,1.72,5.95,1.1,1,avestruz
aviación,5.8,1.2,5.9,1.33,1,aviacion
aviar,5.13,1.09,5.38,1.54,1,aviar
avidez,5.53,0.74,4.78,1.66,1,avidez
ávido,6.28,1.36,5.5,1.26,1,avido
avión,6.53,1.43,6.4,1.57,1,avion
avioneta,5.65,1.09,5.75,1.45,1,avioneta
avisar,5.7,1.26,5.3,1.53,1,avisar
aviso,4.6,1.47,5.95,1.23,1,aviso
avispa,3.53,1.58,7.25,1.45,1,avispa
avutarda,6.0,1.73,5.13,0.35,1,avutarda
axial,5.15,0.67,5.0,1.0,1,axial
axioma,5.16,1.07,4.95,1.54,1,axioma
aya,5.53,0.83,4.08,1.62,1,aya
ayer,5.2,1.11,4.55,1.61,1,ayer
ayuda,6.85,1.6,5.4,2.01,1,ayuda
ayudante,6.55,1.19,4.1,1.25,1,ayudante
ayudar,8.2,1.01,4.05,2.28,1,ayudar
ayuno,4.0,1.08,5.5,1.88,1,ayuno
ayuntamiento,4.6,0.82,5.0,1.41,1,ayuntamiento
azabache,5.53,1.5,4.78,1.17,1,azabache
azada,4.79,1.03,5.18,1.19,1,azada
azadón,4.0,1.83,5.44,1.24,1,azadon
azafata,5.55,0.94,5.1,1.48,1,azafata
azafato,5.8,1.06,4.8,1.4,1,azafato
azafrán,5.35,1.18,5.1,0.91,1,azafran
azahar,6.47,1.17,3.47,1.74,1,azahar
azar,5.5,1.24,5.6,1.57,1,azar
azotar,2.05,1.73,6.85,0.99,1,azotar
azote,3.65,1.79,6.9,1.25,1,azote
azotea,5.65,1.23,4.7,1.42,1,azotea
azteca,5.9,1.29,4.7,1.17,1,azteca
azúcar,6.9,1.6,5.0,1.97,1,azucar
azucarera,6.05,1.28,4.0,1.41,1,azucarera
azucarero,5.9,0.97,4.4,1.19,1,azucarero
azucena,5.95,1.32,3.55,1.39,1,azucena
azufre,4.15,0.93,5.85,1.09,1,azufre
azul,6.7,0.98,3.8,1.87,1,azul
azulgrana,4.88,2.23,5.22,1.06,1,azulgrana
azulón,6.15,1.23,4.0,1.89,1,azulon
azur,5.33,0.58,3.88,2.1,1,azur
baba,4.4,1.19,5.4,1.5,1,baba
babor,4.78,1.17,4.59,1.37,1,babor
babosa,3.2,1.2,5.75,1.89,1,babosa
babucha,5.24,0.66,4.25,1.0,1,babucha
bacalao,5.3,1.22,4.85,1.79,1,bacalao
bachata,6.8,1.58,6.5,1.99,1,bachata
bachiller,5.2,2.09,6.6,2.11,1,bachiller
bachillerato,5.7,1.98,6.05,1.93,1,bachillerato
bacteria,3.55,1.43,6.2,1.15,1,bacteria
bacteriana,3.7,1.03,6.05,2.01,1,bacteriana
báculo,5.33,1.15,4.78,0.67,1,baculo
badén,4.55,1.0,5.47,1.07,1,baden
bádminton,5.8,1.4,5.6,1.7,1,badminton
bagaje,5.18,0.64,5.29,0.91,1,bagaje
bahía,6.65,1.46,3.75,1.8,1,bahia
baila,7.9,0.97,5.8,1.11,1,baila
bailar,7.7,1.22,6.7,2.0,1,bailar
bailarín,6.73,1.5,5.63,1.93,1,bailarin
bailarina,6.95,1.32,5.55,2.21,1,bailarina
baile,7.5,1.47,5.95,1.76,1,baile
baja,4.0,1.03,4.1,1.45,1,baja
bajada,4.35,1.35,4.75,2.07,1,bajada
bajar,4.35,1.04,5.05,1.1,1,bajar
bajeza,3.4,1.35,4.63,1.42,1,bajeza
bajista,5.9,1.33,5.4,1.43,1,bajista
bajito,4.55,1.28,4.8,1.28,1,bajito
bajo,5.25,1.16,4.6,1.6,1,bajo
bala,2.75,1.51,7.36,1.65,1,bala
balada,6.55,1.43,3.2,2.14,1,balada
balance,5.45,1.1,4.45,1.64,1,balance
balanceo,6.05,1.61,4.45,1.93,1,balanceo
balancín,6.7,1.3,4.0,2.4,1,balancin
balanza,6.15,1.35,4.65,0.99,1,balanza
balazo,2.0,1.26,7.5,1.1,1,balazo
balcón,6.9,1.52,5.0,1.59,1,balcon
balda,4.87,0.64,4.43,1.16,1,balda
balde,5.0,0.39,4.6,1.45,1,balde
baldosa,5.15,0.49,4.45,1.5,1,baldosa
balear,5.33,1.72,5.33,1.81,1,balear
balido,4.46,1.13,5.0,0.6,1,balido
ballantines,6.08,1.73,5.71,1.16,1,ballantines
ballena,6.4,1.6,4.6,1.9,1,ballena
ballesta,4.6,1.7,6.95,1.18,1,ballesta
ballet,6.55,1.61,3.95,1.76,1,ballet
balneario,7.95,1.15,2.2,1.51,1,balneario
balón,5.85,1.42,5.7,1.03,1,balon
baloncesto,5.4,1.27,6.25,1.21,1,baloncesto
balonmano,6.0,1.34,4.95,2.04,1,balonmano
balonvolea,6.25,1.29,5.22,0.97,1,balonvolea
balsa,5.2,1.4,4.55,1.79,1,balsa
bálsamo,6.05,1.0,3.25,1.89,1,balsamo
baluarte,5.2,0.42,4.92,1.24,1,baluarte
bambú,5.7,1.03,4.0,1.34,1,bambu
baña,6.45,1.23,3.95,1.47,1,bana
bañado,6.35,1.09,3.6,1.9,1,banado
bañador,6.65,2.03,4.95,1.93,1,banador
banal,4.28,1.02,4.74,1.73,1,banal
banana,6.3,1.38,4.65,1.42,1,banana
banano,6.11,1.32,4.4,1.57,1,banano
bañar,7.15,1.5,3.35,2.23,1,banar
banca,3.85,1.63,6.05,1.28,1,banca
bancario,3.95,1.43,5.5,1.36,1,bancario
bancarrota,2.35,1.14,7.0,1.85,1,bancarrota
banco,4.33,1.31,4.9,1.93,1,banco
banda,6.4,1.47,5.35,0.59,1,banda
bandada,5.8,1.4,5.5,1.57,1,bandada
bandeja,5.75,1.12,4.35,1.35,1,bandeja
bandera,5.58,1.45,5.15,1.46,1,bandera
bandido,3.65,1.5,6.95,1.36,1,bandido
bando,5.6,1.96,5.9,1.12,1,bando
bandolero,4.15,1.69,5.4,1.14,1,bandolero
bandolina,5.42,0.79,5.22,1.2,1,bandolina
bandurria,5.59,1.06,4.06,1.66,1,bandurria
bañera,6.58,1.38,3.18,1.75,1,banera
banjo,5.78,0.67,5.29,0.76,1,banjo
baño,6.93,1.25,3.75,2.23,1,bano
banquero,5.0,2.13,5.55,1.79,1,banquero
banqueta,5.15,0.59,4.1,1.59,1,banqueta
banquete,7.2,1.51,5.45,1.54,1,banquete
banquillo,5.05,0.89,4.85,1.31,1,banquillo
baptisterio,5.29,0.76,5.0,0.0,1,baptisterio
bar,6.55,1.58,5.98,1.48,1,bar
baraja,5.55,0.76,4.2,1.79,1,baraja
barandilla,5.2,0.7,5.2,1.11,1,barandilla
barba,5.85,1.84,4.85,2.01,1,barba
barbaridad,3.8,1.47,6.8,1.7,1,barbaridad
barbarie,3.47,1.95,7.42,0.96,1,barbarie
bárbaro,3.35,1.98,6.5,1.91,1,barbaro
barbecho,5.2,0.7,4.8,1.08,1,barbecho
barbero,5.0,0.46,4.8,1.24,1,barbero
barbilla,5.3,0.98,4.55,1.61,1,barbilla
barbo,6.75,2.47,4.58,0.9,1,barbo
barbudo,5.5,1.19,4.95,1.79,1,barbudo
barca,5.45,1.05,3.65,1.5,1,barca
barcaza,5.61,1.2,4.94,1.26,1,barcaza
barcelonés,4.6,1.19,5.35,0.93,1,barcelones
barcelonista,3.7,2.34,5.75,1.21,1,barcelonista
barco,6.5,1.38,5.2,1.88,1,barco
bario,4.69,0.95,4.85,1.21,1,bario
barítono,5.76,1.15,4.21,1.55,1,baritono
barniz,5.55,1.0,4.4,1.35,1,barniz
barómetro,5.26,0.65,4.8,1.11,1,barometro
barón,5.61,1.24,4.76,0.66,1,baron
baronesa,4.8,0.95,5.16,0.83,1,baronesa
baronía,4.75,1.29,5.7,1.34,1,baronia
barra,5.55,1.0,4.8,1.15,1,barra
barraca,5.8,1.58,5.7,1.38,1,barraca
barracuda,4.53,1.54,5.21,1.55,1,barracuda
barranca,4.8,0.68,5.31,0.79,1,barranca
barranco,3.65,1.57,6.5,1.76,1,barranco
barrena,5.0,0.53,5.08,0.29,1,barrena
barrendero,5.0,0.73,4.65,0.81,1,barrendero
barrer,4.75,1.33,4.9,1.21,1,barrer
barrera,3.7,1.38,5.9,1.12,1,barrera
barriada,5.11,1.7,5.32,1.57,1,barriada
barrica,5.21,1.42,5.06,0.83,1,barrica
barricada,4.75,1.37,6.15,1.23,1,barricada
barrido,4.8,0.77,4.9,1.71,1,barrido
barriga,3.9,1.74,5.55,1.1,1,barriga
barriguitas,6.45,1.36,4.4,1.57,1,barriguitas
barril,5.55,1.15,5.4,1.13,1,barril
barrio,5.6,1.19,4.55,1.9,1,barrio
barro,4.85,1.35,5.65,1.18,1,barro
barroca,5.47,1.22,4.65,1.42,1,barroca
barroco,5.35,1.53,4.4,1.6,1,barroco
barullo,3.79,0.71,6.35,1.39,1,barullo
basal,5.2,0.89,4.5,1.15,1,basal
basalto,5.0,0.78,4.29,1.68,1,basalto
basar,5.25,0.68,4.89,1.52,1,basar
base,5.15,0.49,3.9,1.74,1,base
básica,5.2,1.36,4.25,1.16,1,basica
basílica,5.0,1.49,3.55,1.7,1,basilica
basilical,4.56,1.38,4.88,1.36,1,basilical
basilisco,3.9,1.86,5.58,1.64,1,basilisco
básquet,6.35,1.66,5.95,1.61,1,basquet
bastante,7.05,1.47,5.95,1.5,1,bastante
bastar,4.84,0.5,4.74,1.41,1,bastar
bastardo,3.15,1.1,6.05,1.04,1,bastardo
bastión,4.56,0.88,4.3,2.58,1,bastion
basto,4.3,0.92,5.4,1.45,1,basto
bastón,3.85,1.27,4.9,1.69,1,baston
basura,2.85,1.1,5.9,1.15,1,basura
basurero,3.75,1.16,5.6,1.1,1,basurero
bata,6.15,1.23,4.4,1.76,1,bata
batalla,3.0,1.81,7.2,1.06,1,batalla
batallón,3.45,1.57,6.55,0.83,1,batallon
batasuna,3.73,1.53,6.14,1.88,1,batasuna
bate,4.55,0.94,6.15,1.9,1,bate
bateo,5.24,1.15,5.47,1.31,1,bateo
batería,5.65,1.23,5.6,1.31,1,bateria
baterista,5.83,1.25,5.63,0.83,1,baterista
batido,6.8,1.88,4.45,1.96,1,batido
batidor,5.05,0.89,5.4,1.27,1,batidor
batidora,5.3,0.66,5.2,1.01,1,batidora
batir,5.25,0.72,5.1,0.97,1,batir
batuta,5.79,1.32,5.06,1.3,1,batuta
baúl,6.6,1.35,4.6,1.39,1,baul
bautismal,4.55,1.15,4.55,1.61,1,bautismal
bautismo,5.55,1.99,3.9,1.59,1,bautismo
bautizar,5.05,2.01,4.3,1.63,1,bautizar
bautizo,6.55,2.16,4.5,2.04,1,bautizo
bávaro,5.25,1.29,5.6,1.07,1,bavaro
bayeta,4.37,1.12,4.21,1.32,1,bayeta
bayoneta,6.75,3.45,5.39,1.2,1,bayoneta
baza,5.22,1.22,5.37,2.06,1,baza
bazar,5.7,1.22,5.26,1.24,1,bazar
bazo,4.75,0.55,5.1,1.48,1,bazo
bazooka,4.24,1.52,6.4,2.19,1,bazooka
beatificación,4.21,2.04,4.11,1.94,1,beatificacion
bebe,7.25,1.59,4.75,2.51,1,bebe
bebé,7.95,1.36,4.8,2.58,1,bebe
beber,5.85,1.04,5.75,2.0,1,beber
bebida,6.8,1.47,5.2,1.81,1,bebida
becerro,5.7,1.34,5.05,1.19,1,becerro
bedel,5.0,0.38,5.0,0.76,1,bedel
begonia,5.46,0.88,4.0,1.85,1,begonia
beige,5.5,0.71,2.79,1.62,1,beige
béisbol,5.4,1.1,5.2,1.2,1,beisbol
beldad,5.0,1.91,2.67,2.08,1,beldad
belga,5.35,0.81,5.05,0.39,1,belga
bélgica,6.2,1.67,4.68,1.34,1,belgica
bélico,3.58,1.35,6.75,1.33,1,belico
beligerante,3.92,1.16,6.23,1.09,1,beligerante
bella,7.6,1.05,5.65,2.37,1,bella
belleza,7.8,1.09,6.7,1.75,1,belleza
bellísima,7.55,1.32,6.1,2.07,1,bellisima
bemol,6.12,1.22,4.56,1.25,1,bemol
benceno,4.53,0.99,5.36,0.63,1,benceno
bendecido,6.3,1.75,4.65,1.95,1,bendecido
bendecir,5.6,1.9,3.98,1.8,1,bendecir
bendición,6.5,1.36,3.85,2.03,1,bendicion
bendita,6.2,1.74,4.05,1.67,1,bendita
benefactor,6.05,1.28,4.47,1.78,1,benefactor
beneficencia,7.3,1.26,4.45,1.79,1,beneficencia
beneficiado,6.9,1.59,5.2,2.19,1,beneficiado
beneficiar,7.85,0.93,4.7,1.98,1,beneficiar
beneficiario,6.1,1.37,5.15,2.35,1,beneficiario
beneficio,6.95,1.54,5.2,2.02,1,beneficio
beneficioso,7.8,0.95,4.1,2.22,1,beneficioso
benéfico,7.45,1.28,4.05,2.04,1,benefico
beneplácito,5.24,1.09,4.29,1.83,1,beneplacito
benévola,5.85,1.35,4.11,2.03,1,benevola
benevolencia,6.8,1.77,4.53,1.93,1,benevolencia
benigno,6.8,2.02,4.5,2.67,1,benigno
berbiquí,5.5,0.84,5.0,2.1,1,berbiqui
bereber,4.8,1.66,4.92,0.67,1,bereber
berenjena,5.15,0.99,4.65,1.31,1,berenjena
bergantín,5.86,1.46,5.38,0.52,1,bergantin
berilio,4.5,1.34,4.93,1.27,1,berilio
bermellón,5.93,0.73,4.62,2.06,1,bermellon
bermudas,5.85,1.09,4.55,1.23,1,bermudas
besar,8.25,1.02,7.55,2.01,1,besar
beso,8.2,1.24,6.88,2.42,1,beso
bestia,3.78,1.72,7.2,1.44,1,bestia
bestial,4.55,1.64,6.7,1.22,1,bestial
besugo,5.0,1.17,4.6,1.31,1,besugo
beta,5.0,0.71,5.06,0.66,1,beta
biblia,4.7,1.87,3.9,1.68,1,biblia
bíblico,4.3,1.89,4.65,1.57,1,biblico
bibliografía,4.25,1.16,4.25,1.86,1,bibliografia
bibliográfica,5.5,1.19,4.35,1.39,1,bibliografica
biblioteca,5.45,1.73,3.45,2.11,1,biblioteca
bibliotecario,5.55,1.64,3.4,1.54,1,bibliotecario
bicho,4.25,1.97,6.4,1.64,1,bicho
bici,6.3,1.34,5.15,1.81,1,bici
bicicleta,6.4,0.99,4.75,1.77,1,bicicleta
bidé,4.71,1.2,4.61,1.14,1,bide
bielorruso,5.0,0.65,5.11,1.88,1,bielorruso
bien,8.15,0.93,3.9,1.77,1,bien
bién,7.65,1.22,4.32,2.4,1,bien
bienestar,8.55,0.69,2.95,2.28,1,bienestar
bienio,5.37,0.96,4.24,1.39,1,bienio
bienvenida,7.4,1.27,4.65,1.95,1,bienvenida
bienvenido,7.95,1.23,4.45,2.5,1,bienvenido
bifurcación,4.85,1.31,5.15,1.81,1,bifurcacion
bigote,5.3,0.92,4.7,1.42,1,bigote
bikini,7.4,1.6,4.8,1.94,1,bikini
bilateral,5.1,0.72,4.9,1.17,1,bilateral
bilbaíno,5.3,0.92,4.94,1.21,1,bilbaino
bilingüe,6.7,1.95,4.9,1.52,1,bilingue
billar,5.65,1.18,5.15,2.21,1,billar
billete,6.95,1.43,6.15,1.53,1,billete
billón,5.63,1.82,5.84,1.54,1,billon
bimestre,4.75,0.68,4.32,1.57,1,bimestre
binario,4.85,0.59,5.0,0.91,1,binario
binomio,4.65,0.99,4.7,1.69,1,binomio
biodiversidad,6.75,1.12,5.05,1.7,1,biodiversidad
biografía,5.35,0.99,4.75,1.07,1,biografia
biográfico,5.5,0.83,3.95,1.73,1,biografico
biógrafo,5.61,1.09,4.6,1.79,1,biografo
bióloga,6.1,1.48,4.3,1.69,1,biologa
biología,5.75,1.71,4.65,2.03,1,biologia
biológica,6.0,1.38,6.05,1.1,1,biologica
biológicas,5.3,1.03,5.0,1.17,1,biologicas
biólogo,5.7,0.86,4.7,1.22,1,biologo
biombo,5.74,1.41,4.95,1.81,1,biombo
biopsia,3.05,1.61,7.05,1.28,1,biopsia
bioquímica,4.95,1.19,4.9,1.55,1,bioquimica
biosfera,5.35,0.88,4.45,1.61,1,biosfera
biotecnología,5.45,1.5,4.9,1.48,1,biotecnologia
bis,5.0,0.59,5.12,0.93,1,bis
bisabuela,6.4,1.96,4.15,2.16,1,bisabuela
bisabuelo,6.9,1.52,3.6,1.88,1,bisabuelo
bisiesto,5.25,0.55,4.8,1.06,1,bisiesto
bismuto,4.83,1.27,4.5,1.34,1,bismuto
bisnieta,6.68,1.57,4.8,1.61,1,bisnieta
bisnieto,6.25,1.29,4.15,1.6,1,bisnieto
bisonte,5.7,1.08,4.95,1.1,1,bisonte
bisturí,3.8,1.54,7.25,1.07,1,bisturi
bizantino,5.28,0.75,4.65,1.73,1,bizantino
bizarro,4.75,1.24,5.24,1.79,1,bizarro
blanco,6.23,1.39,3.58,2.29,1,blanco
blancura,6.55,1.54,3.7,2.0,1,blancura
blando,4.95,1.5,3.9,1.74,1,blando
blanqueo,4.05,1.5,5.55,1.85,1,blanqueo
blanquiazul,5.31,1.2,3.94,1.43,1,blanquiazul
blasfemia,3.38,1.29,6.55,1.47,1,blasfemia
blasón,4.71,1.89,4.09,1.81,1,blason
blindaje,5.26,1.05,5.45,1.82,1,blindaje
blog,5.65,0.99,4.85,1.57,1,blog
bloque,5.1,0.97,5.0,1.59,1,bloque
bloquear,3.55,1.32,5.95,1.64,1,bloquear
bloqueo,3.3,1.49,6.85,1.23,1,bloqueo
blues,6.65,1.42,2.88,1.63,1,blues
blusa,6.2,1.15,4.45,1.73,1,blusa
blusón,5.15,0.93,3.95,1.54,1,bluson
bobina,5.05,0.83,4.9,0.64,1,bobina
boca,7.05,1.43,5.5,1.79,1,boca
bocado,6.25,1.52,5.65,1.04,1,bocado
bochorno,3.15,1.5,7.25,0.97,1,bochorno
bocina,4.65,0.88,6.25,2.02,1,bocina
boda,7.3,1.38,6.23,1.95,1,boda
bodega,5.83,1.3,4.55,1.84,1,bodega
bofetada,2.68,1.38,7.1,1.45,1,bofetada
bogavante,5.53,1.35,5.35,1.63,1,bogavante
bohemia,6.55,1.64,3.85,1.93,1,bohemia
boicot,2.9,1.07,7.11,1.29,1,boicot
boicotear,3.45,1.7,7.05,1.28,1,boicotear
boicoteo,2.65,1.18,6.53,1.26,1,boicoteo
boina,6.05,1.36,4.7,1.08,1,boina
bol,5.75,0.85,4.21,1.36,1,bol
bola,5.6,1.05,4.7,1.53,1,bola
bolchevique,4.6,0.88,5.83,1.15,1,bolchevique
bolero,5.95,1.39,3.95,1.54,1,bolero
boleros,6.15,1.14,4.42,1.43,1,boleros
boleto,5.53,0.84,4.95,1.28,1,boleto
boli,5.6,1.35,4.7,1.59,1,boli
boliche,5.05,0.91,5.0,1.0,1,boliche
bolígrafo,5.85,1.18,4.4,1.27,1,boligrafo
bolívar,5.5,1.09,4.73,1.39,1,bolivar
boliviano,4.9,0.79,5.2,1.4,1,boliviano
bolos,5.95,1.32,5.15,1.79,1,bolos
bolsa,4.75,0.97,4.75,1.12,1,bolsa
bolsillo,5.35,0.75,4.6,1.27,1,bolsillo
bolso,5.95,1.0,5.05,1.43,1,bolso
bomba,1.75,1.07,8.23,0.86,1,bomba
bombardear,2.45,1.5,7.6,1.43,1,bombardear
bombardeo,1.75,0.85,7.3,1.87,1,bombardeo
bombardino,4.85,1.28,5.21,1.53,1,bombardino
bombeo,5.2,1.2,5.7,1.56,1,bombeo
bombero,6.75,1.45,5.7,1.78,1,bombero
bombilla,5.5,1.15,4.43,1.43,1,bombilla
bombo,5.2,1.28,6.55,1.19,1,bombo
bonachón,7.53,1.26,3.4,1.35,1,bonachon
bonaerense,4.2,1.79,6.0,1.41,1,bonaerense
bonanza,6.21,1.62,4.17,1.92,1,bonanza
bondad,8.35,0.93,3.2,2.19,1,bondad
bondadoso,7.6,1.23,3.7,2.05,1,bondadoso
bongó,5.77,1.36,5.33,2.42,1,bongo
bonito,7.7,1.13,4.0,2.79,1,bonito
bono,6.75,1.62,5.15,1.76,1,bono
bonsái,6.1,1.07,2.61,1.29,1,bonsai
boquerón,5.75,1.52,5.15,1.04,1,boqueron
boquilla,5.4,0.82,4.75,1.25,1,boquilla
borda,5.19,0.98,5.0,1.97,1,borda
bordado,5.84,1.26,3.95,1.5,1,bordado
borde,3.85,1.35,5.55,1.73,1,borde
bordo,5.4,0.7,4.94,1.68,1,bordo
boreal,7.05,1.32,4.5,2.42,1,boreal
boro,4.83,0.39,4.91,1.58,1,boro
borrachera,4.05,2.28,5.8,2.04,1,borrachera
borracho,3.1,1.52,6.45,1.85,1,borracho
borrador,4.9,0.55,4.45,1.57,1,borrador
borraja,4.8,0.79,4.64,1.29,1,borraja
borrar,4.35,1.09,5.1,1.45,1,borrar
borrasca,4.25,1.62,6.0,1.49,1,borrasca
borrosa,4.15,1.23,5.15,1.27,1,borrosa
boscosa,5.65,1.27,3.88,1.62,1,boscosa
bosnia,4.7,1.34,5.3,0.8,1,bosnia
bosnio,4.63,1.07,5.0,1.76,1,bosnio
bosque,7.25,1.37,4.0,2.18,1,bosque
bosquecillo,6.75,1.45,3.7,1.95,1,bosquecillo
bosquejo,5.36,1.03,4.56,1.42,1,bosquejo
bota,5.5,0.83,4.45,1.47,1,bota
botánica,6.3,1.17,3.25,1.77,1,botanica
botánico,6.0,1.34,3.7,1.59,1,botanico
botas,6.65,1.57,4.9,1.17,1,botas
bote,5.3,1.17,4.65,1.35,1,bote
botella,5.55,0.89,5.05,1.11,1,botella
botica,5.42,0.84,4.24,1.44,1,botica
boticario,5.45,0.83,4.33,1.19,1,boticario
botín,5.3,1.08,6.25,1.12,1,botin
botón,5.4,0.94,4.8,1.01,1,boton
bourbon,5.79,1.31,5.18,0.87,1,bourbon
bóveda,5.26,0.93,5.5,1.4,1,boveda
bovino,4.8,0.83,3.55,1.61,1,bovino
boxeador,4.55,2.06,6.85,1.35,1,boxeador
boxeo,4.0,1.86,6.95,1.76,1,boxeo
bóxer,6.45,1.9,6.11,1.29,1,boxer
braga,5.75,1.25,4.9,1.68,1,braga
braguitas,6.75,1.33,5.9,2.15,1,braguitas
brandy,5.15,1.42,5.16,1.34,1,brandy
brasa,6.55,1.32,5.9,1.71,1,brasa
brasero,6.4,1.96,4.0,2.34,1,brasero
brasileña,5.85,0.88,5.8,1.47,1,brasilena
brasileño,5.7,0.92,5.8,1.01,1,brasileno
brasilero,6.06,1.3,5.0,1.3,1,brasilero
bravo,6.05,1.61,6.6,1.43,1,bravo
bravura,4.9,1.68,6.55,1.76,1,bravura
brazalete,5.8,0.95,4.15,1.79,1,brazalete
brazo,5.15,0.66,4.08,1.62,1,brazo
brecha,3.0,1.38,6.75,0.85,1,brecha
bretón,4.29,1.79,6.41,2.03,1,breton
breve,5.7,1.3,5.1,1.62,1,breve
brevedad,5.55,1.19,4.55,2.01,1,brevedad
brida,4.63,1.41,5.26,1.56,1,brida
brigada,4.89,1.41,6.0,1.21,1,brigada
brilla,6.9,1.48,5.1,1.97,1,brilla
brillante,7.13,1.2,5.4,2.13,1,brillante
brillantez,7.55,1.28,5.45,2.09,1,brillantez
brillar,8.05,0.94,5.65,1.93,1,brillar
brillo,6.95,1.36,6.35,1.81,1,brillo
brinco,6.1,1.07,6.6,1.57,1,brinco
brindar,7.75,1.25,6.15,2.3,1,brindar
brío,6.0,1.17,6.0,1.62,1,brio
brisa,7.0,1.41,2.6,1.73,1,brisa
británico,5.4,0.82,5.35,1.39,1,britanico
broca,4.65,0.81,5.25,1.41,1,broca
brocha,5.35,1.04,4.15,1.18,1,brocha
broche,5.6,0.94,5.05,0.76,1,broche
brócoli,4.05,2.04,4.85,2.06,1,brocoli
broma,6.9,1.45,5.85,1.31,1,broma
bromear,7.6,0.99,5.95,2.06,1,bromear
bromo,5.0,0.0,5.06,0.24,1,bromo
bronca,2.45,1.39,7.45,0.89,1,bronca
bronce,5.65,1.35,4.85,1.23,1,bronce
bronquitis,2.25,1.12,6.8,1.61,1,bronquitis
brotar,6.67,1.08,5.1,1.65,1,brotar
brote,5.3,1.92,5.6,1.14,1,brote
bruces,4.33,0.62,5.94,1.48,1,bruces
bruja,4.4,1.7,6.35,1.69,1,bruja
brujería,3.9,2.07,6.6,1.23,1,brujeria
brujo,5.3,1.72,5.4,1.79,1,brujo
brújula,6.0,1.38,4.75,1.52,1,brujula
bruma,4.61,1.09,4.6,1.47,1,bruma
brusco,3.4,1.23,6.75,1.02,1,brusco
brutal,3.85,2.46,7.28,1.18,1,brutal
brutalidad,2.5,1.32,7.9,1.25,1,brutalidad
bruto,2.9,1.59,6.55,1.15,1,bruto
bucal,4.95,0.69,5.35,1.18,1,bucal
buceador,6.75,1.37,4.75,2.05,1,buceador
buceo,6.55,1.15,5.95,1.79,1,buceo
bucle,4.65,1.18,5.1,1.92,1,bucle
budismo,5.75,1.65,4.05,2.5,1,budismo
budista,6.58,1.98,3.4,2.01,1,budista
buen,6.9,1.37,4.25,1.83,1,buen
buena,7.4,1.05,4.45,2.21,1,buena
bueno,7.6,1.26,3.7,2.17,1,bueno
buey,5.95,1.23,5.1,1.07,1,buey
búfalo,4.85,1.42,5.7,1.78,1,bufalo
bufanda,6.0,1.65,3.85,1.9,1,bufanda
bufete,5.85,1.53,5.15,1.57,1,bufete
buhardilla,6.25,1.33,4.85,2.03,1,buhardilla
búho,6.7,1.52,3.55,2.01,1,buho
buitre,4.1,1.52,5.75,1.97,1,buitre
bujía,4.9,1.21,4.75,1.59,1,bujia
bula,3.94,1.53,5.47,1.46,1,bula
bulbo,5.05,1.19,4.8,1.28,1,bulbo
bulerías,6.05,1.54,5.8,1.61,1,bulerias
bulevar,5.6,1.31,5.5,1.76,1,bulevar
búlgaro,4.9,0.64,4.85,1.6,1,bulgaro
bulimia,1.7,0.86,7.2,1.94,1,bulimia
bulla,3.68,1.2,5.63,1.45,1,bulla
bullicio,3.65,1.09,6.95,2.01,1,bullicio
bulto,3.79,1.49,6.8,1.38,1,bulto
bungalow,6.11,1.81,3.83,1.72,1,bungalow
búnker,3.83,2.12,6.84,1.21,1,bunker
buque,4.4,1.6,4.75,1.74,1,buque
burbuja,7.15,1.39,4.0,2.27,1,burbuja
burda,3.93,1.16,5.29,0.47,1,burda
burdeos,5.32,0.75,4.8,1.4,1,burdeos
burgués,4.9,1.33,4.95,0.83,1,burgues
burguesa,4.65,1.53,5.16,1.89,1,burguesa
burguesía,4.35,1.27,4.9,1.21,1,burguesia
burla,2.98,1.31,7.1,1.29,1,burla
burlar,3.2,1.36,7.5,1.32,1,burlar
burlona,4.0,1.38,6.0,1.86,1,burlona
buró,6.17,1.72,4.67,0.58,1,buro
burocracia,4.37,1.42,5.85,1.04,1,burocracia
burocrático,3.15,1.53,5.8,1.7,1,burocratico
burra,5.5,1.61,4.9,1.07,1,burra
burro,5.15,1.87,4.9,1.55,1,burro
bursátil,4.94,1.7,5.42,1.51,1,bursatil
bus,4.65,1.23,5.5,1.5,1,bus
busca,5.05,1.05,5.7,1.34,1,busca
buscada,5.0,1.34,5.15,1.73,1,buscada
buscador,6.35,1.57,4.95,1.61,1,buscador
buscar,5.2,1.2,5.8,1.01,1,buscar
buscarla,5.55,1.23,6.0,1.75,1,buscarla
búsqueda,6.1,1.21,5.4,1.43,1,busqueda
busto,5.68,0.95,4.45,1.1,1,busto
butaca,6.35,1.42,3.9,1.45,1,butaca
butacón,5.68,1.0,3.42,1.77,1,butacon
butanero,4.95,0.39,4.65,1.04,1,butanero
butano,4.4,0.82,5.6,2.01,1,butano
buzón,5.25,0.55,4.5,1.28,1,buzon
byte,5.5,1.1,4.78,1.17,1,byte
cabal,6.0,1.8,4.13,1.36,1,cabal
cabalgar,6.25,1.92,5.05,2.26,1,cabalgar
cabalgata,6.0,1.41,5.6,1.96,1,cabalgata
caballa,5.11,1.49,4.32,1.42,1,caballa
caballería,5.5,0.76,5.3,1.03,1,caballeria
caballero,6.2,1.15,5.1,2.02,1,caballero
caballito,6.5,1.36,3.55,1.54,1,caballito
caballo,6.63,1.53,5.4,2.09,1,caballo
cabaña,6.4,1.05,3.3,2.23,1,cabana
cabaret,6.55,1.67,5.9,1.65,1,cabaret
cabecera,6.05,1.23,3.9,2.1,1,cabecera
cabecilla,4.15,1.73,5.7,1.03,1,cabecilla
cabecita,6.2,1.24,4.05,1.5,1,cabecita
cabellera,5.6,1.47,4.75,1.33,1,cabellera
cabello,6.65,1.04,4.45,1.93,1,cabello
caber,5.4,0.75,4.32,1.45,1,caber
cabeza,5.95,1.28,5.05,0.94,1,cabeza
cabezazo,3.8,1.47,6.65,1.27,1,cabezazo
cabida,5.8,1.64,4.82,0.39,1,cabida
cabildo,4.73,1.01,5.0,0.0,1,cabildo
cabina,5.1,0.79,4.6,1.31,1,cabina
cable,5.1,0.38,4.98,1.0,1,cable
cabo,5.65,1.04,4.45,1.19,1,cabo
cabotaje,5.6,1.34,5.73,1.27,1,cabotaje
cabra,5.9,1.41,4.7,1.38,1,cabra
cabría,4.95,0.69,5.5,0.89,1,cabria
cabrito,5.75,1.02,5.55,1.0,1,cabrito
cabrón,2.75,1.59,6.75,1.94,1,cabron
cacao,7.8,1.28,4.4,1.98,1,cacao
cacatúa,5.8,1.64,5.45,1.76,1,cacatua
cacería,2.85,1.53,7.1,1.41,1,caceria
cacerola,4.95,0.69,4.65,1.14,1,cacerola
cachalote,5.53,1.62,5.71,1.21,1,cachalote
caché,5.63,0.96,5.53,1.68,1,cache
cachemir,6.12,1.11,4.5,1.63,1,cachemir
cachorro,7.65,1.44,4.35,2.83,1,cachorro
cacique,3.75,1.52,6.21,1.36,1,cacique
cactus,5.7,1.66,5.1,1.86,1,cactus
cada,5.32,0.82,5.17,0.51,1,cada
cadalso,3.8,1.87,3.57,1.81,1,cadalso
cadáver,1.73,0.99,7.9,1.48,1,cadaver
cadena,5.0,0.97,5.65,1.18,1,cadena
cadencia,4.3,1.56,4.76,1.25,1,cadencia
cadera,5.3,0.73,4.8,1.24,1,cadera
cadete,5.32,1.0,5.16,1.12,1,cadete
cadmio,4.64,0.63,4.64,1.08,1,cadmio
caducidad,3.4,1.27,5.8,1.28,1,caducidad
cae,4.2,1.15,5.75,1.21,1,cae
caer,3.7,1.17,6.1,1.55,1,caer
caería,3.85,1.57,5.8,2.04,1,caeria
café,6.45,1.28,6.75,1.45,1,cafe
cafeína,6.15,1.31,6.6,1.6,1,cafeina
cafetera,6.8,1.54,5.25,1.55,1,cafetera
cafetería,6.15,1.23,3.95,1.76,1,cafeteria
caída,2.9,1.58,6.9,0.96,1,caida
caídos,3.65,1.57,5.75,1.55,1,caidos
caigo,3.5,1.4,5.45,1.88,1,caigo
caimán,4.45,1.67,6.2,2.02,1,caiman
caja,5.95,1.36,4.25,1.37,1,caja
cajera,5.45,1.0,4.45,1.76,1,cajera
cajero,5.05,0.83,5.65,1.35,1,cajero
cajita,5.8,1.15,4.65,1.04,1,cajita
cajón,5.5,0.76,4.0,1.59,1,cajon
cajonera,5.45,0.83,4.1,1.62,1,cajonera
cajones,5.65,0.88,3.75,1.55,1,cajones
cal,4.42,1.07,4.55,1.39,1,cal
cala,7.05,1.75,3.45,2.11,1,cala
calabacín,5.6,2.14,4.45,1.43,1,calabacin
calabaza,5.05,1.23,4.85,1.39,1,calabaza
calabozo,2.1,1.02,7.05,1.79,1,calabozo
calado,4.75,0.85,5.53,1.47,1,calado
calamar,6.25,1.45,4.8,1.4,1,calamar
calamidad,2.63,1.71,6.05,1.67,1,calamidad
calavera,2.6,1.82,7.0,1.17,1,calavera
calcetín,5.6,1.31,3.8,1.44,1,calcetin
calcio,5.45,0.94,4.75,1.33,1,calcio
calculadora,4.85,1.53,4.75,1.8,1,calculadora
calcular,5.15,1.09,5.7,1.78,1,calcular
cálculo,4.6,2.01,5.2,2.12,1,calculo
caldera,5.35,0.99,4.7,1.03,1,caldera
caldero,5.9,1.29,4.5,1.15,1,caldero
caldo,6.1,1.65,2.85,1.5,1,caldo
calefacción,6.9,1.48,3.6,2.11,1,calefaccion
calefactor,7.0,1.26,3.8,1.32,1,calefactor
calendario,5.55,1.32,4.55,1.39,1,calendario
caléndula,5.86,0.9,3.56,1.81,1,calendula
calentamiento,3.45,1.61,5.8,1.91,1,calentamiento
calentar,6.55,1.19,5.25,2.12,1,calentar
calibrar,5.3,1.13,5.1,0.91,1,calibrar
calibre,4.95,1.03,5.35,1.31,1,calibre
calidad,7.33,0.92,4.75,1.84,1,calidad
caliente,6.65,0.93,5.2,2.19,1,caliente
califa,4.75,0.45,5.35,1.04,1,califa
califato,4.37,1.46,5.2,1.54,1,califato
calificación,5.55,1.32,7.35,1.14,1,calificacion
calificar,5.0,1.38,6.4,1.47,1,calificar
calificativo,4.9,0.85,5.35,1.5,1,calificativo
californiana,5.6,1.31,5.0,2.0,1,californiana
caligrafía,5.6,1.27,4.05,1.47,1,caligrafia
calima,4.4,1.43,5.2,1.15,1,calima
cáliz,5.15,1.31,5.1,1.48,1,caliz
caliza,5.2,1.24,4.05,1.43,1,caliza
calla,4.2,1.4,4.95,1.39,1,calla
callado,4.26,1.33,3.53,1.78,1,callado
callar,3.25,1.33,4.35,1.95,1,callar
calle,6.08,1.35,5.05,1.41,1,calle
calleja,5.5,1.1,4.47,1.31,1,calleja
callejera,3.5,1.43,5.5,1.54,1,callejera
callejón,3.9,1.21,6.48,1.57,1,callejon
calma,7.45,1.1,2.35,1.87,1,calma
calmar,6.1,1.59,2.63,1.76,1,calmar
calmo,5.61,1.09,3.21,1.58,1,calmo
calor,6.33,1.87,5.75,1.93,1,calor
calumnia,2.7,1.42,6.7,1.22,1,calumnia
calumniar,2.89,1.6,6.22,1.66,1,calumniar
calva,3.95,1.23,5.55,1.54,1,calva
calvario,2.3,1.08,6.7,1.84,1,calvario
calvo,3.8,1.44,4.75,1.41,1,calvo
calzada,4.85,0.49,4.3,1.53,1,calzada
calzado,6.2,1.4,4.15,1.73,1,calzado
calzador,4.95,0.52,4.25,1.25,1,calzador
calzas,5.0,0.67,4.84,0.96,1,calzas
calzón,5.22,0.43,5.3,1.03,1,calzon
calzoncillos,5.4,1.14,5.4,1.27,1,calzoncillos
cama,7.98,1.25,2.88,2.46,1,cama
camaleón,6.3,1.49,4.95,1.9,1,camaleon
cámara,6.55,1.43,4.6,1.85,1,camara
camarada,5.8,1.28,5.05,1.76,1,camarada
camarera,6.0,1.41,4.8,0.89,1,camarera
camarero,5.3,1.34,5.65,0.93,1,camarero
camarote,6.35,1.18,4.85,1.66,1,camarote
cambiante,4.5,2.09,6.2,1.11,1,cambiante
cambiar,6.3,1.84,5.9,1.52,1,cambiar
cambio,6.0,1.56,5.95,1.76,1,cambio
camboyano,5.0,0.0,5.35,0.81,1,camboyano
camelia,5.86,1.23,4.0,1.6,1,camelia
camello,4.9,1.59,5.0,2.03,1,camello
camilla,4.1,1.25,5.05,1.73,1,camilla
caminar,7.0,1.49,4.5,1.7,1,caminar
caminata,5.35,1.9,4.55,1.85,1,caminata
camino,6.0,1.26,3.85,1.66,1,camino
camión,4.78,0.66,5.4,1.22,1,camion
camionero,5.0,1.17,5.15,1.14,1,camionero
camioneta,5.6,1.05,5.0,1.49,1,camioneta
camisa,5.9,1.07,4.4,1.7,1,camisa
camiseta,5.7,0.86,4.3,1.42,1,camiseta
camisola,5.95,1.13,4.16,2.03,1,camisola
camisón,5.85,0.88,4.0,2.15,1,camison
campa,5.13,0.5,4.69,0.95,1,campa
campamento,6.85,1.42,5.7,2.05,1,campamento
campana,5.3,1.03,4.55,1.19,1,campana
campaña,5.65,1.18,5.4,0.94,1,campana
campanario,5.75,1.33,5.5,1.36,1,campanario
campanilla,5.9,1.02,4.85,1.46,1,campanilla
campeón,7.15,1.14,6.3,2.39,1,campeon
campeona,8.3,0.92,6.35,1.84,1,campeona
campeonato,6.05,1.19,6.7,1.26,1,campeonato
campera,5.1,1.25,4.05,1.51,1,campera
campesinado,5.3,1.34,4.75,1.25,1,campesinado
campesino,5.6,1.47,4.45,1.15,1,campesino
campestre,6.4,1.05,3.55,2.01,1,campestre
campiña,5.29,0.91,4.13,1.36,1,campina
camping,7.0,1.21,4.3,2.05,1,camping
campo,7.35,1.46,3.5,1.93,1,campo
camposanto,4.15,1.46,4.63,1.77,1,camposanto
camuflaje,5.0,0.46,5.45,1.96,1,camuflaje
can,6.43,1.65,4.22,1.86,1,can
caña,6.15,1.5,4.9,1.83,1,cana
cañada,5.25,0.91,4.58,1.5,1,canada
canadiense,5.6,1.27,4.65,0.93,1,canadiense
canal,5.3,0.92,4.6,1.14,1,canal
canalización,4.95,0.76,4.3,1.34,1,canalizacion
canalizar,5.65,1.04,4.7,1.45,1,canalizar
canalla,3.74,1.73,6.55,2.01,1,canalla
canalón,5.75,1.83,4.5,0.86,1,canalon
cáñamo,5.38,0.62,5.32,1.29,1,canamo
canapé,6.05,1.5,4.8,0.95,1,canape
canario,6.85,1.53,4.45,2.19,1,canario
canasta,5.8,1.15,5.3,1.49,1,canasta
canasto,5.5,0.89,4.45,1.5,1,canasto
cancán,5.79,1.03,5.21,1.65,1,cancan
cancela,2.47,1.35,5.55,1.73,1,cancela
cancelación,3.0,1.41,6.6,1.23,1,cancelacion
cancelar,3.2,1.24,5.8,1.4,1,cancelar
cáncer,1.23,0.73,7.8,1.24,1,cancer
cancha,6.0,1.12,5.45,1.28,1,cancha
canciller,3.39,1.46,5.42,1.61,1,canciller
cancillería,4.65,0.7,5.47,1.42,1,cancilleria
canción,7.75,1.19,5.05,2.66,1,cancion
cancionero,6.3,1.3,4.4,1.43,1,cancionero
candado,4.55,1.23,4.7,1.69,1,candado
candente,4.33,1.23,5.83,1.29,1,candente
cándida,5.44,1.54,4.7,1.45,1,candida
candidata,5.5,0.76,5.5,1.0,1,candidata
candidato,5.75,1.33,5.8,1.32,1,candidato
candidatura,4.45,1.47,5.6,1.39,1,candidatura
candidez,6.0,1.41,4.47,1.46,1,candidez
candor,5.73,1.42,4.82,1.94,1,candor
canela,6.6,1.7,4.6,2.04,1,canela
cangrejo,6.2,1.2,4.3,1.95,1,cangrejo
canguro,6.75,1.48,5.8,1.61,1,canguro
canibalismo,1.95,0.94,7.16,1.12,1,canibalismo
canica,6.6,1.5,4.7,1.69,1,canica
canje,5.0,0.0,5.36,0.81,1,canje
caño,5.63,1.15,4.87,1.41,1,cano
canoa,5.55,1.05,4.6,2.21,1,canoa
canon,5.2,1.77,5.26,1.85,1,canon
cañón,3.45,1.61,6.6,1.46,1,canon
canónico,4.89,1.08,4.89,1.05,1,canonico
canónigo,5.06,1.35,4.94,1.21,1,canonigo
canonización,4.67,1.19,4.94,0.94,1,canonizacion
cansa,3.75,1.21,4.55,1.85,1,cansa
cansado,3.03,1.21,3.35,1.76,1,cansado
cansancio,2.95,1.36,3.85,1.95,1,cansancio
cansar,3.1,1.37,4.65,2.16,1,cansar
cantábrica,6.1,0.91,4.8,1.88,1,cantabrica
cántabro,5.35,0.75,4.7,1.49,1,cantabro
cantante,6.95,1.47,5.55,1.93,1,cantante
cantaor,5.8,1.64,5.05,1.79,1,cantaor
cantar,6.95,1.32,5.6,2.33,1,cantar
cántaro,5.45,1.28,4.35,1.31,1,cantaro
cantautor,6.6,1.31,4.45,2.11,1,cantautor
cantautora,6.7,1.3,4.7,1.75,1,cantautora
cante,6.35,1.31,4.68,1.42,1,cante
cantera,4.8,0.62,4.95,1.32,1,cantera
cántico,6.25,0.91,4.6,1.39,1,cantico
cantidad,5.65,1.14,5.15,1.23,1,cantidad
cantina,6.05,1.23,4.9,1.62,1,cantina
cantón,5.57,1.65,4.78,1.17,1,canton
cantor,5.55,1.28,5.19,1.17,1,cantor
caoba,5.7,1.3,4.25,1.37,1,caoba
caos,3.13,1.44,7.75,1.13,1,caos
caótica,3.45,1.19,7.1,1.37,1,caotica
capa,5.4,0.99,4.8,1.24,1,capa
capacidad,6.4,1.23,5.1,1.48,1,capacidad
capacitación,6.65,1.35,4.74,1.88,1,capacitacion
caparazón,4.8,1.54,5.15,1.27,1,caparazon
capataz,4.9,1.12,5.5,1.64,1,capataz
capaz,7.35,1.23,5.38,1.99,1,capaz
capellán,4.07,1.33,4.88,2.13,1,capellan
capilla,4.5,1.36,4.25,1.33,1,capilla
capita,4.73,0.65,5.5,1.09,1,capita
cápita,4.33,0.98,5.4,0.63,1,capita
capital,5.15,0.37,5.8,0.95,1,capital
capitalidad,4.94,1.3,5.3,1.34,1,capitalidad
capitalino,4.73,0.8,5.31,1.14,1,capitalino
capitalismo,3.42,1.54,6.1,1.48,1,capitalismo
capitalista,3.55,1.32,5.45,1.85,1,capitalista
capitalización,4.2,1.01,5.85,1.14,1,capitalizacion
capitán,5.45,1.28,5.95,1.88,1,capitan
capitana,6.65,1.6,6.35,1.18,1,capitana
capitel,5.5,1.1,4.28,1.64,1,capitel
capitulación,5.55,1.19,5.0,1.26,1,capitulacion
capitular,5.35,0.81,4.42,1.46,1,capitular
capítulo,5.55,1.5,4.95,1.61,1,capitulo
capoeira,6.2,1.15,6.05,1.96,1,capoeira
capón,4.63,1.26,5.75,1.83,1,capon
capote,4.7,1.53,5.45,1.82,1,capote
capricho,6.08,1.9,6.3,1.42,1,capricho
caprichoso,3.95,1.85,6.25,1.12,1,caprichoso
caprino,5.82,1.66,4.33,1.61,1,caprino
cápsula,5.1,0.79,5.15,0.93,1,capsula
captación,5.25,0.79,5.25,1.21,1,captacion
captar,5.75,0.97,5.45,1.73,1,captar
captura,4.45,1.39,6.1,2.05,1,captura
capturar,4.4,1.9,6.1,1.77,1,capturar
capucha,5.45,0.89,4.9,1.07,1,capucha
capullo,4.05,2.33,6.15,1.46,1,capullo
caqui,5.35,1.46,4.15,1.42,1,caqui
cara,6.25,1.41,4.58,1.6,1,cara
carabela,5.1,2.75,4.85,1.6,1,carabela
carabina,4.8,1.36,6.11,1.08,1,carabina
caracol,6.1,1.52,3.3,1.38,1,caracol
carácter,6.25,1.68,5.5,1.85,1,caracter
característica,5.35,0.81,4.9,1.21,1,caracteristica
característico,6.25,1.25,5.05,1.5,1,caracteristico
caracterización,5.85,0.99,4.85,1.14,1,caracterizacion
caracterizar,5.9,1.07,5.4,0.75,1,caracterizar
carajo,4.5,1.54,5.05,1.61,1,carajo
caramba,5.84,1.12,5.45,1.61,1,caramba
caramelo,6.95,1.36,4.53,1.97,1,caramelo
carátula,5.5,1.05,4.65,1.57,1,caratula
caravana,6.25,1.59,4.9,1.74,1,caravana
carbón,4.7,0.57,5.35,0.93,1,carbon
carbonato,5.05,0.52,4.7,1.45,1,carbonato
carbono,4.7,0.66,5.6,1.31,1,carbono
carburante,4.6,0.82,5.65,1.18,1,carburante
carcajada,8.6,0.68,6.85,1.98,1,carcajada
carcasa,5.15,0.49,4.25,1.21,1,carcasa
cárcel,2.33,1.27,6.95,1.47,1,carcel
carcelero,3.35,1.42,6.65,1.31,1,carcelero
cardenal,3.3,1.59,5.2,1.15,1,cardenal
cardiaco,3.9,1.07,6.45,1.28,1,cardiaco
cardíaco,4.15,1.87,6.65,1.79,1,cardiaco
cardiovascular,4.45,0.94,6.35,1.14,1,cardiovascular
cardiovasculares,3.75,1.65,6.1,1.74,1,cardiovasculares
cardo,4.42,1.22,5.4,1.27,1,cardo
carecer,3.1,1.17,6.55,1.19,1,carecer
carencia,3.0,1.49,5.95,1.43,1,carencia
carente,3.35,0.75,4.85,1.9,1,carente
carestía,3.9,1.85,5.4,1.35,1,carestia
carga,3.3,1.66,6.15,1.18,1,carga
cargador,6.2,1.61,4.7,1.38,1,cargador
cargamento,3.8,1.67,5.42,1.3,1,cargamento
cargar,4.5,1.19,5.1,0.85,1,cargar
cargo,5.21,1.62,5.65,1.14,1,cargo
carguero,4.63,1.26,4.88,1.45,1,carguero
caribe,7.75,1.16,4.25,3.26,1,caribe
caribeña,6.85,1.57,4.9,2.05,1,caribena
caribeño,7.1,1.29,4.8,2.14,1,caribeno
caricatura,6.05,1.19,4.55,1.57,1,caricatura
caricia,8.5,0.83,4.1,3.0,1,caricia
caridad,6.4,2.01,4.55,1.76,1,caridad
caries,2.15,1.31,6.8,0.77,1,caries
cariño,8.05,1.39,4.25,2.67,1,carino
cariñoso,8.03,1.03,4.0,2.61,1,carinoso
carioca,5.83,0.92,4.95,1.43,1,carioca
carisma,7.21,1.44,4.8,2.26,1,carisma
carismático,7.7,1.03,5.55,1.96,1,carismatico
cariz,5.22,0.67,4.5,2.32,1,cariz
carlista,4.9,0.64,5.3,1.08,1,carlista
carnal,6.4,1.31,6.0,1.17,1,carnal
carnaval,7.25,1.62,7.25,1.48,1,carnaval
carne,6.95,1.39,5.05,1.1,1,carne
carné,6.3,1.34,5.15,1.39,1,carne
carnero,5.15,1.23,5.45,1.0,1,carnero
carnet,6.2,1.28,4.75,1.52,1,carnet
carnicería,4.85,2.06,5.75,1.8,1,carniceria
carnicero,4.4,1.39,5.55,1.67,1,carnicero
carpa,5.4,0.68,4.45,1.28,1,carpa
carpeta,5.25,0.55,4.32,1.67,1,carpeta
carpintería,5.35,0.75,4.95,0.89,1,carpinteria
carpintero,5.25,0.44,5.25,0.97,1,carpintero
carrera,5.6,1.57,6.25,1.33,1,carrera
carreras,4.95,1.36,7.1,1.17,1,carreras
carreta,5.15,0.67,4.95,1.36,1,carreta
carretera,5.3,1.34,5.8,1.71,1,carretera
carretero,4.75,0.55,4.8,1.28,1,carretero
carretilla,4.95,0.89,4.7,0.92,1,carretilla
carricoche,6.68,1.45,5.35,1.6,1,carricoche
carril,5.1,0.45,4.85,1.27,1,carril
carrito,5.6,0.99,4.65,1.57,1,carrito
carro,5.28,0.6,4.85,1.73,1,carro
carrocería,5.45,1.15,4.7,1.22,1,carroceria
carromato,4.94,1.26,5.05,0.91,1,carromato
carroña,2.95,1.32,5.9,1.41,1,carrona
carroza,5.9,1.41,5.5,1.43,1,carroza
carruaje,5.75,1.37,5.25,1.25,1,carruaje
carta,6.75,1.28,4.7,1.6,1,carta
cartel,5.5,0.76,4.65,1.39,1,cartel
cartera,6.05,1.28,5.2,1.4,1,cartera
cartero,5.25,0.55,4.9,1.45,1,cartero
cartesiano,4.89,0.74,5.21,0.92,1,cartesiano
cartílagos,5.05,0.69,5.25,1.59,1,cartilagos
cartilla,4.45,1.19,5.3,0.86,1,cartilla
cartografía,5.2,1.01,4.37,1.16,1,cartografia
cartón,5.15,0.49,4.35,1.39,1,carton
cartucho,5.2,1.28,5.55,1.61,1,cartucho
casa,7.55,1.61,3.3,1.95,1,casa
casaca,5.24,1.6,5.13,1.46,1,casaca
casación,5.58,1.78,5.71,1.07,1,casacion
casamiento,6.0,1.95,5.7,2.18,1,casamiento
casar,6.5,2.19,6.6,1.54,1,casar
cascada,6.78,1.44,3.95,2.33,1,cascada
cáscara,5.0,1.17,4.75,0.72,1,cascara
casco,5.6,1.14,4.4,1.27,1,casco
casera,6.3,1.87,4.6,1.5,1,casera
caserío,6.05,1.05,4.35,1.5,1,caserio
caserón,6.26,1.79,4.7,1.72,1,caseron
caseta,5.8,1.11,4.2,1.88,1,caseta
casete,6.0,1.05,4.47,1.22,1,casete
casi,4.25,1.21,6.15,1.63,1,casi
casilla,5.05,0.51,4.55,1.19,1,casilla
casino,5.2,1.56,5.6,1.43,1,casino
casita,6.55,1.36,2.95,1.83,1,casita
caso,5.65,0.99,5.7,1.17,1,caso
casona,5.68,0.89,3.72,1.81,1,casona
cassette,6.05,1.05,4.9,1.02,1,cassette
casta,4.0,1.69,5.32,0.95,1,casta
castaño,6.05,1.15,4.55,1.32,1,castano
castañuelas,5.7,1.69,5.6,0.94,1,castanuelas
castellana,6.15,1.27,5.05,1.05,1,castellana
castellano,6.8,1.47,4.75,1.55,1,castellano
castidad,3.45,1.73,5.4,2.14,1,castidad
castigar,2.15,0.99,7.2,1.06,1,castigar
castigo,2.33,1.16,7.33,0.97,1,castigo
castilla,5.9,1.07,4.42,1.43,1,castilla
castillo,6.55,1.5,4.75,2.12,1,castillo
casto,5.47,1.22,4.68,1.45,1,casto
castración,3.05,1.36,6.95,1.5,1,castracion
castrense,3.77,1.83,5.31,1.14,1,castrense
casual,5.9,1.07,4.3,1.17,1,casual
casualidad,6.95,1.39,5.55,2.06,1,casualidad
cata,6.71,1.31,4.45,1.28,1,cata
cataclismo,2.94,1.43,6.94,1.89,1,cataclismo
catacumbas,3.71,1.53,6.45,1.64,1,catacumbas
catalán,4.2,1.28,5.05,2.11,1,catalan
catalana,5.45,1.47,5.85,1.23,1,catalana
catalizador,5.17,1.2,5.2,1.15,1,catalizador
catalogación,4.9,0.64,5.3,0.8,1,catalogacion
catalogar,4.55,0.76,4.75,1.48,1,catalogar
catálogo,6.45,1.76,4.5,1.36,1,catalogo
catamarán,6.41,1.54,5.5,1.21,1,catamaran
catapulta,3.75,1.8,6.3,1.42,1,catapulta
catarata,5.55,1.93,5.35,2.43,1,catarata
catarro,3.3,1.38,6.15,1.57,1,catarro
catastral,4.3,1.06,5.5,1.9,1,catastral
catástrofe,1.5,0.89,7.7,1.3,1,catastrofe
catastrófica,2.05,1.1,7.7,1.22,1,catastrofica
catecismo,3.95,1.61,4.67,1.78,1,catecismo
cátedra,6.45,1.47,4.65,1.93,1,catedra
catedral,6.1,1.59,3.9,1.41,1,catedral
catedrático,6.5,1.54,5.05,1.54,1,catedratico
categoría,5.15,0.81,4.9,0.45,1,categoria
categórico,5.35,0.81,5.0,0.65,1,categorico
catequista,4.21,1.62,5.1,2.0,1,catequista
católica,4.6,2.11,4.75,1.59,1,catolica
catolicismo,4.1,2.02,5.1,1.77,1,catolicismo
católico,4.55,1.79,4.85,1.35,1,catolico
catre,4.65,2.06,4.79,1.55,1,catre
cauce,5.85,1.04,4.7,1.3,1,cauce
caucho,5.1,0.55,4.5,1.1,1,caucho
caudal,5.55,1.15,4.65,1.69,1,caudal
caudillo,3.5,1.7,6.85,1.98,1,caudillo
causa,5.65,1.14,5.6,1.64,1,causa
causal,5.45,1.0,5.05,1.23,1,causal
causalidad,6.0,1.45,5.0,1.69,1,causalidad
causante,4.4,1.23,5.85,1.14,1,causante
causar,5.1,1.41,5.55,0.76,1,causar
cautela,5.26,1.15,4.2,1.91,1,cautela
cautelar,4.79,0.63,4.45,1.67,1,cautelar
cauteloso,6.05,1.5,3.65,2.01,1,cauteloso
cautiverio,2.35,1.46,7.1,1.21,1,cautiverio
cautividad,3.75,2.1,6.95,1.32,1,cautividad
cautivo,4.4,2.06,5.8,1.79,1,cautivo
cauto,5.55,1.93,3.9,2.07,1,cauto
cava,5.8,1.2,5.4,1.19,1,cava
cavar,4.15,1.18,5.55,1.64,1,cavar
caverna,4.15,1.09,5.2,1.54,1,caverna
cavidad,4.9,0.72,4.95,1.43,1,cavidad
cayena,5.43,1.87,6.08,1.32,1,cayena
caza,2.75,1.62,6.65,2.18,1,caza
cazador,3.6,1.67,7.1,1.83,1,cazador
cazadora,5.95,1.23,4.55,1.99,1,cazadora
cazar,3.3,1.45,7.1,1.62,1,cazar
cazo,5.1,1.52,4.95,1.57,1,cazo
cazón,5.0,0.65,5.0,1.26,1,cazon
cazuela,5.7,1.26,4.1,1.37,1,cazuela
cebada,5.05,1.23,4.45,1.23,1,cebada
cebo,4.5,1.05,4.85,1.53,1,cebo
cebolla,4.55,1.43,6.0,1.26,1,cebolla
cebolleta,5.1,0.97,5.55,1.1,1,cebolleta
cebra,6.45,1.28,4.6,1.31,1,cebra
ceca,5.0,0.0,4.71,0.76,1,ceca
ceda,5.42,0.84,4.35,1.18,1,ceda
ceder,5.26,1.73,4.55,1.15,1,ceder
cedro,5.11,1.45,4.23,1.69,1,cedro
cédula,5.25,0.62,4.75,1.29,1,cedula
cefalea,2.8,1.24,6.58,1.35,1,cefalea
ceguera,2.75,1.33,6.95,1.39,1,ceguera
cejas,5.85,1.27,4.3,1.59,1,cejas
celador,5.25,1.41,5.5,1.85,1,celador
celda,2.25,1.16,6.35,1.87,1,celda
celebración,7.75,1.25,6.5,2.46,1,celebracion
celebrar,7.9,0.91,7.75,0.97,1,celebrar
célebre,6.35,1.23,5.4,1.67,1,celebre
celebridad,6.9,1.55,5.6,1.47,1,celebridad
celeridad,5.58,1.24,5.29,1.27,1,celeridad
celeste,7.2,1.47,3.45,2.09,1,celeste
celibato,3.53,1.28,5.76,1.89,1,celibato
celo,3.4,2.44,6.1,1.37,1,celo
celos,2.05,1.04,7.85,1.04,1,celos
celoso,2.05,1.1,7.8,1.44,1,celoso
célula,6.08,1.38,4.93,1.47,1,celula
celular,5.95,1.19,5.45,1.57,1,celular
celuloide,5.21,0.85,5.06,0.75,1,celuloide
celulosa,5.7,1.17,4.74,1.52,1,celulosa
cementerio,1.73,0.91,6.03,2.35,1,cementerio
cemento,4.4,1.5,4.9,0.97,1,cemento
cena,7.48,1.34,4.55,2.15,1,cena
cenar,6.75,1.41,3.65,1.63,1,cenar
cencerro,5.37,1.12,5.05,1.43,1,cencerro
ceñir,5.0,1.3,5.25,1.74,1,cenir
cenit,4.9,0.88,4.83,0.41,1,cenit
ceniza,2.85,1.14,5.35,2.3,1,ceniza
ceño,4.42,1.02,5.32,1.38,1,ceno
censo,4.84,0.76,5.35,1.09,1,censo
censura,2.6,1.14,6.35,1.98,1,censura
censurar,3.4,1.19,6.3,1.42,1,censurar
centavo,5.3,0.92,4.65,1.84,1,centavo
centenar,5.3,0.57,5.15,0.88,1,centenar
centenares,5.35,0.81,5.6,1.6,1,centenares
centenario,6.25,1.48,5.85,1.23,1,centenario
centenas,4.9,0.79,4.1,1.68,1,centenas
centeno,5.1,1.21,5.47,1.81,1,centeno
centímetro,5.0,0.56,4.95,0.39,1,centimetro
céntimos,5.05,1.39,4.7,1.17,1,centimos
centinela,4.94,1.29,4.83,1.58,1,centinela
central,5.25,0.91,4.8,1.32,1,central
centralismo,5.05,0.83,4.55,1.67,1,centralismo
centralista,4.4,1.23,5.05,1.08,1,centralista
centralización,5.0,0.67,5.1,1.07,1,centralizacion
centrar,5.7,1.08,5.0,1.45,1,centrar
céntrica,6.25,1.77,5.1,1.25,1,centrica
centrista,5.21,1.36,5.1,1.29,1,centrista
centro,5.35,0.67,4.9,0.97,1,centro
centroamericano,5.15,0.93,4.75,1.68,1,centroamericano
centrocampista,5.35,1.04,5.1,1.33,1,centrocampista
centuria,5.0,0.0,4.92,1.26,1,centuria
cepa,4.9,0.91,5.21,1.51,1,cepa
cepillo,5.4,0.99,4.15,1.35,1,cepillo
cera,5.0,1.17,5.25,1.02,1,cera
cerámica,5.25,0.97,4.35,1.04,1,ceramica
cerca,6.25,1.07,4.3,1.38,1,cerca
cercanía,6.85,1.27,3.6,2.44,1,cercania
cercano,7.35,1.14,4.05,1.9,1,cercano
cerco,4.6,0.99,4.47,1.93,1,cerco
cerda,4.5,1.93,5.5,1.43,1,cerda
cerdo,4.8,1.36,5.48,1.2,1,cerdo
cereal,6.0,1.17,4.45,1.32,1,cereal
cerebelo,5.8,1.24,4.6,1.82,1,cerebelo
cerebral,5.35,1.63,5.9,1.59,1,cerebral
cerebro,5.5,1.32,5.85,1.66,1,cerebro
ceremonia,7.3,1.81,5.55,1.96,1,ceremonia
ceremonial,5.7,1.22,5.3,2.0,1,ceremonial
cerezas,6.6,1.54,4.45,2.01,1,cerezas
cerezo,6.4,1.39,3.5,1.54,1,cerezo
cernícalo,4.46,1.2,5.36,1.01,1,cernicalo
cero,4.1,1.59,4.55,1.57,1,cero
cerrada,3.75,1.07,5.0,1.21,1,cerrada
cerrado,3.45,1.15,5.3,1.69,1,cerrado
cerradura,4.95,0.83,5.2,1.06,1,cerradura
cerrajero,5.15,0.59,5.1,0.72,1,cerrajero
cerrar,3.45,1.15,4.5,1.79,1,cerrar
cerraré,4.65,0.59,5.75,1.55,1,cerrare
cerro,5.17,1.04,4.62,1.19,1,cerro
cerrojo,4.85,0.99,5.25,1.68,1,cerrojo
certamen,5.4,0.5,5.2,1.06,1,certamen
certero,5.74,0.99,4.47,1.5,1,certero
certeza,7.05,1.23,4.25,1.94,1,certeza
certidumbre,5.5,1.64,3.85,1.66,1,certidumbre
certificación,5.7,1.03,5.9,1.68,1,certificacion
certificado,5.75,1.21,4.85,1.79,1,certificado
certificar,5.8,1.28,4.85,1.27,1,certificar
cerveza,7.0,1.78,6.0,1.78,1,cerveza
cervical,4.45,1.05,5.4,1.27,1,cervical
cesar,4.95,1.05,4.1,1.77,1,cesar
césar,4.95,1.43,4.95,0.97,1,cesar
cese,4.5,1.0,4.45,1.99,1,cese
cesio,5.0,0.5,5.33,0.71,1,cesio
cesión,4.79,1.18,4.21,1.51,1,cesion
césped,7.2,1.32,3.1,1.55,1,cesped
cesta,5.63,0.93,4.15,1.33,1,cesta
cesto,5.1,0.55,4.95,0.69,1,cesto
cetro,4.63,1.09,5.06,1.11,1,cetro
chabola,3.05,1.1,5.55,1.93,1,chabola
chacal,5.0,1.88,6.07,1.14,1,chacal
chachachá,6.55,1.28,5.25,2.02,1,chachacha
chakra,6.22,1.52,5.13,2.03,1,chakra
chal,5.9,0.85,4.19,1.91,1,chal
chalé,6.28,1.27,4.95,2.01,1,chale
chaleco,5.33,1.0,5.05,1.08,1,chaleco
chalet,7.65,1.53,5.65,2.16,1,chalet
chamán,4.47,2.03,5.38,1.59,1,chaman
champán,6.05,1.57,5.7,2.54,1,champan
champiñón,5.8,1.6,4.6,1.78,1,champinon
chancho,5.25,0.5,4.88,1.73,1,chancho
chancla,6.42,1.5,4.35,1.76,1,chancla
chancleta,5.8,1.24,4.05,1.99,1,chancleta
chándal,5.7,1.22,3.6,1.98,1,chandal
chantaje,2.38,1.17,7.05,1.5,1,chantaje
chantajear,2.45,1.1,6.85,1.09,1,chantajear
chapa,4.65,0.67,4.8,1.54,1,chapa
chapas,4.85,1.73,4.4,1.1,1,chapas
chaqueta,5.9,1.41,4.4,1.35,1,chaqueta
chaquetón,6.35,1.39,4.6,1.6,1,chaqueton
charco,4.75,1.21,4.85,1.14,1,charco
charcutero,5.2,0.95,5.2,1.4,1,charcutero
charla,5.45,2.01,4.15,1.79,1,charla
charlestón,6.7,1.87,5.33,0.91,1,charleston
charro,4.67,0.52,4.6,1.17,1,charro
chasco,3.4,1.19,6.25,1.16,1,chasco
chat,5.4,0.94,5.65,1.18,1,chat
chatarra,3.8,1.47,4.9,1.41,1,chatarra
chaval,6.1,1.17,5.05,1.67,1,chaval
checo,5.06,0.73,5.21,0.63,1,checo
chelo,5.5,0.73,3.89,1.88,1,chelo
cheque,6.95,1.54,6.6,1.31,1,cheque
chequeo,4.1,1.59,6.05,1.73,1,chequeo
chica,6.85,1.5,5.45,1.36,1,chica
chicha,4.79,1.36,5.17,1.1,1,chicha
chicharra,4.63,1.71,5.5,1.47,1,chicharra
chicharro,5.35,1.22,5.15,1.14,1,chicharro
chico,6.35,1.39,6.0,1.69,1,chico
chiflado,4.8,1.73,6.83,1.32,1,chiflado
chií,7.15,2.96,6.0,1.22,1,chii
chile,6.05,1.67,4.95,1.05,1,chile
chilenas,5.26,1.24,4.95,1.1,1,chilenas
chileno,5.05,0.51,4.95,0.6,1,chileno
chillido,2.95,1.39,7.5,1.36,1,chillido
chimenea,7.15,1.57,3.65,1.66,1,chimenea
chimpancé,6.35,1.42,5.4,1.47,1,chimpance
china,5.2,1.15,5.35,1.46,1,china
chinche,4.2,1.51,5.63,1.26,1,chinche
chino,5.35,0.93,4.35,1.42,1,chino
chip,5.55,0.89,5.44,1.34,1,chip
chipriota,5.08,0.28,5.0,0.39,1,chipriota
chiquero,4.71,0.49,5.0,1.8,1,chiquero
chiquilla,6.1,1.25,5.3,1.63,1,chiquilla
chiquillo,7.5,1.47,5.05,2.09,1,chiquillo
chiquito,5.35,2.06,4.75,1.83,1,chiquito
chirimoya,5.75,1.02,5.11,0.96,1,chirimoya
chispa,7.05,1.39,6.35,1.57,1,chispa
chispear,5.55,2.28,4.25,1.8,1,chispear
chiste,7.88,1.14,6.1,1.41,1,chiste
chistes,8.3,1.26,5.7,2.27,1,chistes
chivo,4.0,1.22,5.53,1.51,1,chivo
choca,3.95,1.39,6.05,1.1,1,choca
chocar,3.4,1.35,6.9,1.37,1,chocar
chocolate,8.03,1.05,5.48,2.28,1,chocolate
chofer,5.3,0.98,4.65,1.18,1,chofer
chófer,5.65,1.18,4.5,1.15,1,chofer
choque,3.15,1.58,7.18,1.17,1,choque
chorizo,5.15,2.16,5.05,0.76,1,chorizo
chorro,5.3,0.66,4.4,1.98,1,chorro
choza,3.1,1.59,4.55,1.57,1,choza
chubasco,5.0,1.95,5.25,1.65,1,chubasco
chubasquero,5.45,1.43,4.4,1.76,1,chubasquero
chupar,5.85,1.39,6.8,1.36,1,chupar
chupito,7.1,1.86,5.8,1.01,1,chupito
chusma,2.9,1.25,6.25,1.25,1,chusma
cianuro,3.35,2.03,6.0,1.81,1,cianuro
ciberespacio,4.95,0.85,5.4,1.93,1,ciberespacio
cibernética,5.05,1.31,5.35,0.93,1,cibernetica
cicatriz,3.03,1.62,6.23,1.21,1,cicatriz
cíclico,5.45,0.83,4.75,1.48,1,ciclico
ciclismo,6.15,1.9,5.5,1.67,1,ciclismo
ciclista,5.95,0.89,4.6,1.88,1,ciclista
ciclo,5.85,1.18,4.6,1.43,1,ciclo
ciclomotor,5.4,0.88,6.5,1.32,1,ciclomotor
ciclón,3.18,1.39,6.95,1.81,1,ciclon
ciego,3.4,1.5,6.0,1.57,1,ciego
cielo,7.68,1.33,2.95,1.97,1,cielo
ciempiés,4.08,1.95,6.1,1.84,1,ciempies
cien,5.75,1.29,5.4,1.31,1,cien
ciencia,7.05,1.1,5.35,1.73,1,ciencia
cieno,4.03,1.47,4.97,1.62,1,cieno
científico,6.35,1.23,5.95,0.94,1,cientifico
ciento,5.6,1.1,5.0,1.21,1,ciento
cierne,4.54,1.05,4.67,1.28,1,cierne
cierra,4.8,0.77,4.95,1.64,1,cierra
cierre,4.5,1.57,5.05,1.85,1,cierre
cierro,4.35,1.14,5.2,1.11,1,cierro
cierta,6.5,1.36,3.95,1.54,1,cierta
cierto,6.0,0.92,4.7,1.49,1,cierto
ciervo,6.25,1.25,4.7,1.3,1,ciervo
cifra,4.9,0.85,4.95,0.89,1,cifra
cifrar,5.3,1.42,5.3,1.17,1,cifrar
cigarra,4.65,1.6,5.65,1.76,1,cigarra
cigarrillo,4.1,2.45,5.25,1.77,1,cigarrillo
cigarro,3.9,2.29,6.3,1.26,1,cigarro
cigüeña,6.15,1.53,3.8,1.74,1,ciguena
cilindro,5.0,0.32,4.75,0.85,1,cilindro
cima,6.75,1.25,6.25,1.68,1,cima
cimarrón,5.29,0.95,5.57,0.98,1,cimarron
cimiento,5.15,0.75,4.45,1.32,1,cimiento
cinc,4.95,0.51,4.9,0.45,1,cinc
cincel,5.1,0.64,4.95,0.97,1,cincel
cinco,5.2,0.7,4.65,0.99,1,cinco
cincuenta,4.9,1.37,5.35,1.04,1,cincuenta
cine,7.6,0.99,3.9,2.31,1,cine
cineasta,5.8,1.15,5.25,1.65,1,cineasta
cinematografía,7.25,1.16,5.2,2.02,1,cinematografia
cinematográfica,6.55,1.23,5.4,1.35,1,cinematografica
cinética,5.0,0.65,5.45,1.28,1,cinetica
cínico,2.9,0.91,6.55,1.5,1,cinico
cinismo,3.63,1.71,6.55,1.36,1,cinismo
cinta,5.6,1.27,4.7,1.13,1,cinta
cinto,5.0,0.52,5.18,1.08,1,cinto
cintura,6.6,1.31,5.15,1.57,1,cintura
cinturón,5.35,1.04,5.1,1.48,1,cinturon
ciprés,5.79,1.18,3.8,1.79,1,cipres
circo,6.23,1.9,6.3,1.34,1,circo
circuito,4.8,0.77,4.8,1.28,1,circuito
circulación,5.1,1.25,5.65,1.35,1,circulacion
circulante,4.8,1.11,4.75,1.12,1,circulante
circular,5.6,0.82,5.1,1.07,1,circular
circulatorio,5.0,0.86,5.0,1.56,1,circulatorio
círculo,5.33,1.0,4.53,1.5,1,circulo
circundante,4.9,0.55,4.53,1.68,1,circundante
circunferencia,5.2,0.62,4.1,1.55,1,circunferencia
circunscripción,4.68,0.95,5.68,1.11,1,circunscripcion
circunstancia,5.1,0.85,5.45,1.5,1,circunstancia
circunvalación,4.4,1.14,4.6,1.57,1,circunvalacion
cirrosis,2.1,0.91,6.6,1.88,1,cirrosis
ciruela,6.0,1.72,4.45,1.54,1,ciruela
ciruelo,6.1,0.91,4.6,1.96,1,ciruelo
cirugía,3.65,2.27,7.28,1.22,1,cirugia
cirujano,6.7,2.11,7.0,1.59,1,cirujano
cisma,5.0,0.0,6.25,1.66,1,cisma
cisne,7.7,1.13,3.6,2.26,1,cisne
cisterna,4.45,0.83,4.25,1.62,1,cisterna
cistitis,3.26,1.59,7.25,1.65,1,cistitis
cita,7.0,1.38,7.5,1.24,1,cita
citación,4.65,1.27,6.2,1.7,1,citacion
citar,6.25,1.45,5.55,1.76,1,citar
cítara,5.2,0.42,5.17,1.33,1,citara
citoplasma,5.35,1.18,3.9,1.62,1,citoplasma
ciudad,5.55,1.0,5.8,1.15,1,ciudad
ciudadana,6.5,1.15,4.8,1.58,1,ciudadana
ciudadanía,5.65,0.99,5.2,1.01,1,ciudadania
ciudadano,5.95,1.32,4.55,1.61,1,ciudadano
ciudadela,5.82,1.19,5.29,1.14,1,ciudadela
cívica,5.0,1.0,4.71,1.26,1,civica
civil,5.2,0.77,5.25,1.77,1,civil
civilización,6.35,1.39,5.0,1.86,1,civilizacion
clamor,5.71,1.9,5.44,1.95,1,clamor
clan,5.5,1.47,4.85,1.14,1,clan
clandestina,4.5,1.5,5.55,1.73,1,clandestina
clandestinidad,3.65,1.79,6.6,1.79,1,clandestinidad
claqué,5.65,0.75,4.8,1.44,1,claque
clara,6.85,1.42,3.5,1.32,1,clara
claridad,7.05,1.23,4.05,2.28,1,claridad
clarificación,5.82,1.33,4.68,1.67,1,clarificacion
clarificar,6.26,1.15,4.5,1.36,1,clarificar
clarín,5.24,0.56,4.64,0.93,1,clarin
clarinete,6.45,1.36,4.35,1.84,1,clarinete
clarividencia,5.27,1.16,4.76,2.05,1,clarividencia
claro,6.15,1.23,4.0,2.03,1,claro
clase,5.6,1.6,5.4,1.73,1,clase
clásica,5.95,1.23,3.0,1.59,1,clasica
clasicismo,4.0,1.45,5.35,1.81,1,clasicismo
clásico,5.9,1.45,4.15,2.06,1,clasico
clasificación,5.05,1.5,5.4,1.67,1,clasificacion
clasificar,5.7,1.34,4.85,1.98,1,clasificar
clasificatoria,5.2,1.54,6.0,1.78,1,clasificatoria
claustro,5.35,1.84,5.35,1.81,1,claustro
cláusula,4.65,0.75,5.0,1.26,1,clausula
clausura,3.0,1.34,4.85,2.01,1,clausura
clausurar,3.5,1.24,5.85,2.03,1,clausurar
clavar,4.95,1.73,5.85,1.73,1,clavar
clave,5.75,1.37,5.0,1.08,1,clave
clavecín,5.29,0.76,4.11,1.27,1,clavecin
clavel,7.05,1.15,3.75,1.65,1,clavel
clavelina,5.11,0.6,4.7,1.34,1,clavelina
claves,5.65,0.81,4.95,1.36,1,claves
clavicordio,5.63,1.41,4.08,1.31,1,clavicordio
clavícula,5.0,0.46,5.35,1.53,1,clavicula
clavo,4.65,0.59,5.65,1.39,1,clavo
clemencia,5.3,2.03,5.3,1.38,1,clemencia
clemente,5.85,1.27,4.68,0.48,1,clemente
clerecía,4.17,1.34,4.79,1.53,1,clerecia
clerical,4.44,1.58,4.44,1.2,1,clerical
clérigo,4.26,2.1,4.85,2.03,1,clerigo
clero,3.8,1.54,5.4,1.43,1,clero
clic,5.9,1.33,4.8,1.79,1,clic
cliente,5.5,1.1,5.35,1.09,1,cliente
clientela,6.2,1.2,5.0,1.81,1,clientela
clima,6.1,1.17,4.3,1.49,1,clima
climático,4.9,1.59,4.65,2.18,1,climatico
clínica,6.05,1.39,5.85,1.93,1,clinica
clip,5.5,0.76,4.7,1.08,1,clip
clonación,4.85,1.27,6.15,1.27,1,clonacion
cloro,4.75,1.21,5.35,1.63,1,cloro
cloruro,4.5,0.83,5.6,1.47,1,cloruro
club,5.7,1.45,5.6,1.93,1,club
coacción,3.65,1.31,6.8,1.11,1,coaccion
coadjutor,4.67,0.58,4.62,1.8,1,coadjutor
coagulación,4.1,1.07,5.95,1.43,1,coagulacion
coalición,4.8,1.24,5.75,1.65,1,coalicion
coartada,4.75,1.33,5.65,2.03,1,coartada
coautor,5.11,1.15,4.47,1.26,1,coautor
cobalto,4.84,0.83,4.68,1.42,1,cobalto
cobarde,2.53,1.22,6.7,1.51,1,cobarde
cobardía,2.75,1.29,5.8,2.12,1,cobardia
cobaya,4.95,1.64,4.9,1.77,1,cobaya
cobertizo,5.65,1.5,4.4,1.67,1,cobertizo
cobertura,5.7,1.26,5.3,1.49,1,cobertura
cobijo,6.3,1.03,3.2,1.01,1,cobijo
cobra,3.5,1.79,7.0,1.84,1,cobra
cobrar,7.15,1.53,7.2,1.24,1,cobrar
cobre,5.7,1.34,5.1,0.79,1,cobre
cobro,6.6,1.64,5.6,1.5,1,cobro
cocaína,2.6,1.79,6.45,1.9,1,cocaina
cocción,5.61,1.33,4.85,1.18,1,coccion
cocer,5.25,0.44,4.5,1.47,1,cocer
coche,6.2,1.47,5.9,2.2,1,coche
cochecito,6.4,1.27,4.2,1.44,1,cochecito
cochera,4.8,1.15,4.45,1.54,1,cochera
cochero,5.1,1.12,4.75,1.12,1,cochero
cochinilla,4.8,1.15,5.16,1.46,1,cochinilla
cocido,6.65,1.9,4.8,1.74,1,cocido
cociente,5.1,0.85,5.05,1.43,1,cociente
cocina,6.28,1.13,4.88,1.76,1,cocina
cocinar,6.15,1.09,4.5,2.14,1,cocinar
cocinera,6.2,1.51,5.5,1.57,1,cocinera
cocinero,6.55,1.15,5.05,1.52,1,cocinero
cocinilla,6.05,1.19,5.1,1.62,1,cocinilla
cocinita,6.6,1.54,3.9,1.68,1,cocinita
coco,5.9,1.48,4.15,1.69,1,coco
cocodrilo,4.5,1.36,6.85,1.6,1,cocodrilo
cocotero,6.75,1.25,4.4,1.67,1,cocotero
cóctel,7.0,1.34,6.0,2.03,1,coctel
códice,5.67,1.44,5.23,1.59,1,codice
codicia,2.45,1.32,6.4,1.43,1,codicia
codificación,4.95,0.6,4.95,1.36,1,codificacion
codificar,5.05,1.05,5.1,1.07,1,codificar
código,5.05,0.39,5.4,0.82,1,codigo
codo,5.05,0.32,4.65,0.93,1,codo
codorniz,5.85,1.27,4.0,1.38,1,codorniz
coeficiente,5.6,1.1,5.55,1.57,1,coeficiente
coerción,3.67,1.23,5.88,1.93,1,coercion
coexistencia,5.75,1.59,5.2,0.89,1,coexistencia
cofinanciación,5.0,0.73,5.12,1.62,1,cofinanciacion
cofradía,5.47,1.5,5.35,1.76,1,cofradia
cofre,5.75,0.91,5.6,1.39,1,cofre
cofundador,5.17,0.38,5.2,0.95,1,cofundador
coger,5.5,1.43,4.95,1.15,1,coger
cogida,4.85,1.69,5.4,1.35,1,cogida
cogido,4.85,0.93,5.0,0.97,1,cogido
cognición,6.35,1.14,5.4,1.57,1,cognicion
cognitiva,6.1,1.55,4.55,1.43,1,cognitiva
cogollo,5.65,1.14,4.4,1.79,1,cogollo
cogote,4.95,0.71,4.65,1.14,1,cogote
cohecho,3.57,1.7,5.79,1.13,1,cohecho
coherencia,7.5,1.0,4.1,1.77,1,coherencia
coherente,7.25,1.29,3.05,1.67,1,coherente
cohesión,5.5,1.4,5.25,1.45,1,cohesion
cohete,6.45,1.57,6.15,1.46,1,cohete
coincidencia,6.5,1.19,5.05,1.88,1,coincidencia
coincidente,5.7,0.86,4.7,1.45,1,coincidente
coincidir,6.3,1.22,5.05,1.67,1,coincidir
cointreau,5.82,1.89,5.71,1.11,1,cointreau
coito,7.53,1.45,7.5,1.65,1,coito
coja,4.15,1.35,4.95,1.73,1,coja
cojo,4.2,1.06,5.35,2.01,1,cojo
col,3.75,1.92,4.7,1.53,1,col
cola,4.5,1.7,5.5,1.64,1,cola
colaboración,6.5,1.1,4.55,1.64,1,colaboracion
colaborador,6.6,1.19,4.1,1.8,1,colaborador
colaboradora,6.25,1.33,4.65,1.31,1,colaboradora
colaborar,7.1,1.07,5.1,1.94,1,colaborar
colación,5.14,0.36,5.06,0.85,1,colacion
colador,5.1,1.02,4.5,1.0,1,colador
colapso,3.15,1.23,7.15,1.23,1,colapso
colar,4.9,1.21,5.5,1.4,1,colar
colateral,4.05,1.1,5.74,0.73,1,colateral
colcha,5.68,1.38,3.45,1.54,1,colcha
colchón,6.5,1.43,1.85,0.99,1,colchon
colchoneta,6.55,1.28,5.5,2.54,1,colchoneta
cole,6.8,1.47,5.1,1.74,1,cole
colección,6.55,1.23,4.75,1.12,1,coleccion
coleccionar,6.25,1.21,4.35,1.46,1,coleccionar
coleccionista,5.7,1.3,4.05,1.39,1,coleccionista
colecta,5.9,1.07,4.75,1.29,1,colecta
colectividad,5.95,1.23,5.2,1.67,1,colectividad
colectivo,5.7,1.34,4.9,1.17,1,colectivo
colega,7.6,1.1,4.8,2.12,1,colega
colegiado,5.85,0.75,5.35,1.98,1,colegiado
colegial,5.5,0.95,4.85,1.6,1,colegial
colegiata,4.53,1.33,5.33,0.65,1,colegiata
colegio,6.45,1.19,4.5,2.04,1,colegio
cólera,2.9,1.72,7.45,1.32,1,colera
colesterol,3.1,1.25,6.15,1.69,1,colesterol
colgador,5.16,0.6,4.7,1.03,1,colgador
colgante,5.5,0.95,4.5,1.43,1,colgante
colgar,4.5,1.1,5.3,1.22,1,colgar
colibrí,6.32,1.6,3.95,1.73,1,colibri
cólico,2.45,1.15,7.3,1.72,1,colico
colina,5.95,1.88,4.7,2.0,1,colina
coliseo,6.75,1.33,5.4,2.21,1,coliseo
colisión,2.55,1.1,7.1,1.65,1,colision
colitis,4.2,1.62,6.77,1.54,1,colitis
collado,5.14,0.36,4.69,0.95,1,collado
collar,6.8,1.47,5.05,1.64,1,collar
colmar,5.7,1.49,5.6,1.23,1,colmar
colmena,4.65,1.5,6.65,1.04,1,colmena
colmo,4.0,1.45,5.35,1.31,1,colmo
coloca,5.1,1.12,4.75,0.72,1,coloca
colocación,5.9,1.17,4.7,1.08,1,colocacion
colocar,5.0,0.32,4.85,1.35,1,colocar
coloco,5.53,0.87,5.29,1.57,1,coloco
colofón,5.0,1.53,5.67,1.11,1,colofon
colombiano,5.15,1.04,5.05,1.93,1,colombiano
colon,4.2,1.85,5.68,1.34,1,colon
colonia,7.0,1.34,5.4,1.82,1,colonia
colonial,4.8,0.7,4.8,1.11,1,colonial
colonialismo,4.55,1.1,5.63,1.21,1,colonialismo
colonización,4.55,1.15,5.3,1.49,1,colonizacion
colonizar,4.95,1.85,6.05,1.57,1,colonizar
colono,4.63,1.21,4.56,1.79,1,colono
coloquial,5.75,1.12,4.5,1.64,1,coloquial
coloquio,5.89,1.2,5.0,2.13,1,coloquio
color,6.88,1.56,4.63,1.72,1,color
coloración,5.8,1.2,4.65,1.98,1,coloracion
colorante,5.45,1.0,4.75,1.21,1,colorante
colores,7.9,1.12,4.65,2.81,1,colores
colorido,7.35,1.57,6.5,1.57,1,colorido
colorín,5.75,1.07,4.65,1.5,1,colorin
colosal,5.75,0.97,6.2,1.67,1,colosal
coloso,4.82,1.85,6.23,1.69,1,coloso
columna,5.05,0.22,4.18,1.41,1,columna
columnas,5.35,0.81,4.7,1.22,1,columnas
columnista,5.6,0.99,4.95,1.23,1,columnista
columpio,7.55,1.23,5.25,1.8,1,columpio
coma,3.75,1.83,5.3,1.81,1,coma
comadre,5.37,1.01,4.38,2.09,1,comadre
comadreja,4.75,1.41,4.8,1.44,1,comadreja
comandancia,4.44,1.34,4.95,1.32,1,comandancia
comandante,4.05,1.7,5.55,1.28,1,comandante
comandar,5.1,1.02,5.9,1.25,1,comandar
comando,4.58,0.84,5.45,1.43,1,comando
comarca,5.15,0.49,4.4,1.47,1,comarca
comarcal,5.2,0.83,4.95,0.69,1,comarcal
comas,5.15,0.75,4.8,1.2,1,comas
comba,6.9,1.48,5.2,0.95,1,comba
combate,3.55,2.06,7.35,1.69,1,combate
combatiente,5.65,1.98,6.15,1.63,1,combatiente
combatir,3.4,2.16,7.1,1.74,1,combatir
combativo,4.68,2.19,5.6,1.7,1,combativo
combinación,5.95,0.94,4.9,1.25,1,combinacion
combinado,5.55,1.0,4.2,1.44,1,combinado
combinar,6.05,0.94,5.1,2.1,1,combinar
combustible,4.7,1.66,5.75,1.29,1,combustible
combustión,3.65,1.42,6.2,1.77,1,combustion
come,6.7,1.08,5.05,1.76,1,come
comedia,7.8,1.34,5.3,1.96,1,comedia
comediante,6.95,1.43,5.4,1.76,1,comediante
comedor,6.05,1.32,4.55,2.04,1,comedor
comendador,5.36,0.93,5.56,0.89,1,comendador
comentar,5.7,0.86,5.6,1.05,1,comentar
comentario,5.15,0.81,4.95,1.1,1,comentario
comentarista,5.05,1.47,6.0,1.26,1,comentarista
comenzar,7.05,1.5,5.65,1.93,1,comenzar
comer,7.43,1.22,4.73,2.25,1,comer
comercial,5.75,1.59,5.05,1.5,1,comercial
comercialización,5.15,1.14,5.1,0.91,1,comercializacion
comercializar,5.25,1.45,5.15,0.88,1,comercializar
comerciante,5.45,0.89,4.7,1.56,1,comerciante
comerciar,4.9,0.72,5.35,0.75,1,comerciar
comercio,5.8,1.58,5.9,1.17,1,comercio
comeré,6.6,1.27,5.6,1.67,1,comere
comestible,7.2,1.4,4.25,1.68,1,comestible
cometa,6.65,1.14,4.9,1.74,1,cometa
cometer,4.3,1.08,5.8,0.89,1,cometer
cometido,4.75,0.91,4.89,1.59,1,cometido
cómic,5.75,1.21,5.0,1.41,1,comic
comicidad,7.0,1.69,5.57,1.09,1,comicidad
comida,7.33,1.47,5.0,1.59,1,comida
comienzo,7.35,1.46,6.3,1.53,1,comienzo
comillas,5.05,0.22,5.05,1.32,1,comillas
comino,5.0,1.26,5.53,1.01,1,comino
comisaria,3.85,1.31,6.3,1.98,1,comisaria
comisaría,3.9,1.21,6.5,1.64,1,comisaria
comisario,4.8,1.4,5.75,1.29,1,comisario
comisión,4.5,1.96,5.9,1.68,1,comision
comité,5.15,1.39,4.8,1.74,1,comite
comitiva,4.88,1.02,5.28,1.23,1,comitiva
como,5.75,1.21,4.7,0.66,1,como
cómo,5.05,0.39,5.2,1.44,1,como
cómoda,7.0,1.26,2.1,1.21,1,comoda
comodidad,6.95,1.47,1.9,1.17,1,comodidad
comodín,5.65,0.93,4.2,1.74,1,comodin
cómodo,7.25,1.16,2.4,1.7,1,comodo
compacta,5.4,1.05,4.9,1.12,1,compacta
compacto,5.35,0.59,4.35,1.6,1,compacto
compadre,6.6,1.39,4.8,1.54,1,compadre
compaginar,5.75,1.41,5.5,2.09,1,compaginar
compaña,5.25,0.62,4.36,1.63,1,compana
compañera,7.6,1.14,4.8,1.85,1,companera
compañero,7.4,1.31,4.05,2.14,1,companero
compañía,7.35,1.14,4.95,2.46,1,compania
comparable,4.6,1.19,5.35,0.88,1,comparable
comparación,3.7,1.42,5.9,0.97,1,comparacion
comparar,4.15,1.14,5.6,1.54,1,comparar
comparativo,4.55,1.32,5.15,0.75,1,comparativo
comparecencia,4.53,0.9,5.11,1.73,1,comparecencia
comparecer,5.05,1.61,5.63,1.64,1,comparecer
comparsa,6.1,1.48,6.11,1.29,1,comparsa
compartimento,5.4,0.82,4.75,1.16,1,compartimento
compartimiento,5.74,1.45,5.0,1.83,1,compartimiento
compás,5.5,1.47,4.55,1.43,1,compas
compasión,5.75,1.89,3.7,1.22,1,compasion
compasivo,6.65,1.18,3.45,1.7,1,compasivo
compatibilidad,7.2,1.28,4.7,1.49,1,compatibilidad
compatible,6.65,1.27,4.8,2.17,1,compatible
compatriota,5.4,0.94,4.63,1.86,1,compatriota
compendio,5.28,1.32,4.63,1.54,1,compendio
compensación,7.25,1.37,4.6,2.04,1,compensacion
compensar,6.45,1.5,4.5,1.88,1,compensar
compensatoria,6.1,1.29,4.25,1.55,1,compensatoria
competencia,4.8,1.28,6.5,2.09,1,competencia
competente,7.15,1.09,5.15,2.32,1,competente
competición,4.6,2.11,7.2,1.06,1,competicion
competidor,4.4,1.39,6.9,1.21,1,competidor
competir,4.75,1.77,6.95,1.1,1,competir
competitiva,5.7,1.95,7.45,1.0,1,competitiva
competitividad,5.35,2.35,6.8,1.51,1,competitividad
compilación,5.0,1.29,5.29,1.61,1,compilacion
compilador,5.09,0.54,4.69,1.74,1,compilador
complacencia,5.15,1.73,4.25,2.0,1,complacencia
complacer,6.5,1.91,5.1,1.97,1,complacer
complaciente,5.65,2.01,4.5,2.21,1,complaciente
compleja,4.35,1.39,6.05,1.39,1,compleja
complejidad,4.5,1.47,6.2,1.01,1,complejidad
complejo,3.9,1.68,6.85,1.27,1,complejo
complementar,6.5,1.54,4.75,1.41,1,complementar
complementaria,6.2,1.28,4.75,0.91,1,complementaria
complementariedad,6.95,1.43,4.25,1.92,1,complementariedad
complemento,6.05,1.23,4.7,1.3,1,complemento
completar,6.25,1.33,5.0,1.41,1,completar
completo,6.65,1.23,5.3,2.25,1,completo
complexión,5.74,1.24,5.06,0.68,1,complexion
complicación,2.95,1.7,7.45,1.0,1,complicacion
complicar,3.45,1.05,7.05,1.23,1,complicar
cómplice,4.4,1.88,6.05,1.76,1,complice
complicidad,7.1,1.68,4.25,2.02,1,complicidad
complot,3.25,1.59,6.2,1.67,1,complot
componente,5.5,1.24,4.9,0.85,1,componente
componer,5.85,1.31,5.0,2.0,1,componer
comportamiento,6.65,1.5,5.2,1.36,1,comportamiento
comportar,6.0,1.65,4.75,1.21,1,comportar
composición,5.4,0.82,4.85,1.18,1,composicion
compositor,6.25,1.37,4.65,1.53,1,compositor
compostura,5.55,1.39,5.15,1.27,1,compostura
compra,7.3,1.45,5.5,1.67,1,compra
comprador,5.35,1.14,5.4,1.14,1,comprador
comprar,6.05,1.36,5.75,1.48,1,comprar
compraventa,5.25,1.45,5.5,0.95,1,compraventa
comprender,7.35,1.46,4.6,1.98,1,comprender
comprensión,7.75,1.59,3.6,2.28,1,comprension
comprensivo,8.2,0.77,3.75,1.74,1,comprensivo
compresor,4.65,0.59,5.2,1.74,1,compresor
comprobación,5.0,1.34,5.2,1.51,1,comprobacion
comprobar,6.15,1.53,5.15,1.95,1,comprobar
comprometido,5.9,2.36,6.48,1.8,1,comprometido
compromiso,6.25,1.92,6.25,1.8,1,compromiso
compuerta,4.85,0.59,4.65,1.46,1,compuerta
compuesto,5.55,0.94,5.3,0.98,1,compuesto
computación,4.82,1.13,5.26,1.37,1,computacion
computacional,4.47,1.35,4.5,1.61,1,computacional
computador,5.6,0.82,5.2,1.06,1,computador
computadora,6.35,1.27,4.4,1.57,1,computadora
cómputo,4.89,1.13,5.5,0.62,1,computo
común,5.15,0.88,4.25,1.55,1,comun
comuna,5.21,1.03,4.45,1.1,1,comuna
comunal,5.35,1.84,5.15,0.88,1,comunal
comunicación,6.4,1.19,5.0,1.89,1,comunicacion
comunicado,5.45,1.0,4.7,1.45,1,comunicado
comunicar,6.25,1.21,5.0,1.59,1,comunicar
comunicativa,6.85,1.14,4.25,2.24,1,comunicativa
comunidad,5.6,1.19,4.7,2.03,1,comunidad
comunión,5.6,1.98,5.4,1.35,1,comunion
comunismo,4.1,2.1,6.5,1.73,1,comunismo
comunista,4.55,1.43,6.15,1.27,1,comunista
comunitario,5.85,1.23,4.4,1.23,1,comunitario
coñac,4.5,1.57,5.7,1.69,1,conac
concebible,5.6,1.23,4.68,1.7,1,concebible
concebir,7.45,1.47,5.3,1.81,1,concebir
conceder,6.25,1.07,5.6,1.23,1,conceder
concejal,4.3,1.3,5.45,1.67,1,concejal
concejo,4.91,0.7,5.25,0.97,1,concejo
concentración,5.9,1.52,5.2,1.94,1,concentracion
concentrado,6.2,1.28,4.35,1.78,1,concentrado
concentrar,6.25,1.71,3.9,1.77,1,concentrar
concepción,6.75,1.59,5.2,1.79,1,concepcion
concepto,5.6,1.1,5.0,0.56,1,concepto
conceptual,5.25,0.64,4.4,1.47,1,conceptual
concerniente,4.94,0.54,5.0,1.46,1,concerniente
concertación,6.11,1.33,5.19,1.52,1,concertacion
concertar,5.2,1.44,5.35,1.09,1,concertar
concesión,5.85,1.35,4.58,1.57,1,concesion
concesionaria,5.4,0.88,4.47,1.54,1,concesionaria
concha,6.75,1.48,4.55,2.06,1,concha
conciencia,6.45,1.19,5.2,1.61,1,conciencia
concienciación,6.0,1.63,4.95,2.19,1,concienciacion
concienciar,7.15,1.42,5.15,1.81,1,concienciar
concierto,7.7,1.3,6.5,2.19,1,concierto
conciliación,6.6,1.19,3.8,1.32,1,conciliacion
conciliador,6.6,1.67,3.6,1.96,1,conciliador
conciliar,7.2,1.99,4.1,1.8,1,conciliar
concilio,6.16,1.42,4.45,1.28,1,concilio
concisa,6.2,1.11,4.3,1.38,1,concisa
cónclave,4.58,1.07,5.31,1.08,1,conclave
concluir,5.15,1.39,4.5,1.79,1,concluir
conclusión,5.7,1.13,5.35,1.5,1,conclusion
concordancia,5.7,1.22,4.85,1.27,1,concordancia
concordia,5.6,1.6,4.45,1.61,1,concordia
concreción,5.69,1.08,4.84,1.42,1,concrecion
concretar,6.15,1.14,4.85,1.23,1,concretar
concreto,5.9,1.21,3.85,1.27,1,concreto
concuñada,5.71,1.69,5.0,1.22,1,concunada
concuñado,5.4,0.74,4.28,1.81,1,concunado
concurrencia,5.0,0.79,4.9,1.12,1,concurrencia
concurrir,4.95,1.08,5.44,1.54,1,concurrir
concursante,6.1,1.17,5.4,1.93,1,concursante
concurso,5.85,0.93,6.3,1.22,1,concurso
condado,5.05,0.4,4.6,1.27,1,condado
conde,5.1,1.07,5.05,1.0,1,conde
condecoración,5.75,1.41,5.5,1.76,1,condecoracion
condena,2.85,1.46,6.2,1.85,1,condena
condenación,3.2,1.44,7.0,1.29,1,condenacion
condenar,2.6,1.35,6.8,1.61,1,condenar
condensación,4.7,0.92,4.8,1.64,1,condensacion
condesa,4.47,1.35,4.4,1.9,1,condesa
condescendencia,4.47,1.47,5.41,1.23,1,condescendencia
condición,5.1,1.02,5.45,1.1,1,condicion
condicional,5.1,1.74,5.1,1.12,1,condicional
condicionalidad,4.26,1.15,5.1,1.71,1,condicionalidad
condicionamiento,4.2,1.64,6.1,1.02,1,condicionamiento
condicionar,4.1,1.55,5.45,1.5,1,condicionar
condolencia,2.84,1.98,6.25,1.71,1,condolencia
condonación,7.3,2.45,4.64,1.03,1,condonacion
cóndor,5.65,1.22,5.07,1.49,1,condor
conducción,5.8,1.36,5.95,1.54,1,conduccion
conduce,6.4,1.5,6.45,1.19,1,conduce
conducir,6.85,1.81,5.8,1.94,1,conducir
conducta,5.1,1.25,5.55,1.32,1,conducta
conductividad,5.55,1.15,5.35,0.75,1,conductividad
conducto,5.0,0.0,5.05,1.19,1,conducto
conductor,5.6,1.57,5.4,1.14,1,conductor
conduzco,6.15,1.9,6.1,1.83,1,conduzco
conectar,7.05,1.23,5.15,1.53,1,conectar
conectividad,6.65,1.18,4.65,1.14,1,conectividad
conectivo,5.2,0.7,5.61,1.14,1,conectivo
conejera,5.85,1.23,4.35,1.63,1,conejera
conejito,6.98,1.44,3.98,2.12,1,conejito
conejo,6.28,1.2,4.43,1.53,1,conejo
conexión,6.45,0.94,5.3,1.38,1,conexion
confección,5.53,1.07,4.1,1.52,1,confeccion
confeccionar,5.8,1.2,4.45,1.61,1,confeccionar
confederación,5.2,0.52,5.05,0.39,1,confederacion
conferencia,6.3,1.89,5.4,1.93,1,conferencia
conferir,5.16,1.46,5.0,1.12,1,conferir
confesar,5.75,1.25,6.55,1.99,1,confesar
confesión,5.45,1.43,6.1,2.05,1,confesion
confesional,5.1,0.91,5.15,1.46,1,confesional
confesionario,3.9,1.77,4.15,1.69,1,confesionario
confesor,4.9,1.17,4.65,1.98,1,confesor
confiabilidad,7.6,1.27,3.85,2.23,1,confiabilidad
confiable,7.75,0.97,2.9,1.97,1,confiable
confianza,8.18,1.26,2.85,2.06,1,confianza
confiar,8.1,1.02,3.45,1.57,1,confiar
confidencia,6.45,1.64,6.6,1.35,1,confidencia
confidencial,5.7,1.26,5.85,2.3,1,confidencial
confidencialidad,5.75,1.83,4.7,2.34,1,confidencialidad
confidente,6.35,0.99,4.35,2.21,1,confidente
configuración,5.1,0.72,5.5,0.89,1,configuracion
configurar,5.0,0.65,4.85,1.23,1,configurar
confín,5.08,1.0,5.35,1.5,1,confin
confinamiento,3.0,1.73,6.0,1.08,1,confinamiento
confirmación,5.85,2.37,5.1,1.77,1,confirmacion
confirmando,6.4,1.35,5.1,1.48,1,confirmando
confirmar,5.95,1.23,4.7,1.49,1,confirmar
confiscación,2.65,1.54,6.2,1.15,1,confiscacion
conflictiva,3.2,1.2,7.05,1.28,1,conflictiva
conflictividad,2.7,1.49,7.35,1.31,1,conflictividad
conflicto,2.55,1.23,7.4,1.67,1,conflicto
confluencia,5.69,1.35,5.1,0.79,1,confluencia
conformación,4.84,1.26,5.0,0.65,1,conformacion
conformar,4.05,1.28,4.8,1.54,1,conformar
conforme,5.4,1.05,4.05,1.67,1,conforme
conformidad,4.5,1.96,4.3,1.56,1,conformidad
confort,7.68,1.21,2.7,1.92,1,confort
confrontación,3.0,1.3,6.95,1.1,1,confrontacion
confrontar,4.95,1.96,6.2,1.2,1,confrontar
confundir,3.4,1.43,5.95,1.05,1,confundir
confusión,3.85,1.63,6.05,1.15,1,confusion
confuso,3.3,1.17,5.88,1.44,1,confuso
congelación,3.55,1.43,5.65,1.6,1,congelacion
congelar,4.6,1.57,5.1,1.37,1,congelar
congénita,4.05,1.87,5.8,0.95,1,congenita
congestión,2.95,1.15,5.9,1.48,1,congestion
conglomerado,4.4,1.47,4.9,0.97,1,conglomerado
congoja,2.88,1.22,6.13,1.45,1,congoja
congregación,5.4,0.99,5.6,1.19,1,congregacion
congregar,5.6,1.1,5.5,1.15,1,congregar
congresista,4.58,1.02,5.0,1.17,1,congresista
congreso,4.95,1.39,5.0,2.0,1,congreso
congrio,4.42,1.31,5.75,1.04,1,congrio
congruencia,5.59,1.87,4.79,1.51,1,congruencia
cónica,5.11,0.58,4.43,1.6,1,conica
conjetura,4.83,0.86,5.15,1.23,1,conjetura
conjugación,5.0,0.0,4.85,0.93,1,conjugacion
conjugar,4.95,0.94,4.9,0.97,1,conjugar
conjunta,5.55,1.0,4.4,1.47,1,conjunta
conjuntivitis,2.35,1.04,6.65,1.42,1,conjuntivitis
conjunto,5.8,1.15,4.6,1.39,1,conjunto
conjura,4.95,1.1,5.72,0.96,1,conjura
conjurar,4.65,1.66,5.16,1.46,1,conjurar
conjuro,5.3,2.27,6.1,1.68,1,conjuro
conmemoración,6.1,1.68,5.3,1.66,1,conmemoracion
conmemorar,6.55,1.28,5.25,1.59,1,conmemorar
conmemorativa,5.95,0.89,4.7,1.87,1,conmemorativa
conmoción,3.6,1.88,6.5,1.19,1,conmocion
conmovedor,6.7,1.63,4.8,2.53,1,conmovedor
conmover,6.55,1.47,5.1,1.83,1,conmover
conmutación,4.89,0.83,4.87,1.85,1,conmutacion
connivencia,6.64,1.29,5.29,0.95,1,connivencia
connotación,4.9,0.31,4.84,0.9,1,connotacion
cono,4.95,0.76,4.45,1.19,1,cono
coño,4.35,2.76,6.1,2.17,1,cono
conoce,6.3,1.13,5.25,1.55,1,conoce
conocedor,5.95,1.43,4.9,1.55,1,conocedor
conocer,6.6,1.19,6.0,2.38,1,conocer
conocería,6.15,1.79,5.25,1.25,1,conoceria
conocimiento,7.63,1.29,5.55,1.82,1,conocimiento
conozco,5.9,1.17,4.25,2.15,1,conozco
conque,4.78,0.67,5.0,0.45,1,conque
conquista,6.55,1.43,6.05,1.85,1,conquista
conquistador,5.5,1.79,6.25,1.33,1,conquistador
conquistar,6.65,1.9,6.65,1.27,1,conquistar
consagración,4.1,1.83,5.21,1.65,1,consagracion
consagrar,5.05,1.61,5.2,1.79,1,consagrar
consciencia,6.95,1.32,4.75,1.48,1,consciencia
consciente,6.95,1.15,4.8,1.58,1,consciente
consecución,5.26,1.56,5.8,1.15,1,consecucion
consecuencia,4.25,2.05,6.7,1.22,1,consecuencia
consecuente,5.6,1.98,4.95,1.96,1,consecuente
consecutivo,5.1,0.64,4.5,1.24,1,consecutivo
conseguir,7.3,1.03,6.05,2.24,1,conseguir
conseguiré,8.0,1.17,6.6,1.57,1,conseguire
consejera,6.2,1.7,4.7,1.66,1,consejera
consejería,4.7,0.92,4.9,1.12,1,consejeria
consejero,5.65,1.35,4.9,1.68,1,consejero
consejo,6.65,1.23,3.55,1.5,1,consejo
consenso,6.0,1.81,4.2,1.47,1,consenso
consensuar,6.11,0.94,4.84,1.95,1,consensuar
consentimiento,6.25,1.37,4.65,1.27,1,consentimiento
consentir,4.1,1.29,5.4,1.23,1,consentir
conserje,5.15,1.04,4.65,1.09,1,conserje
conservación,6.0,1.34,4.7,1.3,1,conservacion
conservador,4.3,1.34,5.5,2.24,1,conservador
conservadurismo,4.45,2.06,4.94,1.35,1,conservadurismo
conservar,6.55,1.5,4.25,1.48,1,conservar
conservatorio,5.4,1.82,4.6,1.73,1,conservatorio
considerable,5.9,0.85,4.55,2.04,1,considerable
consideración,7.05,1.23,4.9,1.45,1,consideracion
considerado,6.88,1.38,4.28,1.55,1,considerado
considerando,5.7,1.08,4.8,0.95,1,considerando
considerar,6.05,0.89,4.3,1.38,1,considerar
consigna,5.63,1.13,4.95,1.23,1,consigna
consigo,6.5,1.43,5.5,1.32,1,consigo
consigue,6.65,1.18,5.65,1.63,1,consigue
consiguiente,5.1,0.64,4.45,1.39,1,consiguiente
consistencia,5.6,1.27,4.5,1.67,1,consistencia
consistente,6.3,1.26,4.75,1.41,1,consistente
consistorio,4.94,0.43,4.47,1.74,1,consistorio
consola,5.4,1.47,5.3,1.92,1,consola
consolado,5.85,1.53,4.1,1.72,1,consolado
consolar,5.15,1.95,3.65,1.76,1,consolar
consolidación,6.15,1.04,4.6,1.47,1,consolidacion
consolidar,6.3,1.34,4.85,1.42,1,consolidar
consonancia,5.33,0.77,4.26,1.73,1,consonancia
consonante,5.85,1.27,4.75,1.16,1,consonante
consorcio,5.31,1.08,4.81,1.11,1,consorcio
consorte,4.83,0.51,5.41,1.06,1,consorte
conspiración,3.1,1.12,7.15,1.18,1,conspiracion
conspirar,3.85,1.09,6.9,1.33,1,conspirar
constancia,6.4,0.94,3.95,1.67,1,constancia
constante,6.75,1.33,5.1,1.94,1,constante
constar,5.3,0.66,5.25,1.02,1,constar
constatación,5.4,1.23,4.89,1.52,1,constatacion
constatar,5.45,0.83,5.35,0.99,1,constatar
constelación,7.3,1.38,3.9,2.05,1,constelacion
consternación,2.79,1.08,5.7,1.81,1,consternacion
constipado,2.4,1.14,6.11,0.88,1,constipado
constitución,5.85,1.79,5.2,1.58,1,constitucion
constitucional,5.0,1.45,4.7,1.49,1,constitucional
constitucionalidad,5.6,0.88,4.89,1.85,1,constitucionalidad
constituir,6.2,1.61,5.05,1.0,1,constituir
constituiré,5.5,1.15,5.1,1.59,1,constituire
constitutivo,5.0,0.33,5.25,1.25,1,constitutivo
constituye,5.2,0.52,5.05,1.36,1,constituye
constituyente,4.95,0.89,5.05,0.76,1,constituyente
constituyo,6.05,1.0,4.8,1.4,1,constituyo
constrictor,4.24,1.03,5.19,1.42,1,constrictor
construcción,5.25,0.85,5.15,1.14,1,construccion
constructiva,6.0,1.17,5.25,1.33,1,constructiva
constructor,5.45,1.15,4.95,1.28,1,constructor
construir,6.6,1.31,5.75,0.97,1,construir
construiré,5.6,1.6,5.55,1.43,1,construire
construye,5.6,1.23,5.15,1.23,1,construye
construyo,5.85,1.14,5.15,1.63,1,construyo
consuegra,5.1,1.65,6.0,1.12,1,consuegra
consuegro,5.05,0.71,5.85,1.39,1,consuegro
consuela,5.95,1.28,4.25,1.37,1,consuela
consuelo,6.4,1.5,3.6,1.79,1,consuelo
cónsul,5.06,1.26,4.85,1.27,1,consul
consulado,4.8,0.7,5.0,0.86,1,consulado
consular,5.44,0.81,4.88,1.2,1,consular
consulta,5.15,1.27,5.1,1.86,1,consulta
consultar,5.7,1.3,5.05,1.43,1,consultar
consultivo,5.05,0.4,5.78,1.31,1,consultivo
consultor,5.3,0.66,4.8,1.15,1,consultor
consultoría,5.05,0.69,5.3,1.53,1,consultoria
consultorio,5.3,0.8,4.45,1.32,1,consultorio
consumación,5.6,1.35,6.3,1.78,1,consumacion
consumidor,4.85,1.6,5.45,1.73,1,consumidor
consumir,5.4,1.76,6.35,1.23,1,consumir
consumo,4.75,1.45,5.85,1.63,1,consumo
contabilidad,4.25,0.91,4.65,2.01,1,contabilidad
contable,5.35,0.93,4.2,1.7,1,contable
contactar,6.35,1.35,4.55,2.11,1,contactar
contacto,5.85,1.18,5.3,1.3,1,contacto
contador,4.85,0.67,5.1,1.65,1,contador
contagio,1.95,1.0,6.95,1.64,1,contagio
contagiosa,3.3,1.56,7.0,1.26,1,contagiosa
contaminación,1.95,0.97,6.4,1.39,1,contaminacion
contaminante,2.2,1.11,6.8,1.06,1,contaminante
contaminar,2.46,1.14,6.8,1.14,1,contaminar
contar,6.0,1.34,4.45,1.39,1,contar
contemplación,5.55,1.19,3.9,1.37,1,contemplacion
contemplar,7.05,1.5,4.25,1.92,1,contemplar
contemplativa,5.65,1.04,3.42,1.35,1,contemplativa
contemporáneo,5.6,1.23,4.9,1.52,1,contemporaneo
contención,4.45,1.5,6.05,1.28,1,contencion
contencioso,4.44,1.1,5.45,1.5,1,contencioso
contenedor,3.6,1.35,5.0,1.08,1,contenedor
contener,4.75,1.37,5.05,0.6,1,contener
contenido,5.18,0.71,5.05,1.24,1,contenido
contento,8.5,0.76,6.1,2.31,1,contento
conteo,5.42,1.17,4.61,0.78,1,conteo
contestación,5.6,0.94,5.6,1.54,1,contestacion
contestar,6.15,1.35,5.85,1.46,1,contestar
conteste,5.1,1.17,5.15,1.63,1,conteste
contesto,5.65,1.5,5.0,1.56,1,contesto
contexto,5.35,1.04,4.88,0.94,1,contexto
contienda,4.3,1.75,5.63,1.26,1,contienda
contigua,5.75,1.33,4.55,1.0,1,contigua
continental,5.45,1.19,4.9,1.07,1,continental
continente,5.5,1.15,4.05,1.57,1,continente
contingencia,4.58,0.77,5.56,1.62,1,contingencia
contingente,5.0,0.82,5.2,1.01,1,contingente
continua,6.2,0.89,4.75,0.97,1,continua
continúa,6.1,1.45,5.2,1.74,1,continua
continuación,6.15,1.46,5.2,2.07,1,continuacion
continuar,6.6,1.57,5.7,1.45,1,continuar
continuaría,5.5,1.34,5.13,1.41,1,continuaria
continuidad,5.85,1.27,4.45,2.06,1,continuidad
continúo,6.4,1.57,5.21,1.36,1,continuo
contorno,5.3,0.92,4.1,1.21,1,contorno
contraataque,4.15,2.08,6.9,0.64,1,contraataque
contrabajo,6.05,1.76,3.9,2.07,1,contrabajo
contrabando,2.65,1.6,6.9,0.97,1,contrabando
contracción,4.75,1.65,7.3,1.03,1,contraccion
contractual,4.89,1.2,5.13,1.15,1,contractual
contradecir,3.65,1.46,6.6,1.31,1,contradecir
contradicción,3.7,1.59,6.65,0.93,1,contradiccion
contradictorio,2.8,1.24,6.6,1.43,1,contradictorio
contraer,5.0,1.52,6.4,1.31,1,contraer
contrafagot,5.36,0.5,4.83,1.64,1,contrafagot
contrafuerte,5.18,0.39,5.2,1.51,1,contrafuerte
contragolpe,4.5,1.61,6.75,1.77,1,contragolpe
contraofensiva,3.8,1.36,6.21,0.92,1,contraofensiva
contraparte,4.5,0.99,4.81,1.33,1,contraparte
contrapartida,5.1,1.12,5.25,1.33,1,contrapartida
contrapeso,5.0,0.79,5.15,1.39,1,contrapeso
contraposición,4.5,1.05,5.8,1.36,1,contraposicion
contraprestación,4.42,1.35,5.33,1.23,1,contraprestacion
contraproducente,3.74,1.19,5.95,1.19,1,contraproducente
contrapunto,5.25,0.72,5.16,0.5,1,contrapunto
contrariedad,3.45,1.05,6.8,1.01,1,contrariedad
contrario,4.0,1.26,6.05,0.76,1,contrario
contrarreloj,3.6,1.19,7.2,1.94,1,contrarreloj
contrarrestar,5.35,1.14,5.5,1.5,1,contrarrestar
contraseña,5.9,1.37,5.15,1.46,1,contrasena
contrastar,5.55,1.73,5.25,1.21,1,contrastar
contraste,4.9,1.33,5.65,1.14,1,contraste
contrata,5.5,1.57,6.35,1.6,1,contrata
contratación,6.53,1.17,5.85,1.63,1,contratacion
contratar,6.85,1.39,6.0,2.03,1,contratar
contratiempo,3.05,1.23,7.65,1.14,1,contratiempo
contrato,5.85,1.27,5.75,1.45,1,contrato
contribución,6.05,1.5,5.7,1.49,1,contribucion
contribuir,6.8,1.4,5.4,0.88,1,contribuir
contribuyente,5.6,1.27,5.35,1.57,1,contribuyente
contrincante,4.4,1.67,6.6,1.93,1,contrincante
control,6.4,1.5,4.65,1.87,1,control
controlador,3.85,2.18,7.1,1.55,1,controlador
controlar,4.05,1.76,6.5,1.4,1,controlar
controversia,4.05,1.1,6.2,1.36,1,controversia
contundencia,5.68,1.45,5.25,1.41,1,contundencia
contundente,5.6,1.31,5.55,2.09,1,contundente
conurbación,6.0,1.41,5.0,0.63,1,conurbacion
convalecencia,4.05,2.09,5.25,1.29,1,convalecencia
convección,5.65,1.8,5.74,0.99,1,conveccion
convencer,5.9,1.86,5.3,1.3,1,convencer
convencido,6.8,1.45,4.53,1.99,1,convencido
convencimiento,5.75,1.12,5.0,1.21,1,convencimiento
convención,5.45,1.23,5.4,1.31,1,convencion
convencional,5.25,0.85,4.15,1.18,1,convencional
convenido,4.21,1.44,5.4,1.5,1,convenido
conveniencia,3.05,1.32,6.4,1.39,1,conveniencia
conveniente,5.5,0.95,4.65,1.63,1,conveniente
convenio,5.6,0.88,5.1,1.25,1,convenio
convento,3.7,1.22,3.95,2.04,1,convento
convergencia,5.55,1.19,4.9,1.25,1,convergencia
convergente,4.95,0.51,5.1,0.64,1,convergente
conversa,5.75,1.21,5.1,0.79,1,conversa
conversación,6.5,0.89,5.0,1.89,1,conversacion
conversar,6.55,1.28,5.6,2.16,1,conversar
conversión,4.65,1.18,5.84,1.3,1,conversion
convertir,5.95,1.19,5.05,1.39,1,convertir
convicción,6.1,0.79,5.32,1.83,1,conviccion
convidar,7.05,1.61,5.2,1.36,1,convidar
convincente,5.9,1.17,4.35,1.76,1,convincente
convite,7.2,1.2,6.11,2.22,1,convite
convivencia,6.9,1.12,5.05,2.33,1,convivencia
convivir,6.7,1.26,5.9,1.65,1,convivir
convocar,5.0,0.56,5.4,1.98,1,convocar
convocatoria,4.85,0.67,6.75,1.25,1,convocatoria
convoy,5.08,0.49,5.0,1.32,1,convoy
convulsión,2.9,1.45,7.05,1.76,1,convulsion
cónyuge,6.6,1.05,5.95,2.01,1,conyuge
cooperación,6.8,1.15,4.35,1.79,1,cooperacion
cooperar,7.5,1.32,5.1,2.45,1,cooperar
cooperativa,5.95,0.89,4.85,2.01,1,cooperativa
coordinación,5.95,1.0,4.75,1.55,1,coordinacion
coordinador,5.5,1.32,5.05,1.5,1,coordinador
coordinadora,5.9,1.59,5.5,1.5,1,coordinadora
coordinar,5.85,0.99,5.15,1.81,1,coordinar
copa,6.4,1.43,5.4,1.96,1,copa
copia,4.55,0.89,5.3,1.17,1,copia
copiado,3.9,1.41,5.45,1.73,1,copiado
copiar,4.15,1.31,5.1,1.52,1,copiar
copiloto,5.5,0.83,5.45,1.28,1,copiloto
copiosa,4.05,1.5,5.3,1.42,1,copiosa
copla,5.3,1.53,5.0,1.72,1,copla
coproducción,5.8,0.89,5.05,1.43,1,coproduccion
coqueta,6.85,1.31,5.4,2.21,1,coqueta
coquetería,6.21,1.03,6.21,1.93,1,coqueteria
coraje,6.95,1.79,6.45,1.5,1,coraje
coral,6.6,1.27,4.3,1.78,1,coral
coraza,4.0,1.26,5.05,1.39,1,coraza
corazón,7.0,1.32,5.93,2.1,1,corazon
corbata,5.4,0.94,4.05,1.54,1,corbata
corbeta,5.3,0.67,4.86,2.54,1,corbeta
corcel,6.0,1.54,4.89,1.76,1,corcel
corchetes,5.1,0.45,4.0,1.89,1,corchetes
corcho,5.5,1.04,4.5,1.06,1,corcho
cordel,5.47,1.35,4.42,1.17,1,cordel
cordero,5.85,1.33,3.95,1.45,1,cordero
cordial,7.15,1.31,3.85,1.39,1,cordial
cordialidad,7.0,1.34,3.5,1.73,1,cordialidad
cordillera,5.55,1.19,4.05,1.47,1,cordillera
cordobés,5.75,1.07,5.65,1.5,1,cordobes
cordón,5.0,0.86,4.35,1.69,1,cordon
cordura,6.3,1.42,3.75,1.97,1,cordura
coreano,5.25,0.72,5.35,1.04,1,coreano
coreografía,6.65,1.35,6.35,1.6,1,coreografia
coreógrafo,6.2,1.4,5.65,1.69,1,coreografo
córner,4.65,1.35,5.4,0.88,1,corner
corneta,4.72,1.02,5.0,1.61,1,corneta
cornisa,4.9,0.79,4.9,1.37,1,cornisa
corno,5.0,0.0,4.86,0.38,1,corno
coro,6.85,1.46,4.45,1.82,1,coro
corola,5.21,0.43,4.76,1.15,1,corola
corolario,5.0,0.0,4.78,1.09,1,corolario
corona,5.5,1.2,5.85,1.53,1,corona
coronación,5.15,1.53,5.85,1.14,1,coronacion
coronar,6.15,2.03,5.6,1.43,1,coronar
coronarias,4.25,1.37,5.5,1.67,1,coronarias
coronario,4.56,1.1,5.21,1.23,1,coronario
coronel,4.9,1.37,6.0,0.97,1,coronel
corporación,5.26,0.73,5.6,0.99,1,corporacion
corporal,6.15,1.27,5.2,1.24,1,corporal
corporativa,4.95,0.69,5.25,0.79,1,corporativa
corral,5.4,1.27,5.05,2.09,1,corral
corralito,5.15,1.6,4.85,1.5,1,corralito
correa,3.75,1.45,5.5,1.64,1,correa
corrección,4.8,1.4,5.85,1.87,1,correccion
correcta,7.2,1.4,4.85,2.43,1,correcta
corredor,5.58,1.6,5.85,1.66,1,corredor
corregimiento,4.42,1.3,5.53,1.43,1,corregimiento
corregir,4.95,1.85,5.4,1.57,1,corregir
correlación,5.15,1.46,5.2,1.01,1,correlacion
correo,6.2,1.29,4.85,1.35,1,correo
correr,5.8,2.04,6.35,2.21,1,correr
correspondencia,5.65,0.99,5.05,1.36,1,correspondencia
corresponder,6.55,1.73,4.8,2.26,1,corresponder
correspondiente,6.35,1.04,4.9,1.89,1,correspondiente
corresponsal,5.05,0.6,5.0,1.65,1,corresponsal
corrida,4.1,1.89,6.65,1.5,1,corrida
corriente,4.9,1.17,6.1,1.37,1,corriente
corromper,3.05,1.73,6.9,1.12,1,corromper
corrosión,3.2,1.15,5.84,1.38,1,corrosion
corrupción,2.05,1.23,6.95,1.7,1,corrupcion
corrupto,1.75,0.98,7.03,1.29,1,corrupto
corsarios,4.95,1.0,5.8,1.36,1,corsarios
corsé,5.0,2.18,5.8,1.88,1,corse
corso,5.6,1.34,5.36,0.67,1,corso
cortacésped,5.0,1.26,4.8,1.24,1,cortacesped
cortafríos,5.56,1.21,5.33,1.29,1,cortafrios
cortante,3.65,1.6,6.45,0.69,1,cortante
cortar,3.3,0.92,5.75,1.45,1,cortar
corte,3.9,1.39,6.6,1.3,1,corte
cortejo,6.5,0.89,6.4,1.76,1,cortejo
cortés,6.3,0.8,4.4,1.57,1,cortes
cortesano,5.74,1.15,4.67,0.84,1,cortesano
cortesía,6.65,1.23,4.15,1.7,1,cortesia
corteza,5.15,1.04,3.7,1.87,1,corteza
cortijo,5.8,1.06,4.2,1.51,1,cortijo
cortina,5.2,0.52,4.05,1.48,1,cortina
corto,4.5,0.95,5.25,1.16,1,corto
cortometraje,6.6,1.39,5.1,1.8,1,cortometraje
corva,4.38,1.31,4.8,1.15,1,corva
corzo,5.0,1.5,4.8,2.04,1,corzo
cosa,5.4,0.88,4.45,1.43,1,cosa
cosecha,6.4,1.23,4.05,1.61,1,cosecha
cosechadora,5.15,1.46,5.15,1.09,1,cosechadora
cosechar,6.8,1.32,4.9,1.25,1,cosechar
coser,5.5,1.32,4.0,1.89,1,coser
cósmica,5.75,1.45,4.85,1.81,1,cosmica
cosmología,6.0,1.65,4.21,2.02,1,cosmologia
cosmopolita,6.21,1.4,5.32,1.2,1,cosmopolita
costa,7.3,1.53,3.93,2.18,1,costa
costado,5.25,0.97,4.95,1.0,1,costado
costar,4.3,0.8,5.6,1.64,1,costar
costarricense,5.53,0.72,4.27,2.0,1,costarricense
coste,3.15,1.04,5.4,1.64,1,coste
costear,4.2,1.28,5.95,1.1,1,costear
costera,5.85,1.23,4.21,1.93,1,costera
costillas,5.95,1.57,5.8,1.06,1,costillas
costo,4.2,1.67,5.63,1.64,1,costo
costra,3.9,1.77,5.45,1.57,1,costra
costumbre,5.65,1.23,4.13,1.64,1,costumbre
costumbrista,4.58,0.84,4.39,1.42,1,costumbrista
costura,5.45,0.94,4.2,1.15,1,costura
costurera,5.6,1.05,3.7,1.38,1,costurera
cota,5.08,0.49,5.11,1.64,1,cota
cotidiana,5.3,1.03,3.9,1.41,1,cotidiana
cotilleo,4.5,1.84,6.23,2.03,1,cotilleo
cotización,5.89,1.2,5.45,1.73,1,cotizacion
cotizar,6.0,2.29,5.25,2.0,1,cotizar
coto,3.95,1.27,5.53,2.04,1,coto
cotorra,5.4,2.14,5.65,1.84,1,cotorra
country,5.75,1.02,4.83,1.69,1,country
coyote,5.53,1.17,5.4,1.9,1,coyote
coyuntura,4.72,1.23,5.39,0.61,1,coyuntura
coyuntural,4.94,1.48,4.94,1.53,1,coyuntural
crack,6.45,2.42,6.6,1.54,1,crack
craneal,5.25,1.29,5.55,1.5,1,craneal
cráneo,5.25,1.21,5.55,1.41,1,craneo
cráter,4.7,0.66,6.05,1.43,1,crater
creación,6.6,1.5,5.9,1.62,1,creacion
creador,6.65,1.14,5.65,2.01,1,creador
creadora,7.2,1.32,4.95,1.15,1,creadora
crear,7.75,1.12,5.4,1.54,1,crear
creativa,7.65,1.23,5.55,1.79,1,creativa
creatividad,8.05,1.0,6.3,1.49,1,creatividad
crece,6.85,1.76,5.9,1.48,1,crece
crecer,6.9,1.94,5.25,1.59,1,crecer
creceré,5.85,1.35,5.1,1.92,1,crecere
creces,5.65,1.46,4.9,1.29,1,creces
creciente,6.3,1.3,5.2,1.44,1,creciente
crecimiento,7.05,1.79,5.55,1.32,1,crecimiento
credibilidad,6.7,1.34,4.55,2.35,1,credibilidad
crediticia,4.63,0.52,4.13,1.64,1,crediticia
crédito,5.2,1.82,5.9,1.48,1,credito
credo,4.47,1.17,5.05,1.61,1,credo
credulidad,5.63,1.26,5.16,2.01,1,credulidad
cree,6.79,1.62,3.85,1.6,1,cree
creencia,5.6,1.39,5.0,1.62,1,creencia
creer,6.7,1.84,4.85,1.93,1,creer
creeré,6.3,1.45,5.3,1.3,1,creere
creería,5.15,0.81,5.1,0.97,1,creeria
creíble,6.65,1.31,4.9,1.65,1,creible
crema,5.85,1.14,3.35,1.98,1,crema
creo,6.1,1.62,5.2,1.15,1,creo
crepe,7.54,1.33,4.7,2.36,1,crepe
crepúsculo,6.25,1.07,4.48,2.24,1,crepusculo
cresta,5.55,1.19,5.1,0.72,1,cresta
creyente,5.3,2.34,4.4,1.82,1,creyente
cría,6.65,1.35,5.35,1.76,1,cria
criada,3.25,1.25,5.2,1.67,1,criada
criado,3.95,1.64,5.35,1.66,1,criado
crianza,6.65,1.31,5.35,1.81,1,crianza
criar,7.2,1.15,5.7,2.03,1,criar
criatura,6.35,1.37,4.98,1.66,1,criatura
crimen,2.15,1.17,7.9,1.17,1,crimen
criminal,2.3,1.22,7.28,1.11,1,criminal
criminalidad,2.3,1.66,6.95,1.32,1,criminalidad
criolla,5.2,0.86,4.67,1.23,1,criolla
cripta,3.26,1.79,6.5,1.15,1,cripta
criptografía,5.06,0.57,5.8,0.94,1,criptografia
críquet,5.38,1.02,4.44,1.71,1,criquet
crisantemo,4.92,1.85,4.73,1.91,1,crisantemo
crisis,2.23,1.23,7.18,1.72,1,crisis
crisol,5.09,1.14,4.88,0.35,1,crisol
crispación,3.5,1.38,6.45,1.82,1,crispacion
cristal,4.95,1.28,5.5,1.67,1,cristal
cristales,4.6,1.76,5.15,1.46,1,cristales
cristalina,6.5,1.19,3.55,1.57,1,cristalina
cristalización,6.0,1.49,4.95,1.05,1,cristalizacion
cristiana,4.8,1.96,4.55,1.15,1,cristiana
cristiandad,5.05,2.06,4.85,1.53,1,cristiandad
cristianismo,4.8,2.04,5.15,2.18,1,cristianismo
cristiano,4.95,1.57,4.15,1.93,1,cristiano
cristo,4.3,1.75,5.2,1.77,1,cristo
criterio,6.3,1.3,5.15,1.35,1,criterio
crítica,3.8,1.47,7.1,1.21,1,critica
criticar,2.2,1.7,6.25,1.65,1,criticar
crítico,5.2,2.19,6.5,1.1,1,critico
croata,5.16,1.01,4.68,1.29,1,croata
cromática,6.2,1.2,5.05,0.97,1,cromatica
cromos,5.55,0.76,4.16,1.92,1,cromos
cromosoma,5.95,1.23,5.15,0.99,1,cromosoma
crónica,5.05,0.69,5.05,1.64,1,cronica
cronista,5.25,1.12,5.24,1.52,1,cronista
cronología,5.15,0.49,4.75,1.71,1,cronologia
cronológico,5.35,0.88,4.35,1.5,1,cronologico
crótalos,5.44,0.88,4.92,1.38,1,crotalos
crucería,4.69,0.85,4.27,1.62,1,cruceria
crucero,7.55,1.88,4.2,2.86,1,crucero
crucial,4.85,1.09,6.3,1.49,1,crucial
crucificar,1.9,1.06,7.28,1.3,1,crucificar
crucifico,3.1,2.0,6.05,1.82,1,crucifico
crucifijo,4.4,1.96,5.7,1.42,1,crucifijo
crucifixión,1.95,1.28,6.84,1.95,1,crucifixion
crudeza,3.05,1.36,5.45,1.32,1,crudeza
crudo,3.5,1.57,5.3,1.17,1,crudo
cruel,2.23,1.4,7.38,1.15,1,cruel
crueldad,2.1,1.55,7.85,1.14,1,crueldad
cruenta,2.6,1.65,5.5,1.31,1,cruenta
crujido,4.35,1.46,5.85,1.04,1,crujido
crujir,4.5,0.83,5.65,1.27,1,crujir
cruz,4.4,1.76,5.45,1.73,1,cruz
cruzada,4.5,2.12,6.35,1.5,1,cruzada
cruzar,5.3,0.86,5.65,1.46,1,cruzar
cuadernillo,5.1,0.45,4.45,1.15,1,cuadernillo
cuaderno,5.7,1.42,4.8,1.11,1,cuaderno
cuadra,5.15,1.76,4.85,1.63,1,cuadra
cuadrado,5.2,0.82,4.48,1.32,1,cuadrado
cuadrangular,4.89,0.32,5.2,1.01,1,cuadrangular
cuadrante,5.15,1.04,4.35,1.69,1,cuadrante
cuadrilla,5.75,1.74,5.35,0.81,1,cuadrilla
cuadro,5.75,0.97,4.2,1.61,1,cuadro
cual,5.1,0.45,4.79,0.92,1,cual
cualidad,7.05,1.54,4.9,1.71,1,cualidad
cualificación,6.7,1.84,5.65,1.6,1,cualificacion
cualitativo,6.15,1.09,5.0,1.38,1,cualitativo
cualquier,5.05,1.1,4.6,1.5,1,cualquier
cuan,5.09,0.3,5.0,0.45,1,cuan
cuán,5.1,0.32,4.56,1.63,1,cuan
cuándo,5.6,1.19,5.3,2.0,1,cuando
cuantía,5.2,1.24,5.65,1.04,1,cuantia
cuántica,4.4,0.99,5.35,1.6,1,cuantica
cuantificación,5.45,0.94,5.2,1.11,1,cuantificacion
cuantificar,5.3,0.66,5.5,1.15,1,cuantificar
cuantitativa,4.9,1.02,5.0,1.26,1,cuantitativa
cuanto,5.15,0.49,4.85,0.93,1,cuanto
cuarcita,5.24,0.66,4.56,0.73,1,cuarcita
cuarenta,5.0,1.41,5.3,1.08,1,cuarenta
cuarentena,2.8,1.61,6.95,1.43,1,cuarentena
cuarta,5.05,0.6,4.85,0.75,1,cuarta
cuartel,3.75,1.94,6.05,1.43,1,cuartel
cuarteto,5.8,0.95,4.85,1.14,1,cuarteto
cuartilla,5.0,1.12,4.8,1.2,1,cuartilla
cuartito,5.65,1.04,4.35,1.63,1,cuartito
cuarto,5.15,0.75,4.5,1.32,1,cuarto
cuarzo,6.05,1.31,5.25,1.68,1,cuarzo
cuasi,4.72,1.81,5.0,0.94,1,cuasi
cuatrimestre,4.4,1.7,6.2,1.4,1,cuatrimestre
cuatro,5.3,0.98,4.15,1.87,1,cuatro
cubalibre,5.6,2.16,6.47,1.43,1,cubalibre
cubano,5.85,1.35,5.85,1.04,1,cubano
cubata,5.55,1.61,6.05,1.85,1,cubata
cubeta,4.9,0.45,4.85,0.99,1,cubeta
cúbico,5.15,0.75,5.05,0.94,1,cubico
cubierta,5.65,1.09,4.65,1.04,1,cubierta
cubiertos,5.15,1.27,4.8,0.77,1,cubiertos
cubismo,5.16,0.9,5.19,1.17,1,cubismo
cúbito,5.1,0.55,4.4,1.47,1,cubito
cubo,5.25,1.02,4.15,1.31,1,cubo
cubrir,5.8,1.32,4.35,1.35,1,cubrir
cucaracha,2.72,1.62,6.95,1.36,1,cucaracha
cuchara,5.85,1.23,4.2,1.47,1,cuchara
cucharada,5.75,1.33,4.95,1.93,1,cucharada
cucharilla,5.85,1.18,4.2,1.36,1,cucharilla
cucharón,5.65,1.09,4.55,1.05,1,cucharon
cuchicheo,4.1,1.55,6.45,1.15,1,cuchicheo
cuchilla,2.85,1.14,6.6,1.6,1,cuchilla
cuchillo,2.8,1.16,6.9,1.55,1,cuchillo
cuclillas,4.75,0.91,4.85,1.31,1,cuclillas
cuco,5.89,1.33,4.42,1.77,1,cuco
cuelga,4.9,0.55,4.7,1.03,1,cuelga
cuello,5.65,0.93,5.45,1.7,1,cuello
cuenca,5.35,0.67,5.25,1.68,1,cuenca
cuenco,5.05,0.32,4.35,1.23,1,cuenco
cuenta,5.2,0.95,5.5,1.15,1,cuenta
cuento,7.3,1.22,3.8,2.19,1,cuento
cuerda,5.2,1.24,5.0,1.12,1,cuerda
cuerno,4.55,1.19,6.15,1.23,1,cuerno
cuero,5.6,1.43,5.4,1.54,1,cuero
cuerpo,5.68,1.1,5.83,1.78,1,cuerpo
cuervo,4.25,1.71,6.05,1.1,1,cuervo
cuesta,4.3,0.86,5.8,1.06,1,cuesta
cuestión,5.2,0.83,5.65,1.23,1,cuestion
cuestionamiento,4.35,1.14,5.95,1.31,1,cuestionamiento
cuestionar,4.55,1.32,6.15,0.99,1,cuestionar
cuestionario,4.85,0.81,5.0,1.78,1,cuestionario
cuesto,4.21,1.12,4.86,1.83,1,cuesto
cueva,5.2,1.77,4.95,2.35,1,cueva
cuida,6.9,1.33,3.6,1.57,1,cuida
cuidado,5.55,1.47,4.3,2.32,1,cuidado
cuidador,6.4,1.1,4.8,1.36,1,cuidador
cuidadosa,7.15,1.14,3.3,1.66,1,cuidadosa
cuidar,6.8,1.51,4.3,1.84,1,cuidar
culata,4.35,1.27,5.65,1.5,1,culata
culebra,4.1,1.68,7.15,2.08,1,culebra
culminación,5.0,2.36,5.85,1.6,1,culminacion
culminante,5.1,1.21,7.35,1.31,1,culminante
culminar,6.05,1.23,5.8,1.79,1,culminar
culo,5.8,1.64,5.95,1.15,1,culo
culpa,2.55,1.05,6.95,1.1,1,culpa
culpabilidad,2.2,1.06,7.05,0.76,1,culpabilidad
culpable,2.85,1.42,7.25,1.6,1,culpable
culpar,2.2,1.32,6.55,1.28,1,culpar
culta,7.0,1.45,4.8,1.77,1,culta
cultivar,6.1,1.29,4.55,2.04,1,cultivar
cultivo,6.15,1.57,4.3,1.22,1,cultivo
culto,6.1,1.89,5.6,2.19,1,culto
cultura,7.45,1.1,5.5,2.24,1,cultura
culturismo,4.75,1.68,5.85,1.09,1,culturismo
cumbia,6.2,1.57,5.33,1.99,1,cumbia
cumbre,6.45,1.43,5.55,1.54,1,cumbre
cumpleaños,7.55,1.1,7.3,2.03,1,cumpleanos
cumplimiento,6.1,1.41,5.3,1.63,1,cumplimiento
cumplir,6.55,1.43,4.95,1.82,1,cumplir
cúmulo,4.42,1.22,6.05,0.89,1,cumulo
cuna,7.2,1.2,3.05,2.19,1,cuna
cuña,5.4,1.31,4.4,0.99,1,cuna
cuñada,6.3,1.3,5.1,1.62,1,cunada
cuñado,5.65,1.57,5.0,1.75,1,cunado
cundir,6.05,1.43,5.45,1.36,1,cundir
cuneta,3.79,1.4,5.9,1.45,1,cuneta
cuota,3.2,1.4,5.75,0.85,1,cuota
cupé,5.22,0.67,4.67,1.23,1,cupe
cupo,4.8,0.7,5.45,0.76,1,cupo
cúpula,4.9,1.48,5.6,1.05,1,cupula
cura,5.0,2.3,4.48,2.0,1,cura
curación,7.5,1.4,4.25,2.4,1,curacion
curador,6.05,1.57,4.95,1.76,1,curador
curar,7.65,1.46,4.35,2.2,1,curar
curia,5.2,0.79,4.67,0.58,1,curia
curiosidad,6.65,1.31,7.0,1.45,1,curiosidad
curioso,7.0,1.41,5.5,1.66,1,curioso
curo,6.47,1.41,4.94,1.61,1,curo
currículo,5.7,1.26,5.4,1.1,1,curriculo
currículum,6.55,1.82,5.45,1.88,1,curriculum
curry,6.0,1.62,4.65,1.5,1,curry
cursar,5.85,0.88,5.45,1.67,1,cursar
cursiva,5.3,1.3,4.65,1.66,1,cursiva
curso,5.8,1.54,5.85,1.69,1,curso
curva,5.3,1.42,4.85,1.63,1,curva
curvatura,4.85,1.27,4.2,1.79,1,curvatura
cúspide,6.5,1.57,5.25,1.8,1,cuspide
custodia,4.55,1.73,4.9,1.48,1,custodia
dados,5.0,0.46,5.3,1.22,1,dados
daga,3.73,1.88,6.32,1.55,1,daga
dale,5.55,1.57,5.05,1.51,1,dale
dalia,6.29,1.38,4.27,1.39,1,dalia
dama,7.05,1.23,4.6,2.21,1,dama
damas,5.9,0.97,4.3,1.72,1,damas
dame,5.4,1.23,4.95,1.43,1,dame
dañar,1.95,1.15,6.9,1.74,1,danar
dance,6.95,1.43,6.59,2.5,1,dance
danés,5.5,0.95,4.84,0.69,1,danes
dañino,2.25,1.12,6.95,0.89,1,danino
daño,2.05,1.15,7.13,1.07,1,dano
danza,7.95,1.19,5.4,2.19,1,danza
danzar,6.9,1.55,5.15,2.01,1,danzar
dar,6.65,1.53,4.9,1.55,1,dar
dardo,4.7,1.26,5.75,1.16,1,dardo
data,5.0,0.34,4.79,0.98,1,data
datación,5.12,0.33,5.06,0.24,1,datacion
datar,5.2,0.62,4.92,1.04,1,datar
dátil,4.9,1.48,4.45,1.54,1,datil
dato,5.2,1.01,4.7,1.38,1,dato
datos,5.5,1.28,4.6,1.27,1,datos
deán,4.33,2.08,5.0,0.0,1,dean
debajo,4.95,0.76,4.75,1.41,1,debajo
debate,5.2,1.36,6.45,1.43,1,debate
debatir,5.9,1.92,5.65,1.76,1,debatir
deber,4.1,1.25,6.05,1.64,1,deber
debido,4.8,0.41,5.1,1.25,1,debido
débil,2.53,1.24,4.9,2.09,1,debil
debilidad,3.1,2.29,6.2,1.64,1,debilidad
debilitamiento,2.35,1.27,5.05,2.09,1,debilitamiento
debilitar,3.5,1.1,4.6,1.85,1,debilitar
debut,6.65,1.53,5.85,1.73,1,debut
debutar,6.5,1.32,6.8,1.47,1,debutar
década,5.45,1.1,5.25,1.33,1,decada
decadencia,3.25,1.86,6.15,1.76,1,decadencia
decadente,3.5,1.36,5.3,1.92,1,decadente
decaer,2.95,1.39,4.9,1.71,1,decaer
decaimiento,2.85,1.27,4.9,2.13,1,decaimiento
decalitro,4.89,0.32,4.68,1.16,1,decalitro
decámetro,4.79,0.54,5.05,0.4,1,decametro
decano,5.35,1.42,5.25,1.65,1,decano
decatlón,5.85,1.23,6.37,1.26,1,decatlon
decena,5.05,0.23,4.6,1.31,1,decena
decencia,6.5,1.28,4.65,1.27,1,decencia
decenio,4.88,1.05,4.86,1.41,1,decenio
decente,6.4,1.6,3.5,1.99,1,decente
decepción,2.55,1.23,6.1,2.0,1,decepcion
decepciona,2.5,1.73,6.45,1.36,1,decepciona
decepcionante,2.25,1.41,7.1,1.29,1,decepcionante
decepciono,2.45,1.19,6.75,1.25,1,decepciono
decibelios,4.75,1.16,6.05,1.0,1,decibelios
decidir,6.65,1.63,5.8,1.99,1,decidir
décima,5.0,0.32,5.2,1.15,1,decima
decimal,4.85,0.59,4.75,0.64,1,decimal
decímetro,4.95,0.22,4.5,1.19,1,decimetro
décimo,5.6,0.99,5.35,1.9,1,decimo
decir,6.05,1.15,5.1,1.37,1,decir
decirlo,5.85,0.88,5.8,1.32,1,decirlo
decisión,6.05,1.93,6.5,1.5,1,decision
decisivo,5.7,1.81,6.15,1.9,1,decisivo
declaración,5.7,1.78,5.75,1.12,1,declaracion
declarar,5.05,1.32,6.1,1.65,1,declarar
declinación,4.7,1.38,4.95,1.39,1,declinacion
declinar,4.45,1.43,5.15,1.46,1,declinar
declive,3.45,1.05,5.32,1.45,1,declive
decora,6.26,1.41,4.63,1.83,1,decora
decoración,7.5,1.36,4.75,2.17,1,decoracion
decorado,6.45,0.83,5.0,1.41,1,decorado
decorar,7.18,1.32,5.3,2.39,1,decorar
decorativo,6.8,1.88,3.95,1.67,1,decorativo
decoro,6.3,1.45,4.75,1.62,1,decoro
decreciente,3.6,1.23,5.1,1.29,1,decreciente
decretar,4.45,0.94,5.65,0.88,1,decretar
decreto,4.7,1.22,4.7,1.72,1,decreto
dedica,6.15,1.18,5.1,1.37,1,dedica
dedicación,6.75,1.59,5.4,1.76,1,dedicacion
dedicado,6.75,1.68,5.18,1.62,1,dedicado
dedicar,6.9,1.17,4.9,1.59,1,dedicar
dedico,5.75,1.12,5.15,1.09,1,dedico
dedo,5.38,1.03,5.0,1.08,1,dedo
dedos,5.7,0.98,4.75,1.02,1,dedos
deducción,5.65,0.93,5.15,1.5,1,deduccion
deducir,5.8,1.11,4.9,1.02,1,deducir
defecto,3.1,1.25,6.35,1.18,1,defecto
defectuosa,2.45,1.23,5.7,1.56,1,defectuosa
defender,7.25,1.29,6.3,1.38,1,defender
defendería,6.3,1.3,6.05,1.15,1,defenderia
defendido,6.15,1.27,4.9,1.58,1,defendido
defensa,5.55,1.7,5.6,2.04,1,defensa
defensiva,3.4,1.47,5.55,1.43,1,defensiva
defensor,7.1,1.45,4.9,2.1,1,defensor
defensora,7.25,1.45,5.45,1.43,1,defensora
deferencia,5.36,1.28,4.92,1.26,1,deferencia
deficiencia,2.85,1.27,6.15,1.57,1,deficiencia
deficiente,3.05,1.28,6.0,1.17,1,deficiente
déficit,3.1,1.12,6.45,1.19,1,deficit
defiende,6.95,1.5,4.8,1.44,1,defiende
defiendo,6.5,1.24,5.1,2.0,1,defiendo
definición,5.6,0.99,4.55,1.0,1,definicion
definir,5.55,1.15,4.55,1.23,1,definir
definitiva,5.65,1.81,5.5,2.19,1,definitiva
deforestación,2.35,1.27,7.05,1.23,1,deforestacion
deformación,2.7,1.26,6.2,1.91,1,deformacion
deforme,2.65,1.1,6.15,1.55,1,deforme
defraudar,2.0,0.79,6.75,1.41,1,defraudar
defunción,1.75,1.02,6.9,2.15,1,defuncion
degeneración,2.65,1.39,6.05,1.93,1,degeneracion
degollar,1.45,0.83,7.4,1.54,1,degollar
degradación,2.85,1.09,6.3,1.22,1,degradacion
degradar,3.2,1.61,5.45,1.64,1,degradar
degustar,7.05,1.88,4.85,1.76,1,degustar
dehesa,5.6,1.12,4.0,1.56,1,dehesa
deidad,5.0,1.95,5.0,0.74,1,deidad
dejar,3.3,1.45,5.3,1.89,1,dejar
dejo,3.8,1.47,5.4,1.14,1,dejo
delantal,5.6,1.31,4.45,1.1,1,delantal
delante,5.7,1.08,4.85,1.27,1,delante
delantera,6.15,1.53,5.05,1.64,1,delantera
delantero,5.6,1.19,5.5,1.0,1,delantero
delegación,5.1,1.52,5.05,1.93,1,delegacion
delegado,5.35,1.6,5.7,1.13,1,delegado
delegar,5.11,0.68,5.0,1.26,1,delegar
deleite,6.8,1.26,4.8,1.84,1,deleite
delfín,7.8,0.95,4.35,2.08,1,delfin
delgado,6.55,1.36,4.6,1.47,1,delgado
deliberación,5.75,1.37,5.35,1.42,1,deliberacion
deliberar,5.55,1.1,5.4,1.85,1,deliberar
delicadeza,7.05,1.0,2.3,1.59,1,delicadeza
delicado,6.25,1.65,4.35,2.2,1,delicado
delicia,8.2,0.95,4.35,2.16,1,delicia
delicioso,7.45,1.43,5.25,2.38,1,delicioso
delictiva,3.5,1.79,6.85,1.18,1,delictiva
delimitación,3.55,1.43,5.25,1.29,1,delimitacion
delimitar,4.45,1.05,5.0,1.17,1,delimitar
delincuencia,2.55,1.15,7.45,1.15,1,delincuencia
delincuente,2.35,1.53,7.5,0.69,1,delincuente
delineante,5.0,0.58,4.79,1.58,1,delineante
delirante,3.0,1.45,6.79,0.85,1,delirante
delirio,3.75,1.33,7.16,1.57,1,delirio
delito,2.1,0.97,7.4,1.27,1,delito
delta,5.35,0.93,5.45,1.19,1,delta
demagogia,3.53,1.58,5.47,1.84,1,demagogia
demanda,3.2,0.89,6.6,1.88,1,demanda
demandada,3.65,2.03,6.3,1.26,1,demandada
demandado,3.25,1.55,6.5,1.64,1,demandado
demandante,4.05,1.23,6.0,0.86,1,demandante
demandar,3.55,1.19,6.55,0.89,1,demandar
demarcación,4.63,1.09,4.89,1.28,1,demarcacion
demás,4.9,0.64,5.15,0.88,1,demas
demasía,5.11,1.41,5.93,1.07,1,demasia
demasiado,4.8,1.28,5.9,0.79,1,demasiado
demencia,2.35,1.31,6.9,2.07,1,demencia
demente,2.85,1.31,6.78,1.44,1,demente
demo,5.5,1.38,4.65,0.93,1,demo
democracia,6.3,1.38,5.8,1.77,1,democracia
demócrata,5.8,1.28,5.15,1.63,1,democrata
democrático,6.4,1.93,4.35,2.18,1,democratico
democratización,7.05,1.39,4.9,2.0,1,democratizacion
democristiano,3.76,1.56,5.53,1.33,1,democristiano
demografía,5.2,0.89,4.6,0.75,1,demografia
demográfico,5.1,0.85,4.65,1.27,1,demografico
demoler,3.05,1.58,6.35,2.28,1,demoler
demolición,3.21,1.55,6.85,1.6,1,demolicion
demonio,2.83,1.72,7.2,1.32,1,demonio
demora,3.8,0.83,5.85,1.39,1,demora
demorar,3.85,1.27,5.7,1.95,1,demorar
demostración,5.65,0.99,5.35,1.81,1,demostracion
demostrar,6.55,1.54,5.6,1.31,1,demostrar
demostraré,5.7,1.45,5.85,1.53,1,demostrare
demostrativo,5.85,1.04,4.2,1.51,1,demostrativo
demuestra,6.4,1.57,5.15,1.53,1,demuestra
denario,5.67,1.63,4.88,0.35,1,denario
denegación,2.47,1.02,6.47,1.31,1,denegacion
denegar,2.8,1.2,6.45,1.47,1,denegar
denominación,5.15,0.59,4.95,0.94,1,denominacion
denominador,5.0,0.79,4.7,1.56,1,denominador
denotar,5.05,1.1,4.82,1.78,1,denotar
densa,4.7,1.3,4.65,1.31,1,densa
densidad,4.65,1.04,4.6,1.5,1,densidad
dentadura,4.75,1.65,5.05,1.05,1,dentadura
dental,4.85,0.88,4.75,1.29,1,dental
dentista,3.95,1.64,6.33,1.54,1,dentista
dentro,5.95,1.36,4.9,1.52,1,dentro
denunciar,3.1,1.62,6.7,1.56,1,denunciar
departamental,4.85,0.59,4.45,1.57,1,departamental
departamento,5.1,0.72,4.55,1.85,1,departamento
dependencia,2.7,1.26,5.65,1.46,1,dependencia
depender,3.05,1.39,5.55,1.43,1,depender
dependienta,5.55,0.76,4.25,1.62,1,dependienta
dependiente,3.05,1.57,5.0,1.21,1,dependiente
deplorable,2.74,1.45,6.06,1.51,1,deplorable
deponer,4.28,0.96,5.06,1.0,1,deponer
deportación,2.75,1.59,5.95,1.93,1,deportacion
deporte,6.5,1.64,5.7,2.45,1,deporte
deportes,6.23,1.98,5.4,1.57,1,deportes
deportista,6.9,0.97,5.7,1.92,1,deportista
deportiva,6.45,1.28,6.45,1.32,1,deportiva
deportivo,6.35,1.42,5.5,1.54,1,deportivo
deposición,4.11,1.05,5.11,1.37,1,deposicion
depositar,5.15,1.04,4.6,1.39,1,depositar
depósito,5.3,0.86,5.55,1.61,1,deposito
depreciación,3.28,1.32,5.58,1.71,1,depreciacion
depredador,3.25,1.45,6.85,2.03,1,depredador
depresión,1.5,0.72,6.28,2.33,1,depresion
deprimente,1.7,0.86,5.6,2.11,1,deprimente
deprimido,1.53,0.96,6.0,2.34,1,deprimido
deprisa,4.75,1.41,7.25,1.41,1,deprisa
depuración,5.25,1.16,4.6,1.54,1,depuracion
depurar,5.55,1.7,4.55,1.32,1,depurar
derby,5.25,0.45,5.63,1.38,1,derby
derecha,4.55,1.64,5.15,1.46,1,derecha
derechista,3.45,2.04,6.15,1.76,1,derechista
derecho,5.35,1.87,5.3,1.08,1,derecho
derivación,5.25,1.02,5.35,0.99,1,derivacion
derivar,4.6,0.88,5.3,1.3,1,derivar
dermatitis,2.75,1.16,6.5,1.24,1,dermatitis
derogación,4.87,0.74,5.25,1.54,1,derogacion
derogar,4.59,1.18,4.88,1.62,1,derogar
derrama,2.6,1.27,6.6,1.31,1,derrama
derramamiento,3.21,1.27,6.1,1.77,1,derramamiento
derramar,3.8,1.06,5.9,1.37,1,derramar
derrame,2.4,1.31,7.15,1.35,1,derrame
derredor,5.0,0.0,5.29,0.49,1,derredor
derribar,3.8,1.54,6.1,1.59,1,derribar
derribo,3.15,1.18,6.7,0.98,1,derribo
derrocamiento,4.21,1.9,6.45,1.67,1,derrocamiento
derrocar,4.55,1.64,5.78,1.17,1,derrocar
derroche,3.05,1.1,6.45,1.7,1,derroche
derrota,2.35,1.18,6.6,1.88,1,derrota
derrotar,4.55,2.14,6.5,1.61,1,derrotar
derrumbamiento,2.25,1.25,7.2,1.24,1,derrumbamiento
derrumbe,2.45,1.32,6.95,1.43,1,derrumbe
desacato,3.89,1.13,5.95,0.97,1,desacato
desaceleración,4.75,0.85,3.7,1.34,1,desaceleracion
desacreditar,3.2,1.32,6.45,1.36,1,desacreditar
desactivar,4.3,1.49,4.85,2.32,1,desactivar
desacuerdo,3.2,1.28,6.1,1.29,1,desacuerdo
desafiante,4.6,1.5,7.0,1.03,1,desafiante
desafiar,4.2,2.14,7.4,1.05,1,desafiar
desafío,6.1,1.97,7.55,1.19,1,desafio
desafortunado,3.15,0.99,5.65,2.01,1,desafortunado
desafuero,4.33,1.21,5.27,0.65,1,desafuero
desagradable,2.0,1.26,7.4,1.19,1,desagradable
desagrado,2.83,1.11,6.33,1.35,1,desagrado
desagüe,3.2,1.44,5.45,1.43,1,desague
desagües,3.9,1.21,5.45,0.83,1,desagues
desahogo,7.0,1.59,4.05,1.96,1,desahogo
desaliento,3.05,1.36,6.3,1.08,1,desaliento
desalojar,2.65,1.73,6.8,1.2,1,desalojar
desalojo,2.25,1.02,7.25,1.48,1,desalojo
desamor,2.0,1.3,7.2,1.51,1,desamor
desamortización,4.0,0.91,5.4,1.31,1,desamortizacion
desamparo,2.84,1.38,6.35,1.39,1,desamparo
desanimado,2.5,1.15,5.45,2.18,1,desanimado
desánimo,2.2,1.2,6.1,2.15,1,desanimo
desaparece,3.45,1.36,6.2,2.14,1,desaparece
desaparecer,3.25,1.52,6.3,1.42,1,desaparecer
desaparecería,2.75,1.71,5.9,2.1,1,desapareceria
desaparezco,3.45,2.46,5.9,1.8,1,desaparezco
desaparición,2.4,1.23,7.05,1.1,1,desaparicion
desaprobación,3.25,1.25,6.0,1.41,1,desaprobacion
desarmar,5.8,1.24,5.37,2.27,1,desarmar
desarme,5.1,1.68,5.55,1.79,1,desarme
desarrollar,6.4,1.73,5.25,1.33,1,desarrollar
desarrollo,7.1,1.33,4.9,2.1,1,desarrollo
desasosiego,3.15,1.46,6.5,1.47,1,desasosiego
desastre,2.08,1.27,7.23,1.46,1,desastre
desastrosa,2.6,0.94,6.6,1.5,1,desastrosa
desatar,5.4,1.31,5.25,2.05,1,desatar
desatascador,4.3,1.13,5.15,1.39,1,desatascador
desatino,3.58,1.12,5.9,1.07,1,desatino
desayunar,7.0,1.52,4.05,1.99,1,desayunar
desayuno,7.4,1.76,3.7,1.84,1,desayuno
desazón,3.29,0.99,6.15,1.18,1,desazon
desbaratar,3.95,1.43,6.0,2.13,1,desbaratar
desbloquear,5.4,0.68,4.9,2.0,1,desbloquear
desbordamiento,2.95,1.23,6.75,1.16,1,desbordamiento
desbordante,4.7,1.69,6.3,1.63,1,desbordante
desbordar,3.35,1.42,6.35,1.46,1,desbordar
descabello,4.5,0.97,5.38,2.06,1,descabello
descalabro,3.32,1.34,6.65,1.46,1,descalabro
descalificación,2.45,1.39,6.65,1.81,1,descalificacion
descalzo,5.25,1.86,4.5,1.99,1,descalzo
descansar,7.15,1.53,2.05,1.23,1,descansar
descansillo,5.8,1.15,3.2,1.44,1,descansillo
descanso,7.8,1.24,2.95,2.11,1,descanso
descapotable,6.25,1.16,6.5,1.76,1,descapotable
descarga,5.4,1.5,6.0,1.12,1,descarga
descargar,5.9,1.29,5.3,1.49,1,descargar
descaro,3.9,1.86,6.3,1.38,1,descaro
descartar,4.35,1.23,4.7,1.75,1,descartar
descendencia,7.05,1.7,5.6,2.09,1,descendencia
descendente,3.8,1.4,4.85,1.42,1,descendente
descender,4.05,1.32,5.7,1.3,1,descender
descendiente,5.25,1.83,4.4,1.64,1,descendiente
descenso,4.35,1.84,5.15,1.9,1,descenso
descentralización,4.65,1.46,5.7,1.22,1,descentralizacion
descifrar,6.15,1.73,6.05,1.19,1,descifrar
descolonización,4.53,1.39,5.18,1.81,1,descolonizacion
descomponer,3.95,1.05,5.7,1.66,1,descomponer
descomposición,3.2,1.3,6.45,1.47,1,descomposicion
descomunal,5.8,2.02,6.55,1.05,1,descomunal
desconcertante,3.11,1.15,7.05,1.5,1,desconcertante
desconcierto,2.7,0.98,6.75,1.33,1,desconcierto
desconexión,4.85,1.63,4.0,2.6,1,desconexion
desconfianza,2.9,1.17,7.3,1.22,1,desconfianza
desconfiar,1.95,0.91,6.9,1.02,1,desconfiar
desconocer,3.95,1.19,6.2,1.7,1,desconocer
desconocimiento,3.6,1.76,6.2,1.77,1,desconocimiento
desconsuelo,3.1,1.71,6.75,1.29,1,desconsuelo
descontado,4.55,1.43,4.85,1.18,1,descontado
descontento,3.2,0.95,6.5,1.67,1,descontento
descrédito,3.61,1.5,5.6,1.18,1,descredito
describir,5.75,0.97,5.0,0.86,1,describir
descripción,5.25,0.55,5.15,1.31,1,descripcion
descriptiva,5.4,0.68,5.25,0.85,1,descriptiva
descubre,7.0,1.45,6.55,1.0,1,descubre
descubridor,6.5,1.57,5.9,1.86,1,descubridor
descubrimiento,6.95,1.1,6.2,1.54,1,descubrimiento
descubrir,6.85,1.39,6.7,1.42,1,descubrir
descubriré,6.75,1.55,6.1,0.97,1,descubrire
descubro,7.15,1.31,6.0,1.56,1,descubro
descuento,7.3,1.26,5.55,1.67,1,descuento
descuidar,3.05,0.94,5.55,1.64,1,descuidar
descuido,3.45,0.94,6.0,1.3,1,descuido
desdén,3.92,1.56,5.56,1.48,1,desden
desdeñoso,3.65,1.11,5.87,1.41,1,desdenoso
desdicha,3.3,1.38,6.6,1.39,1,desdicha
desdichada,2.45,1.36,6.0,1.34,1,desdichada
desdichado,2.9,1.25,6.25,1.21,1,desdichado
desdoblamiento,4.7,1.53,4.75,1.62,1,desdoblamiento
deseable,7.2,1.2,5.75,1.74,1,deseable
desear,7.1,1.71,5.7,2.43,1,desear
desechar,4.8,0.7,5.55,1.32,1,desechar
desecho,2.85,1.23,5.7,1.03,1,desecho
desembarcar,5.95,1.5,5.6,1.85,1,desembarcar
desembarco,5.6,1.19,5.4,1.27,1,desembarco
desembocadura,5.3,1.03,4.35,1.42,1,desembocadura
desembolso,3.9,1.52,6.0,1.17,1,desembolso
desempate,5.5,0.89,6.2,1.67,1,desempate
desempeñar,5.3,1.03,5.6,1.82,1,desempenar
desempeño,5.35,1.98,5.15,1.57,1,desempeno
desempleo,1.6,1.05,7.35,1.27,1,desempleo
desencadenar,4.8,1.01,6.0,1.21,1,desencadenar
desencanto,2.4,1.14,5.5,1.54,1,desencanto
desengaño,3.15,1.31,7.4,1.1,1,desengano
desenlace,5.0,1.56,5.65,1.87,1,desenlace
desenvoltura,5.7,1.13,5.05,1.47,1,desenvoltura
desenvolvimiento,6.35,1.23,5.5,1.88,1,desenvolvimiento
deseo,7.73,1.18,7.35,1.81,1,deseo
deseoso,6.65,1.18,7.25,1.68,1,deseoso
desequilibrio,2.9,1.17,6.85,1.31,1,desequilibrio
deserción,3.71,0.59,5.47,1.7,1,desercion
desértico,3.8,1.74,5.15,2.01,1,desertico
desertización,2.84,1.26,6.16,1.5,1,desertizacion
desertor,3.27,1.41,5.86,1.31,1,desertor
desesperación,2.45,1.5,6.6,1.96,1,desesperacion
desesperado,2.7,1.67,6.35,2.08,1,desesperado
desesperanza,1.45,0.76,5.9,1.86,1,desesperanza
desestabilización,3.3,0.98,6.55,1.5,1,desestabilizacion
desestabilizar,3.05,1.19,6.35,1.6,1,desestabilizar
desestima,3.4,1.23,5.15,1.31,1,desestima
desestimación,3.55,1.32,5.4,1.31,1,desestimacion
desestimar,4.0,1.52,5.0,1.34,1,desestimar
desfachatez,2.7,1.22,6.45,1.15,1,desfachatez
desfalco,3.79,1.63,6.0,1.0,1,desfalco
desfase,4.85,2.48,6.4,1.47,1,desfase
desfavorable,2.7,1.34,6.15,1.57,1,desfavorable
desfiladero,3.85,1.6,6.63,1.74,1,desfiladero
desfilar,5.95,1.23,6.0,1.65,1,desfilar
desfile,6.05,1.47,5.6,1.7,1,desfile
desgarro,2.89,1.24,6.65,1.18,1,desgarro
desgaste,3.3,1.38,5.5,1.4,1,desgaste
desgracia,2.55,1.32,7.05,1.47,1,desgracia
desgraciada,1.65,0.88,6.05,2.01,1,desgraciada
desgraciado,1.8,0.95,6.4,1.7,1,desgraciado
desguace,3.75,1.41,5.55,1.85,1,desguace
deshacer,4.25,1.25,5.45,1.32,1,deshacer
deshidratación,2.6,1.27,6.4,1.39,1,deshidratacion
deshielo,3.9,1.45,5.4,1.9,1,deshielo
deshonra,2.5,1.05,6.45,1.15,1,deshonra
desidia,3.0,1.47,5.76,1.35,1,desidia
desierta,3.45,2.01,4.7,2.13,1,desierta
desierto,5.5,1.93,4.55,2.39,1,desierto
designación,4.8,0.83,5.6,1.31,1,designacion
designar,5.5,0.95,5.2,1.58,1,designar
designio,4.68,0.89,4.5,1.9,1,designio
desigual,5.75,2.1,5.05,2.21,1,desigual
desigualdad,1.95,1.0,6.5,1.28,1,desigualdad
desilusión,1.75,0.79,6.3,2.03,1,desilusion
desinencia,4.69,0.95,5.07,0.96,1,desinencia
desinformación,3.15,1.04,6.6,1.64,1,desinformacion
desintegración,3.2,1.36,5.75,1.83,1,desintegracion
desinterés,2.8,1.47,4.35,2.3,1,desinteres
desistir,3.55,0.94,5.25,1.37,1,desistir
desleal,2.73,1.52,6.62,1.46,1,desleal
deslealtad,2.4,1.1,7.65,0.99,1,deslealtad
deslinde,4.89,0.33,4.1,1.52,1,deslinde
desliz,4.4,1.64,6.25,1.86,1,desliz
deslizamiento,4.85,0.99,5.5,1.73,1,deslizamiento
deslumbramiento,5.68,1.87,5.69,1.38,1,deslumbramiento
deslumbrante,7.05,1.43,6.0,1.72,1,deslumbrante
desmantelamiento,4.15,1.9,5.65,1.76,1,desmantelamiento
desmantelar,4.8,1.67,6.6,0.75,1,desmantelar
desmayo,2.85,1.18,5.8,2.28,1,desmayo
desmentido,4.89,1.1,5.5,1.4,1,desmentido
desmontar,4.6,1.27,5.05,1.23,1,desmontar
desnivel,4.35,0.93,5.35,1.5,1,desnivel
desnudez,6.65,1.84,7.3,1.34,1,desnudez
desnudo,6.03,1.66,6.9,1.93,1,desnudo
desnutrición,2.0,1.3,7.85,0.99,1,desnutricion
desobediencia,3.5,1.43,7.2,1.06,1,desobediencia
desocupación,3.55,1.54,4.7,2.45,1,desocupacion
desolación,2.65,0.67,6.35,1.66,1,desolacion
desolador,2.5,1.19,6.2,1.82,1,desolador
desorden,3.55,1.64,6.2,2.17,1,desorden
desordenado,2.83,1.2,6.28,1.78,1,desordenado
desorientación,2.45,1.1,6.2,1.77,1,desorientacion
despachar,4.6,1.79,5.4,1.9,1,despachar
despacho,5.1,1.62,5.0,1.26,1,despacho
despacio,5.05,1.28,3.35,1.66,1,despacio
despacito,5.35,1.42,2.75,1.45,1,despacito
despecho,2.53,1.17,6.6,1.57,1,despecho
despectivo,3.05,1.19,6.16,1.5,1,despectivo
despedaza,3.35,2.06,6.7,1.53,1,despedaza
despedida,1.9,1.17,6.95,1.73,1,despedida
despedir,1.7,0.66,6.4,1.67,1,despedir
despegar,5.55,1.82,5.85,1.9,1,despegar
despegue,6.25,2.15,5.55,1.5,1,despegue
despejado,5.8,1.24,3.2,1.54,1,despejado
despejar,5.95,1.39,4.35,1.53,1,despejar
despeje,5.3,0.98,3.9,2.15,1,despeje
despensa,6.05,1.05,4.95,1.15,1,despensa
desperdiciar,3.05,1.05,5.85,1.84,1,desperdiciar
desperdicio,3.03,1.1,5.75,1.25,1,desperdicio
despertar,5.75,1.83,5.05,2.37,1,despertar
despido,2.05,1.0,7.35,1.14,1,despido
despierto,6.05,1.7,6.35,1.6,1,despierto
despilfarro,3.15,0.99,6.65,1.63,1,despilfarro
desplazamiento,5.45,1.32,5.65,1.42,1,desplazamiento
desplazar,4.55,1.57,5.5,0.76,1,desplazar
desplegar,6.1,1.41,4.9,1.25,1,desplegar
despliegue,5.25,0.72,5.7,1.17,1,despliegue
desplome,3.3,1.03,5.35,1.93,1,desplome
despoblación,3.15,1.18,5.6,1.47,1,despoblacion
despojo,3.35,1.18,5.95,1.28,1,despojo
despotismo,2.84,1.3,6.47,1.5,1,despotismo
despreciable,1.9,1.07,5.7,2.05,1,despreciable
despreciar,2.47,1.22,6.6,1.55,1,despreciar
desprecio,2.35,1.04,6.25,1.92,1,desprecio
desprendimiento,3.55,1.39,7.05,1.23,1,desprendimiento
despreocupación,5.3,2.87,2.35,1.18,1,despreocupacion
despreocupado,5.15,2.21,2.73,1.63,1,despreocupado
desprestigio,2.25,1.07,5.95,0.83,1,desprestigio
desproporción,3.85,0.99,5.55,1.76,1,desproporcion
despues,4.15,1.27,5.4,1.14,1,despues
después,4.5,1.05,5.0,1.34,1,despues
desquite,4.94,1.39,6.15,1.27,1,desquite
desregulación,3.85,1.09,5.79,1.55,1,desregulacion
destacable,7.0,1.38,5.8,1.06,1,destacable
destacamento,4.82,0.95,5.63,1.5,1,destacamento
destacar,5.85,1.31,5.8,1.67,1,destacar
destello,6.9,0.85,5.85,1.9,1,destello
desterrar,3.1,1.48,6.35,1.69,1,desterrar
destierro,2.9,1.21,6.1,1.62,1,destierro
destilación,5.05,1.28,4.95,1.23,1,destilacion
destinar,5.4,1.35,5.15,1.35,1,destinar
destinatario,5.5,0.83,4.65,1.63,1,destinatario
destino,6.1,1.62,5.35,2.13,1,destino
destitución,4.15,1.23,6.16,1.26,1,destitucion
destituir,3.5,1.32,6.4,1.27,1,destituir
destornillador,5.0,0.56,5.1,1.17,1,destornillador
destreza,7.0,1.03,4.75,2.0,1,destreza
destrozar,2.3,1.56,6.85,1.04,1,destrozar
destrucción,2.28,1.55,7.43,1.22,1,destruccion
destructiva,2.35,1.46,6.45,2.06,1,destructiva
destructor,2.8,1.28,6.75,1.37,1,destructor
destruir,3.0,1.41,7.18,1.47,1,destruir
desuso,4.15,1.14,4.6,1.05,1,desuso
desván,5.4,1.27,5.1,2.02,1,desvan
desvanecer,3.45,1.1,5.05,1.76,1,desvanecer
desvelar,5.3,1.66,5.45,2.26,1,desvelar
desventaja,3.05,1.15,6.1,1.39,1,desventaja
desventura,3.45,1.05,5.95,1.28,1,desventura
desviación,3.7,1.03,5.65,1.6,1,desviacion
desviar,4.55,1.05,5.4,1.5,1,desviar
desvío,4.5,0.76,5.25,1.59,1,desvio
detallar,6.3,1.63,4.65,1.81,1,detallar
detalle,6.98,1.25,4.73,1.28,1,detalle
detección,4.85,1.76,5.4,1.82,1,deteccion
detectar,5.4,1.19,5.7,1.13,1,detectar
detective,4.95,0.94,5.8,1.11,1,detective
detector,4.65,0.67,5.45,1.5,1,detector
detención,3.75,1.62,6.55,1.67,1,detencion
detener,3.75,1.71,5.9,1.83,1,detener
detenimiento,4.55,1.67,5.0,1.92,1,detenimiento
deterioro,2.75,1.29,6.2,1.24,1,deterioro
determinación,5.25,1.65,4.55,2.09,1,determinacion
determinante,4.95,1.88,5.55,1.5,1,determinante
determinar,5.4,0.94,5.35,0.88,1,determinar
determinismo,5.3,1.17,5.11,1.37,1,determinismo
detiene,4.5,1.15,5.7,0.92,1,detiene
detonación,3.35,1.42,6.55,1.28,1,detonacion
detonante,3.5,1.61,7.3,1.26,1,detonante
detrás,4.55,1.15,4.05,1.61,1,detras
detrimento,4.1,0.99,5.38,1.19,1,detrimento
deuda,2.95,1.82,6.98,1.62,1,deuda
deudor,3.0,1.21,6.26,1.19,1,deudor
devaluación,4.45,1.76,5.7,1.84,1,devaluacion
devastación,2.45,1.23,6.95,1.43,1,devastacion
devastador,2.05,1.47,7.42,1.8,1,devastador
devenir,5.37,1.07,5.84,1.38,1,devenir
devoción,5.0,1.52,5.35,2.06,1,devocion
devolución,4.05,1.19,4.75,1.41,1,devolucion
devolver,4.4,1.39,5.75,1.02,1,devolver
devorar,3.75,1.59,6.95,1.43,1,devorar
devoto,4.65,1.73,4.28,1.69,1,devoto
día,6.65,1.46,4.9,2.1,1,dia
diabetes,2.8,0.95,6.05,1.7,1,diabetes
diablo,3.15,1.73,6.73,1.38,1,diablo
diabólica,2.5,1.47,7.7,1.26,1,diabolica
diácono,4.08,1.31,4.45,2.38,1,diacono
diadema,5.75,1.29,3.9,1.59,1,diadema
diafragma,5.1,0.91,4.8,1.2,1,diafragma
diagnosticar,4.85,2.35,6.05,1.96,1,diagnosticar
diagnóstico,5.0,1.59,6.45,1.47,1,diagnostico
diagonal,5.05,0.39,4.7,1.22,1,diagonal
diagrama,4.65,0.88,4.8,1.64,1,diagrama
dial,5.2,0.56,4.24,1.35,1,dial
dialéctica,5.65,1.09,4.47,1.84,1,dialectica
dialecto,5.85,1.46,4.85,1.35,1,dialecto
dialogar,7.05,1.05,4.85,1.79,1,dialogar
diálogo,6.85,1.46,4.8,1.15,1,dialogo
diamante,6.73,1.38,6.45,1.72,1,diamante
diámetro,5.1,0.45,4.75,1.07,1,diametro
diana,5.35,1.14,5.75,1.21,1,diana
diario,6.35,1.31,4.75,1.41,1,diario
diarrea,2.8,2.04,6.4,2.04,1,diarrea
diáspora,4.4,1.95,5.67,1.32,1,diaspora
dibujante,6.8,1.15,4.65,2.28,1,dibujante
dibujar,7.35,1.23,4.75,2.02,1,dibujar
dibujo,7.25,1.29,4.1,1.33,1,dibujo
dicción,4.77,0.6,4.75,0.62,1,diccion
diccionario,5.55,0.89,4.35,1.73,1,diccionario
dice,5.3,0.92,4.3,1.3,1,dice
dicha,6.38,1.62,4.78,1.37,1,dicha
dichoso,6.2,1.88,5.3,2.2,1,dichoso
diciembre,5.9,2.27,4.1,2.22,1,diciembre
dictado,4.05,1.61,4.95,1.67,1,dictado
dictador,1.6,0.88,7.15,1.42,1,dictador
dictadura,1.75,1.16,6.95,1.19,1,dictadura
dictamen,3.6,1.05,5.85,1.35,1,dictamen
dictaminar,4.05,1.39,5.85,1.66,1,dictaminar
dictar,4.4,1.23,5.65,1.18,1,dictar
dictatorial,3.0,1.65,6.11,2.23,1,dictatorial
didáctico,6.65,1.23,5.05,1.23,1,didactico
dientes,5.65,1.27,5.45,1.1,1,dientes
diéresis,4.89,0.32,5.44,1.1,1,dieresis
diesel,5.55,1.05,5.15,1.31,1,diesel
diestra,5.5,0.95,4.3,1.45,1,diestra
diestro,6.05,1.28,4.5,1.54,1,diestro
dieta,4.35,1.79,5.65,1.9,1,dieta
dietista,4.55,1.43,5.35,2.13,1,dietista
diezmo,3.68,1.57,5.25,0.85,1,diezmo
difamación,3.11,1.15,6.0,1.97,1,difamacion
difamar,3.35,1.39,6.79,1.36,1,difamar
diferencia,5.2,1.61,5.35,1.31,1,diferencia
diferenciación,5.6,1.39,5.15,1.09,1,diferenciacion
diferencial,4.85,1.14,5.35,1.31,1,diferencial
diferenciar,5.6,0.94,5.35,1.31,1,diferenciar
diferente,5.9,1.55,5.6,1.43,1,diferente
difícil,4.0,1.65,7.0,1.03,1,dificil
dificulta,3.2,0.95,6.55,1.7,1,dificulta
dificultad,3.35,1.53,6.75,1.55,1,dificultad
dificultar,2.73,1.26,6.1,1.07,1,dificultar
difundir,5.0,1.92,5.55,1.23,1,difundir
difunta,1.9,1.21,6.0,2.25,1,difunta
difunto,1.65,1.14,6.75,1.92,1,difunto
difusa,4.2,1.28,5.5,1.15,1,difusa
difusión,5.1,0.97,5.7,1.59,1,difusion
digestión,5.6,1.19,4.15,1.69,1,digestion
digestivo,5.35,1.09,5.6,1.14,1,digestivo
digital,5.5,1.1,5.15,1.18,1,digital
dignidad,7.2,1.64,4.7,2.25,1,dignidad
digno,7.58,1.3,5.03,1.53,1,digno
digo,5.4,0.82,5.0,1.03,1,digo
dilación,5.06,0.85,5.4,1.72,1,dilacion
dilatación,4.85,1.09,5.35,2.23,1,dilatacion
dilema,3.5,1.64,6.8,1.2,1,dilema
diligencia,4.05,1.5,5.72,1.45,1,diligencia
diligente,4.55,1.19,5.75,1.02,1,diligente
dilucidar,5.4,1.07,4.79,0.89,1,dilucidar
diluvio,4.0,1.78,6.35,2.25,1,diluvio
dimensión,6.0,1.21,4.8,1.58,1,dimension
diminuto,5.85,1.31,4.35,2.08,1,diminuto
dimisión,4.35,2.11,6.1,1.59,1,dimision
dimitir,3.4,1.79,6.35,1.53,1,dimitir
dina,4.83,0.41,4.5,1.22,1,dina
dinámica,6.1,1.41,5.35,1.76,1,dinamica
dinamismo,6.5,1.1,5.37,1.89,1,dinamismo
dinamita,2.8,1.44,7.3,1.26,1,dinamita
dinar,5.25,0.71,5.0,0.0,1,dinar
dinastía,4.55,1.32,4.85,1.23,1,dinastia
dinástica,4.85,1.18,5.35,0.67,1,dinastica
dinero,6.75,1.9,6.35,1.66,1,dinero
dinosaurio,5.6,1.1,5.95,1.05,1,dinosaurio
diocesano,4.6,1.4,3.92,1.61,1,diocesano
dios,4.6,1.6,4.4,2.01,1,dios
diosa,6.25,1.65,5.4,1.88,1,diosa
dióxido,3.9,1.17,5.2,1.15,1,dioxido
diploma,7.1,1.39,5.33,2.3,1,diploma
diplomacia,5.3,1.13,4.4,1.79,1,diplomacia
diplomático,4.75,1.48,4.35,1.66,1,diplomatico
diptongo,4.9,0.72,4.65,1.39,1,diptongo
diputación,4.2,1.06,5.26,1.15,1,diputacion
diputada,3.45,1.19,5.7,1.95,1,diputada
diputado,3.2,1.47,5.4,2.09,1,diputado
dique,5.05,0.51,5.24,1.25,1,dique
diques,4.75,0.86,5.17,1.2,1,diques
diré,5.1,0.85,5.32,1.0,1,dire
dirección,5.5,0.83,5.1,1.41,1,direccion
directiva,4.6,0.88,5.8,1.7,1,directiva
directivo,4.6,1.05,6.1,1.29,1,directivo
directo,5.45,0.94,6.3,1.3,1,directo
director,5.05,1.43,5.05,1.57,1,director
directora,5.15,1.04,6.3,1.95,1,directora
directorio,4.55,1.15,5.5,0.76,1,directorio
diría,4.95,1.0,4.9,1.25,1,diria
dirigencia,4.53,0.87,5.42,1.39,1,dirigencia
dirigente,4.4,1.05,5.75,1.48,1,dirigente
dirigir,5.3,1.45,6.4,1.35,1,dirigir
dirige,5.3,1.17,6.0,1.73,1,dirige
dirijo,5.25,1.21,5.15,1.18,1,dirijo
dirimir,4.8,1.1,6.0,1.34,1,dirimir
discapacidad,3.05,0.89,6.4,1.96,1,discapacidad
discernimiento,4.94,1.25,5.56,1.15,1,discernimiento
discernir,5.06,0.97,5.45,0.89,1,discernir
disciplina,5.7,1.95,6.2,1.51,1,disciplina
disciplinario,4.95,1.36,5.2,1.67,1,disciplinario
discípulo,4.65,1.35,4.75,1.25,1,discipulo
disco,7.2,1.51,5.7,1.87,1,disco
discóbolo,5.33,0.78,5.71,1.2,1,discobolo
discografía,6.8,1.51,5.6,1.57,1,discografia
discográfica,6.9,1.59,5.55,1.47,1,discografica
disconformidad,3.55,2.11,6.15,1.31,1,disconformidad
discontinuidad,4.55,1.36,5.65,1.23,1,discontinuidad
discordia,3.05,0.94,6.5,1.32,1,discordia
discoteca,6.95,1.64,6.9,1.83,1,discoteca
discreción,5.85,1.14,3.45,1.43,1,discrecion
discrecionalidad,5.65,1.57,4.7,1.26,1,discrecionalidad
discrepancia,4.45,1.57,6.15,1.63,1,discrepancia
discreta,6.05,1.1,3.75,1.89,1,discreta
discreto,5.95,1.05,3.55,2.06,1,discreto
discriminación,1.9,1.29,6.5,1.47,1,discriminacion
discriminar,2.55,1.0,6.5,1.19,1,discriminar
discriminatorio,2.7,1.42,6.8,1.54,1,discriminatorio
disculpa,6.45,1.73,4.1,2.0,1,disculpa
disculpar,6.05,1.47,5.25,1.45,1,disculpar
discursiva,5.22,0.73,5.06,1.16,1,discursiva
discurso,5.15,1.23,6.55,1.9,1,discurso
discusión,2.3,1.13,7.5,0.95,1,discusion
discutir,2.95,1.43,7.6,0.88,1,discutir
diseminación,4.67,0.9,5.21,1.37,1,diseminacion
diseñador,6.5,1.5,5.45,1.28,1,disenador
diseñadora,6.0,1.12,5.0,1.97,1,disenadora
diseñar,6.45,1.19,5.15,1.66,1,disenar
diseño,6.3,1.34,5.25,1.33,1,diseno
disertación,4.75,0.75,6.0,1.1,1,disertacion
disfraz,7.05,1.23,5.55,1.76,1,disfraz
disfrutar,8.6,0.88,5.25,3.04,1,disfrutar
disfrute,8.1,1.17,6.15,1.95,1,disfrute
disfunción,2.4,1.47,6.65,1.18,1,disfuncion
disgustado,2.55,1.32,6.55,1.6,1,disgustado
disgusto,2.05,1.1,6.6,1.93,1,disgusto
disidencia,4.53,1.41,4.44,1.51,1,disidencia
disidente,4.93,0.73,5.54,1.76,1,disidente
disimular,4.8,1.11,5.25,1.65,1,disimular
disimulo,5.05,1.05,4.55,1.39,1,disimulo
disipación,4.65,0.49,5.31,1.78,1,disipacion
disipar,5.2,0.7,5.1,1.59,1,disipar
disminución,4.25,0.79,4.4,1.64,1,disminucion
disminuir,4.05,1.5,4.95,1.1,1,disminuir
disociación,4.75,1.41,5.05,0.97,1,disociacion
disolución,4.55,1.5,5.25,0.79,1,disolucion
disolver,4.95,0.6,5.05,1.32,1,disolver
dispar,4.65,0.75,5.45,1.54,1,dispar
disparada,3.8,1.54,6.95,1.28,1,disparada
disparar,2.95,2.24,7.65,1.31,1,disparar
disparate,4.4,1.43,6.45,1.19,1,disparate
disparidad,4.47,1.61,5.35,1.31,1,disparidad
disparo,2.95,1.76,7.25,1.29,1,disparo
dispensa,5.41,1.12,4.35,1.17,1,dispensa
dispersa,4.3,0.73,4.85,1.35,1,dispersa
dispersar,4.3,1.3,5.65,1.18,1,dispersar
dispersión,4.2,1.06,5.25,1.62,1,dispersion
disponer,6.1,1.29,4.7,1.87,1,disponer
disponibilidad,6.35,0.99,4.7,1.81,1,disponibilidad
disponible,6.65,1.27,5.15,1.31,1,disponible
disposición,6.3,1.53,4.4,1.23,1,disposicion
dispositiva,5.5,0.76,5.06,1.76,1,dispositiva
dispositivo,5.25,0.64,5.0,1.59,1,dispositivo
disputa,2.35,0.93,7.0,1.08,1,disputa
disputar,3.75,1.65,6.2,1.2,1,disputar
disquera,5.41,1.06,5.53,1.31,1,disquera
distancia,3.05,1.7,6.0,1.69,1,distancia
distanciamiento,2.85,1.42,5.6,1.7,1,distanciamiento
distanciar,2.4,1.19,5.8,1.47,1,distanciar
distante,2.73,1.15,6.03,1.99,1,distante
distensión,4.68,0.82,4.83,1.89,1,distension
distinción,5.05,1.5,5.6,1.05,1,distincion
distinguir,5.3,1.17,4.6,1.64,1,distinguir
distintivo,6.1,1.41,5.15,1.42,1,distintivo
distinto,6.35,1.04,5.65,1.46,1,distinto
distorsión,3.55,1.05,6.35,1.31,1,distorsion
distorsionar,3.5,1.1,6.6,1.1,1,distorsionar
distracción,4.75,1.45,5.9,1.45,1,distraccion
distraer,4.4,1.5,5.9,1.33,1,distraer
distribución,5.15,0.88,5.0,1.75,1,distribucion
distribuidor,5.74,1.15,5.2,1.28,1,distribuidor
distribuir,5.8,0.7,4.55,1.5,1,distribuir
distrito,4.74,0.99,5.05,1.0,1,distrito
disturbio,3.2,1.16,6.9,1.74,1,disturbio
disuadir,4.8,1.15,5.4,0.82,1,disuadir
disuasión,4.55,1.61,6.06,1.0,1,disuasion
diurno,6.05,1.32,4.95,2.21,1,diurno
diván,6.35,1.27,4.47,2.03,1,divan
divergencia,5.56,1.34,5.5,0.89,1,divergencia
diversa,5.45,0.89,4.55,1.5,1,diversa
diversidad,7.15,1.66,5.35,1.35,1,diversidad
diversificación,5.05,1.19,5.05,1.73,1,diversificacion
diversificar,5.75,1.29,5.15,0.99,1,diversificar
diversión,8.7,0.66,6.23,2.45,1,diversion
divertir,7.85,1.31,6.95,1.67,1,divertir
dividendo,5.15,1.14,4.95,1.54,1,dividendo
dividir,4.6,1.27,5.0,0.86,1,dividir
divina,6.35,1.35,5.25,2.02,1,divina
divinidad,4.9,1.86,5.5,1.88,1,divinidad
divisa,4.89,1.41,5.44,0.7,1,divisa
división,4.65,1.31,5.05,0.76,1,division
divisoria,4.4,1.43,5.16,1.01,1,divisoria
divorcio,2.55,1.34,7.2,1.4,1,divorcio
divulgación,4.3,1.56,5.58,1.61,1,divulgacion
divulgar,4.8,2.35,5.75,1.12,1,divulgar
doblaje,5.65,1.14,5.15,1.09,1,doblaje
doblar,5.3,0.86,5.3,1.03,1,doblar
doble,5.25,0.85,5.05,1.05,1,doble
doblegar,4.0,1.2,5.89,1.33,1,doblegar
doblete,5.3,1.13,5.47,1.07,1,doblete
doblez,4.79,0.92,5.06,0.66,1,doblez
doblón,5.28,0.57,5.61,1.24,1,doblon
docena,5.15,0.49,4.7,1.78,1,docena
docencia,6.5,1.19,4.8,1.06,1,docencia
docente,6.15,1.14,4.8,1.47,1,docente
dócil,6.0,1.72,2.55,1.28,1,docil
docto,6.0,1.18,5.09,0.54,1,docto
doctor,6.15,1.69,5.8,2.03,1,doctor
doctora,5.95,1.36,5.45,1.5,1,doctora
doctorado,7.8,1.4,6.4,1.7,1,doctorado
doctoral,5.75,1.37,5.55,1.5,1,doctoral
doctrina,4.25,1.07,6.05,1.15,1,doctrina
doctrinal,4.15,1.69,5.65,0.99,1,doctrinal
documentación,4.8,0.62,5.45,1.82,1,documentacion
documental,6.2,1.51,3.75,1.37,1,documental
documentar,5.05,1.0,5.0,1.49,1,documentar
documento,5.0,0.46,4.9,1.07,1,documento
dogma,4.84,1.17,5.15,2.18,1,dogma
dólar,5.95,1.19,5.55,1.52,1,dolar
dolencia,2.68,1.23,6.6,1.19,1,dolencia
doler,2.0,1.15,7.25,1.25,1,doler
doliente,3.0,1.33,6.7,1.08,1,doliente
dolo,3.5,1.85,5.6,1.34,1,dolo
dolor,2.15,1.14,8.25,1.02,1,dolor
dolorida,2.45,1.28,6.7,1.03,1,dolorida
dolorosa,2.0,1.12,6.75,1.45,1,dolorosa
doloroso,2.0,1.03,6.55,1.93,1,doloroso
domador,4.35,1.35,5.9,1.62,1,domador
domar,4.75,1.83,5.6,1.47,1,domar
domesticación,4.35,1.69,4.75,1.21,1,domesticacion
domiciliario,5.3,0.92,4.7,1.08,1,domiciliario
domicilio,6.3,1.3,3.6,1.64,1,domicilio
dominación,3.05,1.54,7.2,1.15,1,dominacion
dominador,2.95,1.36,6.8,1.32,1,dominador
dominante,2.8,1.67,6.85,0.88,1,dominante
dominar,3.65,2.06,6.1,1.8,1,dominar
domingo,6.5,2.26,3.75,2.75,1,domingo
dominicano,5.65,0.93,5.47,0.77,1,dominicano
dominio,4.0,1.95,5.05,1.99,1,dominio
dominó,6.0,1.52,5.0,1.41,1,domino
domo,4.8,1.21,5.36,1.5,1,domo
don,7.2,1.28,5.8,1.58,1,don
dona,7.19,1.33,4.22,1.4,1,dona
doña,4.15,1.27,4.75,1.07,1,dona
donación,8.15,1.18,5.35,1.98,1,donacion
donada,6.2,1.15,5.2,1.32,1,donada
donado,6.9,1.77,4.2,1.74,1,donado
donaire,5.27,2.24,5.11,0.78,1,donaire
donante,7.45,1.23,5.2,2.42,1,donante
donar,7.8,1.15,5.05,1.9,1,donar
doncella,5.6,1.54,5.25,1.07,1,doncella
donde,5.05,0.22,5.15,1.23,1,donde
dónde,5.2,0.52,4.95,1.0,1,donde
dondequiera,5.4,0.99,5.12,1.17,1,dondequiera
dopaje,3.4,1.23,6.5,1.19,1,dopaje
doquier,5.42,1.46,4.74,1.28,1,doquier
dorada,6.45,1.23,5.05,1.32,1,dorada
dorado,6.4,1.27,4.65,1.31,1,dorado
dormir,7.9,1.08,1.6,1.31,1,dormir
dormiré,7.55,1.1,2.35,2.16,1,dormire
dormitorio,6.95,1.28,2.75,1.71,1,dormitorio
dorsal,5.15,1.18,5.25,1.48,1,dorsal
dorso,5.3,0.8,4.7,1.03,1,dorso
dosel,5.4,0.7,4.89,1.36,1,dosel
dossier,4.9,0.64,4.65,1.31,1,dossier
dotación,6.05,1.15,5.6,0.82,1,dotacion
dotar,6.55,0.89,5.5,1.88,1,dotar
dote,5.95,1.43,5.25,1.48,1,dote
dracma,5.0,0.71,5.0,1.22,1,dracma
dragaminas,4.86,0.38,6.67,1.15,1,dragaminas
dragón,5.65,1.81,5.95,2.16,1,dragon
drama,2.8,1.32,6.6,1.27,1,drama
dramática,3.55,1.9,5.9,1.8,1,dramatica
dramaturgo,5.32,1.16,5.3,1.3,1,dramaturgo
drástica,3.9,1.25,6.4,1.19,1,drastica
drenaje,4.7,1.66,6.0,1.26,1,drenaje
droga,2.05,1.93,7.25,1.25,1,droga
dromedario,5.8,1.01,4.6,1.43,1,dromedario
dual,5.16,0.5,5.1,0.64,1,dual
dualidad,5.0,0.65,5.35,0.88,1,dualidad
dualismo,5.0,1.62,4.8,1.47,1,dualismo
ducado,4.88,1.2,5.0,1.0,1,ducado
ducha,6.85,1.57,4.55,1.99,1,ducha
duda,4.3,1.13,6.35,0.99,1,duda
dudar,3.5,1.57,6.0,1.65,1,dudar
dudoso,3.55,0.76,5.65,2.13,1,dudoso
duelo,2.55,1.54,6.5,1.5,1,duelo
dueña,5.55,1.19,4.95,1.57,1,duena
duende,6.15,1.39,4.9,1.86,1,duende
dueño,4.65,1.18,5.8,1.4,1,dueno
duerme,6.8,1.74,1.75,1.25,1,duerme
duermo,7.4,1.35,2.0,1.72,1,duermo
dueto,6.0,0.94,3.85,1.95,1,dueto
dulce,8.25,0.97,4.6,2.28,1,dulce
dulzaina,5.93,1.22,4.29,2.02,1,dulzaina
dulzura,8.3,0.92,4.25,2.38,1,dulzura
duna,5.84,1.17,4.05,1.58,1,duna
dúo,5.7,0.92,4.35,1.76,1,duo
duodécimo,4.95,0.22,4.58,1.02,1,duodecimo
dúplex,6.6,1.14,4.25,2.1,1,duplex
duplicación,5.2,1.44,5.8,0.89,1,duplicacion
duplicado,5.1,0.72,5.15,1.31,1,duplicado
duplicar,6.05,1.47,5.55,1.05,1,duplicar
duque,5.25,1.25,4.75,0.91,1,duque
duquesa,4.7,1.49,4.8,1.85,1,duquesa
dura,5.0,1.21,6.95,1.28,1,dura
durabilidad,6.55,1.73,4.9,1.21,1,durabilidad
duración,4.9,1.62,4.9,1.41,1,duracion
duradera,6.15,1.66,4.8,1.7,1,duradera
durar,6.25,1.16,5.15,1.04,1,durar
dureza,4.25,1.48,5.3,1.45,1,dureza
durmiente,5.95,0.76,1.85,0.93,1,durmiente
duro,4.65,1.5,6.1,1.32,1,duro
ébano,5.78,1.26,5.0,1.84,1,ebano
ébola,1.7,1.17,7.95,1.28,1,ebola
ebrio,4.3,2.2,6.25,1.8,1,ebrio
ebullición,4.9,0.97,6.65,0.93,1,ebullicion
echar,4.35,1.35,6.25,1.12,1,echar
ecléctico,4.83,1.54,5.71,0.91,1,eclectico
eclesiástica,3.75,1.8,5.05,1.61,1,eclesiastica
eclipse,6.45,1.28,4.65,2.28,1,eclipse
eclosión,5.41,1.62,5.89,1.24,1,eclosion
eco,5.9,1.12,4.7,1.75,1,eco
ecología,7.15,1.5,4.45,1.57,1,ecologia
ecológico,7.21,1.32,3.5,1.7,1,ecologico
economía,4.5,1.79,6.05,2.21,1,economia
económica,5.6,2.04,5.5,1.7,1,economica
económicas,4.5,1.36,5.9,1.83,1,economicas
económico,6.15,1.73,5.2,1.61,1,economico
economista,4.8,1.01,5.25,1.29,1,economista
ecosistema,6.65,1.39,4.65,1.57,1,ecosistema
ecuación,4.5,1.54,5.9,1.37,1,ecuacion
ecuador,4.7,1.03,4.95,0.89,1,ecuador
ecuatorial,5.25,1.21,4.8,1.24,1,ecuatorial
ecuatoriano,5.0,1.75,4.35,1.27,1,ecuatoriano
ecuestre,5.81,1.38,4.71,1.9,1,ecuestre
ecuménico,6.0,2.0,6.0,0.71,1,ecumenico
edad,5.45,1.0,5.15,1.79,1,edad
edición,5.7,1.17,4.8,0.52,1,edicion
edicto,4.5,0.8,5.27,1.49,1,edicto
edificación,5.25,0.97,5.26,1.45,1,edificacion
edificante,6.11,1.49,5.35,0.99,1,edificante
edificar,4.9,1.29,5.15,1.35,1,edificar
edificio,5.4,0.87,4.6,1.43,1,edificio
edil,4.67,0.5,4.6,1.35,1,edil
editar,5.3,0.66,5.45,1.23,1,editar
editor,5.9,1.21,4.4,1.54,1,editor
editora,6.3,1.08,4.55,1.32,1,editora
editorial,5.35,0.75,4.75,1.37,1,editorial
educación,7.65,1.18,4.6,2.1,1,educacion
educacional,6.6,1.43,5.55,0.89,1,educacional
educador,6.4,1.19,4.5,2.09,1,educador
educar,6.5,1.32,4.65,2.41,1,educar
educativo,7.5,1.24,4.5,2.01,1,educativo
efectiva,6.2,0.95,4.7,2.0,1,efectiva
efectividad,7.4,1.14,4.35,2.28,1,efectividad
efectivo,6.9,1.26,4.65,1.6,1,efectivo
efecto,5.45,0.76,5.3,1.34,1,efecto
efectuar,5.9,1.21,5.3,1.42,1,efectuar
efervescencia,5.45,1.43,6.0,2.03,1,efervescencia
eficacia,7.45,1.39,5.2,1.54,1,eficacia
eficaz,7.5,1.1,5.35,2.23,1,eficaz
eficiencia,6.7,1.56,4.45,2.11,1,eficiencia
eficiente,7.1,1.17,5.4,2.28,1,eficiente
efigie,4.43,1.62,4.6,0.89,1,efigie
efímero,4.4,1.57,5.75,1.65,1,efimero
efusión,5.25,1.86,5.75,1.29,1,efusion
egipcio,5.75,0.91,5.25,1.02,1,egipcio
ego,4.2,1.79,6.3,1.78,1,ego
egoísmo,2.05,1.47,6.85,1.95,1,egoismo
egoísta,2.13,1.32,6.85,1.33,1,egoista
egresado,5.0,2.08,6.0,1.0,1,egresado
eje,4.9,1.07,4.75,1.16,1,eje
ejecución,3.78,2.06,7.2,1.56,1,ejecucion
ejecutar,4.2,1.96,6.7,1.22,1,ejecutar
ejecutiva,5.7,1.13,5.65,1.27,1,ejecutiva
ejecutivo,5.3,0.98,5.65,1.09,1,ejecutivo
ejecutor,4.05,1.81,6.15,1.27,1,ejecutor
ejemplar,6.3,1.17,4.95,0.94,1,ejemplar
ejemplo,5.25,0.85,4.75,1.07,1,ejemplo
ejercer,6.15,1.79,5.7,1.78,1,ejercer
ejercicio,7.18,1.45,6.43,1.71,1,ejercicio
ejercitar,6.15,1.76,6.2,1.61,1,ejercitar
ejército,4.1,1.74,6.7,1.42,1,ejercito
elaboración,5.8,1.24,4.85,1.66,1,elaboracion
elaborar,6.2,1.11,4.95,1.36,1,elaborar
elasticidad,6.3,1.34,4.85,1.73,1,elasticidad
elección,5.95,1.85,6.35,1.35,1,eleccion
electo,5.39,0.85,5.28,1.53,1,electo
elector,5.11,0.57,5.2,0.52,1,elector
electorado,4.9,0.91,5.8,1.44,1,electorado
electoral,4.6,1.43,5.6,1.57,1,electoral
electricidad,5.35,0.99,6.1,1.37,1,electricidad
electricista,5.1,0.64,4.55,1.67,1,electricista
electrodo,4.75,0.79,5.9,1.77,1,electrodo
electrodoméstico,5.25,1.03,4.85,1.41,1,electrodomestico
electromagnética,5.25,1.02,5.4,1.35,1,electromagnetica
electrón,5.05,0.51,5.4,1.35,1,electron
electrónica,6.05,1.43,5.25,1.33,1,electronica
electrónico,5.3,0.98,5.65,0.99,1,electronico
elefante,6.1,1.25,5.85,2.03,1,elefante
elegancia,7.7,1.13,4.7,1.84,1,elegancia
elegante,7.45,0.94,4.5,1.88,1,elegante
elegía,4.58,1.5,5.74,1.37,1,elegia
elegir,5.8,1.36,5.9,1.77,1,elegir
elemental,5.45,1.0,4.35,1.5,1,elemental
elemento,5.25,0.79,4.85,1.63,1,elemento
elenco,5.62,1.12,5.35,0.7,1,elenco
elevación,5.55,1.0,5.55,1.76,1,elevacion
elevar,6.0,1.3,5.4,1.5,1,elevar
elfo,6.4,1.31,5.6,1.88,1,elfo
eligiría,5.5,1.73,5.28,1.41,1,eligiria
elijo,6.55,1.19,4.89,1.59,1,elijo
eliminación,3.1,1.21,5.95,1.5,1,eliminacion
eliminar,3.25,1.16,5.95,1.76,1,eliminar
eliminatoria,4.15,1.57,6.5,1.79,1,eliminatoria
elipse,5.65,1.27,5.0,0.86,1,elipse
elíptica,5.0,1.49,5.45,1.47,1,eliptica
elite,6.1,1.92,6.35,1.76,1,elite
élite,6.3,1.38,5.85,1.5,1,elite
elitista,3.71,1.61,5.36,0.74,1,elitista
elocuencia,6.26,1.33,5.39,1.72,1,elocuencia
elocuente,6.58,1.22,4.95,1.19,1,elocuente
elogiar,6.9,1.17,4.85,2.39,1,elogiar
elogio,7.65,1.31,5.8,1.61,1,elogio
eludir,4.75,1.25,5.63,0.76,1,eludir
emanación,5.2,1.11,5.3,1.59,1,emanacion
emancipación,6.25,1.55,6.35,1.31,1,emancipacion
embajada,5.35,1.04,5.6,1.57,1,embajada
embajador,5.3,0.8,5.2,1.74,1,embajador
embajadora,5.1,0.91,5.7,1.38,1,embajadora
embalaje,4.95,1.18,4.25,1.89,1,embalaje
embalse,5.3,1.3,4.9,1.48,1,embalse
embarazo,7.25,2.47,6.3,2.05,1,embarazo
embarcación,5.45,1.15,5.05,1.28,1,embarcacion
embarcadero,6.35,1.57,5.3,2.0,1,embarcadero
embarcar,5.95,2.19,5.4,1.39,1,embarcar
embargo,2.15,1.23,6.9,1.41,1,embargo
embarque,5.45,1.76,5.15,1.93,1,embarque
embestida,3.55,1.54,6.85,0.93,1,embestida
emblema,6.0,1.25,5.0,1.86,1,emblema
emblemático,5.75,1.16,5.95,1.7,1,emblematico
emboscada,3.5,0.95,7.05,1.5,1,emboscada
embriaguez,4.65,1.23,6.85,1.23,1,embriaguez
embrión,7.05,1.64,6.0,1.56,1,embrion
embrionario,6.47,1.74,4.75,1.59,1,embrionario
embudo,4.7,0.66,4.45,1.47,1,embudo
emergencia,2.9,1.25,7.85,0.81,1,emergencia
emergente,5.85,1.5,5.95,1.43,1,emergente
emérito,5.75,1.22,5.43,0.85,1,emerito
emigración,3.95,1.85,6.2,1.24,1,emigracion
emigrante,4.65,1.23,5.7,1.3,1,emigrante
emigrar,4.05,2.01,6.5,1.36,1,emigrar
eminencia,5.55,1.9,4.85,1.69,1,eminencia
eminente,5.32,1.53,5.47,1.39,1,eminente
emir,4.64,1.22,4.61,1.79,1,emir
emirato,4.39,1.82,4.75,1.41,1,emirato
emisario,4.79,0.92,5.11,0.94,1,emisario
emisión,4.8,1.15,5.0,1.45,1,emision
emisor,5.6,0.75,5.2,1.54,1,emisor
emisora,5.2,0.52,4.65,1.04,1,emisora
emitir,5.6,1.27,5.2,0.7,1,emitir
emoción,7.6,1.54,6.7,1.42,1,emocion
emocional,6.85,1.63,6.15,2.37,1,emocional
emocionante,7.9,1.25,7.95,1.1,1,emocionante
emotivo,7.55,0.94,6.1,1.97,1,emotivo
empalizada,3.63,1.31,6.06,1.66,1,empalizada
empalme,5.65,1.53,5.74,1.85,1,empalme
empaque,5.06,0.64,4.0,1.53,1,empaque
empatar,4.65,1.27,5.05,1.54,1,empatar
empate,5.05,1.47,4.75,1.52,1,empate
empatía,7.55,1.05,5.45,2.11,1,empatia
empeine,5.65,1.31,4.8,1.2,1,empeine
empeño,5.85,1.39,5.75,1.41,1,empeno
empeoramiento,2.35,1.42,7.0,1.21,1,empeoramiento
empeorar,2.3,1.08,6.8,1.24,1,empeorar
emperador,4.8,1.4,5.4,1.88,1,emperador
emperatriz,5.15,1.46,4.9,1.86,1,emperatriz
empezar,6.55,1.64,5.8,1.36,1,empezar
empiece,6.55,1.32,5.25,1.37,1,empiece
empieza,6.9,1.21,5.85,1.98,1,empieza
empiezo,6.1,1.62,5.7,1.22,1,empiezo
empírica,6.0,1.59,4.95,1.19,1,empirica
empíricas,6.5,1.5,5.0,1.81,1,empiricas
empirismo,5.9,1.25,4.95,1.39,1,empirismo
emplazamiento,4.72,0.67,4.44,1.58,1,emplazamiento
emplea,5.55,1.0,5.1,1.41,1,emplea
empleada,5.6,0.94,5.25,1.77,1,empleada
emplear,5.45,0.83,5.2,1.36,1,emplear
empleo,7.48,1.45,6.1,1.92,1,empleo
empobrecimiento,1.45,0.76,6.35,1.04,1,empobrecimiento
empotrado,4.55,1.88,5.95,1.1,1,empotrado
emprendedor,7.25,1.16,5.95,1.28,1,emprendedor
emprender,6.7,1.13,5.9,1.8,1,emprender
empresarial,4.65,1.04,5.8,1.67,1,empresarial
empresariales,4.4,1.1,5.35,1.57,1,empresariales
empresario,5.45,1.19,5.55,1.9,1,empresario
empujar,4.2,1.11,6.1,1.41,1,empujar
empuje,4.75,1.65,5.9,1.25,1,empuje
empujón,4.25,1.71,6.7,1.72,1,empujon
empuñadura,4.45,1.79,6.45,1.32,1,empunadura
emú,5.78,1.09,4.64,1.86,1,emu
emulación,5.0,1.65,5.44,1.1,1,emulacion
emulador,4.88,0.93,5.07,0.7,1,emulador
emular,5.18,1.33,5.17,0.38,1,emular
enajenación,3.85,3.07,6.37,1.64,1,enajenacion
enamorado,8.3,1.11,6.9,2.28,1,enamorado
enamorar,8.5,0.83,7.45,2.35,1,enamorar
enana,4.85,1.73,5.05,1.73,1,enana
enano,5.4,1.14,4.9,1.55,1,enano
encabezado,4.95,0.39,4.7,0.66,1,encabezado
encabezar,5.5,1.5,5.65,1.57,1,encabezar
encadenamiento,2.3,1.22,6.7,1.53,1,encadenamiento
encajar,6.15,1.35,4.95,1.43,1,encajar
encaje,6.35,1.5,4.7,1.84,1,encaje
encantadora,7.65,1.23,4.75,2.61,1,encantadora
encantamiento,5.79,1.58,5.15,1.76,1,encantamiento
encantar,8.05,1.32,5.45,2.63,1,encantar
encanto,7.5,1.22,5.0,2.23,1,encanto
encarar,4.58,1.8,6.95,1.39,1,encarar
encarcelamiento,1.9,1.25,7.5,1.64,1,encarcelamiento
encarcelar,3.2,1.79,6.2,1.11,1,encarcelar
encarecimiento,3.75,1.74,6.25,1.16,1,encarecimiento
encargada,5.35,1.31,5.6,2.35,1,encargada
encargado,5.45,1.36,5.75,1.29,1,encargado
encargar,5.2,1.2,5.3,0.73,1,encargar
encargo,5.1,1.02,5.35,1.04,1,encargo
encargue,4.85,0.75,5.2,1.67,1,encargue
encarnación,4.1,1.74,5.55,1.9,1,encarnacion
encarnar,5.05,1.67,6.0,1.33,1,encarnar
encauzar,6.05,1.27,4.6,1.43,1,encauzar
encefalitis,2.21,1.27,6.05,2.11,1,encefalitis
encendedor,5.25,1.02,5.55,1.36,1,encendedor
encender,6.6,1.35,5.6,1.23,1,encender
encerrar,3.4,1.1,7.15,1.46,1,encerrar
encíclica,4.42,1.38,5.08,0.67,1,enciclica
enciclopedia,5.55,0.89,4.25,1.62,1,enciclopedia
encierro,2.85,1.57,6.5,2.06,1,encierro
encima,5.45,0.94,4.85,1.14,1,encima
encimera,5.15,0.67,4.65,1.14,1,encimera
encina,5.95,0.94,3.95,1.36,1,encina
enclave,5.25,0.55,5.24,0.56,1,enclave
encoger,4.2,0.95,5.55,1.85,1,encoger
encomendar,5.65,1.35,5.05,0.78,1,encomendar
encomendero,4.77,0.44,5.0,0.0,1,encomendero
encomienda,5.32,0.67,5.05,1.19,1,encomienda
encontrar,7.9,1.12,5.7,2.0,1,encontrar
encrucijada,3.25,1.33,6.4,1.19,1,encrucijada
encuadre,5.05,0.39,4.85,0.75,1,encuadre
encubierta,4.7,1.34,4.95,1.05,1,encubierta
encubrimiento,3.4,0.94,7.05,1.19,1,encubrimiento
encubrir,3.5,1.28,6.2,1.67,1,encubrir
encuentro,7.4,1.67,5.1,1.74,1,encuentro
encuesta,4.8,1.4,5.1,2.07,1,encuesta
ende,5.0,0.53,4.87,0.92,1,ende
endémica,4.0,1.22,6.25,1.71,1,endemica
enderezar,5.55,1.39,5.1,1.52,1,enderezar
endeudamiento,2.0,1.12,7.6,1.39,1,endeudamiento
endivia,3.0,1.91,6.53,1.71,1,endivia
endocrinología,4.74,1.37,5.67,1.85,1,endocrinologia
endurecer,4.65,1.35,5.9,1.12,1,endurecer
endurecimiento,4.4,1.54,6.15,1.46,1,endurecimiento
enebro,5.13,0.5,4.5,1.69,1,enebro
eneldo,5.45,0.93,4.6,0.7,1,eneldo
enemigo,2.45,1.61,7.45,1.28,1,enemigo
enemistad,2.15,1.39,7.1,1.71,1,enemistad
energética,6.65,1.31,7.15,1.79,1,energetica
energéticas,6.25,0.91,6.0,1.56,1,energeticas
energía,7.2,1.11,6.15,1.93,1,energia
enérgica,7.1,1.55,7.05,1.28,1,energica
enérgico,7.33,1.23,6.35,1.35,1,energico
enero,5.7,1.75,4.25,2.83,1,enero
enfada,2.95,1.19,7.35,1.23,1,enfada
enfadado,2.58,1.17,7.05,1.68,1,enfadado
enfado,2.3,0.99,6.83,1.3,1,enfado
enfatizar,6.35,1.09,5.4,1.57,1,enfatizar
enferma,1.9,1.29,6.35,1.57,1,enferma
enfermar,2.45,1.28,6.45,1.88,1,enfermar
enfermedad,1.75,0.91,7.58,1.03,1,enfermedad
enfermera,5.6,1.78,5.38,1.9,1,enfermera
enfermería,6.15,1.84,6.15,2.11,1,enfermeria
enfermero,6.5,1.91,5.4,1.6,1,enfermero
enfermizo,1.95,1.05,6.8,1.99,1,enfermizo
enfermo,2.6,1.41,6.78,1.49,1,enfermo
enfisema,2.82,1.47,5.45,1.81,1,enfisema
enfocar,6.1,1.55,4.9,1.29,1,enfocar
enfoque,5.4,0.82,4.8,1.44,1,enfoque
enfrentamiento,2.65,1.5,7.4,1.31,1,enfrentamiento
enfrentar,4.1,1.74,6.8,1.15,1,enfrentar
enfrente,5.2,0.7,4.45,1.57,1,enfrente
enfriamiento,3.5,1.5,4.85,1.87,1,enfriamiento
enfriar,4.1,1.33,5.0,1.59,1,enfriar
enfurece,3.2,1.15,6.85,1.57,1,enfurece
enfurecido,2.5,1.45,7.13,1.6,1,enfurecido
engañar,2.0,1.03,7.25,1.25,1,enganar
engaño,2.23,1.21,7.73,1.01,1,engano
engañosa,2.65,1.18,6.75,0.97,1,enganosa
englobar,5.2,1.15,4.85,1.6,1,englobar
engordar,2.45,1.36,6.2,1.51,1,engordar
engranaje,4.75,1.29,5.05,1.5,1,engranaje
engreído,2.74,1.07,6.65,1.35,1,engreido
enhorabuena,8.2,1.36,6.65,0.88,1,enhorabuena
enigma,6.05,1.54,6.35,1.53,1,enigma
enigmático,5.85,1.53,6.11,1.37,1,enigmatico
enjambre,3.89,1.63,6.9,1.65,1,enjambre
enjuiciamiento,3.5,1.4,6.3,1.17,1,enjuiciamiento
enjuiciar,2.85,1.09,6.05,1.64,1,enjuiciar
enlace,5.95,1.5,5.4,1.54,1,enlace
enlazar,6.0,1.08,4.32,1.6,1,enlazar
enmarcar,5.95,1.23,4.9,0.79,1,enmarcar
enmendar,6.0,1.59,4.39,1.5,1,enmendar
enmienda,4.89,0.94,5.42,1.26,1,enmienda
enojada,2.7,1.42,7.3,1.13,1,enojada
enojo,3.05,1.15,6.85,1.53,1,enojo
enorme,6.65,1.69,6.65,1.09,1,enorme
enredadera,5.3,1.49,4.95,1.99,1,enredadera
enredar,3.15,1.23,6.2,1.79,1,enredar
enredo,3.25,1.12,5.9,1.83,1,enredo
enriquecer,6.6,1.67,5.5,1.99,1,enriquecer
enriquecimiento,7.1,1.59,6.1,1.68,1,enriquecimiento
ensalada,5.8,1.4,3.6,1.6,1,ensalada
ensaladera,6.25,1.62,4.3,0.98,1,ensaladera
ensalzar,6.0,1.52,5.58,1.35,1,ensalzar
ensamblaje,4.95,0.22,4.8,1.51,1,ensamblaje
ensancha,5.3,1.45,4.55,1.39,1,ensancha
ensanche,4.6,1.23,5.22,1.06,1,ensanche
ensayar,5.15,1.5,4.7,1.38,1,ensayar
ensayista,5.11,0.57,4.79,1.13,1,ensayista
ensayo,5.7,0.73,5.6,1.19,1,ensayo
enseguida,5.9,1.77,5.25,1.59,1,enseguida
ensenada,4.75,1.91,4.75,1.16,1,ensenada
enseñanza,6.85,1.5,5.0,1.95,1,ensenanza
enseñar,7.35,1.27,5.4,2.14,1,ensenar
ensillar,5.37,0.96,5.32,1.63,1,ensillar
ensueño,6.2,1.67,3.4,1.85,1,ensueno
entablar,6.25,1.45,5.3,1.22,1,entablar
ente,4.9,0.72,5.42,1.46,1,ente
entender,6.35,1.31,4.4,1.9,1,entender
entendimiento,6.47,0.96,4.85,1.5,1,entendimiento
enterar,5.55,1.32,5.2,1.7,1,enterar
entereza,6.75,1.41,4.74,1.28,1,entereza
entero,6.35,1.35,4.9,1.65,1,entero
enterramiento,1.95,1.67,5.95,2.21,1,enterramiento
enterrar,1.65,1.14,6.6,1.93,1,enterrar
entidad,4.85,0.67,5.05,1.1,1,entidad
entierro,1.15,0.49,7.35,1.64,1,entierro
entonación,5.6,1.05,4.65,1.46,1,entonacion
entonces,5.15,0.67,4.85,1.09,1,entonces
entorno,5.8,1.47,4.8,1.58,1,entorno
entorpecer,2.45,1.23,5.9,0.91,1,entorpecer
entrada,6.3,1.22,4.95,1.36,1,entrada
entramado,4.55,1.0,5.63,0.68,1,entramado
entraña,3.79,1.18,5.6,1.43,1,entrana
entrante,6.6,1.43,4.85,1.27,1,entrante
entrar,6.1,1.48,5.1,1.74,1,entrar
entreabierta,5.35,0.99,5.4,1.79,1,entreabierta
entrecejo,4.05,1.43,5.0,1.56,1,entrecejo
entredicho,4.7,1.03,5.47,1.31,1,entredicho
entregar,5.7,1.45,5.4,1.1,1,entregar
entrenador,5.95,1.36,5.55,1.57,1,entrenador
entrenamiento,6.8,1.11,6.0,2.15,1,entrenamiento
entrenar,6.6,1.31,5.6,1.7,1,entrenar
entreplanta,5.1,0.31,4.94,0.54,1,entreplanta
entresuelo,5.21,0.92,5.2,0.89,1,entresuelo
entretanto,4.95,0.6,4.9,0.55,1,entretanto
entretela,5.13,0.35,4.88,0.49,1,entretela
entretener,7.35,1.27,5.15,1.5,1,entretener
entretenimiento,7.35,1.18,5.1,2.38,1,entretenimiento
entrever,5.4,0.82,5.45,0.94,1,entrever
entrevista,5.9,1.41,6.4,1.1,1,entrevista
entrometido,3.6,1.54,5.6,1.19,1,entrometido
entropía,5.36,1.5,5.58,1.0,1,entropia
entusiasmo,7.8,1.2,6.85,1.57,1,entusiasmo
entusiasta,7.4,1.14,6.85,1.5,1,entusiasta
enumeración,5.15,0.49,4.55,1.43,1,enumeracion
enumerar,4.9,0.79,5.25,0.91,1,enumerar
enunciación,5.5,1.0,4.89,1.05,1,enunciacion
enunciado,5.45,1.73,4.75,1.12,1,enunciado
enunciar,5.05,0.6,4.95,1.32,1,enunciar
envasado,4.95,0.6,4.3,1.3,1,envasado
envase,5.3,0.92,4.65,0.99,1,envase
envejecer,2.7,1.42,5.6,2.01,1,envejecer
envejecimiento,2.7,1.66,5.85,1.79,1,envejecimiento
envenenamiento,1.9,1.17,7.5,1.1,1,envenenamiento
envenenar,2.05,1.43,7.5,1.36,1,envenenar
envergadura,4.4,1.27,5.21,1.47,1,envergadura
enviado,6.1,1.29,5.1,1.74,1,enviado
enviar,5.6,1.1,5.4,1.73,1,enviar
envidia,2.35,0.99,7.1,1.33,1,envidia
envidiable,4.25,2.12,6.7,1.13,1,envidiable
envidiar,2.95,1.28,6.0,1.52,1,envidiar
envidiosa,2.25,1.16,6.65,1.76,1,envidiosa
envidioso,2.25,0.91,6.3,1.49,1,envidioso
envío,6.25,1.59,5.2,1.24,1,envio
envoltorio,5.25,1.02,4.95,0.76,1,envoltorio
envoltura,5.45,1.05,4.3,1.53,1,envoltura
envolvente,6.4,1.47,5.0,1.34,1,envolvente
envolver,6.15,1.31,4.95,1.7,1,envolver
enzima,5.5,1.1,5.2,1.4,1,enzima
eólica,6.05,1.57,4.5,1.36,1,eolica
épica,6.25,1.21,5.85,1.76,1,epica
epicentro,4.85,1.63,6.0,1.52,1,epicentro
épico,6.1,0.97,6.35,1.6,1,epico
epidemia,1.55,0.6,7.6,1.35,1,epidemia
epígrafe,5.05,1.27,4.6,1.43,1,epigrafe
epilepsia,2.0,1.17,7.8,1.28,1,epilepsia
epílogo,5.4,1.43,4.45,1.7,1,epilogo
episcopado,4.0,1.71,4.73,1.62,1,episcopado
episcopal,4.0,1.75,4.95,0.97,1,episcopal
episodio,5.6,1.1,5.2,1.24,1,episodio
epistemología,5.1,0.64,4.74,1.48,1,epistemologia
epístola,5.87,1.46,4.56,1.15,1,epistola
epistolar,4.5,1.31,4.6,1.84,1,epistolar
epitafio,3.17,1.53,5.56,1.93,1,epitafio
epitelio,4.85,0.55,4.71,1.31,1,epitelio
epíteto,5.07,0.88,5.06,0.8,1,epiteto
época,5.8,0.77,4.9,1.25,1,epoca
epopeya,5.56,0.98,4.53,1.33,1,epopeya
equidad,6.22,1.44,4.21,1.81,1,equidad
equilibrar,6.4,1.57,3.75,1.59,1,equilibrar
equilibrio,6.95,1.23,3.15,1.95,1,equilibrio
equipaje,6.7,1.56,5.65,2.08,1,equipaje
equipamiento,5.35,1.09,5.25,0.79,1,equipamiento
equipar,5.9,0.97,5.05,1.39,1,equipar
equiparación,5.4,1.23,5.25,0.55,1,equiparacion
equiparar,5.35,1.31,5.0,0.86,1,equiparar
equipo,6.1,1.17,5.25,1.33,1,equipo
equitación,5.85,1.23,5.1,1.48,1,equitacion
equitativa,6.55,1.54,4.6,1.27,1,equitativa
equivalencia,5.26,1.15,4.45,1.7,1,equivalencia
equivalente,6.0,1.45,4.4,1.1,1,equivalente
equivocación,3.1,1.02,6.4,1.14,1,equivocacion
equívoco,3.6,1.19,5.9,1.21,1,equivoco
era,5.35,1.35,4.15,1.18,1,era
erar,4.92,0.76,4.22,1.39,1,erar
erario,5.25,0.5,4.88,0.35,1,erario
eras,5.06,0.94,4.18,1.29,1,eras
erección,5.85,1.76,7.35,1.18,1,ereccion
erguir,5.7,1.17,5.45,0.76,1,erguir
erigir,6.09,1.64,5.08,0.29,1,erigir
erizo,5.6,1.5,5.8,1.28,1,erizo
ermita,5.35,1.31,4.15,1.57,1,ermita
ermitaño,4.85,0.67,4.05,1.7,1,ermitano
ermitas,5.21,1.13,4.5,1.64,1,ermitas
erosión,3.55,1.54,5.7,1.78,1,erosion
erótico,7.33,1.21,7.8,1.18,1,erotico
erotismo,6.75,1.89,7.35,2.37,1,erotismo
erradicación,3.35,1.93,6.42,2.01,1,erradicacion
erradicar,4.95,1.78,5.8,1.61,1,erradicar
errante,4.7,2.3,5.63,1.74,1,errante
errar,3.45,1.61,5.85,1.39,1,errar
errónea,3.7,1.26,6.4,1.27,1,erronea
error,2.9,1.24,6.5,2.12,1,error
erudición,5.67,1.5,5.83,0.83,1,erudicion
erudito,5.97,1.74,4.95,1.24,1,erudito
erupción,4.35,1.76,6.6,1.43,1,erupcion
es,6.05,1.47,4.55,1.5,1,es
esbelta,6.53,1.17,5.35,2.03,1,esbelta
esbozar,6.16,1.26,4.0,1.45,1,esbozar
esbozo,5.15,0.67,4.7,1.3,1,esbozo
escala,5.1,0.85,4.55,1.23,1,escala
escalada,5.7,1.17,6.85,1.5,1,escalada
escalador,5.65,1.09,5.5,1.61,1,escalador
escalafón,4.8,1.42,5.06,0.83,1,escalafon
escalera,5.1,1.12,5.2,1.11,1,escalera
escalinata,4.39,1.38,5.37,1.61,1,escalinata
escalofriante,3.5,1.5,6.85,1.14,1,escalofriante
escalofrío,4.1,1.17,6.75,1.45,1,escalofrio
escalón,4.9,0.91,5.15,0.99,1,escalon
escalope,6.15,1.04,4.94,1.3,1,escalope
escamas,5.15,1.53,4.8,0.89,1,escamas
escándalo,3.35,1.85,7.2,1.07,1,escandalo
escandaloso,3.75,1.02,7.45,1.28,1,escandaloso
escandinava,5.42,0.84,5.05,1.54,1,escandinava
escaño,4.56,0.89,5.1,1.02,1,escano
escapar,5.2,1.61,6.2,1.88,1,escapar
escaparate,6.2,1.06,5.05,1.54,1,escaparate
escape,5.5,1.57,6.05,1.85,1,escape
escarabajo,5.25,2.12,5.85,1.76,1,escarabajo
escaramuza,4.44,1.25,5.64,1.08,1,escaramuza
escarcha,5.2,1.01,4.8,1.54,1,escarcha
escarlatina,4.1,1.97,5.83,1.59,1,escarlatina
escarmiento,3.35,1.63,6.25,1.16,1,escarmiento
escarnio,2.75,1.49,5.0,1.68,1,escarnio
escarola,4.94,1.34,4.74,1.05,1,escarola
escarpada,5.18,1.13,6.16,1.68,1,escarpada
escarpia,4.15,0.99,5.58,0.9,1,escarpia
escasez,2.65,1.04,6.45,1.61,1,escasez
escaso,3.4,1.31,5.6,1.23,1,escaso
escayola,3.7,1.53,5.9,1.25,1,escayola
escena,6.45,1.32,5.15,1.09,1,escena
escenario,5.75,1.41,7.0,1.26,1,escenario
escénica,5.65,1.04,5.75,1.8,1,escenica
escenografía,6.0,1.45,5.65,1.53,1,escenografia
escepticismo,4.0,2.05,5.45,1.9,1,escepticismo
escéptico,4.73,1.57,5.6,1.39,1,esceptico
escisión,3.77,1.01,6.15,1.14,1,escision
esclarecer,5.65,1.09,5.3,0.98,1,esclarecer
esclarecimiento,5.95,0.85,4.4,1.96,1,esclarecimiento
esclavista,2.42,1.61,6.95,1.03,1,esclavista
esclavitud,1.75,1.02,7.45,1.39,1,esclavitud
esclavo,1.83,0.96,7.1,1.37,1,esclavo
esclerosis,1.55,0.6,6.84,1.86,1,esclerosis
escoba,4.8,0.89,4.75,1.52,1,escoba
escocés,5.5,1.1,4.15,1.46,1,escoces
escocia,5.65,1.14,4.95,1.36,1,escocia
escoger,5.7,1.3,5.65,1.35,1,escoger
escolar,6.05,0.94,5.2,1.2,1,escolar
escolarización,6.55,1.5,5.0,1.59,1,escolarizacion
escoliosis,2.6,1.31,6.25,1.68,1,escoliosis
escollo,4.2,1.21,5.0,1.6,1,escollo
escolta,5.25,1.48,5.7,1.53,1,escolta
esconde,3.35,1.35,6.4,1.57,1,esconde
esconder,3.93,1.38,6.4,1.15,1,esconder
esconderé,4.8,1.24,5.9,1.48,1,escondere
escondidas,4.6,1.73,5.65,1.73,1,escondidas
escondite,6.05,1.61,5.3,1.78,1,escondite
escondo,4.6,0.99,5.4,1.79,1,escondo
escondrijo,5.65,1.57,5.6,1.96,1,escondrijo
escopeta,2.6,1.48,7.4,1.46,1,escopeta
escorbuto,3.28,1.57,6.18,1.36,1,escorbuto
escoria,2.4,1.13,6.13,1.36,1,escoria
escorpión,4.1,2.02,7.13,1.57,1,escorpion
escote,6.25,1.48,6.3,1.45,1,escote
escotilla,5.0,0.59,5.0,1.71,1,escotilla
escriba,5.74,1.05,5.35,1.31,1,escriba
escribano,5.35,0.79,4.88,1.11,1,escribano
escribe,6.1,1.29,4.1,1.37,1,escribe
escribir,5.65,1.31,4.65,1.87,1,escribir
escribo,5.8,1.06,4.4,1.39,1,escribo
escrito,6.25,1.33,4.3,1.87,1,escrito
escritor,6.7,1.24,3.85,1.66,1,escritor
escritora,6.85,1.39,4.35,1.66,1,escritora
escritorio,6.2,1.67,4.3,1.45,1,escritorio
escritura,6.15,1.42,4.45,2.11,1,escritura
escrúpulo,4.0,1.6,5.85,0.81,1,escrupulo
escrupuloso,4.85,1.69,5.9,1.55,1,escrupuloso
escrutinio,5.25,1.18,5.71,0.91,1,escrutinio
escuadra,5.15,0.81,5.0,1.75,1,escuadra
escuadrón,4.85,0.49,5.1,1.62,1,escuadron
escuchar,7.05,1.23,3.95,1.9,1,escuchar
escucho,6.0,1.21,4.75,0.97,1,escucho
escudería,4.74,0.87,5.6,1.57,1,escuderia
escudero,5.15,1.14,4.75,1.25,1,escudero
escudo,5.53,1.54,5.4,1.47,1,escudo
escuela,6.65,1.63,4.85,1.57,1,escuela
escueto,4.58,1.17,4.95,2.21,1,escueto
escultor,5.5,0.83,4.3,1.72,1,escultor
escultórico,5.58,1.39,5.35,1.46,1,escultorico
escultura,6.85,1.5,4.0,1.49,1,escultura
escupir,2.95,1.61,6.75,1.12,1,escupir
escurreplatos,4.95,1.1,4.65,1.18,1,escurreplatos
escurridor,4.9,0.45,4.7,1.81,1,escurridor
esencia,7.25,1.37,4.7,2.49,1,esencia
esencial,6.4,1.57,4.7,2.08,1,esencial
esfera,5.95,1.1,4.2,1.11,1,esfera
esférica,5.75,0.72,4.9,1.55,1,esferica
esfinge,5.21,1.51,5.05,1.5,1,esfinge
esfuerzo,6.05,1.32,6.4,1.93,1,esfuerzo
esgrima,5.3,1.08,5.74,1.91,1,esgrima
esguince,2.4,1.05,6.3,1.13,1,esguince
eslabón,5.35,0.67,5.25,1.02,1,eslabon
eslavo,5.17,0.51,5.53,0.83,1,eslavo
eslora,5.0,2.08,4.42,1.56,1,eslora
eslovaco,5.05,0.22,4.85,1.14,1,eslovaco
eslovena,4.94,0.42,5.25,1.48,1,eslovena
esmalte,6.2,1.24,4.65,1.18,1,esmalte
esmeralda,6.55,1.15,4.7,1.84,1,esmeralda
esmero,6.75,1.41,5.7,2.05,1,esmero
esófago,4.7,0.86,5.45,1.1,1,esofago
esotérico,4.79,1.25,6.0,1.11,1,esoterico
espacial,5.85,1.5,5.55,1.85,1,espacial
espacio,5.95,1.38,4.35,1.73,1,espacio
espada,5.1,1.07,5.8,1.4,1,espada
espadaña,4.9,0.57,4.8,1.14,1,espadana
espalda,5.75,1.37,4.1,1.62,1,espalda
español,6.7,1.38,5.3,2.08,1,espanol
española,5.95,1.47,5.2,1.44,1,espanola
espantar,3.95,0.94,6.35,1.53,1,espantar
espanto,2.2,1.61,7.05,1.54,1,espanto
espantoso,2.1,1.07,6.6,1.53,1,espantoso
esparcimiento,5.25,0.85,5.15,1.18,1,esparcimiento
espárrago,5.2,1.67,3.9,1.62,1,esparrago
esparto,4.95,1.05,4.16,1.38,1,esparto
espátula,5.4,0.82,4.8,1.36,1,espatula
especia,6.05,1.28,4.4,1.43,1,especia
especial,8.25,0.85,5.8,2.26,1,especial
especialidad,6.85,1.09,5.2,1.82,1,especialidad
especialista,6.85,1.04,4.85,1.98,1,especialista
especialización,7.15,1.42,5.35,1.23,1,especializacion
especializar,6.65,1.31,4.95,1.19,1,especializar
especie,5.7,1.17,4.75,1.07,1,especie
especificación,5.8,1.32,5.35,1.42,1,especificacion
especificar,5.1,0.79,4.95,1.15,1,especificar
especificidad,5.35,1.53,5.05,1.05,1,especificidad
específico,5.45,1.1,4.7,1.26,1,especifico
espécimen,4.32,1.2,5.8,1.06,1,especimen
espectacular,8.05,0.89,7.15,1.53,1,espectacular
espectáculo,7.65,1.14,5.85,2.21,1,espectaculo
espectador,5.8,0.83,4.8,1.61,1,espectador
espectral,4.2,1.51,5.6,1.5,1,espectral
espectro,4.0,1.52,5.35,1.46,1,espectro
especulación,3.15,1.42,6.45,1.7,1,especulacion
especular,4.7,1.72,6.15,1.57,1,especular
especulativa,4.3,1.17,5.6,1.23,1,especulativa
espejismo,4.95,1.73,5.2,1.28,1,espejismo
espejo,6.7,1.53,5.4,1.47,1,espejo
espera,3.4,1.14,3.85,2.35,1,espera
esperanto,5.5,1.18,5.1,1.91,1,esperanto
esperanza,7.73,1.06,4.7,3.34,1,esperanza
esperanzado,7.83,1.11,4.63,2.67,1,esperanzado
esperar,3.75,1.29,5.15,2.43,1,esperar
esperma,6.25,1.59,6.25,1.25,1,esperma
espesa,4.15,1.23,5.0,1.08,1,espesa
espesor,4.6,0.75,4.6,1.39,1,espesor
espesura,5.4,1.39,5.2,1.11,1,espesura
espía,4.5,1.28,6.5,1.32,1,espia
espiar,3.4,1.27,6.9,1.92,1,espiar
espiga,4.35,1.39,4.8,1.51,1,espiga
espín,5.06,1.56,5.43,1.74,1,espin
espina,3.15,1.39,6.1,1.1,1,espina
espinaca,3.95,1.57,4.55,1.82,1,espinaca
espinal,4.95,0.83,5.5,1.15,1,espinal
espino,3.79,1.44,5.58,1.17,1,espino
espinoso,3.58,0.96,6.6,1.35,1,espinoso
espionaje,4.7,1.89,6.25,1.16,1,espionaje
espiral,5.65,1.35,5.45,1.05,1,espiral
espíritu,6.08,2.04,6.0,2.27,1,espiritu
espiritual,5.8,1.32,3.9,2.22,1,espiritual
espiritualidad,5.85,1.98,2.8,1.44,1,espiritualidad
espléndido,7.4,1.1,6.2,1.96,1,esplendido
esplendor,6.9,1.55,5.55,1.85,1,esplendor
esponja,6.0,1.41,3.95,1.67,1,esponja
espontánea,6.7,1.13,5.5,1.5,1,espontanea
espontaneidad,7.5,1.19,5.65,1.93,1,espontaneidad
esporádica,5.9,1.68,5.3,1.13,1,esporadica
esposa,5.95,1.75,5.4,1.61,1,esposa
esposo,5.65,1.98,5.0,2.64,1,esposo
espuma,6.1,1.35,4.45,1.39,1,espuma
espumadera,5.05,0.52,4.75,1.21,1,espumadera
esqueleto,3.95,1.15,5.45,1.23,1,esqueleto
esquema,5.55,0.89,4.2,1.15,1,esquema
esquí,6.1,1.48,5.75,1.8,1,esqui
esquiador,5.85,1.6,5.95,1.28,1,esquiador
esquiar,6.0,1.21,6.6,1.6,1,esquiar
esquina,5.08,1.51,4.48,1.45,1,esquina
esquiva,4.21,1.23,5.55,1.54,1,esquiva
esquivar,4.4,1.5,5.55,1.0,1,esquivar
esquizofrenia,2.3,1.34,7.4,1.35,1,esquizofrenia
está,5.47,0.96,5.4,1.67,1,esta
estabilidad,7.6,1.35,3.0,1.78,1,estabilidad
estabilización,6.2,1.2,3.6,2.06,1,estabilizacion
estabilizar,5.8,0.7,3.7,1.72,1,estabilizar
estable,7.1,1.37,3.35,1.63,1,estable
establece,5.85,0.88,4.45,1.36,1,establece
establecer,5.75,1.07,4.25,1.25,1,establecer
establecería,5.16,1.12,5.3,1.87,1,estableceria
establecimiento,5.05,0.22,5.0,1.45,1,establecimiento
establo,5.75,1.33,4.05,1.54,1,establo
estaca,3.84,1.26,5.85,1.57,1,estaca
estación,5.75,1.55,5.0,1.45,1,estacion
estacional,5.65,0.88,4.9,0.97,1,estacional
estacionamiento,5.7,1.22,4.7,1.66,1,estacionamiento
estadía,5.14,0.53,5.0,0.47,1,estadia
estadio,5.3,1.22,5.85,1.31,1,estadio
estadista,4.25,1.57,5.28,1.56,1,estadista
estadística,4.7,0.8,6.05,1.76,1,estadistica
estado,5.1,0.72,5.25,1.25,1,estado
estadounidense,5.55,1.05,5.55,1.47,1,estadounidense
estafa,2.4,1.14,6.55,1.5,1,estafa
estafar,2.45,1.19,7.2,1.36,1,estafar
estalactitas,5.85,1.42,5.0,2.11,1,estalactitas
estalagmitas,5.65,1.54,4.06,2.08,1,estalagmitas
estalinismo,3.47,1.77,5.85,1.73,1,estalinismo
estalinista,3.55,1.37,5.93,1.21,1,estalinista
estallar,2.8,1.85,6.8,2.09,1,estallar
estallido,3.5,1.85,7.3,1.17,1,estallido
estamento,4.59,0.62,5.26,1.19,1,estamento
estampa,5.35,0.81,4.6,0.99,1,estampa
estan,5.7,1.26,5.05,0.6,1,estan
estancado,3.38,1.55,6.18,1.38,1,estancado
estancamiento,3.05,1.43,6.1,2.0,1,estancamiento
estancia,6.1,1.45,4.7,1.26,1,estancia
estancias,6.0,1.38,4.2,1.58,1,estancias
estándar,4.85,1.23,4.2,1.82,1,estandar
estandarización,5.1,1.12,4.55,1.43,1,estandarizacion
estandarte,5.55,1.57,4.45,1.1,1,estandarte
estaño,5.21,0.79,4.6,0.99,1,estano
estanque,6.1,1.21,3.4,1.35,1,estanque
estanquero,4.3,1.69,4.8,1.15,1,estanquero
estante,4.9,0.31,4.25,1.45,1,estante
estantería,5.25,0.64,4.8,0.83,1,estanteria
estar,6.5,1.36,4.9,1.45,1,estar
estaré,6.2,1.44,5.2,1.28,1,estare
estaría,4.95,1.05,5.0,1.26,1,estaria
estatal,4.45,1.1,4.65,1.31,1,estatal
estática,4.3,0.86,4.65,1.69,1,estatica
estatua,5.25,0.63,4.48,1.45,1,estatua
estatuilla,5.5,1.05,4.35,1.23,1,estatuilla
estatura,5.0,0.65,4.8,1.2,1,estatura
estatutaria,4.64,1.08,4.75,1.61,1,estatutaria
estatuto,4.8,1.06,5.1,1.41,1,estatuto
estela,5.9,1.55,4.4,1.54,1,estela
estelar,6.6,1.6,5.3,1.53,1,estelar
estepa,5.7,1.3,4.53,1.18,1,estepa
éster,4.73,0.79,4.83,1.8,1,ester
estéreo,5.35,0.75,5.1,1.21,1,estereo
estereotipo,3.75,1.41,6.1,1.02,1,estereotipo
estéril,2.55,1.99,6.35,1.04,1,esteril
esterilidad,2.35,1.23,5.45,2.14,1,esterilidad
estero,4.71,0.76,3.78,1.64,1,estero
estética,6.8,1.51,6.25,1.52,1,estetica
esteticién,5.3,1.08,5.5,1.47,1,esteticien
esteticista,6.1,1.45,4.75,2.0,1,esteticista
estético,6.7,1.49,5.65,1.63,1,estetico
estiércol,3.0,1.57,5.78,1.93,1,estiercol
estigma,4.3,1.81,5.65,1.39,1,estigma
estilística,6.33,1.46,4.85,1.46,1,estilistica
estilo,6.5,0.83,5.3,1.53,1,estilo
estima,6.8,1.4,5.3,1.84,1,estima
estimación,5.4,0.88,4.75,1.37,1,estimacion
estimar,5.65,0.88,5.35,0.99,1,estimar
estimulación,6.4,1.14,6.8,1.54,1,estimulacion
estimulante,7.3,1.22,7.05,2.14,1,estimulante
estimular,7.0,1.03,7.1,1.17,1,estimular
estímulo,6.75,1.65,6.25,1.12,1,estimulo
estío,4.55,1.04,4.86,1.46,1,estio
estipular,4.74,1.15,5.2,1.47,1,estipular
estira,5.25,0.55,4.9,0.97,1,estira
estirar,5.15,0.49,4.95,1.1,1,estirar
estirpe,4.45,2.14,5.56,1.25,1,estirpe
estival,5.07,1.27,4.11,1.68,1,estival
esto,5.2,0.7,4.75,1.07,1,esto
ésto,5.37,1.01,4.7,1.26,1,esto
estocada,4.25,1.07,6.7,1.38,1,estocada
estómago,4.75,1.07,5.15,1.17,1,estomago
estonio,5.07,0.83,5.2,0.77,1,estonio
estorbar,3.1,0.97,6.4,0.88,1,estorbar
estorbo,2.5,1.43,6.05,1.43,1,estorbo
estornino,6.85,2.7,5.36,1.39,1,estornino
estoy,6.1,1.52,5.1,1.41,1,estoy
estrado,5.0,0.82,6.45,1.32,1,estrado
estragar,4.5,0.9,5.09,0.83,1,estragar
estrago,3.3,1.53,5.65,1.84,1,estrago
estragón,4.73,1.42,5.08,1.12,1,estragon
estratagema,5.22,0.81,5.56,1.89,1,estratagema
estratega,5.0,1.65,6.26,1.85,1,estratega
estrategia,5.4,1.31,6.15,1.84,1,estrategia
estratégica,6.05,1.15,6.05,0.94,1,estrategica
estrato,4.89,0.88,4.84,1.3,1,estrato
estrecha,4.6,0.88,5.15,0.88,1,estrecha
estrechar,5.0,1.49,6.1,1.17,1,estrechar
estrechez,3.45,1.23,5.65,1.63,1,estrechez
estrecho,4.4,1.27,5.1,1.07,1,estrecho
estrella,7.35,1.31,4.35,2.06,1,estrella
estrellato,6.35,1.84,5.83,1.95,1,estrellato
estremecimiento,3.0,1.56,6.45,1.57,1,estremecimiento
estrena,6.55,0.94,5.9,1.97,1,estrena
estrenar,7.35,1.23,6.9,2.0,1,estrenar
estreno,6.65,1.35,5.7,1.53,1,estreno
estrépito,4.69,1.35,6.0,1.75,1,estrepito
estrés,2.33,1.1,7.78,1.37,1,estres
estribillo,6.9,1.45,5.2,2.48,1,estribillo
estribo,5.25,1.02,4.65,1.79,1,estribo
estribor,5.3,0.92,4.65,1.79,1,estribor
estricto,4.2,1.36,6.2,1.4,1,estricto
estrofa,5.95,1.15,5.4,1.27,1,estrofa
estroncio,4.92,1.0,4.67,1.54,1,estroncio
estructura,5.35,0.75,5.1,0.97,1,estructura
estructuración,5.85,1.18,4.5,1.36,1,estructuracion
estructural,5.45,1.64,5.15,0.75,1,estructural
estructurar,5.3,1.03,5.25,1.48,1,estructurar
estruendo,4.25,1.48,6.74,1.19,1,estruendo
estuario,5.33,0.89,4.38,1.59,1,estuario
estuche,5.8,1.01,4.5,1.15,1,estuche
estudiante,6.55,1.61,5.95,1.47,1,estudiante
estudiantil,6.5,1.24,5.7,1.26,1,estudiantil
estudiar,5.35,1.87,5.25,2.49,1,estudiar
estudio,5.85,1.81,6.05,1.96,1,estudio
estudioso,7.2,1.32,5.55,1.7,1,estudioso
estufa,6.85,1.31,3.43,1.88,1,estufa
estupefacto,5.1,1.33,6.32,1.45,1,estupefacto
estupendo,7.75,1.21,4.9,2.34,1,estupendo
estúpida,2.2,1.2,6.45,1.64,1,estupida
estupidez,2.75,1.41,6.1,1.07,1,estupidez
estúpido,2.9,1.41,6.5,1.22,1,estupido
estupor,4.18,0.95,6.06,1.11,1,estupor
estupro,3.33,2.08,5.22,2.33,1,estupro
esturión,5.0,0.82,5.08,1.55,1,esturion
eta,1.35,0.75,7.63,1.16,1,eta
etano,4.71,0.73,5.53,0.83,1,etano
etanol,4.74,0.87,4.9,1.48,1,etanol
etapa,6.45,1.32,5.25,1.59,1,etapa
etarra,1.7,0.98,7.7,1.03,1,etarra
éter,5.57,1.22,4.79,1.13,1,eter
eternidad,6.25,2.17,5.15,2.28,1,eternidad
eterno,7.05,1.96,5.0,2.15,1,eterno
ética,6.3,2.15,4.4,2.09,1,etica
etimología,5.15,0.67,5.0,1.08,1,etimologia
etimológico,5.53,1.12,5.05,0.71,1,etimologico
etiología,5.0,0.67,4.85,1.63,1,etiologia
etíope,5.06,0.85,4.6,1.96,1,etiope
etiqueta,4.4,1.6,4.35,1.9,1,etiqueta
etiquetado,4.35,1.53,5.05,0.6,1,etiquetado
etiquetas,4.6,1.67,5.0,1.78,1,etiquetas
etnia,5.75,1.21,5.37,1.3,1,etnia
étnica,5.74,1.45,5.55,1.19,1,etnica
etnografía,5.13,0.62,4.67,1.15,1,etnografia
etología,5.75,1.21,4.79,1.55,1,etologia
eucalipto,6.0,1.75,3.7,2.11,1,eucalipto
eucaristía,4.5,1.24,4.65,1.9,1,eucaristia
eufemismo,4.6,1.19,5.39,0.85,1,eufemismo
euforia,7.1,2.27,8.2,1.24,1,euforia
eufórico,6.83,1.81,7.9,1.07,1,euforico
euro,5.55,1.19,6.1,1.21,1,euro
eurodiputado,3.8,1.7,5.15,1.9,1,eurodiputado
europea,6.25,1.41,5.25,0.64,1,europea
euskera,5.0,1.12,5.5,1.24,1,euskera
eutanasia,3.7,2.13,6.85,1.93,1,eutanasia
evacuación,2.65,1.14,6.65,1.98,1,evacuacion
evacuar,4.15,1.76,6.0,1.52,1,evacuar
evadir,5.0,1.3,4.4,1.67,1,evadir
evaluación,4.15,1.27,6.55,1.54,1,evaluacion
evaluar,5.1,1.33,6.25,1.45,1,evaluar
evangélica,4.15,1.84,4.7,1.53,1,evangelica
evangelio,4.3,1.89,4.6,1.76,1,evangelio
evangelización,4.55,1.7,4.45,2.01,1,evangelizacion
evaporación,4.65,0.93,4.7,1.92,1,evaporacion
evaporar,4.9,1.45,4.65,0.81,1,evaporar
evasión,4.4,1.1,5.7,1.56,1,evasion
evento,6.2,1.4,6.1,1.77,1,evento
eventual,5.75,1.55,5.0,0.92,1,eventual
eventualidad,5.2,0.7,5.5,1.54,1,eventualidad
evidencia,5.25,1.33,5.15,1.42,1,evidencia
evidenciar,4.75,1.07,5.85,1.42,1,evidenciar
evidente,6.0,1.49,5.05,1.0,1,evidente
evitar,3.7,1.78,6.05,1.1,1,evitar
evocación,5.4,0.82,5.7,1.45,1,evocacion
evocar,5.2,1.2,5.65,1.76,1,evocar
evolución,6.55,1.19,5.3,1.84,1,evolucion
evolucionar,7.35,1.14,5.6,2.14,1,evolucionar
evolutivo,6.05,1.47,5.0,0.92,1,evolutivo
exacta,6.3,1.56,4.45,2.26,1,exacta
exactas,5.85,1.23,4.25,1.25,1,exactas
exactitud,6.4,1.5,4.75,1.94,1,exactitud
exageración,4.3,1.03,6.45,1.67,1,exageracion
exagerar,4.35,0.81,6.35,1.14,1,exagerar
exaltación,6.05,1.57,7.75,1.16,1,exaltacion
examen,3.05,1.36,8.25,1.02,1,examen
examinando,4.25,1.21,7.35,1.5,1,examinando
examinar,4.3,1.45,6.55,1.5,1,examinar
excarcelación,4.21,1.47,5.55,2.14,1,excarcelacion
excavación,5.4,1.05,5.9,1.25,1,excavacion
excavadora,4.5,1.32,6.2,1.24,1,excavadora
excavar,4.6,0.88,6.25,1.25,1,excavar
excedente,4.65,1.42,5.1,1.25,1,excedente
exceder,4.3,0.86,6.0,1.52,1,exceder
excelencia,6.8,1.86,5.13,2.2,1,excelencia
excelente,8.45,0.89,5.75,2.49,1,excelente
excentricidad,5.05,1.85,5.85,1.04,1,excentricidad
excéntrico,4.25,1.41,5.95,1.78,1,excentrico
excepción,5.8,1.24,5.55,1.19,1,excepcion
excepcional,7.5,1.24,6.55,1.39,1,excepcional
excesiva,4.55,0.83,6.7,1.17,1,excesiva
exceso,4.3,1.78,6.6,0.94,1,exceso
excita,7.1,1.02,7.3,1.63,1,excita
excitación,7.3,1.22,8.35,0.93,1,excitacion
excitado,6.78,1.33,7.88,1.26,1,excitado
excitante,7.6,1.5,8.05,1.19,1,excitante
excitar,7.25,1.16,7.7,0.98,1,excitar
exclamación,5.9,1.12,6.7,1.45,1,exclamacion
exclamar,5.8,1.24,6.1,1.33,1,exclamar
excluir,2.55,1.19,6.0,1.49,1,excluir
exclusión,2.6,1.39,7.2,1.36,1,exclusion
exclusiva,7.2,1.28,5.85,1.87,1,exclusiva
exclusividad,5.4,2.21,5.65,2.3,1,exclusividad
exclusivo,6.45,1.36,6.6,1.96,1,exclusivo
excluyente,3.4,1.27,5.9,1.65,1,excluyente
excomunión,5.05,1.15,5.32,1.53,1,excomunion
excursión,7.11,1.05,6.35,2.03,1,excursion
excusa,2.7,1.38,5.9,1.48,1,excusa
exención,5.13,0.74,5.08,0.67,1,exencion
exhaustiva,5.3,1.17,5.6,1.39,1,exhaustiva
exhausto,4.4,1.43,5.74,1.79,1,exhausto
exhibición,5.45,1.82,6.8,1.44,1,exhibicion
exhibicionismo,4.0,1.89,6.8,1.01,1,exhibicionismo
exhibir,4.7,1.34,6.25,1.07,1,exhibir
exigencia,4.35,1.87,6.65,1.5,1,exigencia
exigente,5.15,1.6,6.95,1.15,1,exigente
exigir,3.7,1.69,6.55,0.76,1,exigir
exijo,3.9,1.07,6.4,1.47,1,exijo
exilio,2.42,1.43,6.5,1.5,1,exilio
eximir,5.29,0.77,5.53,1.3,1,eximir
existencia,6.7,1.49,5.6,1.19,1,existencia
existencial,6.25,1.59,5.25,1.62,1,existencial
existencialismo,5.42,1.43,5.35,1.84,1,existencialismo
existente,6.1,1.37,4.55,0.94,1,existente
existir,7.75,1.02,5.3,2.25,1,existir
éxito,8.18,0.93,7.1,2.1,1,exito
exitosa,7.55,1.1,6.0,1.81,1,exitosa
éxodo,4.83,0.79,5.72,1.02,1,exodo
exótico,7.3,1.22,7.1,0.97,1,exotico
expandir,6.45,1.19,5.8,1.11,1,expandir
expansión,5.8,1.06,5.85,1.53,1,expansion
expansiva,5.15,1.35,6.35,1.27,1,expansiva
expectación,6.45,1.32,6.9,1.37,1,expectacion
expectante,6.35,1.53,6.5,1.5,1,expectante
expectativa,6.25,2.0,6.8,1.2,1,expectativa
expedición,5.8,1.2,5.85,1.42,1,expedicion
expediente,4.5,1.36,6.35,1.73,1,expediente
expedir,4.74,0.65,5.83,0.99,1,expedir
experiencia,6.9,1.17,5.6,1.98,1,experiencia
experimentación,5.7,2.2,6.65,1.18,1,experimentacion
experimentar,6.3,1.38,6.05,1.36,1,experimentar
experimento,6.25,1.59,5.95,1.76,1,experimento
experta,7.9,1.12,6.2,1.79,1,experta
experto,6.8,1.2,5.25,1.92,1,experto
expiación,3.33,1.76,6.35,1.57,1,expiacion
expiatorio,4.44,1.25,6.2,1.06,1,expiatorio
expirar,3.95,1.54,4.8,2.14,1,expirar
explanada,6.2,1.2,3.8,1.74,1,explanada
explica,5.4,1.14,4.9,1.52,1,explica
explicación,5.7,1.56,5.2,1.44,1,explicacion
explicar,5.4,1.23,5.3,1.17,1,explicar
explícita,5.8,1.32,5.2,1.51,1,explicita
explico,5.7,1.17,5.8,1.4,1,explico
exploración,6.1,1.29,6.4,1.35,1,exploracion
explorador,6.35,1.53,6.1,1.8,1,explorador
explorar,7.5,1.32,5.85,1.46,1,explorar
explosión,3.1,1.77,7.55,1.73,1,explosion
explosivo,2.75,1.68,7.7,1.66,1,explosivo
explosivos,2.55,1.05,7.3,1.75,1,explosivos
explotación,3.0,1.34,7.05,1.28,1,explotacion
explotar,3.0,1.41,7.6,1.19,1,explotar
exponencial,4.85,0.49,5.6,1.64,1,exponencial
exponente,5.0,0.86,5.1,1.29,1,exponente
exponer,4.55,1.54,6.75,1.33,1,exponer
exportación,4.95,1.32,4.95,1.85,1,exportacion
exportador,5.1,1.02,5.6,0.88,1,exportador
exportar,5.55,1.47,5.65,1.39,1,exportar
exposición,4.85,1.76,6.75,1.77,1,exposicion
expresar,7.15,1.27,5.6,2.11,1,expresar
expresión,6.4,1.35,5.25,1.59,1,expresion
expresionismo,5.8,1.28,5.65,1.14,1,expresionismo
expresionista,6.0,1.52,5.85,1.69,1,expresionista
expresiva,6.9,1.29,5.8,1.4,1,expresiva
expresividad,7.0,1.3,5.85,1.57,1,expresividad
expreso,6.25,1.55,4.95,1.85,1,expreso
exprimidor,5.5,1.82,4.95,1.73,1,exprimidor
expropiación,2.45,1.54,6.9,1.29,1,expropiacion
expulsa,3.85,1.09,5.65,1.6,1,expulsa
expulsar,2.8,1.2,6.65,0.93,1,expulsar
expulsión,3.0,1.03,6.4,0.99,1,expulsion
exquisito,7.3,1.67,6.15,1.39,1,exquisito
éxtasis,6.4,2.28,7.5,1.69,1,extasis
extender,5.5,0.76,5.8,0.95,1,extender
extensa,6.0,1.56,5.05,1.64,1,extensa
extensible,5.4,1.27,5.25,0.79,1,extensible
extensión,4.95,0.39,5.1,1.25,1,extension
extensiva,5.25,1.07,4.89,1.82,1,extensiva
exterior,6.15,1.31,4.85,1.92,1,exterior
exterminar,2.65,1.76,7.2,1.4,1,exterminar
exterminio,1.79,1.03,7.68,1.77,1,exterminio
externo,5.45,1.05,5.4,0.5,1,externo
extinción,2.8,1.36,7.25,1.25,1,extincion
extinguir,3.3,1.81,6.95,1.23,1,extinguir
extinta,3.5,1.34,5.53,1.61,1,extinta
extorsión,3.15,1.42,6.89,1.49,1,extorsion
extorsionar,2.42,0.96,6.65,1.35,1,extorsionar
extra,6.5,1.32,5.95,1.15,1,extra
extracción,3.7,1.34,6.15,1.04,1,extraccion
extracto,5.1,1.02,4.85,0.93,1,extracto
extradición,4.4,1.24,5.94,1.12,1,extradicion
extraer,5.1,1.25,5.7,1.13,1,extraer
extrañar,3.15,1.53,6.4,0.99,1,extranar
extrañeza,3.9,1.52,6.3,1.13,1,extraneza
extranjera,5.6,1.31,4.95,1.32,1,extranjera
extranjería,4.89,1.24,5.7,1.22,1,extranjeria
extranjero,5.6,0.88,5.85,1.46,1,extranjero
extraño,3.75,1.21,6.5,0.95,1,extrano
extraordinario,7.8,1.2,6.3,2.03,1,extraordinario
extraterrestre,5.25,1.5,6.38,1.51,1,extraterrestre
extravagancia,4.95,1.67,6.2,1.28,1,extravagancia
extravagante,5.4,1.76,5.85,1.31,1,extravagante
extravío,3.4,1.27,6.0,1.49,1,extravio
extrema,4.5,1.88,7.2,1.2,1,extrema
extremeño,5.3,1.03,4.5,1.67,1,extremeno
extremidades,5.5,1.15,4.65,1.6,1,extremidades
extremismo,3.1,1.68,7.55,1.32,1,extremismo
extremista,2.65,1.35,7.1,1.17,1,extremista
extremo,4.4,2.14,6.45,1.15,1,extremo
exuberante,5.42,1.07,6.5,1.32,1,exuberante
eyaculación,6.1,1.68,6.55,2.19,1,eyaculacion
fa,4.94,0.25,4.56,1.15,1,fa
fábrica,4.9,1.12,5.3,1.45,1,fabrica
fabricación,5.4,0.82,5.0,1.12,1,fabricacion
fabricante,5.5,0.76,4.9,1.29,1,fabricante
fabricar,6.0,1.3,5.0,0.92,1,fabricar
fabril,5.33,0.82,5.18,0.4,1,fabril
fábula,6.15,1.42,4.65,1.69,1,fabula
fabulista,6.0,1.67,4.87,1.73,1,fabulista
fabuloso,7.15,2.23,5.85,1.42,1,fabuloso
facción,5.42,1.22,5.11,1.56,1,faccion
faceta,5.8,1.4,4.9,0.91,1,faceta
facha,2.21,1.32,6.65,2.01,1,facha
fachada,4.9,0.91,4.8,0.52,1,fachada
facial,6.4,1.47,4.6,1.73,1,facial
fácil,6.93,1.56,3.23,1.87,1,facil
facilidad,7.6,1.31,3.95,2.06,1,facilidad
facilitación,6.85,1.14,3.95,1.85,1,facilitacion
facilitar,7.15,1.5,4.2,1.74,1,facilitar
facsímil,5.0,0.0,5.86,1.57,1,facsimil
factible,6.25,0.97,5.0,1.34,1,factible
facto,4.85,0.9,4.77,1.48,1,facto
factor,4.9,0.64,5.05,1.05,1,factor
factoría,4.9,0.79,4.85,0.99,1,factoria
factura,3.5,1.1,6.2,1.24,1,factura
facturación,3.6,1.5,5.65,1.27,1,facturacion
facultad,7.1,1.48,5.65,2.03,1,facultad
faena,3.9,1.45,5.8,1.24,1,faena
fagot,5.28,0.96,4.5,1.03,1,fagot
faisán,5.65,1.39,4.78,1.06,1,faisan
faja,4.4,0.99,5.0,1.21,1,faja
falacia,3.55,1.36,6.41,1.58,1,falacia
falange,4.7,1.17,5.6,1.96,1,falange
falaz,4.25,1.66,5.85,1.28,1,falaz
falda,6.05,1.61,5.15,1.66,1,falda
falla,4.35,1.84,6.15,1.63,1,falla
fallar,1.95,1.28,6.75,1.62,1,fallar
fallecer,1.55,2.01,7.5,1.32,1,fallecer
fallecimiento,1.65,0.99,7.2,1.99,1,fallecimiento
fallido,3.0,1.03,6.15,1.63,1,fallido
fallo,2.75,1.37,6.5,1.28,1,fallo
falo,6.07,1.49,5.58,1.64,1,falo
falsedad,2.1,1.12,6.9,0.91,1,falsedad
falsificación,3.15,0.99,6.8,1.28,1,falsificacion
falso,2.4,1.19,6.75,1.15,1,falso
falta,3.8,0.83,6.4,1.14,1,falta
faltar,3.4,1.23,6.15,1.23,1,faltar
falto,3.55,1.47,5.5,0.83,1,falto
fama,5.85,1.73,6.0,1.63,1,fama
famélico,3.56,1.5,5.81,1.87,1,famelico
familia,7.88,1.8,4.25,2.59,1,familia
familiaridad,7.4,1.64,3.65,2.39,1,familiaridad
famoso,6.35,1.55,6.68,1.25,1,famoso
fan,5.65,1.6,6.0,2.05,1,fan
fanático,4.65,2.35,6.6,1.47,1,fanatico
fanatismo,4.0,2.15,6.7,1.49,1,fanatismo
fandango,5.75,1.71,5.42,0.9,1,fandango
fango,4.1,1.37,5.63,1.71,1,fango
fantasía,7.53,1.22,5.9,2.56,1,fantasia
fantasma,3.75,1.62,6.9,1.17,1,fantasma
fantasmal,4.25,1.89,6.7,1.45,1,fantasmal
fantástica,8.25,0.91,5.95,2.16,1,fantastica
faraón,5.4,1.39,5.6,1.23,1,faraon
fardo,4.87,0.83,4.91,1.04,1,fardo
faringitis,3.0,1.21,6.6,1.19,1,faringitis
farmacéutico,5.45,0.94,4.7,1.98,1,farmaceutico
farmacia,5.2,1.06,4.45,1.64,1,farmacia
fármaco,4.2,1.85,5.6,2.01,1,farmaco
farmacología,5.3,1.66,5.45,1.57,1,farmacologia
faro,6.05,1.28,3.63,1.73,1,faro
farol,4.28,1.26,5.31,1.82,1,farol
farsa,2.85,1.5,6.4,1.05,1,farsa
fascículo,5.0,0.73,4.8,0.95,1,fasciculo
fascina,6.95,0.94,6.35,1.39,1,fascina
fascinación,6.2,1.01,5.85,1.84,1,fascinacion
fascinante,7.85,1.09,6.5,1.91,1,fascinante
fascino,6.4,1.5,5.5,2.14,1,fascino
fascismo,2.2,1.54,7.05,1.47,1,fascismo
fascista,2.55,1.5,7.1,1.33,1,fascista
fase,4.9,0.55,5.15,0.67,1,fase
fastidiar,2.53,1.28,7.15,1.18,1,fastidiar
fastidio,3.1,1.02,6.55,1.47,1,fastidio
fatal,2.35,1.04,6.45,1.96,1,fatal
fatalidad,2.1,0.97,6.6,2.14,1,fatalidad
fatídico,2.5,1.19,6.65,0.99,1,fatidico
fatiga,2.65,1.09,5.5,1.73,1,fatiga
fatigado,3.05,1.41,5.8,2.15,1,fatigado
fauna,6.75,1.48,4.1,1.55,1,fauna
fausto,5.19,1.28,4.86,1.56,1,fausto
favela,3.19,1.52,6.25,1.36,1,favela
favor,6.4,1.5,5.1,1.78,1,favor
favorable,7.4,1.14,4.6,2.01,1,favorable
favorecer,7.25,1.33,5.15,1.76,1,favorecer
favorita,7.6,1.19,6.45,1.61,1,favorita
favorito,7.3,1.45,5.1,2.29,1,favorito
faz,6.05,1.51,5.0,1.59,1,faz
fe,5.2,2.17,4.3,2.03,1,fe
fealdad,3.3,0.86,5.6,0.88,1,fealdad
febrero,6.9,1.59,5.2,2.26,1,febrero
febril,3.07,1.49,6.27,1.16,1,febril
fecha,4.95,1.1,4.8,2.31,1,fecha
fecunda,5.95,1.47,5.75,1.52,1,fecunda
fecundación,7.2,1.61,5.6,1.64,1,fecundacion
fecundidad,6.8,1.79,6.0,2.05,1,fecundidad
federación,5.6,1.05,5.15,1.14,1,federacion
federal,5.15,1.39,5.1,1.52,1,federal
federalismo,4.4,0.75,5.35,1.6,1,federalismo
federalista,4.32,0.95,5.25,1.37,1,federalista
feldespato,5.45,1.04,4.85,0.9,1,feldespato
felicidad,8.4,0.88,5.05,3.3,1,felicidad
felicitación,8.45,1.1,6.7,2.2,1,felicitacion
felicitar,7.4,1.27,5.8,2.26,1,felicitar
feliz,8.3,1.47,5.73,3.06,1,feliz
felpa,5.33,0.91,4.35,1.46,1,felpa
femenino,6.9,1.33,4.85,1.9,1,femenino
feminismo,6.0,1.65,6.4,1.23,1,feminismo
feminista,5.75,1.65,5.8,1.64,1,feminista
fémur,4.7,1.13,5.05,1.1,1,femur
fenomenal,7.8,1.2,5.3,2.2,1,fenomenal
fenómeno,5.85,0.99,6.3,1.03,1,fenomeno
fenomenología,4.85,1.42,5.3,0.66,1,fenomenologia
feo,3.9,1.62,4.7,1.7,1,feo
féretro,2.13,1.63,7.42,1.92,1,feretro
feria,7.15,1.23,6.85,1.18,1,feria
ferial,6.65,1.27,6.32,1.49,1,ferial
fermentación,5.7,1.34,4.5,1.15,1,fermentacion
ferocidad,4.05,1.79,6.7,1.03,1,ferocidad
feroz,3.6,1.7,7.0,1.26,1,feroz
férrea,4.4,1.05,5.26,1.59,1,ferrea
ferrocarril,5.7,1.34,5.4,1.5,1,ferrocarril
ferroviario,5.0,1.45,5.05,1.9,1,ferroviario
ferry,5.85,1.09,4.94,1.73,1,ferry
fértil,6.7,1.69,5.5,2.19,1,fertil
fertilidad,7.2,2.07,5.2,1.96,1,fertilidad
ferviente,5.35,1.32,6.88,1.45,1,ferviente
fervor,5.0,1.03,6.0,1.54,1,fervor
festejar,7.95,0.89,6.15,2.39,1,festejar
festejo,7.7,1.13,6.35,1.84,1,festejo
festín,7.2,1.06,6.9,1.45,1,festin
festival,7.4,1.31,7.35,1.42,1,festival
festividad,8.05,1.23,6.75,2.38,1,festividad
festivo,7.74,1.33,6.13,2.47,1,festivo
fetiche,4.71,1.83,5.81,1.22,1,fetiche
fetichismo,4.79,2.55,6.47,1.55,1,fetichismo
fétido,2.87,1.26,6.27,1.28,1,fetido
feto,6.4,1.31,5.55,1.82,1,feto
feudal,4.0,1.25,5.0,1.3,1,feudal
feudalismo,3.84,1.34,6.0,1.34,1,feudalismo
feudo,4.1,1.45,4.82,1.59,1,feudo
fía,5.44,1.2,4.82,1.42,1,fia
fiabilidad,6.65,1.63,4.75,2.27,1,fiabilidad
fiable,7.1,1.65,3.9,2.0,1,fiable
fianza,4.05,1.64,5.85,1.42,1,fianza
fiar,5.55,2.24,4.95,2.04,1,fiar
fiasco,3.28,1.07,6.0,1.84,1,fiasco
fibra,5.75,1.59,4.6,0.94,1,fibra
fibromialgia,2.19,1.05,6.67,1.24,1,fibromialgia
ficción,6.15,1.87,5.65,1.57,1,ficcion
ficha,5.1,0.31,4.7,1.22,1,ficha
fichaje,5.35,0.99,5.15,0.67,1,fichaje
fichar,5.4,0.75,5.25,1.37,1,fichar
fichas,5.65,1.09,4.45,1.47,1,fichas
fichero,4.9,0.31,4.75,1.07,1,fichero
ficticio,4.65,1.53,5.45,1.47,1,ficticio
fidelidad,7.75,1.25,4.15,3.0,1,fidelidad
fiebre,2.6,1.32,6.15,1.95,1,fiebre
fiel,8.15,1.87,3.45,2.5,1,fiel
fieltro,5.61,0.98,4.42,1.64,1,fieltro
fiera,4.55,1.9,7.2,1.4,1,fiera
fiereza,5.39,1.75,6.68,0.89,1,fiereza
fierro,4.4,1.43,4.7,1.25,1,fierro
fiesta,7.83,1.22,7.35,1.69,1,fiesta
figura,5.55,0.83,4.8,1.01,1,figura
figuración,5.05,0.22,5.16,0.69,1,figuracion
figurar,4.8,0.95,5.2,1.15,1,figurar
fija,5.25,1.62,4.45,1.73,1,fija
fijación,5.6,1.7,5.15,0.75,1,fijacion
fijar,4.6,0.6,5.4,0.82,1,fijar
fijeza,4.95,0.76,5.05,1.03,1,fijeza
fila,4.75,0.91,5.2,1.85,1,fila
filiación,5.78,1.44,4.11,2.05,1,filiacion
filial,6.0,1.37,4.85,1.46,1,filial
filipino,5.55,1.47,4.8,1.44,1,filipino
film,7.06,1.11,4.21,1.69,1,film
filmación,6.1,1.25,5.21,1.65,1,filmacion
filmar,6.2,1.11,5.45,1.15,1,filmar
filme,6.29,1.36,4.22,1.48,1,filme
filmografía,5.8,1.2,5.0,1.52,1,filmografia
filo,4.5,1.05,6.85,1.57,1,filo
filogenia,4.88,1.11,5.17,1.34,1,filogenia
filología,5.25,1.33,4.75,1.71,1,filologia
filólogo,5.42,0.77,4.9,1.92,1,filologo
filosofal,6.16,1.46,4.8,1.58,1,filosofal
filosofar,5.85,1.57,4.3,2.23,1,filosofar
filosofía,5.25,1.74,4.1,1.77,1,filosofia
filosófica,5.15,1.66,4.05,1.99,1,filosofica
filosóficas,5.7,1.38,4.53,1.35,1,filosoficas
filósofo,5.45,1.43,4.05,1.85,1,filosofo
filtración,4.6,0.82,5.7,1.34,1,filtracion
filtrado,4.65,0.75,5.05,1.05,1,filtrado
filtrar,5.05,0.76,5.05,1.43,1,filtrar
filtro,5.35,0.81,4.5,1.28,1,filtro
fimosis,3.8,1.96,6.3,1.3,1,fimosis
fin,3.6,1.7,5.55,2.01,1,fin
fina,6.35,1.46,4.75,0.91,1,fina
finado,5.23,1.69,5.17,1.64,1,finado
final,4.1,2.0,6.4,1.6,1,final
finalidad,5.7,0.92,5.4,1.31,1,finalidad
finalista,7.05,1.15,6.8,1.82,1,finalista
finalización,6.25,2.02,4.55,2.58,1,finalizacion
finalizar,5.35,1.84,5.65,1.95,1,finalizar
financiación,4.9,0.97,5.63,1.8,1,financiacion
financiamiento,4.6,1.54,5.7,1.38,1,financiamiento
financiar,5.35,1.31,5.5,1.79,1,financiar
financiera,4.85,1.73,5.65,1.57,1,financiera
finca,5.85,1.14,4.25,1.12,1,finca
fineza,6.16,1.54,3.71,1.16,1,fineza
fingir,2.95,1.32,6.5,1.36,1,fingir
finito,4.6,1.31,5.45,1.43,1,finito
finlandés,5.45,1.1,4.6,1.14,1,finlandes
finlandesa,5.45,1.0,5.4,0.94,1,finlandesa
finura,6.25,1.37,4.35,1.46,1,finura
fiordo,5.6,1.3,4.5,1.75,1,fiordo
firma,5.05,1.23,4.65,1.31,1,firma
firmamento,6.38,1.71,4.03,2.2,1,firmamento
firmante,5.21,0.42,5.05,0.97,1,firmante
firmar,5.6,1.1,5.25,1.65,1,firmar
firme,6.0,1.38,4.5,1.4,1,firme
firmeza,5.95,1.99,5.4,1.5,1,firmeza
fiscal,4.37,1.54,5.65,1.9,1,fiscal
fiscalía,4.35,1.57,6.0,1.65,1,fiscalia
fiscalidad,4.15,1.27,5.47,2.01,1,fiscalidad
fiscalización,4.45,1.1,5.7,1.87,1,fiscalizacion
fisco,7.55,3.17,5.5,1.62,1,fisco
física,5.3,2.03,5.55,1.47,1,fisica
físico,5.15,1.27,5.7,1.59,1,fisico
fisiología,5.1,1.74,6.05,1.15,1,fisiologia
fisiológico,5.15,0.81,5.55,1.47,1,fisiologico
fisión,4.67,1.15,4.58,1.78,1,fision
fisioterapeuta,6.8,1.24,4.55,1.82,1,fisioterapeuta
fisioterapia,6.4,1.31,4.2,2.24,1,fisioterapia
fisonomía,4.82,1.24,4.89,1.64,1,fisonomia
fisura,3.35,1.04,6.15,1.46,1,fisura
flaco,5.1,1.83,4.9,1.45,1,flaco
flacura,4.78,0.73,4.89,1.49,1,flacura
flagelo,4.15,1.84,6.68,1.63,1,flagelo
flagrante,5.13,1.68,5.29,1.44,1,flagrante
flamante,6.6,2.01,5.16,1.17,1,flamante
flamenca,5.95,1.57,5.9,1.59,1,flamenca
flamenco,6.65,1.31,5.2,2.21,1,flamenco
flanco,5.0,0.55,5.69,0.95,1,flanco
flaqueza,2.75,1.45,5.65,1.14,1,flaqueza
flash,5.6,1.31,4.75,2.17,1,flash
flauta,6.2,1.58,4.85,1.76,1,flauta
flautín,5.89,1.49,4.35,1.6,1,flautin
flecha,4.75,1.55,5.8,1.28,1,flecha
flemón,3.0,1.47,6.05,1.7,1,flemon
flexibilidad,7.0,1.41,5.05,1.57,1,flexibilidad
flexibilización,6.55,1.54,4.47,1.65,1,flexibilizacion
flexibilizar,6.4,1.43,4.3,1.59,1,flexibilizar
flexible,7.03,1.51,4.65,1.76,1,flexible
flexión,5.65,2.03,5.65,1.73,1,flexion
flojo,3.7,1.03,4.15,1.31,1,flojo
flor,7.4,1.39,3.4,1.96,1,flor
flora,6.4,1.47,4.0,1.86,1,flora
floración,7.3,1.59,4.25,1.8,1,floracion
floral,8.0,0.92,3.6,1.85,1,floral
florece,7.3,1.45,4.6,2.06,1,florece
floreciente,6.5,1.1,3.7,1.92,1,floreciente
florecimiento,7.3,1.3,4.2,1.94,1,florecimiento
florentino,5.63,0.96,4.85,1.81,1,florentino
flores,7.25,1.55,3.1,2.2,1,flores
floresta,5.45,0.69,4.38,1.59,1,floresta
florete,5.29,1.45,4.59,1.58,1,florete
florezco,6.5,1.36,4.1,1.71,1,florezco
florida,6.65,1.5,4.4,2.14,1,florida
florista,6.75,1.48,4.35,1.87,1,florista
flotación,5.25,0.79,5.0,1.12,1,flotacion
flotar,7.55,1.05,4.35,1.42,1,flotar
flote,5.7,0.92,5.2,0.77,1,flote
flotilla,4.58,1.24,4.87,1.13,1,flotilla
fluctuación,4.42,1.17,5.58,0.96,1,fluctuacion
fluidez,6.25,1.48,5.3,1.98,1,fluidez
fluido,6.2,1.15,5.05,1.85,1,fluido
fluir,6.5,1.24,4.1,1.83,1,fluir
flujo,5.15,1.14,5.05,2.09,1,flujo
flúor,5.3,1.22,6.0,1.45,1,fluor
fluvial,5.75,1.21,4.35,1.66,1,fluvial
fobia,2.25,1.21,7.85,1.18,1,fobia
foca,5.9,2.0,5.15,1.69,1,foca
focal,5.11,0.58,4.88,1.11,1,focal
foco,5.05,0.89,5.4,1.14,1,foco
fofo,3.6,1.7,4.72,1.45,1,fofo
fogata,5.85,1.35,4.95,1.84,1,fogata
fogón,5.05,0.83,5.9,1.02,1,fogon
folclore,5.95,1.18,5.1,1.83,1,folclore
folclórica,6.3,1.34,4.8,1.15,1,folclorica
folclórico,6.05,1.05,4.85,2.28,1,folclorico
folios,5.55,0.94,4.9,1.17,1,folios
folk,5.26,1.59,5.06,1.16,1,folk
follaje,5.3,0.98,4.95,1.5,1,follaje
folleto,5.03,0.7,4.3,1.13,1,folleto
follón,3.05,1.31,7.15,1.23,1,follon
fomentar,7.0,1.17,5.75,1.41,1,fomentar
fomento,6.25,1.29,5.25,1.16,1,fomento
fonda,5.53,1.23,4.58,1.44,1,fonda
fondo,5.1,1.48,4.5,1.79,1,fondo
fonema,5.0,0.32,4.45,1.32,1,fonema
fontanero,5.1,0.79,4.45,1.23,1,fontanero
foral,6.18,1.33,4.47,1.6,1,foral
forastero,5.3,1.38,5.5,1.7,1,forastero
forense,3.45,2.14,6.9,1.07,1,forense
forja,5.25,0.55,5.05,1.32,1,forja
forjar,5.6,1.05,5.0,1.59,1,forjar
forma,5.5,0.76,4.85,0.81,1,forma
formación,6.15,1.42,5.2,1.36,1,formacion
formal,5.7,1.26,3.25,1.59,1,formal
formalidad,5.95,1.23,4.1,1.55,1,formalidad
formalismo,4.65,1.53,4.5,1.79,1,formalismo
formalización,6.0,1.75,4.2,1.67,1,formalizacion
formalizar,6.3,1.53,5.05,1.47,1,formalizar
formar,5.9,1.25,5.3,1.03,1,formar
formativo,6.2,1.4,5.05,1.57,1,formativo
formato,5.3,0.73,4.3,1.3,1,formato
formidable,7.25,1.16,6.05,2.09,1,formidable
fórmula,5.0,1.26,5.45,1.23,1,formula
formulación,4.4,1.43,5.1,1.52,1,formulacion
formular,5.3,0.8,5.5,0.89,1,formular
formulario,5.35,0.99,4.55,1.64,1,formulario
fornido,5.75,1.21,6.3,1.42,1,fornido
foro,5.4,1.23,4.75,1.45,1,foro
forraje,5.05,0.94,4.7,1.22,1,forraje
forro,5.15,0.67,4.65,1.23,1,forro
fortalecer,7.0,1.45,6.2,2.07,1,fortalecer
fortalecimiento,7.1,0.97,6.0,1.86,1,fortalecimiento
fortaleza,7.2,1.06,5.05,2.33,1,fortaleza
fortificación,5.63,1.21,5.8,1.28,1,fortificacion
fortín,5.08,0.79,6.2,1.23,1,fortin
fortuito,5.83,1.6,5.55,1.48,1,fortuito
fortuna,7.3,1.3,6.8,1.85,1,fortuna
forzar,2.8,1.47,6.8,1.28,1,forzar
forzosa,3.2,1.11,6.8,1.4,1,forzosa
fosa,2.6,1.35,6.2,1.15,1,fosa
fosfato,4.75,1.59,4.6,0.99,1,fosfato
fosforito,5.35,0.99,5.65,1.5,1,fosforito
fósforo,5.25,0.91,5.05,1.5,1,fosforo
fósil,5.6,1.79,4.8,1.36,1,fosil
fósiles,5.4,1.39,5.0,1.62,1,fosiles
foso,3.67,1.33,6.05,1.93,1,foso
foto,7.3,1.45,5.15,1.87,1,foto
fotocopia,4.95,0.83,4.8,1.4,1,fotocopia
fotocopias,5.1,1.25,5.25,1.21,1,fotocopias
fotógrafa,6.2,1.7,4.7,1.75,1,fotografa
fotografía,6.75,1.52,5.4,2.28,1,fotografia
fotografiar,7.65,1.42,5.3,1.84,1,fotografiar
fotográfica,6.9,1.41,5.1,1.48,1,fotografica
fotógrafo,6.25,1.48,5.4,2.06,1,fotografo
fotón,6.67,1.64,5.56,1.42,1,foton
frac,4.76,1.39,5.25,1.48,1,frac
fracasar,2.3,1.17,7.25,1.41,1,fracasar
fracaso,1.95,1.26,6.8,1.92,1,fracaso
fracción,4.95,0.94,4.95,1.0,1,fraccion
fractura,2.8,0.95,6.7,1.63,1,fractura
fragancia,7.38,1.31,4.55,2.16,1,fragancia
fragata,5.0,1.46,6.0,1.25,1,fragata
frágil,3.55,1.39,5.2,2.19,1,fragil
fragilidad,4.1,1.52,6.25,1.52,1,fragilidad
fragmentación,4.3,1.26,5.25,1.52,1,fragmentacion
fragmento,4.7,0.66,4.75,1.12,1,fragmento
fragor,5.18,1.33,5.0,1.96,1,fragor
fragua,5.18,1.13,5.32,1.49,1,fragua
fraile,4.75,0.79,4.0,1.59,1,fraile
frailes,4.8,1.11,4.95,1.67,1,frailes
frambuesa,6.55,1.39,5.2,1.96,1,frambuesa
francés,6.4,1.82,4.9,1.71,1,frances
francio,4.69,0.85,5.25,1.36,1,francio
franciscano,4.53,1.31,4.85,1.46,1,franciscano
franco,4.85,2.74,6.47,1.93,1,franco
francotirador,2.4,1.23,7.5,1.32,1,francotirador
franela,6.94,1.63,3.11,1.53,1,franela
franja,4.15,1.39,4.5,1.5,1,franja
franqueza,7.0,1.34,4.35,1.69,1,franqueza
franquicia,5.1,0.85,5.35,1.14,1,franquicia
franquismo,2.7,1.53,6.6,1.73,1,franquismo
franquista,2.85,1.69,6.8,1.61,1,franquista
frasco,5.7,1.03,4.55,1.82,1,frasco
frase,5.4,1.05,4.3,1.22,1,frase
fraternal,7.0,1.52,3.95,2.01,1,fraternal
fraternidad,6.85,1.69,5.2,1.28,1,fraternidad
fratricidio,1.6,1.07,6.75,2.25,1,fratricidio
fraude,2.1,1.01,6.75,1.21,1,fraude
fraudulenta,3.05,1.31,6.56,1.72,1,fraudulenta
fray,5.19,1.11,4.91,0.7,1,fray
frecuencia,5.2,1.2,4.7,1.63,1,frecuencia
frecuente,5.4,0.6,4.65,1.5,1,frecuente
fregadero,4.2,1.44,5.5,0.83,1,fregadero
freidora,4.75,1.21,4.95,0.83,1,freidora
fréjoles,5.23,1.17,4.4,1.88,1,frejoles
frenado,4.1,1.17,5.55,0.83,1,frenado
frenar,4.55,1.15,5.75,1.33,1,frenar
frenesí,6.42,1.3,6.7,2.08,1,frenesi
frenético,5.1,1.21,6.95,1.54,1,frenetico
freno,4.7,1.03,4.6,1.23,1,freno
frente,5.05,0.6,4.7,1.53,1,frente
fresa,7.05,1.64,4.35,1.73,1,fresa
fresas,7.65,1.39,4.4,1.96,1,fresas
fresco,6.5,1.43,4.4,1.85,1,fresco
frescura,6.7,1.89,3.9,2.07,1,frescura
fresno,5.21,0.63,3.6,1.5,1,fresno
fresón,6.25,1.25,5.0,1.52,1,freson
fría,4.2,1.58,5.6,2.06,1,fria
frialdad,2.7,0.98,6.25,1.65,1,frialdad
fricción,4.4,1.5,5.55,1.47,1,friccion
frijol,5.35,0.59,4.7,1.03,1,frijol
frío,4.03,1.83,5.2,2.02,1,frio
friso,7.35,2.5,4.4,1.07,1,friso
frivolidad,3.58,2.19,6.5,1.54,1,frivolidad
frondosa,5.9,1.12,4.4,1.31,1,frondosa
frontal,5.15,1.09,4.75,1.33,1,frontal
frontenis,5.93,1.22,5.35,1.58,1,frontenis
frontera,3.55,1.54,6.15,1.46,1,frontera
fronteriza,4.6,1.05,5.15,1.35,1,fronteriza
frontón,5.85,1.23,5.05,1.81,1,fronton
fructífera,6.26,1.33,5.4,2.04,1,fructifera
frustración,2.1,1.41,7.2,1.47,1,frustracion
frustrado,2.25,1.26,6.65,1.39,1,frustrado
frustrante,1.65,1.04,7.55,1.15,1,frustrante
frustrar,2.25,1.12,6.5,1.67,1,frustrar
fruta,7.15,1.5,3.8,1.36,1,fruta
frutales,6.45,1.32,4.1,1.65,1,frutales
frutero,5.95,1.43,4.4,1.7,1,frutero
fruto,6.1,1.07,3.7,1.69,1,fruto
fucsia,6.15,1.23,4.65,1.5,1,fucsia
fuego,5.33,1.59,7.5,1.26,1,fuego
fuel,5.75,2.71,5.25,1.91,1,fuel
fuelle,4.94,0.64,4.65,1.32,1,fuelle
fuente,6.5,1.73,3.65,1.69,1,fuente
fuera,4.0,1.03,5.65,0.99,1,fuera
fueraborda,5.0,1.0,5.13,0.35,1,fueraborda
fuero,4.76,1.2,4.94,1.39,1,fuero
fuerte,6.8,1.34,5.9,1.78,1,fuerte
fuerza,7.15,1.35,6.6,1.85,1,fuerza
fuga,4.1,1.68,6.65,1.27,1,fuga
fugarse,5.1,1.77,7.2,1.54,1,fugarse
fugaz,5.0,1.59,6.5,1.24,1,fugaz
fugitivo,3.1,1.29,6.8,1.36,1,fugitivo
fulano,3.9,1.21,5.55,1.32,1,fulano
fular,6.0,1.21,4.12,1.27,1,fular
fulgor,5.13,0.96,5.85,1.46,1,fulgor
fulgurante,5.67,1.5,5.56,0.89,1,fulgurante
fulminante,3.6,2.19,6.55,1.39,1,fulminante
fuma,3.4,1.9,6.2,1.77,1,fuma
fumar,2.55,1.76,5.1,1.74,1,fumar
función,5.5,1.19,4.55,1.5,1,funcion
funcional,5.5,0.95,4.95,1.61,1,funcional
funcionalidad,6.2,1.24,5.0,0.92,1,funcionalidad
funcionamiento,5.75,1.12,5.0,0.86,1,funcionamiento
funcionar,6.8,1.47,4.2,1.79,1,funcionar
funcionaria,5.0,1.21,4.35,2.03,1,funcionaria
funcionario,5.2,1.4,4.65,2.01,1,funcionario
funda,5.35,0.75,4.3,1.34,1,funda
fundación,6.35,1.35,4.9,1.12,1,fundacion
fundacional,5.41,1.06,4.89,1.2,1,fundacional
fundador,6.0,1.17,4.85,0.59,1,fundador
fundadora,6.15,0.99,5.4,1.73,1,fundadora
fundamentación,5.4,1.27,4.75,1.68,1,fundamentacion
fundamental,6.35,1.31,4.4,1.73,1,fundamental
fundamentalismo,5.17,0.79,4.85,1.79,1,fundamentalismo
fundamentalista,5.6,2.11,5.35,1.27,1,fundamentalista
fundamentar,5.85,1.23,5.2,1.58,1,fundamentar
fundamento,5.45,1.19,4.7,1.38,1,fundamento
fundar,6.05,1.19,5.5,1.43,1,fundar
fundición,4.7,1.87,4.67,1.24,1,fundicion
fundir,5.7,1.03,5.15,1.5,1,fundir
fúnebre,1.45,0.83,6.95,2.31,1,funebre
funeral,1.52,0.95,6.5,1.96,1,funeral
funerario,2.05,2.04,6.5,1.88,1,funerario
funesto,3.19,1.28,6.0,1.71,1,funesto
furcia,3.2,1.32,6.7,1.42,1,furcia
furgón,4.65,1.04,5.75,1.02,1,furgon
furgoneta,5.2,1.28,4.5,1.15,1,furgoneta
furia,3.15,1.87,8.05,1.1,1,furia
furioso,2.55,1.0,7.8,0.89,1,furioso
furor,6.1,1.17,6.6,1.85,1,furor
furtiva,3.9,2.1,6.4,1.43,1,furtiva
fuselaje,3.76,1.68,5.5,1.78,1,fuselaje
fusil,2.1,0.91,7.3,1.42,1,fusil
fusilamiento,1.95,1.43,7.5,1.15,1,fusilamiento
fusilar,1.15,0.49,7.9,1.29,1,fusilar
fusionar,6.45,1.47,5.45,1.19,1,fusionar
futbito,5.63,1.57,5.31,1.2,1,futbito
fútbol,5.2,1.28,6.05,1.73,1,futbol
futbolín,6.5,1.7,6.0,2.1,1,futbolin
futbolista,5.6,1.82,6.1,1.52,1,futbolista
futbolística,4.6,2.16,4.3,1.81,1,futbolistica
futura,6.0,1.75,5.95,1.54,1,futura
futurista,5.7,0.92,6.05,1.36,1,futurista
futuro,6.35,1.93,6.35,1.95,1,futuro
gabán,5.38,1.19,5.0,0.87,1,gaban
gabardina,5.15,1.14,4.5,1.36,1,gabardina
gabinete,6.2,1.64,4.85,1.84,1,gabinete
gacela,6.0,1.12,5.15,1.57,1,gacela
gaditana,6.1,1.8,4.95,1.0,1,gaditana
gaélico,4.67,1.23,5.5,0.93,1,gaelico
gaita,5.53,0.61,5.0,2.0,1,gaita
gala,6.6,1.19,5.45,2.26,1,gala
galáctico,5.4,0.75,5.68,1.34,1,galactico
galán,6.45,1.23,6.1,2.1,1,galan
galante,6.63,1.07,5.45,1.79,1,galante
galantería,5.85,1.14,5.05,1.31,1,galanteria
galardón,6.85,0.93,5.95,1.79,1,galardon
galaxia,6.3,1.42,5.25,1.86,1,galaxia
galeón,5.13,0.5,5.4,1.05,1,galeon
galera,5.4,1.72,4.65,1.17,1,galera
galería,5.9,1.29,4.1,1.41,1,galeria
galés,5.5,0.89,4.79,0.54,1,gales
gallardo,5.38,1.2,5.61,1.04,1,gallardo
gallego,5.9,1.17,4.95,0.94,1,gallego
galleta,6.95,1.39,4.2,1.79,1,galleta
gallina,5.6,1.6,5.0,2.0,1,gallina
gallinero,4.4,1.14,5.55,1.28,1,gallinero
gallo,5.3,0.92,5.1,1.8,1,gallo
galo,4.93,1.16,4.65,1.27,1,galo
galope,5.85,1.14,5.85,1.46,1,galope
gama,5.26,0.87,5.26,1.15,1,gama
gambas,6.3,2.13,5.2,1.64,1,gambas
gamma,5.21,0.71,5.21,0.85,1,gamma
gana,7.05,1.67,6.0,1.65,1,gana
ganadera,5.85,1.14,4.55,1.23,1,ganadera
ganadería,5.15,1.23,4.35,2.08,1,ganaderia
ganadero,5.9,1.12,4.35,0.99,1,ganadero
ganado,6.8,1.58,5.25,1.83,1,ganado
ganador,7.7,1.22,7.1,2.13,1,ganador
ganadora,7.5,1.19,7.2,1.67,1,ganadora
ganancia,7.05,1.19,5.95,1.57,1,ganancia
ganancias,6.3,1.53,6.08,2.06,1,ganancias
ganar,7.85,1.09,7.09,1.85,1,ganar
ganaré,7.9,1.21,6.7,2.32,1,ganare
ganaría,6.85,1.35,6.25,1.29,1,ganaria
ganchillo,6.15,1.5,3.6,1.64,1,ganchillo
gancho,4.55,1.0,5.55,1.61,1,gancho
gangrena,2.06,1.22,6.73,1.63,1,gangrena
gano,6.58,1.26,5.94,1.47,1,gano
ganso,5.45,1.47,4.4,1.5,1,ganso
garage,5.4,1.73,4.9,0.97,1,garage
garaje,5.45,0.83,4.5,1.54,1,garaje
garante,5.78,1.09,4.5,1.24,1,garante
garantía,6.5,1.1,3.65,1.95,1,garantia
garantizar,6.85,1.35,4.55,1.57,1,garantizar
garbanzos,5.35,0.99,4.45,1.57,1,garbanzos
gardenia,7.25,1.52,4.0,1.68,1,gardenia
garganta,5.05,1.36,4.75,1.33,1,garganta
garra,4.7,1.56,6.35,1.69,1,garra
garrapata,2.55,1.39,6.8,1.61,1,garrapata
garrote,3.7,1.22,5.7,1.81,1,garrote
garza,5.65,1.11,5.13,1.36,1,garza
garzón,4.29,2.05,5.47,2.07,1,garzon
gas,4.2,1.36,5.4,1.64,1,gas
gasa,4.6,1.39,4.6,1.54,1,gasa
gaseosa,5.15,1.57,5.55,1.05,1,gaseosa
gaseoso,5.0,1.56,5.55,1.5,1,gaseoso
gasoducto,4.24,0.97,5.44,1.55,1,gasoducto
gasoil,4.75,1.59,5.05,1.93,1,gasoil
gasóleo,4.25,1.21,5.1,1.52,1,gasoleo
gasolina,4.75,0.97,5.6,1.67,1,gasolina
gasolinera,4.45,1.61,5.15,2.01,1,gasolinera
gasta,4.65,1.5,6.1,0.91,1,gasta
gastar,5.65,1.76,6.6,1.57,1,gastar
gasto,3.55,1.28,5.65,1.81,1,gasto
gastritis,2.5,1.15,6.61,1.24,1,gastritis
gastroenteritis,1.84,1.07,7.2,1.99,1,gastroenteritis
gastronomía,7.15,1.5,4.85,1.5,1,gastronomia
gastronómico,6.55,1.96,5.25,1.86,1,gastronomico
gata,6.75,1.74,4.25,1.92,1,gata
gatillo,3.25,1.92,6.8,1.01,1,gatillo
gatito,7.2,1.44,3.45,1.97,1,gatito
gato,7.75,1.41,4.45,1.97,1,gato
gaucho,5.08,0.67,4.31,1.8,1,gaucho
gavilán,5.75,1.12,4.5,1.47,1,gavilan
gaviota,6.3,1.3,4.9,1.74,1,gaviota
gay,5.7,1.49,4.55,1.7,1,gay
gazpacho,6.3,2.05,4.2,1.28,1,gazpacho
géiser,5.64,1.98,6.58,1.83,1,geiser
gelatina,6.15,1.42,4.3,1.38,1,gelatina
gélido,4.25,1.2,5.19,2.09,1,gelido
gema,6.05,1.23,4.84,1.57,1,gema
gemelos,5.8,1.58,5.4,1.73,1,gemelos
gemido,6.15,2.08,7.1,1.07,1,gemido
gemir,6.0,1.95,7.25,1.16,1,gemir
gen,5.65,1.09,5.05,1.32,1,gen
genealogía,5.56,1.31,4.58,1.61,1,genealogia
generación,6.0,1.17,5.15,1.42,1,generacion
generacional,4.9,0.85,4.65,1.14,1,generacional
generador,5.55,1.15,5.2,1.77,1,generador
general,4.75,1.07,4.6,1.1,1,general
generalidad,4.8,0.52,4.6,1.39,1,generalidad
generalísimo,3.9,1.65,6.1,1.12,1,generalisimo
generalización,4.85,0.93,5.1,1.41,1,generalizacion
generalizar,4.3,1.03,5.7,1.17,1,generalizar
generar,6.4,1.73,5.55,1.61,1,generar
genérico,5.2,0.52,4.95,1.19,1,generico
género,5.33,1.02,4.6,1.1,1,genero
generosidad,8.3,0.86,4.2,2.61,1,generosidad
generoso,7.6,1.13,3.88,2.16,1,generoso
genética,5.65,1.39,5.35,0.99,1,genetica
genial,8.05,1.05,6.65,1.35,1,genial
genialidad,7.6,1.14,5.8,1.77,1,genialidad
genio,6.5,1.54,5.6,1.54,1,genio
genital,5.5,1.1,6.2,1.88,1,genital
genitales,6.15,1.42,6.75,1.41,1,genitales
genocidio,1.9,1.48,7.26,1.48,1,genocidio
genoma,5.35,0.86,4.75,1.74,1,genoma
genovés,5.61,1.2,4.89,0.32,1,genoves
gente,7.05,1.54,6.18,1.39,1,gente
gentil,6.85,1.35,4.0,1.34,1,gentil
gentileza,6.8,1.06,3.8,1.61,1,gentileza
gentilhombre,6.63,1.21,4.07,1.98,1,gentilhombre
gentilicio,4.95,1.43,5.1,0.79,1,gentilicio
gentío,4.85,1.9,7.0,1.33,1,gentio
genuino,6.68,1.16,5.1,1.59,1,genuino
geografía,5.45,1.39,4.5,1.82,1,geografia
geográfica,5.4,0.88,5.05,1.0,1,geografica
geógrafo,5.1,1.17,4.55,1.0,1,geografo
geología,5.1,2.05,4.7,1.45,1,geologia
geológica,5.5,1.28,4.7,1.17,1,geologica
geológicas,4.85,2.01,4.4,1.39,1,geologicas
geólogo,5.65,1.42,4.8,1.01,1,geologo
geometría,4.95,1.28,4.8,1.54,1,geometria
geométrica,4.4,1.05,4.25,2.07,1,geometrica
georgiano,5.11,0.66,4.89,1.13,1,georgiano
geranio,5.8,1.2,4.15,1.63,1,geranio
gerencia,5.0,1.2,5.35,1.6,1,gerencia
gerente,4.8,0.77,5.9,1.21,1,gerente
germánico,5.0,0.46,5.05,1.39,1,germanico
germanio,5.0,0.82,4.8,1.28,1,germanio
germano,5.21,0.63,5.2,0.89,1,germano
germen,3.6,1.23,6.15,1.63,1,germen
gérmenes,2.8,1.52,6.72,1.61,1,germenes
gerontología,4.56,1.1,4.94,1.47,1,gerontologia
gerundio,4.65,0.93,4.85,1.27,1,gerundio
gesta,5.63,1.09,5.37,1.74,1,gesta
gestación,7.15,1.81,4.95,2.26,1,gestacion
gestión,5.05,0.89,5.55,1.47,1,gestion
gestionar,5.5,1.32,5.4,0.94,1,gestionar
gesto,5.7,1.17,4.85,1.35,1,gesto
gestor,5.2,1.58,4.8,1.58,1,gestor
gestora,5.0,0.56,5.0,1.26,1,gestora
gigante,5.55,1.15,5.9,1.62,1,gigante
gigantesco,5.7,1.45,5.95,1.79,1,gigantesco
gigoló,5.5,1.19,5.8,2.07,1,gigolo
gil,5.73,1.62,4.71,1.38,1,gil
gimnasia,6.5,1.54,5.55,1.96,1,gimnasia
gimnasio,5.5,1.57,6.25,1.25,1,gimnasio
gimnasta,6.6,1.3,5.83,1.6,1,gimnasta
ginebra,6.4,1.5,6.1,1.37,1,ginebra
ginecólogo,4.75,0.97,6.4,1.79,1,ginecologo
gingivitis,3.0,1.12,6.58,1.17,1,gingivitis
gira,6.32,1.67,6.2,1.61,1,gira
girar,5.25,0.79,5.4,1.88,1,girar
girasol,7.0,1.21,4.15,1.14,1,girasol
giro,5.2,0.52,5.35,0.67,1,giro
gitana,4.2,1.58,5.05,2.19,1,gitana
gitano,5.1,1.17,6.55,1.57,1,gitano
glaciación,4.05,1.64,5.6,1.64,1,glaciacion
glacial,5.05,1.64,5.47,1.47,1,glacial
glaciar,6.05,1.43,5.15,1.98,1,glaciar
gladiolo,6.0,1.41,4.27,1.58,1,gladiolo
glamour,6.4,1.5,5.3,1.91,1,glamour
glándula,5.0,0.92,4.8,1.24,1,glandula
glaucoma,2.67,1.45,6.47,1.66,1,glaucoma
global,4.85,1.35,5.25,1.55,1,global
globalización,5.2,1.36,5.55,1.85,1,globalizacion
globo,6.55,1.19,5.1,1.29,1,globo
globular,5.21,0.85,5.44,0.7,1,globular
gloria,7.15,1.35,4.65,2.65,1,gloria
glorieta,5.4,0.99,5.1,1.48,1,glorieta
gloriosa,7.0,1.49,5.2,2.09,1,gloriosa
glorioso,7.45,1.05,6.45,2.35,1,glorioso
glucosa,5.9,1.29,4.75,2.17,1,glucosa
glúteo,6.75,1.59,5.68,1.11,1,gluteo
gobernabilidad,3.65,1.53,5.37,1.46,1,gobernabilidad
gobernación,3.9,1.25,5.6,1.31,1,gobernacion
gobernador,4.15,1.23,5.45,2.19,1,gobernador
gobernadora,5.45,2.16,5.95,1.39,1,gobernadora
gobernante,3.75,1.41,6.0,1.89,1,gobernante
gobernar,4.2,1.47,6.25,1.33,1,gobernar
gobierno,2.9,1.29,5.75,1.94,1,gobierno
goce,7.55,1.39,6.85,2.05,1,goce
gol,5.65,1.35,6.05,2.87,1,gol
goleada,6.0,1.81,6.4,1.35,1,goleada
goleador,5.75,2.05,5.8,1.44,1,goleador
goleta,5.38,1.06,4.79,1.12,1,goleta
golf,5.0,1.41,4.45,1.32,1,golf
golfista,4.95,1.01,4.73,1.58,1,golfista
golfo,3.65,1.46,6.35,1.73,1,golfo
golondrina,6.4,1.27,4.1,1.59,1,golondrina
golpe,2.78,1.37,6.73,1.11,1,golpe
golpear,2.1,1.45,7.45,1.5,1,golpear
golpista,3.75,1.48,6.0,1.37,1,golpista
goma,5.4,0.99,4.4,1.39,1,goma
gonorrea,2.0,1.26,6.4,1.82,1,gonorrea
gordo,3.85,2.03,5.83,1.6,1,gordo
gordura,2.95,1.85,6.0,1.12,1,gordura
gorila,5.15,1.04,5.85,1.6,1,gorila
gorra,5.6,0.99,4.55,1.1,1,gorra
gorrino,4.61,1.29,5.5,2.06,1,gorrino
gorrión,6.0,1.86,4.5,1.1,1,gorrion
gorriona,6.05,2.11,4.7,1.59,1,gorriona
gorro,5.75,1.16,4.35,1.27,1,gorro
gospel,6.75,1.82,4.7,1.42,1,gospel
gota,6.1,1.37,4.1,1.45,1,gota
goteo,4.8,0.77,5.25,1.41,1,goteo
gótica,4.4,1.31,4.75,2.17,1,gotica
gótico,4.8,1.77,6.2,2.09,1,gotico
gozar,8.25,0.79,6.7,2.64,1,gozar
gozo,7.2,1.4,6.85,2.11,1,gozo
gozoso,7.55,1.47,6.45,1.9,1,gozoso
grabación,5.3,1.26,5.2,1.67,1,grabacion
grabado,5.35,0.67,5.65,1.35,1,grabado
grabador,5.25,0.79,5.2,0.7,1,grabador
grabar,5.45,1.0,5.55,1.73,1,grabar
gracia,7.4,1.23,5.55,1.61,1,gracia
gracioso,8.45,0.76,5.6,1.82,1,gracioso
grada,5.35,0.75,5.3,1.63,1,grada
gradiente,5.05,0.71,5.21,1.36,1,gradiente
grado,5.5,1.05,4.85,1.31,1,grado
graduación,7.85,1.14,6.35,1.79,1,graduacion
graduado,7.3,1.34,6.03,2.48,1,graduado
gradual,5.4,0.99,4.75,1.52,1,gradual
graduar,7.1,1.48,6.25,1.97,1,graduar
grafema,5.18,0.6,4.89,0.33,1,grafema
graffiti,6.25,1.21,5.95,1.47,1,graffiti
grafía,5.44,0.78,4.89,1.15,1,grafia
gráfica,5.05,0.6,4.75,0.91,1,grafica
gráfico,5.1,0.97,5.4,1.1,1,grafico
grafito,5.1,0.55,4.85,1.04,1,grafito
grafo,5.12,1.36,4.6,1.3,1,grafo
grajo,5.25,0.97,4.8,1.87,1,grajo
gramática,5.2,1.36,4.8,1.36,1,gramatica
gramatical,5.1,1.25,4.85,0.59,1,gramatical
gramo,5.05,0.51,5.0,1.26,1,gramo
gran,6.7,1.13,5.5,1.88,1,gran
grana,5.23,1.3,4.59,1.18,1,grana
granada,5.05,2.78,5.73,2.08,1,granada
granadina,6.6,1.96,4.7,2.08,1,granadina
granadino,6.2,1.11,4.9,2.36,1,granadino
granate,5.84,1.38,4.8,1.47,1,granate
grande,5.85,1.23,5.6,1.43,1,grande
grandeza,7.15,1.31,5.6,1.57,1,grandeza
grandioso,7.15,1.31,6.2,1.61,1,grandioso
grandísimo,6.75,1.33,6.35,1.69,1,grandisimo
granero,5.7,1.34,4.0,1.52,1,granero
granito,4.95,1.1,4.6,1.54,1,granito
granizada,4.9,1.65,6.25,1.77,1,granizada
granizado,6.7,1.95,5.35,1.87,1,granizado
granizo,4.35,1.63,6.4,1.23,1,granizo
granja,6.28,1.26,4.8,1.51,1,granja
granjero,5.55,1.1,4.6,2.06,1,granjero
grano,2.95,1.5,5.45,1.61,1,grano
grasa,3.1,1.45,5.95,1.36,1,grasa
grata,7.16,1.3,4.55,1.5,1,grata
gratificante,8.05,1.05,5.4,2.6,1,gratificante
gratis,7.95,1.05,5.45,2.82,1,gratis
gratitud,7.35,1.14,4.35,2.56,1,gratitud
grato,6.85,1.27,4.45,1.39,1,grato
gratuidad,6.8,1.01,5.47,2.01,1,gratuidad
gratuita,7.85,1.23,4.55,2.37,1,gratuita
grava,4.63,1.12,5.25,1.16,1,grava
gravamen,4.33,0.87,6.23,1.54,1,gravamen
grave,2.33,1.29,7.13,1.57,1,grave
gravedad,4.45,2.42,5.5,1.67,1,gravedad
gravísimo,2.2,1.2,7.15,1.31,1,gravisimo
gravitación,5.7,1.08,5.3,1.56,1,gravitacion
gravitacional,5.2,0.77,4.9,1.97,1,gravitacional
gravitatorio,5.6,0.99,4.4,1.54,1,gravitatorio
gregoriano,5.05,1.1,4.55,1.23,1,gregoriano
gremial,5.13,1.02,5.29,1.36,1,gremial
gremio,5.4,1.14,5.3,0.92,1,gremio
griego,6.5,1.54,4.25,1.37,1,griego
grieta,3.55,1.15,5.7,1.49,1,grieta
grifo,5.3,0.57,4.75,0.79,1,grifo
grillo,4.4,1.73,5.35,1.31,1,grillo
gripe,2.25,1.21,6.8,1.28,1,gripe
gris,3.6,1.67,4.35,1.73,1,gris
grita,3.53,1.84,6.9,0.91,1,grita
gritar,3.2,2.04,7.7,1.08,1,gritar
gritería,3.62,0.77,6.53,1.51,1,griteria
grito,3.3,1.68,7.33,1.35,1,grito
gritón,2.4,0.94,7.45,1.0,1,griton
grosella,5.78,1.39,4.42,1.38,1,grosella
grosería,2.63,1.26,6.8,0.89,1,groseria
grosero,2.25,1.15,6.4,1.96,1,grosero
grosor,4.95,1.43,5.2,1.01,1,grosor
grotesco,2.45,1.32,6.15,2.01,1,grotesco
grúa,4.5,1.0,5.3,1.08,1,grua
grueso,4.8,1.4,5.3,1.42,1,grueso
grulla,5.7,1.13,5.53,1.12,1,grulla
gruñido,3.1,1.29,6.9,1.48,1,grunido
gruñir,2.9,1.21,6.65,1.04,1,grunir
grupal,5.7,1.26,5.45,1.64,1,grupal
grupo,6.8,1.32,6.0,0.97,1,grupo
gruta,4.81,1.52,5.0,0.91,1,gruta
guacamayo,5.65,1.14,4.42,1.22,1,guacamayo
guacho,4.89,0.33,5.44,1.01,1,guacho
guadaña,3.71,1.76,6.78,1.52,1,guadana
guagua,6.26,1.37,5.22,1.93,1,guagua
guante,4.95,1.23,4.6,0.94,1,guante
guapa,7.83,1.2,5.25,2.45,1,guapa
guapo,7.73,1.3,6.11,2.0,1,guapo
guaraní,4.85,0.55,5.43,1.22,1,guarani
guarda,5.5,1.15,4.55,1.9,1,guarda
guardameta,5.2,1.06,4.45,1.85,1,guardameta
guardar,6.1,1.45,4.25,1.45,1,guardar
guardería,6.8,1.32,5.6,1.52,1,guarderia
guardia,4.9,1.45,5.85,0.99,1,guardia
guardián,5.3,0.98,4.75,2.07,1,guardian
guardiana,5.55,1.05,4.65,1.63,1,guardiana
guarida,5.8,1.06,4.95,1.54,1,guarida
guarnición,6.15,1.57,5.21,1.08,1,guarnicion
guatemalteco,5.13,0.5,4.83,1.34,1,guatemalteco
gubernamental,3.5,1.47,5.45,1.23,1,gubernamental
guepardo,5.85,1.23,5.9,2.0,1,guepardo
guerra,1.9,1.17,8.45,0.76,1,guerra
guerrera,6.6,2.41,7.1,1.29,1,guerrera
guerrero,5.65,2.08,7.25,1.21,1,guerrero
guerrilla,2.4,1.57,6.6,1.47,1,guerrilla
guerrillero,3.2,1.32,6.6,1.5,1,guerrillero
gueto,4.07,1.69,6.42,1.38,1,gueto
guía,6.5,1.36,4.7,1.17,1,guia
guiar,7.1,1.37,5.45,1.88,1,guiar
guillotina,2.15,1.58,7.55,1.32,1,guillotina
guindilla,4.4,1.79,6.55,1.7,1,guindilla
guindo,4.92,0.67,4.64,1.15,1,guindo
guiño,7.0,1.52,6.1,1.75,1,guino
guión,5.3,1.3,4.95,2.06,1,guion
guionista,5.65,0.93,5.35,1.35,1,guionista
guipuzcoana,5.11,1.05,4.1,1.65,1,guipuzcoana
guirnalda,6.05,0.97,5.0,1.69,1,guirnalda
guisa,6.15,1.6,4.37,1.26,1,guisa
guisantes,5.1,1.77,4.25,2.05,1,guisantes
guiso,6.15,1.57,4.85,1.57,1,guiso
guitarra,6.9,1.48,4.85,1.73,1,guitarra
guitarrista,6.8,1.28,4.6,2.26,1,guitarrista
gusano,3.9,1.48,5.83,1.66,1,gusano
gustar,7.85,1.09,5.9,2.27,1,gustar
gusto,7.65,1.23,4.6,2.09,1,gusto
gustoso,7.4,0.88,5.0,1.97,1,gustoso
ha,4.87,0.52,5.12,0.6,1,ha
habas,5.45,1.19,4.0,1.65,1,habas
haber,5.75,1.33,4.6,1.23,1,haber
hábil,6.95,1.39,5.9,1.94,1,habil
habilidad,6.95,1.28,5.2,1.24,1,habilidad
habilitación,5.65,1.09,4.4,1.64,1,habilitacion
habilitar,6.7,1.63,4.5,1.85,1,habilitar
habitable,6.55,1.1,4.4,1.47,1,habitable
habitaciones,5.65,0.88,4.7,1.13,1,habitaciones
habitante,5.93,1.27,4.7,1.24,1,habitante
habitar,6.05,0.83,4.75,1.02,1,habitar
hábitat,6.2,1.28,4.05,1.85,1,habitat
hábito,5.45,1.41,3.85,1.39,1,habito
habitual,5.75,1.41,3.45,1.5,1,habitual
hablante,5.6,1.19,5.1,1.45,1,hablante
hablar,6.7,1.26,5.6,1.88,1,hablar
habré,5.05,0.51,5.5,1.36,1,habre
habría,4.8,0.83,5.26,0.73,1,habria
hace,5.37,0.96,4.94,0.8,1,hace
hacendado,5.58,1.26,5.15,0.67,1,hacendado
hacer,6.65,1.53,5.25,1.12,1,hacer
hacha,3.75,1.48,6.6,1.43,1,hacha
hacienda,3.55,1.79,5.9,1.89,1,hacienda
hacinamiento,3.36,1.55,6.25,1.22,1,hacinamiento
hada,6.15,1.35,4.2,1.91,1,hada
hago,5.9,1.07,4.89,0.74,1,hago
halcón,5.78,1.53,5.23,2.01,1,halcon
hallar,6.05,0.94,5.65,1.46,1,hallar
hallazgo,6.8,1.61,6.5,1.19,1,hallazgo
halo,5.94,1.43,4.53,1.62,1,halo
halterofilia,4.23,1.24,6.33,2.06,1,halterofilia
hamaca,7.05,1.1,2.4,1.67,1,hamaca
hambre,2.3,1.08,6.65,0.99,1,hambre
hambriento,3.13,1.45,7.05,1.15,1,hambriento
hambruna,1.95,1.31,7.35,1.18,1,hambruna
hamburguesa,6.5,1.76,5.2,1.74,1,hamburguesa
hámster,6.15,1.42,4.95,1.99,1,hamster
haragán,4.29,1.5,6.43,1.62,1,haragan
haré,5.35,1.57,5.1,1.21,1,hare
harén,4.69,1.6,5.56,1.46,1,haren
haría,5.2,0.83,5.58,0.69,1,haria
harina,5.6,0.94,4.2,1.24,1,harina
harta,2.75,1.33,6.11,1.66,1,harta
harto,2.25,1.02,6.95,1.2,1,harto
hastío,4.0,1.41,5.79,1.71,1,hastio
haya,5.2,0.52,4.2,1.51,1,haya
haz,4.9,0.79,4.7,0.86,1,haz
haza,4.58,1.16,4.89,1.27,1,haza
hazaña,5.95,1.19,6.25,1.37,1,hazana
he,5.67,1.4,4.47,1.7,1,he
hebra,5.11,0.66,5.1,0.72,1,hebra
hebreo,4.5,1.0,4.26,1.59,1,hebreo
hechicera,5.2,1.85,6.3,1.13,1,hechicera
hechizo,6.3,1.45,5.6,1.14,1,hechizo
hecho,5.9,1.29,4.15,1.76,1,hecho
hechura,7.75,2.57,5.25,1.82,1,hechura
hectárea,5.2,0.52,4.55,1.76,1,hectarea
hectolitro,5.11,0.83,5.11,0.58,1,hectolitro
hectómetro,5.11,0.74,5.15,0.59,1,hectometro
hediondo,3.8,2.39,5.13,1.13,1,hediondo
hedor,3.39,1.69,6.33,1.05,1,hedor
hegemonía,4.33,1.28,5.37,1.07,1,hegemonia
helada,4.05,1.61,5.6,1.47,1,helada
helado,6.55,1.85,4.95,2.16,1,helado
helecho,5.5,1.0,4.11,1.88,1,helecho
hélice,5.35,0.81,5.45,1.1,1,helice
helicóptero,5.45,0.94,6.95,1.43,1,helicoptero
helio,5.6,0.99,4.55,1.76,1,helio
hembra,5.85,0.88,5.05,1.64,1,hembra
hemiciclo,5.0,0.71,5.06,1.24,1,hemiciclo
hemiplejia,2.44,1.46,7.11,1.49,1,hemiplejia
hemisferio,5.55,1.05,5.1,0.72,1,hemisferio
hemoglobina,4.65,1.35,5.1,1.45,1,hemoglobina
hemorragia,2.05,0.94,7.55,0.89,1,hemorragia
hendidura,4.75,0.72,5.58,0.84,1,hendidura
heno,5.28,1.02,4.42,1.25,1,heno
hepática,3.81,1.47,5.56,0.78,1,hepatica
hepatitis,1.85,0.99,7.15,1.35,1,hepatitis
heraldo,5.43,0.79,4.86,1.46,1,heraldo
heredad,5.5,1.75,5.0,2.03,1,heredad
heredar,6.15,1.53,5.95,1.0,1,heredar
heredera,5.75,1.83,5.7,1.3,1,heredera
heredero,5.55,1.36,5.45,1.36,1,heredero
hereditario,4.7,1.08,5.75,1.37,1,hereditario
hereje,4.32,1.42,5.7,1.13,1,hereje
herejía,3.7,1.26,6.35,1.6,1,herejia
herencia,5.85,1.76,6.15,1.69,1,herencia
herida,2.45,1.19,7.65,0.93,1,herida
heridas,2.78,1.1,7.13,1.3,1,heridas
herido,2.15,1.21,6.88,1.2,1,herido
herir,1.85,1.09,6.5,1.96,1,herir
hermana,7.5,1.73,4.55,1.76,1,hermana
hermanamiento,6.11,1.59,5.0,1.94,1,hermanamiento
hermanastro,5.2,1.15,6.0,0.97,1,hermanastro
hermandad,5.75,1.52,3.9,1.97,1,hermandad
hermanito,7.6,1.39,4.6,2.62,1,hermanito
hermano,8.18,1.36,4.4,2.56,1,hermano
hermético,5.21,0.98,4.65,1.95,1,hermetico
hermetismo,4.88,0.93,5.26,0.99,1,hermetismo
hermosa,8.15,0.99,5.15,2.5,1,hermosa
hermoso,7.55,1.19,4.58,2.18,1,hermoso
hermosura,7.5,1.47,5.15,1.76,1,hermosura
hernia,2.4,1.27,6.5,1.5,1,hernia
héroe,7.4,1.5,6.2,2.55,1,heroe
heroica,7.25,1.48,6.35,1.79,1,heroica
heroína,3.58,2.46,6.98,1.53,1,heroina
heroísmo,6.35,2.18,6.3,1.53,1,heroismo
herpes,2.25,1.07,6.8,1.7,1,herpes
herradura,4.95,1.23,4.8,1.24,1,herradura
herramienta,5.1,0.78,4.88,1.16,1,herramienta
herrerillo,5.15,1.28,5.06,0.68,1,herrerillo
herrero,4.75,0.72,5.0,2.03,1,herrero
hervidero,4.2,1.15,5.32,1.06,1,hervidero
hervir,5.13,0.56,5.4,1.57,1,hervir
heterogeneidad,6.15,1.27,4.95,1.7,1,heterogeneidad
heterogéneo,5.35,0.99,4.85,1.5,1,heterogeneo
heterosexual,5.8,1.11,5.3,2.0,1,heterosexual
hexagonal,5.1,0.97,4.75,1.16,1,hexagonal
hiato,4.5,1.19,4.68,1.11,1,hiato
híbrida,5.55,1.05,5.21,0.92,1,hibrida
hibridación,5.12,1.05,5.32,1.49,1,hibridacion
híbrido,5.65,1.39,5.9,1.21,1,hibrido
hidalgo,5.65,1.23,5.25,2.02,1,hidalgo
hidráulica,5.5,1.24,4.55,1.05,1,hidraulica
hídrico,5.65,0.61,4.11,1.49,1,hidrico
hidroeléctrica,5.1,0.79,5.8,1.06,1,hidroelectrica
hidrógeno,5.6,1.27,4.26,1.73,1,hidrogeno
hidrográfica,5.11,0.74,4.65,0.88,1,hidrografica
hidrológico,5.32,1.0,4.65,1.23,1,hidrologico
hiedra,5.39,1.09,4.7,1.84,1,hiedra
hiel,3.67,1.73,4.81,1.64,1,hiel
hielo,5.6,0.99,5.3,1.78,1,hielo
hiena,5.0,1.45,6.5,1.28,1,hiena
hierba,6.9,1.33,3.25,1.71,1,hierba
hierbabuena,6.45,1.47,3.95,1.05,1,hierbabuena
hierbas,5.9,1.21,3.95,1.73,1,hierbas
hierro,4.83,0.71,4.9,0.97,1,hierro
hierve,5.1,0.85,5.15,1.18,1,hierve
hígado,4.65,1.09,5.95,1.32,1,higado
higiene,7.0,1.56,3.9,1.8,1,higiene
higiénico,6.7,1.17,3.5,1.57,1,higienico
higo,5.95,2.04,4.5,1.32,1,higo
higuera,5.95,1.0,4.3,1.45,1,higuera
hija,7.1,1.92,5.65,1.63,1,hija
hijastro,4.8,1.2,4.55,1.73,1,hijastro
hijita,6.58,1.57,3.35,2.03,1,hijita
hijito,7.55,1.32,5.5,2.14,1,hijito
hijo,7.6,1.57,5.5,1.88,1,hijo
hilado,5.17,0.71,4.53,1.28,1,hilado
hilar,5.4,0.68,4.05,1.85,1,hilar
hilera,5.25,0.91,4.6,1.1,1,hilera
hilo,5.75,1.16,4.0,1.41,1,hilo
himno,5.85,1.95,4.55,2.06,1,himno
hincapié,5.35,1.14,5.4,1.47,1,hincapie
hincar,4.5,1.36,6.0,0.92,1,hincar
hincha,4.6,1.35,6.2,1.54,1,hincha
hinchada,4.35,1.79,6.3,0.98,1,hinchada
hinchazón,3.15,1.39,6.1,1.25,1,hinchazon
hindú,5.8,1.11,4.5,1.47,1,hindu
hinduismo,5.25,0.72,4.45,1.47,1,hinduismo
hipertensión,2.3,1.13,6.85,1.09,1,hipertension
hipertexto,4.53,1.28,5.17,1.62,1,hipertexto
hipertiroidismo,2.9,1.45,6.11,1.64,1,hipertiroidismo
hípica,5.89,1.73,4.9,2.07,1,hipica
hipocresía,2.15,1.09,7.25,1.41,1,hipocresia
hipócrita,2.15,1.18,7.2,1.47,1,hipocrita
hipódromo,5.25,1.25,5.89,1.23,1,hipodromo
hipopótamo,6.15,1.42,5.0,1.34,1,hipopotamo
hipoteca,1.95,1.19,6.7,1.89,1,hipoteca
hipotético,4.95,1.0,5.5,0.95,1,hipotetico
hispana,5.8,1.36,5.25,1.07,1,hispana
hispánica,5.2,0.89,5.1,1.65,1,hispanica
hispanista,4.89,1.28,5.0,1.41,1,hispanista
hispanoamericana,5.5,1.32,5.0,1.89,1,hispanoamericana
histeria,2.65,1.42,8.0,1.03,1,histeria
histérica,2.2,0.83,7.95,1.15,1,histerica
historia,6.28,1.57,4.65,1.25,1,historia
historiador,5.6,0.99,4.25,1.52,1,historiador
historial,5.05,0.76,5.25,1.48,1,historial
histórico,6.45,1.28,5.0,2.08,1,historico
historieta,6.1,1.33,4.9,2.02,1,historieta
historiografía,5.21,1.18,4.75,1.74,1,historiografia
hito,6.12,1.45,5.13,1.45,1,hito
hocico,5.45,1.54,4.5,1.7,1,hocico
hockey,5.75,1.25,5.9,1.62,1,hockey
hogar,8.3,1.26,2.3,1.71,1,hogar
hoguera,6.0,1.78,4.95,1.61,1,hoguera
hoja,5.75,1.16,4.35,1.09,1,hoja
hojalata,4.65,0.88,5.1,1.02,1,hojalata
holandés,5.65,1.27,5.1,0.55,1,holandes
holandesa,5.3,0.8,4.65,1.35,1,holandesa
holgura,5.53,0.87,4.63,1.46,1,holgura
holocausto,2.2,1.2,7.65,1.53,1,holocausto
hombre,6.9,1.33,5.95,1.57,1,hombre
hombrecillo,6.15,1.46,4.15,1.53,1,hombrecillo
hombrecito,6.1,1.68,4.4,1.27,1,hombrecito
hombro,5.45,0.89,4.3,1.13,1,hombro
homenaje,6.3,1.3,4.85,2.43,1,homenaje
homicida,1.48,0.78,7.5,1.65,1,homicida
homicidio,2.0,1.41,6.6,1.14,1,homicidio
homilía,4.3,1.57,4.5,1.61,1,homilia
homofobia,2.45,1.36,6.8,1.64,1,homofobia
homogeneidad,5.7,1.72,4.45,1.43,1,homogeneidad
homogéneo,5.65,1.5,3.9,1.59,1,homogeneo
homólogo,5.37,1.01,5.0,0.47,1,homologo
homónimo,4.88,0.81,4.29,1.86,1,homonimo
homosexual,5.85,1.14,4.85,1.27,1,homosexual
homosexualidad,5.35,1.53,5.1,1.8,1,homosexualidad
hondo,4.75,1.16,5.2,1.36,1,hondo
hondura,4.78,0.43,4.21,1.96,1,hondura
hondureño,5.68,0.82,4.92,1.71,1,hondureno
honestidad,7.3,1.53,3.65,2.11,1,honestidad
honesto,8.0,1.03,3.45,1.72,1,honesto
hongo,3.28,1.63,6.1,1.86,1,hongo
hongos,3.2,1.4,6.0,1.26,1,hongos
honor,7.5,1.19,5.25,2.06,1,honor
honorable,7.55,1.15,4.9,2.47,1,honorable
honorario,5.9,1.52,5.35,1.18,1,honorario
honorífico,7.1,1.21,5.2,2.21,1,honorifico
honra,6.3,1.75,4.6,2.33,1,honra
honradez,8.25,0.79,3.05,2.31,1,honradez
honrar,6.9,1.33,4.35,1.76,1,honrar
honroso,6.75,1.45,5.28,1.53,1,honroso
hora,5.3,1.03,4.6,1.5,1,hora
horaria,5.16,0.5,5.05,0.97,1,horaria
horario,5.0,1.17,5.05,1.57,1,horario
horca,2.4,1.9,6.9,1.59,1,horca
horchata,5.35,2.41,4.55,1.76,1,horchata
horda,5.7,1.64,6.06,1.88,1,horda
horizontal,5.15,0.37,4.65,0.81,1,horizontal
horizonte,7.15,1.5,3.9,2.25,1,horizonte
hormiga,5.25,0.79,4.25,1.71,1,hormiga
hormigón,4.75,1.02,5.05,0.69,1,hormigon
hormigonera,4.7,0.66,5.1,1.74,1,hormigonera
hormiguero,5.55,1.28,5.5,1.82,1,hormiguero
hormona,5.35,1.31,5.85,1.79,1,hormona
hormonal,5.05,1.15,6.45,0.94,1,hormonal
hornear,6.45,1.22,4.15,1.84,1,hornear
hornero,5.33,0.84,4.5,0.99,1,hornero
horno,5.55,1.0,5.0,1.72,1,horno
horquilla,5.6,1.06,4.75,0.98,1,horquilla
horrenda,3.16,1.38,6.25,1.48,1,horrenda
horrible,2.45,1.61,6.9,1.25,1,horrible
horror,2.2,1.2,7.0,2.15,1,horror
horroroso,2.2,1.24,7.0,1.17,1,horroroso
hortalizas,6.5,1.57,3.6,1.73,1,hortalizas
hortensia,6.25,1.25,4.11,1.94,1,hortensia
horticultura,5.27,0.8,4.05,1.18,1,horticultura
hospedaje,6.15,1.27,3.75,1.62,1,hospedaje
hospital,3.45,2.04,6.83,1.77,1,hospital
hospitalario,5.7,2.52,5.5,2.14,1,hospitalario
hospitalidad,6.55,1.96,4.7,2.2,1,hospitalidad
hospitalización,1.95,1.0,7.25,1.02,1,hospitalizacion
hospitalizado,1.85,1.14,7.15,1.9,1,hospitalizado
hostal,5.35,1.04,5.2,1.64,1,hostal
hostelería,6.5,1.32,4.85,1.66,1,hosteleria
hostelero,5.7,0.8,4.6,1.1,1,hostelero
hostia,3.45,1.64,6.3,1.17,1,hostia
hostigamiento,4.0,1.53,6.42,1.64,1,hostigamiento
hostil,3.3,1.6,6.0,1.84,1,hostil
hostilidad,3.35,1.76,6.25,2.36,1,hostilidad
hotel,7.08,1.44,4.05,1.47,1,hotel
hotelera,5.79,1.55,4.25,2.07,1,hotelera
hoy,5.8,1.24,5.05,1.57,1,hoy
hoyo,4.0,1.41,5.7,1.38,1,hoyo
hoz,3.95,1.13,5.75,1.55,1,hoz
hueca,4.75,0.72,5.2,1.28,1,hueca
hueco,4.8,1.4,4.75,1.29,1,hueco
huelga,4.5,1.82,6.35,1.5,1,huelga
huella,5.85,1.27,5.65,1.35,1,huella
huérfano,2.15,1.04,6.95,1.19,1,huerfano
huerta,6.75,1.41,3.8,2.31,1,huerta
huerto,6.35,1.39,4.4,1.9,1,huerto
hueso,5.3,1.22,4.95,1.32,1,hueso
huésped,5.7,1.38,4.7,1.72,1,huesped
huevo,5.45,0.6,4.63,1.0,1,huevo
huida,3.4,1.96,7.0,0.79,1,huida
huir,2.3,1.13,6.7,1.26,1,huir
hulla,4.54,0.78,4.73,0.9,1,hulla
humana,7.3,1.59,5.0,1.89,1,humana
humanidad,6.15,1.98,4.9,2.07,1,humanidad
humanidades,5.85,1.84,4.35,1.73,1,humanidades
humanismo,6.7,1.49,3.65,1.81,1,humanismo
humanista,5.95,1.43,4.3,1.89,1,humanista
humanitaria,6.45,1.36,4.35,1.95,1,humanitaria
humano,7.18,1.66,4.65,1.23,1,humano
humareda,3.9,1.17,6.3,0.98,1,humareda
humeante,4.45,1.54,5.11,1.1,1,humeante
humedad,4.65,1.98,5.75,1.16,1,humedad
húmedo,4.7,1.03,5.1,1.45,1,humedo
húmero,5.47,1.07,5.2,1.15,1,humero
humildad,7.95,1.15,3.85,1.93,1,humildad
humilde,7.4,1.39,3.15,1.56,1,humilde
humilla,2.2,1.15,6.7,1.56,1,humilla
humillación,1.95,1.0,7.6,0.94,1,humillacion
humillado,1.85,0.99,7.45,1.43,1,humillado
humillante,2.0,1.89,6.85,1.39,1,humillante
humillar,2.18,1.34,7.08,1.07,1,humillar
humillo,2.95,1.85,5.65,1.57,1,humillo
humo,3.85,1.53,5.55,1.79,1,humo
humor,7.93,1.19,6.75,1.68,1,humor
humorista,7.3,1.13,5.8,1.94,1,humorista
humorístico,7.5,1.15,6.7,1.17,1,humoristico
hundimiento,3.6,1.19,7.15,1.27,1,hundimiento
hundir,2.6,1.5,6.8,1.28,1,hundir
húngara,4.9,0.79,5.35,0.93,1,hungara
húngaro,5.2,1.06,5.35,0.99,1,hungaro
huracán,2.55,1.2,7.48,1.28,1,huracan
hurón,5.4,1.85,5.0,1.41,1,huron
hurtar,2.7,1.38,6.8,1.44,1,hurtar
hurto,2.45,0.94,6.85,1.27,1,hurto
huso,5.06,0.24,4.6,1.5,1,huso
ibérica,6.4,1.35,4.9,1.21,1,iberica
iberoamericano,5.6,1.43,5.15,1.14,1,iberoamericano
ibis,4.2,1.3,4.67,1.41,1,ibis
iceberg,4.85,1.79,6.35,2.03,1,iceberg
icono,5.4,0.99,4.8,1.11,1,icono
iconografía,4.95,1.03,5.07,0.7,1,iconografia
ida,5.1,1.89,5.05,1.64,1,ida
idea,7.0,1.34,5.45,2.21,1,idea
ideal,7.05,1.15,4.75,2.1,1,ideal
idealismo,5.9,1.12,5.2,1.99,1,idealismo
idealista,5.7,1.17,4.85,1.9,1,idealista
ideario,6.12,1.27,5.41,1.54,1,ideario
ídem,5.82,1.42,4.45,1.1,1,idem
idéntico,5.2,1.01,4.7,1.22,1,identico
identidad,6.23,1.1,5.0,1.57,1,identidad
identificable,5.55,1.19,5.15,1.9,1,identificable
identificación,5.05,1.15,4.65,1.5,1,identificacion
identificar,4.9,0.91,5.0,1.49,1,identificar
ideología,5.65,1.18,6.4,1.67,1,ideologia
ideológica,5.45,1.23,5.65,0.75,1,ideologica
ideólogo,5.1,0.91,5.35,1.31,1,ideologo
idilio,6.31,1.75,4.94,2.17,1,idilio
idioma,5.45,0.83,5.05,1.73,1,idioma
idiosincrasia,5.0,0.43,4.89,1.15,1,idiosincrasia
idiota,3.13,1.6,6.5,1.57,1,idiota
idolatría,4.35,2.39,5.89,1.37,1,idolatria
ídolo,6.53,1.47,6.1,1.78,1,idolo
idoneidad,7.11,1.57,5.0,2.21,1,idoneidad
idóneo,6.75,1.07,4.1,2.22,1,idoneo
iglesia,4.32,1.86,4.18,1.92,1,iglesia
iglú,6.32,1.38,4.85,2.06,1,iglu
ignominia,4.33,2.08,6.0,1.53,1,ignominia
ignorancia,2.58,1.22,6.5,1.85,1,ignorancia
ignorante,3.0,1.17,5.6,1.39,1,ignorante
ignorar,2.55,1.28,5.35,1.73,1,ignorar
igual,5.75,1.07,4.4,1.82,1,igual
iguala,5.68,1.11,5.0,1.29,1,iguala
igualar,6.0,1.41,4.25,2.0,1,igualar
igualdad,7.4,1.7,3.9,2.17,1,igualdad
igualitario,6.8,1.36,3.95,1.79,1,igualitario
iguana,4.65,1.6,5.15,1.23,1,iguana
ilegalidad,3.0,1.59,6.8,1.32,1,ilegalidad
ilegalización,2.65,1.66,6.65,1.14,1,ilegalizacion
ilegalizada,2.6,1.43,6.75,1.16,1,ilegalizada
ilegalizar,3.15,0.99,6.85,1.31,1,ilegalizar
ilegítimo,4.1,1.17,5.5,1.61,1,ilegitimo
ileso,7.35,1.27,3.8,1.85,1,ileso
ilícito,4.21,1.44,6.16,1.21,1,ilicito
iluminación,6.5,1.54,4.15,2.16,1,iluminacion
iluminar,7.0,1.49,5.0,1.97,1,iluminar
ilusión,8.1,1.29,6.45,2.33,1,ilusion
ilusorio,5.44,1.89,5.32,1.63,1,ilusorio
ilustración,6.3,1.34,4.5,1.73,1,ilustracion
ilustrador,5.95,1.23,4.65,1.42,1,ilustrador
ilustrar,5.95,1.19,4.25,1.16,1,ilustrar
ilustre,6.25,1.16,5.4,1.57,1,ilustre
imagen,5.85,1.18,4.95,1.96,1,imagen
imagina,7.0,1.12,5.1,1.94,1,imagina
imaginación,7.65,1.23,5.35,2.43,1,imaginacion
imaginar,7.75,1.08,4.5,2.47,1,imaginar
imaginario,6.4,1.5,5.25,2.43,1,imaginario
imaginativa,7.0,1.03,5.45,2.01,1,imaginativa
imaginería,6.47,1.62,5.11,1.49,1,imagineria
imagino,7.1,1.59,5.6,1.82,1,imagino
imán,5.45,0.76,5.25,1.52,1,iman
imbécil,2.6,1.14,7.35,1.35,1,imbecil
imitación,5.25,1.52,5.45,1.05,1,imitacion
imitar,5.1,1.21,5.9,1.65,1,imitar
impaciencia,3.45,1.15,6.7,1.34,1,impaciencia
impaciente,3.7,1.3,6.45,1.64,1,impaciente
impactante,4.6,1.76,7.35,1.27,1,impactante
impacto,3.75,1.65,6.75,1.62,1,impacto
impar,4.95,0.76,5.05,1.43,1,impar
imparable,6.85,2.03,6.65,1.35,1,imparable
imparcial,4.15,2.01,5.33,1.72,1,imparcial
imparcialidad,4.6,1.76,5.85,1.09,1,imparcialidad
impartir,5.45,1.67,5.1,1.02,1,impartir
impasible,3.94,1.35,6.24,1.2,1,impasible
impecable,6.95,1.32,4.15,2.23,1,impecable
impedancia,5.18,1.25,5.25,1.82,1,impedancia
impedimento,2.65,1.23,5.75,1.25,1,impedimento
impedir,3.15,1.23,6.2,1.61,1,impedir
impenetrable,4.2,1.24,5.75,1.89,1,impenetrable
impensable,4.6,1.47,6.55,1.15,1,impensable
imperante,4.25,1.48,6.68,1.42,1,imperante
imperativo,3.95,1.39,5.85,1.35,1,imperativo
imperceptible,4.85,1.46,5.45,1.36,1,imperceptible
imperdonable,2.35,1.14,6.95,1.61,1,imperdonable
imperfección,3.25,1.59,6.05,1.0,1,imperfeccion
imperfecto,3.4,1.43,6.0,0.97,1,imperfecto
imperial,5.15,1.57,5.95,1.15,1,imperial
imperialismo,4.4,1.14,5.8,1.2,1,imperialismo
imperialista,4.1,1.21,5.95,1.23,1,imperialista
imperio,5.1,0.97,5.75,1.74,1,imperio
imperiosa,4.85,1.09,5.67,1.64,1,imperiosa
impermeable,5.7,0.86,4.05,1.32,1,impermeable
impersonal,4.15,1.09,4.6,1.5,1,impersonal
impertinente,2.4,1.31,7.0,0.92,1,impertinente
imperturbable,6.11,1.85,6.1,1.59,1,imperturbable
ímpetu,6.1,1.68,6.3,1.38,1,impetu
impetuoso,4.65,1.81,6.05,1.08,1,impetuoso
impiedad,3.65,1.37,6.2,1.06,1,impiedad
impío,4.25,2.49,5.57,1.5,1,impio
implacable,5.8,1.79,6.2,1.32,1,implacable
implantación,4.3,0.98,5.45,1.32,1,implantacion
implantar,4.75,1.33,5.8,1.54,1,implantar
implante,4.1,1.86,6.0,1.08,1,implante
implementación,4.94,1.24,5.29,0.59,1,implementacion
implementar,5.47,0.8,5.42,1.64,1,implementar
implicación,5.85,1.46,5.0,1.75,1,implicacion
implicar,4.7,1.13,6.25,1.02,1,implicar
implícita,5.37,0.68,4.95,1.43,1,implicita
imponente,4.65,1.39,6.75,1.21,1,imponente
imponer,3.3,1.45,6.15,1.5,1,imponer
imponible,4.33,0.77,5.37,1.42,1,imponible
importación,4.95,0.62,5.4,1.05,1,importacion
importancia,6.4,1.43,6.25,1.33,1,importancia
importante,7.15,1.39,7.25,1.33,1,importante
importantísimo,6.25,1.45,6.75,1.52,1,importantisimo
importar,6.2,1.51,6.3,1.42,1,importar
importe,4.3,1.53,5.26,1.1,1,importe
imposibilidad,2.45,1.15,6.74,1.28,1,imposibilidad
imposible,2.0,1.12,7.1,0.97,1,imposible
imposición,3.1,1.29,6.35,1.6,1,imposicion
impositivo,3.88,1.27,5.53,1.07,1,impositivo
impostor,2.4,1.27,7.1,1.02,1,impostor
impotencia,2.8,1.11,6.95,2.21,1,impotencia
impotente,2.55,1.39,6.28,1.54,1,impotente
impreciso,4.15,0.93,6.0,1.17,1,impreciso
impredecible,4.75,1.8,6.45,0.94,1,impredecible
impregnar,5.2,1.24,5.74,1.41,1,impregnar
imprenta,5.65,0.99,4.75,1.37,1,imprenta
imprescindible,6.25,1.92,5.7,1.66,1,imprescindible
impresión,5.9,1.12,5.25,0.85,1,impresion
impresionado,6.75,1.12,6.98,1.48,1,impresionado
impresionante,7.65,0.81,6.75,1.65,1,impresionante
impresionismo,6.4,1.39,4.85,1.73,1,impresionismo
impresionista,6.15,1.5,5.65,1.39,1,impresionista
impresor,5.0,0.33,4.65,0.81,1,impresor
impresora,5.1,0.91,4.63,1.07,1,impresora
imprevisible,5.1,1.77,6.45,1.05,1,imprevisible
imprevisto,4.3,1.53,6.75,1.45,1,imprevisto
imprimir,4.55,0.83,4.7,1.34,1,imprimir
improbable,3.8,1.36,4.75,2.0,1,improbable
improcedencia,4.22,1.17,5.63,1.16,1,improcedencia
improcedente,3.4,1.23,6.16,1.21,1,improcedente
impronta,5.79,1.18,4.89,1.18,1,impronta
impropio,3.35,1.14,5.8,1.44,1,impropio
improvisación,6.4,1.47,7.0,1.45,1,improvisacion
improvisar,6.2,1.47,6.4,1.35,1,improvisar
improviso,5.9,1.52,6.74,1.37,1,improviso
imprudencia,2.65,1.53,6.75,1.37,1,imprudencia
imprudente,2.7,1.3,7.1,0.97,1,imprudente
impuesto,2.35,1.27,6.45,1.9,1,impuesto
impugnación,4.05,1.36,6.0,1.29,1,impugnacion
impugnar,3.9,1.25,5.75,1.48,1,impugnar
impulsar,6.15,1.18,6.5,1.67,1,impulsar
impulso,5.4,1.43,7.0,1.81,1,impulso
impulsor,5.4,0.99,5.55,1.5,1,impulsor
impune,4.79,1.75,5.15,1.84,1,impune
impunidad,4.11,2.11,6.28,1.99,1,impunidad
impuro,3.5,1.15,6.35,1.31,1,impuro
imputación,3.35,1.93,6.3,0.86,1,imputacion
inacabada,3.55,1.0,6.15,1.18,1,inacabada
inaccesible,3.15,1.46,5.85,1.66,1,inaccesible
inacción,3.63,0.96,4.53,1.95,1,inaccion
inaceptable,3.25,1.29,6.5,1.5,1,inaceptable
inactividad,3.3,1.17,4.15,1.95,1,inactividad
inactivo,3.1,1.25,4.6,2.19,1,inactivo
inadecuada,3.65,0.88,5.5,1.05,1,inadecuada
inadmisibilidad,2.71,1.45,6.15,1.63,1,inadmisibilidad
inadmisible,3.5,1.57,6.7,1.38,1,inadmisible
inagotable,6.6,1.67,5.1,1.92,1,inagotable
inalcanzable,2.9,1.25,7.0,1.08,1,inalcanzable
inamovible,3.85,1.23,5.4,1.5,1,inamovible
inanición,3.07,1.67,6.43,2.21,1,inanicion
inaudito,5.95,2.24,6.15,1.31,1,inaudito
inauguración,6.85,1.27,6.25,1.16,1,inauguracion
inaugural,6.11,0.99,5.75,0.97,1,inaugural
inaugurar,7.4,1.19,5.75,1.37,1,inaugurar
inca,5.2,1.37,5.06,0.94,1,inca
incandescente,5.15,1.31,5.72,1.23,1,incandescente
incansable,6.2,1.4,5.75,1.89,1,incansable
incapacidad,2.4,1.19,6.65,1.27,1,incapacidad
incapaz,2.5,1.4,6.5,1.5,1,incapaz
incendiar,2.95,1.32,7.6,1.19,1,incendiar
incendio,1.95,0.89,7.5,1.47,1,incendio
incentivar,6.5,1.19,6.2,1.01,1,incentivar
incentivo,6.9,1.45,6.26,1.31,1,incentivo
incertidumbre,3.55,1.5,7.2,1.11,1,incertidumbre
incesante,4.85,1.69,6.3,1.49,1,incesante
incesto,1.95,1.51,7.0,1.54,1,incesto
incidencia,3.4,1.14,5.95,2.06,1,incidencia
incidental,4.24,1.39,5.41,0.62,1,incidental
incidente,2.6,0.94,6.7,1.08,1,incidente
incidir,4.95,0.89,5.2,1.54,1,incidir
incienso,5.75,1.41,3.5,1.79,1,incienso
incierto,3.6,1.43,6.3,1.22,1,incierto
incineración,2.3,1.53,7.05,1.76,1,incineracion
incipiente,5.65,1.76,5.06,0.8,1,incipiente
incitación,6.4,1.79,7.1,1.25,1,incitacion
incitar,4.65,1.81,6.45,1.61,1,incitar
inclinación,5.0,0.97,5.4,0.82,1,inclinacion
inclinar,4.6,1.43,5.35,0.75,1,inclinar
incluir,6.1,1.33,4.9,1.17,1,incluir
inclusión,5.8,1.24,5.35,1.04,1,inclusion
inclusive,5.65,1.27,5.3,1.45,1,inclusive
incluso,5.15,0.88,5.2,0.62,1,incluso
incógnita,3.95,1.85,6.95,1.43,1,incognita
incoherencia,3.6,1.35,6.35,1.57,1,incoherencia
incoherente,3.2,1.2,5.9,1.62,1,incoherente
incomodidad,2.55,1.36,6.95,1.61,1,incomodidad
incómodo,2.95,1.57,6.75,1.45,1,incomodo
incomparable,6.5,1.73,5.1,1.62,1,incomparable
incompatibilidad,2.5,1.24,6.05,1.73,1,incompatibilidad
incompatible,2.8,1.32,6.15,1.53,1,incompatible
incompetencia,2.7,1.17,6.85,1.31,1,incompetencia
incompetente,2.55,1.15,6.55,1.36,1,incompetente
incompleta,2.75,1.16,6.2,1.24,1,incompleta
incomprensible,2.65,1.31,6.0,1.3,1,incomprensible
incomprensión,2.0,1.11,6.15,1.39,1,incomprension
incomunicación,2.3,1.08,6.35,1.73,1,incomunicacion
inconcebible,3.4,1.23,5.6,1.85,1,inconcebible
inconclusa,3.35,1.5,5.59,1.0,1,inconclusa
incondicional,5.85,1.27,5.4,1.47,1,incondicional
inconfundible,6.0,1.41,4.5,1.96,1,inconfundible
incongruencia,3.35,1.35,6.15,1.14,1,incongruencia
inconmensurable,5.44,1.71,5.57,0.94,1,inconmensurable
inconsciencia,4.35,1.81,5.35,2.3,1,inconsciencia
inconsciente,4.8,1.99,5.5,1.85,1,inconsciente
inconstitucional,3.79,1.84,5.9,1.29,1,inconstitucional
inconstitucionalidad,4.05,0.89,6.3,1.45,1,inconstitucionalidad
incontenible,4.89,1.15,6.15,1.46,1,incontenible
incontrolable,3.2,1.44,7.45,1.32,1,incontrolable
incontrolada,3.5,1.47,7.4,0.94,1,incontrolada
inconveniente,2.65,1.42,6.6,1.5,1,inconveniente
incordio,2.63,1.42,6.8,1.11,1,incordio
incorporación,6.45,1.32,5.4,1.93,1,incorporacion
incorporar,5.75,1.02,4.95,1.36,1,incorporar
incorrecto,2.55,1.43,6.3,1.08,1,incorrecto
incredulidad,4.1,1.12,5.45,1.85,1,incredulidad
incrédulo,4.0,0.86,5.35,1.39,1,incredulo
increíble,7.4,1.31,6.8,1.64,1,increible
incrementar,6.35,0.93,6.15,1.18,1,incrementar
incremento,5.75,1.48,5.7,1.92,1,incremento
incubación,4.35,1.27,5.7,1.81,1,incubacion
inculcar,6.05,1.87,5.3,1.45,1,inculcar
incumplimiento,3.3,1.45,6.5,1.28,1,incumplimiento
incumplir,2.9,0.85,6.9,1.21,1,incumplir
incurable,1.65,1.27,7.7,1.42,1,incurable
incurrir,4.29,0.99,6.13,1.02,1,incurrir
incursión,4.87,0.64,5.64,0.84,1,incursion
indagación,4.45,1.23,5.68,1.57,1,indagacion
indagar,5.6,1.67,6.05,1.32,1,indagar
indebida,3.35,1.31,5.7,1.03,1,indebida
indecente,3.2,1.44,6.8,1.15,1,indecente
indecible,4.5,1.04,5.67,1.71,1,indecible
indecisión,2.75,1.37,6.85,1.09,1,indecision
indeciso,3.55,1.15,6.0,1.56,1,indeciso
indefensión,2.26,1.1,6.8,1.44,1,indefension
indefenso,3.05,1.54,6.53,1.55,1,indefenso
indefinible,4.0,1.17,5.9,1.29,1,indefinible
indefinido,5.55,1.5,5.65,1.81,1,indefinido
indemne,5.77,1.88,4.83,0.92,1,indemne
indemnización,5.65,1.93,5.45,1.82,1,indemnizacion
indemnizar,5.8,1.96,5.85,1.42,1,indemnizar
independencia,6.8,1.32,5.05,2.33,1,independencia
independentista,4.85,1.39,6.6,1.23,1,independentista
independiente,6.7,1.69,5.65,2.01,1,independiente
indescriptible,5.5,1.99,5.6,1.27,1,indescriptible
indeseable,2.7,1.3,6.6,1.1,1,indeseable
indestructible,5.85,1.57,5.35,1.9,1,indestructible
indeterminado,4.2,1.06,5.4,1.14,1,indeterminado
india,5.55,1.1,4.4,2.23,1,india
indica,5.15,0.37,4.58,1.5,1,indica
indicación,5.65,0.93,5.4,0.94,1,indicacion
indicador,5.1,0.79,5.0,1.03,1,indicador
indicar,5.55,0.89,4.4,1.96,1,indicar
índice,5.5,1.24,4.9,0.91,1,indice
indicio,5.1,0.79,5.95,0.76,1,indicio
indico,5.3,1.13,5.4,1.7,1,indico
indiferencia,4.25,1.59,5.75,1.52,1,indiferencia
indiferente,4.18,1.24,4.45,1.78,1,indiferente
indígena,5.3,1.22,5.8,1.74,1,indigena
indigencia,2.6,1.47,6.05,1.15,1,indigencia
indigna,3.15,1.42,6.1,1.17,1,indigna
indignación,3.15,2.08,7.6,1.35,1,indignacion
indigno,3.2,1.54,6.3,1.38,1,indigno
índigo,6.25,1.6,5.33,0.87,1,indigo
indio,5.85,1.42,4.9,1.59,1,indio
indirecta,5.15,0.81,6.3,1.56,1,indirecta
indirecto,4.7,0.47,4.85,1.04,1,indirecto
indiscreta,3.4,1.05,6.2,1.06,1,indiscreta
indiscutible,4.65,1.04,5.65,1.5,1,indiscutible
indispensable,5.45,1.99,5.45,1.1,1,indispensable
individualidad,5.75,1.68,4.5,1.99,1,individualidad
individualismo,5.15,1.6,4.6,1.85,1,individualismo
individualista,4.6,1.54,5.2,1.32,1,individualista
individuo,5.65,1.14,4.5,1.43,1,individuo
indivisible,4.9,0.55,5.11,1.85,1,indivisible
índole,5.7,1.22,4.89,0.57,1,indole
indolencia,4.0,1.08,5.06,1.63,1,indolencia
indolente,4.85,3.3,4.81,1.05,1,indolente
indomable,5.2,1.61,7.3,1.22,1,indomable
indonesia,5.6,1.39,4.7,1.34,1,indonesia
inducción,4.85,0.81,5.4,1.82,1,induccion
inducir,4.85,0.88,5.8,0.83,1,inducir
indudable,5.45,1.54,4.65,1.69,1,indudable
indulgencia,4.79,1.08,5.25,1.92,1,indulgencia
indulgente,4.75,1.52,5.16,1.12,1,indulgente
indulto,4.58,2.09,5.26,1.59,1,indulto
indumentaria,5.21,1.03,5.1,1.33,1,indumentaria
industria,4.78,0.89,5.58,1.11,1,industria
industriales,4.55,0.6,5.2,1.88,1,industriales
industrialización,4.6,1.23,5.3,1.59,1,industrializacion
inédito,5.65,0.99,6.35,0.99,1,inedito
inefable,3.88,1.25,5.71,0.76,1,inefable
ineficacia,3.15,1.23,5.65,1.69,1,ineficacia
ineficaz,2.8,1.2,5.7,1.69,1,ineficaz
ineficiente,2.95,1.03,5.9,1.71,1,ineficiente
ineludible,4.6,0.83,5.28,1.49,1,ineludible
inercia,4.35,1.39,4.85,1.14,1,inercia
inercial,4.94,0.85,5.13,1.93,1,inercial
inerte,3.4,1.57,4.65,1.69,1,inerte
inesperado,6.1,1.74,6.6,1.6,1,inesperado
inestabilidad,2.25,1.02,6.8,1.58,1,inestabilidad
inestable,2.95,1.19,6.8,1.58,1,inestable
inestimable,4.95,1.32,5.58,1.46,1,inestimable
inevitable,4.7,1.89,6.7,1.81,1,inevitable
inexistencia,3.55,1.32,4.35,2.16,1,inexistencia
inexistente,3.75,1.07,4.85,2.41,1,inexistente
inexorable,4.72,1.13,6.07,1.44,1,inexorable
inexperiencia,3.05,1.1,6.35,1.14,1,inexperiencia
inexperta,4.3,1.08,6.3,1.03,1,inexperta
inexplicable,4.7,1.53,5.95,1.96,1,inexplicable
infalible,6.4,1.43,5.65,1.69,1,infalible
infame,3.15,1.18,6.33,1.28,1,infame
infamia,2.32,1.29,6.33,1.37,1,infamia
infancia,7.65,1.5,4.35,2.25,1,infancia
infanta,4.3,1.26,4.7,1.3,1,infanta
infante,4.4,1.64,5.65,1.14,1,infante
infantería,4.3,1.49,5.4,2.16,1,infanteria
infanticidio,1.94,1.14,7.41,1.46,1,infanticidio
infarto,1.4,0.68,7.35,2.35,1,infarto
infatigable,6.0,0.97,5.85,2.03,1,infatigable
infección,2.48,1.4,7.3,1.34,1,infeccion
infelicidad,2.15,1.93,7.05,1.32,1,infelicidad
infeliz,1.5,0.83,6.63,2.14,1,infeliz
inferencia,5.24,0.75,5.0,1.38,1,inferencia
inferior,3.05,1.4,5.35,1.66,1,inferior
inferioridad,2.1,1.21,6.4,1.47,1,inferioridad
inferir,4.78,1.66,5.45,1.23,1,inferir
infernal,2.25,1.52,7.3,1.3,1,infernal
infidelidad,1.7,0.98,7.9,1.25,1,infidelidad
infiel,1.65,1.27,7.18,1.26,1,infiel
infierno,2.4,2.09,7.0,1.75,1,infierno
infiltración,4.25,1.29,6.9,1.33,1,infiltracion
infinidad,5.9,1.33,5.65,1.53,1,infinidad
infinita,6.8,2.09,5.4,2.46,1,infinita
infinito,7.15,1.31,5.95,1.82,1,infinito
infinitud,6.3,1.59,5.32,1.45,1,infinitud
inflación,3.7,1.17,5.95,1.15,1,inflacion
inflamable,3.45,1.28,6.85,1.9,1,inflamable
inflamación,2.75,1.21,6.4,0.94,1,inflamacion
inflexible,2.65,1.14,6.45,1.36,1,inflexible
inflexión,4.63,1.83,5.35,1.27,1,inflexion
inflorescencia,4.71,0.73,4.47,1.59,1,inflorescencia
influencia,5.05,1.82,5.8,1.11,1,influencia
influir,5.15,1.69,5.7,1.03,1,influir
influjo,5.1,1.02,5.1,0.64,1,influjo
influyente,4.95,1.5,5.95,1.15,1,influyente
información,7.15,1.57,4.95,1.54,1,informacion
informal,5.7,1.08,4.8,1.32,1,informal
informar,6.0,1.21,4.85,1.04,1,informar
informática,5.6,1.23,4.6,1.6,1,informatica
informático,5.2,0.95,4.8,1.74,1,informatico
informativo,5.6,1.27,5.05,1.43,1,informativo
informe,4.65,1.09,5.5,1.85,1,informe
infortunio,3.2,1.28,6.7,1.34,1,infortunio
infracción,3.45,1.0,6.8,1.06,1,infraccion
infraestructura,5.1,0.45,4.75,1.25,1,infraestructura
inframundo,3.35,2.11,6.25,1.92,1,inframundo
infranqueable,5.45,1.76,5.7,1.3,1,infranqueable
infrarrojo,5.1,0.55,5.4,0.94,1,infrarrojo
infrecuente,5.3,0.73,5.6,1.14,1,infrecuente
infringir,3.1,1.21,6.55,1.19,1,infringir
infundir,4.85,1.18,5.3,1.26,1,infundir
infusión,6.05,1.43,2.4,1.5,1,infusion
ingeniera,6.05,1.36,5.0,1.3,1,ingeniera
ingeniería,4.75,1.25,5.25,0.85,1,ingenieria
ingeniero,6.05,1.39,4.7,1.69,1,ingeniero
ingenio,6.9,1.29,5.43,2.01,1,ingenio
ingenioso,7.05,1.1,5.8,2.12,1,ingenioso
ingente,4.7,1.06,4.75,1.06,1,ingente
ingenua,4.1,1.55,4.75,1.77,1,ingenua
ingenuidad,4.3,1.75,5.3,1.78,1,ingenuidad
ingenuo,3.9,2.13,4.75,1.89,1,ingenuo
ingerir,5.2,1.06,5.7,1.49,1,ingerir
ingesta,5.25,1.33,5.45,1.32,1,ingesta
ingestión,4.3,1.3,5.0,1.76,1,ingestion
ingles,6.0,1.38,5.85,1.46,1,ingles
inglés,5.85,1.79,5.6,1.47,1,ingles
inglesa,5.65,1.18,5.15,1.5,1,inglesa
ingratitud,3.0,1.75,6.65,1.69,1,ingratitud
ingrato,2.85,1.23,6.0,1.34,1,ingrato
ingrediente,6.4,1.19,4.3,1.81,1,ingrediente
ingredientes,6.3,1.42,5.0,1.75,1,ingredientes
ingresar,5.1,2.02,6.65,1.69,1,ingresar
ingreso,6.65,1.81,5.65,2.32,1,ingreso
inhabilitación,2.15,1.18,6.15,1.66,1,inhabilitacion
inhalación,4.5,0.76,5.6,1.98,1,inhalacion
inherente,4.72,1.02,5.26,1.56,1,inherente
inhibición,4.05,1.1,4.9,1.89,1,inhibicion
inhibir,4.25,1.83,5.25,1.33,1,inhibir
inhumano,2.55,1.79,6.7,1.87,1,inhumano
iniciación,7.05,1.47,5.15,1.69,1,iniciacion
iniciador,6.4,1.57,4.84,1.38,1,iniciador
inicial,6.0,1.56,4.95,0.83,1,inicial
iniciar,6.9,1.37,5.35,1.5,1,iniciar
iniciativa,7.35,1.27,6.15,1.5,1,iniciativa
inicio,6.95,1.61,4.55,2.06,1,inicio
inigualable,6.85,1.42,5.8,2.09,1,inigualable
inimaginable,5.05,2.37,5.5,1.7,1,inimaginable
inimitable,6.45,1.32,4.85,1.87,1,inimitable
ininterrumpida,4.75,1.29,5.5,0.95,1,ininterrumpida
iniquidad,4.0,2.0,5.09,0.7,1,iniquidad
injerencia,4.33,1.15,6.15,1.57,1,injerencia
injuria,2.89,1.18,7.1,0.97,1,injuria
injuriar,3.06,1.24,6.63,1.09,1,injuriar
injusticia,1.95,0.83,8.05,1.15,1,injusticia
injustificada,3.5,1.28,6.15,1.23,1,injustificada
injusto,2.4,1.27,7.35,1.31,1,injusto
inmaduro,2.9,1.17,6.4,1.5,1,inmaduro
inmanente,5.0,0.0,6.89,1.62,1,inmanente
inmaterial,4.55,1.36,4.8,1.4,1,inmaterial
inmediatez,5.35,1.39,5.6,1.57,1,inmediatez
inmediato,6.6,1.5,5.65,1.63,1,inmediato
inmemorial,4.78,1.4,4.68,1.2,1,inmemorial
inmensa,6.4,1.19,5.95,1.79,1,inmensa
inmensidad,6.5,1.36,6.6,1.9,1,inmensidad
inmersión,5.1,1.21,6.1,1.74,1,inmersion
inmerso,5.55,1.15,5.05,1.32,1,inmerso
inmigración,4.5,1.05,5.7,1.59,1,inmigracion
inmigrante,4.75,2.0,5.55,0.83,1,inmigrante
inminencia,5.21,1.62,5.74,1.59,1,inminencia
inminente,4.58,1.68,6.16,1.17,1,inminente
inmoral,2.9,1.48,6.78,1.98,1,inmoral
inmoralidad,2.5,1.36,6.55,1.15,1,inmoralidad
inmortal,7.2,1.36,6.2,1.28,1,inmortal
inmortalidad,6.5,2.14,5.7,2.49,1,inmortalidad
inmóvil,3.55,1.57,4.0,2.58,1,inmovil
inmovilidad,2.45,1.15,5.8,2.59,1,inmovilidad
inmovilismo,3.8,1.61,4.15,2.25,1,inmovilismo
inmueble,5.45,0.83,4.8,1.15,1,inmueble
inmunda,3.0,1.52,5.95,1.68,1,inmunda
inmune,6.9,1.12,4.6,2.06,1,inmune
inmunidad,6.75,1.86,4.75,2.24,1,inmunidad
inmunológico,6.15,1.6,5.25,1.52,1,inmunologico
inmutable,4.7,1.22,4.3,1.49,1,inmutable
innata,6.35,1.69,4.4,1.73,1,innata
innecesario,3.8,1.06,5.35,0.99,1,innecesario
innoble,2.76,1.3,5.41,1.58,1,innoble
innovación,7.05,0.83,5.5,2.14,1,innovacion
innovador,7.55,1.23,6.25,1.12,1,innovador
innovadora,7.25,0.91,5.95,1.96,1,innovadora
innovar,6.8,1.4,6.2,1.01,1,innovar
inocencia,6.3,1.53,3.5,1.88,1,inocencia
inocente,6.6,1.39,3.75,2.07,1,inocente
inofensivo,6.05,1.5,2.25,1.02,1,inofensivo
inolvidable,7.55,1.67,5.55,2.37,1,inolvidable
inoportuno,2.65,1.35,6.45,0.94,1,inoportuno
inoxidable,5.55,0.83,4.95,1.28,1,inoxidable
inquebrantable,5.15,2.39,5.8,1.74,1,inquebrantable
inquietante,4.0,1.56,7.05,1.54,1,inquietante
inquieto,4.5,1.7,7.35,1.25,1,inquieto
inquietud,3.5,1.28,7.1,1.33,1,inquietud
inquilino,4.9,0.72,5.5,0.89,1,inquilino
inquirir,4.63,1.09,5.88,1.22,1,inquirir
inquisición,2.45,1.88,7.4,1.64,1,inquisicion
inquisidor,3.2,1.36,6.15,1.18,1,inquisidor
insaciable,5.9,1.92,6.1,1.68,1,insaciable
insatisfacción,2.1,0.97,6.95,1.57,1,insatisfaccion
insatisfecho,2.5,1.1,6.35,1.9,1,insatisfecho
inscribir,5.65,1.09,5.55,1.23,1,inscribir
inscripción,5.5,0.69,5.65,1.14,1,inscripcion
insecto,4.38,1.63,6.28,1.58,1,insecto
inseguridad,2.25,1.07,7.2,1.4,1,inseguridad
inseguro,2.13,1.2,6.58,1.26,1,inseguro
inseminación,4.6,1.27,5.5,1.85,1,inseminacion
insensatez,2.65,1.35,6.15,2.11,1,insensatez
insensato,3.45,1.67,6.85,1.5,1,insensato
insensibilidad,2.65,1.23,6.6,1.27,1,insensibilidad
insensible,2.15,1.09,5.45,1.57,1,insensible
inserción,4.95,1.1,5.26,1.1,1,insercion
inserta,4.55,1.43,5.85,1.57,1,inserta
insertar,5.5,1.19,5.25,0.79,1,insertar
inservible,2.7,1.13,5.5,1.64,1,inservible
insigne,5.18,0.4,5.14,0.53,1,insigne
insignia,5.35,1.14,5.45,1.39,1,insignia
insignificante,3.15,1.73,4.3,1.84,1,insignificante
insinuación,5.85,1.39,6.5,1.0,1,insinuacion
insinuar,5.9,1.25,6.35,1.73,1,insinuar
insistencia,5.1,1.71,6.35,1.35,1,insistencia
insistente,4.65,1.79,5.85,1.69,1,insistente
insistir,4.25,1.65,6.5,0.95,1,insistir
insolencia,2.58,1.39,6.15,1.69,1,insolencia
insolente,3.18,1.2,6.26,1.33,1,insolente
insólito,6.11,1.41,6.26,1.15,1,insolito
insoluble,4.7,1.22,4.7,1.45,1,insoluble
insolvencia,3.47,1.23,6.33,1.08,1,insolvencia
insomnio,2.9,1.21,7.6,1.19,1,insomnio
insondable,4.63,1.54,5.22,1.52,1,insondable
insoportable,2.2,1.01,7.25,0.91,1,insoportable
insostenible,3.15,1.35,6.35,1.23,1,insostenible
inspección,3.8,1.2,7.0,1.08,1,inspeccion
inspeccionar,4.5,1.61,6.05,1.32,1,inspeccionar
inspector,4.25,1.29,5.95,1.43,1,inspector
inspira,7.05,1.32,5.05,1.93,1,inspira
inspiración,7.68,1.34,4.55,1.99,1,inspiracion
inspirado,7.38,1.31,5.28,2.47,1,inspirado
inspirador,7.63,1.01,4.65,2.28,1,inspirador
inspirar,6.8,1.45,4.13,1.92,1,inspirar
inspiro,6.55,1.43,4.2,1.64,1,inspiro
instalación,5.4,0.75,4.75,1.37,1,instalacion
instalador,5.1,0.85,4.65,1.18,1,instalador
instalar,5.8,1.36,4.65,1.53,1,instalar
instancia,5.33,0.91,4.5,1.54,1,instancia
instantánea,6.55,1.32,5.3,1.22,1,instantanea
instante,6.1,1.17,5.75,0.91,1,instante
instar,5.2,1.01,4.79,1.12,1,instar
instauración,4.95,0.78,5.25,1.12,1,instauracion
instaurar,5.3,1.17,5.4,1.1,1,instaurar
instintiva,6.5,1.64,5.75,1.48,1,instintiva
instinto,5.8,1.06,5.8,1.96,1,instinto
institución,4.9,1.25,4.8,1.64,1,institucion
institucional,4.75,0.64,5.2,1.64,1,institucional
institucionalización,4.68,1.0,4.8,1.06,1,institucionalizacion
instituir,5.45,1.28,5.1,1.21,1,instituir
instituto,5.25,2.34,5.4,1.82,1,instituto
institutriz,4.76,1.68,5.21,0.63,1,institutriz
instrucción,5.05,1.5,5.55,1.23,1,instruccion
instrucciones,4.85,1.14,4.85,2.11,1,instrucciones
instructor,5.6,1.27,5.3,1.53,1,instructor
instrumentación,5.1,1.21,5.65,1.04,1,instrumentacion
instrumental,6.1,1.41,4.45,1.47,1,instrumental
instrumento,6.4,1.35,4.1,2.1,1,instrumento
insuficiencia,3.0,1.59,6.6,1.54,1,insuficiencia
insuficiente,2.75,1.02,6.35,1.5,1,insuficiente
ínsula,5.42,1.07,5.61,1.42,1,insula
insular,4.56,1.42,5.05,1.22,1,insular
insulina,3.75,1.33,5.85,1.18,1,insulina
insultante,2.35,0.93,7.45,1.1,1,insultante
insultar,2.65,1.57,6.95,1.57,1,insultar
insulto,2.65,1.53,7.05,1.23,1,insulto
insuperable,5.45,2.74,6.05,1.96,1,insuperable
insurgencia,4.75,0.77,6.05,1.78,1,insurgencia
insurgente,4.54,1.66,5.59,1.28,1,insurgente
insurrección,4.56,1.62,6.16,1.83,1,insurreccion
intachable,6.0,1.62,4.45,2.11,1,intachable
intacta,6.55,1.5,3.95,1.47,1,intacta
intangible,4.65,1.35,4.95,1.61,1,intangible
íntegra,6.75,1.41,4.65,1.79,1,integra
integración,6.3,1.78,5.2,1.61,1,integracion
integrador,6.3,1.03,5.4,1.5,1,integrador
integral,5.35,1.35,5.1,1.45,1,integral
integrante,5.8,0.89,5.0,0.92,1,integrante
integrar,6.9,1.41,4.9,1.55,1,integrar
integridad,7.5,1.32,4.45,1.57,1,integridad
integrismo,6.25,1.94,4.68,1.2,1,integrismo
integrista,5.39,1.14,4.67,1.53,1,integrista
intelecto,6.63,1.39,5.4,1.76,1,intelecto
intelectual,7.65,0.99,5.0,2.15,1,intelectual
intelectualidad,6.5,1.4,5.26,1.63,1,intelectualidad
inteligencia,7.85,1.14,5.65,2.23,1,inteligencia
inteligente,7.8,1.44,5.85,2.03,1,inteligente
inteligible,5.11,2.64,4.95,1.47,1,inteligible
intemperie,4.3,1.66,6.21,0.92,1,intemperie
intención,6.3,1.34,5.55,1.61,1,intencion
intencional,5.15,1.14,5.75,0.72,1,intencional
intencionalidad,5.8,1.4,5.35,1.39,1,intencionalidad
intendencia,4.53,0.87,4.83,1.99,1,intendencia
intendente,4.76,1.15,5.13,1.78,1,intendente
intensa,5.7,1.38,7.15,1.5,1,intensa
intensidad,5.65,1.46,6.4,1.19,1,intensidad
intensificación,6.47,1.61,6.7,1.34,1,intensificacion
intensificar,5.7,1.17,6.45,1.15,1,intensificar
intensiva,5.05,1.5,6.45,1.7,1,intensiva
intentar,6.9,1.25,5.75,1.89,1,intentar
intento,5.8,1.11,5.7,1.53,1,intento
intentona,5.1,1.21,5.89,1.05,1,intentona
inter,5.13,0.62,5.0,1.17,1,inter
interacción,6.25,1.16,6.05,1.43,1,interaccion
interactiva,6.4,1.14,5.6,1.64,1,interactiva
interactividad,5.84,1.38,5.65,1.18,1,interactividad
interactuar,7.05,1.28,6.0,1.52,1,interactuar
interanual,5.0,0.32,4.79,1.08,1,interanual
intercambiar,6.3,1.17,5.85,1.14,1,intercambiar
intercambio,6.15,1.27,6.2,1.36,1,intercambio
interceder,5.21,1.32,5.6,1.6,1,interceder
interceptar,5.05,0.94,5.75,1.65,1,interceptar
intercesión,5.0,1.11,5.65,1.41,1,intercesion
interconexión,5.95,1.1,5.0,1.26,1,interconexion
intercultural,6.85,0.99,5.95,1.7,1,intercultural
interdependencia,5.6,1.5,5.6,1.98,1,interdependencia
interés,6.3,1.81,5.95,1.93,1,interes
interesado,5.45,1.61,5.8,1.61,1,interesado
interesante,7.2,1.64,6.15,1.73,1,interesante
interesar,6.6,1.43,6.1,1.89,1,interesar
interestelar,6.15,1.5,6.05,1.72,1,interestelar
interfaz,5.35,0.81,4.76,1.56,1,interfaz
interferencia,4.1,0.72,6.25,1.29,1,interferencia
interferir,4.2,1.47,5.9,1.25,1,interferir
interfono,5.16,0.96,4.89,1.45,1,interfono
interino,5.7,1.13,5.35,1.04,1,interino
interior,5.7,1.42,4.45,1.19,1,interior
interlocutor,5.25,0.55,4.65,1.53,1,interlocutor
intermediación,5.55,1.1,4.9,1.17,1,intermediacion
intermediario,5.65,1.14,4.85,1.42,1,intermediario
intermedio,5.05,0.76,4.8,1.15,1,intermedio
interminable,3.6,1.82,5.55,2.46,1,interminable
intermitente,4.9,1.17,5.65,1.23,1,intermitente
interna,4.8,1.06,4.6,1.39,1,interna
internacional,6.15,1.31,5.55,0.83,1,internacional
internacionalización,5.7,1.08,5.3,1.34,1,internacionalizacion
internamiento,3.5,1.32,6.0,1.75,1,internamiento
internet,7.35,1.53,5.1,1.74,1,internet
interpelación,5.57,1.65,4.82,0.81,1,interpelacion
interposición,4.21,1.08,5.65,1.09,1,interposicion
interpretación,5.8,1.11,5.75,0.97,1,interpretacion
interpretar,6.2,1.4,5.8,1.15,1,interpretar
interpretativa,5.6,0.94,5.05,1.32,1,interpretativa
intérprete,6.15,1.39,4.95,1.36,1,interprete
interrelación,6.16,1.57,4.7,1.08,1,interrelacion
interrogación,4.7,0.73,5.55,1.73,1,interrogacion
interrogante,4.35,0.75,6.55,1.32,1,interrogante
interrogar,4.45,1.47,6.95,1.15,1,interrogar
interrogatorio,2.85,1.31,6.5,1.5,1,interrogatorio
interrumpir,3.15,1.27,6.1,1.02,1,interrumpir
interrupción,3.1,1.33,6.6,0.99,1,interrupcion
interruptor,5.1,0.31,4.85,1.18,1,interruptor
intersección,4.63,0.96,5.7,1.42,1,interseccion
intervalo,5.0,0.73,4.65,1.73,1,intervalo
intervención,4.55,1.88,6.7,1.22,1,intervencion
intervencionismo,5.33,1.41,5.7,1.26,1,intervencionismo
intervenir,5.4,1.47,6.35,1.18,1,intervenir
interventor,5.63,1.01,6.11,1.23,1,interventor
intestinal,4.05,1.36,5.4,1.19,1,intestinal
intestino,4.9,0.91,4.7,1.59,1,intestino
intimidación,3.35,1.66,7.1,1.07,1,intimidacion
intimidad,6.9,1.65,3.95,2.28,1,intimidad
intimidar,3.0,0.92,6.7,1.34,1,intimidar
intimista,4.93,1.44,5.26,1.37,1,intimista
íntimo,6.78,1.35,5.2,2.45,1,intimo
intolerable,3.1,1.45,7.4,1.1,1,intolerable
intolerancia,3.0,1.21,6.9,1.37,1,intolerancia
intoxicación,1.95,1.05,7.35,0.99,1,intoxicacion
intranquilidad,2.2,1.01,7.45,1.36,1,intranquilidad
intransigencia,2.79,1.18,6.4,1.39,1,intransigencia
intransigente,2.75,1.07,6.85,1.04,1,intransigente
intrépido,5.1,1.77,6.1,1.77,1,intrepido
intriga,4.55,1.82,7.2,1.47,1,intriga
intrínseca,5.55,0.83,4.95,2.5,1,intrinseca
introducción,5.45,0.94,4.7,1.3,1,introduccion
introducir,5.55,0.89,5.3,0.86,1,introducir
intromisión,3.89,1.29,6.2,1.7,1,intromision
introspección,5.9,1.45,5.4,2.04,1,introspeccion
intrusión,3.16,1.42,7.21,1.36,1,intrusion
intruso,2.9,1.01,7.08,1.73,1,intruso
intuición,7.4,1.39,5.2,1.61,1,intuicion
intuir,6.35,1.09,5.7,1.45,1,intuir
intuitiva,7.05,1.1,5.45,1.43,1,intuitiva
inundación,2.75,1.39,7.4,1.43,1,inundacion
inundaciones,1.8,0.95,6.85,1.6,1,inundaciones
inundado,2.9,1.41,6.7,1.22,1,inundado
inundar,2.55,1.19,6.65,1.14,1,inundar
inusual,5.75,0.91,5.5,1.82,1,inusual
inútil,2.0,1.12,6.18,1.63,1,inutil
inutilidad,2.4,1.14,6.4,1.27,1,inutilidad
invadir,3.1,1.29,7.0,1.52,1,invadir
invalidez,2.2,1.24,6.15,1.6,1,invalidez
inválido,2.3,1.17,6.15,1.84,1,invalido
invariable,4.45,1.28,5.1,1.33,1,invariable
invasión,3.0,1.41,7.05,1.32,1,invasion
invasor,2.85,1.33,6.85,1.25,1,invasor
invencible,7.0,1.3,6.8,2.07,1,invencible
invención,5.4,1.47,5.3,1.17,1,invencion
inventar,7.05,1.23,5.5,0.95,1,inventar
inventario,4.25,1.16,5.0,1.26,1,inventario
inventiva,5.8,1.94,5.32,0.95,1,inventiva
invento,6.35,1.27,6.1,1.25,1,invento
inventor,7.0,1.08,5.55,1.73,1,inventor
invernadero,5.5,1.36,3.9,1.97,1,invernadero
invernal,5.75,1.59,4.3,2.32,1,invernal
inverosímil,4.3,1.78,5.85,1.23,1,inverosimil
inversa,4.8,0.95,4.65,1.23,1,inversa
inversión,5.65,1.42,5.9,1.68,1,inversion
inversor,5.3,1.08,5.45,1.85,1,inversor
invertir,5.53,1.11,5.63,1.67,1,invertir
investidura,4.95,0.78,5.85,1.04,1,investidura
investigación,6.8,1.28,5.85,1.81,1,investigacion
investigador,6.9,1.17,5.9,1.92,1,investigador
investigadora,6.4,1.05,5.45,1.99,1,investigadora
investigar,6.8,1.24,6.1,1.25,1,investigar
inviable,3.5,1.1,6.2,1.61,1,inviable
invicto,5.12,1.73,5.53,1.7,1,invicto
invierno,5.75,2.29,4.3,2.3,1,invierno
invierte,5.7,1.38,5.25,1.45,1,invierte
inviolabilidad,5.4,1.6,5.15,2.18,1,inviolabilidad
inviolable,5.1,1.48,4.65,2.21,1,inviolable
invisible,5.35,2.08,4.3,2.32,1,invisible
invitación,6.65,1.39,5.9,1.45,1,invitacion
invitada,6.45,0.89,5.65,1.95,1,invitada
invitar,7.5,1.4,5.25,1.71,1,invitar
invocación,3.9,1.21,5.9,1.25,1,invocacion
invocar,3.95,1.76,6.15,1.76,1,invocar
involucrar,4.55,1.43,6.2,1.01,1,involucrar
involuntario,4.15,1.09,5.1,1.55,1,involuntario
inyección,2.6,1.43,7.55,1.28,1,inyeccion
inyectar,3.05,1.5,6.7,1.59,1,inyectar
ion,5.37,1.16,5.28,1.45,1,ion
ir,5.4,0.75,5.15,1.04,1,ir
ira,2.5,1.43,7.75,1.55,1,ira
iraní,4.55,1.36,5.8,1.74,1,irani
iraquí,4.3,1.3,5.85,0.93,1,iraqui
irascible,3.74,1.66,6.8,1.01,1,irascible
iré,4.7,0.47,5.4,0.99,1,ire
iría,5.32,0.82,4.6,1.82,1,iria
iridio,5.2,0.45,4.73,1.1,1,iridio
iris,6.1,1.37,4.6,2.14,1,iris
irlandés,5.9,0.91,4.7,1.81,1,irlandes
irlandesa,5.5,0.95,5.1,1.65,1,irlandesa
ironía,5.9,2.0,6.2,1.44,1,ironia
irónico,5.65,1.57,5.8,1.47,1,ironico
irracional,3.5,1.73,6.6,1.14,1,irracional
irradiación,4.2,1.32,6.06,1.26,1,irradiacion
irradiar,5.65,2.23,6.42,1.26,1,irradiar
irreal,4.35,2.16,6.4,1.23,1,irreal
irregular,4.05,1.05,6.05,1.85,1,irregular
irregularidad,3.7,1.56,6.1,1.74,1,irregularidad
irrelevante,4.45,0.89,4.25,1.59,1,irrelevante
irrenunciable,4.35,1.66,5.55,1.7,1,irrenunciable
irreparable,2.8,1.01,6.6,0.99,1,irreparable
irreprochable,4.6,1.35,5.2,1.36,1,irreprochable
irresistible,7.45,1.15,6.35,1.66,1,irresistible
irresponsabilidad,3.0,1.12,6.5,1.47,1,irresponsabilidad
irresponsable,2.5,1.0,6.75,2.1,1,irresponsable
irreversible,3.25,1.65,6.3,2.13,1,irreversible
irrevocable,3.2,1.24,5.95,1.93,1,irrevocable
irrigación,4.87,1.3,5.29,1.1,1,irrigacion
irrita,2.5,1.32,6.95,1.28,1,irrita
irritación,2.3,1.17,7.3,1.17,1,irritacion
irritante,2.3,0.98,7.3,1.17,1,irritante
irrito,2.79,1.32,6.67,1.81,1,irrito
irrupción,3.16,1.12,5.85,1.14,1,irrupcion
isla,7.25,1.83,5.25,2.59,1,isla
islámico,4.35,1.14,6.4,1.57,1,islamico
islamismo,3.95,1.82,6.32,1.45,1,islamismo
islamista,3.9,1.41,6.65,1.79,1,islamista
islandés,6.0,1.59,4.47,1.39,1,islandes
islote,6.47,1.39,4.45,1.43,1,islote
isótopo,5.0,1.21,4.94,1.66,1,isotopo
israelí,4.5,1.15,5.7,1.08,1,israeli
istmo,4.58,1.62,4.92,1.44,1,istmo
italiana,6.55,1.39,4.9,1.59,1,italiana
italiano,5.85,1.5,5.65,2.16,1,italiano
itálica,5.65,1.11,4.95,1.27,1,italica
ítem,5.16,0.9,5.15,1.18,1,item
itinerante,5.15,0.93,5.32,0.89,1,itinerante
itinerario,5.42,0.96,5.21,1.27,1,itinerario
izar,4.93,1.39,5.33,0.65,1,izar
izquierda,5.45,1.47,4.35,2.13,1,izquierda
izquierdista,5.15,0.93,5.37,1.5,1,izquierdista
jabalí,6.0,1.45,6.21,1.23,1,jabali
jabalina,5.58,1.07,5.5,1.28,1,jabalina
jabón,5.8,1.11,3.6,1.35,1,jabon
jacinto,5.0,0.82,4.05,1.58,1,jacinto
jade,5.8,0.77,4.69,1.08,1,jade
jadeante,4.95,1.64,6.68,1.2,1,jadeante
jaguar,6.65,1.35,6.58,1.77,1,jaguar
jamás,2.6,1.43,6.0,2.15,1,jamas
jamón,7.6,1.35,4.7,1.56,1,jamon
japón,5.4,1.1,5.5,1.32,1,japon
japonés,5.3,1.03,5.5,1.0,1,japones
japuta,5.43,2.31,6.43,1.95,1,japuta
jaque,4.84,1.17,5.89,1.41,1,jaque
jaqueca,2.53,1.58,6.75,1.3,1,jaqueca
jarabe,4.55,2.04,5.95,1.39,1,jarabe
jardín,7.85,0.99,3.0,1.8,1,jardin
jardinería,6.85,1.31,3.9,1.62,1,jardineria
jardinero,5.7,0.98,3.85,2.01,1,jardinero
jarra,5.75,1.29,4.7,0.73,1,jarra
jarro,5.05,0.4,4.75,1.41,1,jarro
jaula,3.0,1.34,6.25,1.02,1,jaula
jazmín,6.9,1.25,3.15,1.95,1,jazmin
jazz,6.9,1.45,3.37,2.03,1,jazz
jefa,5.32,2.54,5.6,2.26,1,jefa
jefatura,4.1,1.29,6.15,1.04,1,jefatura
jefe,3.95,1.15,6.35,1.46,1,jefe
jengibre,5.37,1.07,4.5,1.24,1,jengibre
jeque,4.75,1.16,5.55,1.32,1,jeque
jerarquía,3.25,1.48,5.1,1.68,1,jerarquia
jerárquica,4.95,1.67,5.55,0.83,1,jerarquica
jerez,5.95,1.54,5.16,0.83,1,jerez
jerga,5.7,1.49,5.32,1.7,1,jerga
jersey,6.5,1.36,3.3,1.66,1,jersey
jesuita,4.45,0.89,5.1,1.29,1,jesuita
jet,6.61,1.38,5.35,1.81,1,jet
jilguero,6.0,1.17,4.11,1.66,1,jilguero
jineta,5.5,1.15,4.94,1.43,1,jineta
jinete,5.65,0.81,5.25,2.4,1,jinete
jirafa,6.65,1.53,4.85,1.42,1,jirafa
jornada,5.37,1.12,5.45,1.1,1,jornada
jota,6.2,1.4,5.05,1.1,1,jota
joven,7.98,1.14,5.3,2.11,1,joven
jovencita,6.9,1.17,4.75,1.74,1,jovencita
jovial,7.03,1.61,5.08,1.99,1,jovial
joya,6.45,1.34,4.95,1.43,1,joya
joyas,6.2,1.58,5.55,1.43,1,joyas
joyería,5.95,1.05,5.9,1.12,1,joyeria
joyero,6.15,1.09,5.75,1.89,1,joyero
jubilación,4.8,1.47,3.45,1.93,1,jubilacion
jubilado,4.65,2.01,3.2,1.58,1,jubilado
júbilo,6.46,1.82,5.55,1.93,1,jubilo
jubiloso,7.03,1.56,5.08,1.7,1,jubiloso
judaísmo,4.65,1.14,4.85,1.66,1,judaismo
judías,4.6,1.27,4.65,1.27,1,judias
judicatura,4.8,0.86,5.13,1.46,1,judicatura
judicial,4.05,1.23,6.45,1.61,1,judicial
judío,5.05,1.19,4.6,1.14,1,judio
judo,5.79,1.18,4.82,1.63,1,judo
juego,7.45,1.18,6.35,2.02,1,juego
juerga,7.3,1.45,6.7,1.75,1,juerga
juez,5.3,1.34,5.15,1.6,1,juez
jueza,5.15,1.63,6.15,1.35,1,jueza
jugada,5.55,1.19,5.7,1.84,1,jugada
jugador,5.85,1.04,5.65,1.27,1,jugador
jugadora,6.7,1.69,5.4,1.7,1,jugadora
jugar,7.8,1.15,6.15,2.28,1,jugar
jugo,5.68,1.49,4.75,1.52,1,jugo
juguete,7.85,1.18,5.0,2.21,1,juguete
juicio,3.1,1.45,6.75,1.29,1,juicio
juicioso,4.3,1.59,6.37,1.34,1,juicioso
julio,7.2,1.28,5.8,2.61,1,julio
jungla,5.1,1.29,6.8,1.51,1,jungla
junio,5.8,1.91,6.0,2.22,1,junio
junior,5.5,0.89,5.0,1.41,1,junior
júnior,5.35,0.88,5.15,1.18,1,junior
junta,5.25,1.29,4.95,1.36,1,junta
juntar,6.85,1.79,4.65,1.73,1,juntar
junto,6.4,1.14,5.05,1.61,1,junto
jura,4.95,1.36,6.15,1.04,1,jura
jurado,4.95,1.1,6.1,1.12,1,jurado
juramento,5.05,1.61,5.75,1.68,1,juramento
jurar,4.8,0.95,5.1,2.07,1,jurar
jurel,5.67,1.12,5.0,1.25,1,jurel
jurídicas,4.6,1.05,5.65,1.66,1,juridicas
jurídico,4.25,1.07,5.7,1.34,1,juridico
jurisconsulto,4.44,0.73,4.0,1.73,1,jurisconsulto
jurisdicción,4.8,1.06,5.25,1.68,1,jurisdiccion
jurisdiccional,4.68,1.0,5.53,1.02,1,jurisdiccional
jurisprudencia,4.59,1.28,5.17,1.15,1,jurisprudencia
jurisprudencial,4.65,1.11,5.12,1.65,1,jurisprudencial
jurista,4.9,1.17,5.84,1.5,1,jurista
juro,4.85,1.18,5.45,2.04,1,juro
justicia,6.85,1.6,5.65,2.11,1,justicia
justificación,5.2,1.7,5.15,1.57,1,justificacion
justificar,4.85,1.14,5.45,1.54,1,justificar
justiprecio,5.38,0.51,5.1,1.45,1,justiprecio
justito,5.05,1.28,5.45,1.76,1,justito
justo,7.15,1.46,4.7,1.89,1,justo
juvenil,6.45,1.23,5.25,2.05,1,juvenil
juventud,8.0,1.49,5.23,2.27,1,juventud
juzgado,3.85,1.27,6.3,1.17,1,juzgado
juzgar,2.95,1.15,6.9,1.12,1,juzgar
kaki,5.89,1.45,5.1,1.45,1,kaki
karate,6.55,1.57,6.4,2.01,1,karate
karma,6.15,1.84,4.85,2.11,1,karma
kayak,5.84,1.21,6.33,1.46,1,kayak
ketchup,5.35,1.53,4.9,0.9,1,ketchup
kilo,4.25,1.29,5.85,1.66,1,kilo
kilogramo,4.75,1.16,5.45,1.39,1,kilogramo
kilolitro,4.95,0.51,5.0,0.67,1,kilolitro
kilómetro,5.15,1.18,5.2,1.51,1,kilometro
kiwi,5.85,1.27,3.9,1.83,1,kiwi
koala,7.5,0.95,4.5,2.06,1,koala
kurdo,4.25,1.75,4.89,0.78,1,kurdo
laberinto,4.65,1.81,7.0,1.52,1,laberinto
labios,6.6,1.19,5.5,1.64,1,labios
labor,5.4,1.27,5.45,1.7,1,labor
laboral,5.45,1.32,5.7,2.18,1,laboral
laboratorio,5.6,1.5,4.9,1.48,1,laboratorio
laborioso,5.2,1.64,6.0,1.69,1,laborioso
laborismo,5.63,1.12,5.1,1.07,1,laborismo
laborista,5.67,0.97,5.0,1.65,1,laborista
labrador,6.35,1.6,5.55,1.79,1,labrador
labranza,4.88,0.99,5.0,1.86,1,labranza
lacayo,4.06,1.39,4.79,1.44,1,lacayo
lacra,3.15,1.35,5.95,1.27,1,lacra
lactancia,6.45,1.47,4.2,2.12,1,lactancia
lacustre,4.8,1.1,5.5,1.0,1,lacustre
ladera,6.15,1.09,3.4,1.57,1,ladera
lado,5.2,0.52,3.95,1.64,1,lado
ladrar,4.95,1.93,5.9,1.65,1,ladrar
ladrido,4.4,1.1,6.4,1.43,1,ladrido
ladrillo,4.55,1.0,5.1,0.79,1,ladrillo
ladrón,2.85,1.35,7.23,1.14,1,ladron
lagartija,5.25,1.59,6.2,1.61,1,lagartija
lagarto,4.9,1.25,5.75,1.41,1,lagarto
lago,6.68,1.23,3.1,1.71,1,lago
lágrima,3.05,1.61,5.9,2.4,1,lagrima
laguna,6.25,1.62,4.2,1.7,1,laguna
laicismo,5.07,1.44,4.78,1.7,1,laicismo
laico,5.58,1.02,3.9,1.55,1,laico
lambada,6.13,1.54,4.57,1.65,1,lambada
lambda,5.44,1.95,5.22,0.88,1,lambda
lamentable,2.55,1.32,6.05,1.85,1,lamentable
lamento,2.55,1.23,5.8,1.77,1,lamento
lamer,6.0,1.56,6.75,1.68,1,lamer
lámina,5.3,0.8,4.75,1.21,1,lamina
lámpara,5.35,0.75,4.1,1.62,1,lampara
lana,6.05,1.23,3.65,1.69,1,lana
lanar,5.5,0.97,3.94,1.6,1,lanar
lance,5.0,1.31,5.29,1.59,1,lance
lancha,5.6,0.99,5.7,1.03,1,lancha
langosta,5.9,1.97,4.4,1.19,1,langosta
lánguida,3.88,1.41,4.74,1.33,1,languida
lanza,4.5,0.89,6.2,1.32,1,lanza
lanzadera,4.35,1.09,6.35,1.46,1,lanzadera
lanzador,5.3,1.34,6.4,1.43,1,lanzador
lanzagranadas,2.45,1.47,7.05,1.79,1,lanzagranadas
lanzallamas,3.85,1.63,6.5,1.82,1,lanzallamas
lanzamiento,5.65,1.53,6.15,1.23,1,lanzamiento
lanzamisiles,2.25,1.21,7.45,1.82,1,lanzamisiles
lanzar,5.35,1.27,5.9,1.48,1,lanzar
lápida,1.35,0.59,6.75,2.0,1,lapida
lapidación,1.55,0.94,7.45,1.32,1,lapidacion
lapislázuli,6.23,1.17,3.69,2.3,1,lapislazuli
lápiz,5.9,1.17,4.28,1.47,1,lapiz
lapso,4.83,0.99,4.84,1.38,1,lapso
larga,4.75,1.62,5.35,1.18,1,larga
largo,5.25,0.85,5.05,1.36,1,largo
largometraje,6.1,1.33,5.2,1.7,1,largometraje
laringitis,2.9,1.55,6.6,0.75,1,laringitis
larva,4.1,1.77,6.26,1.05,1,larva
láser,5.15,1.04,5.45,1.5,1,laser
lástima,2.65,1.08,6.4,1.79,1,lastima
lastre,2.95,1.35,5.95,1.73,1,lastre
lata,5.15,0.88,5.05,0.69,1,lata
latente,5.53,1.65,5.2,1.15,1,latente
lateral,5.3,0.66,4.65,1.14,1,lateral
látex,5.35,0.88,5.65,1.39,1,latex
latido,6.6,1.5,5.05,2.04,1,latido
látigo,3.05,1.47,6.5,1.85,1,latigo
latín,5.7,1.17,4.75,2.07,1,latin
latina,5.95,1.39,5.6,1.7,1,latina
latino,6.15,1.5,5.35,1.87,1,latino
latinoamericano,5.45,1.43,4.8,1.51,1,latinoamericano
latir,7.45,1.57,5.5,2.65,1,latir
latitud,4.95,1.0,4.2,1.51,1,latitud
latón,5.0,1.12,4.75,0.45,1,laton
laúd,5.63,1.16,4.11,1.91,1,laud
laudo,5.4,0.89,5.71,1.7,1,laudo
laurel,5.8,1.06,3.55,1.32,1,laurel
lava,4.6,1.76,6.2,1.54,1,lava
lavabo,5.13,0.76,4.48,1.63,1,lavabo
lavado,6.0,1.3,3.45,1.7,1,lavado
lavanda,7.2,1.61,3.6,1.82,1,lavanda
lavandero,4.95,0.94,4.6,1.31,1,lavandero
lavar,5.85,1.84,4.05,1.05,1,lavar
lavavajillas,5.65,1.35,5.15,0.99,1,lavavajillas
laya,5.0,0.0,3.6,1.84,1,laya
lazo,6.45,1.43,4.65,1.63,1,lazo
lea,6.28,1.6,4.16,1.8,1,lea
leal,7.8,1.14,3.78,2.28,1,leal
lealtad,7.8,1.4,5.1,2.53,1,lealtad
lección,5.6,1.5,5.2,1.58,1,leccion
leche,6.35,1.31,3.95,1.7,1,leche
lechera,5.85,1.04,4.3,0.92,1,lechera
lechero,5.7,0.98,4.1,1.17,1,lechero
lecho,4.7,2.11,3.65,2.23,1,lecho
lechuga,5.9,1.17,3.85,1.42,1,lechuga
lechuza,6.15,1.27,4.85,1.6,1,lechuza
lector,6.55,1.47,4.25,2.43,1,lector
lectura,7.25,1.29,3.25,1.97,1,lectura
lecturas,6.35,1.31,3.95,1.64,1,lecturas
lee,7.5,1.4,3.58,1.74,1,lee
leer,7.0,1.38,3.5,2.33,1,leer
leeré,6.4,1.5,4.2,1.7,1,leere
legado,5.9,1.21,4.85,1.98,1,legado
legal,6.4,1.47,4.05,1.64,1,legal
legalidad,6.35,1.57,3.55,2.21,1,legalidad
legalización,5.9,1.33,4.8,1.82,1,legalizacion
legalizar,6.45,1.36,5.25,1.65,1,legalizar
legar,5.46,1.33,5.27,1.03,1,legar
legendario,6.9,1.41,6.05,1.61,1,legendario
legión,4.6,1.35,5.84,1.46,1,legion
legionario,4.79,1.81,6.2,1.79,1,legionario
legionela,2.94,1.7,6.77,1.64,1,legionela
legislación,4.0,1.26,5.2,1.36,1,legislacion
legislador,4.4,1.1,5.75,1.68,1,legislador
legislar,4.5,0.69,6.0,1.34,1,legislar
legislativo,4.8,1.01,5.15,0.49,1,legislativo
legislatura,4.6,1.1,5.58,1.8,1,legislatura
legítima,6.0,1.49,5.1,1.77,1,legitima
legitimación,5.1,0.72,5.5,1.24,1,legitimacion
legitimidad,5.75,1.25,5.3,1.72,1,legitimidad
legítimo,6.05,1.39,5.8,1.61,1,legitimo
lego,6.06,1.66,5.29,0.92,1,lego
legua,4.59,0.87,5.05,1.47,1,legua
lehendakari,4.0,1.37,5.7,1.16,1,lehendakari
lejanía,3.4,1.7,5.45,1.76,1,lejania
lejano,4.0,1.3,4.8,2.04,1,lejano
lejos,3.7,1.34,5.7,1.59,1,lejos
lema,5.79,0.92,5.35,1.5,1,lema
leña,5.65,1.04,4.45,1.73,1,lena
lengua,5.7,1.26,5.45,1.64,1,lengua
lenguado,5.4,1.1,4.8,0.83,1,lenguado
lenguaje,6.45,1.36,4.65,2.01,1,lenguaje
leño,5.18,1.13,4.61,1.46,1,leno
lenta,4.0,1.45,3.25,1.52,1,lenta
lente,5.4,1.23,4.6,1.43,1,lente
lentillas,4.9,0.91,4.8,1.64,1,lentillas
lentitud,3.05,1.23,3.1,1.65,1,lentitud
lento,3.75,1.15,3.7,2.09,1,lento
leo,5.55,1.19,4.63,1.95,1,leo
león,6.25,1.74,7.3,1.59,1,leon
leona,6.45,1.61,6.35,1.31,1,leona
leonés,5.3,0.66,5.0,0.73,1,leones
leopardo,5.95,1.82,6.9,1.71,1,leopardo
leotardo,5.25,1.12,4.6,0.99,1,leotardo
lepra,1.98,1.17,6.93,1.44,1,lepra
lesbiana,5.7,1.45,5.15,1.85,1,lesbiana
lesión,2.33,1.14,6.95,1.64,1,lesion
lesionar,2.3,1.13,6.65,1.81,1,lesionar
letargo,4.36,0.63,4.13,2.1,1,letargo
letra,5.75,1.02,4.15,1.42,1,letra
letrado,5.11,1.15,4.7,1.63,1,letrado
letrero,5.25,0.44,4.35,1.53,1,letrero
leucemia,1.65,1.14,7.0,1.38,1,leucemia
levadura,5.45,0.89,4.35,1.39,1,levadura
levantamiento,4.15,2.03,6.4,1.35,1,levantamiento
levantar,6.1,1.74,4.95,1.79,1,levantar
levante,5.9,1.21,4.3,1.75,1,levante
leve,5.9,1.59,3.25,1.33,1,leve
levita,5.73,0.88,5.26,2.21,1,levita
lexema,5.05,1.39,4.65,1.46,1,lexema
léxico,5.1,1.02,4.85,0.81,1,lexico
ley,4.65,1.63,5.5,1.32,1,ley
leyenda,5.9,1.02,5.08,2.03,1,leyenda
leyendas,6.2,1.24,5.7,1.81,1,leyendas
lía,4.84,1.68,4.6,1.3,1,lia
libanés,5.0,1.38,5.21,1.08,1,libanes
libélula,5.35,1.57,5.68,1.42,1,libelula
liberación,7.75,1.25,4.98,2.66,1,liberacion
liberal,7.15,1.53,4.8,2.04,1,liberal
liberalidad,6.58,1.64,5.0,2.15,1,liberalidad
liberalismo,6.4,1.35,5.95,1.61,1,liberalismo
liberalización,7.3,1.53,4.75,2.47,1,liberalizacion
liberalizar,7.0,1.3,5.45,2.04,1,liberalizar
liberar,7.6,1.31,5.65,2.46,1,liberar
libertad,8.6,0.71,4.68,2.8,1,libertad
libertador,6.35,1.84,5.0,1.17,1,libertador
libertario,6.06,1.26,5.35,1.73,1,libertario
libertinaje,5.22,1.7,6.42,1.3,1,libertinaje
libido,7.06,1.39,6.28,1.84,1,libido
libio,5.0,1.41,5.38,1.66,1,libio
libra,5.65,1.18,4.85,1.46,1,libra
librar,7.1,1.33,3.95,1.43,1,librar
libre,8.85,0.37,3.73,2.54,1,libre
librería,7.0,1.03,3.95,1.9,1,libreria
librero,5.95,1.32,3.65,1.46,1,librero
libreta,5.5,1.1,4.7,1.34,1,libreta
libreto,5.4,0.75,4.16,1.5,1,libreto
librito,6.25,1.33,3.8,1.28,1,librito
libro,6.85,1.31,4.0,2.36,1,libro
licencia,5.95,1.05,5.85,1.9,1,licencia
licenciada,7.55,1.47,5.35,2.5,1,licenciada
licenciado,6.8,1.28,4.98,1.82,1,licenciado
licenciar,6.9,1.29,5.3,2.13,1,licenciar
licenciatura,7.1,1.86,5.15,2.01,1,licenciatura
liceo,5.24,0.66,5.21,1.42,1,liceo
licitación,5.31,1.14,4.69,1.49,1,licitacion
lícito,5.53,1.43,4.8,1.4,1,licito
licor,5.55,1.32,6.6,1.1,1,licor
licuadora,5.2,0.83,5.3,2.11,1,licuadora
líder,6.35,1.93,6.3,1.54,1,lider
liderar,5.2,1.67,5.85,1.73,1,liderar
liderato,5.74,1.79,5.3,1.84,1,liderato
liderazgo,5.9,1.68,6.05,1.15,1,liderazgo
lidia,4.83,1.58,5.05,1.32,1,lidia
lidiar,4.45,1.1,5.9,1.62,1,lidiar
liebre,6.15,1.31,4.95,1.5,1,liebre
lienzo,6.65,0.99,3.95,1.76,1,lienzo
liga,5.15,0.93,5.7,1.54,1,liga
ligamento,4.7,1.34,5.45,1.47,1,ligamento
ligar,7.2,1.2,7.0,1.89,1,ligar
ligera,5.55,0.89,3.7,1.72,1,ligera
ligereza,6.15,1.04,4.0,1.59,1,ligereza
ligero,6.2,1.28,4.1,1.77,1,ligero
liguero,6.8,1.36,6.7,1.13,1,liguero
lija,4.7,0.57,5.3,1.66,1,lija
lijadora,4.25,1.16,5.65,1.35,1,lijadora
lila,6.1,1.45,4.4,1.67,1,lila
lilium,7.0,2.83,4.67,0.58,1,lilium
lilo,5.08,1.38,5.31,1.65,1,lilo
lima,5.65,0.67,4.7,1.53,1,lima
limbo,5.45,2.06,5.05,2.35,1,limbo
limeño,5.0,0.0,5.4,0.89,1,limeno
limitación,3.25,1.33,5.85,1.63,1,limitacion
limitar,3.75,1.12,5.85,1.39,1,limitar
límite,4.3,1.72,6.0,1.86,1,limite
limítrofe,4.8,0.92,5.0,1.7,1,limitrofe
limón,6.55,1.43,4.7,1.3,1,limon
limonada,7.8,1.15,3.2,1.96,1,limonada
limonero,6.6,1.54,4.6,1.35,1,limonero
limosna,3.9,1.74,5.55,1.7,1,limosna
limpiador,5.4,1.5,4.25,1.33,1,limpiador
limpiadora,5.3,0.73,4.8,0.89,1,limpiadora
limpiar,5.2,1.88,4.6,1.47,1,limpiar
limpieza,5.85,2.03,3.75,1.37,1,limpieza
limusina,6.05,1.15,5.65,1.23,1,limusina
linaje,6.0,1.25,4.6,1.57,1,linaje
lince,7.1,1.21,5.65,1.5,1,lince
linda,7.05,1.28,4.35,1.73,1,linda
lindar,5.18,0.73,4.69,1.08,1,lindar
lindo,7.5,1.1,5.55,1.9,1,lindo
línea,5.2,0.52,4.35,1.46,1,linea
lineal,4.7,1.22,4.1,2.0,1,lineal
linear,5.25,0.64,4.6,1.14,1,linear
lingüista,5.95,1.64,4.8,1.64,1,linguista
lingüística,5.6,1.6,5.0,1.86,1,linguistica
lino,5.9,1.07,4.35,1.18,1,lino
linterna,5.8,1.32,4.33,1.58,1,linterna
lío,4.1,1.25,7.05,0.94,1,lio
liquidación,5.7,1.59,5.85,1.66,1,liquidacion
liquidar,4.75,1.45,5.7,1.53,1,liquidar
liquidez,5.6,1.23,5.1,1.8,1,liquidez
líquido,5.9,0.97,4.45,1.43,1,liquido
lira,5.8,1.15,3.95,1.78,1,lira
lírica,5.65,1.14,4.3,1.49,1,lirica
lirio,6.16,1.12,3.9,1.45,1,lirio
lirismo,5.56,1.13,4.23,1.17,1,lirismo
lisa,5.2,0.62,4.05,1.43,1,lisa
liso,5.55,1.03,4.05,1.36,1,liso
lisonja,5.0,0.0,5.5,1.08,1,lisonja
lista,7.3,1.92,5.3,1.78,1,lista
listado,5.35,0.67,4.45,1.57,1,listado
listón,4.95,1.15,5.5,1.36,1,liston
litera,5.45,1.05,3.95,2.04,1,litera
literal,5.1,0.64,4.85,1.14,1,literal
literaria,6.2,1.24,4.05,1.54,1,literaria
literato,5.0,1.12,4.06,1.64,1,literato
literatura,7.15,1.66,4.15,2.11,1,literatura
litigio,4.71,0.49,5.5,1.16,1,litigio
litio,5.0,0.47,5.42,1.98,1,litio
litoral,6.3,1.53,4.7,2.32,1,litoral
litro,5.8,1.16,5.13,2.17,1,litro
lituano,5.37,1.57,4.55,1.43,1,lituano
liturgia,5.0,1.5,4.18,1.47,1,liturgia
litúrgico,3.78,1.63,4.75,1.69,1,liturgico
liviana,5.5,0.97,3.37,1.83,1,liviana
lívido,5.76,1.86,6.33,1.78,1,livido
llaga,3.15,0.99,5.8,1.54,1,llaga
llama,5.55,1.88,6.6,1.19,1,llama
llamamiento,5.55,1.19,6.5,1.47,1,llamamiento
llamar,5.7,1.03,5.3,1.03,1,llamar
llamarada,4.11,1.41,6.8,1.7,1,llamarada
llamativo,6.15,1.23,6.05,1.39,1,llamativo
llame,5.1,0.31,4.95,0.89,1,llame
llano,5.3,1.09,4.05,1.19,1,llano
llanto,2.3,1.17,6.85,1.46,1,llanto
llanura,5.8,1.2,3.2,1.44,1,llanura
llave,5.78,1.1,4.43,1.5,1,llave
llegada,6.25,1.16,4.6,1.85,1,llegada
llegar,6.0,1.52,5.1,1.41,1,llegar
llenado,5.55,1.15,4.85,1.63,1,llenado
llenar,6.3,1.66,5.0,1.89,1,llenar
lleno,5.25,1.71,5.4,2.04,1,lleno
llevar,6.05,1.32,5.0,1.3,1,llevar
llorar,2.25,1.02,6.05,2.14,1,llorar
lloriqueo,3.18,1.08,6.1,1.73,1,lloriqueo
lloro,2.85,1.81,6.4,2.04,1,lloro
llorón,3.6,1.47,6.35,0.81,1,lloron
llover,5.4,2.01,4.3,2.27,1,llover
llovizna,5.75,1.94,4.3,1.53,1,llovizna
lluvia,6.63,1.75,3.4,2.22,1,lluvia
lluviosa,5.65,2.03,3.85,2.11,1,lluviosa
loable,6.18,1.25,4.87,0.99,1,loable
lobo,5.95,1.82,6.7,1.78,1,lobo
lóbulo,5.15,0.99,4.85,0.81,1,lobulo
local,5.3,0.92,4.65,1.27,1,local
localidad,5.5,1.0,4.65,0.88,1,localidad
localización,5.35,0.59,4.95,1.7,1,localizacion
localizar,5.85,0.99,4.95,1.7,1,localizar
loco,4.08,1.86,6.7,1.22,1,loco
locomoción,5.6,0.99,6.0,1.69,1,locomocion
locomotora,5.35,1.04,6.1,1.45,1,locomotora
locución,5.2,1.06,4.84,1.21,1,locucion
locutor,6.1,1.37,4.35,2.06,1,locutor
lodo,3.8,1.44,5.3,1.42,1,lodo
logia,4.38,0.87,5.13,1.13,1,logia
lógica,6.8,1.36,5.3,1.89,1,logica
logística,5.15,1.39,4.95,1.23,1,logistica
logo,5.3,0.57,4.7,1.38,1,logo
logopeda,6.5,2.21,5.2,2.28,1,logopeda
logotipo,6.05,1.19,5.2,1.4,1,logotipo
lograr,7.35,2.01,6.2,2.14,1,lograr
logro,7.83,1.32,6.65,2.46,1,logro
loma,5.13,0.72,4.47,1.22,1,loma
lombarda,5.0,1.14,5.0,1.27,1,lombarda
lombriz,3.7,1.66,5.55,1.67,1,lombriz
lomo,6.0,1.45,4.75,1.59,1,lomo
lona,5.21,0.54,3.8,1.61,1,lona
londinense,6.4,1.27,4.85,1.9,1,londinense
loneta,4.69,1.01,5.0,1.2,1,loneta
longevidad,6.05,1.47,4.9,1.92,1,longevidad
longitud,5.2,0.83,5.1,0.85,1,longitud
longitudinal,5.0,0.46,4.55,1.39,1,longitudinal
loro,6.35,1.57,4.8,1.77,1,loro
losa,4.85,0.37,4.4,1.14,1,losa
lote,6.0,1.12,5.2,1.2,1,lote
lotería,6.55,1.76,6.63,1.43,1,loteria
loto,5.78,1.17,4.21,1.51,1,loto
loza,5.4,0.97,4.93,1.33,1,loza
lozana,5.69,1.18,4.57,1.28,1,lozana
lozanía,5.75,1.66,4.7,0.95,1,lozania
lubina,5.8,1.4,4.35,1.39,1,lubina
lucero,6.05,0.94,3.5,1.5,1,lucero
lucha,3.65,2.15,7.25,1.16,1,lucha
luchador,7.05,1.96,6.5,1.82,1,luchador
luchar,5.7,2.94,7.05,1.15,1,luchar
lucidez,6.7,1.22,4.45,2.52,1,lucidez
lúcido,6.4,1.31,5.2,2.12,1,lucido
luciérnaga,5.95,2.14,5.25,2.05,1,luciernaga
lucimiento,6.06,1.14,4.9,1.41,1,lucimiento
lucio,5.33,0.71,4.67,1.41,1,lucio
lucir,6.15,1.09,5.45,1.61,1,lucir
lucrativo,5.6,1.76,5.78,0.81,1,lucrativo
lucro,4.63,1.71,6.5,1.34,1,lucro
lúdico,6.2,1.44,5.6,1.9,1,ludico
luego,4.7,0.92,5.35,1.14,1,luego
lugar,6.05,1.39,4.5,1.5,1,lugar
lugarteniente,4.57,1.34,5.39,1.65,1,lugarteniente
lúgubre,3.39,1.75,6.06,1.43,1,lugubre
lujo,7.28,1.41,5.45,1.96,1,lujo
lujoso,6.25,1.41,5.5,1.91,1,lujoso
lujuria,5.85,2.08,7.25,1.24,1,lujuria
lumbago,3.3,1.22,6.35,1.39,1,lumbago
lumbre,6.84,1.3,3.95,2.28,1,lumbre
luminosa,6.65,0.88,5.1,2.02,1,luminosa
luminosidad,7.05,1.43,4.3,1.87,1,luminosidad
luna,7.65,1.39,2.95,1.93,1,luna
lunar,6.3,1.3,4.4,2.23,1,lunar
lupa,5.1,0.85,5.1,1.21,1,lupa
lupus,2.79,1.69,6.23,2.09,1,lupus
luso,5.11,0.33,4.92,1.16,1,luso
lustre,5.67,1.11,5.25,1.29,1,lustre
lustro,5.26,1.28,4.65,1.66,1,lustro
luto,1.65,1.04,6.9,1.86,1,luto
luxemburguesa,5.0,1.0,4.79,0.98,1,luxemburguesa
luz,7.1,1.48,4.45,1.67,1,luz
lycra,5.1,1.29,5.05,1.05,1,lycra
macabro,2.55,1.93,6.7,1.84,1,macabro
macarena,6.32,1.25,5.9,1.94,1,macarena
macedonio,5.26,1.05,4.65,1.27,1,macedonio
maceta,5.7,0.98,4.3,0.92,1,maceta
machacar,2.8,1.32,6.45,1.7,1,machacar
machete,3.58,1.8,6.89,1.41,1,machete
machista,1.8,0.7,7.85,0.99,1,machista
macho,5.1,0.79,4.8,2.09,1,macho
maciza,6.0,1.17,5.35,1.87,1,maciza
macizo,5.85,1.09,5.9,1.71,1,macizo
madame,5.59,1.28,5.25,1.59,1,madame
madera,6.1,1.37,3.95,1.32,1,madera
maderera,5.06,0.43,5.06,1.06,1,maderera
madrastra,3.8,1.4,6.0,1.3,1,madrastra
madre,8.4,0.93,4.3,2.77,1,madre
madreperla,5.78,2.39,5.0,0.58,1,madreperla
madreselva,5.95,1.32,4.88,1.67,1,madreselva
madridista,5.6,1.98,5.3,1.81,1,madridista
madrigal,5.17,0.51,5.0,0.71,1,madrigal
madriguera,5.9,1.55,5.25,1.41,1,madriguera
madrileño,5.4,1.43,5.35,0.88,1,madrileno
madrina,6.4,1.35,4.45,1.96,1,madrina
madroño,5.45,0.69,4.69,1.03,1,madrono
madrugada,6.5,1.43,6.15,1.73,1,madrugada
madura,6.65,1.42,5.0,1.65,1,madura
maduración,6.85,1.18,5.05,1.47,1,maduracion
madurar,7.35,1.69,4.45,1.88,1,madurar
madurez,6.25,1.33,4.95,1.93,1,madurez
maduro,6.55,1.39,4.85,2.01,1,maduro
maese,5.0,0.71,4.67,1.8,1,maese
maestra,5.9,0.97,4.6,1.64,1,maestra
maestre,5.39,0.92,5.16,1.01,1,maestre
maestría,7.45,1.54,6.0,1.49,1,maestria
maestro,6.65,1.39,5.05,1.5,1,maestro
mafia,2.2,1.11,6.95,1.43,1,mafia
magdalena,7.25,1.48,4.0,1.72,1,magdalena
magenta,6.15,1.18,4.65,1.76,1,magenta
magia,7.35,1.5,6.6,1.54,1,magia
mágico,7.45,1.2,5.75,2.35,1,magico
magisterio,5.85,1.6,4.5,1.73,1,magisterio
magistrada,5.45,1.0,5.1,0.97,1,magistrada
magistrado,5.35,1.27,5.2,0.62,1,magistrado
magistral,6.35,1.18,4.92,1.66,1,magistral
magistratura,5.26,0.81,5.44,1.59,1,magistratura
magma,4.72,0.57,5.72,2.14,1,magma
magna,6.1,2.13,5.0,1.06,1,magna
magnánimo,6.0,1.21,5.58,1.68,1,magnanimo
magnate,4.9,1.71,5.44,1.5,1,magnate
magnesio,4.9,0.31,5.25,1.33,1,magnesio
magnético,5.55,1.1,5.2,1.47,1,magnetico
magnetismo,5.6,1.23,5.4,1.54,1,magnetismo
magnicidio,3.22,1.79,6.8,1.82,1,magnicidio
magnificencia,6.06,1.0,5.33,1.91,1,magnificencia
magnífico,8.15,1.04,6.3,2.13,1,magnifico
magnitud,5.2,0.77,5.95,1.7,1,magnitud
magnolia,5.63,0.9,4.83,1.58,1,magnolia
mágnum,6.06,1.39,5.5,1.91,1,magnum
mago,7.05,1.61,5.7,1.59,1,mago
magrebí,4.6,0.94,5.8,1.4,1,magrebi
mahonesa,5.25,1.59,4.15,1.6,1,mahonesa
maillot,5.67,1.14,5.0,0.84,1,maillot
maiz,5.9,1.07,4.3,1.75,1,maiz
maíz,5.65,0.75,4.6,1.05,1,maiz
majada,5.67,1.75,4.93,0.92,1,majada
majestad,4.65,1.84,5.05,2.06,1,majestad
majestuoso,7.15,1.23,5.15,2.28,1,majestuoso
mal,2.1,0.91,7.4,1.05,1,mal
mala,3.1,1.65,6.6,1.27,1,mala
malagueño,5.9,1.33,5.2,1.79,1,malagueno
malaquita,5.11,0.6,4.33,1.32,1,malaquita
malaria,1.55,0.83,6.7,1.75,1,malaria
maldad,2.0,1.03,7.15,1.27,1,maldad
maldición,2.5,1.28,7.2,1.32,1,maldicion
maldita,2.8,1.2,6.6,1.57,1,maldita
maldito,2.95,1.76,6.3,1.53,1,maldito
maleducado,2.48,1.18,7.35,1.31,1,maleducado
malentendido,2.65,1.09,6.1,1.07,1,malentendido
malestar,2.35,1.27,7.25,1.25,1,malestar
maleta,6.4,1.7,5.45,2.35,1,maleta
maletero,5.13,0.76,5.0,1.09,1,maletero
maletín,5.75,1.48,4.4,1.96,1,maletin
maleza,3.65,1.69,5.55,1.67,1,maleza
malicia,2.13,1.2,6.85,1.17,1,malicia
malicioso,2.05,1.1,6.8,1.4,1,malicioso
maligno,2.1,1.41,6.9,1.33,1,maligno
malla,5.35,0.67,4.4,0.94,1,malla
mallorquín,5.45,0.94,5.35,1.18,1,mallorquin
malnutrición,2.0,1.03,7.1,1.86,1,malnutricion
malta,5.42,1.17,4.7,1.42,1,malta
maltratar,1.65,0.99,7.95,1.19,1,maltratar
maltrato,1.65,0.81,7.45,1.87,1,maltrato
malva,6.0,1.41,4.37,1.92,1,malva
malvado,2.41,1.35,6.75,2.07,1,malvado
malversación,3.11,1.45,6.69,1.4,1,malversacion
mama,8.5,1.0,3.95,2.67,1,mama
mamá,7.8,1.44,3.45,2.44,1,mama
mambo,6.4,1.23,5.35,2.25,1,mambo
mampostería,5.08,0.29,5.0,0.67,1,mamposteria
mamut,6.05,1.19,5.9,1.74,1,mamut
maña,5.79,0.85,4.65,1.5,1,mana
manada,5.75,1.29,5.7,1.69,1,manada
mánager,5.7,1.13,5.65,0.88,1,manager
mañana,6.2,1.44,5.15,1.53,1,manana
manantial,7.65,1.42,2.9,1.77,1,manantial
mancebo,4.78,1.09,4.44,1.13,1,mancebo
mancha,3.05,1.5,6.45,1.19,1,mancha
manchego,5.35,1.04,4.7,1.08,1,manchego
manco,2.85,1.31,5.16,1.38,1,manco
mancomunidad,4.75,1.44,5.0,0.5,1,mancomunidad
mandada,4.06,1.43,5.06,1.21,1,mandada
mandado,4.3,1.03,5.15,1.31,1,mandado
mandamiento,4.0,1.72,5.5,1.79,1,mandamiento
mandar,4.4,1.64,7.15,1.42,1,mandar
mandarín,5.5,1.05,4.35,1.27,1,mandarin
mandarina,6.65,1.42,4.4,1.54,1,mandarina
mandatario,3.95,1.68,5.95,1.19,1,mandatario
mandato,4.25,0.97,6.15,1.5,1,mandato
mandé,4.7,1.17,5.55,1.47,1,mande
mandíbula,5.0,1.08,4.85,1.42,1,mandibula
manejable,5.35,1.73,5.3,1.78,1,manejable
manejar,5.35,1.42,5.0,1.3,1,manejar
manejo,5.5,1.19,4.95,1.19,1,manejo
manera,5.5,0.91,4.75,1.3,1,manera
manga,5.6,1.14,4.75,1.37,1,manga
manganeso,4.85,0.59,4.07,1.62,1,manganeso
mango,5.6,0.99,4.6,1.64,1,mango
manguera,5.38,0.87,4.68,1.42,1,manguera
maní,5.7,0.95,4.45,1.51,1,mani
manía,3.45,1.28,6.9,0.97,1,mania
maníaco,2.38,1.48,7.43,1.15,1,maniaco
manicomio,2.65,1.98,6.95,1.47,1,manicomio
manifestación,5.05,1.57,7.15,1.31,1,manifestacion
manifestar,6.05,1.47,6.4,1.47,1,manifestar
manifiesto,5.4,1.27,5.1,1.17,1,manifiesto
maniobra,5.05,0.69,6.1,1.45,1,maniobra
manipulación,2.65,1.76,6.95,1.0,1,manipulacion
manipular,2.3,1.38,6.0,1.69,1,manipular
maniquí,4.9,0.96,4.95,1.61,1,maniqui
manjar,7.3,1.59,5.1,2.02,1,manjar
mano,5.88,1.32,4.7,1.45,1,mano
manojo,4.84,0.5,4.75,1.62,1,manojo
manopla,5.1,0.85,4.5,1.47,1,manopla
manosear,4.55,1.97,6.48,1.5,1,manosear
mansedumbre,4.14,0.86,4.58,2.31,1,mansedumbre
mansión,6.15,1.95,5.9,1.65,1,mansion
manso,5.41,1.29,3.26,1.7,1,manso
manta,6.9,1.65,2.9,1.37,1,manta
manteca,4.8,0.89,4.95,0.69,1,manteca
mantel,5.35,0.67,4.6,0.88,1,mantel
mantener,5.55,1.0,4.95,1.19,1,mantener
mantenida,3.4,1.47,5.4,2.16,1,mantenida
mantenimiento,5.4,1.05,4.15,1.66,1,mantenimiento
mantequilla,5.7,1.22,4.65,1.39,1,mantequilla
mantillo,4.86,1.03,4.07,1.54,1,mantillo
mantis,5.1,1.25,6.11,1.23,1,mantis
manto,5.4,0.99,4.0,1.49,1,manto
manual,5.9,1.37,3.85,1.63,1,manual
manufactura,5.2,0.77,4.8,1.11,1,manufactura
manufacturera,4.6,0.68,5.12,1.11,1,manufacturera
manuscrito,5.5,1.05,4.75,1.94,1,manuscrito
manutención,4.25,1.59,5.3,1.53,1,manutencion
manzana,6.15,1.42,4.2,1.36,1,manzana
manzanilla,5.4,1.27,2.75,1.74,1,manzanilla
manzano,6.15,1.35,3.9,1.25,1,manzano
mapa,5.95,1.47,5.0,1.59,1,mapa
mapache,6.5,1.4,5.6,1.57,1,mapache
maqueta,5.75,1.12,4.8,1.54,1,maqueta
maquillaje,6.35,1.79,4.45,1.9,1,maquillaje
máquina,5.5,1.0,5.15,1.27,1,maquina
maquinaria,4.95,0.69,4.7,1.45,1,maquinaria
maquinilla,5.05,1.05,5.03,1.23,1,maquinilla
maquinista,5.1,1.37,4.95,1.73,1,maquinista
mar,8.05,1.5,2.9,2.59,1,mar
maracas,6.1,1.07,6.37,1.54,1,maracas
maracuyá,5.56,0.86,4.89,1.41,1,maracuya
maraña,4.13,1.88,5.95,1.1,1,marana
maratón,5.6,0.94,6.5,1.61,1,maraton
maravedí,5.2,0.45,4.82,0.98,1,maravedi
maravilla,7.65,1.14,5.6,2.39,1,maravilla
maravillosa,7.95,1.19,5.65,2.58,1,maravillosa
maravilloso,8.55,0.76,4.25,2.9,1,maravilloso
marca,6.05,1.47,5.25,0.72,1,marca
marcador,5.25,0.85,5.7,1.26,1,marcador
marcar,5.45,1.19,5.6,1.5,1,marcar
marcha,5.2,2.04,5.45,1.7,1,marcha
marchar,4.7,1.87,5.8,2.02,1,marchar
marchita,3.0,1.12,4.75,1.8,1,marchita
marcial,5.0,0.61,5.89,0.99,1,marcial
marciana,4.95,0.94,5.05,1.96,1,marciana
marco,5.7,1.34,4.85,0.67,1,marco
marea,6.2,1.82,5.2,1.96,1,marea
mareado,2.78,1.17,6.0,2.0,1,mareado
marejada,5.19,1.64,5.62,0.77,1,marejada
maremoto,2.35,1.09,7.65,1.42,1,maremoto
marengo,4.86,0.38,5.08,1.73,1,marengo
mareo,3.2,1.28,6.8,1.01,1,mareo
marfil,4.15,1.57,4.7,1.59,1,marfil
margarita,7.2,1.24,3.4,2.21,1,margarita
margen,4.9,1.21,4.85,1.14,1,margen
marginación,1.6,0.75,6.75,1.07,1,marginacion
marginal,1.75,0.85,6.6,1.67,1,marginal
marginalidad,2.25,1.89,6.45,2.04,1,marginalidad
marido,6.25,1.45,5.55,2.11,1,marido
marihuana,5.75,1.59,5.7,2.15,1,marihuana
marina,5.6,1.14,4.05,1.88,1,marina
marinero,6.2,1.44,4.45,2.5,1,marinero
marino,5.9,1.25,4.15,2.23,1,marino
marioneta,4.7,2.0,5.05,1.93,1,marioneta
mariposa,6.98,1.37,3.6,2.16,1,mariposa
mariquita,5.9,1.86,4.95,1.73,1,mariquita
mariscal,5.81,1.76,4.85,1.18,1,mariscal
marisma,5.16,0.83,4.67,1.5,1,marisma
marítima,5.65,1.66,4.25,1.45,1,maritima
marítimo,6.2,1.4,4.6,2.06,1,maritimo
marketing,5.2,0.95,5.1,1.02,1,marketing
mármol,5.3,1.45,4.9,1.59,1,marmol
marqués,4.9,1.33,5.35,1.18,1,marques
marquesa,4.35,1.35,5.0,1.41,1,marquesa
marquesado,4.46,1.05,5.33,0.84,1,marquesado
marrón,4.05,1.32,5.4,1.47,1,marron
marroquí,4.95,0.6,5.5,1.47,1,marroqui
marta,5.5,1.82,5.28,1.27,1,marta
martillo,4.58,1.06,5.73,1.3,1,martillo
martín,6.15,1.81,4.47,1.17,1,martin
martini,6.4,1.39,6.15,1.95,1,martini
mártir,3.11,1.33,5.58,1.43,1,martir
martirio,2.0,1.34,7.16,1.54,1,martirio
marxismo,5.05,1.54,6.1,1.65,1,marxismo
marxista,4.11,1.52,5.5,1.61,1,marxista
marzo,6.5,1.4,4.6,1.35,1,marzo
más,6.6,1.14,5.9,1.33,1,mas
masa,4.7,1.22,4.65,1.5,1,masa
masacre,1.3,0.57,6.9,2.15,1,masacre
masaje,7.95,1.43,1.95,1.47,1,masaje
masajista,7.1,1.41,2.5,1.96,1,masajista
máscara,5.15,1.18,5.9,1.68,1,mascara
mascota,7.95,1.13,4.48,2.21,1,mascota
masculino,6.1,1.41,5.4,1.85,1,masculino
masía,5.61,1.38,4.81,1.91,1,masia
masiva,4.7,1.13,6.7,1.13,1,masiva
masón,4.54,2.03,4.4,0.84,1,mason
masonería,4.54,0.97,5.54,0.97,1,masoneria
master,5.7,1.59,6.3,1.59,1,master
máster,6.8,1.32,7.05,1.23,1,master
mástil,5.25,1.33,4.7,1.17,1,mastil
masturbación,5.85,2.03,7.75,2.02,1,masturbacion
masturbarse,6.26,1.69,7.63,1.19,1,masturbarse
mata,3.5,2.16,6.1,2.22,1,mata
matadero,2.15,1.63,7.25,1.33,1,matadero
matador,2.9,2.05,7.25,1.16,1,matador
matanza,2.4,1.91,7.38,1.35,1,matanza
matar,1.35,0.59,7.95,1.1,1,matar
mate,5.6,0.75,5.0,1.41,1,mate
matear,4.45,1.51,5.14,0.69,1,matear
matemáticas,4.0,2.29,6.25,1.52,1,matematicas
matemático,5.2,1.67,5.4,1.64,1,matematico
materia,5.65,1.14,4.7,1.3,1,materia
material,5.2,0.88,4.5,1.26,1,material
materialismo,3.4,1.67,5.5,1.1,1,materialismo
materialista,2.85,1.39,6.3,1.22,1,materialista
materialización,4.7,0.86,5.6,1.14,1,materializacion
materializar,5.05,1.23,5.1,1.37,1,materializar
materna,7.4,1.1,3.95,2.09,1,materna
maternal,7.3,1.69,3.6,2.09,1,maternal
maternidad,7.95,1.15,5.3,2.45,1,maternidad
matinal,6.17,1.2,4.16,1.61,1,matinal
matiz,5.1,0.55,4.95,1.23,1,matiz
mato,2.37,1.46,7.06,1.63,1,mato
matorral,5.3,1.17,4.25,1.25,1,matorral
matrícula,6.4,2.04,5.7,2.34,1,matricula
matriculación,6.15,1.23,6.6,1.35,1,matriculacion
matrimonial,5.65,1.9,6.1,1.62,1,matrimonial
matrimonio,6.55,1.73,4.45,2.42,1,matrimonio
matriz,4.4,1.23,4.9,1.33,1,matriz
matrona,7.0,1.86,5.1,1.86,1,matrona
matutino,5.05,1.54,4.55,2.09,1,matutino
mausoleo,3.88,1.8,4.75,1.77,1,mausoleo
maxilar,4.8,0.77,5.4,1.19,1,maxilar
máxima,6.4,1.5,5.95,1.23,1,maxima
máxime,6.0,1.27,5.58,1.17,1,maxime
maximizar,6.85,1.39,6.0,1.12,1,maximizar
máximo,6.25,1.59,5.75,2.02,1,maximo
maya,5.45,0.89,4.25,1.74,1,maya
mayo,6.3,1.63,5.2,2.26,1,mayo
mayor,5.95,1.0,5.95,1.23,1,mayor
mayorazgo,5.28,0.96,5.65,1.46,1,mayorazgo
mayordomo,5.0,1.52,3.45,1.9,1,mayordomo
mayoría,5.65,1.18,5.3,1.38,1,mayoria
mayoritario,5.35,0.99,6.15,1.14,1,mayoritario
mayúscula,5.7,0.98,5.1,1.21,1,mayuscula
maza,4.05,0.76,5.84,1.26,1,maza
mazmorra,3.1,1.25,6.95,1.28,1,mazmorra
mazo,4.55,1.15,5.5,1.5,1,mazo
meandro,5.27,0.46,4.81,1.05,1,meandro
meca,4.85,1.04,5.11,0.99,1,meca
mecánica,5.3,1.03,5.15,1.35,1,mecanica
mecánico,4.95,0.94,5.2,1.54,1,mecanico
mecanismo,5.05,0.39,5.4,0.88,1,mecanismo
mecanizado,4.75,1.07,4.8,1.64,1,mecanizado
mecano,5.88,1.45,4.74,1.59,1,mecano
mecanógrafo,5.1,0.64,4.63,1.5,1,mecanografo
mecedora,6.4,1.05,3.3,1.84,1,mecedora
mecer,6.21,1.36,2.7,1.56,1,mecer
mecha,5.6,1.47,5.42,1.39,1,mecha
mechero,4.55,1.39,5.75,1.12,1,mechero
mechón,5.5,0.89,4.6,1.19,1,mechon
medalla,7.2,1.24,5.9,1.45,1,medalla
medallero,5.72,1.6,4.84,1.12,1,medallero
medallón,5.45,0.94,5.25,1.25,1,medallon
media,4.9,0.64,4.95,1.23,1,media
mediación,5.85,1.31,3.95,1.32,1,mediacion
mediador,6.15,0.93,4.6,1.43,1,mediador
mediana,5.25,0.72,4.7,0.98,1,mediana
medianoche,6.45,1.43,3.6,1.98,1,medianoche
mediar,5.85,1.09,4.9,1.17,1,mediar
medias,5.45,0.89,4.35,1.63,1,medias
mediático,4.7,1.13,5.85,2.16,1,mediatico
médica,6.45,1.73,5.25,1.68,1,medica
medicación,3.55,2.21,5.05,2.09,1,medicacion
medicamento,4.25,1.74,5.5,2.04,1,medicamento
médicas,5.58,1.64,5.25,2.47,1,medicas
medicina,6.75,1.51,4.6,1.54,1,medicina
medicinal,6.6,1.88,4.9,1.62,1,medicinal
medición,5.15,1.23,4.35,1.46,1,medicion
médico,6.0,2.22,5.8,1.94,1,medico
medida,4.95,0.83,4.5,1.05,1,medida
medidor,5.3,1.13,5.1,0.79,1,medidor
medieval,5.9,1.48,4.85,1.39,1,medieval
medio,5.4,0.99,4.5,1.15,1,medio
medioambiental,6.1,1.52,4.4,1.93,1,medioambiental
medioambiente,6.25,1.55,4.0,2.18,1,medioambiente
mediocampista,4.95,1.23,3.9,1.45,1,mediocampista
mediocre,2.95,1.43,6.1,1.25,1,mediocre
mediocridad,2.65,1.39,6.4,1.5,1,mediocridad
mediodía,6.2,1.28,4.95,1.76,1,mediodia
medir,5.7,1.3,4.75,0.91,1,medir
meditación,7.35,1.18,2.35,1.81,1,meditacion
meditar,5.75,1.48,2.75,1.65,1,meditar
mediterráneo,6.8,1.36,3.55,2.06,1,mediterraneo
médula,4.8,1.24,6.1,1.25,1,medula
medular,4.5,1.05,5.15,1.31,1,medular
medusa,3.68,1.89,6.4,1.88,1,medusa
mejilla,6.3,1.34,4.5,1.5,1,mejilla
mejor,7.7,0.98,4.95,2.52,1,mejor
mejora,7.55,1.23,4.5,1.61,1,mejora
mejoramiento,6.79,1.65,5.11,1.94,1,mejoramiento
mejorar,7.35,1.44,5.18,1.71,1,mejorar
mejoría,7.55,1.1,4.95,1.82,1,mejoria
mejoro,8.05,1.05,5.3,2.25,1,mejoro
melancolía,2.85,1.39,5.0,2.51,1,melancolia
melancólico,3.0,1.75,5.0,2.49,1,melancolico
melena,7.35,1.31,4.65,1.63,1,melena
mella,3.94,1.25,6.0,1.03,1,mella
melocotón,7.5,1.1,4.35,1.35,1,melocoton
melocotonero,6.2,1.28,4.2,1.4,1,melocotonero
melodía,7.88,0.99,2.98,1.89,1,melodia
melódica,6.45,1.99,4.05,2.72,1,melodica
melódico,7.3,1.78,3.65,2.78,1,melodico
melodrama,4.26,1.1,6.1,1.55,1,melodrama
melón,7.0,1.62,4.65,1.53,1,melon
membrana,5.5,1.28,4.05,1.47,1,membrana
membrillo,5.05,1.61,4.4,1.9,1,membrillo
memorable,7.5,1.28,5.1,2.55,1,memorable
memorando,5.8,1.28,5.0,0.5,1,memorando
memorándum,5.17,1.11,4.88,1.22,1,memorandum
memoria,6.95,1.61,4.9,2.06,1,memoria
memorial,6.1,2.13,4.8,1.58,1,memorial
mención,6.45,1.19,6.0,1.41,1,mencion
mencionar,5.3,0.57,5.05,0.83,1,mencionar
mendigo,2.33,1.23,6.0,1.26,1,mendigo
menester,5.25,1.21,4.55,1.19,1,menester
menestra,4.9,1.25,4.89,1.05,1,menestra
mengua,4.24,0.75,5.0,1.33,1,mengua
meningitis,2.4,1.43,7.25,1.45,1,meningitis
menor,4.95,1.0,4.65,0.99,1,menor
menos,3.45,1.1,4.7,1.49,1,menos
menoscabo,3.5,1.73,4.75,1.36,1,menoscabo
menosprecio,2.15,1.14,6.3,1.79,1,menosprecio
mensaje,6.25,1.29,5.05,1.67,1,mensaje
mensajería,5.95,1.1,5.15,0.88,1,mensajeria
mensajero,5.65,0.88,5.15,0.75,1,mensajero
menstruación,3.25,1.71,6.2,1.79,1,menstruacion
mensual,5.3,1.03,4.05,1.9,1,mensual
menta,5.95,1.0,5.0,1.56,1,menta
mentalidad,7.25,1.77,5.65,1.5,1,mentalidad
mente,6.73,1.22,5.2,2.73,1,mente
mentir,1.95,1.15,6.75,1.48,1,mentir
mentira,2.2,0.97,7.3,1.14,1,mentira
mentiroso,2.0,1.21,7.35,1.57,1,mentiroso
mento,5.54,1.2,4.47,1.18,1,mento
mentón,5.2,0.85,4.95,1.3,1,menton
mentor,6.2,1.11,4.58,1.22,1,mentor
menú,6.75,1.25,4.8,0.41,1,menu
menudo,4.95,0.78,4.75,0.64,1,menudo
meollo,4.94,1.03,5.78,1.48,1,meollo
mera,4.88,0.62,4.83,1.04,1,mera
mercader,5.0,0.65,4.7,1.72,1,mercader
mercado,6.0,1.17,5.75,1.25,1,mercado
mercadotecnia,4.82,1.6,5.6,0.83,1,mercadotecnia
mercancía,5.5,1.05,5.1,1.02,1,mercancia
mercante,5.25,0.64,5.0,0.65,1,mercante
mercantil,5.2,0.7,4.9,0.97,1,mercantil
merced,4.75,1.02,4.95,1.23,1,merced
mercurio,4.45,1.28,5.55,1.7,1,mercurio
merecedor,7.6,1.23,6.05,1.76,1,merecedor
merecer,8.0,1.21,4.65,1.84,1,merecer
merengue,6.2,1.96,4.7,1.78,1,merengue
meridiano,5.55,0.83,4.7,1.42,1,meridiano
meridional,5.3,1.13,4.4,1.14,1,meridional
merienda,6.65,1.42,4.25,2.12,1,merienda
merina,5.14,0.38,4.33,1.0,1,merina
mérito,7.8,1.2,6.05,1.85,1,merito
meritorio,5.9,1.45,6.0,1.51,1,meritorio
merluza,5.4,1.79,4.4,1.88,1,merluza
merma,3.83,1.03,4.5,1.4,1,merma
mermelada,6.7,1.57,4.35,1.86,1,mermelada
mero,5.5,1.25,4.79,0.71,1,mero
mes,5.25,1.02,4.75,1.3,1,mes
mesa,5.15,0.75,4.68,1.0,1,mesa
meseta,5.55,0.94,4.0,1.41,1,meseta
mesilla,5.35,0.67,3.8,1.44,1,mesilla
mesita,5.3,0.57,3.95,1.36,1,mesita
mesón,5.47,0.84,4.05,1.27,1,meson
mestiza,5.25,0.79,5.35,1.81,1,mestiza
mestizaje,6.25,1.48,5.45,1.0,1,mestizaje
mestizo,5.55,0.89,4.55,1.88,1,mestizo
mesura,5.21,0.71,4.25,1.02,1,mesura
meta,7.6,1.14,7.1,1.52,1,meta
metabolismo,5.1,0.64,5.9,1.41,1,metabolismo
metacrilato,4.9,1.17,5.11,0.58,1,metacrilato
metafísica,4.65,1.31,5.7,1.42,1,metafisica
metáfora,5.8,1.32,4.6,1.73,1,metafora
metal,5.4,1.03,4.93,1.46,1,metal
metálica,5.35,1.6,5.85,1.73,1,metalica
metálico,5.15,0.75,5.7,1.17,1,metalico
metalurgia,4.89,0.81,5.7,1.34,1,metalurgia
metano,3.85,1.42,5.95,1.32,1,metano
meteorito,4.45,1.79,6.45,1.54,1,meteorito
meteorología,5.6,1.43,4.65,1.76,1,meteorologia
meteorológica,5.55,1.0,4.7,1.59,1,meteorologica
meter,5.42,0.61,5.35,0.67,1,meter
metódico,5.5,1.05,4.75,1.55,1,metodico
método,5.45,1.28,4.75,1.53,1,metodo
metodología,5.2,1.47,4.6,1.14,1,metodologia
metodológico,4.95,1.23,4.25,1.74,1,metodologico
metralla,2.47,1.22,7.6,1.1,1,metralla
metralleta,2.45,1.57,7.05,1.28,1,metralleta
métrica,5.26,1.24,4.85,1.42,1,metrica
metro,5.3,1.17,5.45,1.54,1,metro
metrópoli,5.5,1.15,5.58,1.02,1,metropoli
metropolitana,5.5,1.61,5.35,1.35,1,metropolitana
mexicano,5.4,0.75,5.0,1.21,1,mexicano
mezcla,5.45,1.05,4.75,1.62,1,mezcla
mezclar,5.4,0.94,5.3,1.45,1,mezclar
mezquina,2.9,1.65,5.85,1.73,1,mezquina
mezquino,2.5,1.19,5.85,1.84,1,mezquino
mezquita,5.1,1.12,4.7,1.45,1,mezquita
mezzosoprano,5.47,0.8,4.17,1.79,1,mezzosoprano
mica,5.0,0.0,4.91,0.3,1,mica
mico,5.29,0.49,5.4,0.7,1,mico
micra,4.82,0.53,4.65,1.14,1,micra
micro,5.5,1.36,5.05,1.39,1,micro
micrófono,5.5,1.05,5.6,1.82,1,microfono
micrómetro,4.88,0.78,5.0,1.15,1,micrometro
microondas,5.8,1.32,4.6,1.35,1,microondas
microprocesador,4.7,0.8,5.0,1.41,1,microprocesador
microscopio,6.1,1.33,4.5,1.91,1,microscopio
microsegundo,5.35,1.14,5.3,1.78,1,microsegundo
miedo,2.0,1.17,8.0,1.49,1,miedo
miedoso,3.25,1.33,6.83,1.69,1,miedoso
miel,6.28,1.4,3.95,1.61,1,miel
miembro,6.2,1.4,4.65,1.23,1,miembro
mierda,3.2,1.77,5.95,1.85,1,mierda
migración,4.8,0.77,5.9,2.2,1,migracion
migraña,2.0,0.97,7.05,1.28,1,migrana
migratoria,5.1,0.79,5.55,1.0,1,migratoria
mil,5.7,1.13,6.0,2.1,1,mil
milagro,7.13,1.54,5.83,2.14,1,milagro
milagrosa,6.55,1.23,4.3,1.03,1,milagrosa
milenario,6.1,1.12,4.89,1.73,1,milenario
milenio,5.45,1.47,4.85,1.53,1,milenio
milésima,5.2,1.44,4.8,0.89,1,milesima
milicia,4.05,1.43,5.95,1.47,1,milicia
mililitro,5.11,0.66,4.15,1.39,1,mililitro
milímetro,5.1,0.85,4.45,1.73,1,milimetro
milisegundo,5.1,0.79,5.8,1.64,1,milisegundo
militancia,4.0,1.53,5.1,1.62,1,militancia
militante,3.8,1.44,6.0,1.62,1,militante
militar,3.65,1.57,6.4,1.35,1,militar
militarización,3.55,1.76,6.0,1.41,1,militarizacion
milla,5.3,1.34,5.15,1.27,1,milla
millar,5.45,1.05,5.3,0.98,1,millar
millón,5.85,0.99,5.2,2.19,1,millon
millonario,6.33,1.53,7.1,1.5,1,millonario
millonésima,5.3,1.49,5.25,1.07,1,millonesima
mimbre,5.6,1.14,4.35,0.93,1,mimbre
mimo,6.6,1.57,4.2,2.33,1,mimo
mimosa,7.4,1.35,3.35,2.76,1,mimosa
mina,3.95,1.43,5.85,1.57,1,mina
minar,3.47,1.6,6.1,1.86,1,minar
minera,4.4,1.43,5.4,1.64,1,minera
mineral,5.55,0.89,4.7,1.45,1,mineral
mineralogía,5.35,0.86,4.32,1.53,1,mineralogia
minería,4.9,0.97,5.8,1.85,1,mineria
minero,4.4,0.94,5.65,1.39,1,minero
miniatura,5.8,1.61,3.95,2.01,1,miniatura
miniaturas,5.6,0.75,4.3,1.69,1,miniaturas
minibús,4.95,0.85,5.15,0.99,1,minibus
minifalda,6.25,1.45,5.85,1.35,1,minifalda
minimalista,5.21,0.92,4.56,1.42,1,minimalista
mínimo,4.35,0.67,4.5,1.67,1,minimo
miniserie,6.5,1.82,4.65,1.42,1,miniserie
ministerial,4.74,1.1,4.45,1.32,1,ministerial
ministerio,4.15,1.35,5.8,1.7,1,ministerio
ministra,3.95,1.88,5.55,0.94,1,ministra
ministro,3.9,1.17,5.15,1.79,1,ministro
minoría,4.7,1.59,5.0,1.38,1,minoria
minorista,4.47,0.84,4.9,1.37,1,minorista
minoritario,4.0,1.12,4.35,1.53,1,minoritario
minuciosidad,5.2,1.54,4.7,1.69,1,minuciosidad
minúscula,4.95,0.76,3.9,1.65,1,minuscula
minuto,5.2,0.77,4.55,1.93,1,minuto
mio,5.9,1.17,5.0,2.0,1,mio
miocardio,4.1,1.94,6.0,1.41,1,miocardio
miopía,3.95,1.5,5.8,1.28,1,miopia
mirada,7.0,1.38,6.25,1.07,1,mirada
mirado,5.42,0.96,5.2,1.32,1,mirado
mirador,6.45,1.57,3.8,1.74,1,mirador
mirar,7.3,1.22,4.95,1.57,1,mirar
mirasol,5.58,1.0,4.92,1.83,1,mirasol
mirlo,5.44,1.15,4.44,1.46,1,mirlo
misa,4.05,2.37,4.45,1.67,1,misa
miserable,2.3,1.08,6.45,1.23,1,miserable
miseria,2.03,1.31,6.65,1.69,1,miseria
misericordia,5.65,2.25,4.35,1.93,1,misericordia
misericordioso,5.7,1.89,3.7,2.47,1,misericordioso
mísero,3.35,1.57,5.9,1.55,1,misero
misil,2.55,1.23,7.45,1.19,1,misil
misión,6.6,1.39,5.95,1.88,1,mision
misionera,6.2,1.54,4.7,2.2,1,misionera
misionero,6.0,1.89,5.2,2.28,1,misionero
misiva,4.9,1.29,5.18,1.94,1,misiva
mismo,5.4,0.68,4.65,1.35,1,mismo
mistela,5.38,0.89,5.23,1.01,1,mistela
misterio,5.6,1.35,6.3,1.69,1,misterio
misterioso,5.25,1.33,7.15,1.57,1,misterioso
mística,5.5,1.0,5.35,1.53,1,mistica
misticismo,4.65,1.27,4.85,1.93,1,misticismo
místico,5.83,1.53,4.55,1.57,1,mistico
mitad,5.25,1.25,4.7,1.03,1,mitad
mítico,6.5,1.24,5.55,1.79,1,mitico
mitigar,5.26,1.19,4.84,1.38,1,mitigar
mitin,4.58,0.77,5.58,1.43,1,mitin
mito,5.75,1.02,4.7,2.13,1,mito
mitología,5.8,1.28,5.0,2.13,1,mitologia
mitológico,6.25,1.29,4.6,1.05,1,mitologico
mixta,5.45,0.76,5.2,0.52,1,mixta
mixtas,5.4,0.6,5.15,1.09,1,mixtas
mobiliario,6.25,1.55,4.65,1.39,1,mobiliario
mocasín,5.65,1.09,4.25,1.21,1,mocasin
mochila,5.4,0.6,4.6,1.35,1,mochila
moción,4.63,1.59,5.56,1.63,1,mocion
moco,3.5,1.5,5.8,1.32,1,moco
moda,6.9,1.89,5.85,2.11,1,moda
modal,5.5,1.64,4.47,1.26,1,modal
modalidad,5.15,0.59,4.9,0.97,1,modalidad
modelado,5.75,1.41,4.3,1.17,1,modelado
modelar,5.7,0.8,5.1,1.17,1,modelar
modelo,5.65,2.23,4.95,1.73,1,modelo
módem,5.5,1.1,4.68,1.34,1,modem
moderación,5.5,1.19,3.75,1.45,1,moderacion
moderar,6.25,1.33,4.45,1.36,1,moderar
moderna,5.9,1.52,5.4,1.6,1,moderna
modernidad,6.1,1.37,5.4,1.31,1,modernidad
modernismo,6.15,1.63,5.4,1.05,1,modernismo
modernista,5.95,1.73,5.85,1.23,1,modernista
modernización,6.7,1.3,5.45,1.64,1,modernizacion
modernizar,6.3,1.34,5.9,1.68,1,modernizar
moderno,6.1,1.33,5.55,1.23,1,moderno
modesta,6.35,1.5,3.85,1.35,1,modesta
modestia,6.7,1.53,4.5,1.24,1,modestia
modesto,6.25,1.55,4.7,1.56,1,modesto
modificación,5.5,1.4,5.95,0.89,1,modificacion
modificar,5.45,1.0,5.55,1.23,1,modificar
modista,5.7,0.86,4.55,2.06,1,modista
modo,5.05,1.19,4.4,1.35,1,modo
modulación,5.37,1.12,4.75,1.41,1,modulacion
modular,5.25,0.72,4.75,0.91,1,modular
módulo,5.4,0.68,4.9,0.72,1,modulo
mofa,2.75,1.45,6.11,0.99,1,mofa
mofeta,4.1,1.71,5.9,1.68,1,mofeta
moho,3.75,1.41,5.18,1.63,1,moho
mol,4.8,0.56,4.55,1.81,1,mol
molde,5.63,1.15,4.5,1.13,1,molde
mole,5.31,1.7,5.06,0.75,1,mole
molécula,5.5,1.36,5.45,1.05,1,molecula
molecular,4.95,0.76,4.55,1.39,1,molecular
moler,4.8,0.77,5.4,1.35,1,moler
molesta,2.6,1.1,6.7,1.13,1,molesta
molestar,2.73,0.99,6.88,1.6,1,molestar
molestia,3.1,1.21,6.33,1.42,1,molestia
molesto,2.45,1.47,6.95,1.19,1,molesto
molienda,4.0,1.41,5.0,0.82,1,molienda
molino,5.65,1.04,4.1,1.34,1,molino
momentánea,4.5,1.43,4.75,1.52,1,momentanea
momento,6.7,1.63,4.85,1.66,1,momento
momia,4.7,1.78,6.0,2.15,1,momia
mona,6.5,1.28,4.65,1.63,1,mona
monaguillo,4.45,1.57,4.55,1.19,1,monaguillo
monarca,4.5,1.67,4.85,1.57,1,monarca
monarquía,4.05,2.21,4.5,1.91,1,monarquia
monárquico,4.5,2.09,4.3,1.72,1,monarquico
monasterio,4.95,1.5,3.35,2.08,1,monasterio
monástica,4.92,0.49,4.92,0.79,1,monastica
moneda,5.95,1.28,5.1,1.6,1,moneda
monedero,6.3,1.42,4.6,1.54,1,monedero
monetaria,5.25,1.25,4.9,1.25,1,monetaria
monetario,5.1,1.45,5.15,1.57,1,monetario
mongol,4.68,1.42,4.94,1.11,1,mongol
monitor,5.75,1.21,4.95,1.61,1,monitor
monitoreo,5.0,1.06,4.53,1.5,1,monitoreo
monja,4.5,1.09,3.75,1.74,1,monja
monje,5.1,1.21,3.7,1.59,1,monje
mono,6.4,1.57,5.15,1.73,1,mono
moño,5.65,1.18,4.7,1.49,1,mono
monociclo,5.7,1.26,4.95,1.75,1,monociclo
monografía,4.85,0.81,4.42,1.35,1,monografia
monolito,5.35,0.49,3.75,1.61,1,monolito
monólogo,6.85,1.42,5.6,2.06,1,monologo
mononucleosis,3.21,1.44,6.4,1.9,1,mononucleosis
monopatín,6.2,1.24,5.75,2.2,1,monopatin
monopolio,3.42,1.74,5.7,1.08,1,monopolio
monopoly,6.4,1.35,5.3,1.69,1,monopoly
monotonía,2.7,1.45,4.1,2.34,1,monotonia
monovolumen,6.75,1.41,4.65,1.79,1,monovolumen
monseñor,5.7,2.43,4.47,1.26,1,monsenor
monstruo,3.25,1.89,7.35,0.93,1,monstruo
monstruoso,3.1,2.02,6.6,1.76,1,monstruoso
montaje,5.0,1.38,5.6,1.39,1,montaje
montaña,6.68,1.4,4.18,2.17,1,montana
montañismo,6.7,1.3,5.6,2.09,1,montanismo
montañosa,5.6,0.99,5.15,1.95,1,montanosa
montante,5.06,0.25,5.2,1.4,1,montante
montar,6.05,1.15,6.1,1.33,1,montar
monte,7.45,1.19,2.85,1.95,1,monte
montés,5.65,1.57,4.53,1.26,1,montes
montículo,4.85,0.81,5.53,1.47,1,monticulo
monto,5.21,0.42,4.79,1.18,1,monto
montón,5.6,1.35,5.15,1.27,1,monton
montura,5.4,0.99,4.9,1.33,1,montura
monumental,6.3,1.17,6.35,1.73,1,monumental
monumento,6.1,1.33,4.15,1.14,1,monumento
monzón,4.0,1.52,5.5,1.22,1,monzon
mora,5.8,1.28,4.1,1.71,1,mora
morada,5.85,1.53,4.1,1.89,1,morada
morado,5.85,1.81,5.45,1.73,1,morado
moral,6.7,1.78,4.73,2.05,1,moral
moraleja,5.95,1.54,4.35,1.18,1,moraleja
moralidad,6.0,1.72,4.55,1.9,1,moralidad
moralista,5.15,1.23,4.75,1.89,1,moralista
moralizador,5.32,1.57,4.95,1.19,1,moralizador
morar,5.14,0.86,3.81,1.72,1,morar
moratoria,4.42,1.24,5.19,1.17,1,moratoria
morbo,6.7,1.72,7.85,1.23,1,morbo
morbosa,5.55,2.01,7.0,1.34,1,morbosa
morboso,5.9,2.17,7.62,1.16,1,morboso
mordaz,4.41,1.97,6.37,1.12,1,mordaz
morder,4.15,1.79,6.8,1.11,1,morder
mordisco,5.05,2.37,6.8,1.47,1,mordisco
morena,6.05,1.47,5.2,1.32,1,morena
moreno,6.4,1.31,4.85,2.06,1,moreno
morera,5.56,1.1,4.0,1.56,1,morera
morfema,5.1,1.48,4.6,1.73,1,morfema
morfina,3.95,1.93,5.1,2.92,1,morfina
morfología,4.65,0.88,4.3,1.59,1,morfologia
morgue,2.9,1.95,6.17,1.93,1,morgue
moribundo,1.7,0.92,5.8,2.17,1,moribundo
morir,1.7,1.59,7.35,2.37,1,morir
moriré,1.35,0.67,7.05,2.61,1,morire
moriría,2.1,1.65,7.55,1.15,1,moriria
morisca,4.94,0.8,5.59,1.18,1,morisca
moro,4.55,1.64,5.6,1.35,1,moro
morro,4.65,1.57,5.55,1.19,1,morro
mortal,2.05,1.28,7.05,1.54,1,mortal
mortalidad,2.1,1.25,7.25,1.74,1,mortalidad
mortandad,2.4,0.99,6.57,1.79,1,mortandad
mortero,5.35,0.93,5.32,2.11,1,mortero
mosaico,5.9,1.59,4.5,1.57,1,mosaico
mosca,3.65,1.5,5.75,1.83,1,mosca
moscardón,3.0,1.34,6.63,1.83,1,moscardon
moscón,3.53,1.74,5.9,1.33,1,moscon
mosquetón,5.56,1.46,5.68,1.2,1,mosqueton
mosquita,4.79,0.71,4.56,1.92,1,mosquita
mosquito,3.23,1.21,5.68,1.79,1,mosquito
mostaza,5.2,1.88,4.55,1.32,1,mostaza
mosto,5.53,0.92,4.8,1.61,1,mosto
mostrador,5.5,1.24,4.65,0.81,1,mostrador
mostrar,6.25,1.55,5.55,1.32,1,mostrar
mostraré,5.65,1.04,5.3,1.53,1,mostrare
mote,5.05,1.32,6.0,1.81,1,mote
motel,5.0,0.92,4.7,1.78,1,motel
motín,5.5,1.73,6.5,1.5,1,motin
motivación,7.45,1.19,6.95,1.93,1,motivacion
motivar,7.55,1.19,5.95,2.19,1,motivar
motivo,5.8,1.15,5.6,1.6,1,motivo
moto,5.25,1.59,6.5,1.79,1,moto
motocicleta,5.25,1.55,6.15,1.27,1,motocicleta
motociclismo,5.25,1.48,6.05,1.61,1,motociclismo
motocross,5.3,1.66,6.85,1.31,1,motocross
motor,4.95,1.05,5.88,1.83,1,motor
motora,5.55,0.94,5.7,1.38,1,motora
motosierra,3.65,1.39,6.8,1.7,1,motosierra
motriz,5.7,1.26,5.37,1.16,1,motriz
mover,5.35,1.09,4.9,1.71,1,mover
movida,4.55,1.05,6.25,1.25,1,movida
móvil,6.45,1.36,6.75,1.37,1,movil
movilidad,6.9,1.45,5.35,1.51,1,movilidad
movilización,5.9,1.02,6.4,1.23,1,movilizacion
movilizar,6.7,1.53,6.1,1.02,1,movilizar
movimiento,6.1,1.37,5.9,0.91,1,movimiento
moza,6.1,1.86,5.05,1.19,1,moza
mozo,5.55,0.83,5.3,1.45,1,mozo
muchacha,6.55,1.36,4.95,1.7,1,muchacha
muchacho,6.5,1.32,4.6,1.31,1,muchacho
muchedumbre,3.89,1.63,7.25,0.64,1,muchedumbre
muchísimo,7.0,1.26,6.3,1.72,1,muchisimo
mucho,6.4,1.7,5.35,2.13,1,mucho
mucosa,4.8,1.01,5.45,0.83,1,mucosa
mucosidad,3.68,1.44,6.18,1.63,1,mucosidad
muda,4.55,1.96,4.85,1.87,1,muda
mudanza,4.4,2.26,6.35,1.42,1,mudanza
mudar,3.95,1.54,6.25,1.94,1,mudar
mudéjar,5.19,0.4,4.44,1.75,1,mudejar
mueble,5.15,0.88,3.75,1.86,1,mueble
mueca,5.03,1.23,5.68,1.42,1,mueca
muela,4.25,1.25,5.6,1.54,1,muela
muelle,5.05,0.83,5.2,0.89,1,muelle
muere,1.7,1.03,8.45,1.05,1,muere
muero,1.7,1.13,7.3,0.98,1,muero
muerte,1.45,1.15,7.93,1.35,1,muerte
muerto,1.53,0.96,7.75,1.33,1,muerto
muestra,5.65,0.88,4.85,1.04,1,muestra
muestreo,5.4,0.82,5.05,1.67,1,muestreo
muestro,5.6,1.05,4.95,1.03,1,muestro
mueve,5.75,1.33,5.0,0.79,1,mueve
muevo,5.55,1.1,5.35,1.57,1,muevo
mugre,2.72,1.52,6.8,1.18,1,mugre
mujer,7.28,1.41,5.05,1.76,1,mujer
mula,5.1,0.91,4.35,1.31,1,mula
mulato,6.05,1.43,5.25,1.12,1,mulato
muleta,3.35,1.33,5.48,1.43,1,muleta
mulita,5.18,1.54,4.31,1.25,1,mulita
mulo,5.29,1.05,4.64,1.45,1,mulo
multa,2.1,1.17,7.3,0.98,1,multa
multicultural,6.65,1.23,5.4,1.76,1,multicultural
multijugador,5.7,1.03,5.95,1.15,1,multijugador
multilateral,5.35,0.81,5.2,1.06,1,multilateral
multimedia,6.05,1.05,5.05,1.05,1,multimedia
multimillonario,7.8,1.47,6.3,2.15,1,multimillonario
multinacional,4.9,1.37,6.25,1.41,1,multinacional
múltiple,5.9,1.48,5.6,0.94,1,multiple
multiplicación,5.45,1.19,5.1,0.97,1,multiplicacion
multiplicador,5.8,1.32,4.9,1.29,1,multiplicador
multiplicando,5.5,1.05,5.4,1.57,1,multiplicando
multiplicar,5.55,1.0,5.2,1.36,1,multiplicar
multiplicidad,5.15,1.09,5.42,1.07,1,multiplicidad
multitud,4.45,1.76,6.2,1.74,1,multitud
multitudinaria,4.95,1.39,6.35,1.73,1,multitudinaria
mundano,4.56,1.58,5.39,1.33,1,mundano
mundial,6.0,1.56,6.25,1.89,1,mundial
mundialización,5.95,1.57,5.1,2.0,1,mundializacion
mundo,6.43,1.5,5.2,1.82,1,mundo
muñeca,6.48,1.3,4.25,1.53,1,muneca
muñeco,6.5,1.15,4.7,1.42,1,muneco
munición,3.45,1.99,6.05,2.14,1,municion
municipal,4.65,0.99,5.0,1.62,1,municipal
municipalidad,4.74,0.73,4.45,1.32,1,municipalidad
municipio,5.3,0.86,4.35,1.27,1,municipio
mural,5.3,1.13,4.2,1.96,1,mural
muralla,3.75,1.41,5.55,1.39,1,muralla
murciano,7.25,1.86,4.65,2.37,1,murciano
murciélago,4.35,1.73,5.8,1.77,1,murcielago
murmullo,4.2,1.32,5.45,1.9,1,murmullo
muro,4.05,1.23,5.25,1.59,1,muro
musa,6.65,1.35,4.7,2.18,1,musa
muscular,5.0,0.79,5.45,1.05,1,muscular
musculatura,5.9,1.37,5.6,1.79,1,musculatura
músculo,5.7,1.08,5.35,1.23,1,musculo
musculoso,5.95,1.32,6.55,1.19,1,musculoso
museo,6.4,1.6,3.95,1.7,1,museo
musgo,5.1,1.62,4.45,1.19,1,musgo
música,7.78,1.39,4.73,3.05,1,musica
musical,7.35,1.42,4.65,2.6,1,musical
músico,7.1,1.25,4.05,2.28,1,musico
musicólogo,6.37,1.54,4.81,1.42,1,musicologo
muslo,5.25,2.0,5.3,1.08,1,muslo
musulmana,5.05,0.89,5.05,1.43,1,musulmana
mutación,3.3,1.9,6.68,1.54,1,mutacion
mutante,4.6,1.98,6.3,1.63,1,mutante
mutila,2.1,1.12,7.89,1.24,1,mutila
mutilación,1.5,0.89,7.6,1.54,1,mutilacion
mutilo,2.17,1.76,6.82,1.42,1,mutilo
mutismo,3.47,1.58,5.42,1.95,1,mutismo
mutuo,7.25,1.29,4.8,1.74,1,mutuo
nabo,5.55,1.43,5.6,1.54,1,nabo
nácar,5.84,0.6,4.21,1.31,1,nacar
nacarado,5.57,1.09,4.07,1.49,1,nacarado
nacer,7.95,1.15,5.65,2.48,1,nacer
nacido,7.1,1.45,5.65,1.46,1,nacido
naciente,6.47,1.78,5.05,2.04,1,naciente
nacimiento,8.15,1.04,5.3,2.83,1,nacimiento
nación,5.55,1.43,5.35,1.9,1,nacion
nacional,4.95,1.43,5.1,1.48,1,nacional
nacionalidad,4.95,1.28,4.8,1.24,1,nacionalidad
nacionalismo,3.7,1.75,5.6,0.94,1,nacionalismo
nacionalista,4.1,1.02,5.6,1.6,1,nacionalista
nacionalización,5.3,1.34,4.55,1.47,1,nacionalizacion
nada,3.7,1.38,4.75,2.12,1,nada
nadador,6.1,1.06,4.85,2.16,1,nadador
nadar,7.55,1.43,4.7,2.32,1,nadar
nadie,3.5,1.43,4.0,2.36,1,nadie
nado,6.0,1.45,4.68,1.6,1,nado
náhuatl,9.0,,4.33,1.15,1,nahuatl
nalga,5.85,1.14,6.3,2.05,1,nalga
nanosegundo,4.71,1.1,5.11,2.11,1,nanosegundo
napa,4.33,2.0,4.2,1.79,1,napa
napoleónica,4.75,0.97,5.55,1.28,1,napoleonica
napolitano,5.85,1.6,5.16,1.01,1,napolitano
naranja,5.95,1.23,4.65,1.73,1,naranja
naranjada,6.5,1.24,4.2,1.7,1,naranjada
naranjo,6.5,1.54,3.75,1.62,1,naranjo
narciso,5.32,1.8,4.05,2.25,1,narciso
narcótico,3.33,1.59,6.4,1.46,1,narcotico
narcotraficante,2.15,1.95,6.8,1.15,1,narcotraficante
narcotráfico,2.63,1.16,7.1,1.33,1,narcotrafico
nardo,5.38,1.33,5.25,1.16,1,nardo
nariz,5.8,1.36,4.55,1.39,1,nariz
narración,5.7,1.17,4.55,1.67,1,narracion
narrador,6.35,1.79,3.55,1.85,1,narrador
narrar,6.55,1.28,4.85,1.9,1,narrar
narrativa,5.6,1.5,4.0,1.34,1,narrativa
nasal,4.8,1.11,4.5,1.47,1,nasal
natación,6.45,1.76,4.85,2.01,1,natacion
natal,6.7,1.63,4.95,1.47,1,natal
natalidad,6.85,1.69,4.3,1.49,1,natalidad
nativa,5.6,1.05,5.1,1.65,1,nativa
natura,6.15,1.31,3.58,1.22,1,natura
natural,7.98,1.05,3.75,2.4,1,natural
naturaleza,7.73,1.34,3.25,2.22,1,naturaleza
naturalidad,7.4,1.19,3.25,1.83,1,naturalidad
naturalismo,7.65,1.14,3.7,2.11,1,naturalismo
naturalista,6.55,1.47,4.05,2.21,1,naturalista
naufragar,3.2,1.58,6.7,1.95,1,naufragar
naufragio,3.3,1.66,6.7,1.53,1,naufragio
náufrago,4.05,1.47,6.1,1.83,1,naufrago
náusea,1.8,1.06,6.65,1.84,1,nausea
náutico,5.7,1.3,5.15,1.66,1,nautico
navaja,2.45,1.19,7.35,1.35,1,navaja
naval,5.26,0.81,4.83,1.86,1,naval
navarra,5.65,1.27,4.6,1.14,1,navarra
navarro,5.25,0.72,4.65,1.35,1,navarro
nave,5.35,1.53,5.1,1.48,1,nave
navegación,6.25,1.41,4.65,1.79,1,navegacion
navegador,5.45,0.76,5.25,1.25,1,navegador
navegante,5.65,1.27,5.65,1.95,1,navegante
navegar,6.5,1.67,5.05,1.57,1,navegar
navidad,7.55,1.57,5.95,2.26,1,navidad
navideño,7.3,1.42,5.05,2.54,1,navideno
naviero,5.69,0.95,4.67,1.08,1,naviero
navío,6.0,1.12,5.4,1.64,1,navio
nazi,1.6,0.88,7.95,1.28,1,nazi
nazismo,1.4,0.82,7.4,1.31,1,nazismo
neblina,4.9,1.25,4.79,1.9,1,neblina
nebulosa,5.7,1.84,4.9,1.52,1,nebulosa
necedad,3.71,1.36,5.44,1.25,1,necedad
necesario,5.65,1.35,5.4,1.54,1,necesario
necesidad,3.6,1.39,6.7,0.98,1,necesidad
necesitar,3.85,2.06,6.2,1.15,1,necesitar
necio,2.85,1.31,5.85,1.35,1,necio
néctar,6.05,1.1,5.0,1.34,1,nectar
neerlandés,5.0,0.33,5.05,1.28,1,neerlandes
negación,3.65,1.23,5.75,1.48,1,negacion
negar,3.55,1.39,5.8,1.11,1,negar
negativa,2.7,1.38,6.35,1.31,1,negativa
negativo,2.15,1.09,6.75,1.29,1,negativo
negligencia,2.5,1.26,6.65,2.13,1,negligencia
negligente,2.53,1.5,6.25,1.55,1,negligente
negociación,5.35,1.39,5.6,2.11,1,negociacion
negociado,5.3,0.92,5.55,1.5,1,negociado
negociador,5.4,1.35,5.75,1.8,1,negociador
negociadora,5.9,1.41,5.6,2.01,1,negociadora
negociar,6.05,1.39,6.6,1.23,1,negociar
negocio,6.0,1.3,5.8,1.36,1,negocio
negra,5.1,0.91,5.15,1.73,1,negra
negrillo,5.2,1.28,5.17,1.42,1,negrillo
negrita,5.65,1.27,4.65,1.66,1,negrita
negro,5.23,1.73,5.28,1.47,1,negro
negrura,4.2,1.58,5.7,0.98,1,negrura
nena,5.65,2.18,5.05,1.28,1,nena
nene,6.13,1.84,4.78,1.69,1,nene
nenuco,6.74,1.56,4.0,1.86,1,nenuco
nenúfar,6.83,1.5,3.95,1.18,1,nenufar
neoclásico,5.3,1.42,4.65,1.66,1,neoclasico
neoliberal,4.89,1.02,4.56,1.82,1,neoliberal
neoliberalismo,5.35,1.93,5.4,1.9,1,neoliberalismo
neón,5.37,0.9,5.32,1.29,1,neon
neoyorquino,6.3,1.42,5.75,1.48,1,neoyorquino
nervio,4.85,2.11,7.45,1.57,1,nervio
nerviosismo,3.0,1.41,7.35,1.9,1,nerviosismo
nervioso,3.43,1.47,7.65,1.37,1,nervioso
neto,5.06,0.24,4.6,0.94,1,neto
neumonía,2.16,1.12,7.35,1.79,1,neumonia
neurociencia,6.3,1.89,6.8,1.7,1,neurociencia
neurología,6.1,1.33,6.85,1.31,1,neurologia
neuronal,5.85,1.09,4.55,2.11,1,neuronal
neurosis,2.95,1.99,7.63,1.26,1,neurosis
neurótico,2.9,1.45,7.28,1.38,1,neurotico
neutral,5.25,0.55,5.05,0.22,1,neutral
neutralidad,5.95,1.47,4.2,1.36,1,neutralidad
neutralizar,5.55,1.15,4.0,1.56,1,neutralizar
neutro,5.05,0.69,4.3,1.42,1,neutro
nevada,7.15,1.9,5.1,2.61,1,nevada
nevado,6.75,1.16,3.8,2.07,1,nevado
nevar,7.15,1.53,4.65,2.62,1,nevar
nevera,6.8,1.51,5.23,1.37,1,nevera
nexo,5.25,1.12,4.53,1.35,1,nexo
nicaragüense,5.0,0.65,5.0,0.97,1,nicaraguense
nicho,4.5,2.26,6.0,2.05,1,nicho
nicotina,2.95,1.7,6.45,1.76,1,nicotina
nido,6.05,1.05,4.25,1.71,1,nido
niebla,4.85,1.69,4.3,1.78,1,niebla
nieta,6.7,1.95,4.45,1.88,1,nieta
nieto,6.65,1.27,4.95,1.7,1,nieto
nieve,7.23,1.31,4.73,2.33,1,nieve
nigeriano,5.1,0.79,5.1,0.64,1,nigeriano
nihilismo,4.17,1.7,5.32,0.89,1,nihilismo
nilón,4.89,0.6,4.5,1.35,1,nilon
niña,7.15,1.09,4.5,1.61,1,nina
niñez,6.9,1.25,4.7,2.74,1,ninez
ninfa,6.35,1.27,3.75,2.02,1,ninfa
ningún,4.35,1.27,4.3,1.38,1,ningun
ninguna,4.2,1.24,4.1,1.71,1,ninguna
ninguno,4.15,1.23,4.6,1.5,1,ninguno
ninja,5.63,2.06,6.6,1.79,1,ninja
niño,7.58,1.39,5.0,2.16,1,nino
nipón,5.14,0.38,4.82,1.17,1,nipon
níquel,5.0,0.58,5.05,1.05,1,niquel
níspero,5.7,1.22,5.1,1.45,1,nispero
nitidez,6.2,1.2,4.15,2.03,1,nitidez
nitrato,4.75,1.33,5.25,0.72,1,nitrato
nitrógeno,5.05,1.19,5.3,1.42,1,nitrogeno
nivel,5.15,1.39,5.9,1.21,1,nivel
nivelación,5.05,0.52,4.75,1.12,1,nivelacion
nivelador,5.05,0.4,4.75,1.25,1,nivelador
noble,7.25,1.41,4.15,1.66,1,noble
nobleza,5.05,2.37,4.25,1.77,1,nobleza
noche,5.4,1.67,4.55,2.11,1,noche
noción,5.65,1.14,4.55,1.0,1,nocion
nocivo,2.75,1.86,6.8,1.58,1,nocivo
nocturno,5.7,1.22,4.75,2.67,1,nocturno
nodo,4.69,1.8,5.15,1.52,1,nodo
nodriza,5.72,1.07,4.5,1.58,1,nodriza
nogal,5.43,0.85,3.38,1.54,1,nogal
nómada,4.7,1.08,5.35,1.63,1,nomada
nombramiento,5.85,1.63,5.45,1.54,1,nombramiento
nombrar,5.35,0.67,4.85,0.99,1,nombrar
nombre,5.65,1.18,4.53,1.22,1,nombre
nomenclatura,4.6,0.75,4.79,1.13,1,nomenclatura
nomeolvides,5.46,1.85,6.27,2.19,1,nomeolvides
nómina,6.7,1.45,5.3,2.11,1,nomina
nominación,4.9,1.59,5.75,2.0,1,nominacion
nominal,5.05,0.39,4.4,1.43,1,nominal
nordeste,5.3,0.98,4.65,1.53,1,nordeste
nórdica,6.25,1.48,5.15,1.18,1,nordica
noreste,5.25,0.64,4.9,0.72,1,noreste
norma,4.9,1.65,5.25,1.62,1,norma
normal,5.5,1.1,3.3,1.69,1,normal
normalidad,6.0,1.3,3.9,2.02,1,normalidad
normalización,6.1,1.45,4.3,1.69,1,normalizacion
normalizar,5.85,0.93,3.55,1.73,1,normalizar
normandía,5.21,0.58,5.0,0.88,1,normandia
normativa,5.0,1.03,5.2,1.2,1,normativa
noroccidental,4.67,1.08,4.78,1.11,1,noroccidental
noroeste,5.25,0.91,4.55,1.1,1,noroeste
nororiental,5.17,1.34,5.33,0.59,1,nororiental
norte,6.35,1.35,4.5,1.05,1,norte
norteamericano,5.2,1.28,5.3,1.03,1,norteamericano
norteña,5.35,0.99,4.94,1.3,1,nortena
noruego,5.75,1.37,4.75,1.52,1,noruego
nostalgia,4.9,1.86,4.8,2.17,1,nostalgia
nota,6.05,1.64,6.35,1.84,1,nota
notación,5.26,0.65,4.85,1.57,1,notacion
notar,5.6,1.19,5.65,1.09,1,notar
notario,4.8,1.15,5.05,1.19,1,notario
noticia,5.7,1.08,6.05,1.36,1,noticia
noticias,5.23,1.42,6.0,1.56,1,noticias
noticiero,4.8,1.06,5.8,0.95,1,noticiero
notificación,5.25,0.97,6.2,1.74,1,notificacion
notificar,5.5,1.0,5.75,1.77,1,notificar
noto,5.06,0.87,5.0,0.82,1,noto
notoriedad,4.65,1.39,5.38,0.89,1,notoriedad
notorio,4.94,0.87,5.53,1.26,1,notorio
nova,6.0,1.57,5.13,1.36,1,nova
novato,4.85,1.18,5.7,1.26,1,novato
novedad,6.85,1.04,6.9,1.21,1,novedad
novedoso,6.5,1.32,6.8,1.44,1,novedoso
novel,5.65,1.04,6.0,1.21,1,novel
novela,6.95,1.15,4.05,2.61,1,novela
novelista,6.05,1.39,4.3,1.69,1,novelista
noveno,4.6,1.1,5.25,1.07,1,noveno
noventa,4.75,1.71,5.05,0.94,1,noventa
novia,7.55,1.4,5.75,1.93,1,novia
noviazgo,7.7,1.3,6.15,1.84,1,noviazgo
novicia,4.4,0.82,5.29,1.73,1,novicia
novicio,4.72,1.07,5.16,1.3,1,novicio
noviembre,6.5,1.64,3.85,1.42,1,noviembre
novillero,3.55,1.73,6.05,1.43,1,novillero
novillo,4.74,1.52,5.68,1.2,1,novillo
novio,7.4,1.84,5.73,2.76,1,novio
ñu,5.21,1.27,5.0,1.57,1,nu
nube,6.9,1.25,3.55,1.88,1,nube
nubes,6.83,1.78,3.13,1.65,1,nubes
nublado,4.38,2.52,3.82,1.82,1,nublado
nubosidad,4.6,2.48,3.65,2.3,1,nubosidad
nuboso,4.65,1.9,4.25,1.68,1,nuboso
nuca,5.3,0.98,4.4,1.6,1,nuca
nuclear,3.45,1.5,6.75,2.0,1,nuclear
núcleo,5.65,0.99,4.95,1.28,1,nucleo
nudo,4.33,1.1,5.65,1.76,1,nudo
nuera,5.25,1.02,5.05,1.93,1,nuera
nuevo,7.65,1.04,5.9,2.29,1,nuevo
nuez,5.75,1.16,4.8,0.7,1,nuez
nula,3.75,1.25,5.05,2.16,1,nula
nulidad,3.79,1.13,5.47,1.9,1,nulidad
numeración,5.2,0.52,4.85,0.88,1,numeracion
numérica,4.85,1.14,5.05,0.69,1,numerica
número,5.35,0.67,5.1,1.21,1,numero
numerosa,5.65,1.81,5.65,1.6,1,numerosa
nunca,3.15,1.63,6.0,1.92,1,nunca
nuncio,4.67,0.52,5.0,0.71,1,nuncio
nupcial,6.63,1.42,5.65,1.84,1,nupcial
nutria,5.8,1.32,4.37,1.3,1,nutria
nutrición,6.25,1.33,4.9,1.83,1,nutricion
nutricional,6.05,1.57,5.3,1.63,1,nutricional
nutrir,6.33,1.29,4.55,1.65,1,nutrir
nutritivo,6.8,1.11,4.6,1.64,1,nutritivo
oasis,6.9,1.89,3.7,2.23,1,oasis
obedece,4.35,1.69,6.0,1.45,1,obedece
obedecer,4.22,1.72,5.58,1.66,1,obedecer
obedezco,4.25,1.71,5.35,1.42,1,obedezco
obediencia,4.5,2.14,5.65,2.06,1,obediencia
obediente,5.65,2.03,4.55,2.01,1,obediente
obelisco,4.95,0.51,5.0,1.32,1,obelisco
obertura,5.25,0.86,5.29,0.77,1,obertura
obesidad,2.68,1.44,6.0,1.93,1,obesidad
obeso,2.9,1.07,5.5,1.61,1,obeso
obispado,3.25,1.48,5.2,1.36,1,obispado
obispo,3.45,1.43,4.7,1.81,1,obispo
objeción,4.75,0.91,5.74,0.87,1,objecion
objetiva,6.35,1.23,4.75,1.16,1,objetiva
objetividad,6.5,1.43,4.4,1.47,1,objetividad
objetivo,7.1,1.48,4.95,1.67,1,objetivo
objeto,5.25,0.91,4.25,1.45,1,objeto
obliga,3.1,1.21,6.7,1.59,1,obliga
obligación,2.95,1.28,6.35,1.5,1,obligacion
obligar,2.55,1.1,6.85,1.9,1,obligar
obligatoriedad,3.45,1.0,6.05,1.36,1,obligatoriedad
obligatorio,3.3,1.03,6.2,1.61,1,obligatorio
obligo,2.35,1.27,6.3,1.13,1,obligo
oboe,5.74,1.33,3.94,1.34,1,oboe
obra,5.85,1.35,5.65,1.81,1,obra
obrar,5.15,1.46,5.6,1.14,1,obrar
obrero,5.25,0.55,4.9,1.45,1,obrero
obsceno,3.54,1.52,6.73,1.26,1,obsceno
obscuridad,3.46,2.11,5.5,2.24,1,obscuridad
obscuro,6.4,3.19,5.42,1.73,1,obscuro
obsequio,7.45,1.28,6.15,1.57,1,obsequio
observable,5.45,1.05,5.1,1.68,1,observable
observación,6.2,1.85,5.3,1.81,1,observacion
observador,6.55,1.54,4.5,2.01,1,observador
observancia,5.74,1.05,4.63,1.34,1,observancia
observar,5.95,1.28,4.55,1.82,1,observar
observatorio,5.6,1.1,4.0,1.41,1,observatorio
obsesión,2.68,1.37,7.15,1.21,1,obsesion
obsesiva,2.4,1.1,6.75,1.41,1,obsesiva
obsoleto,3.95,1.1,4.9,1.59,1,obsoleto
obstaculizar,3.4,1.35,6.3,1.34,1,obstaculizar
obstáculo,3.0,1.21,6.4,1.19,1,obstaculo
obstinación,3.79,1.27,5.63,1.41,1,obstinacion
obstrucción,3.35,1.6,6.6,1.35,1,obstruccion
obtención,6.2,1.36,5.45,1.79,1,obtencion
obtendré,6.15,1.27,5.6,1.19,1,obtendre
obtener,6.25,1.02,5.65,0.99,1,obtener
obtengo,6.75,1.25,5.65,1.39,1,obtengo
obtiene,6.15,1.35,5.3,0.8,1,obtiene
obús,3.5,1.69,6.5,1.91,1,obus
obvio,5.5,0.69,4.3,1.22,1,obvio
oca,6.65,1.23,4.85,1.31,1,oca
ocarina,5.5,0.93,4.55,1.37,1,ocarina
ocasión,6.3,1.45,5.9,1.37,1,ocasion
ocasional,5.6,1.35,5.0,1.21,1,ocasional
ocasionar,5.1,1.33,5.75,1.71,1,ocasionar
ocaso,5.8,1.44,3.35,2.01,1,ocaso
occidental,5.5,0.95,4.85,0.99,1,occidental
occidente,6.5,1.85,4.85,1.18,1,occidente
oceánica,6.55,1.05,4.65,2.35,1,oceanica
océano,7.3,1.54,3.73,2.41,1,oceano
oceanografía,6.1,1.17,5.0,1.89,1,oceanografia
ochenta,5.35,1.14,4.5,1.5,1,ochenta
ocio,7.45,1.61,6.25,2.15,1,ocio
ociosidad,4.47,1.47,5.95,1.99,1,ociosidad
ocioso,5.35,1.87,5.95,1.61,1,ocioso
ocre,4.85,0.88,4.0,1.37,1,ocre
octava,4.8,0.83,4.85,1.09,1,octava
octavilla,4.83,1.04,4.78,0.55,1,octavilla
octavo,4.85,0.81,5.05,1.1,1,octavo
octogonal,5.05,0.22,4.95,0.69,1,octogonal
octubre,5.75,1.89,4.55,1.93,1,octubre
ocular,5.3,0.73,4.55,1.82,1,ocular
oculista,5.05,1.43,4.9,1.68,1,oculista
oculta,3.8,1.06,6.55,1.5,1,oculta
ocultación,3.0,1.34,7.35,1.53,1,ocultacion
ocultar,3.55,1.28,6.35,1.79,1,ocultar
ocultismo,3.5,1.61,6.3,1.26,1,ocultismo
ocultista,4.8,1.15,5.1,1.92,1,ocultista
ocupación,6.0,1.49,5.35,1.5,1,ocupacion
ocupacional,5.5,1.32,5.4,1.1,1,ocupacional
ocupante,5.1,0.64,5.3,0.98,1,ocupante
ocupar,4.5,1.61,5.4,1.27,1,ocupar
ocurrencia,5.8,1.67,5.4,1.35,1,ocurrencia
ocurrir,5.85,0.93,5.55,1.73,1,ocurrir
oda,5.68,1.0,3.71,1.68,1,oda
odia,3.05,1.54,7.2,1.24,1,odia
odiar,2.08,1.31,7.95,0.96,1,odiar
odio,1.6,0.75,7.6,1.35,1,odio
odioso,2.25,1.16,6.95,1.28,1,odioso
odisea,5.21,1.81,5.75,1.65,1,odisea
odontólogo,4.45,1.43,5.55,2.04,1,odontologo
oeste,5.3,0.66,4.05,1.5,1,oeste
ofende,2.05,1.15,6.45,1.57,1,ofende
ofender,2.63,1.29,6.83,1.15,1,ofender
ofendido,2.7,1.26,7.21,0.92,1,ofendido
ofensa,2.85,1.09,7.05,1.05,1,ofensa
ofensiva,3.05,1.73,6.55,1.05,1,ofensiva
ofensivo,3.15,1.79,6.9,1.25,1,ofensivo
oferta,7.2,1.11,6.1,1.59,1,oferta
oficial,5.55,1.64,5.65,1.31,1,oficial
oficialidad,4.95,1.43,4.95,1.5,1,oficialidad
oficina,5.3,1.52,4.83,1.47,1,oficina
oficinas,4.75,0.97,4.85,1.87,1,oficinas
oficinista,5.1,0.97,5.55,1.61,1,oficinista
oficio,6.0,1.3,5.6,1.23,1,oficio
ofrece,6.4,1.05,5.1,1.07,1,ofrece
ofrecer,7.3,1.08,4.35,1.23,1,ofrecer
ofreceré,6.35,1.35,5.15,1.09,1,ofrecere
ofrecimiento,6.85,1.42,4.65,1.5,1,ofrecimiento
ofrenda,6.2,1.24,4.7,1.95,1,ofrenda
ofrezco,6.4,1.35,4.85,1.42,1,ofrezco
ogro,3.8,1.47,6.05,1.15,1,ogro
oída,4.9,0.64,5.1,1.25,1,oida
oído,5.65,1.04,4.75,1.59,1,oido
oigo,6.79,1.47,5.05,1.15,1,oigo
oír,6.7,1.81,4.8,1.44,1,oir
ojal,5.5,1.19,4.9,1.12,1,ojal
ojeada,5.5,0.69,5.1,1.62,1,ojeada
ojito,5.45,1.05,4.95,1.82,1,ojito
ojo,6.3,1.49,4.3,2.0,1,ojo
ola,6.35,1.18,4.5,2.35,1,ola
oleada,5.65,1.35,5.1,1.65,1,oleada
oleaje,5.15,2.48,5.15,2.39,1,oleaje
óleo,5.9,1.25,3.67,1.94,1,oleo
oleoducto,4.62,0.87,4.94,0.77,1,oleoducto
oler,6.15,1.27,4.45,1.47,1,oler
olfato,7.05,1.39,4.7,1.08,1,olfato
oligarquía,4.72,0.83,5.63,1.16,1,oligarquia
oliva,5.65,1.14,4.1,1.45,1,oliva
olivar,5.58,1.07,4.15,1.53,1,olivar
olivo,6.05,1.54,4.75,1.41,1,olivo
olla,5.23,0.58,4.73,1.13,1,olla
olmo,6.39,1.2,3.05,1.9,1,olmo
olor,5.65,1.46,5.35,2.01,1,olor
olvidar,3.65,1.9,5.35,1.87,1,olvidar
olvido,2.9,1.02,5.05,2.48,1,olvido
ombligo,5.75,1.86,5.05,1.28,1,ombligo
ombú,5.0,0.0,5.0,0.0,1,ombu
omega,5.45,0.89,4.85,1.6,1,omega
omisión,3.2,1.11,5.35,1.87,1,omision
omiso,3.94,1.06,5.0,0.94,1,omiso
omitir,4.2,0.83,5.7,1.53,1,omitir
omnipotencia,5.29,1.69,6.25,1.12,1,omnipotencia
omnipotente,5.1,1.74,5.35,2.7,1,omnipotente
omnipresente,5.55,1.64,5.45,0.89,1,omnipresente
omoplato,5.25,1.07,4.9,0.64,1,omoplato
oncología,2.79,1.96,6.7,1.81,1,oncologia
onda,5.25,0.79,4.5,1.67,1,onda
one,5.13,0.52,4.6,1.99,1,one
ontología,4.5,1.36,4.89,2.05,1,ontologia
ontológico,4.79,0.98,5.4,0.88,1,ontologico
onza,7.1,1.52,5.25,2.02,1,onza
opacidad,4.45,1.0,5.25,0.85,1,opacidad
opaco,4.35,1.57,4.65,1.35,1,opaco
ópalo,5.5,1.0,5.11,1.76,1,opalo
opción,6.05,1.01,4.93,1.49,1,opcion
opcional,6.4,1.47,4.9,1.12,1,opcional
ópera,5.2,1.77,4.4,1.73,1,opera
operación,3.05,1.39,7.6,0.99,1,operacion
operacional,5.3,1.22,5.6,1.31,1,operacional
operador,3.8,1.36,5.2,1.51,1,operador
operadora,4.4,1.5,5.1,1.89,1,operadora
operando,4.2,1.67,6.8,1.36,1,operando
operar,3.8,1.51,7.05,1.54,1,operar
operario,4.95,0.69,5.0,1.38,1,operario
operatividad,6.05,1.1,5.2,1.06,1,operatividad
operativo,5.35,0.75,5.4,1.14,1,operativo
opina,5.95,1.28,5.6,0.68,1,opina
opinar,6.65,1.18,6.1,1.29,1,opinar
opinión,6.88,1.44,5.95,1.54,1,opinion
opio,3.7,2.13,5.0,2.16,1,opio
oponente,3.75,1.52,6.35,1.42,1,oponente
oponer,3.75,0.91,6.4,0.82,1,oponer
oporto,6.35,1.5,5.3,1.26,1,oporto
oportunidad,8.13,1.07,6.68,1.65,1,oportunidad
oportunismo,4.65,1.6,6.2,1.54,1,oportunismo
oportunista,4.55,1.79,6.2,1.4,1,oportunista
oportuno,5.65,1.18,5.85,1.53,1,oportuno
oposición,3.6,1.14,6.05,1.47,1,oposicion
opositor,4.3,1.49,5.9,1.41,1,opositor
opositora,6.15,1.66,6.1,1.12,1,opositora
opresión,2.35,1.53,6.75,1.25,1,opresion
oprobio,3.14,1.86,5.8,1.79,1,oprobio
optar,5.8,1.06,4.75,1.37,1,optar
optimismo,8.4,0.9,5.75,3.06,1,optimismo
optimista,8.45,0.94,4.5,2.98,1,optimista
optimización,6.75,1.33,4.55,1.85,1,optimizacion
optimizar,6.7,1.42,4.45,2.01,1,optimizar
óptimo,7.65,1.09,4.35,2.23,1,optimo
opuesto,4.65,1.27,5.9,1.25,1,opuesto
opulencia,7.05,2.96,5.31,1.38,1,opulencia
opulenta,5.0,1.8,5.5,0.53,1,opulenta
oración,4.35,2.28,4.05,1.47,1,oracion
oráculo,5.37,1.3,4.9,1.55,1,oraculo
orador,5.0,1.45,3.8,1.91,1,orador
oradora,4.7,1.08,3.8,1.61,1,oradora
oral,5.25,1.12,5.6,1.05,1,oral
orangután,5.95,1.43,6.15,1.35,1,orangutan
orar,4.9,1.77,4.05,1.96,1,orar
oratoria,5.0,0.97,4.53,1.68,1,oratoria
oratorio,4.75,1.21,4.21,1.96,1,oratorio
orbe,5.29,0.76,5.22,1.56,1,orbe
órbita,5.55,1.1,5.4,1.05,1,orbita
orbital,5.15,0.59,5.21,0.71,1,orbital
orca,4.85,2.03,4.55,2.01,1,orca
orden,6.2,1.64,3.65,1.81,1,orden
ordenación,5.75,1.48,4.3,1.66,1,ordenacion
ordenado,7.25,1.33,3.8,1.86,1,ordenado
ordenador,6.68,1.38,5.08,1.83,1,ordenador
ordenamiento,5.5,1.96,4.6,1.85,1,ordenamiento
ordenando,5.9,1.68,3.75,1.92,1,ordenando
ordenanza,4.5,0.89,5.42,1.64,1,ordenanza
ordenar,6.0,1.08,5.15,1.66,1,ordenar
ordinario,3.8,0.83,4.95,1.5,1,ordinario
orégano,5.85,1.27,3.8,1.7,1,oregano
orejas,4.8,1.67,4.9,0.79,1,orejas
orfanato,2.5,0.89,6.85,1.27,1,orfanato
orfebrería,5.4,1.06,4.8,0.86,1,orfebreria
orgánica,5.9,1.17,4.85,1.23,1,organica
organigrama,5.44,1.54,4.59,1.37,1,organigrama
organillo,5.33,0.97,5.05,1.13,1,organillo
organismo,5.45,1.0,5.25,1.37,1,organismo
organista,5.1,0.79,4.95,1.39,1,organista
organización,5.9,1.37,4.7,2.27,1,organizacion
organizador,6.55,1.54,4.55,1.93,1,organizador
organizar,6.25,1.29,5.4,1.82,1,organizar
organizativa,6.1,1.65,5.35,1.09,1,organizativa
órgano,5.2,1.11,5.25,1.55,1,organo
organza,5.14,0.86,4.56,0.73,1,organza
orgasmo,8.15,1.17,8.2,1.91,1,orgasmo
orgía,6.1,2.15,6.9,1.45,1,orgia
orgullo,4.95,2.3,6.5,1.97,1,orgullo
orgulloso,5.55,2.23,6.85,1.64,1,orgulloso
orientación,5.85,0.99,4.9,1.37,1,orientacion
oriental,6.1,1.48,4.9,1.65,1,oriental
orientar,6.2,1.24,4.75,1.16,1,orientar
oriente,5.65,0.88,5.1,1.83,1,oriente
orificio,4.95,0.6,5.65,1.09,1,orificio
origen,7.1,1.62,5.05,1.5,1,origen
original,8.05,1.19,5.25,1.92,1,original
originalidad,7.65,0.88,5.7,2.0,1,originalidad
originar,6.55,1.5,5.25,1.25,1,originar
originario,5.95,1.19,4.55,1.32,1,originario
orilla,6.25,1.33,2.55,1.54,1,orilla
orina,3.83,1.45,5.28,1.28,1,orina
oriundo,4.43,1.51,4.7,1.42,1,oriundo
ornamentación,4.56,1.31,5.06,1.39,1,ornamentacion
ornamental,5.18,0.53,5.17,0.86,1,ornamental
ornamento,4.85,1.04,5.06,0.94,1,ornamento
ornitorrinco,5.65,0.93,5.05,1.64,1,ornitorrinco
oro,6.65,1.5,5.75,1.07,1,oro
orquesta,6.73,1.26,5.7,1.56,1,orquesta
orquestación,5.28,1.18,5.0,1.76,1,orquestacion
orquestal,6.25,1.33,3.8,1.32,1,orquestal
orquídea,7.1,1.17,3.3,2.18,1,orquidea
ortodoxa,4.3,1.3,5.0,1.3,1,ortodoxa
ortodoxia,3.67,1.46,4.83,1.89,1,ortodoxia
ortogonal,4.94,0.42,4.42,1.68,1,ortogonal
ortografía,5.7,1.13,4.85,1.63,1,ortografia
oruga,4.7,1.38,4.25,1.21,1,oruga
orujo,5.0,1.75,6.32,1.42,1,orujo
osa,6.05,1.15,5.5,1.64,1,osa
osadía,4.7,1.63,6.15,1.39,1,osadia
osamenta,5.25,1.28,5.0,1.93,1,osamenta
oscar,6.4,1.39,5.5,1.43,1,oscar
oscilación,5.0,0.67,4.9,1.29,1,oscilacion
oscilar,4.95,0.69,4.8,0.95,1,oscilar
oscuridad,3.75,1.45,5.95,2.35,1,oscuridad
oscuro,3.5,1.28,5.85,1.92,1,oscuro
ósea,5.1,0.97,4.85,0.75,1,osea
osito,7.7,1.59,2.9,1.86,1,osito
oso,6.65,1.42,5.85,1.98,1,oso
ostentación,3.69,1.49,6.15,1.14,1,ostentacion
ostentar,4.33,0.97,6.15,0.99,1,ostentar
osteoporosis,2.84,1.38,6.55,1.79,1,osteoporosis
ostra,5.45,1.47,4.7,1.72,1,ostra
ostracismo,4.0,1.26,6.4,1.35,1,ostracismo
otitis,2.11,1.41,6.95,1.47,1,otitis
otomano,4.92,0.67,5.2,0.92,1,otomano
otoño,6.48,1.5,4.2,1.88,1,otono
otorgamiento,5.9,1.17,5.2,1.28,1,otorgamiento
otorgar,5.75,1.37,4.95,1.7,1,otorgar
otro,4.75,0.72,5.25,0.79,1,otro
otrora,3.75,1.89,4.29,0.95,1,otrora
ovación,6.6,1.76,5.95,1.65,1,ovacion
oval,5.29,0.59,4.53,1.02,1,oval
óvalo,5.25,0.64,4.68,1.2,1,ovalo
ovario,5.8,1.47,5.65,0.93,1,ovario
ovarios,5.3,1.63,5.85,1.53,1,ovarios
oveja,6.0,0.97,3.95,1.47,1,oveja
ovino,5.65,1.09,4.47,1.39,1,ovino
óvulo,5.95,1.47,5.4,0.99,1,ovulo
oxidación,4.0,0.79,4.9,1.71,1,oxidacion
oxidado,3.5,1.1,5.4,1.55,1,oxidado
oxido,4.5,0.61,5.05,1.1,1,oxido
óxido,4.8,1.01,5.3,1.17,1,oxido
oxigeno,6.65,1.66,4.15,1.81,1,oxigeno
oxígeno,7.35,1.5,4.8,2.26,1,oxigeno
oye,6.0,1.3,5.7,1.17,1,oye
oyente,5.3,0.66,4.25,1.41,1,oyente
ozono,4.9,1.21,5.55,1.47,1,ozono
pabellón,5.95,1.32,5.85,1.23,1,pabellon
pacer,5.43,0.79,3.29,1.6,1,pacer
pachanga,6.25,1.65,6.63,1.74,1,pachanga
pacharán,6.08,1.93,5.23,1.42,1,pacharan
paciencia,6.3,1.38,3.5,1.91,1,paciencia
paciente,5.28,1.69,4.65,2.05,1,paciente
pacífica,7.55,1.15,3.2,2.28,1,pacifica
pacificación,6.9,1.21,3.75,2.0,1,pacificacion
pacificar,7.05,1.23,3.35,1.98,1,pacificar
pacifista,7.3,1.17,3.05,2.19,1,pacifista
paco,5.78,1.4,4.42,1.87,1,paco
pactar,5.75,1.02,5.35,1.87,1,pactar
pacto,5.4,1.5,5.2,1.54,1,pacto
padecer,2.5,1.47,6.85,1.23,1,padecer
padecimiento,2.25,1.41,7.4,1.39,1,padecimiento
padrastro,4.35,1.23,5.55,1.36,1,padrastro
padre,7.4,2.0,4.2,2.27,1,padre
padrino,7.15,1.42,4.8,1.77,1,padrino
padrón,5.33,0.91,4.15,1.57,1,padron
paganismo,4.59,1.12,5.5,1.55,1,paganismo
pagano,5.0,0.97,5.26,1.66,1,pagano
pagar,4.25,1.41,5.85,1.66,1,pagar
página,5.35,0.88,4.37,1.34,1,pagina
pago,4.0,1.08,6.3,1.38,1,pago
pagos,3.35,1.76,6.6,1.39,1,pagos
país,6.15,1.27,5.2,1.32,1,pais
paisaje,8.1,0.97,2.6,1.64,1,paisaje
paisano,6.7,1.38,4.75,1.41,1,paisano
paja,5.35,1.27,4.9,1.77,1,paja
pajarita,6.25,1.48,4.6,1.23,1,pajarita
pájaro,6.9,1.17,3.15,2.08,1,pajaro
paje,5.55,0.69,4.45,1.23,1,paje
pakistaní,4.35,1.04,6.3,1.84,1,pakistani
pala,5.0,1.17,4.7,1.56,1,pala
palabra,5.8,1.4,4.55,1.15,1,palabra
palacio,6.08,1.61,6.05,1.43,1,palacio
paladar,6.2,1.24,5.4,1.35,1,paladar
palanca,4.95,0.94,4.4,1.27,1,palanca
palco,5.65,1.04,5.4,0.94,1,palco
paleolítico,5.4,1.31,4.05,1.32,1,paleolitico
paleontología,5.37,1.83,4.65,1.5,1,paleontologia
paleontólogo,5.65,1.14,5.05,1.22,1,paleontologo
palestina,4.35,1.6,6.15,1.35,1,palestina
palestino,4.8,0.7,5.55,1.88,1,palestino
palestra,4.63,1.16,6.0,1.41,1,palestra
paleta,4.5,1.5,4.75,1.21,1,paleta
paliar,6.11,1.02,4.63,1.46,1,paliar
palidecer,3.56,1.1,5.83,1.54,1,palidecer
palidez,4.0,1.08,4.95,1.23,1,palidez
pálido,3.55,1.15,6.05,1.39,1,palido
palio,5.09,1.87,3.92,1.73,1,palio
paliza,1.65,0.93,7.9,1.33,1,paliza
palma,5.4,1.19,4.95,1.19,1,palma
palmera,6.05,1.36,3.65,1.42,1,palmera
palmo,5.35,0.75,4.95,1.36,1,palmo
palo,5.15,0.49,5.2,0.62,1,palo
paloma,5.85,1.83,3.85,1.56,1,paloma
palometa,4.87,1.25,4.68,1.11,1,palometa
palpitante,5.4,1.27,6.5,1.36,1,palpitante
paludismo,3.38,1.45,5.88,1.54,1,paludismo
pampa,4.89,0.78,4.85,0.8,1,pampa
pampero,5.86,0.9,5.25,1.98,1,pampero
pan,6.0,0.97,3.75,1.77,1,pan
pana,5.55,1.7,4.6,1.1,1,pana
panacea,5.92,1.51,4.5,1.35,1,panacea
panadería,6.7,1.08,4.1,1.52,1,panaderia
panadero,6.1,1.33,4.25,1.74,1,panadero
panameño,5.9,1.68,4.94,0.56,1,panameno
pancarta,5.63,1.03,5.55,1.7,1,pancarta
páncreas,4.8,0.77,5.4,1.47,1,pancreas
pandemia,2.21,1.03,7.0,2.2,1,pandemia
pandereta,6.45,1.54,4.6,1.88,1,pandereta
pandilla,6.6,2.04,6.0,1.89,1,pandilla
panel,5.2,0.62,4.45,1.28,1,panel
panera,5.89,1.24,4.45,1.23,1,panera
panfleto,5.15,1.23,4.8,1.64,1,panfleto
pánico,2.45,1.4,7.9,0.98,1,panico
paño,5.15,0.67,4.15,1.66,1,pano
panorama,5.0,1.08,5.05,1.15,1,panorama
panorámica,6.4,1.39,4.55,1.73,1,panoramica
pantalla,5.75,1.12,3.9,1.55,1,pantalla
pantalón,5.65,1.04,4.55,1.9,1,pantalon
pantano,4.85,1.21,5.35,1.92,1,pantano
pantanoso,3.35,1.63,5.9,1.12,1,pantanoso
panteón,3.3,2.05,5.95,2.09,1,panteon
pantera,5.8,1.64,7.15,1.84,1,pantera
pantomima,5.35,2.62,5.45,1.19,1,pantomima
pantorrilla,5.05,0.69,5.15,1.31,1,pantorrilla
pantufla,5.85,1.23,3.55,1.47,1,pantufla
pañuelo,5.1,1.34,3.9,1.45,1,panuelo
panza,4.5,2.04,4.8,1.85,1,panza
papa,6.5,2.28,4.1,2.05,1,papa
papá,7.45,1.76,4.3,2.81,1,papa
papado,4.2,1.21,4.0,1.69,1,papado
papagayo,6.55,1.54,5.05,1.58,1,papagayo
papal,4.35,1.41,4.75,0.45,1,papal
papaya,5.55,1.15,4.9,2.0,1,papaya
papel,5.25,0.72,4.45,1.15,1,papel
papelera,4.95,0.83,4.5,1.24,1,papelera
papeleta,5.15,1.09,4.75,1.33,1,papeleta
paperas,3.1,1.02,6.45,1.67,1,paperas
papiro,5.55,1.19,4.7,1.72,1,papiro
paquete,5.6,1.19,5.6,1.27,1,paquete
paquistaní,4.3,1.13,6.7,1.38,1,paquistani
par,6.2,1.32,4.35,1.53,1,par
paraba,5.18,0.98,5.2,1.08,1,paraba
parábola,5.05,0.94,4.65,1.66,1,parabola
paracaidismo,5.9,1.86,7.7,1.22,1,paracaidismo
parada,5.5,1.0,4.85,1.35,1,parada
paradero,4.55,0.83,5.25,1.48,1,paradero
paradigma,4.95,1.32,5.6,0.94,1,paradigma
parado,2.9,1.48,4.5,1.79,1,parado
paradoja,5.9,1.02,5.25,1.77,1,paradoja
paradójico,5.25,1.02,5.75,1.59,1,paradojico
paraguas,5.2,0.89,4.68,1.47,1,paraguas
paraguaya,5.3,0.8,4.65,1.93,1,paraguaya
paraguayo,5.5,1.24,5.0,0.92,1,paraguayo
paragüero,5.2,0.77,4.55,1.05,1,paraguero
paraíso,7.95,1.18,3.7,2.88,1,paraiso
paraje,6.05,1.15,3.95,1.58,1,paraje
paralelismo,5.25,1.02,5.25,1.12,1,paralelismo
paralelo,5.2,0.7,4.85,1.04,1,paralelo
parálisis,2.1,1.12,6.75,1.78,1,paralisis
paralización,3.55,1.15,6.25,1.92,1,paralizacion
paralizar,3.4,1.05,6.25,1.29,1,paralizar
parámetro,5.1,0.31,5.1,1.12,1,parametro
paramilitar,4.63,0.76,6.11,1.53,1,paramilitar
páramo,5.43,1.16,4.69,1.3,1,paramo
parangón,6.0,1.73,4.92,1.04,1,parangon
paranoia,3.65,2.03,7.3,0.92,1,paranoia
parapente,5.53,1.58,6.45,1.64,1,parapente
parapeto,5.0,0.82,5.33,0.71,1,parapeto
parar,4.85,0.88,4.15,1.35,1,parar
parásito,2.55,1.36,6.5,2.06,1,parasito
parca,4.41,1.62,5.76,2.39,1,parca
parcela,5.8,1.4,4.75,1.16,1,parcela
parche,4.25,1.29,4.95,1.1,1,parche
parchís,6.9,1.65,4.2,1.58,1,parchis
parcial,4.8,1.2,5.8,1.11,1,parcial
parcialidad,5.5,1.4,5.05,2.06,1,parcialidad
pareado,6.15,1.35,4.61,1.09,1,pareado
parece,4.75,0.85,4.85,1.35,1,parece
parecer,5.15,0.59,5.5,1.0,1,parecer
parecería,5.0,0.97,5.05,0.6,1,pareceria
pared,5.25,0.44,4.7,0.86,1,pared
pareja,7.85,1.27,5.78,2.35,1,pareja
parejo,5.65,1.23,4.55,1.32,1,parejo
parental,6.11,1.2,4.4,1.7,1,parental
parentesco,6.2,1.11,5.1,1.21,1,parentesco
paréntesis,5.4,1.19,4.3,1.72,1,parentesis
pareo,6.0,1.38,4.5,2.01,1,pareo
parezco,4.4,1.35,5.3,1.3,1,parezco
paridad,5.57,1.16,4.71,1.14,1,paridad
parienta,5.65,1.6,4.85,1.79,1,parienta
pariente,6.1,1.21,5.05,1.36,1,pariente
parir,6.75,1.83,7.95,1.19,1,parir
parisiense,5.94,1.29,5.0,1.9,1,parisiense
parisina,6.25,1.33,5.0,1.17,1,parisina
parisino,5.79,1.4,4.9,1.86,1,parisino
parking,4.9,0.97,5.55,1.57,1,parking
parlamentario,4.4,1.27,5.25,0.55,1,parlamentario
parlamento,4.25,1.59,5.4,1.64,1,parlamento
paro,2.15,1.18,6.85,1.5,1,paro
parodia,6.9,1.65,6.0,1.21,1,parodia
parón,4.4,0.99,4.2,1.67,1,paron
párpado,4.95,0.51,4.65,1.9,1,parpado
parque,7.7,1.08,3.75,1.45,1,parque
parra,5.6,1.27,4.16,1.86,1,parra
párrafo,5.25,0.79,4.55,1.7,1,parrafo
parricidio,2.79,1.63,7.47,1.6,1,parricidio
parrilla,6.15,0.81,4.75,1.25,1,parrilla
párroco,3.7,1.53,4.65,1.42,1,parroco
parroquia,3.65,1.46,4.45,1.85,1,parroquia
parroquial,4.45,2.11,4.55,1.57,1,parroquial
parte,4.95,0.81,4.8,1.47,1,parte
partición,5.2,0.83,5.7,1.72,1,particion
participación,6.85,1.04,5.75,1.74,1,participacion
participante,6.45,1.15,5.15,1.39,1,participante
participar,6.15,1.18,5.85,1.79,1,participar
participativa,6.5,1.05,4.85,2.08,1,participativa
partícipe,6.25,1.33,5.2,1.54,1,participe
partícula,5.2,0.41,4.9,0.97,1,particula
particular,5.3,1.17,4.9,1.33,1,particular
particularidad,5.8,1.44,5.1,1.62,1,particularidad
partida,5.4,1.5,5.9,1.29,1,partida
partidario,5.1,0.91,5.35,1.18,1,partidario
partidista,3.75,1.48,5.35,1.6,1,partidista
partido,5.75,1.41,6.1,1.59,1,partido
partir,4.15,1.53,5.65,1.39,1,partir
partitura,6.15,1.18,3.7,1.78,1,partitura
parto,7.0,1.62,8.0,1.08,1,parto
pasadizo,4.65,1.81,5.9,1.65,1,pasadizo
pasado,4.1,2.29,5.5,2.21,1,pasado
pasaje,6.15,1.57,4.48,1.48,1,pasaje
pasajera,5.05,0.76,4.9,1.92,1,pasajera
pasajero,5.75,1.07,4.2,1.85,1,pasajero
pasamanos,5.1,0.31,4.5,1.36,1,pasamanos
pasaporte,6.05,1.15,5.65,1.57,1,pasaporte
pasapurés,5.1,0.85,4.68,1.2,1,pasapures
pasar,5.15,1.09,4.85,1.66,1,pasar
pasarela,5.85,1.46,5.75,1.37,1,pasarela
pasatiempo,6.75,1.29,4.1,2.27,1,pasatiempo
pascua,7.1,1.74,5.4,1.54,1,pascua
pase,5.35,0.67,4.75,0.97,1,pase
pasear,7.5,1.05,2.65,1.95,1,pasear
paseo,7.3,1.03,2.5,1.5,1,paseo
pasillo,4.85,0.49,4.85,1.73,1,pasillo
pasión,8.03,1.37,7.78,1.39,1,pasion
pasional,7.75,0.97,7.35,2.03,1,pasional
pasionaria,6.1,1.59,6.25,1.29,1,pasionaria
pasividad,3.9,1.45,3.5,2.04,1,pasividad
pasivo,3.8,1.7,3.15,1.9,1,pasivo
paso,5.6,1.27,4.95,1.05,1,paso
pasodoble,5.5,1.4,5.55,1.32,1,pasodoble
pasta,7.25,1.45,5.4,1.43,1,pasta
pastel,7.58,1.3,4.28,2.37,1,pastel
pastelero,7.35,1.66,5.0,1.86,1,pastelero
pastilla,2.9,1.52,6.1,1.52,1,pastilla
pasto,6.0,1.17,4.0,1.69,1,pasto
pastor,5.3,1.17,4.0,1.21,1,pastor
pastoral,4.7,1.3,4.21,1.69,1,pastoral
pastoreo,5.65,0.99,3.9,1.45,1,pastoreo
pastoril,5.5,1.05,4.0,1.3,1,pastoril
pata,5.2,0.89,5.0,0.73,1,pata
patada,3.45,1.1,6.85,0.99,1,patada
patata,6.15,1.04,3.95,1.57,1,patata
paté,5.84,2.09,5.0,1.56,1,pate
patente,5.65,0.81,4.65,1.27,1,patente
patera,2.6,0.94,5.35,1.42,1,patera
paterna,6.11,1.56,4.68,1.49,1,paterna
paternal,7.0,1.95,4.85,1.31,1,paternal
paternidad,7.5,1.64,5.25,2.43,1,paternidad
patético,3.0,1.12,6.25,1.02,1,patetico
patíbulo,4.0,1.49,6.56,1.88,1,patibulo
patín,6.05,1.39,5.6,1.82,1,patin
patinaje,7.05,1.36,5.9,2.29,1,patinaje
patinar,6.85,1.87,6.0,1.59,1,patinar
patinete,5.75,1.12,5.4,2.19,1,patinete
patio,5.65,0.75,4.7,1.26,1,patio
pato,6.1,1.25,4.2,1.24,1,pato
patógeno,3.35,1.23,6.58,1.68,1,patogeno
patología,2.7,1.3,6.9,1.45,1,patologia
patológico,3.25,1.55,6.75,1.12,1,patologico
patria,5.8,1.7,5.5,1.57,1,patria
patriarca,5.1,1.97,6.05,1.05,1,patriarca
patriarcal,4.45,1.47,5.3,1.45,1,patriarcal
patrimonial,5.5,1.28,5.1,1.29,1,patrimonial
patrimonio,6.05,1.15,5.4,1.23,1,patrimonio
patriota,4.75,2.37,5.38,1.56,1,patriota
patriótico,4.3,1.66,5.3,1.63,1,patriotico
patriotismo,4.8,1.61,5.05,1.39,1,patriotismo
patrocinado,5.65,1.09,4.95,1.23,1,patrocinado
patrocinador,5.55,1.23,5.2,1.47,1,patrocinador
patrocinio,5.4,0.94,4.9,1.25,1,patrocinio
patrón,5.3,1.26,4.95,1.15,1,patron
patrona,5.2,1.15,5.3,1.22,1,patrona
patronal,5.25,0.91,4.8,1.24,1,patronal
patronato,4.85,0.81,4.33,1.68,1,patronato
patrono,5.07,1.22,4.5,1.21,1,patrono
paulatina,5.7,1.3,4.55,1.64,1,paulatina
pausa,5.0,1.17,3.45,1.79,1,pausa
pausado,4.63,1.03,3.1,1.6,1,pausado
pauta,5.0,0.97,4.25,1.48,1,pauta
pava,5.1,1.41,5.15,1.39,1,pava
pavada,3.93,1.54,5.67,1.68,1,pavada
pavía,5.0,0.0,5.13,0.83,1,pavia
pavimento,5.05,0.22,4.3,1.34,1,pavimento
pavo,5.45,1.39,4.5,1.28,1,pavo
pavor,2.7,0.73,6.16,2.36,1,pavor
payaso,5.55,2.19,5.5,2.26,1,payaso
paz,8.45,0.9,2.28,2.12,1,paz
pazo,5.0,0.0,3.7,1.64,1,pazo
peaje,3.1,1.45,5.3,1.17,1,peaje
peatonal,5.5,1.05,4.65,1.35,1,peatonal
peca,6.15,1.63,4.26,1.79,1,peca
pecado,3.85,1.76,6.65,1.82,1,pecado
pecador,3.5,1.64,6.25,1.55,1,pecador
pecaminoso,4.53,1.26,6.0,1.73,1,pecaminoso
pecar,4.15,1.6,6.25,1.55,1,pecar
pecho,5.5,1.0,5.8,1.2,1,pecho
peculiar,6.25,1.21,5.7,1.03,1,peculiar
peculiaridad,7.05,1.54,5.05,1.1,1,peculiaridad
pedagogía,6.25,1.68,4.6,1.64,1,pedagogia
pedagógica,5.9,1.17,4.35,1.5,1,pedagogica
pedagogo,5.8,1.4,3.75,1.68,1,pedagogo
pedante,3.17,1.2,6.21,1.62,1,pedante
pedazo,4.9,0.85,4.25,1.48,1,pedazo
pederastia,1.25,0.64,7.7,2.03,1,pederastia
pedestal,6.0,1.62,4.7,0.98,1,pedestal
pediatra,6.05,1.32,4.5,2.4,1,pediatra
pedir,4.0,1.26,6.0,1.3,1,pedir
pediré,4.5,1.05,5.45,1.1,1,pedire
pedofilia,1.26,0.73,7.35,1.57,1,pedofilia
pegajoso,3.65,1.39,6.3,1.81,1,pegajoso
pegamento,5.2,0.7,4.4,1.54,1,pegamento
pegar,2.35,1.46,7.05,1.7,1,pegar
peinado,7.0,1.41,4.95,1.39,1,peinado
peine,6.2,1.24,4.25,1.55,1,peine
pelador,4.25,1.29,4.25,1.68,1,pelador
pelaje,5.7,1.45,4.35,1.42,1,pelaje
pelar,4.7,1.53,5.1,1.62,1,pelar
peldaño,5.45,0.94,4.58,1.5,1,peldano
pelea,2.8,1.67,7.3,1.81,1,pelea
pelear,3.05,1.76,7.45,1.1,1,pelear
pelícano,6.45,1.47,5.05,1.73,1,pelicano
película,7.73,1.28,4.9,2.18,1,pelicula
peligrar,2.45,1.54,7.95,1.19,1,peligrar
peligro,2.93,1.77,8.0,1.03,1,peligro
peligrosidad,2.95,1.23,7.55,1.43,1,peligrosidad
peligroso,2.65,1.31,7.8,1.11,1,peligroso
pella,4.81,1.22,5.44,1.09,1,pella
pellejo,4.1,1.21,5.1,1.62,1,pellejo
pellizco,3.55,1.28,6.8,1.36,1,pellizco
pelo,7.15,1.69,4.85,1.57,1,pelo
pelota,5.65,1.87,5.4,1.98,1,pelota
pelotón,4.05,1.9,5.9,1.41,1,peloton
peluca,5.05,0.83,4.85,1.27,1,peluca
peluche,7.25,1.33,2.05,1.23,1,peluche
peludo,4.55,1.67,5.35,1.79,1,peludo
peluquera,5.35,1.69,5.3,1.56,1,peluquera
peluquería,6.15,1.84,4.45,1.47,1,peluqueria
peluquero,5.75,1.41,4.7,1.45,1,peluquero
pelvis,5.55,1.19,6.0,1.49,1,pelvis
pena,1.9,0.91,5.85,1.69,1,pena
peña,6.5,1.57,5.55,1.67,1,pena
penal,3.1,1.41,6.85,1.14,1,penal
penalización,3.75,1.33,6.55,1.43,1,penalizacion
penalizar,3.0,1.92,6.5,1.36,1,penalizar
penalti,5.0,1.12,5.95,1.85,1,penalti
peñasco,5.17,1.04,5.74,1.79,1,penasco
pender,4.42,0.9,6.12,1.32,1,pender
pendiente,4.3,1.59,5.3,0.86,1,pendiente
pendón,3.1,1.68,5.85,1.76,1,pendon
péndulo,5.3,1.08,4.6,1.96,1,pendulo
pene,6.45,1.58,7.28,1.84,1,pene
penetración,6.25,1.94,7.55,1.64,1,penetracion
penetrante,5.55,1.64,6.8,1.28,1,penetrante
penetrar,5.9,1.45,6.65,1.73,1,penetrar
penicilina,5.8,1.74,5.65,1.18,1,penicilina
península,5.4,1.35,4.35,1.57,1,peninsula
peninsular,5.85,1.31,4.45,1.28,1,peninsular
penique,5.45,0.83,4.3,1.63,1,penique
penitencia,2.9,1.21,6.45,1.61,1,penitencia
penitenciario,3.1,1.12,6.9,1.33,1,penitenciario
penitente,3.6,1.35,5.45,1.39,1,penitente
peñón,4.95,0.78,5.1,1.12,1,penon
penoso,3.1,1.17,6.03,1.19,1,penoso
pensador,6.4,1.82,4.3,1.72,1,pensador
pensamiento,7.15,1.21,4.68,1.86,1,pensamiento
pensante,6.35,1.18,4.65,1.87,1,pensante
pensar,7.3,1.45,4.75,2.0,1,pensar
pensaré,5.65,1.23,5.6,1.67,1,pensare
pensaría,5.7,1.49,4.9,1.25,1,pensaria
pensativo,6.1,1.59,3.7,1.75,1,pensativo
pensión,5.7,2.03,4.5,2.06,1,pension
pentagrama,5.4,1.05,4.9,2.22,1,pentagrama
penúltimo,3.45,1.19,5.35,1.6,1,penultimo
penumbra,3.75,1.94,5.45,1.93,1,penumbra
penuria,2.2,1.01,6.55,1.67,1,penuria
peón,4.63,1.01,4.63,1.38,1,peon
peonía,5.4,0.55,4.33,1.73,1,peonia
peonza,6.4,1.05,4.15,1.42,1,peonza
peor,2.25,1.29,6.7,1.38,1,peor
pepino,5.75,1.16,4.25,1.25,1,pepino
peque,6.95,1.57,4.0,2.11,1,peque
pequeñez,5.85,1.57,4.35,0.93,1,pequenez
pequeño,5.45,1.19,3.9,1.37,1,pequeno
pera,5.55,1.28,4.5,1.47,1,pera
peral,6.1,1.25,4.3,1.17,1,peral
perca,5.0,0.71,4.2,1.32,1,perca
percance,3.45,1.0,6.79,1.32,1,percance
percebe,5.55,1.1,4.6,1.23,1,percebe
percepción,6.4,1.19,5.7,1.03,1,percepcion
perchero,5.45,1.05,4.75,0.79,1,perchero
percibir,5.85,1.35,5.2,1.58,1,percibir
percibo,6.25,1.52,4.65,0.93,1,percibo
perdedor,2.75,1.16,6.63,1.6,1,perdedor
perder,2.3,1.13,6.35,1.46,1,perder
perderé,2.45,1.39,6.5,2.04,1,perdere
perdición,3.35,1.27,6.2,1.24,1,perdicion
pérdida,2.3,0.98,7.3,1.26,1,perdida
perdido,3.15,1.29,6.48,1.41,1,perdido
perdiz,5.95,1.39,4.75,1.25,1,perdiz
perdón,7.0,1.34,4.2,2.48,1,perdon
perdonar,7.9,1.12,4.7,2.11,1,perdonar
perdurable,6.05,1.23,4.6,2.09,1,perdurable
perdurar,6.75,1.37,4.7,1.87,1,perdurar
perecer,3.05,1.79,5.7,1.56,1,perecer
peregrina,5.45,1.1,5.1,1.52,1,peregrina
peregrinación,6.1,1.52,4.6,1.93,1,peregrinacion
peregrinaje,5.45,0.89,4.55,1.73,1,peregrinaje
peregrino,5.68,1.49,4.85,1.73,1,peregrino
perejil,5.6,1.14,4.3,1.49,1,perejil
perenne,5.58,1.07,4.0,1.72,1,perenne
pereza,3.65,1.6,4.2,2.48,1,pereza
perezoso,4.45,1.77,2.7,1.68,1,perezoso
perfección,6.88,2.02,4.7,2.34,1,perfeccion
perfeccionamiento,6.95,0.89,6.35,2.03,1,perfeccionamiento
perfeccionar,7.35,1.5,6.75,1.21,1,perfeccionar
perfecto,7.75,0.85,4.7,2.25,1,perfecto
perfidia,3.71,1.7,6.0,2.27,1,perfidia
perfil,5.3,0.73,4.55,1.54,1,perfil
perfilar,5.9,1.17,5.2,1.06,1,perfilar
perforación,4.0,1.38,6.4,1.79,1,perforacion
perforar,3.95,1.36,6.3,1.63,1,perforar
perfume,7.13,1.04,4.33,2.15,1,perfume
pergamino,5.5,0.95,4.95,1.28,1,pergamino
pericia,5.84,1.64,5.74,2.0,1,pericia
pericial,4.72,1.18,5.57,1.28,1,pericial
periferia,5.2,1.47,4.65,1.66,1,periferia
periférica,5.3,0.86,5.0,1.45,1,periferica
perífrasis,4.95,0.52,5.24,0.83,1,perifrasis
perímetro,4.55,0.83,5.05,1.39,1,perimetro
periódica,5.75,1.25,4.85,1.46,1,periodica
periodicidad,5.4,1.05,4.3,1.66,1,periodicidad
periódico,5.85,1.09,4.65,1.5,1,periodico
periodismo,5.45,1.23,5.65,1.18,1,periodismo
periodista,5.55,1.0,4.75,1.62,1,periodista
periodística,5.0,0.86,5.0,1.17,1,periodistica
periodo,4.25,1.25,5.1,1.25,1,periodo
período,4.7,1.75,4.8,1.36,1,periodo
peripecia,5.47,1.07,6.06,1.39,1,peripecia
periquito,7.45,1.39,4.7,2.18,1,periquito
perito,4.4,0.68,6.05,1.36,1,perito
perjudicar,2.35,1.14,7.25,1.16,1,perjudicar
perjudicial,2.6,1.35,6.65,1.79,1,perjudicial
perjuicio,2.6,1.5,6.45,0.94,1,perjuicio
perjurio,3.47,1.18,6.45,1.32,1,perjurio
perla,6.7,1.38,4.25,2.0,1,perla
permanecer,5.65,1.35,4.65,1.98,1,permanecer
permanencia,5.3,1.3,4.55,1.36,1,permanencia
permanente,5.35,1.23,4.85,2.08,1,permanente
permeabilidad,5.3,0.66,4.55,1.36,1,permeabilidad
permiso,6.0,1.49,4.5,1.43,1,permiso
permitir,6.3,1.42,5.0,2.03,1,permitir
perniciosa,3.5,1.98,6.25,1.29,1,perniciosa
pero,4.45,1.05,5.25,1.29,1,pero
perol,5.42,0.51,5.0,2.09,1,perol
perola,5.44,0.78,4.72,1.32,1,perola
peroné,4.95,0.22,4.95,0.89,1,perone
perpendicular,4.95,1.05,4.9,1.21,1,perpendicular
perpetua,3.95,1.54,6.45,1.76,1,perpetua
perpetuar,5.05,1.15,6.22,1.31,1,perpetuar
perpetuidad,4.58,1.57,5.16,1.61,1,perpetuidad
perplejidad,4.05,1.36,5.65,1.14,1,perplejidad
perplejo,4.45,1.05,5.4,1.57,1,perplejo
perrito,8.05,1.0,4.2,2.28,1,perrito
perro,7.33,1.67,4.6,2.31,1,perro
persa,5.7,1.08,4.25,1.45,1,persa
persecución,3.0,1.34,7.45,1.28,1,persecucion
perseguidor,3.15,1.31,6.55,1.96,1,perseguidor
perseguir,3.8,1.99,6.65,1.23,1,perseguir
perseverancia,6.9,1.59,4.95,2.09,1,perseverancia
perseverar,5.8,1.15,5.25,1.59,1,perseverar
persianas,5.2,0.52,4.45,1.28,1,persianas
persistencia,6.6,1.23,5.35,2.16,1,persistencia
persistente,5.95,1.64,5.2,1.99,1,persistente
persistir,6.4,1.31,5.53,1.84,1,persistir
persona,6.73,1.41,5.15,1.67,1,persona
personaje,5.75,1.16,5.3,1.08,1,personaje
personal,6.0,1.45,4.65,1.53,1,personal
personalidad,6.9,1.07,5.25,2.07,1,personalidad
personificación,6.1,1.21,4.95,0.76,1,personificacion
perspectiva,6.35,1.09,4.8,1.06,1,perspectiva
perspicacia,5.85,1.57,6.1,1.37,1,perspicacia
perspicaz,6.25,1.29,5.7,1.42,1,perspicaz
persuadir,4.65,2.28,6.05,1.27,1,persuadir
persuasión,4.9,1.55,6.3,1.63,1,persuasion
pertenece,5.65,1.09,4.85,1.09,1,pertenece
pertenecer,5.75,1.29,5.1,1.92,1,pertenecer
pertenecería,4.76,1.15,5.27,1.39,1,perteneceria
perteneciente,5.75,0.97,4.75,1.07,1,perteneciente
pertenencia,5.45,1.23,4.7,1.63,1,pertenencia
pertenezco,5.95,1.76,5.0,1.38,1,pertenezco
pértiga,5.06,0.24,5.65,1.57,1,pertiga
pertinaz,5.31,0.95,4.29,1.54,1,pertinaz
pertinencia,5.32,1.29,5.17,0.86,1,pertinencia
perturbación,2.8,1.11,7.05,0.89,1,perturbacion
perturbar,3.2,1.51,7.1,0.79,1,perturbar
peruano,4.85,1.35,4.95,1.05,1,peruano
perversidad,3.1,1.48,6.7,1.66,1,perversidad
perversión,3.0,2.2,7.15,1.69,1,perversion
perverso,2.95,2.42,7.05,1.15,1,perverso
pervertido,2.35,1.57,7.33,1.16,1,pervertido
pesadez,3.3,1.26,5.35,1.6,1,pesadez
pesadilla,1.8,0.77,7.6,1.31,1,pesadilla
pesado,3.45,0.76,5.55,1.82,1,pesado
pesadumbre,2.9,0.97,5.95,1.61,1,pesadumbre
pésame,2.35,0.99,7.25,1.21,1,pesame
pesar,4.1,1.25,5.9,1.65,1,pesar
pesas,4.7,1.34,6.05,1.0,1,pesas
pesca,5.35,1.18,3.95,1.82,1,pesca
pescadero,5.35,0.88,4.6,1.23,1,pescadero
pescadilla,5.6,1.54,4.7,1.59,1,pescadilla
pescaditos,6.0,1.41,4.6,1.47,1,pescaditos
pescado,5.38,1.81,4.68,1.53,1,pescado
pescador,5.65,1.27,3.8,1.47,1,pescador
pescar,5.8,1.36,4.1,1.83,1,pescar
pescuezo,4.32,0.75,6.4,1.23,1,pescuezo
pesebre,5.47,1.87,4.15,1.23,1,pesebre
peseta,5.6,1.05,5.5,1.36,1,peseta
pésima,2.4,1.05,5.55,1.47,1,pesima
pesimismo,2.3,1.24,6.8,1.51,1,pesimismo
pesimista,2.7,1.49,6.8,1.61,1,pesimista
peso,4.3,1.34,5.85,0.99,1,peso
pesquera,5.2,1.06,4.75,1.25,1,pesquera
pesquero,5.1,0.97,4.95,1.28,1,pesquero
pestañas,6.35,1.09,4.7,1.69,1,pestanas
peste,2.32,1.06,6.65,1.27,1,peste
petanca,5.6,0.6,4.0,1.59,1,petanca
petición,5.85,0.99,5.95,1.36,1,peticion
petirrojo,6.0,1.59,4.56,1.54,1,petirrojo
peto,5.05,0.94,4.4,1.54,1,peto
petróleo,4.55,1.79,6.15,1.93,1,petroleo
petrolero,3.21,1.65,5.5,1.43,1,petrolero
petunia,5.61,1.09,4.24,1.71,1,petunia
pezón,6.3,1.3,6.68,1.21,1,pezon
pía,5.89,1.29,4.67,1.11,1,pia
piadoso,6.2,1.32,3.7,1.49,1,piadoso
pianista,7.35,1.23,3.7,2.27,1,pianista
piano,7.1,1.41,2.65,1.39,1,piano
pianola,5.95,1.39,4.11,1.41,1,pianola
piar,5.95,1.39,3.88,1.54,1,piar
pica,3.7,1.84,6.4,1.1,1,pica
picador,4.37,1.54,5.84,1.68,1,picador
picadora,4.25,0.97,5.85,0.99,1,picadora
picaflor,4.55,1.99,6.71,1.49,1,picaflor
picante,5.25,1.59,7.3,1.17,1,picante
picar,3.85,1.46,5.9,1.17,1,picar
picardía,7.4,1.19,5.55,0.94,1,picardia
pícaro,5.55,1.54,6.15,1.04,1,picaro
pico,4.6,1.5,5.5,1.43,1,pico
picón,4.38,1.5,5.32,1.63,1,picon
picota,6.35,2.01,4.79,1.13,1,picota
pictórica,5.55,0.94,5.15,1.31,1,pictorica
pide,4.89,1.1,5.35,1.35,1,pide
pido,4.5,1.0,5.11,0.81,1,pido
pie,5.2,0.95,4.2,1.49,1,pie
piedad,5.2,1.79,4.6,1.93,1,piedad
piedra,5.3,1.45,4.15,1.53,1,piedra
piel,5.68,1.42,4.9,1.74,1,piel
piensa,6.95,1.28,5.25,1.86,1,piensa
pienso,6.6,1.31,4.8,2.07,1,pienso
pierde,3.25,1.16,6.9,1.65,1,pierde
pierdo,3.0,0.97,6.4,1.54,1,pierdo
pierna,5.85,1.46,4.45,1.47,1,pierna
pieza,5.45,1.06,4.95,0.71,1,pieza
pigmento,4.95,0.51,4.35,1.93,1,pigmento
pijama,7.0,1.38,2.6,1.43,1,pijama
pila,5.45,1.32,5.05,0.89,1,pila
pilar,5.2,1.4,4.6,1.85,1,pilar
pilas,5.4,1.19,4.9,0.64,1,pilas
píldora,3.95,1.1,5.4,2.14,1,pildora
pillaje,4.59,0.94,6.24,1.15,1,pillaje
pillo,6.0,1.2,5.85,1.53,1,pillo
piloto,5.6,0.68,5.65,1.5,1,piloto
pimentón,5.1,1.37,4.8,1.54,1,pimenton
pimienta,5.25,1.07,5.75,1.41,1,pimienta
pimiento,4.85,1.95,4.45,1.47,1,pimiento
pimientos,5.45,2.21,4.55,1.19,1,pimientos
pin,5.75,1.41,4.65,1.6,1,pin
piña,6.5,2.21,5.0,1.78,1,pina
pinar,6.32,1.2,2.89,1.56,1,pinar
pincel,5.5,0.89,3.2,1.54,1,pincel
pinchazo,2.65,1.66,6.65,1.63,1,pinchazo
pinche,5.68,1.11,4.55,1.76,1,pinche
pingüino,6.3,1.53,4.25,1.83,1,pinguino
pino,5.9,0.91,3.9,1.52,1,pino
pinta,5.65,1.27,4.9,1.45,1,pinta
pintar,6.55,1.39,3.55,2.01,1,pintar
pinto,5.84,1.38,4.45,1.32,1,pinto
pintor,6.25,1.55,4.75,1.62,1,pintor
pintora,6.4,1.14,3.7,1.75,1,pintora
pintoresco,6.6,1.23,5.05,1.47,1,pintoresco
pintura,7.03,1.29,4.23,1.79,1,pintura
pinzón,4.61,1.61,5.06,1.56,1,pinzon
piojo,2.93,1.4,6.7,1.32,1,piojo
piojos,2.55,1.19,6.95,1.68,1,piojos
pionera,6.7,1.49,5.65,1.39,1,pionera
pionero,6.6,1.35,5.9,1.74,1,pionero
pipa,5.15,1.63,4.9,1.25,1,pipa
pipeta,5.17,0.92,5.0,0.97,1,pipeta
piqué,4.85,0.38,4.95,1.13,1,pique
piqueta,4.81,1.33,5.33,1.5,1,piqueta
pira,4.33,1.21,5.14,0.69,1,pira
piragüismo,6.35,1.63,5.3,1.81,1,piraguismo
piramidal,4.6,1.14,5.15,0.49,1,piramidal
pirámide,5.75,1.02,5.3,0.73,1,piramide
piraña,3.65,1.93,7.05,1.19,1,pirana
pirata,5.5,2.14,6.5,1.4,1,pirata
piratear,4.7,1.53,5.9,1.92,1,piratear
piratería,4.25,2.07,5.7,1.56,1,pirateria
pirita,5.29,1.1,4.38,1.39,1,pirita
pirotecnia,4.92,1.63,6.79,1.67,1,pirotecnia
pisa,5.3,1.38,4.9,1.48,1,pisa
pisar,4.2,1.44,6.15,1.14,1,pisar
piscina,7.1,1.29,4.85,2.46,1,piscina
pisco,5.2,0.45,3.8,1.79,1,pisco
piso,5.9,1.48,4.3,1.34,1,piso
pista,5.75,0.91,5.4,1.47,1,pista
pistacho,6.25,1.29,5.1,1.21,1,pistacho
pistola,2.55,1.3,7.33,1.56,1,pistola
pistón,5.24,0.56,5.25,1.21,1,piston
pita,5.67,1.24,4.71,1.65,1,pita
pito,5.25,0.72,5.8,1.06,1,pito
pitón,3.59,1.76,7.35,1.37,1,piton
pívot,5.05,1.27,5.0,1.3,1,pivot
pivote,4.95,0.51,5.1,1.12,1,pivote
pizarra,6.15,1.39,5.3,1.66,1,pizarra
pizca,5.1,0.85,4.85,0.93,1,pizca
pizza,7.65,1.39,5.05,2.29,1,pizza
placa,5.2,1.28,4.85,1.31,1,placa
placas,3.95,1.28,5.4,1.6,1,placas
placenta,5.55,1.61,5.05,1.7,1,placenta
placentero,8.0,1.17,4.8,3.05,1,placentero
placer,8.18,1.2,6.55,3.25,1,placer
plaga,2.3,1.17,7.0,1.52,1,plaga
plagio,3.4,1.05,6.35,1.5,1,plagio
plan,6.7,1.38,5.5,1.99,1,plan
plana,4.79,0.54,4.7,0.98,1,plana
plancha,4.85,1.23,5.15,1.73,1,plancha
planeación,5.18,0.95,5.8,1.61,1,planeacion
planeamiento,5.5,0.83,4.95,1.32,1,planeamiento
planear,6.8,1.47,6.2,1.44,1,planear
planeta,6.1,1.41,5.6,1.7,1,planeta
planetario,6.15,1.35,4.75,1.45,1,planetario
planicie,5.08,0.9,3.55,1.51,1,planicie
planificación,6.55,1.28,4.85,2.01,1,planificacion
planificar,6.65,1.46,4.8,2.19,1,planificar
plano,5.05,0.39,4.25,1.02,1,plano
planta,6.35,1.25,3.7,2.15,1,planta
plantación,5.9,1.41,4.45,1.32,1,plantacion
plantar,6.8,1.15,4.05,1.79,1,plantar
plante,5.0,1.37,4.72,1.41,1,plante
planteamiento,5.2,1.2,4.8,1.61,1,planteamiento
plantear,5.25,0.72,4.55,1.47,1,plantear
plantel,5.44,0.53,4.13,1.46,1,plantel
planteo,5.2,0.95,4.9,1.12,1,planteo
plantilla,5.15,0.59,4.55,1.28,1,plantilla
plasma,5.6,1.23,4.65,1.04,1,plasma
plástica,6.2,1.7,4.5,1.82,1,plastica
plasticidad,6.15,1.69,5.15,1.46,1,plasticidad
plástico,4.25,1.37,4.6,1.39,1,plastico
plastilina,6.25,1.33,3.45,1.5,1,plastilina
plata,5.95,1.19,5.42,1.5,1,plata
plataforma,5.15,0.37,5.15,1.09,1,plataforma
platanero,5.42,0.84,4.25,1.29,1,platanero
plátano,6.35,1.27,4.3,2.18,1,platano
plátanos,6.3,1.22,4.8,1.67,1,platanos
platea,5.29,0.61,4.31,1.11,1,platea
plateado,5.95,1.23,4.95,1.5,1,plateado
plática,6.17,1.2,4.21,1.81,1,platica
platillo,4.95,0.89,5.7,1.72,1,platillo
platino,6.05,1.96,4.65,1.42,1,platino
plato,5.55,1.0,4.0,1.69,1,plato
plató,5.75,1.12,5.68,1.97,1,plato
platónico,5.5,1.47,5.4,1.9,1,platonico
plausible,6.0,1.41,4.94,1.73,1,plausible
playa,8.03,1.58,3.23,2.76,1,playa
playas,8.35,0.93,3.95,2.65,1,playas
playera,7.21,0.98,4.3,2.34,1,playera
playero,7.05,1.47,5.05,2.87,1,playero
plaza,5.6,0.94,4.5,1.15,1,plaza
plazo,4.4,0.99,5.75,1.07,1,plazo
plazoleta,5.83,1.04,4.16,1.26,1,plazoleta
plebe,4.16,1.64,5.25,1.59,1,plebe
plebiscito,5.0,0.0,5.86,1.07,1,plebiscito
plegaria,4.2,1.28,3.74,1.56,1,plegaria
pleito,3.84,1.4,6.31,1.47,1,pleito
plena,6.5,1.43,4.45,2.01,1,plena
plenaria,5.4,0.51,5.08,0.79,1,plenaria
plenitud,7.2,1.74,3.55,1.88,1,plenitud
pleno,6.15,1.27,4.6,2.06,1,pleno
plexo,5.15,0.99,5.07,0.46,1,plexo
pliego,5.16,0.9,4.95,1.35,1,pliego
pliegue,4.95,0.69,4.95,1.82,1,pliegue
plomo,4.15,1.04,5.55,1.05,1,plomo
pluma,6.55,1.23,3.75,1.62,1,pluma
plumaje,5.9,1.62,4.2,2.24,1,plumaje
plumas,5.85,1.18,3.85,1.93,1,plumas
plumífero,5.37,1.89,4.81,0.66,1,plumifero
plural,6.3,1.63,4.9,1.68,1,plural
pluralidad,6.0,1.08,4.9,1.17,1,pluralidad
pluralismo,5.95,1.27,5.05,1.39,1,pluralismo
pluralista,5.45,1.05,5.0,1.6,1,pluralista
plus,6.0,0.97,5.95,1.47,1,plus
plusmarca,6.33,1.44,5.77,1.09,1,plusmarca
plusvalía,4.69,2.18,5.37,1.34,1,plusvalia
plutón,5.35,1.04,5.6,1.35,1,pluton
plutonio,4.35,1.27,6.0,2.1,1,plutonio
pluvial,5.44,0.92,4.5,1.34,1,pluvial
población,5.55,1.0,4.8,1.51,1,poblacion
poblacional,5.25,0.55,5.05,0.94,1,poblacional
poblado,6.3,1.38,4.8,1.74,1,poblado
poblamiento,5.65,1.27,4.6,1.57,1,poblamiento
poblar,5.79,1.27,5.4,1.05,1,poblar
pobre,2.1,1.07,5.8,1.47,1,pobre
pobrecito,3.75,1.25,4.85,1.6,1,pobrecito
pobreza,1.6,1.14,6.65,2.41,1,pobreza
pocas,3.85,1.35,4.5,1.43,1,pocas
poción,5.15,0.88,6.0,1.25,1,pocion
poco,3.65,1.04,4.35,1.35,1,poco
podadora,5.0,0.47,4.68,1.45,1,podadora
poder,6.43,1.74,6.35,1.46,1,poder
poderío,5.15,1.95,6.0,1.49,1,poderio
poderosa,5.75,1.8,6.2,1.44,1,poderosa
poderoso,5.73,1.77,6.55,1.7,1,poderoso
podio,6.78,1.73,6.06,2.36,1,podio
podólogo,4.9,1.37,4.65,1.5,1,podologo
podré,7.25,1.12,6.15,2.43,1,podre
podredumbre,2.47,1.26,6.74,1.33,1,podredumbre
podría,5.25,1.71,5.25,1.59,1,podria
podrido,2.4,1.19,5.6,2.11,1,podrido
poema,7.05,1.19,3.4,2.06,1,poema
poesía,6.45,1.28,3.25,2.27,1,poesia
poeta,7.25,1.55,4.2,1.88,1,poeta
poética,7.35,1.42,4.05,2.33,1,poetica
poetisa,6.2,1.06,3.8,1.4,1,poetisa
polaco,5.15,1.09,5.35,1.14,1,polaco
polar,6.0,1.65,4.35,1.23,1,polar
polaridad,4.65,1.42,5.45,1.0,1,polaridad
polarización,4.9,0.79,4.65,1.42,1,polarizacion
polca,5.06,0.54,4.84,2.19,1,polca
pole,6.0,1.46,5.25,2.01,1,pole
polémica,3.45,1.1,6.95,1.39,1,polemica
polémico,3.65,1.5,6.7,1.03,1,polemico
polen,5.0,1.78,5.15,1.63,1,polen
poliamida,5.08,0.29,4.91,0.3,1,poliamida
policía,4.7,1.56,6.25,1.77,1,policia
policial,5.05,1.0,5.9,1.94,1,policial
polideportivo,5.7,2.41,6.05,2.14,1,polideportivo
poliéster,4.95,0.91,4.4,1.5,1,poliester
polifónica,5.26,1.1,5.55,1.57,1,polifonica
poligonal,4.35,1.5,4.95,1.18,1,poligonal
polígono,4.75,0.79,4.8,1.2,1,poligono
polilla,3.68,2.24,5.85,1.69,1,polilla
polímero,4.94,1.21,4.67,2.03,1,polimero
polinización,5.85,0.88,4.2,1.88,1,polinizacion
polinomio,4.55,1.32,5.61,0.85,1,polinomio
polio,3.64,1.69,5.91,1.38,1,polio
política,3.55,1.39,6.65,1.53,1,politica
político,2.5,1.47,6.9,1.45,1,politico
póliza,5.0,0.97,5.3,1.53,1,poliza
polla,6.1,1.55,7.3,1.49,1,polla
pollo,5.6,1.7,4.3,1.66,1,pollo
polo,5.9,1.41,4.8,1.77,1,polo
polución,3.1,1.29,6.05,1.65,1,polucion
polvo,4.3,1.45,6.65,1.69,1,polvo
pólvora,3.7,1.53,6.75,1.41,1,polvora
pomelo,5.55,1.05,4.55,1.5,1,pomelo
pompa,6.75,1.59,4.1,2.2,1,pompa
pómulos,6.1,1.29,5.05,0.89,1,pomulos
pon,6.2,2.4,4.71,1.1,1,pon
ponche,5.85,1.31,4.9,1.74,1,ponche
poncho,5.75,0.97,4.3,1.49,1,poncho
ponderación,4.7,0.8,5.55,1.23,1,ponderacion
ponencia,4.95,1.22,5.89,1.57,1,ponencia
ponente,4.68,1.11,5.81,1.22,1,ponente
poner,5.55,1.23,5.05,1.43,1,poner
pongo,5.21,0.54,4.89,0.68,1,pongo
poni,6.42,1.43,5.5,1.61,1,poni
poniente,5.6,1.14,3.42,1.54,1,poniente
pontificado,3.95,1.05,4.58,1.57,1,pontificado
pontífice,4.25,1.34,4.8,1.54,1,pontifice
pontificia,4.6,1.4,4.79,1.25,1,pontificia
ponzoña,3.82,1.68,6.37,1.69,1,ponzona
pop,6.25,1.45,5.3,1.66,1,pop
popa,5.89,1.18,4.75,1.71,1,popa
populacho,4.26,1.73,5.58,0.9,1,populacho
popular,6.1,2.0,5.2,1.61,1,popular
populares,4.5,1.43,5.85,1.46,1,populares
popularidad,6.4,1.67,5.95,2.06,1,popularidad
popularizar,5.85,1.27,5.55,1.0,1,popularizar
populismo,4.05,1.23,5.7,1.59,1,populismo
populista,3.79,1.44,5.15,1.9,1,populista
poquito,4.55,1.28,4.15,1.18,1,poquito
porcelana,5.1,1.25,4.15,1.66,1,porcelana
porcentaje,5.05,0.39,5.6,1.19,1,porcentaje
porcentual,4.79,0.79,4.89,1.13,1,porcentual
porche,6.2,1.36,3.8,1.54,1,porche
porcino,5.95,1.32,5.25,0.55,1,porcino
porción,5.45,0.76,5.0,0.97,1,porcion
pormenorizado,4.89,0.76,4.59,1.18,1,pormenorizado
porno,6.05,1.7,6.7,1.22,1,porno
pornografía,4.4,2.28,7.15,1.53,1,pornografia
pornográfico,4.5,2.01,7.25,1.41,1,pornografico
porqué,4.75,1.12,5.9,1.68,1,porque
porquería,2.85,1.27,6.53,1.26,1,porqueria
porra,3.95,1.7,6.2,1.47,1,porra
porrazo,3.15,1.23,7.05,1.19,1,porrazo
porro,3.8,1.85,6.0,2.22,1,porro
porta,5.38,0.81,5.19,0.4,1,porta
portaaviones,5.25,0.79,5.5,1.1,1,portaaviones
portada,5.85,1.23,5.05,0.89,1,portada
portador,4.85,1.35,5.6,1.14,1,portador
portal,5.75,1.33,4.8,1.44,1,portal
portar,4.84,0.83,5.2,0.89,1,portar
portátil,6.35,1.39,5.2,1.67,1,portatil
portavoz,6.05,1.32,5.1,1.37,1,portavoz
portazo,3.05,1.05,7.0,1.21,1,portazo
porte,5.75,1.16,4.74,1.59,1,porte
porteño,5.0,0.47,5.08,0.51,1,porteno
portera,5.15,0.75,4.85,1.9,1,portera
portería,5.25,0.79,5.15,0.59,1,porteria
portero,5.15,0.67,4.8,1.64,1,portero
portezuela,5.0,1.36,4.72,0.96,1,portezuela
pórtico,4.95,0.6,5.1,1.21,1,portico
portillo,5.39,1.14,4.85,0.81,1,portillo
portón,5.1,0.72,4.9,0.91,1,porton
portuaria,5.21,0.98,5.19,1.38,1,portuaria
portugués,5.6,1.14,5.35,1.18,1,portugues
portuguesa,5.15,0.37,4.45,1.39,1,portuguesa
porvenir,5.9,1.59,5.5,1.7,1,porvenir
posa,5.21,1.13,4.83,0.79,1,posa
posada,5.8,1.51,4.15,1.84,1,posada
posar,5.5,0.76,5.55,2.16,1,posar
pose,5.65,1.6,4.8,1.44,1,pose
poseedor,6.1,1.45,5.55,1.5,1,poseedor
poseer,6.15,1.66,5.15,2.32,1,poseer
posesión,4.9,1.21,6.1,1.89,1,posesion
posgrado,6.9,1.52,5.45,2.19,1,posgrado
posguerra,3.0,1.52,6.55,1.61,1,posguerra
posibilidad,6.65,1.35,6.4,2.04,1,posibilidad
posibilitar,7.1,1.17,5.4,1.5,1,posibilitar
posible,7.25,1.41,4.85,1.93,1,posible
posición,4.95,0.76,5.05,1.61,1,posicion
posicionamiento,5.25,1.07,5.2,1.2,1,posicionamiento
posicionar,5.2,0.62,5.5,1.15,1,posicionar
positivismo,7.9,1.12,5.05,2.28,1,positivismo
positivista,7.15,1.76,5.2,2.33,1,positivista
positivo,8.0,1.03,4.45,2.63,1,positivo
posó,4.94,0.24,4.5,1.43,1,poso
posponer,3.8,0.77,5.75,1.55,1,posponer
posta,4.93,0.47,5.17,0.58,1,posta
postal,6.4,1.43,4.5,2.01,1,postal
poste,5.15,0.93,4.7,1.59,1,poste
póster,6.4,1.45,5.1,1.32,1,poster
posteridad,5.35,1.57,4.74,1.69,1,posteridad
posterior,4.75,0.72,4.65,1.27,1,posterior
posteriori,5.15,1.14,5.15,1.39,1,posteriori
posterioridad,4.95,0.6,5.2,1.28,1,posterioridad
postgrado,6.4,1.35,6.4,1.76,1,postgrado
postguerra,2.7,1.42,5.9,2.07,1,postguerra
postre,7.55,1.23,5.35,2.72,1,postre
postulado,4.6,1.05,4.9,0.91,1,postulado
postular,5.3,0.98,5.4,0.99,1,postular
póstumo,4.0,1.86,5.12,1.22,1,postumo
postura,5.25,0.72,5.25,1.02,1,postura
pota,2.68,1.42,6.42,1.61,1,pota
potable,5.95,1.67,4.55,1.47,1,potable
potasio,5.5,1.24,5.3,1.22,1,potasio
potencia,5.9,0.91,5.85,1.69,1,potencia
potenciación,6.15,1.04,6.1,1.41,1,potenciacion
potencial,7.4,1.05,5.3,1.81,1,potencial
potencialidad,7.1,1.41,6.1,1.59,1,potencialidad
potenciar,7.0,0.97,5.65,0.88,1,potenciar
potente,5.85,1.35,6.15,1.35,1,potente
potestad,5.21,1.08,5.37,1.54,1,potestad
potrero,5.29,0.99,4.78,1.56,1,potrero
potrillo,6.89,1.33,4.63,2.41,1,potrillo
potro,6.0,1.38,5.9,1.83,1,potro
pozo,4.45,1.32,5.8,1.77,1,pozo
práctica,6.0,1.45,5.85,1.09,1,practica
practicante,5.1,1.45,4.95,2.04,1,practicante
practicar,6.15,1.14,5.65,1.9,1,practicar
pradera,7.65,1.04,3.85,2.06,1,pradera
prado,8.25,0.64,2.9,1.52,1,prado
pragmático,6.05,1.47,4.83,0.99,1,pragmatico
pragmatismo,6.0,1.15,5.3,1.3,1,pragmatismo
preámbulo,5.32,1.06,4.95,1.47,1,preambulo
precampaña,4.25,1.41,5.55,1.47,1,precampana
precaria,3.35,1.63,5.9,1.77,1,precaria
precariedad,3.21,1.58,5.45,1.82,1,precariedad
precaución,4.95,1.36,6.0,2.08,1,precaucion
precedente,5.0,0.79,4.58,1.5,1,precedente
preceptivo,5.89,1.37,4.88,1.8,1,preceptivo
precepto,4.88,0.7,5.18,0.81,1,precepto
preceptor,6.55,2.33,5.12,0.86,1,preceptor
precio,4.4,0.82,5.65,0.88,1,precio
preciosa,8.15,1.09,5.65,3.1,1,preciosa
precioso,7.9,0.97,5.9,2.57,1,precioso
precipicio,2.73,1.58,7.33,1.23,1,precipicio
precipitación,4.25,1.74,5.5,1.67,1,precipitacion
precipitaciones,4.05,1.93,5.35,2.06,1,precipitaciones
precisar,5.55,0.83,5.2,1.47,1,precisar
precisión,6.35,1.57,5.0,1.75,1,precision
preciso,6.6,1.31,4.4,1.85,1,preciso
precocidad,4.15,1.23,5.75,0.91,1,precocidad
precolombina,5.18,0.64,4.63,1.54,1,precolombina
precoz,4.55,1.7,5.65,1.46,1,precoz
precursor,5.37,0.76,5.4,1.47,1,precursor
predecesor,4.68,0.82,4.75,1.41,1,predecesor
predecesora,5.75,1.16,5.15,1.5,1,predecesora
predecible,5.15,2.06,3.85,1.87,1,predecible
predecir,6.1,1.12,5.4,1.57,1,predecir
predicación,5.05,1.36,5.7,1.26,1,predicacion
predicado,5.5,1.05,4.7,0.66,1,predicado
predicador,3.65,1.69,5.05,1.57,1,predicador
predicar,4.25,2.07,4.55,1.79,1,predicar
predicativo,5.15,0.75,4.5,1.32,1,predicativo
predicción,5.7,1.22,5.3,1.34,1,prediccion
predilección,5.55,1.76,5.5,1.2,1,predileccion
predilecto,5.89,1.79,5.2,1.11,1,predilecto
predio,4.67,0.58,5.0,0.0,1,predio
predisposición,5.8,2.12,5.35,1.69,1,predisposicion
predominante,5.45,1.57,5.78,1.21,1,predominante
predominio,4.7,1.45,5.2,1.74,1,predominio
preeminencia,5.06,1.0,4.6,1.12,1,preeminencia
preescolar,6.7,1.45,5.15,2.08,1,preescolar
prefacio,5.06,1.39,5.0,1.14,1,prefacio
prefecto,5.56,1.21,4.59,2.21,1,prefecto
prefectura,5.44,0.73,5.36,1.45,1,prefectura
preferencia,6.8,1.7,4.75,1.48,1,preferencia
preferencial,5.25,0.79,5.3,1.3,1,preferencial
preferente,5.8,1.7,4.9,1.94,1,preferente
preferible,6.4,1.35,4.75,1.52,1,preferible
preferir,6.5,1.36,5.2,1.64,1,preferir
preferiría,5.0,1.3,5.4,1.35,1,preferiria
prefiere,6.05,1.36,4.9,1.17,1,prefiere
prefiero,6.15,1.23,5.3,1.45,1,prefiero
prefijo,5.0,0.0,4.85,0.88,1,prefijo
pregunta,5.0,0.79,5.8,1.7,1,pregunta
preguntar,5.7,1.08,5.8,1.24,1,preguntar
prehispánica,4.9,0.85,4.55,1.1,1,prehispanica
prehistoria,5.7,1.13,4.75,1.48,1,prehistoria
prehistórico,5.75,1.55,5.45,1.67,1,prehistorico
prejuicio,2.7,1.56,6.55,1.1,1,prejuicio
prelado,4.83,0.41,4.57,1.62,1,prelado
preliminar,6.2,1.47,5.7,1.89,1,preliminar
preludio,6.0,1.55,5.11,1.08,1,preludio
prematura,3.8,1.44,5.75,1.41,1,prematura
premiar,7.35,1.18,6.5,1.5,1,premiar
premio,7.7,1.34,7.1,1.33,1,premio
premisa,5.16,0.69,4.95,0.69,1,premisa
premura,5.07,0.73,4.82,0.75,1,premura
prenda,5.85,1.12,4.65,1.27,1,prenda
prender,4.45,1.39,6.5,1.28,1,prender
prensa,5.7,1.17,5.2,1.11,1,prensa
preocupación,2.35,1.46,7.3,1.66,1,preocupacion
preocupante,2.45,1.23,7.5,1.0,1,preocupante
preocupar,3.32,1.42,6.25,1.8,1,preocupar
preparación,6.4,1.43,5.3,1.89,1,preparacion
preparador,5.45,1.19,5.0,1.56,1,preparador
preparar,6.2,1.06,5.95,1.5,1,preparar
preparatoria,5.05,0.78,5.3,1.17,1,preparatoria
preponderancia,4.88,0.49,5.67,1.19,1,preponderancia
preponderante,4.53,0.96,5.5,1.79,1,preponderante
preposición,5.05,0.83,4.3,1.42,1,preposicion
prepotencia,2.45,1.1,7.25,1.07,1,prepotencia
prerrogativa,4.63,0.81,5.33,1.53,1,prerrogativa
presa,3.8,1.01,6.05,1.9,1,presa
presagio,5.11,1.73,6.75,1.33,1,presagio
presbiterio,4.44,1.33,5.08,0.79,1,presbiterio
prescindir,3.95,1.39,5.55,1.73,1,prescindir
prescribir,5.0,1.12,5.0,1.17,1,prescribir
prescripción,5.15,0.93,5.25,1.55,1,prescripcion
presencia,6.15,1.39,5.1,1.25,1,presencia
presenciar,5.6,1.1,5.35,0.99,1,presenciar
presentación,5.75,1.16,6.7,1.26,1,presentacion
presentador,5.5,0.89,5.35,1.09,1,presentador
presentadora,5.6,0.94,5.5,1.96,1,presentadora
presentar,6.0,1.45,6.05,1.19,1,presentar
presente,6.55,1.64,4.45,1.57,1,presente
presentimiento,6.4,1.47,6.75,1.41,1,presentimiento
preservación,5.9,1.12,3.75,1.68,1,preservacion
preservar,6.15,0.75,5.5,1.32,1,preservar
presidencia,5.4,1.64,5.45,1.67,1,presidencia
presidenta,4.95,1.36,6.35,1.84,1,presidenta
presidente,4.3,1.34,5.65,1.09,1,presidente
presidio,3.0,1.53,5.94,1.76,1,presidio
presidir,5.85,1.42,5.6,2.04,1,presidir
presión,3.3,1.22,7.35,1.58,1,presion
presionar,3.5,1.67,6.25,1.02,1,presionar
preso,3.5,1.19,6.35,1.73,1,preso
prestación,5.1,1.83,5.3,1.34,1,prestacion
préstamo,4.2,1.2,7.0,1.3,1,prestamo
prestar,5.75,1.21,5.2,1.32,1,prestar
preste,4.86,0.95,4.89,1.45,1,preste
presteza,5.46,1.2,5.38,1.2,1,presteza
prestigio,7.18,1.45,5.38,2.22,1,prestigio
prestigioso,7.5,1.15,5.75,0.91,1,prestigioso
presto,4.89,0.96,5.58,1.5,1,presto
presumir,4.95,1.82,5.9,1.33,1,presumir
presunción,4.75,1.16,6.06,1.26,1,presuncion
presunto,4.15,0.93,6.1,1.33,1,presunto
presuponer,4.45,1.0,5.65,1.09,1,presuponer
presupuestaria,4.3,1.03,5.32,0.95,1,presupuestaria
presupuesto,4.65,1.81,5.65,1.39,1,presupuesto
pretemporada,6.15,1.35,5.55,1.0,1,pretemporada
pretender,5.4,1.1,5.75,0.85,1,pretender
pretendiente,6.5,1.36,5.4,2.14,1,pretendiente
pretensión,4.6,1.27,5.7,0.66,1,pretension
pretérito,4.68,1.0,4.79,1.58,1,preterito
pretexto,4.1,1.29,5.0,1.56,1,pretexto
prevalecer,5.45,1.28,4.75,1.77,1,prevalecer
prevalencia,5.4,0.68,4.5,1.5,1,prevalencia
prevaricación,3.76,0.97,6.11,1.91,1,prevaricacion
prevención,5.75,1.37,5.05,1.76,1,prevencion
prevenir,6.4,0.94,4.7,2.0,1,prevenir
preventiva,5.6,1.27,4.9,1.52,1,preventiva
prever,5.95,1.19,4.63,1.8,1,prever
previa,5.35,1.09,4.25,1.37,1,previa
previsible,5.6,1.39,4.05,1.47,1,previsible
previsión,5.85,0.75,5.2,1.88,1,prevision
previsor,6.35,1.27,4.0,1.92,1,previsor
prima,6.6,1.1,4.05,1.61,1,prima
primacía,6.05,1.58,4.94,1.86,1,primacia
primar,5.69,1.08,5.2,1.47,1,primar
primaria,6.0,1.12,4.21,1.23,1,primaria
primavera,7.75,1.26,4.45,2.51,1,primavera
primer,6.44,1.46,5.3,1.84,1,primer
primera,6.55,1.28,4.95,2.5,1,primera
primigenio,5.27,0.79,5.07,1.53,1,primigenio
primitiva,6.95,1.96,5.05,1.73,1,primitiva
primitivo,4.5,1.15,5.1,1.55,1,primitivo
primo,7.4,1.67,5.2,1.88,1,primo
primogénito,6.55,1.73,4.7,1.78,1,primogenito
primordial,6.26,1.48,6.05,1.05,1,primordial
princesa,6.5,1.7,5.5,2.33,1,princesa
principado,4.7,1.56,5.32,0.67,1,principado
príncipe,5.8,2.26,4.6,1.64,1,principe
principio,6.3,1.72,4.8,2.21,1,principio
prior,5.36,0.84,4.62,1.56,1,prior
priori,5.35,0.75,4.79,1.58,1,priori
prioridad,6.1,1.48,5.85,1.95,1,prioridad
prioritario,5.85,1.14,5.6,1.31,1,prioritario
prisa,3.7,1.69,7.2,1.06,1,prisa
prisión,2.1,1.12,6.84,2.34,1,prision
prisionera,2.45,1.5,6.75,2.4,1,prisionera
prisionero,2.3,1.17,6.65,1.18,1,prisionero
prisma,5.11,0.66,4.15,1.53,1,prisma
priva,4.25,1.62,5.08,1.38,1,priva
privacidad,6.4,1.68,4.5,2.35,1,privacidad
privación,3.3,1.45,6.55,1.7,1,privacion
privar,2.85,1.39,5.9,1.52,1,privar
privatización,3.35,1.42,5.75,1.74,1,privatizacion
privatizar,3.15,1.53,6.65,1.04,1,privatizar
privilegio,5.25,1.92,5.1,2.38,1,privilegio
proa,5.5,1.19,5.15,1.9,1,proa
probabilidad,5.25,1.25,5.4,1.1,1,probabilidad
probable,5.9,1.48,4.95,1.76,1,probable
probar,6.7,1.81,5.4,1.67,1,probar
probeta,5.35,1.04,5.05,1.27,1,probeta
probidad,5.0,,4.75,0.5,1,probidad
problema,2.78,1.53,7.35,1.58,1,problema
problemática,3.05,1.05,7.05,1.32,1,problematica
procedencia,5.55,1.05,4.7,1.72,1,procedencia
procedente,5.45,0.89,4.55,0.83,1,procedente
proceder,6.3,1.3,5.3,0.98,1,proceder
procedimiento,5.25,0.55,5.25,0.97,1,procedimiento
procesado,4.9,0.85,4.55,1.36,1,procesado
procesador,5.25,0.85,5.3,1.17,1,procesador
procesal,4.75,0.86,5.33,1.28,1,procesal
procesamiento,5.05,1.05,5.15,1.42,1,procesamiento
procesar,5.7,1.45,5.65,1.6,1,procesar
procesión,5.05,2.14,4.55,2.16,1,procesion
procesional,4.65,0.86,4.38,1.63,1,procesional
procesionaria,3.82,1.51,5.84,1.68,1,procesionaria
proceso,5.05,1.1,5.45,1.19,1,proceso
proclama,5.55,1.28,5.5,1.15,1,proclama
proclamación,5.35,1.04,5.5,1.73,1,proclamacion
proclamar,6.7,1.78,5.65,1.39,1,proclamar
proclive,4.88,1.02,5.06,1.35,1,proclive
procreación,6.25,1.25,6.3,1.56,1,procreacion
procurador,5.21,1.08,5.05,1.54,1,procurador
procurar,5.65,1.27,4.5,1.73,1,procurar
prodigalidad,5.55,1.57,6.24,1.3,1,prodigalidad
prodigio,6.3,1.3,6.45,1.19,1,prodigio
prodigiosa,7.65,1.09,6.0,1.89,1,prodigiosa
pródigo,5.42,1.02,5.25,1.07,1,prodigo
producción,5.9,1.07,5.6,1.19,1,produccion
produce,5.8,0.83,5.4,1.47,1,produce
producir,6.8,1.06,5.1,1.48,1,producir
productividad,7.15,1.63,5.0,2.05,1,productividad
productivo,7.0,1.21,5.2,1.32,1,productivo
producto,5.1,0.55,4.7,0.92,1,producto
productor,6.3,1.53,4.55,1.7,1,productor
productora,5.4,0.94,5.15,0.67,1,productora
produzco,6.75,1.25,4.65,1.5,1,produzco
proeza,7.0,1.53,5.56,1.26,1,proeza
profana,4.55,1.5,6.15,1.31,1,profana
profanación,2.65,1.46,6.74,1.56,1,profanacion
profano,3.85,1.63,5.35,1.46,1,profano
profecía,4.25,1.83,5.65,1.35,1,profecia
profesa,5.16,0.6,4.61,1.69,1,profesa
profesión,6.9,1.41,4.75,1.65,1,profesion
profesional,6.95,1.36,4.95,1.64,1,profesional
profesionalidad,7.35,1.46,4.8,2.21,1,profesionalidad
profesionalismo,6.65,1.09,5.15,1.76,1,profesionalismo
profesionalización,6.3,1.34,6.2,1.77,1,profesionalizacion
profesor,5.75,1.21,5.3,2.11,1,profesor
profesora,6.3,0.86,4.9,1.45,1,profesora
profesorado,5.5,1.28,4.35,1.53,1,profesorado
profunda,5.8,1.28,5.25,1.92,1,profunda
profundidad,5.75,1.86,5.55,1.67,1,profundidad
profundización,6.25,1.71,5.35,1.79,1,profundizacion
profundizar,5.55,1.15,5.4,1.43,1,profundizar
profundo,5.95,1.43,5.0,1.95,1,profundo
profusión,4.87,0.52,5.88,0.96,1,profusion
progenitor,7.25,1.52,5.7,1.53,1,progenitor
programa,6.0,1.08,4.75,1.02,1,programa
programación,5.35,0.59,3.95,1.76,1,programacion
programador,4.9,0.55,4.9,1.17,1,programador
programar,5.6,0.82,4.8,1.64,1,programar
progresar,7.75,0.97,5.75,1.45,1,progresar
progresión,6.6,1.6,5.55,1.64,1,progresion
progresista,6.0,1.26,5.75,1.52,1,progresista
progresiva,6.15,1.09,5.5,1.19,1,progresiva
progreso,7.5,1.22,5.4,1.86,1,progreso
prohibe,3.15,1.18,7.0,1.12,1,prohibe
prohibición,2.65,1.14,6.7,1.59,1,prohibicion
prohibir,2.75,1.07,7.4,1.1,1,prohibir
prójimo,6.55,1.67,4.9,1.89,1,projimo
prole,5.0,1.86,5.44,1.34,1,prole
proletaria,4.94,1.06,5.65,1.23,1,proletaria
proletariado,4.6,0.94,5.05,1.79,1,proletariado
proliferación,5.85,1.6,5.56,1.1,1,proliferacion
prolífico,5.55,1.44,5.62,1.19,1,prolifico
prolijidad,5.0,0.58,4.5,1.65,1,prolijidad
prolijo,5.5,1.76,5.22,1.09,1,prolijo
prólogo,5.45,1.19,4.3,1.3,1,prologo
prolonga,5.15,0.99,4.8,1.24,1,prolonga
prolongación,5.25,0.91,5.25,1.55,1,prolongacion
prolongar,5.8,1.64,5.25,1.25,1,prolongar
promediar,5.45,0.83,4.9,0.97,1,promediar
promedio,5.0,0.86,4.1,1.59,1,promedio
promesa,7.0,1.17,5.5,2.24,1,promesa
prometedor,7.1,0.85,5.75,1.33,1,prometedor
prometer,5.9,1.55,5.3,1.69,1,prometer
prometida,6.4,1.19,5.95,1.54,1,prometida
prometido,6.55,1.96,5.25,2.51,1,prometido
prominente,5.5,1.32,5.95,0.97,1,prominente
promoción,6.45,1.34,5.23,1.46,1,promocion
promocional,6.0,1.59,5.45,0.6,1,promocional
promocionar,6.05,1.73,5.15,1.93,1,promocionar
promontorio,5.36,1.01,5.25,1.67,1,promontorio
promotor,5.15,1.14,4.9,0.97,1,promotor
promover,6.1,1.21,4.8,1.15,1,promover
promulgación,5.11,0.74,5.65,1.09,1,promulgacion
promulgar,4.75,1.02,5.84,1.77,1,promulgar
pronosticar,5.65,1.31,5.65,1.04,1,pronosticar
pronóstico,5.2,1.28,5.8,1.64,1,pronostico
pronta,5.56,1.21,5.13,1.55,1,pronta
prontitud,5.9,1.02,4.35,1.93,1,prontitud
pronto,5.95,1.05,4.55,1.32,1,pronto
pronuncia,5.3,0.8,5.0,1.34,1,pronuncia
pronunciación,5.8,1.06,4.7,1.72,1,pronunciacion
pronunciamiento,5.15,1.42,5.55,1.23,1,pronunciamiento
pronunciar,5.6,1.1,5.45,0.89,1,pronunciar
propagación,4.65,0.93,6.55,1.61,1,propagacion
propaganda,4.45,1.19,5.0,0.65,1,propaganda
propano,4.32,1.25,5.33,1.85,1,propano
propensión,5.06,1.51,5.42,1.5,1,propension
propenso,4.1,1.21,5.65,1.35,1,propenso
propiciar,5.26,0.99,5.65,1.35,1,propiciar
propicio,5.0,0.97,5.05,1.72,1,propicio
propiedad,6.45,1.43,4.7,1.63,1,propiedad
propietaria,6.05,1.5,4.45,1.43,1,propietaria
propietario,5.8,1.58,4.7,1.42,1,propietario
propina,6.7,1.22,5.6,1.9,1,propina
propinar,4.58,1.22,5.65,1.27,1,propinar
propio,6.6,0.99,4.0,1.81,1,propio
propondré,7.05,1.28,6.35,1.18,1,propondre
propone,5.85,1.14,5.1,1.68,1,propone
proponer,7.4,1.23,6.1,1.45,1,proponer
propongo,6.4,1.05,5.45,0.94,1,propongo
proporción,5.65,1.27,4.5,1.32,1,proporcion
proporcional,5.8,1.15,4.7,1.13,1,proporcional
proporcionalidad,5.55,1.43,5.05,1.32,1,proporcionalidad
proporcionar,6.45,1.05,4.6,1.47,1,proporcionar
proposición,6.15,1.23,5.75,2.0,1,proposicion
propósito,6.8,1.28,5.9,1.74,1,proposito
propuesta,6.25,0.91,6.1,1.68,1,propuesta
propugnar,4.74,1.59,5.63,1.64,1,propugnar
propulsión,5.21,0.79,6.3,1.13,1,propulsion
propulsor,6.16,1.3,5.75,0.91,1,propulsor
prórroga,5.15,1.14,6.5,1.1,1,prorroga
prorrogar,5.75,1.45,5.74,1.69,1,prorrogar
prosa,6.0,1.21,4.05,1.36,1,prosa
prosecución,4.2,1.48,6.0,1.59,1,prosecucion
proseguir,5.6,0.82,5.3,1.22,1,proseguir
prospecto,4.58,0.9,4.6,1.64,1,prospecto
próspera,7.15,1.14,4.95,2.04,1,prospera
prosperar,7.35,1.14,5.84,1.83,1,prosperar
prosperidad,7.5,1.43,4.85,2.46,1,prosperidad
próstata,3.9,1.33,6.2,1.64,1,prostata
prostitución,2.9,2.0,6.75,1.41,1,prostitucion
prostituta,3.15,1.73,6.75,1.55,1,prostituta
protagonismo,5.3,1.63,5.7,1.45,1,protagonismo
protagonista,5.75,0.97,5.7,1.66,1,protagonista
protagonizar,6.35,1.79,6.9,1.62,1,protagonizar
protección,7.2,1.77,4.55,2.31,1,proteccion
proteccionismo,5.6,1.19,4.6,1.64,1,proteccionismo
proteccionista,5.16,1.21,5.22,1.93,1,proteccionista
protector,7.2,2.09,4.85,2.13,1,protector
protectorado,6.1,1.02,4.16,1.86,1,protectorado
proteger,7.2,1.2,3.8,2.24,1,proteger
protegido,7.15,1.61,3.65,1.96,1,protegido
proteína,6.25,1.25,5.15,1.39,1,proteina
protesta,4.55,1.54,6.9,1.29,1,protesta
protestante,4.75,1.45,5.9,1.12,1,protestante
protestantismo,4.5,0.95,5.68,1.49,1,protestantismo
protestar,4.75,2.05,7.2,1.44,1,protestar
protocolo,5.35,1.84,4.84,1.64,1,protocolo
prototipo,5.5,1.91,5.1,2.02,1,prototipo
provecho,6.0,1.45,4.95,1.39,1,provecho
provechoso,6.8,1.99,5.65,1.69,1,provechoso
proveedor,5.5,1.1,5.05,1.28,1,proveedor
proveer,5.55,0.76,5.35,1.31,1,proveer
proveniente,5.47,0.96,5.22,1.4,1,proveniente
provenir,5.95,1.22,4.75,1.65,1,provenir
provenzal,5.4,1.23,4.72,1.67,1,provenzal
proverbial,5.28,0.67,4.41,1.06,1,proverbial
proverbio,5.85,1.09,3.85,1.46,1,proverbio
providencia,4.83,0.99,5.15,1.09,1,providencia
providencial,4.83,0.92,4.94,0.64,1,providencial
provincia,5.1,0.31,4.35,1.31,1,provincia
provincial,4.9,0.55,4.65,1.18,1,provincial
provisión,5.5,0.89,4.8,1.51,1,provision
provisional,4.85,0.99,5.55,1.57,1,provisional
provoca,5.25,1.8,6.1,1.29,1,provoca
provocación,3.35,1.23,6.9,0.91,1,provocacion
provocador,4.75,2.07,7.45,1.32,1,provocador
provocar,4.2,1.54,6.95,1.1,1,provocar
provoco,4.95,2.07,6.55,1.05,1,provoco
proximidad,6.25,1.12,4.75,1.89,1,proximidad
próximo,6.3,1.38,4.95,1.54,1,proximo
proyección,6.1,1.25,5.45,1.05,1,proyeccion
proyectar,5.45,1.1,4.85,1.63,1,proyectar
proyectil,2.45,1.64,7.25,1.41,1,proyectil
proyecto,6.95,1.43,5.9,1.97,1,proyecto
prudencia,6.4,1.1,3.7,1.45,1,prudencia
prudente,6.4,1.05,4.35,2.08,1,prudente
prueba,4.85,1.46,5.85,1.66,1,prueba
prusiano,4.8,0.79,4.31,1.2,1,prusiano
pseudónimo,5.55,1.1,4.8,1.44,1,pseudonimo
psicóloga,8.2,1.06,5.3,2.49,1,psicologa
psicología,8.4,0.94,6.45,2.44,1,psicologia
psicológicas,7.3,1.26,5.4,2.72,1,psicologicas
psicológico,7.2,2.24,6.55,1.96,1,psicologico
psicólogo,7.4,1.47,5.1,2.63,1,psicologo
psicosis,3.05,2.19,7.1,1.71,1,psicosis
psique,5.7,1.92,4.89,2.08,1,psique
psiquiatra,4.7,2.0,6.5,1.76,1,psiquiatra
psiquiatría,5.3,1.78,6.55,1.57,1,psiquiatria
psiquiátrico,3.35,2.01,7.4,1.27,1,psiquiatrico
psíquica,6.15,1.9,6.55,1.36,1,psiquica
psoriasis,2.35,1.5,7.19,1.6,1,psoriasis
púa,3.85,1.39,6.05,1.19,1,pua
pubertad,5.4,1.7,6.65,1.23,1,pubertad
pubis,5.65,1.79,5.65,1.18,1,pubis
pública,6.2,1.36,5.4,1.76,1,publica
publicación,6.0,1.32,5.35,1.05,1,publicacion
publicar,5.8,1.11,6.05,1.54,1,publicar
publicidad,5.3,1.63,5.4,1.43,1,publicidad
publicista,5.6,1.05,5.85,1.31,1,publicista
publicitaria,5.15,1.23,4.95,1.36,1,publicitaria
público,5.75,1.52,6.6,1.6,1,publico
puchero,4.84,1.68,4.95,1.15,1,puchero
pudor,4.85,1.53,5.95,1.64,1,pudor
puebla,5.37,0.68,3.68,1.63,1,puebla
pueblecito,7.3,1.56,3.45,1.9,1,pueblecito
pueblito,7.05,1.36,3.6,2.21,1,pueblito
pueblo,6.53,1.57,3.78,1.98,1,pueblo
puede,6.5,1.73,5.15,1.66,1,puede
puedo,7.5,1.24,5.45,2.31,1,puedo
puente,6.25,1.8,5.4,0.88,1,puente
puerco,3.45,1.64,6.05,1.05,1,puerco
pueril,4.62,1.33,4.67,1.54,1,pueril
puerro,4.58,1.57,4.25,1.59,1,puerro
puerta,5.05,0.39,4.75,1.33,1,puerta
puertas,5.6,1.05,4.65,1.27,1,puertas
puerto,6.8,1.47,4.85,1.81,1,puerto
puertorriqueño,5.65,1.23,5.0,1.3,1,puertorriqueno
pues,5.2,0.89,4.6,1.23,1,pues
puesta,5.5,0.83,5.15,1.09,1,puesta
puesto,5.55,1.19,4.7,1.13,1,puesto
puf,5.61,2.45,4.42,2.41,1,puf
pugna,4.13,1.09,5.73,1.67,1,pugna
pujante,4.89,0.57,5.44,1.2,1,pujante
pujanza,4.91,0.54,5.5,0.73,1,pujanza
pulga,3.2,1.32,6.25,1.37,1,pulga
pulgada,5.1,1.07,4.65,0.99,1,pulgada
pulgar,5.37,1.01,5.1,1.45,1,pulgar
pulgón,3.75,1.33,6.53,1.36,1,pulgon
pulidora,5.0,1.17,5.45,1.43,1,pulidora
pulmón,5.8,1.47,4.8,1.47,1,pulmon
pulmonar,4.3,1.26,6.2,1.67,1,pulmonar
pulmonares,5.0,1.17,4.8,1.36,1,pulmonares
pulmonía,2.5,1.28,7.4,1.47,1,pulmonia
pulpa,5.21,1.27,4.55,0.94,1,pulpa
pulpería,5.89,1.52,5.39,1.24,1,pulperia
púlpito,4.57,1.16,4.93,1.53,1,pulpito
pulpo,6.45,1.64,5.15,1.95,1,pulpo
pulsar,5.05,0.89,5.25,1.07,1,pulsar
pulso,5.25,1.25,5.15,1.93,1,pulso
puma,6.0,1.81,6.65,1.63,1,puma
puñado,5.55,1.19,4.7,1.66,1,punado
puñal,1.9,1.17,7.75,0.85,1,punal
puñalada,1.65,0.81,7.9,1.37,1,punalada
puñetazo,2.9,1.07,7.5,1.1,1,punetazo
punk,5.15,1.23,5.95,1.39,1,punk
punky,5.05,1.23,5.85,1.46,1,punky
puño,3.9,1.41,6.4,0.82,1,puno
punta,5.2,0.83,5.35,1.04,1,punta
puntaje,5.15,0.55,4.94,1.3,1,puntaje
puntapié,3.95,1.47,5.93,1.83,1,puntapie
puntería,6.2,1.32,6.0,1.65,1,punteria
punto,4.85,0.75,5.05,1.54,1,punto
puntuación,5.25,1.02,6.35,1.42,1,puntuacion
puntual,6.9,1.48,5.35,2.08,1,puntual
puntualidad,6.7,1.75,4.65,1.93,1,puntualidad
punzante,3.65,1.46,7.2,0.89,1,punzante
pupila,5.7,0.8,4.25,1.65,1,pupila
pupitre,5.8,1.2,4.4,1.19,1,pupitre
pura,7.05,1.28,4.85,2.11,1,pura
puras,6.1,1.17,5.42,1.35,1,puras
puré,5.75,1.97,5.05,0.76,1,pure
pureza,6.95,1.67,3.75,2.15,1,pureza
purga,3.2,1.61,6.58,1.54,1,purga
purgatorio,3.2,1.58,6.15,2.08,1,purgatorio
purificación,6.6,1.47,3.75,1.65,1,purificacion
purificar,5.45,1.64,4.05,2.24,1,purificar
púrpura,5.9,1.62,4.65,1.31,1,purpura
pus,2.63,1.33,6.8,1.4,1,pus
puta,3.0,1.59,7.13,1.59,1,puta
putrefacción,2.1,1.92,6.95,1.23,1,putrefaccion
putrefacto,2.38,1.64,6.73,1.58,1,putrefacto
que,5.0,0.0,4.75,1.21,1,que
quebrada,3.61,1.24,6.05,1.28,1,quebrada
quebrantahuesos,3.95,1.9,6.3,1.56,1,quebrantahuesos
quebranto,3.89,1.41,5.6,1.64,1,quebranto
quebrar,3.4,1.35,6.45,1.64,1,quebrar
quechua,6.07,1.27,4.44,2.19,1,quechua
quedar,7.05,1.82,5.7,1.3,1,quedar
quedo,6.37,1.74,4.84,1.07,1,quedo
quehacer,5.15,1.6,5.42,1.02,1,quehacer
queja,3.0,1.22,6.45,1.47,1,queja
quejar,3.3,1.63,6.6,1.1,1,quejar
quema,3.65,1.57,6.8,1.4,1,quema
quemadura,2.48,1.38,7.18,1.15,1,quemadura
quemar,3.65,1.23,6.3,1.38,1,quemar
querella,3.75,1.41,5.72,1.64,1,querella
querer,7.95,1.23,5.7,2.79,1,querer
querida,6.15,2.13,5.4,1.9,1,querida
queroseno,4.31,1.64,5.89,1.53,1,queroseno
queso,6.6,1.23,4.8,1.88,1,queso
quicio,3.72,1.07,5.61,1.2,1,quicio
quiebra,2.45,1.19,7.15,0.99,1,quiebra
quien,5.05,0.6,5.4,0.99,1,quien
quieto,4.95,0.83,3.55,1.88,1,quieto
quietud,4.84,1.57,3.45,2.04,1,quietud
quilla,6.13,1.41,5.08,1.62,1,quilla
quimera,4.44,1.93,5.35,1.77,1,quimera
químico,4.45,1.28,5.95,1.05,1,quimico
quimioterapia,2.5,1.99,7.6,1.73,1,quimioterapia
quincena,5.2,0.52,4.55,1.73,1,quincena
quinquenio,4.9,0.32,4.15,1.68,1,quinquenio
quinta,5.5,0.83,5.1,1.12,1,quinta
quinteto,5.7,0.86,5.0,1.69,1,quinteto
quinto,5.45,0.94,5.25,1.68,1,quinto
quirófano,2.7,1.72,8.2,1.06,1,quirofano
quiste,2.55,1.0,7.0,1.15,1,quiste
quitameriendas,3.13,1.41,5.94,1.11,1,quitameriendas
quitar,3.1,1.45,5.2,2.02,1,quitar
quite,4.35,1.17,5.18,0.53,1,quite
quito,4.11,0.99,5.11,0.74,1,quito
quizá,4.85,1.57,5.4,1.14,1,quiza
quizás,4.3,1.38,5.15,1.81,1,quizas
rábano,5.1,1.25,4.65,1.46,1,rabano
rabia,2.65,1.35,7.6,1.37,1,rabia
rabino,4.32,1.25,4.72,1.67,1,rabino
rabioso,2.5,1.15,6.8,1.99,1,rabioso
rabo,5.0,1.26,5.05,2.06,1,rabo
racha,6.1,2.4,6.0,1.17,1,racha
racial,4.05,1.47,5.15,1.53,1,racial
racimo,5.85,1.69,3.85,1.42,1,racimo
raciocinio,5.58,2.07,5.56,1.75,1,raciocinio
ración,5.0,0.56,4.8,0.89,1,racion
racional,6.4,1.47,4.5,1.54,1,racional
racionalidad,6.0,1.38,4.7,1.87,1,racionalidad
racionalismo,5.4,0.99,4.7,1.3,1,racionalismo
racionalista,5.35,1.31,4.8,1.51,1,racionalista
racionalización,5.6,1.76,5.05,1.54,1,racionalizacion
racionalizar,5.7,1.56,4.8,1.36,1,racionalizar
racismo,2.2,1.32,7.3,1.66,1,racismo
racista,1.95,1.1,7.55,1.36,1,racista
radar,4.2,1.06,6.3,1.59,1,radar
radiación,2.8,1.47,6.45,1.32,1,radiacion
radiactividad,2.75,1.41,7.2,1.28,1,radiactividad
radiactivo,2.65,1.76,7.5,1.54,1,radiactivo
radiador,6.15,1.37,4.2,1.8,1,radiador
radiadores,5.6,1.05,4.6,2.28,1,radiadores
radial,4.95,0.62,5.0,1.21,1,radial
radiante,7.6,1.3,5.48,1.89,1,radiante
radical,3.45,1.54,6.6,1.1,1,radical
radicalismo,3.1,1.68,7.05,1.93,1,radicalismo
radicalización,2.95,1.96,6.15,1.73,1,radicalizacion
radio,6.13,1.3,4.73,1.6,1,radio
radiodifusión,5.5,1.24,4.85,1.81,1,radiodifusion
radiofónico,5.6,1.27,5.11,1.24,1,radiofonico
radiografía,4.5,1.05,5.85,1.04,1,radiografia
radiólogo,4.45,1.0,5.2,1.47,1,radiologo
radioterapia,2.45,1.39,6.5,1.64,1,radioterapia
ráfaga,4.75,1.77,5.75,1.33,1,rafaga
rafting,6.05,1.61,6.53,1.71,1,rafting
raíces,6.75,1.45,4.1,1.59,1,raices
raíz,6.0,1.26,4.4,1.14,1,raiz
rallador,5.45,1.0,5.35,1.53,1,rallador
rally,5.42,1.74,6.63,1.64,1,rally
rama,5.25,0.64,4.4,0.99,1,rama
ramaje,5.18,0.81,4.56,1.42,1,ramaje
ramal,5.31,0.6,5.24,1.15,1,ramal
rambla,5.15,0.59,5.4,1.43,1,rambla
ramillete,5.89,1.32,4.2,1.44,1,ramillete
ramo,6.65,1.66,5.25,1.65,1,ramo
rampa,4.75,0.85,5.75,1.37,1,rampa
rana,5.68,1.29,4.63,1.44,1,rana
ranchera,5.6,1.27,5.25,0.91,1,ranchera
rancho,5.85,1.23,4.65,1.31,1,rancho
rancio,3.18,1.43,5.58,1.58,1,rancio
rango,5.1,0.91,4.35,1.57,1,rango
ranking,6.4,1.19,5.8,1.32,1,ranking
ránking,5.05,0.89,5.65,1.53,1,ranking
ranura,5.1,0.45,4.95,1.23,1,ranura
rap,5.35,1.63,5.85,1.63,1,rap
rapaz,5.75,1.55,5.75,1.21,1,rapaz
rape,5.45,1.36,4.9,1.17,1,rape
rapero,5.3,1.45,5.3,1.26,1,rapero
rapidez,6.55,1.15,6.45,0.94,1,rapidez
rápido,6.25,1.21,6.25,1.55,1,rapido
rápidos,5.9,1.37,7.05,1.05,1,rapidos
rapiña,4.0,1.63,6.0,1.7,1,rapina
rapto,2.33,1.8,7.35,1.23,1,rapto
raqueta,5.4,0.99,4.65,1.5,1,raqueta
raquetas,6.1,1.29,5.85,1.53,1,raquetas
rara,4.25,1.65,5.45,1.39,1,rara
rareza,5.3,1.13,5.65,1.46,1,rareza
raro,4.6,1.57,5.45,1.2,1,raro
rascacielo,6.0,1.3,6.3,1.87,1,rascacielo
rascacielos,5.73,1.47,6.28,1.58,1,rascacielos
rascar,5.74,1.45,5.3,2.15,1,rascar
rasera,5.79,1.27,5.05,1.28,1,rasera
rasero,5.05,1.13,5.32,0.75,1,rasero
rasgo,5.6,0.88,4.75,1.12,1,rasgo
raso,5.4,1.05,4.35,2.06,1,raso
rastrear,5.35,1.87,6.1,1.52,1,rastrear
rastreo,4.8,1.67,5.95,0.94,1,rastreo
rastrillo,5.25,0.64,5.5,1.4,1,rastrillo
rastro,4.75,0.85,4.9,0.79,1,rastro
rata,3.43,1.92,6.75,1.5,1,rata
ratificación,5.21,1.44,5.1,1.48,1,ratificacion
ratificar,5.42,1.26,5.15,1.9,1,ratificar
ratio,5.11,0.58,4.4,1.12,1,ratio
ratito,6.6,1.73,3.63,1.54,1,ratito
rato,5.55,1.05,4.05,1.43,1,rato
ratón,5.1,1.83,6.9,1.48,1,raton
ratones,4.6,1.73,6.5,1.73,1,ratones
raya,5.25,1.12,5.05,1.05,1,raya
rayo,3.9,1.33,7.05,1.39,1,rayo
rayón,4.71,1.1,5.31,1.44,1,rayon
raza,4.9,0.97,4.75,1.71,1,raza
razón,6.95,1.19,4.85,2.08,1,razon
razonable,7.2,1.15,4.6,1.47,1,razonable
razonar,6.85,1.73,4.6,2.04,1,razonar
reabrir,5.85,1.18,5.65,1.09,1,reabrir
reacción,5.4,1.19,6.45,1.19,1,reaccion
reaccionar,5.9,1.17,5.6,1.39,1,reaccionar
reaccionario,5.16,0.69,5.95,1.78,1,reaccionario
reacio,3.15,1.18,6.0,1.49,1,reacio
reactivación,6.05,1.32,5.85,1.5,1,reactivacion
reactivar,6.0,1.3,5.95,1.47,1,reactivar
reactor,3.8,1.54,6.15,1.09,1,reactor
reafirmar,5.4,0.88,5.2,1.44,1,reafirmar
reagge,6.12,1.05,5.56,2.1,1,reagge
reagrupación,5.35,0.81,5.0,1.12,1,reagrupacion
reajuste,5.95,1.47,5.05,1.39,1,reajuste
real,6.6,1.67,5.1,2.17,1,real
realeza,4.0,2.29,4.95,2.19,1,realeza
realidad,6.85,1.66,4.8,2.19,1,realidad
realismo,6.45,1.32,4.95,1.64,1,realismo
realista,6.45,1.9,4.6,1.31,1,realista
realiza,6.65,1.18,4.85,1.04,1,realiza
realización,7.0,1.45,5.95,1.5,1,realizacion
realizador,5.7,0.92,5.45,1.05,1,realizador
realizar,6.65,1.6,5.0,1.52,1,realizar
realizo,6.35,1.23,5.05,1.32,1,realizo
realzar,6.55,0.83,5.25,1.62,1,realzar
reanudación,5.8,1.24,5.1,1.17,1,reanudacion
reanudar,5.95,1.61,5.65,1.66,1,reanudar
reaparecer,5.7,1.69,6.1,1.45,1,reaparecer
reaparición,6.2,1.44,6.25,1.16,1,reaparicion
reapertura,6.55,1.05,5.6,1.31,1,reapertura
rebajar,6.15,1.39,5.05,1.64,1,rebajar
rebaño,5.4,0.68,4.0,1.45,1,rebano
rebasar,4.4,1.27,5.79,0.98,1,rebasar
rebeca,5.65,0.93,4.7,1.49,1,rebeca
rebelde,4.98,2.06,7.2,1.38,1,rebelde
rebeldía,4.3,2.25,7.1,0.97,1,rebeldia
rebelión,4.4,2.09,7.45,1.32,1,rebelion
rebosar,5.9,1.52,5.2,1.4,1,rebosar
rebote,4.35,1.23,6.25,1.52,1,rebote
recabar,5.16,1.38,5.05,0.39,1,recabar
recado,4.75,0.91,4.78,1.62,1,recado
recaer,3.05,1.64,6.6,0.94,1,recaer
recaída,2.25,0.97,6.35,1.5,1,recaida
recalcar,4.85,1.42,5.65,1.53,1,recalcar
recambio,4.75,0.55,4.65,1.09,1,recambio
recapacitar,7.3,1.26,4.1,1.97,1,recapacitar
recapitulación,4.95,1.27,4.9,1.52,1,recapitulacion
recarga,5.7,0.92,5.85,1.46,1,recarga
recato,4.82,0.81,4.19,1.64,1,recato
recaudación,6.05,1.47,5.85,1.53,1,recaudacion
recaudar,6.3,1.78,5.2,1.94,1,recaudar
recelo,3.75,1.21,5.85,1.46,1,recelo
recepción,5.65,1.14,4.7,1.13,1,recepcion
recepcionista,5.55,1.15,4.95,1.39,1,recepcionista
receptáculo,4.94,0.85,4.62,1.39,1,receptaculo
receptividad,7.05,1.61,4.85,1.98,1,receptividad
receptivo,7.2,1.15,4.85,1.66,1,receptivo
receptor,5.65,1.27,4.55,1.85,1,receptor
receptora,6.0,1.49,4.95,0.89,1,receptora
recesión,3.8,1.44,5.6,1.35,1,recesion
receso,4.89,0.96,4.68,1.67,1,receso
receta,5.95,1.0,4.7,1.81,1,receta
recetario,6.15,1.35,4.47,1.26,1,recetario
rechace,4.15,1.14,6.05,1.36,1,rechace
rechaza,3.15,1.27,6.5,1.43,1,rechaza
rechazado,2.75,1.37,6.78,1.12,1,rechazado
rechazar,2.85,1.39,6.4,1.76,1,rechazar
rechazo,2.1,1.45,7.05,1.1,1,rechazo
recibí,6.4,1.39,5.55,1.15,1,recibi
recibidor,5.55,1.1,4.5,1.54,1,recibidor
recibimiento,6.65,1.39,5.4,1.54,1,recibimiento
recibir,6.7,1.08,5.9,1.45,1,recibir
reciclado,6.8,1.4,4.4,1.47,1,reciclado
reciclaje,6.5,2.01,4.45,1.36,1,reciclaje
recién,5.7,1.13,4.45,2.16,1,recien
reciente,5.7,1.34,5.05,1.32,1,reciente
recinto,5.65,1.09,5.25,1.37,1,recinto
recio,4.5,1.05,5.25,1.25,1,recio
recipiente,5.0,0.0,4.2,1.67,1,recipiente
recíproca,6.45,1.28,5.16,1.68,1,reciproca
reciprocidad,6.4,1.39,4.55,2.09,1,reciprocidad
recital,6.05,1.39,4.75,1.77,1,recital
recitar,5.45,1.43,4.5,1.79,1,recitar
reclamación,3.45,1.39,6.35,1.23,1,reclamacion
reclamada,4.35,1.31,5.7,0.86,1,reclamada
reclamar,3.85,1.69,6.3,1.38,1,reclamar
reclamo,4.65,1.14,5.7,1.34,1,reclamo
reclusión,2.75,1.33,6.35,1.42,1,reclusion
recluta,3.5,1.4,5.45,1.61,1,recluta
reclutamiento,3.25,1.83,6.95,1.19,1,reclutamiento
reclutar,3.75,1.92,6.25,1.65,1,reclutar
recobrar,6.55,1.61,5.15,1.46,1,recobrar
recodo,5.11,1.15,4.27,1.58,1,recodo
recogedor,5.03,1.29,4.6,1.46,1,recogedor
recoger,5.1,1.07,5.1,0.79,1,recoger
recogida,4.65,0.88,4.3,1.45,1,recogida
recogimiento,5.21,1.13,4.61,1.33,1,recogimiento
recoje,5.3,1.22,5.15,1.31,1,recoje
recojo,5.2,0.89,4.74,1.15,1,recojo
recolección,6.1,1.17,4.55,1.28,1,recoleccion
recolectar,5.55,1.15,4.2,1.61,1,recolectar
recomendable,6.15,0.99,4.75,1.21,1,recomendable
recomendación,6.7,1.26,5.0,1.41,1,recomendacion
recomendada,6.85,1.39,4.4,1.82,1,recomendada
recomendado,6.2,1.24,5.0,1.21,1,recomendado
recomendar,5.95,1.19,4.9,1.17,1,recomendar
recompensa,7.5,1.06,5.9,1.93,1,recompensa
recompensar,6.7,1.22,6.0,1.78,1,recompensar
recomponer,5.85,1.23,5.4,1.35,1,recomponer
reconciliación,8.2,0.89,4.5,2.52,1,reconciliacion
reconciliar,7.85,1.18,3.75,1.92,1,reconciliar
reconducir,5.85,0.93,4.85,1.66,1,reconducir
reconocer,6.05,1.28,4.8,1.67,1,reconocer
reconocido,6.28,0.99,4.95,1.63,1,reconocido
reconocimiento,6.9,2.22,6.25,1.55,1,reconocimiento
reconquistar,5.7,1.34,6.85,1.66,1,reconquistar
reconsiderar,6.1,1.29,5.5,1.15,1,reconsiderar
reconstrucción,5.7,1.34,4.75,1.59,1,reconstruccion
reconstruir,6.85,1.5,5.7,1.22,1,reconstruir
reconversión,5.26,1.05,5.35,1.31,1,reconversion
recopilación,6.1,0.91,4.9,1.21,1,recopilacion
recopilar,5.7,0.92,5.1,0.79,1,recopilar
recopilatorio,5.85,1.23,5.0,1.08,1,recopilatorio
récord,6.7,1.95,7.1,1.37,1,record
recordar,6.63,1.42,5.45,2.19,1,recordar
recordatorio,5.7,0.86,5.0,1.03,1,recordatorio
records,6.85,1.27,5.2,1.96,1,records
recorrer,5.7,1.03,5.05,2.01,1,recorrer
recorrido,6.0,1.34,5.3,1.22,1,recorrido
recortada,3.85,1.39,5.35,0.99,1,recortada
recortar,3.9,0.97,5.7,1.13,1,recortar
recorte,3.45,1.61,5.6,1.19,1,recorte
recreación,6.0,1.17,4.65,1.63,1,recreacion
recrear,6.5,1.15,5.45,1.15,1,recrear
recreativa,6.9,1.77,5.1,1.62,1,recreativa
recreo,7.25,1.02,6.3,2.13,1,recreo
recrudecimiento,4.06,0.9,5.63,1.54,1,recrudecimiento
recta,5.35,0.88,4.45,1.15,1,recta
rectangular,5.1,0.72,4.45,1.5,1,rectangular
rectángulo,5.3,0.86,4.25,1.41,1,rectangulo
rectificación,6.15,1.04,5.15,1.63,1,rectificacion
rectificar,7.0,1.56,4.3,1.75,1,rectificar
rectificativo,5.4,0.94,5.2,1.96,1,rectificativo
rectitud,4.53,1.58,4.6,2.01,1,rectitud
recto,4.6,1.05,4.35,1.6,1,recto
rector,4.55,1.15,5.8,1.79,1,rector
recubrimiento,5.05,0.83,4.7,1.38,1,recubrimiento
recubrir,5.05,1.05,4.95,0.69,1,recubrir
recuento,4.95,1.15,4.95,1.19,1,recuento
recuerdo,7.35,1.46,4.75,2.27,1,recuerdo
recuerdos,7.4,1.79,5.45,2.35,1,recuerdos
recuperación,6.9,1.97,4.95,1.93,1,recuperacion
recuperar,6.8,1.06,4.7,1.42,1,recuperar
recurrente,5.05,1.47,5.55,0.89,1,recurrente
recurrir,4.85,1.14,5.8,1.47,1,recurrir
recurso,6.05,1.19,4.95,1.19,1,recurso
red,5.45,0.94,4.75,0.64,1,red
redacción,5.3,1.03,4.85,2.03,1,redaccion
redactar,5.8,1.15,5.25,1.8,1,redactar
redactor,5.2,0.62,4.85,0.93,1,redactor
redefinir,5.2,0.89,5.15,1.27,1,redefinir
redención,3.93,1.83,5.12,1.36,1,redencion
redimir,4.41,1.18,5.21,1.05,1,redimir
redistribución,5.1,0.85,4.58,1.77,1,redistribucion
redoblar,5.15,0.81,5.25,1.62,1,redoblar
redonda,5.2,0.95,5.0,1.89,1,redonda
redondez,5.0,0.97,4.45,1.15,1,redondez
reducción,4.0,1.17,4.45,1.39,1,reduccion
reducir,4.45,0.94,4.7,1.69,1,reducir
reducto,5.0,1.0,4.94,0.44,1,reducto
redundancia,4.55,0.83,5.3,0.92,1,redundancia
reedición,5.69,1.01,4.55,1.61,1,reedicion
reelección,5.2,0.83,5.7,1.34,1,reeleccion
reembolso,5.35,1.84,5.45,1.88,1,reembolso
reemplazar,4.1,1.41,5.55,0.83,1,reemplazar
reemplazo,3.25,1.33,6.15,1.76,1,reemplazo
reencarnación,4.55,1.54,6.2,1.44,1,reencarnacion
reencuentro,7.45,1.64,6.5,2.37,1,reencuentro
reestructuración,5.65,1.35,6.1,1.25,1,reestructuracion
reestructurar,5.95,1.1,5.2,1.01,1,reestructurar
referencia,5.15,0.67,4.85,0.81,1,referencia
referendo,5.59,1.58,4.53,1.18,1,referendo
referéndum,5.3,1.3,5.85,1.53,1,referendum
referente,5.8,0.95,4.9,0.91,1,referente
referir,5.15,0.75,5.1,0.45,1,referir
refinamiento,5.26,1.1,4.85,1.27,1,refinamiento
refinería,4.55,1.23,5.4,1.27,1,refineria
reflector,5.0,0.46,5.05,0.78,1,reflector
refleja,5.6,1.27,4.55,1.23,1,refleja
reflejar,5.7,0.86,4.9,1.37,1,reflejar
reflejo,6.1,1.12,4.7,1.81,1,reflejo
reflexión,6.5,1.47,4.2,2.07,1,reflexion
reflexionar,6.5,1.24,4.4,1.93,1,reflexionar
reflexivo,6.2,1.24,3.7,1.78,1,reflexivo
reflujo,4.47,1.54,5.05,1.05,1,reflujo
reforestación,6.65,1.63,4.55,1.9,1,reforestacion
reforma,5.85,1.57,6.25,1.77,1,reforma
reformador,5.65,1.6,4.95,1.19,1,reformador
reformar,6.8,1.64,5.8,1.47,1,reformar
reformista,5.75,0.85,5.85,1.42,1,reformista
reforzamiento,6.1,1.17,4.85,1.73,1,reforzamiento
reforzar,6.25,1.21,5.65,1.27,1,reforzar
refracción,4.6,0.82,5.33,1.19,1,refraccion
refrán,5.75,1.02,4.7,1.22,1,refran
refrescante,7.1,1.07,4.65,2.3,1,refrescante
refrescar,7.1,1.07,4.55,2.28,1,refrescar
refresco,6.5,1.28,4.9,2.05,1,refresco
refriega,4.6,0.99,4.95,1.39,1,refriega
refrigeración,5.45,0.83,4.68,1.45,1,refrigeracion
refrigerio,5.76,1.57,5.1,1.58,1,refrigerio
refuerzo,6.65,1.81,5.1,1.33,1,refuerzo
refugio,6.45,1.54,3.4,1.98,1,refugio
refutación,4.89,0.58,5.89,1.24,1,refutacion
regadío,5.55,1.15,4.1,1.8,1,regadio
regala,7.45,1.28,6.25,1.74,1,regala
regalar,8.3,1.22,5.8,2.14,1,regalar
regalo,7.75,1.02,5.88,2.52,1,regalo
regañadientes,3.5,1.0,6.0,1.34,1,reganadientes
regar,6.37,1.34,4.25,1.68,1,regar
regata,5.37,1.46,5.21,1.18,1,regata
regazo,7.0,1.12,3.15,1.42,1,regazo
regencia,4.68,0.82,5.28,0.67,1,regencia
regeneración,6.65,1.5,4.75,1.62,1,regeneracion
regente,4.56,0.78,5.05,0.97,1,regente
reggae,6.85,1.66,4.65,2.42,1,reggae
regia,4.93,1.21,5.13,0.72,1,regia
regidor,4.58,1.5,5.0,1.26,1,regidor
régimen,3.7,1.38,6.6,1.35,1,regimen
regimiento,3.9,1.25,6.3,1.08,1,regimiento
región,5.45,1.64,4.8,1.06,1,region
regional,5.25,1.21,5.0,1.08,1,regional
regionalismo,4.45,1.96,5.16,1.38,1,regionalismo
regionalista,4.95,0.6,4.95,0.89,1,regionalista
regir,4.7,1.13,5.75,0.72,1,regir
registrar,5.2,1.28,5.15,1.18,1,registrar
registro,5.25,0.97,4.9,1.8,1,registro
regla,4.0,1.17,5.25,1.86,1,regla
reglamentación,4.85,1.5,5.2,1.32,1,reglamentacion
reglamentar,4.55,1.47,5.45,1.28,1,reglamentar
reglamentario,4.55,1.1,5.05,1.0,1,reglamentario
reglamento,4.3,1.53,4.95,1.82,1,reglamento
regleta,5.11,0.46,5.05,0.89,1,regleta
regocijo,5.9,2.15,4.95,1.43,1,regocijo
regresar,6.7,1.59,5.45,2.06,1,regresar
regresión,4.3,1.69,4.95,1.79,1,regresion
regreso,7.0,1.17,5.3,2.05,1,regreso
regulación,5.3,0.8,4.9,1.37,1,regulacion
regulador,5.3,0.73,4.4,1.35,1,regulador
regular,4.5,1.1,4.5,1.24,1,regular
regularización,5.2,1.11,4.95,1.47,1,regularizacion
regularizar,5.75,1.16,4.45,1.19,1,regularizar
rehabilitación,5.4,1.54,5.15,1.81,1,rehabilitacion
rehabilitado,7.2,1.61,4.3,2.18,1,rehabilitado
rehabilitar,6.5,1.93,5.55,1.61,1,rehabilitar
rehacer,4.75,1.97,5.55,1.7,1,rehacer
rehén,2.33,1.24,7.25,1.37,1,rehen
rehusar,4.45,1.67,5.1,1.45,1,rehusar
reina,6.25,1.89,5.48,1.71,1,reina
reinado,5.05,1.67,6.0,1.41,1,reinado
reinante,5.5,1.04,5.05,1.9,1,reinante
reinar,5.25,1.97,5.8,1.74,1,reinar
reiniciar,4.85,1.9,5.05,1.64,1,reiniciar
reino,5.3,1.26,5.05,1.73,1,reino
reinserción,5.6,1.43,5.7,1.08,1,reinsercion
reintegración,6.5,1.28,4.8,1.58,1,reintegracion
reír,8.45,0.76,5.6,3.38,1,reir
reiteración,5.11,0.81,5.1,1.25,1,reiteracion
reiterar,5.05,1.54,5.25,1.48,1,reiterar
reivindicación,5.55,1.82,6.45,1.23,1,reivindicacion
reivindicar,6.3,1.53,6.6,1.35,1,reivindicar
reja,4.2,1.11,4.7,1.45,1,reja
rejas,2.8,1.64,6.25,1.94,1,rejas
rejilla,4.9,0.85,5.2,1.24,1,rejilla
relación,7.55,1.76,5.6,2.68,1,relacion
relacional,5.5,1.0,5.45,1.15,1,relacional
relacionar,6.4,1.35,5.05,1.15,1,relacionar
relajación,7.25,1.33,1.5,0.76,1,relajacion
relajado,7.48,1.2,1.4,0.94,1,relajado
relajante,7.6,1.31,1.85,1.14,1,relajante
relajar,8.15,0.99,1.95,1.1,1,relajar
relámpago,4.65,2.17,6.75,1.77,1,relampago
relanzamiento,5.7,0.8,5.3,1.22,1,relanzamiento
relanzar,5.55,1.0,5.5,0.89,1,relanzar
relativa,4.9,0.55,4.55,1.1,1,relativa
relatividad,5.45,1.36,5.3,1.53,1,relatividad
relativismo,5.3,0.92,5.0,1.34,1,relativismo
relativista,5.25,0.97,5.1,1.33,1,relativista
relativo,5.85,1.6,5.3,1.34,1,relativo
relato,6.35,1.23,4.0,1.38,1,relato
relator,5.27,1.22,4.47,1.41,1,relator
relevante,6.35,1.09,5.65,1.46,1,relevante
relevo,5.0,0.79,5.1,1.48,1,relevo
relieve,5.25,1.16,4.35,1.5,1,relieve
religión,4.55,2.09,5.15,2.18,1,religion
religiosa,4.7,2.08,4.5,1.24,1,religiosa
religiosidad,4.35,2.13,4.7,1.63,1,religiosidad
religioso,4.3,1.22,4.7,1.72,1,religioso
reliquia,6.15,0.99,5.3,1.95,1,reliquia
rellano,5.2,0.89,4.55,1.05,1,rellano
rellenar,5.4,1.39,5.15,1.42,1,rellenar
relleno,5.05,0.89,5.5,1.36,1,relleno
reloj,5.2,1.4,4.63,1.78,1,reloj
relojero,5.25,0.79,4.55,0.94,1,relojero
reluciente,6.4,1.19,4.2,1.61,1,reluciente
relucir,6.25,1.33,4.5,1.67,1,relucir
remanente,4.78,0.67,5.36,1.08,1,remanente
remate,5.45,1.15,6.15,1.53,1,remate
remediar,6.6,1.43,4.6,2.01,1,remediar
remedio,6.15,1.31,4.8,1.51,1,remedio
remisión,5.15,1.14,4.72,1.41,1,remision
remitir,5.15,1.09,5.1,1.45,1,remitir
remo,4.9,0.55,4.35,1.6,1,remo
remoción,5.13,1.36,4.88,0.64,1,remocion
remodelación,5.75,1.02,5.6,1.43,1,remodelacion
remolacha,4.3,1.26,4.65,0.93,1,remolacha
remolcador,4.5,1.19,4.95,1.67,1,remolcador
remolino,4.7,0.98,6.1,1.29,1,remolino
remolque,5.15,0.59,4.9,0.64,1,remolque
remonta,7.25,2.0,5.45,1.61,1,remonta
remontar,6.8,1.58,6.25,1.21,1,remontar
remordimiento,2.85,1.14,7.15,1.46,1,remordimiento
remoto,5.4,1.23,5.74,1.33,1,remoto
remover,4.75,0.79,5.5,1.57,1,remover
remuneración,6.37,1.46,5.6,1.67,1,remuneracion
renacentista,5.55,1.15,4.42,1.89,1,renacentista
renacer,7.75,1.41,5.85,1.5,1,renacer
renacimiento,5.95,1.47,5.0,1.03,1,renacimiento
renal,4.32,0.95,5.1,1.25,1,renal
rencor,2.4,1.23,7.5,1.36,1,rencor
rendición,3.32,1.06,5.55,1.23,1,rendicion
rendija,4.65,1.04,5.3,1.22,1,rendija
rendimiento,5.9,1.83,5.1,2.02,1,rendimiento
rendir,5.4,2.78,5.85,1.81,1,rendir
renglón,5.11,0.58,4.3,1.53,1,renglon
reñir,3.3,1.49,7.2,1.01,1,renir
reno,6.16,1.38,4.9,0.64,1,reno
renombrado,5.5,1.0,4.65,1.39,1,renombrado
renombre,5.4,0.68,5.75,1.29,1,renombre
renovable,6.75,1.41,4.9,1.02,1,renovable
renovación,6.45,1.1,5.6,1.54,1,renovacion
renovar,6.75,0.97,5.4,0.94,1,renovar
renta,4.55,1.67,5.8,1.47,1,renta
rentabilidad,5.8,1.44,5.1,1.21,1,rentabilidad
rentable,6.75,1.16,4.5,1.91,1,rentable
renuncia,3.45,1.57,5.8,1.88,1,renuncia
renunciar,3.65,0.99,6.45,1.7,1,renunciar
reo,3.85,1.82,6.33,1.68,1,reo
reojo,4.84,1.01,5.9,0.91,1,reojo
reorganización,5.8,1.58,5.25,1.89,1,reorganizacion
reorganizar,5.1,1.45,5.1,1.33,1,reorganizar
reorientación,6.15,1.04,5.45,1.05,1,reorientacion
reparación,5.7,1.49,5.05,1.32,1,reparacion
reparar,6.25,1.37,5.5,1.15,1,reparar
reparo,5.1,1.33,4.95,1.73,1,reparo
repartición,5.8,0.95,4.95,1.43,1,reparticion
repartidor,5.3,0.73,5.0,1.3,1,repartidor
repartir,5.8,1.24,4.75,1.12,1,repartir
reparto,6.0,1.17,5.35,0.75,1,reparto
repasar,5.6,1.14,4.9,2.07,1,repasar
repaso,5.3,1.34,5.2,1.58,1,repaso
repatriación,3.37,1.38,6.1,1.59,1,repatriacion
repeler,3.7,0.92,6.6,1.05,1,repeler
repente,5.21,0.58,5.0,1.53,1,repente
repentina,4.25,1.71,5.9,1.8,1,repentina
repercusión,4.8,1.36,6.65,1.14,1,repercusion
repercutir,4.0,1.38,6.2,1.01,1,repercutir
repertorio,5.6,0.88,4.65,1.5,1,repertorio
repetición,4.9,1.17,5.15,1.69,1,repeticion
repetidora,3.35,0.81,5.4,1.6,1,repetidora
repetir,5.3,1.38,5.2,1.79,1,repetir
repetiré,5.0,1.72,5.35,1.66,1,repetire
repisa,4.9,0.79,4.55,1.26,1,repisa
repite,4.05,1.15,4.9,1.55,1,repite
repito,4.35,1.18,5.15,1.09,1,repito
replantear,5.2,1.4,5.5,1.1,1,replantear
repleto,5.4,2.39,6.2,1.32,1,repleto
réplica,4.45,1.67,5.1,1.37,1,replica
replicación,4.6,1.19,5.7,1.22,1,replicacion
replicar,4.3,1.66,5.65,1.63,1,replicar
repliegue,4.89,0.74,4.55,1.19,1,repliegue
repoblación,5.9,1.33,5.45,1.85,1,repoblacion
repollo,5.16,0.6,4.65,1.14,1,repollo
reponer,5.75,0.97,5.6,0.94,1,reponer
reportaje,5.7,0.92,4.85,1.14,1,reportaje
reportar,4.45,1.23,5.6,1.54,1,reportar
reporte,5.1,1.17,4.95,0.78,1,reporte
reportero,5.55,0.76,4.8,1.44,1,reportero
reposar,5.9,1.12,2.75,1.55,1,reposar
reposición,5.67,1.19,4.95,0.6,1,reposicion
reposo,6.5,1.5,1.6,0.99,1,reposo
repostería,7.7,1.03,4.6,2.14,1,reposteria
reprender,3.6,1.23,6.25,1.94,1,reprender
represa,4.93,0.7,4.64,1.45,1,represa
represalia,2.9,1.29,6.45,1.43,1,represalia
representación,6.25,1.33,6.1,1.41,1,representacion
representante,5.35,1.5,5.15,1.5,1,representante
representar,5.7,1.13,6.05,1.7,1,representar
representatividad,6.3,1.42,5.3,1.49,1,representatividad
representativo,5.7,1.26,4.55,1.67,1,representativo
represión,3.05,1.39,6.4,2.21,1,represion
represiva,2.45,1.28,6.6,1.23,1,represiva
reprimir,2.65,1.14,6.35,1.79,1,reprimir
reprobación,4.68,1.89,5.8,0.83,1,reprobacion
reproche,3.05,1.32,6.75,1.83,1,reproche
reproducción,6.3,1.26,5.85,2.5,1,reproduccion
reproducir,6.25,1.25,6.0,1.49,1,reproducir
reproductiva,6.2,0.95,6.35,1.39,1,reproductiva
reproductor,6.6,1.23,5.3,1.75,1,reproductor
reptil,4.45,1.47,6.28,1.54,1,reptil
república,5.75,1.89,5.95,1.5,1,republica
republicanismo,5.85,2.11,5.35,0.99,1,republicanismo
republicano,5.6,1.6,5.75,1.37,1,republicano
repudiar,2.11,1.1,6.25,1.25,1,repudiar
repudio,2.74,1.15,6.1,1.12,1,repudio
repugnancia,2.6,1.67,6.8,1.36,1,repugnancia
repugnante,1.95,1.0,7.6,1.5,1,repugnante
repulsa,3.3,1.26,5.94,1.16,1,repulsa
repulsión,2.85,1.39,6.35,1.76,1,repulsion
repunte,5.31,0.63,5.56,0.89,1,repunte
reputación,5.9,1.21,5.75,1.77,1,reputacion
requerimiento,4.4,1.1,5.7,0.92,1,requerimiento
requerir,4.6,0.82,5.55,1.23,1,requerir
requisito,4.45,1.1,5.35,1.66,1,requisito
res,4.75,0.62,5.5,1.51,1,res
resaca,2.85,1.46,6.5,1.4,1,resaca
resaltar,5.85,0.75,6.1,0.85,1,resaltar
rescatar,7.25,1.48,5.75,2.22,1,rescatar
rescate,6.6,1.82,5.7,2.34,1,rescate
rescisión,4.0,0.67,5.27,0.88,1,rescision
reseña,5.26,1.15,5.28,0.67,1,resena
reseñar,4.67,1.03,5.0,1.53,1,resenar
resentimiento,2.8,1.11,6.4,1.6,1,resentimiento
resentirse,3.1,1.48,5.98,1.56,1,resentirse
reserva,6.1,1.37,4.45,1.99,1,reserva
reservado,4.7,1.16,4.25,2.0,1,reservado
reservar,5.75,0.91,4.75,1.62,1,reservar
resfriado,2.95,1.43,5.95,1.54,1,resfriado
resguardo,5.2,1.47,3.95,1.23,1,resguardo
residencia,5.35,1.6,4.0,1.62,1,residencia
residencial,5.6,0.99,4.35,1.46,1,residencial
residente,5.7,1.08,4.25,1.37,1,residente
residir,5.6,0.82,4.25,1.45,1,residir
residual,3.75,1.86,6.0,1.34,1,residual
residuo,3.2,0.83,5.85,1.66,1,residuo
resiente,4.47,1.98,5.32,1.45,1,resiente
resignación,2.85,1.18,5.55,1.54,1,resignacion
resignada,3.1,1.07,6.1,1.65,1,resignada
resina,5.05,1.0,4.65,1.84,1,resina
resistencia,6.05,1.57,6.65,1.57,1,resistencia
resistente,6.85,1.35,5.4,1.9,1,resistente
resistir,5.8,1.67,6.2,1.82,1,resistir
resolución,6.1,0.97,5.6,1.47,1,resolucion
resolver,6.45,1.32,5.0,2.32,1,resolver
resonancia,4.3,1.03,5.9,1.74,1,resonancia
resonante,5.45,1.0,5.7,1.42,1,resonante
resonar,4.89,1.1,5.45,1.32,1,resonar
resorte,4.79,0.98,5.32,1.57,1,resorte
respaldar,6.0,1.08,3.9,2.15,1,respaldar
respaldo,6.3,1.38,3.6,1.5,1,respaldo
respecto,5.25,0.91,5.05,0.69,1,respecto
respetable,7.55,0.94,4.25,1.55,1,respetable
respetar,8.25,0.79,4.6,2.04,1,respetar
respeto,8.2,0.99,3.55,1.88,1,respeto
respetuoso,7.68,1.25,3.28,1.68,1,respetuoso
respiración,6.65,1.35,3.45,1.85,1,respiracion
respirar,7.8,1.54,3.7,2.08,1,respirar
respiratorio,5.2,1.06,5.55,1.5,1,respiratorio
respiro,7.3,1.3,3.0,1.56,1,respiro
resplandeciente,7.1,1.29,5.8,2.12,1,resplandeciente
resplandor,5.6,1.64,4.75,2.02,1,resplandor
responder,5.65,1.23,5.3,1.87,1,responder
responsabilidad,5.8,1.58,6.3,2.0,1,responsabilidad
responsabilizar,5.15,1.39,6.3,1.72,1,responsabilizar
responsable,6.05,1.64,5.8,2.02,1,responsable
respuesta,6.03,1.27,5.53,1.62,1,respuesta
resquicio,4.93,0.88,5.37,1.42,1,resquicio
resta,4.25,1.02,4.55,1.43,1,resta
restablecer,5.25,1.62,4.7,1.45,1,restablecer
restablecimiento,5.35,1.09,4.75,1.37,1,restablecimiento
restante,4.75,1.37,5.3,1.13,1,restante
restar,4.2,0.77,5.5,1.28,1,restar
restauración,6.25,0.97,4.65,1.98,1,restauracion
restaurador,6.3,1.13,4.15,1.5,1,restaurador
restaurante,7.08,1.31,5.03,1.99,1,restaurante
restaurar,6.75,1.29,4.6,1.76,1,restaurar
restitución,5.05,0.97,5.25,1.52,1,restitucion
restituir,5.1,0.97,5.1,1.12,1,restituir
resto,4.5,1.0,4.7,1.26,1,resto
restricción,2.95,1.18,6.35,1.18,1,restriccion
restrictiva,3.7,1.34,5.6,1.43,1,restrictiva
restringir,3.6,1.73,6.45,1.47,1,restringir
resucitar,6.05,1.7,6.3,1.17,1,resucitar
resuelve,6.95,1.15,5.3,1.59,1,resuelve
resuelvo,6.35,1.23,4.8,1.32,1,resuelvo
resultado,6.0,1.49,6.2,1.51,1,resultado
resultante,5.74,1.1,4.85,1.14,1,resultante
resultar,5.2,0.62,5.15,1.14,1,resultar
resumen,5.75,1.33,4.25,1.68,1,resumen
resumir,5.5,1.36,4.5,1.79,1,resumir
resurgimiento,6.75,1.48,6.85,1.53,1,resurgimiento
resurgir,6.55,1.61,5.7,1.72,1,resurgir
resurrección,6.35,1.66,5.0,1.95,1,resurreccion
retablo,5.0,0.0,4.74,1.05,1,retablo
retaguardia,4.9,1.37,5.75,1.16,1,retaguardia
retardo,3.47,1.31,5.15,1.39,1,retardo
retazo,5.0,0.87,3.86,1.66,1,retazo
retén,4.36,1.01,5.68,1.67,1,reten
retención,3.0,1.65,6.7,1.63,1,retencion
retener,3.0,1.21,6.7,1.34,1,retener
reticencia,3.67,1.15,5.57,1.28,1,reticencia
reticente,4.0,1.24,5.86,1.7,1,reticente
retina,5.35,0.99,4.65,1.5,1,retina
retirada,3.85,1.39,5.3,2.05,1,retirada
retirar,3.85,0.75,5.4,1.23,1,retirar
retiro,6.05,1.15,3.1,1.68,1,retiro
reto,7.25,1.29,7.05,1.9,1,reto
retomar,6.2,1.32,5.35,1.23,1,retomar
retórica,5.3,1.59,4.6,1.43,1,retorica
retornar,5.45,1.19,5.25,1.25,1,retornar
retorno,5.9,1.37,4.9,1.62,1,retorno
retransmisión,5.1,0.55,5.3,0.86,1,retransmision
retrasado,2.83,1.34,6.0,1.75,1,retrasado
retrasar,3.25,1.25,6.5,0.76,1,retrasar
retraso,2.75,1.71,6.2,1.06,1,retraso
retrato,6.55,1.47,4.3,1.59,1,retrato
retrete,4.55,2.06,4.5,1.64,1,retrete
retribución,6.0,1.5,5.61,0.78,1,retribucion
retroalimentación,5.65,1.46,4.15,1.79,1,retroalimentacion
retroceder,4.2,1.67,5.35,1.14,1,retroceder
retroceso,3.75,1.62,5.5,1.19,1,retroceso
retrospectiva,5.42,1.26,5.15,0.81,1,retrospectiva
reuma,2.95,1.23,5.8,1.82,1,reuma
reunificación,5.8,1.24,4.65,1.23,1,reunificacion
reunión,5.05,1.23,5.5,1.88,1,reunion
reunir,6.25,0.85,5.2,1.32,1,reunir
reutilización,6.8,1.15,4.95,1.57,1,reutilizacion
revalorización,6.25,1.02,5.95,1.7,1,revalorizacion
revancha,5.25,1.71,6.85,0.99,1,revancha
revelación,5.85,0.99,6.2,1.79,1,revelacion
revelador,5.75,1.02,5.6,1.19,1,revelador
revelar,5.4,0.99,6.15,1.39,1,revelar
reventar,2.95,1.28,7.15,1.5,1,reventar
reverencia,4.6,1.14,5.25,0.85,1,reverencia
reverendo,3.47,1.39,4.35,1.98,1,reverendo
reversible,6.15,0.93,4.8,1.06,1,reversible
reversión,5.06,0.8,5.0,0.82,1,reversion
reverso,5.2,0.83,5.1,0.64,1,reverso
revertir,4.63,1.5,5.15,0.93,1,revertir
revés,4.8,1.06,5.0,1.62,1,reves
revestimiento,4.95,1.13,4.68,0.58,1,revestimiento
revisada,5.2,1.15,4.58,1.43,1,revisada
revisar,5.5,1.64,5.1,1.37,1,revisar
revisión,5.05,1.28,4.8,1.74,1,revision
revista,6.1,1.41,5.0,1.38,1,revista
revistero,5.58,1.26,4.35,1.63,1,revistero
revitalización,7.0,1.49,5.4,1.76,1,revitalizacion
revitalizar,7.45,1.93,5.1,1.68,1,revitalizar
revivir,7.75,1.12,5.8,1.2,1,revivir
revocación,4.7,1.03,5.05,1.27,1,revocacion
revocar,4.84,0.96,5.68,1.0,1,revocar
revolución,4.7,1.45,7.05,1.82,1,revolucion
revolucionar,5.55,1.7,7.05,1.1,1,revolucionar
revolucionario,6.1,1.17,6.8,1.79,1,revolucionario
revolver,3.25,2.4,6.5,1.36,1,revolver
revólver,3.53,1.97,6.9,1.89,1,revolver
revuelo,4.5,0.95,7.1,1.48,1,revuelo
revuelta,3.95,1.68,7.0,0.92,1,revuelta
revuelto,4.75,1.12,6.35,1.18,1,revuelto
rey,4.65,1.51,4.45,1.54,1,rey
rezar,5.25,1.68,4.05,1.7,1,rezar
rezo,4.5,1.61,3.4,1.7,1,rezo
ria,6.05,1.54,5.17,1.34,1,ria
ría,5.6,1.19,3.95,2.37,1,ria
riachuelo,6.3,1.42,3.25,1.86,1,riachuelo
riada,3.7,1.56,6.25,2.2,1,riada
ribera,5.95,1.28,4.05,1.68,1,ribera
rico,6.7,1.98,6.35,1.53,1,rico
ridículo,2.35,1.14,6.5,1.43,1,ridiculo
riega,6.15,1.04,3.95,1.67,1,riega
riego,5.1,2.0,4.55,1.76,1,riego
rienda,5.68,0.95,5.15,1.14,1,rienda
riesgo,4.6,1.73,7.1,1.17,1,riesgo
rifle,2.6,1.73,7.08,1.27,1,rifle
rigidez,3.35,1.57,6.35,1.04,1,rigidez
rígido,3.95,1.36,6.05,1.3,1,rigido
rigor,5.85,1.46,5.11,1.56,1,rigor
riguroso,5.2,1.24,4.8,1.24,1,riguroso
rima,6.8,1.36,5.1,1.71,1,rima
riña,3.13,1.42,6.93,1.49,1,rina
rincón,5.2,0.77,4.65,1.79,1,rincon
rinconera,4.42,1.39,4.75,1.07,1,rinconera
rinitis,3.43,0.94,5.43,1.5,1,rinitis
rinoceronte,5.6,1.23,6.5,1.15,1,rinoceronte
riñón,4.9,1.25,4.9,1.77,1,rinon
rio,6.6,1.5,4.05,1.85,1,rio
río,6.6,1.35,3.73,1.85,1,rio
riojano,5.15,0.49,4.4,1.19,1,riojano
riqueza,7.05,1.73,6.4,2.04,1,riqueza
risa,8.2,1.15,6.33,2.62,1,risa
risco,5.3,0.67,5.36,2.01,1,risco
rítmica,7.0,1.21,6.1,1.65,1,ritmica
ritmo,6.2,1.01,7.05,0.89,1,ritmo
rito,5.15,1.18,5.35,1.69,1,rito
ritual,4.4,1.27,5.55,1.73,1,ritual
rival,3.9,1.55,7.25,1.21,1,rival
rivalidad,3.5,1.88,7.15,0.99,1,rivalidad
rivera,5.88,1.27,4.35,1.76,1,rivera
robar,2.1,1.21,7.4,1.35,1,robar
roble,6.3,1.03,3.5,1.96,1,roble
robo,2.26,1.24,7.05,1.93,1,robo
robot,6.05,1.7,5.5,1.61,1,robot
robustez,5.0,1.86,5.05,1.15,1,robustez
robusto,5.3,1.22,4.55,1.43,1,robusto
roca,5.25,1.03,4.15,1.35,1,roca
roce,5.75,1.62,6.6,1.27,1,roce
rocío,6.35,1.27,4.2,1.77,1,rocio
rock,6.65,1.66,6.6,1.85,1,rock
rockero,6.95,1.43,6.35,2.03,1,rockero
rococó,4.73,1.75,5.53,1.13,1,rococo
rocoso,4.61,1.33,5.35,1.69,1,rocoso
rodaballo,5.11,0.9,5.21,0.79,1,rodaballo
rodaje,5.95,1.0,5.1,2.02,1,rodaje
rodante,5.05,0.62,5.05,1.08,1,rodante
rodar,5.3,0.98,4.95,1.96,1,rodar
rodear,4.6,0.6,5.35,1.04,1,rodear
rodeo,4.5,1.47,5.7,1.81,1,rodeo
rodilla,4.9,0.55,4.4,1.14,1,rodilla
rodillas,4.95,0.89,4.1,1.8,1,rodillas
rodillo,5.1,0.31,4.9,1.02,1,rodillo
rodio,4.6,1.14,4.82,1.33,1,rodio
roedores,4.15,1.53,6.2,2.38,1,roedores
roer,4.15,1.23,5.35,2.39,1,roer
rogar,3.25,0.85,5.9,0.97,1,rogar
rojiblanco,5.4,1.47,5.0,1.67,1,rojiblanco
rojizo,5.05,1.23,5.0,1.41,1,rojizo
rojo,6.25,1.45,6.28,1.96,1,rojo
rol,5.45,1.15,5.3,1.69,1,rol
rollo,5.4,1.67,4.45,2.06,1,rollo
roma,7.26,1.63,5.95,1.96,1,roma
romance,7.85,1.18,6.7,2.36,1,romance
románico,6.35,1.79,4.05,2.01,1,romanico
romanización,5.1,0.85,5.4,0.99,1,romanizacion
romano,5.65,1.27,5.05,1.32,1,romano
romántica,7.55,1.73,5.05,2.58,1,romantica
romanticismo,7.85,1.23,5.2,2.55,1,romanticismo
romántico,7.9,1.17,4.98,2.63,1,romantico
romería,6.6,1.64,4.95,2.04,1,romeria
romero,6.5,1.24,3.85,1.76,1,romero
rompe,4.15,1.69,6.2,0.95,1,rompe
rompecabezas,5.4,0.88,6.2,1.7,1,rompecabezas
romper,2.95,1.32,6.8,1.4,1,romper
romperé,3.9,1.55,6.25,1.12,1,rompere
rompimiento,3.11,1.23,6.21,1.18,1,rompimiento
rompo,3.26,1.56,6.41,1.0,1,rompo
ron,5.4,1.57,5.95,1.79,1,ron
roña,3.13,1.4,6.05,1.22,1,rona
ronca,4.05,1.15,5.9,1.89,1,ronca
ronda,5.58,1.12,5.0,1.03,1,ronda
rondó,5.33,1.29,5.18,0.53,1,rondo
ropa,6.55,1.32,4.7,2.17,1,ropa
ropero,5.7,1.17,4.0,1.52,1,ropero
roque,5.28,0.57,4.69,1.2,1,roque
rosa,7.2,1.28,3.4,1.96,1,rosa
rosada,6.45,1.23,4.4,1.14,1,rosada
rosado,6.7,1.17,4.75,2.34,1,rosado
rosal,6.7,1.42,4.65,2.18,1,rosal
rosario,5.3,1.59,4.3,1.84,1,rosario
rosas,7.35,1.35,4.25,2.75,1,rosas
rosca,5.2,0.95,4.3,1.66,1,rosca
rostro,6.35,1.5,4.85,1.42,1,rostro
rota,3.9,1.29,5.9,1.83,1,rota
rotación,5.2,0.52,4.95,1.32,1,rotacion
rotativo,5.05,0.69,4.9,1.29,1,rotativo
roto,3.28,1.2,6.3,1.49,1,roto
rotonda,5.0,0.92,5.65,0.75,1,rotonda
rotor,5.23,1.17,5.55,1.21,1,rotor
rotuladores,6.3,1.53,4.4,1.5,1,rotuladores
rótulo,5.45,0.69,5.15,1.27,1,rotulo
rotundidad,4.67,0.77,5.8,1.36,1,rotundidad
rotundo,4.6,1.76,5.85,1.31,1,rotundo
rotura,3.1,1.21,6.6,1.35,1,rotura
rozar,6.1,1.33,5.65,1.42,1,rozar
rubeola,2.83,1.72,6.47,1.5,1,rubeola
rubí,6.75,1.21,5.65,1.79,1,rubi
rubia,5.4,1.35,4.95,1.61,1,rubia
rubidio,4.93,1.07,5.5,1.27,1,rubidio
rubio,6.13,1.4,5.13,1.79,1,rubio
rublo,4.91,0.7,4.92,0.95,1,rublo
rubor,4.75,1.52,5.85,1.27,1,rubor
rúbrica,5.4,1.07,5.38,1.12,1,rubrica
rubro,4.22,1.48,4.9,1.2,1,rubro
rudeza,3.95,1.05,5.65,1.53,1,rudeza
rudo,4.47,1.26,6.26,1.19,1,rudo
rueda,4.95,0.22,5.0,1.41,1,rueda
ruedas,5.35,1.04,5.0,0.97,1,ruedas
ruedo,4.7,1.17,5.85,1.23,1,ruedo
rugby,5.15,1.35,6.0,1.38,1,rugby
rugido,4.6,1.35,6.11,2.18,1,rugido
ruido,3.3,1.34,7.05,1.47,1,ruido
ruidosa,3.9,1.37,7.0,1.12,1,ruidosa
ruidoso,2.8,1.2,7.15,1.1,1,ruidoso
ruin,2.63,1.12,6.25,1.48,1,ruin
ruina,3.2,2.48,6.65,1.73,1,ruina
ruiseñor,6.6,1.54,3.7,1.63,1,ruisenor
ruleta,4.8,1.32,5.35,1.27,1,ruleta
rumano,4.8,1.36,5.95,1.23,1,rumano
rumba,7.15,1.6,6.85,1.57,1,rumba
rumbo,6.45,1.15,5.45,0.94,1,rumbo
rumor,3.2,1.2,6.3,1.53,1,rumor
rupestre,6.0,1.08,4.65,1.46,1,rupestre
rupia,5.53,1.06,5.13,0.62,1,rupia
ruptura,1.8,1.11,6.7,2.36,1,ruptura
rural,6.4,1.5,2.7,1.45,1,rural
rusia,5.4,1.54,5.45,1.39,1,rusia
ruta,6.65,1.42,5.25,1.12,1,ruta
rutina,3.8,1.85,3.95,1.96,1,rutina
rutinaria,3.65,1.46,4.0,1.72,1,rutinaria
sábado,7.65,1.18,4.85,2.48,1,sabado
sabana,6.6,1.31,3.9,2.38,1,sabana
sábana,6.3,0.86,2.4,1.54,1,sabana
sabe,6.75,1.37,4.7,2.2,1,sabe
saber,7.4,1.05,4.25,1.94,1,saber
sabia,7.4,1.39,4.55,1.36,1,sabia
sabiduría,8.3,0.98,4.05,2.78,1,sabiduria
sabio,7.65,1.23,4.45,2.44,1,sabio
sable,4.05,1.51,6.32,1.57,1,sable
sabor,6.6,1.26,4.85,2.43,1,sabor
sabotaje,3.05,1.05,6.4,1.47,1,sabotaje
sabré,6.0,1.49,4.65,1.76,1,sabre
sabría,5.84,1.61,5.84,1.86,1,sabria
sabrosa,7.5,1.0,5.5,1.76,1,sabrosa
sacacorchos,5.6,1.1,4.5,1.5,1,sacacorchos
sacada,5.26,0.99,4.9,1.12,1,sacada
sacar,5.1,0.97,5.05,1.54,1,sacar
sacerdocio,3.95,1.18,5.3,2.27,1,sacerdocio
sacerdotal,3.5,1.64,4.3,1.56,1,sacerdotal
sacerdote,4.2,1.67,4.25,1.92,1,sacerdote
sacerdotisa,4.55,1.9,4.25,1.74,1,sacerdotisa
saciedad,5.95,1.76,4.6,2.19,1,saciedad
saco,4.7,0.66,5.2,1.61,1,saco
sacramento,4.3,1.92,5.15,1.18,1,sacramento
sacrificar,2.2,1.32,7.9,1.02,1,sacrificar
sacrificio,3.55,1.9,7.1,1.62,1,sacrificio
sacrilegio,3.26,1.45,6.4,1.6,1,sacrilegio
sacrílego,3.5,1.41,6.06,1.98,1,sacrilego
sacristán,4.89,0.88,4.8,1.58,1,sacristan
sacristía,4.0,1.3,5.11,1.33,1,sacristia
sacro,5.25,1.18,4.58,1.26,1,sacro
sacudir,4.25,1.21,5.8,1.11,1,sacudir
saga,6.15,1.35,4.9,1.45,1,saga
sagacidad,5.89,1.18,5.53,1.18,1,sagacidad
sagaz,5.73,1.03,5.44,1.04,1,sagaz
sagrado,4.9,1.68,5.0,1.92,1,sagrado
saharaui,4.95,0.91,5.16,2.03,1,saharaui
sake,5.06,1.61,4.64,2.16,1,sake
sal,5.2,1.06,4.8,2.02,1,sal
sala,5.3,0.92,4.25,1.33,1,sala
salamandra,5.0,1.92,6.6,1.19,1,salamandra
salarial,5.53,1.78,6.2,1.32,1,salarial
salario,7.1,1.97,6.4,1.98,1,salario
salchicha,5.45,1.57,4.55,1.23,1,salchicha
saldar,5.32,1.57,5.7,1.78,1,saldar
saldo,6.4,2.14,6.05,1.0,1,saldo
salero,5.85,1.14,5.95,1.23,1,salero
salida,5.75,1.65,4.75,1.68,1,salida
saliente,5.1,0.79,5.05,1.19,1,saliente
salinidad,5.0,0.97,4.16,1.74,1,salinidad
salir,6.4,1.23,5.9,1.55,1,salir
salita,5.55,1.64,3.85,1.42,1,salita
salitre,4.93,1.58,4.86,1.66,1,salitre
saliva,5.25,1.16,5.25,1.86,1,saliva
salmantino,5.22,0.67,4.67,1.15,1,salmantino
salmo,4.94,1.21,4.0,1.66,1,salmo
salmón,5.7,1.92,4.55,1.23,1,salmon
salmonela,2.47,1.47,6.16,1.98,1,salmonela
salmonelosis,2.16,1.54,7.53,1.22,1,salmonelosis
salmones,6.5,1.28,4.11,1.75,1,salmones
salmonete,5.3,1.45,4.47,1.35,1,salmonete
salón,6.1,1.25,3.6,2.09,1,salon
salsa,6.6,1.14,5.65,1.53,1,salsa
salsera,5.8,1.4,5.35,1.73,1,salsera
saltar,5.65,1.69,6.35,1.39,1,saltar
salto,5.9,1.07,6.15,1.14,1,salto
salubridad,6.68,1.67,4.94,1.56,1,salubridad
salud,8.13,1.34,4.8,2.84,1,salud
saludable,7.65,1.46,3.3,1.95,1,saludable
saludar,6.45,1.76,4.45,1.89,1,saludar
saludo,7.03,1.25,4.88,1.49,1,saludo
salvación,6.5,1.91,4.5,2.44,1,salvacion
salvado,6.9,1.29,4.25,1.71,1,salvado
salvador,6.9,1.55,4.5,2.14,1,salvador
salvadoreño,5.94,1.48,4.93,1.28,1,salvadoreno
salvaguardar,5.8,1.06,4.05,1.32,1,salvaguardar
salvaguardia,6.0,1.29,4.85,1.09,1,salvaguardia
salvamento,6.9,1.33,4.7,2.25,1,salvamento
salvar,7.25,1.25,4.55,2.19,1,salvar
salve,5.95,1.19,4.72,1.9,1,salve
salvedad,5.63,1.12,4.58,1.71,1,salvedad
samba,6.9,1.41,6.65,1.73,1,samba
san,5.6,1.76,4.5,1.2,1,san
saña,3.75,1.48,6.13,1.26,1,sana
sanar,7.75,1.21,4.4,1.96,1,sanar
sanatorio,5.7,2.92,6.1,1.86,1,sanatorio
sanción,3.2,1.47,6.6,0.99,1,sancion
sancionador,3.4,1.5,6.55,1.64,1,sancionador
sancionar,3.4,1.31,6.65,1.57,1,sancionar
sandalias,6.35,1.31,3.75,1.29,1,sandalias
sandía,6.6,1.31,4.75,1.97,1,sandia
sandwichera,6.15,1.14,4.65,1.73,1,sandwichera
saneamiento,6.65,1.27,3.7,1.78,1,saneamiento
sanear,6.3,1.3,4.3,1.84,1,sanear
sangrado,2.9,1.41,7.55,1.39,1,sangrado
sangre,3.7,1.59,7.3,1.17,1,sangre
sangría,6.7,1.45,6.75,1.94,1,sangria
sangrienta,2.4,1.23,7.15,1.84,1,sangrienta
sangriento,2.09,1.25,7.65,1.17,1,sangriento
sanguinario,2.55,1.39,7.0,1.45,1,sanguinario
sanguíneo,4.6,1.31,6.25,1.16,1,sanguineo
sanidad,6.3,1.84,5.0,2.43,1,sanidad
sanitaria,7.15,1.23,5.75,1.94,1,sanitaria
sano,8.15,1.18,3.6,2.26,1,sano
sánscrito,6.25,0.96,5.55,2.3,1,sanscrito
santa,4.75,1.89,3.85,1.53,1,santa
santidad,4.45,1.9,4.75,1.21,1,santidad
santo,5.73,1.63,4.75,1.64,1,santo
santoral,4.33,1.35,4.53,1.5,1,santoral
santuario,4.7,1.22,4.05,1.64,1,santuario
sapiens,5.65,1.42,5.25,0.91,1,sapiens
sapo,5.45,1.23,4.65,1.5,1,sapo
saquear,2.95,1.61,6.6,1.39,1,saquear
saqueo,2.45,2.11,7.25,1.25,1,saqueo
sarampión,3.0,1.24,6.63,1.13,1,sarampion
sarcasmo,4.95,1.82,6.65,1.42,1,sarcasmo
sarcástico,4.65,1.42,6.75,1.33,1,sarcastico
sarcófago,3.85,1.87,6.35,1.5,1,sarcofago
sardana,5.88,1.32,5.17,1.38,1,sardana
sardina,4.7,1.22,5.1,1.45,1,sardina
sargento,4.0,1.41,5.8,2.38,1,sargento
sarna,2.88,1.63,6.0,1.21,1,sarna
sartén,5.45,1.1,4.8,1.2,1,sarten
sastre,5.85,1.14,4.35,1.39,1,sastre
satélite,5.7,1.08,5.35,1.42,1,satelite
satén,5.47,0.92,5.0,2.37,1,saten
sátira,5.37,1.61,5.71,1.31,1,satira
satírico,4.35,2.12,5.85,1.39,1,satirico
satisfacción,8.3,0.98,5.1,2.71,1,satisfaccion
satisfacer,7.0,1.52,3.9,2.2,1,satisfacer
satisfactoria,7.7,1.03,4.5,2.59,1,satisfactoria
satisfecho,7.9,1.26,4.05,2.63,1,satisfecho
saturación,3.1,1.37,6.35,1.04,1,saturacion
sauce,6.15,1.31,3.7,1.89,1,sauce
saudí,4.95,0.76,5.89,1.63,1,saudi
sauna,6.3,1.66,2.7,1.72,1,sauna
savia,5.79,1.75,3.9,1.65,1,savia
saxo,6.4,1.5,4.6,1.64,1,saxo
saxofón,5.75,0.91,4.8,1.94,1,saxofon
saxofonista,7.0,1.65,4.3,1.69,1,saxofonista
sazón,5.13,0.52,5.71,1.2,1,sazon
sé,6.4,1.19,4.65,1.73,1,se
sea,5.85,1.04,4.26,1.79,1,sea
sebo,3.95,1.03,5.5,1.83,1,sebo
secado,5.35,0.81,3.85,1.73,1,secado
secador,5.63,1.08,4.58,1.26,1,secador
secano,4.35,1.57,5.42,1.3,1,secano
secar,5.25,1.02,4.2,1.7,1,secar
sección,5.0,1.08,4.65,1.27,1,seccion
secesión,4.53,1.13,5.21,0.42,1,secesion
seco,4.2,1.64,4.1,1.68,1,seco
secreción,3.32,1.49,5.9,1.52,1,secrecion
secreta,5.7,1.42,5.7,1.66,1,secreta
secretar,4.58,0.96,5.89,1.41,1,secretar
secretaria,5.2,0.83,5.4,0.94,1,secretaria
secretaría,5.6,1.19,4.75,1.16,1,secretaria
secretario,5.7,0.86,4.75,1.02,1,secretario
secretismo,2.65,1.39,7.25,0.79,1,secretismo
secreto,6.1,1.52,6.4,2.28,1,secreto
secta,2.15,1.35,7.55,1.05,1,secta
sector,5.3,0.98,4.5,1.0,1,sector
sectorial,4.68,0.82,4.95,1.31,1,sectorial
secuela,3.5,0.95,6.35,1.57,1,secuela
secuencia,5.3,0.86,4.65,1.23,1,secuencia
secuencial,5.15,0.49,4.9,1.25,1,secuencial
secuestrar,1.55,1.0,7.4,1.47,1,secuestrar
secuestro,1.85,1.63,7.5,2.14,1,secuestro
secular,4.79,1.42,4.2,1.32,1,secular
secundaria,5.25,1.37,5.25,1.62,1,secundaria
secundario,4.5,0.61,4.45,1.82,1,secundario
secuoya,5.88,1.8,4.33,0.98,1,secuoya
sed,3.45,1.5,6.6,1.14,1,sed
seda,7.2,1.28,3.75,1.81,1,seda
sedación,3.45,1.19,4.05,2.65,1,sedacion
sede,5.05,0.83,4.95,0.76,1,sede
sedición,4.11,0.93,5.1,1.79,1,sedicion
sediento,3.85,1.23,6.6,1.43,1,sediento
sedimentación,4.95,0.76,4.45,2.01,1,sedimentacion
sedimento,4.4,1.23,4.06,1.76,1,sedimento
seducción,7.55,1.99,7.3,1.34,1,seduccion
seducir,6.7,1.69,7.45,1.28,1,seducir
seductor,6.9,1.33,6.85,1.9,1,seductor
seductora,6.9,1.07,7.5,1.91,1,seductora
segmentación,4.85,0.67,5.6,1.05,1,segmentacion
segmento,5.1,0.45,4.9,0.85,1,segmento
segregación,4.45,1.05,4.95,1.23,1,segregacion
seguida,5.4,0.68,4.75,0.85,1,seguida
seguidor,5.75,1.12,5.0,1.56,1,seguidor
seguimiento,5.35,1.18,4.95,1.1,1,seguimiento
seguir,6.15,1.35,4.7,1.34,1,seguir
seguiré,6.55,1.47,5.25,1.45,1,seguire
seguiría,5.2,1.15,5.35,1.53,1,seguiria
segun,4.9,0.64,4.5,1.5,1,segun
segunda,5.35,1.42,4.9,1.25,1,segunda
segundo,5.25,1.12,4.85,2.06,1,segundo
seguridad,6.95,1.36,2.58,1.3,1,seguridad
seguro,7.3,1.45,3.3,2.0,1,seguro
seísmo,3.15,1.31,6.65,1.95,1,seismo
selección,5.9,1.07,5.65,1.09,1,seleccion
seleccionador,4.65,1.09,6.1,1.07,1,seleccionador
seleccionar,5.45,0.89,5.0,1.84,1,seleccionar
selectiva,5.65,1.5,5.6,1.14,1,selectiva
selectividad,2.75,2.27,7.15,1.81,1,selectividad
selecto,5.6,1.57,5.15,1.95,1,selecto
selenio,4.67,0.84,4.84,1.46,1,selenio
sellar,4.85,0.81,4.8,1.28,1,sellar
sello,5.25,0.55,4.4,0.88,1,sello
selva,5.8,1.15,6.4,1.14,1,selva
semáforo,4.25,1.21,5.85,1.57,1,semaforo
semana,5.3,1.38,5.25,1.55,1,semana
semanal,5.8,1.4,4.3,1.92,1,semanal
semanario,4.79,0.79,4.4,1.67,1,semanario
semántica,4.8,1.11,4.85,0.88,1,semantica
semblante,5.42,0.96,4.94,1.0,1,semblante
sembrar,6.21,1.32,5.3,1.3,1,sembrar
semejanza,5.7,1.03,4.25,1.25,1,semejanza
semen,5.35,1.18,6.85,1.53,1,semen
semestral,4.75,1.33,5.4,1.57,1,semestral
semestre,4.45,0.94,5.3,2.0,1,semestre
semi,4.89,0.96,4.22,1.77,1,semi
semicircular,5.0,0.46,5.2,0.7,1,semicircular
semicírculo,4.9,0.64,4.6,1.5,1,semicirculo
semifinal,5.35,1.18,6.95,1.64,1,semifinal
semilla,6.7,1.34,4.45,1.54,1,semilla
semillita,6.2,1.51,4.05,1.36,1,semillita
seminario,4.85,1.57,5.25,1.02,1,seminario
seminarista,4.63,0.83,3.95,1.57,1,seminarista
seña,5.5,0.76,4.68,1.53,1,sena
senado,4.25,1.16,5.75,1.45,1,senado
senador,4.15,1.35,5.6,1.23,1,senador
senadora,4.85,1.35,4.8,1.28,1,senadora
señal,5.8,1.15,5.35,1.35,1,senal
señalar,5.0,1.3,5.3,1.17,1,senalar
señalización,5.2,0.62,5.1,1.55,1,senalizacion
sencillez,7.55,1.19,3.2,1.61,1,sencillez
sencillo,7.35,1.42,3.3,1.78,1,sencillo
senda,6.15,1.04,3.8,1.54,1,senda
senderismo,6.7,0.98,3.8,2.53,1,senderismo
sendero,6.25,1.59,3.65,1.76,1,sendero
senior,5.05,0.91,4.45,1.64,1,senior
seno,5.95,1.23,5.1,1.71,1,seno
señor,5.5,1.28,5.25,1.33,1,senor
señora,5.2,1.06,4.8,1.06,1,senora
señoría,4.84,1.12,5.6,1.64,1,senoria
señorial,4.6,1.64,5.05,1.76,1,senorial
señorío,4.5,1.32,4.9,1.62,1,senorio
señorita,6.7,1.66,4.65,1.18,1,senorita
señorito,4.4,1.39,5.45,1.57,1,senorito
sensación,6.6,1.23,5.9,1.74,1,sensacion
sensacional,7.6,1.27,4.9,2.27,1,sensacional
sensacionalista,5.15,1.76,5.1,1.59,1,sensacionalista
sensatez,6.6,1.43,3.0,1.78,1,sensatez
sensato,6.75,1.07,3.75,1.74,1,sensato
sensibilidad,6.8,1.61,4.05,2.19,1,sensibilidad
sensibilización,6.7,1.72,4.55,2.11,1,sensibilizacion
sensibilizar,6.3,1.42,4.55,1.76,1,sensibilizar
sensible,5.85,1.57,4.0,2.15,1,sensible
sensor,5.25,0.64,4.85,1.66,1,sensor
sensorial,5.95,1.19,5.65,1.81,1,sensorial
sensual,7.35,1.23,7.0,1.89,1,sensual
sensualidad,7.65,1.23,6.95,1.19,1,sensualidad
sentar,5.45,1.0,3.55,1.64,1,sentar
sentencia,3.5,1.5,7.2,1.44,1,sentencia
sentenciar,2.8,1.47,6.7,1.3,1,sentenciar
sentido,6.3,1.26,5.15,1.63,1,sentido
sentimental,7.1,1.62,4.35,2.32,1,sentimental
sentimentalismo,6.3,1.84,5.25,2.24,1,sentimentalismo
sentimiento,7.33,1.61,6.1,2.83,1,sentimiento
sentir,7.95,0.83,5.45,2.24,1,sentir
separación,2.3,1.08,6.4,2.21,1,separacion
separado,3.5,0.89,5.75,1.12,1,separado
separador,4.0,1.84,5.1,1.07,1,separador
separar,3.5,1.19,5.55,1.15,1,separar
separatismo,3.9,1.17,5.25,1.52,1,separatismo
separatista,3.56,1.1,5.95,1.35,1,separatista
sepia,6.35,1.46,4.5,1.47,1,sepia
septentrional,5.0,0.58,4.94,0.75,1,septentrional
septiembre,5.65,2.39,5.25,2.17,1,septiembre
séptimo,5.35,1.39,5.35,0.99,1,septimo
sepulcral,2.8,1.44,5.79,1.93,1,sepulcral
sepulcro,1.7,1.13,6.15,2.23,1,sepulcro
sepultura,2.3,1.34,6.15,2.48,1,sepultura
sequedad,3.25,1.07,5.5,1.99,1,sequedad
sequía,2.35,1.09,6.45,1.32,1,sequia
séquito,4.75,1.62,5.47,1.87,1,sequito
ser,6.7,1.49,4.5,2.14,1,ser
sera,5.83,1.27,4.71,1.49,1,sera
serafín,5.5,1.0,5.16,1.5,1,serafin
serbia,5.17,0.62,5.24,1.2,1,serbia
seré,6.0,1.26,5.9,2.0,1,sere
serena,6.75,1.33,3.15,1.39,1,serena
serenidad,7.15,1.14,2.6,1.7,1,serenidad
sereno,6.15,1.27,2.75,2.1,1,sereno
sería,5.05,0.85,4.85,1.18,1,seria
serial,5.0,0.58,4.79,1.51,1,serial
serie,5.9,1.62,4.8,1.99,1,serie
seriedad,5.3,1.72,4.5,1.96,1,seriedad
serio,3.55,1.45,4.55,2.01,1,serio
sermón,3.0,0.92,5.2,2.14,1,sermon
serpiente,4.1,1.74,6.95,1.74,1,serpiente
serranía,4.87,1.41,4.33,1.85,1,serrania
serrano,6.9,1.37,4.8,1.06,1,serrano
serrucho,4.35,1.04,5.7,1.42,1,serrucho
servicial,6.05,2.19,4.15,1.76,1,servicial
servicio,5.35,1.09,4.75,1.07,1,servicio
servidor,4.7,1.92,4.5,1.19,1,servidor
servidumbre,3.0,1.33,5.3,1.69,1,servidumbre
servil,5.27,1.67,4.44,1.46,1,servil
servilleta,5.0,0.0,4.7,0.66,1,servilleta
servir,4.3,1.26,5.2,1.47,1,servir
serviré,5.05,1.5,5.75,0.72,1,servire
serviría,4.85,1.14,5.25,0.85,1,serviria
sesenta,5.35,1.14,5.35,1.35,1,sesenta
sesgo,4.32,1.0,5.85,1.31,1,sesgo
sesión,5.25,0.55,4.85,1.14,1,sesion
seso,3.8,1.77,6.25,1.37,1,seso
sestercios,4.73,0.79,5.0,0.0,1,sestercios
set,5.33,0.59,4.68,1.83,1,set
setenta,5.15,1.53,4.9,1.21,1,setenta
setiembre,4.77,1.96,5.64,2.47,1,setiembre
seudónimo,5.0,0.67,5.15,0.59,1,seudonimo
severa,3.45,1.23,5.85,1.53,1,severa
severidad,3.9,1.25,5.95,1.73,1,severidad
sevillana,6.55,1.47,5.6,1.1,1,sevillana
sevillano,6.8,1.54,5.95,1.1,1,sevillano
sevillista,5.95,1.67,5.16,1.46,1,sevillista
sexenio,4.74,1.48,5.71,1.26,1,sexenio
sexo,7.7,1.11,7.43,1.65,1,sexo
sexta,4.65,1.76,4.85,1.69,1,sexta
sexto,5.15,0.81,4.5,1.4,1,sexto
sexual,7.45,1.1,7.3,1.49,1,sexual
sexualidad,7.1,1.62,6.85,1.73,1,sexualidad
sexy,7.3,1.13,7.33,1.29,1,sexy
shorts,6.3,1.38,5.35,1.84,1,shorts
show,6.65,1.98,6.6,1.35,1,show
siciliano,5.53,1.12,5.3,0.66,1,siciliano
sida,1.45,0.69,7.35,1.46,1,sida
siderurgia,4.75,0.72,5.3,1.13,1,siderurgia
siderúrgica,4.85,0.88,5.7,1.3,1,siderurgica
sidra,5.8,1.4,5.55,1.1,1,sidra
siembra,5.45,1.0,5.0,1.12,1,siembra
siempre,6.85,1.69,5.1,2.22,1,siempre
sien,4.85,0.67,4.45,1.43,1,sien
siendo,5.16,0.5,4.5,1.7,1,siendo
siente,6.8,1.4,3.7,2.13,1,siente
siento,6.65,1.6,4.8,1.99,1,siento
sierra,5.05,1.93,5.3,1.81,1,sierra
siervo,2.45,1.23,6.15,1.57,1,siervo
siesta,7.65,1.31,2.0,1.38,1,siesta
sífilis,1.53,0.7,6.92,1.53,1,sifilis
sigilo,5.75,1.59,3.32,1.53,1,sigilo
sigla,5.4,0.75,4.5,1.19,1,sigla
siglo,5.4,0.94,4.45,1.64,1,siglo
sigma,5.0,0.38,5.13,0.74,1,sigma
significación,5.45,0.89,5.15,1.9,1,significacion
significado,5.95,1.19,4.6,1.31,1,significado
significante,6.1,1.29,5.95,1.39,1,significante
significar,6.15,1.6,4.95,1.43,1,significar
significativo,6.6,1.1,5.6,1.39,1,significativo
signo,5.6,1.23,4.5,0.89,1,signo
sigo,6.05,1.47,5.1,1.12,1,sigo
sigue,5.65,0.75,4.75,1.74,1,sigue
siguiente,5.3,1.17,5.65,1.23,1,siguiente
sílaba,5.5,1.05,4.2,1.32,1,silaba
silbar,5.55,1.23,4.8,1.51,1,silbar
silbato,5.05,0.94,6.0,1.65,1,silbato
silbido,5.6,1.27,5.3,1.22,1,silbido
silenciar,4.65,1.66,3.65,1.84,1,silenciar
silencio,5.75,1.92,2.0,1.34,1,silencio
silencioso,6.5,2.28,2.7,1.72,1,silencioso
silicio,4.7,0.8,4.63,0.96,1,silicio
silicosis,3.25,1.98,7.0,1.1,1,silicosis
silla,5.45,0.93,3.4,1.51,1,silla
sillería,5.29,1.07,5.0,0.82,1,silleria
sillón,6.35,1.18,2.5,1.47,1,sillon
silogismo,5.2,1.01,4.79,1.51,1,silogismo
silueta,6.45,1.47,4.9,1.86,1,silueta
siluro,4.8,0.63,4.92,1.51,1,siluro
silvestre,6.15,1.35,5.1,1.92,1,silvestre
silvestres,7.05,1.43,4.6,1.54,1,silvestres
silvicultura,5.0,0.0,4.46,1.33,1,silvicultura
sima,5.67,0.98,5.3,0.67,1,sima
simbólico,5.75,1.02,4.85,1.42,1,simbolico
simbolismo,5.5,0.89,5.45,1.05,1,simbolismo
simbolizar,5.8,1.01,4.95,1.15,1,simbolizar
simbología,5.1,0.79,5.05,1.36,1,simbologia
simetría,6.4,1.54,4.1,1.37,1,simetria
simétrica,5.9,1.07,4.0,1.03,1,simetrica
simiente,6.08,1.51,3.92,1.89,1,simiente
similar,5.5,1.0,4.25,1.52,1,similar
similitud,5.7,0.98,4.65,0.75,1,similitud
simpatía,8.6,0.75,4.75,2.17,1,simpatia
simpático,7.83,1.36,4.95,2.14,1,simpatico
simple,5.95,1.67,3.35,1.95,1,simple
simplicidad,6.15,1.14,3.3,1.49,1,simplicidad
simplificación,5.7,1.78,3.75,1.86,1,simplificacion
simplificado,5.6,1.05,3.35,1.6,1,simplificado
simplificar,6.15,1.09,4.0,1.56,1,simplificar
simposio,5.22,0.83,5.21,1.12,1,simposio
simulación,4.8,0.77,5.5,1.4,1,simulacion
simulacro,4.9,1.02,6.6,1.1,1,simulacro
simulador,5.35,1.18,5.05,1.61,1,simulador
simular,5.1,1.37,5.8,1.44,1,simular
simultánea,5.6,0.82,4.8,1.2,1,simultanea
sinagoga,4.37,1.07,4.53,1.26,1,sinagoga
sinceridad,8.1,0.91,3.2,1.74,1,sinceridad
sincero,8.05,0.83,3.85,2.16,1,sincero
sincronización,6.05,1.05,4.8,1.91,1,sincronizacion
sindical,4.79,1.32,5.3,1.78,1,sindical
sindicalismo,4.9,1.37,5.8,1.44,1,sindicalismo
sindicalista,4.9,1.45,5.95,1.67,1,sindicalista
sindicato,4.9,1.41,5.68,1.73,1,sindicato
síndrome,2.95,1.76,7.35,1.18,1,sindrome
sinergia,5.14,1.56,4.69,1.54,1,sinergia
sinfín,5.95,1.15,5.05,1.76,1,sinfin
sinfonía,7.05,1.39,3.25,1.8,1,sinfonia
sinfónica,5.95,1.28,4.9,1.86,1,sinfonica
singular,5.65,1.04,4.8,0.83,1,singular
singularidad,6.05,1.39,4.35,1.69,1,singularidad
siniestra,2.7,1.45,7.0,1.26,1,siniestra
siniestrado,2.5,1.24,6.53,1.84,1,siniestrado
siniestralidad,2.4,1.54,7.5,1.19,1,siniestralidad
siniestro,2.55,1.32,6.6,2.14,1,siniestro
sinnúmero,5.05,0.83,4.78,1.22,1,sinnumero
sínodo,5.0,0.0,4.57,0.79,1,sinodo
sinónimo,5.4,0.75,4.1,1.52,1,sinonimo
sintáctica,4.7,1.59,4.9,1.25,1,sintactica
sintagma,4.3,1.45,4.9,1.52,1,sintagma
sintaxis,4.9,1.71,4.85,1.6,1,sintaxis
sintético,5.1,1.12,5.2,1.32,1,sintetico
sintetizador,5.45,0.94,5.25,0.91,1,sintetizador
sintetizar,6.0,1.62,5.35,0.88,1,sintetizar
síntoma,3.1,1.68,6.55,1.64,1,sintoma
sintonía,6.25,1.48,3.95,1.82,1,sintonia
sinusitis,3.22,1.35,6.76,1.52,1,sinusitis
sinvergüenza,2.65,0.93,6.5,1.47,1,sinverguenza
sionista,5.0,0.0,4.75,0.71,1,sionista
siquiera,4.79,0.54,4.53,1.47,1,siquiera
sirena,6.65,1.66,5.0,2.13,1,sirena
sirio,4.58,0.9,6.0,1.59,1,sirio
sirve,5.85,1.39,4.4,1.54,1,sirve
sirvienta,4.05,1.82,4.75,1.45,1,sirvienta
sirviente,3.2,1.54,5.65,1.9,1,sirviente
sirvo,4.85,1.6,5.5,1.67,1,sirvo
sismo,4.06,1.24,5.75,1.65,1,sismo
sistema,4.7,1.34,4.85,1.04,1,sistema
sistemática,5.45,0.94,4.85,0.75,1,sistematica
sitio,5.55,0.89,4.7,1.45,1,sitio
sito,5.13,0.35,5.09,0.54,1,sito
situación,5.0,0.56,5.4,1.31,1,situacion
situar,5.3,0.57,5.0,0.73,1,situar
snob,3.71,1.27,5.44,1.5,1,snob
snowboard,6.0,1.37,6.65,1.53,1,snowboard
soba,5.33,1.32,4.87,1.92,1,soba
soberanía,4.3,1.38,5.95,1.39,1,soberania
soberbia,2.75,1.62,6.9,1.71,1,soberbia
soberbio,3.55,2.16,6.3,1.92,1,soberbio
sobornar,2.45,1.05,6.95,1.32,1,sobornar
soborno,2.4,0.88,6.95,1.28,1,soborno
sobra,4.0,1.17,4.7,1.22,1,sobra
sobrante,4.6,1.27,5.8,1.06,1,sobrante
sobrecarga,3.9,1.12,6.35,1.14,1,sobrecarga
sobrellevar,5.25,1.55,5.4,1.67,1,sobrellevar
sobremesa,6.45,1.28,3.85,1.6,1,sobremesa
sobrenatural,6.15,1.46,6.65,1.6,1,sobrenatural
sobrenombre,4.5,1.76,4.9,0.97,1,sobrenombre
sobrepasar,4.0,1.08,5.8,1.64,1,sobrepasar
sobrepeso,1.95,1.61,6.55,1.39,1,sobrepeso
sobresaliente,8.6,1.1,7.15,1.66,1,sobresaliente
sobresalto,3.9,0.91,7.05,1.67,1,sobresalto
sobretodo,5.35,0.93,5.26,1.52,1,sobretodo
sobreviviente,7.35,1.42,6.0,2.03,1,sobreviviente
sobrevivir,6.5,1.54,6.2,1.99,1,sobrevivir
sobriedad,4.89,1.97,5.15,1.6,1,sobriedad
sobrina,6.75,1.62,4.65,1.57,1,sobrina
sobrino,6.85,1.76,4.7,1.66,1,sobrino
sobrio,5.95,1.39,4.75,1.74,1,sobrio
socava,4.69,0.48,5.31,0.48,1,socava
sociable,7.43,1.15,4.1,2.27,1,sociable
socialdemocracia,6.4,1.43,5.5,1.58,1,socialdemocracia
socialdemócrata,5.35,1.9,5.2,1.32,1,socialdemocrata
socialismo,5.45,1.28,5.1,1.37,1,socialismo
socialista,5.3,1.38,4.9,1.8,1,socialista
socialización,7.0,1.08,5.75,1.48,1,socializacion
sociedad,5.7,1.26,6.75,1.48,1,sociedad
socio,6.4,1.47,5.4,0.6,1,socio
sociocultural,6.85,1.53,5.0,1.72,1,sociocultural
socioeconómico,4.95,1.43,5.6,1.05,1,socioeconomico
sociología,6.4,1.23,4.95,1.76,1,sociologia
sociológico,5.85,1.73,4.45,1.19,1,sociologico
sociólogo,6.0,1.38,4.5,1.91,1,sociologo
socorrer,6.2,1.58,6.9,1.29,1,socorrer
socorro,2.95,1.99,7.75,1.33,1,socorro
soda,5.4,0.82,4.53,1.39,1,soda
sódico,4.86,0.36,5.11,0.83,1,sodico
sodio,5.11,0.66,4.6,0.94,1,sodio
sofá,6.85,1.6,2.55,1.85,1,sofa
sofisticación,5.95,1.57,5.65,1.27,1,sofisticacion
sofocante,2.4,1.43,7.35,1.18,1,sofocante
software,5.3,1.26,4.95,1.19,1,software
soga,2.73,1.36,6.75,1.37,1,soga
soja,5.65,1.27,4.3,1.84,1,soja
sol,7.4,1.1,3.85,2.56,1,sol
sola,3.05,2.39,4.65,2.39,1,sola
solana,5.21,1.44,4.22,1.77,1,solana
solapa,4.95,0.6,5.0,1.12,1,solapa
solar,5.95,1.1,4.25,2.02,1,solar
solarium,6.05,1.84,4.21,1.62,1,solarium
soldadito,5.2,1.28,4.5,1.93,1,soldadito
soldado,3.5,1.36,6.65,1.09,1,soldado
soldadora,4.84,1.12,5.65,1.35,1,soldadora
soldadura,5.2,0.62,4.65,1.35,1,soldadura
soleado,7.73,1.5,5.1,2.73,1,soleado
soledad,2.13,1.45,5.03,2.62,1,soledad
solemne,5.0,1.65,4.44,1.77,1,solemne
solemnidad,5.65,1.23,4.2,1.94,1,solemnidad
soler,5.47,0.7,5.31,0.79,1,soler
solicitar,5.65,1.46,6.0,1.38,1,solicitar
solicitud,5.6,0.88,5.55,1.82,1,solicitud
sólida,5.7,1.03,4.95,1.57,1,solida
solidaria,7.8,1.06,4.2,2.21,1,solidaria
solidaridad,7.55,1.57,3.6,2.16,1,solidaridad
solidez,6.3,1.34,4.4,1.39,1,solidez
sólido,5.6,1.14,4.9,1.25,1,solido
solista,5.85,1.93,4.4,1.67,1,solista
solitario,4.0,2.18,4.33,2.15,1,solitario
sollozo,2.3,1.56,5.95,1.28,1,sollozo
solo,2.48,1.55,4.53,2.33,1,solo
sólo,3.7,1.59,5.05,2.21,1,solo
solsticio,6.12,1.22,4.21,1.96,1,solsticio
soltar,5.35,1.31,4.6,1.35,1,soltar
soltera,5.3,1.84,4.95,2.16,1,soltera
soltero,5.7,1.13,4.85,2.37,1,soltero
soltura,6.95,1.1,4.8,1.99,1,soltura
soluble,5.4,0.75,4.45,1.05,1,soluble
solución,7.6,1.31,3.8,2.04,1,solucion
solucionar,7.8,1.06,3.95,1.88,1,solucionar
solvencia,5.4,1.43,4.0,1.8,1,solvencia
solventar,6.05,1.1,5.05,1.5,1,solventar
solvente,5.63,1.26,4.33,1.64,1,solvente
sombra,4.9,1.79,5.43,1.69,1,sombra
sombrero,5.95,1.04,4.25,1.48,1,sombrero
sombrío,3.6,1.23,5.05,1.93,1,sombrio
someter,3.0,1.81,6.45,1.43,1,someter
sometimiento,2.4,1.57,6.95,1.54,1,sometimiento
somier,5.8,1.06,3.85,1.79,1,somier
soñador,7.85,1.18,5.15,2.72,1,sonador
sonajero,6.3,1.34,4.78,2.13,1,sonajero
sonar,5.9,1.37,5.45,1.1,1,sonar
soñar,8.1,1.07,3.05,2.72,1,sonar
sonata,6.55,1.15,4.0,1.8,1,sonata
sonda,4.15,2.18,5.95,1.9,1,sonda
sondeo,5.4,0.75,5.2,1.85,1,sondeo
soneto,6.47,1.22,3.6,1.43,1,soneto
sonido,6.35,1.23,5.1,1.74,1,sonido
sonora,5.7,1.03,4.85,2.06,1,sonora
sonoridad,5.4,0.99,5.9,1.55,1,sonoridad
sonreír,8.15,1.18,4.05,2.95,1,sonreir
sonriente,8.75,0.55,5.45,2.11,1,sonriente
sonrisa,7.75,1.33,4.35,2.43,1,sonrisa
sopa,5.65,1.53,4.25,1.55,1,sopa
sopera,5.0,1.41,4.45,1.05,1,sopera
soplar,5.4,0.75,4.95,1.32,1,soplar
soplete,4.85,0.75,5.7,0.8,1,soplete
soplo,5.0,1.12,5.35,1.35,1,soplo
sopor,4.54,1.13,5.2,1.26,1,sopor
soportar,3.45,1.7,6.1,1.17,1,soportar
soporte,5.2,0.52,4.5,1.05,1,soporte
soprano,6.35,1.84,4.4,1.43,1,soprano
sor,4.87,1.6,4.13,1.36,1,sor
sorbo,5.42,0.61,4.75,1.59,1,sorbo
sordera,2.6,1.67,6.2,1.4,1,sordera
sordo,3.2,1.4,5.25,1.68,1,sordo
sorgo,6.33,2.31,5.25,2.87,1,sorgo
sorna,4.0,1.41,5.69,1.18,1,sorna
sorprendente,7.2,1.4,7.1,1.21,1,sorprendente
sorprender,7.1,1.68,7.0,1.08,1,sorprender
sorprendido,6.55,1.26,7.15,1.31,1,sorprendido
sorpresa,7.75,1.07,7.4,1.67,1,sorpresa
sorteo,7.15,1.31,7.45,1.28,1,sorteo
sortija,6.0,1.52,5.9,1.86,1,sortija
sosiego,6.1,1.74,3.3,1.66,1,sosiego
soso,3.23,1.0,3.78,2.33,1,soso
sospechar,3.55,1.23,6.75,1.02,1,sospechar
sospechoso,3.3,1.24,6.25,1.86,1,sospechoso
sostén,6.0,1.38,5.55,2.09,1,sosten
sostener,5.8,1.47,4.95,1.05,1,sostener
sostenibilidad,6.25,1.33,4.45,1.7,1,sostenibilidad
sostenible,6.5,1.47,3.85,1.27,1,sostenible
sostenimiento,5.75,0.91,4.55,1.76,1,sostenimiento
sotana,3.8,1.47,5.0,1.37,1,sotana
sótano,4.6,1.19,5.7,1.72,1,sotano
soto,5.38,1.12,5.0,1.7,1,soto
soul,5.56,1.59,4.24,1.35,1,soul
soviético,4.42,1.02,5.05,1.73,1,sovietico
soy,6.0,1.38,4.55,1.76,1,soy
spray,5.5,1.06,5.6,1.05,1,spray
suave,7.4,1.24,2.7,1.92,1,suave
suavidad,8.0,0.97,3.2,2.07,1,suavidad
suavizar,6.15,1.53,3.7,1.95,1,suavizar
suba,5.4,1.14,4.95,1.15,1,suba
subasta,5.35,1.04,5.8,1.32,1,subasta
subcampeón,5.75,1.8,5.85,1.31,1,subcampeon
subcampeonato,5.15,0.93,6.15,1.79,1,subcampeonato
subclase,4.05,1.1,5.1,1.25,1,subclase
subcomandante,4.7,1.08,5.85,0.99,1,subcomandante
subconjunto,5.0,0.32,4.75,1.07,1,subconjunto
subconsciente,6.4,1.19,5.25,2.15,1,subconsciente
subcontinente,5.0,1.2,4.5,1.61,1,subcontinente
subcultura,5.16,1.46,5.2,0.77,1,subcultura
subdelegado,4.9,0.55,5.3,1.34,1,subdelegado
subdesarrollo,3.3,1.56,6.25,1.62,1,subdesarrollo
subdirector,4.85,0.99,4.85,1.76,1,subdirector
subdivisión,4.6,1.14,4.9,1.59,1,subdivision
subespecie,4.95,0.83,4.8,1.44,1,subespecie
subfamilia,4.65,1.46,4.42,1.77,1,subfamilia
subfusil,4.08,1.16,6.87,2.23,1,subfusil
subgénero,4.58,0.96,4.1,1.48,1,subgenero
subgrupo,5.15,0.67,4.8,1.01,1,subgrupo
subida,4.7,1.63,5.6,1.39,1,subida
subir,6.1,1.29,5.85,1.6,1,subir
súbito,4.15,1.35,6.45,1.82,1,subito
subjetiva,5.15,1.39,4.9,1.77,1,subjetiva
subjetividad,5.9,1.52,5.25,1.59,1,subjetividad
sublevación,4.25,2.0,6.2,1.7,1,sublevacion
sublime,7.55,1.32,5.4,1.96,1,sublime
submarinismo,7.1,1.83,6.35,2.06,1,submarinismo
submarino,5.65,1.39,4.8,1.79,1,submarino
suboficial,4.75,0.72,4.9,1.55,1,suboficial
subordinación,3.55,1.47,5.5,1.79,1,subordinacion
subordinada,4.5,1.19,4.9,1.55,1,subordinada
subprefectura,5.17,0.41,5.38,1.19,1,subprefectura
subrayar,4.05,1.15,5.1,1.48,1,subrayar
subsahariana,4.85,1.04,4.7,1.53,1,subsahariana
subscripción,5.2,0.52,5.0,2.03,1,subscripcion
subsecretario,4.85,0.88,5.1,0.55,1,subsecretario
subsidiaria,4.87,1.77,4.67,1.8,1,subsidiaria
subsidio,4.35,2.06,5.2,1.58,1,subsidio
subsiguiente,4.6,1.05,5.3,0.86,1,subsiguiente
subsistema,4.8,1.64,4.95,0.89,1,subsistema
subsistemas,4.8,0.95,4.75,1.41,1,subsistemas
subsistencia,5.2,1.54,5.84,1.86,1,subsistencia
subsistir,3.1,1.48,6.21,1.36,1,subsistir
substancia,5.44,1.04,5.16,1.46,1,substancia
substancial,5.21,0.63,4.8,1.01,1,substancial
subsuelo,4.6,1.27,5.25,1.12,1,subsuelo
subteniente,4.65,1.18,5.72,1.81,1,subteniente
subtítulo,5.35,0.81,5.35,0.93,1,subtitulo
subtropical,5.7,1.38,4.5,1.73,1,subtropical
suburbio,3.26,1.29,6.05,1.72,1,suburbio
subvención,6.6,1.5,5.05,1.93,1,subvencion
subvencionar,6.9,1.29,4.85,1.73,1,subvencionar
subversión,5.24,0.66,5.0,1.32,1,subversion
subversivo,4.38,1.41,5.46,1.85,1,subversivo
subyacente,4.79,0.63,4.75,0.85,1,subyacente
suceder,5.2,0.95,5.55,1.19,1,suceder
sucedido,5.15,0.81,5.42,0.96,1,sucedido
sucesión,5.25,0.91,4.35,1.57,1,sucesion
sucesiva,5.35,0.75,4.7,0.92,1,sucesiva
sucesivo,5.2,0.62,4.75,1.29,1,sucesivo
suceso,5.1,1.02,5.75,1.37,1,suceso
sucesor,5.75,1.29,5.1,1.21,1,sucesor
sucesora,5.5,1.32,5.45,1.23,1,sucesora
sucesoria,4.9,1.07,5.15,0.59,1,sucesoria
suciedad,2.25,1.12,6.9,1.17,1,suciedad
sucio,2.38,1.25,6.15,1.93,1,sucio
sucursal,4.45,1.0,5.5,1.24,1,sucursal
sudadera,6.6,1.39,4.55,1.61,1,sudadera
sudafricano,5.45,1.23,5.05,1.96,1,sudafricano
sudamericano,5.5,1.15,4.9,1.48,1,sudamericano
sudar,4.15,1.63,6.45,1.05,1,sudar
sudeste,5.7,1.03,5.1,1.25,1,sudeste
sudoeste,5.2,0.89,4.79,1.08,1,sudoeste
sudor,4.1,1.8,5.95,2.09,1,sudor
sueco,5.7,0.98,5.05,0.94,1,sueco
suegra,5.3,1.63,5.9,1.45,1,suegra
suegro,5.25,1.41,5.65,1.63,1,suegro
suela,5.0,1.12,4.9,1.45,1,suela
sueldo,7.9,1.21,6.05,2.01,1,sueldo
suelo,5.0,0.46,4.15,1.31,1,suelo
suelta,5.5,1.24,5.15,1.09,1,suelta
suelto,5.2,1.11,4.55,1.82,1,suelto
sueño,6.15,1.85,2.65,2.59,1,sueno
suero,3.7,1.81,5.45,1.64,1,suero
suerte,7.85,1.23,6.15,2.48,1,suerte
suéter,6.35,1.5,3.8,1.61,1,sueter
suficiencia,4.6,1.76,4.6,1.1,1,suficiencia
suficiente,5.15,1.66,4.5,1.64,1,suficiente
sufijo,4.84,0.37,4.65,0.93,1,sufijo
sufra,2.55,1.88,5.85,1.69,1,sufra
sufragar,3.85,1.07,5.69,1.54,1,sufragar
sufragio,4.65,1.42,5.25,1.86,1,sufragio
sufrimiento,1.95,1.15,8.3,0.86,1,sufrimiento
sufrir,2.45,1.32,7.4,1.19,1,sufrir
sugerencia,5.8,1.24,5.1,1.65,1,sugerencia
sugerente,5.8,1.32,6.11,1.45,1,sugerente
sugerir,5.65,1.31,5.65,1.23,1,sugerir
sugestión,4.2,0.89,6.3,1.26,1,sugestion
suicida,2.15,1.39,7.65,1.04,1,suicida
suicidarse,1.32,0.58,7.95,1.0,1,suicidarse
suicidio,1.23,0.53,7.88,1.65,1,suicidio
suite,6.63,1.07,4.55,2.7,1,suite
suiza,5.95,1.79,5.05,1.64,1,suiza
suizo,5.5,1.0,4.55,1.1,1,suizo
sujeción,5.06,1.11,4.47,1.9,1,sujecion
sujetador,5.3,1.08,5.1,1.83,1,sujetador
sujetar,5.5,1.73,4.8,1.58,1,sujetar
sujeto,4.9,0.97,4.6,1.88,1,sujeto
sulfato,4.4,1.47,5.65,1.87,1,sulfato
sulfúrico,4.15,1.53,5.5,1.96,1,sulfurico
sulfuro,4.68,1.11,5.45,1.61,1,sulfuro
sultán,4.74,1.19,5.6,1.14,1,sultan
suma,5.25,0.85,5.45,0.6,1,suma
sumando,5.35,1.23,4.5,1.43,1,sumando
sumar,5.7,0.98,5.15,0.75,1,sumar
sumario,4.6,0.82,4.75,1.52,1,sumario
suministrar,5.65,0.81,5.0,1.3,1,suministrar
suministro,5.3,0.8,4.8,1.44,1,suministro
sumisión,1.95,1.05,6.65,2.03,1,sumision
sumiso,2.75,1.48,4.4,1.9,1,sumiso
sumo,5.25,1.12,5.05,1.0,1,sumo
suní,4.2,1.1,6.11,1.54,1,suni
súper,6.1,1.29,6.3,2.13,1,super
superación,8.1,1.21,6.25,1.55,1,superacion
superar,7.05,1.7,5.5,2.16,1,superar
superávit,5.44,1.21,6.19,1.64,1,superavit
superestructura,5.9,1.45,5.25,1.71,1,superestructura
superficial,3.1,1.33,5.95,1.67,1,superficial
superficie,5.8,1.44,4.75,1.52,1,superficie
superfluo,4.41,1.18,5.11,1.53,1,superfluo
superhéroe,7.0,1.3,6.5,1.96,1,superheroe
superhéroes,6.5,1.57,6.4,1.6,1,superheroes
superintendente,5.1,1.41,5.63,2.06,1,superintendente
superior,4.9,1.89,6.1,1.07,1,superior
superiora,4.3,1.42,5.79,1.55,1,superiora
superioridad,4.05,1.99,6.5,0.95,1,superioridad
supermercado,5.6,1.19,4.15,1.39,1,supermercado
superposición,5.1,1.33,5.7,1.69,1,superposicion
superpotencia,5.55,2.04,6.4,1.79,1,superpotencia
superproducción,5.85,2.01,5.9,1.48,1,superproduccion
superstición,4.05,1.67,6.25,1.68,1,supersticion
supersticioso,3.85,1.69,6.3,0.57,1,supersticioso
supervisar,5.4,1.31,5.6,1.43,1,supervisar
supervisión,5.1,1.17,5.75,1.52,1,supervision
supervisor,4.8,0.83,6.2,1.06,1,supervisor
supervivencia,6.5,1.91,6.8,1.85,1,supervivencia
superviviente,7.4,1.64,6.1,1.83,1,superviviente
suplementario,5.45,0.83,5.2,1.47,1,suplementario
suplemento,5.65,1.46,5.25,1.07,1,suplemento
suplente,4.05,1.64,5.0,1.49,1,suplente
súplica,3.6,1.14,6.1,1.25,1,suplica
suplicante,3.75,1.16,6.4,1.76,1,suplicante
suplicar,2.45,1.39,6.5,1.54,1,suplicar
suplicio,2.8,1.15,6.85,1.23,1,suplicio
suplir,4.58,1.3,5.11,0.94,1,suplir
supone,4.6,0.99,5.4,1.05,1,supone
suponer,4.65,0.93,4.65,1.63,1,suponer
supongo,4.75,1.12,4.9,0.91,1,supongo
suposición,4.85,1.18,5.95,1.28,1,suposicion
supranacional,5.12,0.86,5.12,1.45,1,supranacional
supremacía,5.11,1.1,5.83,1.58,1,supremacia
supremo,5.65,1.42,5.7,0.92,1,supremo
supresión,3.1,0.91,6.65,1.46,1,supresion
suprimir,3.9,1.17,5.25,1.8,1,suprimir
supuesto,4.95,0.89,4.75,1.33,1,supuesto
sur,6.95,1.47,5.55,1.67,1,sur
suramericano,5.7,1.59,5.42,0.84,1,suramericano
surco,4.95,0.22,5.4,0.88,1,surco
surcoreano,4.85,1.09,4.68,1.53,1,surcoreano
sureño,6.26,1.48,5.1,2.1,1,sureno
sureste,5.75,1.07,4.75,1.65,1,sureste
surf,6.75,1.41,5.15,1.98,1,surf
surfing,6.1,1.17,6.85,1.53,1,surfing
surgimiento,5.4,0.82,5.2,1.44,1,surgimiento
surgir,6.2,1.06,6.0,1.56,1,surgir
surjo,5.33,0.62,5.22,1.7,1,surjo
suroeste,5.25,0.91,4.7,1.17,1,suroeste
surrealismo,5.25,1.74,5.5,1.32,1,surrealismo
surrealista,5.0,1.72,5.65,1.14,1,surrealista
surtido,6.4,1.27,4.8,1.06,1,surtido
sus,4.88,0.33,4.56,1.09,1,sus
susceptibilidad,3.9,1.02,5.75,1.59,1,susceptibilidad
susceptible,4.1,0.72,5.55,1.73,1,susceptible
suscitar,4.78,0.65,5.65,1.0,1,suscitar
suscribir,5.4,0.99,4.95,1.36,1,suscribir
suscripción,5.2,0.52,5.4,1.1,1,suscripcion
suspender,2.75,1.37,7.65,1.18,1,suspender
suspensión,3.6,1.47,5.7,0.8,1,suspension
suspenso,1.7,1.08,8.1,0.97,1,suspenso
suspiro,5.9,1.48,3.1,2.02,1,suspiro
sustancia,5.1,0.72,4.95,1.1,1,sustancia
sustancial,5.58,1.02,5.0,1.21,1,sustancial
sustentable,5.5,0.69,4.78,1.06,1,sustentable
sustentación,5.5,1.62,5.42,1.17,1,sustentacion
sustentar,5.65,1.46,5.25,0.85,1,sustentar
sustento,5.88,1.34,4.6,1.88,1,sustento
sustitución,4.4,0.88,5.4,1.76,1,sustitucion
sustituir,4.45,1.05,5.6,1.05,1,sustituir
sustituto,4.4,1.1,5.2,1.01,1,sustituto
susto,3.05,1.36,7.45,1.43,1,susto
sustracción,3.8,1.15,6.0,1.17,1,sustraccion
sustraer,4.5,1.47,5.75,1.29,1,sustraer
sustrato,5.0,0.58,4.65,1.14,1,sustrato
susurro,6.95,1.36,3.85,2.41,1,susurro
sutil,6.2,1.24,4.35,1.87,1,sutil
sutileza,5.9,1.12,3.4,1.67,1,sutileza
swing,5.65,1.27,5.13,1.15,1,swing
tabaco,3.0,2.68,5.75,1.9,1,tabaco
tábano,3.14,1.79,5.92,1.73,1,tabano
tabaquismo,2.85,1.39,5.95,1.23,1,tabaquismo
tabasco,4.55,1.5,5.85,1.27,1,tabasco
taberna,5.7,1.38,5.2,2.02,1,taberna
tabernáculo,4.75,0.62,5.11,2.42,1,tabernaculo
tabique,5.05,0.76,4.65,1.27,1,tabique
tabla,4.95,0.22,4.25,1.52,1,tabla
tablero,5.23,0.66,4.7,1.13,1,tablero
tablón,5.0,1.03,5.05,0.39,1,tablon
tabú,3.35,1.35,6.5,1.57,1,tabu
taburete,5.49,1.02,4.03,1.44,1,taburete
tacha,4.44,1.2,5.27,1.58,1,tacha
tácito,5.0,1.52,4.75,1.54,1,tacito
taciturno,4.08,2.1,5.0,1.46,1,taciturno
taco,5.15,0.93,5.35,1.04,1,taco
tacón,5.8,1.88,6.2,1.74,1,tacon
táctica,5.7,1.17,6.1,1.41,1,tactica
táctil,6.65,1.9,4.75,1.25,1,tactil
tacto,6.6,1.64,5.2,2.35,1,tacto
taekwondo,6.1,1.45,5.26,1.85,1,taekwondo
tafetán,5.5,0.76,3.33,1.63,1,tafetan
taifa,5.13,0.64,5.27,1.1,1,taifa
tailandés,5.25,0.44,5.35,0.88,1,tailandes
taiwanés,5.22,0.55,5.16,1.3,1,taiwanes
tajante,4.2,1.01,5.95,1.79,1,tajante
tajo,4.58,1.3,5.6,1.76,1,tajo
tal,5.11,0.46,4.95,0.69,1,tal
tala,3.42,0.84,5.65,1.35,1,tala
taladrador,3.8,1.2,7.0,1.62,1,taladrador
taladradora,4.7,1.22,6.25,1.62,1,taladradora
taladro,3.75,1.41,5.7,2.3,1,taladro
talante,6.0,1.46,5.25,1.29,1,talante
talento,7.93,1.23,5.98,2.06,1,talento
talentoso,7.8,1.24,5.6,1.67,1,talentoso
talibán,3.2,1.67,6.7,1.89,1,taliban
talismán,6.7,1.59,5.4,2.09,1,talisman
talla,4.65,1.18,5.15,1.76,1,talla
talle,5.33,0.91,4.7,1.34,1,talle
taller,4.95,0.83,5.2,1.28,1,taller
tallo,5.95,1.5,4.8,0.62,1,tallo
talón,5.05,0.94,5.25,0.85,1,talon
tamaño,4.95,0.51,5.5,1.64,1,tamano
también,5.5,1.0,5.37,0.68,1,tambien
tambor,5.7,1.49,6.1,2.22,1,tambor
tambores,5.7,1.53,6.25,2.34,1,tambores
tamboril,5.4,1.19,5.37,1.92,1,tamboril
tampoco,4.35,0.99,5.3,1.17,1,tampoco
tan,5.05,0.4,5.06,1.95,1,tan
tanatorio,1.2,0.41,6.0,2.55,1,tanatorio
tanda,5.26,0.81,4.95,1.39,1,tanda
tanga,5.9,1.77,6.05,1.23,1,tanga
tangente,4.85,0.88,5.1,1.45,1,tangente
tangible,6.21,1.27,4.55,1.39,1,tangible
tango,6.3,1.59,5.4,2.11,1,tango
tanque,3.1,1.74,6.5,1.85,1,tanque
tanteo,5.9,1.21,5.85,1.09,1,tanteo
tanto,5.6,1.1,5.75,1.07,1,tanto
tapa,5.5,1.32,4.6,1.27,1,tapa
tapadera,4.55,1.15,5.25,1.16,1,tapadera
tapar,4.65,1.04,5.15,1.31,1,tapar
tapete,5.63,1.12,4.47,1.84,1,tapete
tapia,4.72,1.32,4.65,1.69,1,tapia
tapiz,5.5,0.76,4.1,1.86,1,tapiz
tapón,5.05,0.39,4.8,1.2,1,tapon
taquilla,6.05,1.43,4.5,1.73,1,taquilla
tarántula,3.45,1.99,6.75,1.29,1,tarantula
tarda,3.47,1.35,5.63,1.26,1,tarda
tardanza,3.7,0.98,6.15,1.84,1,tardanza
tardar,3.15,1.63,6.55,1.36,1,tardar
tarde,4.75,1.65,3.9,1.8,1,tarde
tardía,3.45,1.15,5.7,1.3,1,tardia
tarea,4.65,1.04,5.65,1.73,1,tarea
tarifa,4.6,1.5,5.9,1.12,1,tarifa
tarima,5.85,1.5,5.55,1.67,1,tarima
tarjeta,5.75,1.21,5.85,1.31,1,tarjeta
tarta,7.7,1.08,4.85,2.18,1,tarta
tartera,6.0,1.03,4.56,0.98,1,tartera
tasa,4.55,0.83,5.05,1.36,1,tasa
tata,6.69,1.49,4.42,2.39,1,tata
tatarabuela,6.15,1.23,4.35,2.06,1,tatarabuela
tatarabuelo,7.0,1.95,4.2,1.7,1,tatarabuelo
tataranieto,5.95,1.39,4.65,1.42,1,tataranieto
tatuaje,6.5,1.28,6.5,1.4,1,tatuaje
taurino,3.5,1.57,6.0,1.65,1,taurino
taxi,5.35,1.29,4.95,1.57,1,taxi
taxista,4.9,0.31,5.35,1.14,1,taxista
taxonomía,5.0,0.59,5.47,1.51,1,taxonomia
taxonómica,4.56,0.81,4.89,1.64,1,taxonomica
taza,6.0,1.12,3.3,1.78,1,taza
té,6.1,1.41,3.45,1.76,1,te
tea,5.73,1.49,4.62,1.45,1,tea
teatral,6.4,1.43,5.45,1.36,1,teatral
teatro,7.25,1.21,4.3,2.13,1,teatro
tebeo,5.95,1.61,4.11,1.28,1,tebeo
techo,5.95,2.16,4.35,1.35,1,techo
techumbre,4.47,1.13,4.7,1.49,1,techumbre
tecla,5.15,0.49,4.85,0.49,1,tecla
teclado,5.7,1.03,5.0,1.03,1,teclado
técnica,5.2,0.7,4.75,1.12,1,tecnica
técnico,5.15,0.99,4.65,1.31,1,tecnico
tecno,4.7,1.59,5.65,1.69,1,tecno
tecnología,6.2,1.4,5.4,0.99,1,tecnologia
tecnológicas,6.4,1.73,5.8,0.95,1,tecnologicas
tecnológico,6.0,1.41,5.2,1.82,1,tecnologico
tedio,4.08,0.95,3.69,1.97,1,tedio
teja,5.3,0.73,4.4,1.05,1,teja
tejado,5.65,1.46,4.55,1.32,1,tejado
tejano,5.3,1.13,4.6,0.94,1,tejano
tejer,6.15,1.35,4.75,1.45,1,tejer
tejido,5.25,0.72,4.55,1.1,1,tejido
tejo,5.37,0.68,4.5,1.56,1,tejo
tejón,5.21,1.13,5.4,1.23,1,tejon
tela,5.75,0.87,4.25,1.65,1,tela
telar,5.15,0.67,4.21,1.58,1,telar
tele,5.85,0.99,4.95,2.04,1,tele
telecomunicación,5.75,1.33,5.65,1.23,1,telecomunicacion
teleférico,5.9,2.05,6.39,1.46,1,teleferico
telefonear,6.15,1.14,5.7,0.92,1,telefonear
telefonía,5.1,1.41,5.05,1.54,1,telefonia
telefónica,5.1,0.91,5.0,1.75,1,telefonica
telefonista,4.5,1.15,5.2,1.64,1,telefonista
teléfono,6.05,1.1,5.35,1.31,1,telefono
telégrafo,5.2,1.2,4.9,1.48,1,telegrafo
telegrama,5.3,0.8,4.95,0.89,1,telegrama
telenovela,4.65,1.31,4.65,1.66,1,telenovela
telepatía,5.89,1.05,5.05,1.47,1,telepatia
telescopio,6.3,1.3,4.8,1.24,1,telescopio
teleserie,6.45,1.54,4.53,1.39,1,teleserie
teletexto,4.8,1.36,4.85,1.5,1,teletexto
televisión,5.8,2.04,4.9,1.48,1,television
televisiva,5.35,0.93,5.2,1.61,1,televisiva
televisor,6.4,0.88,4.75,1.12,1,televisor
telón,5.9,1.07,4.85,1.42,1,telon
telurio,4.63,1.51,4.55,1.04,1,telurio
tema,5.3,0.8,4.3,1.56,1,tema
temática,5.4,0.88,5.1,0.85,1,tematica
temblar,3.35,1.09,6.3,1.59,1,temblar
temblor,2.95,1.76,6.8,1.4,1,temblor
temer,2.55,1.15,7.2,1.11,1,temer
temerario,3.8,2.09,7.3,1.3,1,temerario
temeridad,3.25,1.16,6.83,1.79,1,temeridad
temeroso,2.7,1.36,7.3,1.18,1,temeroso
temible,3.15,1.84,6.75,1.25,1,temible
temor,2.65,1.25,7.58,1.06,1,temor
temperamental,5.0,1.63,6.65,1.29,1,temperamental
temperamento,4.9,1.33,6.6,0.99,1,temperamento
temperatura,5.4,0.94,6.25,1.65,1,temperatura
tempestad,3.6,1.43,7.4,1.79,1,tempestad
templanza,6.8,1.47,2.95,1.19,1,templanza
temple,6.18,1.29,3.88,1.96,1,temple
templo,5.35,1.18,4.1,2.1,1,templo
tempo,5.63,1.02,3.88,1.65,1,tempo
temporada,5.4,0.94,5.2,0.89,1,temporada
temporal,5.05,1.28,4.65,1.6,1,temporal
temporalidad,5.05,0.76,5.5,0.83,1,temporalidad
temprana,4.65,0.99,4.6,1.23,1,temprana
temprano,5.65,1.81,4.55,2.16,1,temprano
tenacidad,6.05,1.32,5.55,1.67,1,tenacidad
tenaz,5.95,1.9,6.05,1.32,1,tenaz
tenaza,4.8,0.62,5.85,1.27,1,tenaza
tendencia,5.9,0.85,4.9,1.29,1,tendencia
tender,5.2,1.67,4.7,1.22,1,tender
tendero,4.85,0.67,4.3,1.38,1,tendero
tendinitis,2.65,1.18,6.65,1.35,1,tendinitis
tendón,4.6,0.75,5.6,1.39,1,tendon
tendré,5.65,1.76,5.85,0.88,1,tendre
tendría,5.1,0.85,5.45,1.1,1,tendria
tenebroso,3.15,1.57,6.95,1.39,1,tenebroso
tenedor,5.0,0.79,4.35,1.14,1,tenedor
tenencia,5.47,0.8,4.94,1.34,1,tenencia
tener,6.7,1.42,4.8,1.67,1,tener
tenga,5.4,0.94,5.21,0.54,1,tenga
tengo,5.85,1.04,4.6,1.27,1,tengo
tenia,3.65,1.5,5.83,1.62,1,tenia
tenida,5.06,0.44,5.07,0.26,1,tenida
teniente,4.3,0.8,6.0,1.49,1,teniente
tenis,5.9,1.26,5.38,1.94,1,tenis
tenista,5.2,0.77,4.9,1.21,1,tenista
tenor,5.47,1.02,4.9,1.62,1,tenor
tensa,3.35,1.27,6.65,1.18,1,tensa
tensión,3.4,1.57,7.1,1.55,1,tension
tenso,3.18,1.32,7.15,1.33,1,tenso
tensor,4.0,1.45,5.6,1.23,1,tensor
tentación,5.2,1.61,6.35,1.66,1,tentacion
tentador,6.5,1.88,6.8,1.4,1,tentador
tentar,5.85,1.57,6.5,1.43,1,tentar
tentativa,4.84,1.71,6.5,1.1,1,tentativa
tente,5.44,0.73,4.36,1.28,1,tente
tentempié,7.55,1.1,4.3,1.56,1,tentempie
teología,4.5,1.1,6.0,1.56,1,teologia
teológica,4.9,1.74,5.2,1.2,1,teologica
teólogo,4.55,1.15,4.15,1.79,1,teologo
teorema,4.85,0.93,5.3,1.22,1,teorema
teoría,5.3,1.2,4.48,1.65,1,teoria
teórico,5.25,1.41,4.9,1.45,1,teorico
tequila,5.65,1.57,6.8,1.67,1,tequila
terapeuta,5.8,1.58,4.6,1.93,1,terapeuta
terapéutica,6.0,1.21,4.85,1.93,1,terapeutica
terapia,6.15,1.46,3.75,2.1,1,terapia
tercer,5.15,0.99,5.0,1.12,1,tercer
terciario,4.85,0.59,4.75,1.45,1,terciario
tercio,5.7,1.3,4.7,1.42,1,tercio
terciopelo,7.2,1.32,3.75,1.8,1,terciopelo
terco,3.3,1.3,6.05,0.91,1,terco
térmico,5.9,1.33,3.9,1.45,1,termico
terminación,4.85,0.93,4.8,2.04,1,terminacion
terminal,3.1,1.94,5.35,1.69,1,terminal
terminar,6.0,2.05,5.55,2.58,1,terminar
término,5.35,0.93,4.85,0.75,1,termino
terminología,5.15,1.04,4.45,1.36,1,terminologia
termita,3.83,1.26,5.5,2.21,1,termita
termómetro,4.28,1.13,5.33,1.4,1,termometro
terna,4.57,1.62,4.11,1.76,1,terna
ternera,6.1,1.12,5.45,1.61,1,ternera
ternero,6.2,1.11,4.6,1.85,1,ternero
ternura,8.05,0.89,2.8,1.96,1,ternura
terra,5.56,1.25,5.11,0.9,1,terra
terraplén,4.06,1.73,6.2,1.67,1,terraplen
terrateniente,4.55,1.36,5.55,1.43,1,terrateniente
terraza,6.7,1.45,4.9,2.1,1,terraza
terremoto,2.11,1.24,7.85,1.18,1,terremoto
terremotos,2.0,0.92,7.75,1.12,1,terremotos
terrenal,5.0,1.0,5.25,1.52,1,terrenal
terreno,5.4,0.68,4.2,1.11,1,terreno
terrestre,5.75,1.02,4.4,1.1,1,terrestre
terrible,2.5,1.15,7.1,1.86,1,terrible
territorial,4.65,1.57,5.9,1.52,1,territorial
territorio,5.3,1.26,5.0,1.49,1,territorio
terrón,5.21,0.85,5.05,1.35,1,terron
terror,2.35,1.53,7.95,1.0,1,terror
terrorífico,2.85,2.13,7.65,1.66,1,terrorifico
terrorismo,1.6,0.82,7.55,1.9,1,terrorismo
terrorista,1.5,0.88,7.6,1.39,1,terrorista
tertulia,5.6,1.6,4.5,1.96,1,tertulia
tesina,5.0,0.76,5.75,0.97,1,tesina
tesitura,5.05,1.88,5.67,1.64,1,tesitura
tesón,6.53,1.74,5.0,1.89,1,teson
tesorería,5.1,1.62,4.85,1.35,1,tesoreria
tesorero,4.45,1.05,5.65,0.99,1,tesorero
tesoro,7.3,1.17,6.3,1.95,1,tesoro
test,5.3,1.38,5.95,1.43,1,test
testamento,3.2,1.47,5.6,1.88,1,testamento
testarudo,4.05,1.47,6.5,1.64,1,testarudo
testículos,5.75,1.21,6.1,1.52,1,testiculos
testigo,4.7,1.34,5.4,1.85,1,testigo
testimonial,5.25,1.12,5.5,0.89,1,testimonial
testimonio,4.95,0.89,5.35,1.14,1,testimonio
testosterona,5.6,1.14,6.95,1.28,1,testosterona
tetas,6.2,1.44,6.2,1.74,1,tetas
tetris,6.15,1.14,5.15,1.39,1,tetris
text,5.16,0.6,5.38,1.36,1,text
textil,6.0,1.38,4.95,1.1,1,textil
texto,5.05,1.15,4.85,1.18,1,texto
textual,5.21,0.79,4.45,1.36,1,textual
textura,5.9,1.25,4.2,1.77,1,textura
tez,5.41,0.8,4.87,2.03,1,tez
thriller,6.06,1.51,6.45,1.64,1,thriller
tí,5.71,1.21,4.89,1.13,1,ti
tía,6.6,1.73,4.75,1.52,1,tia
tibetano,6.0,1.33,4.1,2.02,1,tibetano
tibia,5.75,1.55,4.37,1.57,1,tibia
tibieza,5.27,1.71,4.47,2.17,1,tibieza
tiburón,3.6,1.76,7.6,1.19,1,tiburon
tiempo,5.85,1.79,5.38,1.69,1,tiempo
tienda,5.9,1.25,4.8,1.58,1,tienda
tientas,4.78,1.11,5.26,1.52,1,tientas
tierna,7.15,1.23,3.0,2.1,1,tierna
tierno,7.88,1.07,3.03,2.17,1,tierno
tierra,6.25,1.43,4.2,1.95,1,tierra
tieso,3.98,1.62,5.68,1.33,1,tieso
tifus,2.53,1.35,6.81,1.17,1,tifus
tigre,5.4,1.9,7.5,1.1,1,tigre
tijera,4.8,1.11,5.8,1.06,1,tijera
tijeras,4.75,0.93,5.28,1.52,1,tijeras
tijereta,3.5,1.4,6.25,1.29,1,tijereta
tila,6.0,1.12,2.05,1.1,1,tila
tilde,5.3,1.26,4.45,1.76,1,tilde
tilo,5.0,0.5,4.22,1.39,1,tilo
timbal,6.11,1.37,5.7,1.63,1,timbal
timbre,5.35,0.99,6.4,1.67,1,timbre
timidez,3.5,1.32,3.7,1.69,1,timidez
tímido,4.48,1.66,4.48,2.05,1,timido
timo,2.65,1.35,6.8,1.44,1,timo
timón,6.0,0.97,5.1,1.52,1,timon
tímpano,5.55,1.05,4.55,1.93,1,timpano
tina,5.08,0.51,3.92,1.61,1,tina
tiña,3.94,1.65,5.44,0.96,1,tina
tinción,4.87,0.92,4.94,1.16,1,tincion
tino,5.33,0.71,4.09,1.51,1,tino
tinta,5.4,0.74,4.35,1.6,1,tinta
tinte,5.6,1.14,4.8,1.36,1,tinte
tintero,5.6,1.14,4.55,1.36,1,tintero
tinto,6.6,1.98,6.0,1.59,1,tinto
tío,6.95,1.32,5.6,1.96,1,tio
tipi,6.25,0.96,4.83,0.98,1,tipi
típico,4.85,1.35,4.0,1.62,1,tipico
tipo,5.1,0.72,4.35,1.46,1,tipo
tipografía,5.3,1.03,4.5,1.28,1,tipografia
tipología,5.35,0.93,4.75,0.79,1,tipologia
tirachinas,5.2,0.89,5.75,1.07,1,tirachinas
tirador,3.68,1.29,6.35,0.99,1,tirador
tirafondos,4.93,0.26,5.59,0.87,1,tirafondos
tiranía,2.6,1.19,7.2,1.4,1,tirania
tirano,2.7,1.45,6.58,1.26,1,tirano
tirante,4.6,1.35,5.55,1.23,1,tirante
tirar,4.1,1.29,5.2,1.85,1,tirar
tiro,2.7,1.3,7.05,1.88,1,tiro
tiroiditis,2.95,1.39,6.17,1.89,1,tiroiditis
tirón,3.85,1.14,6.0,1.41,1,tiron
tiroteo,2.2,1.06,7.75,1.68,1,tiroteo
titanio,5.1,0.91,4.65,1.31,1,titanio
títere,4.95,1.79,5.6,1.27,1,titere
titulación,7.35,1.53,5.35,2.54,1,titulacion
titular,5.8,1.44,5.5,1.05,1,titular
titularidad,6.8,1.51,5.1,1.52,1,titularidad
titulo,6.45,1.64,4.9,1.89,1,titulo
título,5.75,1.45,5.25,1.29,1,titulo
tiza,5.35,1.18,4.4,1.27,1,tiza
toalla,5.8,1.15,4.4,1.31,1,toalla
tobillo,5.05,0.75,4.93,1.16,1,tobillo
tobogán,6.9,1.41,5.58,2.05,1,tobogan
tocador,6.05,1.36,4.85,1.53,1,tocador
tocante,5.06,0.66,5.5,1.38,1,tocante
tocar,6.55,1.47,5.75,1.62,1,tocar
tocino,5.0,1.81,5.05,1.32,1,tocino
toco,5.05,1.13,4.95,2.33,1,toco
toda,6.45,1.28,4.75,1.25,1,toda
todavía,5.05,1.23,4.95,1.0,1,todavia
todo,6.95,1.39,5.25,1.97,1,todo
todopoderoso,4.8,1.54,5.6,1.6,1,todopoderoso
todoterreno,6.4,1.27,5.45,1.5,1,todoterreno
toga,4.75,1.12,5.1,1.89,1,toga
toldo,5.2,0.77,4.45,1.0,1,toldo
tolerancia,7.05,1.67,4.1,1.94,1,tolerancia
tolerante,6.95,1.2,4.1,2.1,1,tolerante
tolerar,6.3,1.53,4.55,1.9,1,tolerar
toma,4.9,0.31,5.05,0.69,1,toma
tomahawk,5.25,2.22,5.67,1.15,1,tomahawk
tomar,5.6,0.82,5.1,0.45,1,tomar
tomate,6.3,1.59,4.8,1.44,1,tomate
tomillo,6.2,1.54,3.85,1.31,1,tomillo
tomo,4.7,1.13,4.53,0.96,1,tomo
tonada,5.33,0.69,4.71,1.38,1,tonada
tonal,5.08,0.9,4.64,0.74,1,tonal
tonalidad,6.1,1.25,4.55,1.23,1,tonalidad
tonel,4.8,0.95,4.95,0.89,1,tonel
tonelada,4.45,1.05,5.25,2.1,1,tonelada
tonelaje,4.94,0.24,5.45,0.83,1,tonelaje
tónica,5.75,1.16,4.6,1.93,1,tonica
tono,5.65,0.93,5.3,1.72,1,tono
tontería,5.25,1.61,5.6,1.52,1,tonteria
tonto,3.18,1.58,5.93,1.27,1,tonto
top,6.25,1.52,5.3,2.13,1,top
topacio,5.28,1.49,4.73,1.28,1,topacio
topar,3.7,1.26,5.26,2.05,1,topar
tope,4.15,1.23,5.2,1.32,1,tope
tópico,4.75,1.21,4.95,1.05,1,topico
topo,4.85,1.18,4.9,1.12,1,topo
topografía,5.05,0.22,4.32,1.34,1,topografia
topología,5.42,1.17,4.95,1.43,1,topologia
toponimia,5.17,0.41,4.73,1.27,1,toponimia
topónimo,4.91,0.3,4.83,1.4,1,toponimo
toque,5.35,0.59,5.35,1.27,1,toque
torácica,4.95,0.39,5.6,0.99,1,toracica
tórax,4.95,0.6,5.25,1.21,1,torax
torbellino,4.8,1.77,6.5,1.28,1,torbellino
torcer,4.4,1.05,6.1,1.12,1,torcer
tordo,5.22,1.09,4.38,1.66,1,tordo
torear,2.89,2.02,7.05,1.1,1,torear
toreo,2.55,1.9,5.95,1.76,1,toreo
torero,2.8,1.51,6.35,1.93,1,torero
tormenta,4.23,2.2,6.53,1.89,1,tormenta
tormento,3.15,1.95,6.35,1.6,1,tormento
tormentoso,3.1,1.83,6.65,1.53,1,tormentoso
torna,4.89,0.58,5.0,0.34,1,torna
tornado,3.15,2.2,7.3,1.64,1,tornado
tornar,4.95,0.51,5.05,0.69,1,tornar
torneo,5.47,0.77,6.45,1.64,1,torneo
tornillo,5.05,0.69,4.35,1.27,1,tornillo
torno,5.0,0.73,5.11,0.83,1,torno
toro,4.3,1.98,6.0,1.78,1,toro
torpe,3.55,1.34,6.15,1.39,1,torpe
torpedo,3.9,1.29,6.65,1.5,1,torpedo
torpeza,3.65,1.6,6.0,1.17,1,torpeza
torre,5.6,1.35,5.08,1.42,1,torre
torrente,4.35,1.46,6.15,1.42,1,torrente
torreón,5.21,0.79,5.37,1.3,1,torreon
torreta,4.82,1.13,4.8,1.4,1,torreta
torsión,4.65,0.93,5.83,1.54,1,torsion
torso,5.8,1.28,5.3,1.03,1,torso
torta,5.1,1.55,5.5,1.36,1,torta
tortilla,6.25,1.37,4.1,1.94,1,tortilla
tórtola,5.56,0.86,4.4,1.6,1,tortola
tortuga,6.75,1.65,3.55,2.46,1,tortuga
tortura,1.8,1.3,7.75,1.28,1,tortura
torturar,1.8,1.11,8.2,1.06,1,torturar
tos,2.95,1.1,6.8,1.06,1,tos
tosca,4.87,0.83,5.13,1.45,1,tosca
tostado,5.5,1.43,5.15,1.09,1,tostado
tostador,6.3,1.72,4.35,1.35,1,tostador
tostadora,5.9,1.37,4.5,1.28,1,tostadora
total,5.5,1.43,5.9,1.37,1,total
totalidad,5.6,1.05,5.35,1.39,1,totalidad
totalitario,3.0,1.69,5.85,2.16,1,totalitario
totalitarismo,3.56,1.85,5.9,1.71,1,totalitarismo
tour,6.45,1.76,5.53,1.58,1,tour
toxicidad,2.4,0.94,7.0,1.33,1,toxicidad
tóxico,2.45,1.2,7.25,1.25,1,toxico
traba,3.41,1.28,6.05,1.05,1,traba
trabajador,6.65,1.42,6.2,1.54,1,trabajador
trabajadora,7.85,1.23,4.55,2.44,1,trabajadora
trabajar,6.8,1.77,5.75,2.02,1,trabajar
trabajo,6.2,1.77,6.05,1.85,1,trabajo
trabuco,4.11,1.59,5.83,1.47,1,trabuco
tracción,5.26,1.45,5.3,0.86,1,traccion
tracto,4.85,0.75,5.5,1.32,1,tracto
tractor,5.2,0.62,5.1,1.37,1,tractor
tradición,6.25,1.94,4.95,1.32,1,tradicion
tradicional,5.2,2.12,4.3,1.38,1,tradicional
traducción,5.3,0.98,5.2,0.83,1,traduccion
traducir,5.4,1.14,4.6,1.54,1,traducir
traductor,5.6,0.75,4.85,1.87,1,traductor
traductora,5.8,1.2,4.5,1.43,1,traductora
trae,5.4,1.1,4.65,1.27,1,trae
traer,5.75,1.45,5.4,0.94,1,traer
traeré,5.7,1.08,4.6,1.57,1,traere
traería,5.35,1.31,5.2,1.85,1,traeria
traficar,2.3,1.22,7.45,1.39,1,traficar
tráfico,3.2,1.15,6.85,1.76,1,trafico
tragar,5.05,1.15,4.9,1.37,1,tragar
tragedia,1.85,1.1,7.9,1.17,1,tragedia
trágico,1.5,0.83,7.2,1.79,1,tragico
trago,5.5,1.05,4.95,1.28,1,trago
traición,2.05,1.1,7.5,1.0,1,traicion
traiciona,1.95,1.19,7.35,0.99,1,traiciona
traicionar,2.0,1.3,7.18,1.57,1,traicionar
traidor,2.25,1.24,7.15,1.76,1,traidor
traigo,5.95,1.39,4.8,0.77,1,traigo
tráiler,6.8,1.51,6.05,1.23,1,trailer
traje,5.55,0.69,4.65,1.23,1,traje
trama,4.95,1.73,5.85,1.27,1,trama
tramitación,4.7,0.86,5.7,1.38,1,tramitacion
tramitar,5.0,1.69,5.6,1.79,1,tramitar
trámite,4.55,1.05,5.9,1.62,1,tramite
tramo,4.9,1.02,4.4,1.5,1,tramo
tramontana,5.23,1.09,5.38,1.82,1,tramontana
trampa,2.55,1.15,7.1,1.25,1,trampa
trampolín,6.23,1.39,6.28,1.69,1,trampolin
trance,3.9,1.12,4.65,1.46,1,trance
tranquilidad,7.8,1.01,1.75,1.02,1,tranquilidad
tranquilizar,6.95,1.32,3.0,2.27,1,tranquilizar
tranquilo,7.15,1.31,1.7,1.03,1,tranquilo
transacción,5.6,1.35,4.74,1.52,1,transaccion
transatlántica,5.61,1.65,5.2,1.88,1,transatlantica
transatlántico,6.2,1.77,5.2,1.94,1,transatlantico
transbordador,5.15,0.99,5.4,1.5,1,transbordador
transcendental,6.0,1.37,5.45,1.54,1,transcendental
transcribir,4.7,0.86,4.7,1.63,1,transcribir
transcripción,5.35,0.93,5.35,1.04,1,transcripcion
transcurrir,5.26,0.93,4.55,1.5,1,transcurrir
transcurso,5.3,1.03,4.7,1.38,1,transcurso
transeuropeas,5.0,0.63,5.0,0.92,1,transeuropeas
transferencia,5.35,1.42,5.9,1.45,1,transferencia
transferir,5.0,0.79,5.65,0.81,1,transferir
transformación,5.85,0.93,5.8,0.89,1,transformacion
transformador,5.45,1.43,5.15,1.79,1,transformador
transformar,6.1,1.37,5.35,1.53,1,transformar
transgresión,4.06,1.35,6.17,1.04,1,transgresion
transición,5.35,1.6,5.9,1.59,1,transicion
transistor,5.33,0.97,4.53,1.43,1,transistor
transitar,6.2,1.47,4.75,1.37,1,transitar
tránsito,5.25,1.55,6.2,1.28,1,transito
transitorio,5.3,1.49,5.2,0.77,1,transitorio
transmisión,5.0,1.62,5.95,1.19,1,transmision
transmisor,5.15,0.81,5.3,1.08,1,transmisor
transmitir,6.1,1.33,5.65,1.09,1,transmitir
transmutación,4.05,1.32,5.94,1.14,1,transmutacion
transnacional,5.17,0.71,5.11,0.88,1,transnacional
transparencia,6.95,1.47,3.85,1.76,1,transparencia
transportar,5.2,0.89,5.45,0.89,1,transportar
transporte,6.2,1.36,5.55,1.05,1,transporte
transportista,5.0,0.79,5.15,1.76,1,transportista
transposición,5.0,0.86,4.89,1.53,1,transposicion
transversal,5.05,1.0,4.65,1.6,1,transversal
tranvía,4.95,1.32,4.8,1.74,1,tranvia
trapo,4.95,0.89,5.1,0.85,1,trapo
trapos,4.7,0.57,4.55,1.23,1,trapos
trascendencia,6.11,1.37,5.47,1.87,1,trascendencia
trascendental,6.15,1.73,5.6,1.57,1,trascendental
trascendente,6.25,1.29,5.9,1.21,1,trascendente
trascender,5.85,0.93,4.9,1.55,1,trascender
trasero,5.45,1.15,6.25,1.59,1,trasero
trasfondo,4.9,1.33,5.6,1.54,1,trasfondo
traslación,5.16,0.6,4.84,1.98,1,traslacion
trasladar,5.25,1.86,5.35,1.31,1,trasladar
traslado,4.25,0.97,5.85,1.39,1,traslado
traspasar,5.45,1.67,5.65,1.18,1,traspasar
traspaso,5.05,0.69,5.4,1.85,1,traspaso
trasplante,4.2,2.8,6.55,2.16,1,trasplante
traste,4.88,1.02,4.81,1.83,1,traste
trastienda,5.35,1.18,4.74,1.19,1,trastienda
trastorno,3.35,1.39,7.35,1.46,1,trastorno
trasvase,5.2,0.89,4.45,1.79,1,trasvase
tratado,5.55,1.23,4.6,1.5,1,tratado
tratamiento,4.6,1.79,5.45,1.82,1,tratamiento
tratar,6.35,0.99,5.3,1.49,1,tratar
trato,5.9,1.21,4.9,1.41,1,trato
trauma,1.98,1.1,7.63,1.17,1,trauma
traumática,2.4,1.19,7.5,1.1,1,traumatica
traumatismo,2.5,1.43,6.4,1.54,1,traumatismo
través,5.1,0.31,4.94,0.42,1,traves
travesera,5.3,1.08,4.44,1.29,1,travesera
travesía,5.9,1.48,5.38,1.71,1,travesia
travesura,6.33,1.98,6.75,1.33,1,travesura
travieso,5.65,1.31,6.85,1.39,1,travieso
trayecto,5.7,1.45,5.25,1.59,1,trayecto
trayectoria,6.1,1.45,5.1,1.48,1,trayectoria
traza,5.4,0.82,4.7,1.13,1,traza
trazado,5.5,1.0,4.5,1.32,1,trazado
trazar,5.85,1.23,4.8,1.24,1,trazar
trazo,5.5,1.28,4.6,1.43,1,trazo
trébol,6.7,1.26,4.5,1.96,1,trebol
trecho,5.0,0.56,5.6,0.75,1,trecho
tregua,6.4,1.47,3.6,1.98,1,tregua
treinta,5.4,1.19,4.95,1.43,1,treinta
treintena,4.85,0.67,5.35,1.39,1,treintena
trekking,5.71,1.11,6.89,2.57,1,trekking
tremendo,5.75,1.68,6.65,1.27,1,tremendo
trémula,4.63,0.52,5.0,0.71,1,tremula
tren,6.0,1.17,5.15,1.9,1,tren
trenza,6.1,1.25,4.26,1.66,1,trenza
trenzado,6.2,1.24,4.9,1.17,1,trenzado
trepa,3.8,1.88,6.53,1.31,1,trepa
trepar,5.95,0.94,5.45,1.67,1,trepar
tresillo,5.06,0.43,4.5,1.37,1,tresillo
triangular,5.6,1.23,4.6,1.73,1,triangular
triángulo,5.15,0.99,5.2,0.95,1,triangulo
tribal,5.0,0.84,5.39,0.98,1,tribal
tribu,5.25,1.37,5.25,1.12,1,tribu
tribuna,4.65,1.46,5.9,1.25,1,tribuna
tribunal,3.55,1.0,5.55,1.5,1,tribunal
tribuno,5.07,0.8,4.92,0.49,1,tribuno
tributación,3.9,1.55,5.2,1.28,1,tributacion
tributaria,3.8,1.36,5.4,1.43,1,tributaria
tributo,5.75,1.74,5.25,1.25,1,tributo
triciclo,6.3,1.22,4.05,1.36,1,triciclo
tricolor,6.35,1.79,5.9,1.17,1,tricolor
tridimensional,6.0,1.08,5.4,1.5,1,tridimensional
trienio,5.11,1.2,4.44,1.55,1,trienio
trigal,5.89,0.94,3.83,1.54,1,trigal
trigésimo,4.9,0.45,4.85,1.14,1,trigesimo
trigo,5.5,1.1,4.0,1.56,1,trigo
trilogía,6.2,1.36,5.8,1.32,1,trilogia
trimestral,4.7,1.03,5.35,1.31,1,trimestral
trimestre,4.45,0.94,5.05,1.76,1,trimestre
trina,5.44,1.82,5.5,1.34,1,trina
trinas,4.14,1.21,6.17,1.47,1,trinas
trincha,4.57,1.22,5.53,1.88,1,trincha
trinchador,4.06,1.39,5.94,1.21,1,trinchador
trinchante,4.75,1.39,5.69,1.18,1,trinchante
trinchera,3.3,1.92,7.26,1.1,1,trinchera
trineo,6.05,1.15,5.35,1.95,1,trineo
trinidad,4.85,1.39,5.15,1.04,1,trinidad
trío,5.5,1.5,6.2,1.51,1,trio
tripa,4.5,1.32,5.25,1.29,1,tripa
tripartito,4.06,1.57,5.19,1.05,1,tripartito
tríptico,5.25,1.29,4.87,1.68,1,triptico
triptongo,5.06,0.73,5.22,1.11,1,triptongo
tripulación,5.25,1.02,5.15,0.75,1,tripulacion
triste,2.1,1.17,5.5,2.33,1,triste
tristeza,1.8,1.51,4.45,2.37,1,tristeza
triunfador,7.8,1.11,6.8,1.74,1,triunfador
triunfal,6.35,1.57,5.9,1.74,1,triunfal
triunfante,7.4,1.31,6.78,1.53,1,triunfante
triunfar,8.05,1.05,7.4,1.64,1,triunfar
triunfo,8.0,1.22,6.85,1.83,1,triunfo
triunvirato,4.57,0.98,5.0,0.0,1,triunvirato
trivial,5.35,1.46,5.75,1.52,1,trivial
trofeo,7.15,1.33,6.53,1.62,1,trofeo
trolebús,4.43,1.51,5.11,0.6,1,trolebus
tromba,4.45,1.82,5.8,1.77,1,tromba
trombón,5.45,0.69,4.55,1.93,1,trombon
trombosis,2.35,1.14,6.7,1.78,1,trombosis
trompa,5.55,1.05,4.8,1.61,1,trompa
trompeta,5.9,1.13,5.6,1.61,1,trompeta
troncal,4.5,1.2,5.44,0.78,1,troncal
tronco,5.1,0.79,4.45,1.15,1,tronco
trono,5.7,1.53,5.4,1.27,1,trono
tropa,4.45,1.43,6.45,1.1,1,tropa
tropel,4.64,1.12,5.2,2.04,1,tropel
tropezar,3.7,1.22,6.25,1.29,1,tropezar
tropical,7.0,1.41,4.35,2.46,1,tropical
tropicales,6.4,1.31,5.8,2.28,1,tropicales
tropiezo,3.1,1.21,6.45,1.54,1,tropiezo
trote,5.65,1.84,5.6,0.94,1,trote
trovador,5.7,1.03,4.58,1.74,1,trovador
trozo,4.95,1.15,4.65,1.35,1,trozo
trucha,5.4,1.1,4.85,0.75,1,trucha
truco,6.6,1.73,6.45,1.43,1,truco
trueno,4.4,2.35,7.4,1.47,1,trueno
trueque,5.3,1.38,5.6,0.82,1,trueque
tsunami,1.74,1.05,8.0,1.59,1,tsunami
tuba,5.12,0.99,5.0,1.12,1,tuba
tuberculosis,1.5,0.76,7.6,1.5,1,tuberculosis
tuberculosos,2.3,1.42,6.65,1.53,1,tuberculosos
tubería,4.8,1.01,4.9,0.91,1,tuberia
tuberías,4.6,0.94,4.5,1.5,1,tuberias
tubo,4.95,0.22,4.45,0.89,1,tubo
tubular,5.06,1.12,5.27,1.28,1,tubular
tucán,6.11,1.37,5.21,1.75,1,tucan
tuerca,4.85,0.49,4.8,0.77,1,tuerca
tuerto,2.8,1.11,5.1,1.71,1,tuerto
tul,5.77,1.24,4.6,1.64,1,tul
tulipán,7.05,1.47,3.35,1.57,1,tulipan
tumba,2.18,1.67,6.1,2.17,1,tumba
tumbona,7.45,1.5,3.0,2.18,1,tumbona
tumor,1.33,0.69,7.45,1.05,1,tumor
túmulo,4.75,1.29,5.21,2.12,1,tumulo
tumulto,4.13,0.72,6.36,1.91,1,tumulto
tuna,5.79,1.03,4.7,2.11,1,tuna
túnel,5.2,1.01,6.3,1.45,1,tunel
túnica,4.95,1.0,4.2,1.36,1,tunica
tupper,6.42,1.74,4.5,1.15,1,tupper
turba,4.79,0.7,5.08,0.76,1,turba
turbación,4.12,0.93,5.83,1.82,1,turbacion
turbante,4.85,1.42,5.2,1.4,1,turbante
turbar,3.83,1.34,6.26,1.48,1,turbar
turbina,4.55,0.94,5.58,1.71,1,turbina
turbio,3.33,1.0,5.79,1.73,1,turbio
turco,5.2,1.44,4.9,1.45,1,turco
turismo,6.6,1.39,5.75,2.07,1,turismo
turista,6.45,1.36,4.9,1.8,1,turista
turístico,6.85,1.31,5.25,2.34,1,turistico
turno,5.7,1.34,5.15,0.99,1,turno
turquesa,6.3,1.17,3.95,2.09,1,turquesa
tutela,5.05,1.5,5.58,0.69,1,tutela
tutelar,5.58,1.12,5.22,1.11,1,tutelar
tutor,5.7,0.92,4.65,1.81,1,tutor
ubicación,5.35,0.59,4.7,1.34,1,ubicacion
ubicar,5.95,1.23,5.05,0.89,1,ubicar
ucrania,4.85,1.42,5.1,0.85,1,ucrania
ucraniano,5.05,0.69,5.25,0.72,1,ucraniano
úlcera,2.1,1.07,7.03,1.62,1,ulcera
ulterior,5.18,0.75,4.69,1.44,1,ulterior
ultimar,5.85,1.27,5.75,1.52,1,ultimar
ultimátum,2.75,1.21,7.2,1.32,1,ultimatum
último,3.7,1.45,5.25,1.89,1,ultimo
ultra,3.6,2.23,5.9,1.07,1,ultra
ultraderecha,2.74,1.59,6.89,1.76,1,ultraderecha
ultraderechista,2.21,1.58,7.25,1.41,1,ultraderechista
ultraje,3.55,1.39,6.4,0.94,1,ultraje
ultramar,5.35,0.93,4.55,1.36,1,ultramar
ultranacionalista,2.63,1.42,5.95,1.99,1,ultranacionalista
ultranza,4.75,1.76,5.94,1.48,1,ultranza
ultravioleta,4.9,1.07,5.45,1.1,1,ultravioleta
umbral,5.3,1.22,5.1,0.97,1,umbral
una,5.05,0.69,4.5,1.0,1,una
unánime,5.95,1.65,4.8,1.06,1,unanime
unanimidad,6.26,1.69,4.95,1.54,1,unanimidad
uñas,5.95,1.32,4.95,2.06,1,unas
undécimo,5.15,1.09,4.85,0.88,1,undecimo
unicameral,4.91,0.3,5.0,0.77,1,unicameral
único,6.4,1.73,5.4,2.06,1,unico
unicornio,6.2,1.28,5.2,2.42,1,unicornio
unidad,6.6,1.43,4.3,1.17,1,unidad
unidades,5.05,0.76,4.55,1.23,1,unidades
unifamiliar,4.55,1.99,4.84,1.61,1,unifamiliar
unificación,5.9,1.41,4.1,1.65,1,unificacion
unificar,6.05,1.32,4.3,1.69,1,unificar
uniforme,5.2,1.11,5.35,1.76,1,uniforme
uniformidad,5.25,1.33,3.95,1.93,1,uniformidad
unilateral,4.7,0.8,5.0,1.08,1,unilateral
unión,6.15,1.27,4.85,1.79,1,union
unionista,5.33,1.18,4.7,1.34,1,unionista
unir,6.45,1.19,4.55,1.73,1,unir
unísono,5.63,0.83,5.0,1.41,1,unisono
unitario,4.5,1.47,4.25,1.59,1,unitario
universal,6.2,1.06,4.8,1.82,1,universal
universalidad,6.8,1.36,4.7,1.26,1,universalidad
universidad,6.9,1.8,5.95,2.65,1,universidad
universitario,7.05,1.47,6.3,2.08,1,universitario
universo,7.25,1.41,4.5,1.85,1,universo
uranio,4.53,1.22,6.0,1.84,1,uranio
urbana,6.3,1.22,5.2,1.11,1,urbana
urbanidad,4.8,1.28,5.17,1.04,1,urbanidad
urbanismo,5.15,1.04,5.15,2.32,1,urbanismo
urbanística,4.65,1.09,5.2,1.51,1,urbanistica
urbanización,5.4,1.43,4.45,1.39,1,urbanizacion
urbano,5.55,1.0,5.35,0.93,1,urbano
urbe,5.0,0.93,5.07,1.71,1,urbe
urgencia,3.3,1.08,7.2,1.24,1,urgencia
urgente,3.95,1.15,7.75,0.97,1,urgente
urna,4.55,2.06,6.1,2.27,1,urna
urólogo,4.5,1.5,6.05,1.64,1,urologo
urraca,4.3,1.13,5.95,1.08,1,urraca
urticaria,2.63,1.3,6.89,1.28,1,urticaria
uruguayo,5.85,1.18,4.95,1.7,1,uruguayo
usa,5.68,1.49,4.84,1.64,1,usa
usanza,5.47,1.26,4.26,1.52,1,usanza
usar,5.3,0.8,4.8,1.51,1,usar
uso,6.0,1.56,4.95,0.83,1,uso
usual,5.45,0.89,3.85,1.46,1,usual
usuario,5.05,0.51,3.95,1.67,1,usuario
usura,4.43,1.62,5.91,1.45,1,usura
usurero,2.94,1.92,5.63,1.42,1,usurero
usurpación,2.15,0.88,6.37,1.38,1,usurpacion
usurpador,2.85,1.39,6.42,1.64,1,usurpador
usurpar,2.6,1.27,7.05,1.22,1,usurpar
utensilio,5.48,0.82,4.25,1.68,1,utensilio
útero,5.6,1.5,5.2,1.36,1,utero
útil,7.2,1.4,5.1,1.61,1,util
utilidad,7.3,1.17,4.75,1.62,1,utilidad
utiliza,5.15,0.99,5.15,0.99,1,utiliza
utilización,5.4,1.5,5.2,0.89,1,utilizacion
utilizar,5.15,1.39,5.9,1.12,1,utilizar
utilizo,4.8,1.11,5.3,0.8,1,utilizo
utopía,6.5,1.57,4.84,1.86,1,utopia
utópico,5.5,1.03,4.88,1.22,1,utopico
uva,6.2,1.74,4.05,1.73,1,uva
va,5.7,1.17,4.3,1.78,1,va
vaca,5.9,1.28,4.08,1.54,1,vaca
vacación,7.79,1.18,5.44,2.58,1,vacacion
vacante,6.65,1.84,5.25,1.45,1,vacante
vaciar,4.4,1.27,4.5,1.1,1,vaciar
vacila,3.7,1.49,6.0,1.72,1,vacila
vacilación,3.75,1.37,6.3,0.98,1,vacilacion
vacilar,3.85,1.92,6.63,1.15,1,vacilar
vacilo,3.75,1.02,5.95,1.67,1,vacilo
vacío,3.11,1.29,4.9,2.25,1,vacio
vacuna,5.05,2.19,5.55,1.57,1,vacuna
vacunación,4.2,2.04,5.7,2.34,1,vacunacion
vacuno,5.65,1.66,5.0,1.75,1,vacuno
vado,3.95,1.39,5.58,1.17,1,vado
vaga,3.45,1.05,4.25,2.34,1,vaga
vagabundo,2.8,1.2,5.85,1.95,1,vagabundo
vagar,4.1,1.45,5.35,2.32,1,vagar
vagina,5.85,1.31,5.9,1.84,1,vagina
vaginal,5.65,1.31,6.75,1.41,1,vaginal
vago,2.75,1.33,4.65,2.46,1,vago
vagón,5.6,0.94,5.45,1.36,1,vagon
vaina,5.3,1.3,5.2,1.15,1,vaina
vainas,4.88,0.86,4.9,1.68,1,vainas
vainilla,7.3,2.03,4.8,2.88,1,vainilla
vaivén,4.7,1.42,5.1,1.94,1,vaiven
vajilla,5.45,0.76,4.85,1.27,1,vajilla
valencia,5.9,1.25,5.2,0.62,1,valencia
valencianista,5.05,1.0,4.95,1.0,1,valencianista
valenciano,5.7,1.38,4.8,1.11,1,valenciano
valentía,7.7,1.34,6.85,1.9,1,valentia
valer,6.9,1.25,5.75,1.59,1,valer
valeriana,4.75,1.21,1.95,1.23,1,valeriana
valeroso,7.05,1.15,5.35,1.98,1,valeroso
valía,7.25,1.68,5.6,1.47,1,valia
validación,5.9,1.77,5.35,2.03,1,validacion
validar,6.1,1.33,5.25,1.21,1,validar
validez,6.85,1.39,4.55,1.61,1,validez
valido,6.32,0.95,5.0,1.57,1,valido
válido,6.35,1.31,3.95,1.47,1,valido
valiente,7.65,1.27,6.25,2.43,1,valiente
valioso,7.7,1.08,6.3,1.38,1,valioso
valla,4.8,0.89,4.5,1.85,1,valla
valle,6.8,1.28,3.8,2.65,1,valle
vallisoletano,5.06,0.93,5.5,0.97,1,vallisoletano
valor,7.85,1.73,6.55,1.79,1,valor
valoración,5.85,1.5,5.25,1.59,1,valoracion
valorar,7.2,1.24,5.1,2.25,1,valorar
valorización,5.9,1.29,5.35,0.88,1,valorizacion
vals,6.65,1.53,3.9,2.25,1,vals
válvula,5.2,1.01,5.1,1.25,1,valvula
vampiro,4.85,1.5,6.08,1.86,1,vampiro
vanadio,4.88,0.35,5.11,0.33,1,vanadio
vandalismo,2.85,1.35,7.1,1.17,1,vandalismo
vándalo,2.9,1.26,6.58,1.62,1,vandalo
vanguardia,5.65,1.27,4.65,1.95,1,vanguardia
vanguardista,5.7,0.8,5.21,0.79,1,vanguardista
vanidad,3.7,2.07,5.1,1.52,1,vanidad
vanidoso,5.0,2.36,5.68,1.42,1,vanidoso
vano,4.37,0.9,5.11,1.1,1,vano
vapor,5.2,0.89,4.05,1.36,1,vapor
vaquera,5.55,1.05,4.7,1.38,1,vaquera
vaqueros,6.7,1.03,4.85,1.76,1,vaqueros
vara,4.3,1.98,5.2,1.36,1,vara
varia,5.17,0.86,4.53,1.71,1,varia
variabilidad,6.1,1.41,5.4,1.76,1,variabilidad
variable,5.1,0.97,5.55,1.5,1,variable
variación,5.45,1.05,5.1,1.65,1,variacion
variante,4.9,0.72,4.95,1.15,1,variante
varianza,4.65,1.35,5.7,1.42,1,varianza
variar,5.8,1.11,5.45,1.47,1,variar
varicela,2.75,1.21,6.7,1.26,1,varicela
variedad,6.45,1.05,5.25,1.55,1,variedad
varilla,4.65,0.93,4.75,0.91,1,varilla
varita,5.8,1.44,4.85,1.66,1,varita
varón,6.15,1.39,5.85,1.27,1,varon
varonil,6.2,1.15,6.4,1.54,1,varonil
vasallaje,4.16,1.01,5.6,1.27,1,vasallaje
vasallo,3.05,1.08,4.84,1.46,1,vasallo
vasco,5.4,1.14,5.15,1.9,1,vasco
vascular,4.68,1.16,5.4,0.94,1,vascular
vasija,5.45,0.83,4.4,0.99,1,vasija
vaso,5.2,0.52,4.35,1.53,1,vaso
vástago,4.44,1.15,5.85,0.8,1,vastago
vasto,4.33,1.75,5.6,1.54,1,vasto
vaticano,3.65,1.84,5.35,1.73,1,vaticano
vatios,5.1,0.85,5.1,2.43,1,vatios
ve,6.05,1.18,5.26,1.56,1,ve
vecina,5.55,0.89,5.1,0.97,1,vecina
vecinal,6.4,1.35,5.15,1.5,1,vecinal
vecindad,5.6,1.1,5.5,1.24,1,vecindad
vecindario,5.6,1.6,5.55,1.57,1,vecindario
vecino,5.4,0.82,5.5,0.83,1,vecino
vector,4.72,0.96,5.16,1.77,1,vector
vectorial,4.79,0.63,4.83,1.25,1,vectorial
veda,4.67,1.37,5.27,1.49,1,veda
vedado,4.0,1.46,5.57,1.55,1,vedado
vega,5.37,0.6,4.28,1.6,1,vega
vegetación,6.7,1.13,3.65,1.69,1,vegetacion
vegetal,5.35,1.09,4.4,1.88,1,vegetal
vegetativo,4.25,1.29,3.8,1.58,1,vegetativo
vehemencia,4.83,1.42,5.69,1.85,1,vehemencia
vehemente,5.06,1.68,5.81,1.56,1,vehemente
vehicular,5.25,1.06,5.35,1.54,1,vehicular
vehículo,6.0,1.34,5.5,0.99,1,vehiculo
veintena,5.95,1.61,5.15,1.53,1,veintena
veinticinco,5.05,1.54,5.3,1.17,1,veinticinco
veintisiete,5.6,1.31,5.35,1.18,1,veintisiete
veintiuno,5.45,1.0,5.2,0.83,1,veintiuno
vejez,3.5,2.24,6.0,1.97,1,vejez
vejiga,4.2,0.89,5.35,0.67,1,vejiga
vela,6.05,1.32,3.75,1.74,1,vela
velada,7.1,1.17,4.1,2.2,1,velada
velar,4.7,2.11,5.75,1.65,1,velar
velero,6.4,1.35,4.48,2.24,1,velero
vello,4.1,1.94,5.4,1.57,1,vello
velo,5.0,1.72,4.7,1.42,1,velo
velocidad,5.85,1.87,7.1,1.37,1,velocidad
veloz,6.4,1.35,6.63,1.41,1,veloz
vena,4.45,1.23,5.65,1.6,1,vena
venado,5.39,1.04,5.22,1.44,1,venado
vence,7.05,1.23,6.42,1.74,1,vence
vencedor,7.38,1.41,6.9,1.45,1,vencedor
vencedora,7.7,1.38,5.85,2.68,1,vencedora
vencejo,8.3,2.39,4.83,0.39,1,vencejo
vencer,7.15,1.66,6.7,1.26,1,vencer
vencido,2.95,1.22,5.8,1.87,1,vencido
vencimiento,4.4,1.79,6.2,1.67,1,vencimiento
venda,4.1,1.41,5.1,1.03,1,venda
vendaval,3.25,1.16,6.6,1.76,1,vendaval
vendedor,5.05,0.83,4.7,1.72,1,vendedor
vendedora,5.65,1.14,5.1,1.33,1,vendedora
vender,5.75,1.12,5.8,0.95,1,vender
vendría,5.95,1.5,5.05,0.94,1,vendria
veneciano,6.1,1.45,4.4,1.9,1,veneciano
veneno,2.08,1.25,6.93,1.62,1,veneno
venenosa,2.15,1.35,7.3,1.3,1,venenosa
venerable,5.38,0.81,4.13,1.63,1,venerable
veneración,5.22,1.63,5.21,1.47,1,veneracion
venéreas,3.68,1.57,6.72,1.81,1,venereas
venezolano,5.5,0.95,4.75,1.59,1,venezolano
venganza,2.5,1.47,7.55,1.19,1,venganza
vengar,2.55,1.47,7.3,2.05,1,vengar
vengo,5.6,1.14,4.4,1.5,1,vengo
venia,5.58,1.16,4.82,1.33,1,venia
venida,5.2,1.11,4.5,1.36,1,venida
venir,6.45,1.19,4.5,1.64,1,venir
venta,6.2,1.47,5.5,0.89,1,venta
ventaja,7.43,1.13,4.75,2.0,1,ventaja
ventajosa,6.95,1.05,5.15,1.42,1,ventajosa
ventana,6.18,1.24,3.78,1.29,1,ventana
ventanal,6.0,1.17,4.4,2.35,1,ventanal
ventanales,6.35,1.63,4.15,1.9,1,ventanales
ventanas,6.55,1.39,4.95,1.28,1,ventanas
ventanilla,5.7,1.22,4.35,1.76,1,ventanilla
ventilación,6.3,1.42,4.9,1.12,1,ventilacion
ventilador,6.0,1.49,4.9,1.77,1,ventilador
ventisca,4.0,1.26,6.5,1.82,1,ventisca
ventral,4.84,0.76,5.11,0.58,1,ventral
ventura,6.28,1.45,5.13,1.55,1,ventura
venturoso,6.71,1.4,7.06,1.73,1,venturoso
venus,6.4,1.57,4.5,1.43,1,venus
veo,5.9,1.25,4.35,1.66,1,veo
ver,6.75,1.48,5.45,1.67,1,ver
vera,5.7,1.17,4.35,1.69,1,vera
veracidad,6.55,1.93,4.0,2.1,1,veracidad
veraneo,8.3,1.3,4.35,2.46,1,veraneo
veraniega,7.15,1.35,5.25,3.08,1,veraniega
verano,8.1,1.29,5.5,2.89,1,verano
verbal,6.0,1.34,5.0,1.26,1,verbal
verbena,6.35,1.69,6.75,1.68,1,verbena
verdad,7.6,1.39,4.05,2.52,1,verdad
verdadero,7.85,1.09,3.8,2.4,1,verdadero
verde,7.15,1.53,4.08,2.02,1,verde
verdor,7.36,1.69,3.32,1.49,1,verdor
verdugo,2.5,1.4,7.0,1.45,1,verdugo
verdura,5.0,1.75,3.65,1.53,1,verdura
veré,6.0,1.17,5.45,1.23,1,vere
vereda,5.65,1.04,4.7,1.17,1,vereda
veredicto,5.1,1.62,6.55,0.94,1,veredicto
vergonzoso,2.55,1.28,6.7,2.18,1,vergonzoso
vergüenza,3.85,1.18,6.5,1.73,1,verguenza
vería,5.05,0.62,4.84,1.07,1,veria
verificación,5.95,1.15,5.65,1.04,1,verificacion
verificar,5.7,1.13,4.8,1.77,1,verificar
verja,4.3,1.22,4.6,1.76,1,verja
verme,6.11,1.37,4.8,1.79,1,verme
vermut,5.85,1.39,5.35,2.01,1,vermut
verosímil,6.4,1.79,4.8,1.67,1,verosimil
verosimilitud,5.42,0.84,4.78,1.11,1,verosimilitud
versa,5.44,0.73,4.75,1.29,1,versa
versátil,6.15,1.46,4.37,1.71,1,versatil
versatilidad,6.1,1.52,4.56,1.5,1,versatilidad
versículo,4.7,1.45,4.1,1.52,1,versiculo
versión,5.25,0.72,4.75,0.64,1,version
verso,6.8,1.64,3.85,1.18,1,verso
vértebra,5.2,1.36,5.0,0.86,1,vertebra
vertebral,4.75,1.07,5.4,0.99,1,vertebral
vértebras,5.5,1.32,5.6,1.39,1,vertebras
vertedero,2.85,1.27,5.95,1.47,1,vertedero
verter,4.16,1.17,5.2,1.32,1,verter
vertical,5.3,1.17,5.35,1.46,1,vertical
vértice,5.4,1.31,5.1,1.45,1,vertice
vertido,3.85,1.42,5.85,1.39,1,vertido
vertiente,5.1,0.72,4.5,1.19,1,vertiente
vertiginosa,4.35,1.27,7.0,1.24,1,vertiginosa
vértigo,3.5,2.09,6.35,1.23,1,vertigo
vespertino,5.38,0.65,5.17,1.54,1,vespertino
vestíbulo,5.45,1.28,4.89,1.24,1,vestibulo
vestido,7.1,1.37,5.2,2.09,1,vestido
vestidor,7.45,1.43,5.7,1.17,1,vestidor
vestidura,5.1,0.45,4.8,1.06,1,vestidura
vestigio,4.8,1.01,4.43,1.4,1,vestigio
vestimenta,5.45,1.05,5.65,1.42,1,vestimenta
vestir,6.2,1.2,4.7,1.56,1,vestir
vestuario,6.0,1.38,5.1,1.41,1,vestuario
vetar,3.29,1.36,6.05,1.51,1,vetar
veterano,6.85,1.35,5.95,1.39,1,veterano
veterinaria,7.45,1.32,5.45,1.05,1,veterinaria
veterinario,6.0,1.75,5.2,1.58,1,veterinario
veto,3.06,1.3,5.89,1.02,1,veto
vez,5.5,1.1,4.75,1.07,1,vez
vía,5.1,0.45,5.0,1.41,1,via
viabilidad,6.15,1.14,4.65,1.66,1,viabilidad
viable,6.45,1.28,4.1,1.45,1,viable
viaducto,5.11,0.96,4.4,1.5,1,viaducto
viajante,7.55,1.19,5.5,1.93,1,viajante
viajar,7.85,1.69,6.1,2.17,1,viajar
viaje,8.35,0.99,6.75,2.67,1,viaje
viajero,7.3,1.3,5.85,2.46,1,viajero
viajes,8.25,1.21,6.9,1.97,1,viajes
vial,5.3,0.73,4.89,1.1,1,vial
víbora,2.1,1.25,7.35,1.6,1,vibora
vibración,5.55,1.19,5.95,1.85,1,vibracion
vibrante,6.4,1.23,5.75,1.29,1,vibrante
vibrar,5.95,1.23,6.85,1.35,1,vibrar
vicario,4.61,0.92,4.47,1.54,1,vicario
viceministro,3.78,1.77,5.68,1.6,1,viceministro
vicepresidencia,4.15,1.87,5.3,1.75,1,vicepresidencia
vicepresidenta,4.25,1.48,5.25,1.8,1,vicepresidenta
vicepresidente,4.45,1.05,4.95,1.5,1,vicepresidente
viceprimer,4.94,1.34,4.83,1.62,1,viceprimer
vicerrector,5.15,0.99,5.05,1.85,1,vicerrector
viceversa,5.25,0.85,4.35,1.46,1,viceversa
vicio,2.55,1.32,7.0,1.08,1,vicio
vicioso,3.0,1.81,6.8,0.89,1,vicioso
víctima,2.65,1.18,7.33,1.14,1,victima
victimismo,2.5,1.47,6.3,1.3,1,victimismo
victoria,7.3,1.26,7.5,1.47,1,victoria
victoriana,5.32,0.82,5.05,1.43,1,victoriana
victorioso,7.05,1.47,6.8,1.85,1,victorioso
vid,5.82,1.01,4.67,1.53,1,vid
vida,8.25,1.21,6.6,2.68,1,vida
video,6.6,1.27,5.1,1.07,1,video
vídeo,6.0,1.38,5.0,1.26,1,video
videoclip,6.3,1.26,5.25,1.62,1,videoclip
videoconsola,6.55,1.43,5.8,1.94,1,videoconsola
videojuego,6.7,1.3,6.1,2.07,1,videojuego
vidriera,6.15,1.18,4.21,1.32,1,vidriera
vidrio,5.0,1.13,5.18,0.87,1,vidrio
viejo,4.1,1.77,4.55,1.99,1,viejo
viene,6.35,1.35,5.3,1.03,1,viene
viento,5.1,2.1,5.85,1.93,1,viento
vientre,6.15,1.39,4.8,1.54,1,vientre
vietnamita,5.25,1.25,6.1,2.31,1,vietnamita
viga,4.7,1.13,4.65,1.39,1,viga
vigencia,4.85,0.88,5.2,0.83,1,vigencia
vigente,5.45,1.1,4.8,1.44,1,vigente
vigésimo,5.35,1.35,4.95,1.32,1,vigesimo
vigía,5.23,0.73,5.92,1.31,1,vigia
vigilancia,4.55,1.57,5.55,1.79,1,vigilancia
vigilante,4.95,1.28,6.0,1.68,1,vigilante
vigilar,4.6,1.19,6.6,1.39,1,vigilar
vigilia,5.0,1.41,5.05,2.21,1,vigilia
vigo,5.19,0.54,4.5,0.97,1,vigo
vigor,5.9,1.07,6.1,1.62,1,vigor
vigoroso,6.08,1.48,5.85,1.44,1,vigoroso
vihuela,8.6,2.39,6.33,1.58,1,vihuela
vil,3.88,1.73,5.94,1.83,1,vil
villa,5.9,1.02,4.0,1.52,1,villa
villano,2.9,1.59,6.6,1.23,1,villano
vilo,4.25,1.18,5.83,1.59,1,vilo
viña,5.7,1.03,4.7,1.78,1,vina
vinagre,4.7,1.56,6.15,1.5,1,vinagre
vinagrera,5.15,1.6,4.3,1.56,1,vinagrera
vinagreta,5.15,1.79,5.5,0.92,1,vinagreta
vinculación,5.75,1.07,4.95,1.5,1,vinculacion
vinculante,5.3,0.92,5.55,1.05,1,vinculante
vincular,5.25,0.64,5.35,0.93,1,vincular
vínculo,7.05,1.36,5.1,2.15,1,vinculo
viñedo,6.7,1.69,3.9,1.52,1,vinedo
vinícola,5.79,1.53,5.36,2.2,1,vinicola
vinilo,5.95,1.23,4.63,1.34,1,vinilo
vino,6.28,1.32,5.38,2.19,1,vino
viola,4.25,2.51,5.3,2.05,1,viola
violación,1.18,0.5,8.13,1.11,1,violacion
violar,1.4,0.82,7.75,1.52,1,violar
violencia,1.9,1.68,7.8,1.11,1,violencia
violenta,2.6,1.98,7.3,1.63,1,violenta
violento,1.9,1.17,7.53,1.3,1,violento
violero,4.57,2.37,5.6,0.97,1,violero
violeta,6.25,1.29,3.95,1.82,1,violeta
violín,6.43,1.2,3.35,1.9,1,violin
violinista,6.65,1.39,3.2,1.99,1,violinista
violón,4.36,1.39,4.53,2.03,1,violon
violonchelo,6.4,1.27,3.1,1.8,1,violonchelo
viraje,5.36,1.43,5.0,0.93,1,viraje
viral,3.89,1.45,6.42,1.3,1,viral
virgen,4.78,1.79,4.05,1.84,1,virgen
virginidad,5.55,1.39,5.85,1.9,1,virginidad
viril,6.0,1.34,6.3,1.66,1,viril
virilidad,6.55,1.23,5.95,1.32,1,virilidad
virreinato,5.0,1.14,5.12,0.7,1,virreinato
virrey,4.12,1.41,4.65,1.32,1,virrey
virtual,5.2,1.15,5.25,0.97,1,virtual
virtud,7.93,1.07,4.3,2.27,1,virtud
virtuosismo,6.68,1.53,5.7,2.08,1,virtuosismo
virtuoso,7.55,1.15,5.15,1.53,1,virtuoso
viruela,2.35,1.09,7.15,1.39,1,viruela
virulencia,3.35,1.32,6.72,1.32,1,virulencia
visa,5.65,1.53,6.26,1.94,1,visa
visado,5.3,1.38,5.24,1.2,1,visado
visceral,4.0,1.11,6.37,1.77,1,visceral
vísceras,3.7,1.69,6.8,1.47,1,visceras
viscosa,3.95,1.81,5.4,1.5,1,viscosa
viscosidad,3.7,1.3,6.2,1.67,1,viscosidad
visera,5.37,0.76,4.3,1.13,1,visera
visibilidad,6.9,1.41,5.35,1.31,1,visibilidad
visible,6.15,0.99,4.35,1.93,1,visible
visigodo,5.1,0.79,4.4,1.57,1,visigodo
visión,6.63,1.37,4.95,1.43,1,vision
visionario,5.85,1.04,6.0,1.52,1,visionario
visir,4.5,1.31,5.67,1.21,1,visir
visita,7.6,1.27,5.6,1.67,1,visita
visitador,6.15,1.27,5.84,1.26,1,visitador
visitante,6.2,1.44,5.15,1.31,1,visitante
visitar,6.75,1.33,5.15,2.06,1,visitar
vislumbrar,5.75,1.68,5.7,0.86,1,vislumbrar
visón,4.84,2.32,4.45,1.96,1,vison
visor,5.1,0.31,5.39,1.14,1,visor
víspera,5.75,0.91,5.74,1.82,1,vispera
vista,6.35,1.53,4.9,1.65,1,vista
vistazo,5.9,1.12,5.0,0.97,1,vistazo
visto,5.35,0.88,4.55,1.36,1,visto
vistoso,6.65,1.23,6.1,1.52,1,vistoso
visual,6.5,1.19,4.9,1.89,1,visual
visualización,6.55,1.28,4.95,1.64,1,visualizacion
visualizar,6.65,1.35,4.45,2.04,1,visualizar
vital,6.35,1.53,5.55,2.14,1,vital
vitalicio,5.6,1.35,5.26,1.63,1,vitalicio
vitalidad,8.2,0.95,5.3,2.75,1,vitalidad
vitamina,6.35,0.88,4.5,2.12,1,vitamina
vitoriano,4.89,1.23,4.78,1.17,1,vitoriano
vitrina,5.5,1.24,4.6,0.75,1,vitrina
vitrocerámica,4.9,0.31,4.5,1.28,1,vitroceramica
viuda,2.6,1.35,5.85,1.57,1,viuda
viudedad,1.7,0.73,6.79,1.47,1,viudedad
viudo,2.95,1.47,5.8,1.77,1,viudo
vivacidad,6.75,1.45,5.8,1.61,1,vivacidad
vivaz,7.4,1.05,6.68,2.26,1,vivaz
vivencia,7.25,1.48,5.95,1.32,1,vivencia
vivero,6.25,1.21,4.3,2.03,1,vivero
viveza,6.55,1.19,5.9,1.77,1,viveza
vivienda,7.3,1.3,3.55,1.5,1,vivienda
viviente,6.05,1.64,5.5,1.54,1,viviente
vivir,8.55,0.94,6.2,2.42,1,vivir
vivo,8.18,1.26,6.28,2.1,1,vivo
vizcaína,5.16,0.5,4.83,1.04,1,vizcaina
vizconde,4.93,0.27,5.22,0.65,1,vizconde
vocablo,5.15,0.93,4.2,1.36,1,vocablo
vocabulario,6.1,1.21,4.55,1.32,1,vocabulario
vocación,7.25,1.21,6.0,1.72,1,vocacion
vocal,5.3,0.73,4.7,1.66,1,vocal
vocales,5.5,0.95,4.2,1.28,1,vocales
vocalista,6.8,0.95,4.7,1.45,1,vocalista
vocativo,6.16,1.3,5.06,1.26,1,vocativo
vocero,4.69,0.63,5.31,1.6,1,vocero
vodka,5.2,1.54,6.6,2.04,1,vodka
volante,5.5,1.05,5.2,1.47,1,volante
volar,7.05,1.76,5.05,2.68,1,volar
volátil,4.89,0.96,5.63,1.16,1,volatil
volatilidad,4.89,1.24,6.11,1.66,1,volatilidad
volcán,4.85,1.51,6.85,1.48,1,volcan
volcánica,4.8,1.85,6.75,0.97,1,volcanica
volcar,4.2,0.95,5.4,1.47,1,volcar
voleibol,5.6,1.57,5.7,1.3,1,voleibol
voltaje,4.6,0.75,6.25,0.85,1,voltaje
voltear,4.7,1.13,5.7,0.86,1,voltear
volumen,5.45,0.89,5.25,1.33,1,volumen
voluminoso,5.35,2.01,5.3,0.66,1,voluminoso
voluntad,7.25,1.12,4.15,1.46,1,voluntad
voluntaria,6.9,1.21,4.45,1.99,1,voluntaria
voluntariado,7.5,1.61,5.55,2.14,1,voluntariado
voluptuosidad,5.22,0.81,5.6,1.31,1,voluptuosidad
volver,6.1,2.34,5.8,1.79,1,volver
volveré,6.55,1.0,5.95,1.19,1,volvere
volvería,6.75,1.48,5.75,1.33,1,volveria
vomitar,2.0,1.05,7.0,1.84,1,vomitar
vómito,2.48,1.85,6.88,1.79,1,vomito
voracidad,4.56,1.95,6.8,1.64,1,voracidad
voraz,4.85,0.99,6.58,0.84,1,voraz
votación,5.5,1.47,6.15,1.14,1,votacion
votar,5.9,1.77,5.55,1.5,1,votar
voto,5.95,1.28,5.55,1.36,1,voto
voy,6.0,1.49,5.3,1.66,1,voy
voz,6.9,1.21,5.65,1.93,1,voz
vuelco,4.55,1.0,5.89,1.41,1,vuelco
vuelo,6.3,1.63,5.95,2.28,1,vuelo
vuelta,5.6,1.39,4.8,1.74,1,vuelta
vuelve,6.45,1.32,5.5,1.91,1,vuelve
vuelvo,6.35,1.39,4.2,1.44,1,vuelvo
vulgar,2.7,1.26,5.6,1.1,1,vulgar
vulgaridad,2.4,1.19,6.15,0.99,1,vulgaridad
vulgo,4.55,0.93,4.33,1.63,1,vulgo
vulnerabilidad,2.3,1.08,6.15,1.79,1,vulnerabilidad
vulnerable,2.8,1.24,6.0,1.69,1,vulnerable
vulneración,3.55,1.19,6.25,1.21,1,vulneracion
vulnerar,4.1,1.17,5.9,1.21,1,vulnerar
vulva,5.95,1.1,5.9,1.37,1,vulva
waterpolo,6.2,1.15,4.89,1.79,1,waterpolo
web,5.75,1.16,5.2,0.83,1,web
website,5.58,0.9,5.41,1.18,1,website
whisky,5.5,2.52,6.0,1.84,1,whisky
windsurf,6.53,1.47,6.25,1.83,1,windsurf
xenofobia,2.2,1.28,7.32,1.25,1,xenofobia
xenón,5.0,0.93,4.77,1.54,1,xenon
xilófono,5.9,1.02,4.6,1.6,1,xilofono
yacer,4.4,1.6,4.75,2.24,1,yacer
yacimiento,5.65,1.18,5.05,1.76,1,yacimiento
yanqui,4.65,1.11,6.42,1.07,1,yanqui
yarda,5.07,0.73,4.41,1.28,1,yarda
yate,6.8,1.4,5.15,2.11,1,yate
yegua,6.15,1.42,4.7,1.78,1,yegua
yelmo,5.13,1.06,4.64,1.08,1,yelmo
yema,4.95,1.36,4.6,1.14,1,yema
yen,5.15,0.55,4.45,1.81,1,yen
yerba,6.06,1.56,3.8,2.08,1,yerba
yerno,5.7,1.45,4.95,1.67,1,yerno
yerro,4.0,1.7,5.0,1.04,1,yerro
yeso,4.85,1.18,4.5,1.28,1,yeso
yihad,3.0,1.81,7.22,1.96,1,yihad
yodo,4.4,0.75,4.75,1.48,1,yodo
yoga,6.7,1.75,2.6,1.98,1,yoga
yoyó,5.75,0.91,4.75,1.71,1,yoyo
yuca,5.0,1.94,4.57,1.28,1,yuca
yugo,3.65,1.37,5.73,0.88,1,yugo
yugoslavo,4.75,1.45,5.11,1.52,1,yugoslavo
yunque,4.89,0.94,5.65,1.81,1,yunque
zafiro,6.18,1.47,4.79,1.85,1,zafiro
zaga,5.3,1.42,4.13,1.13,1,zaga
zaguán,4.8,0.79,4.75,1.28,1,zaguan
zambomba,6.7,1.22,5.8,1.28,1,zambomba
zanahoria,5.45,1.47,3.7,1.49,1,zanahoria
zanco,5.37,0.9,5.2,1.2,1,zanco
zángano,4.0,1.55,5.35,1.54,1,zangano
zanja,4.3,1.38,5.16,1.17,1,zanja
zanjar,5.4,1.54,5.15,1.73,1,zanjar
zapatera,6.15,1.46,4.55,1.54,1,zapatera
zapatero,4.65,1.42,4.85,1.53,1,zapatero
zapatilla,5.75,1.29,4.1,2.1,1,zapatilla
zapato,6.1,1.29,4.35,1.79,1,zapato
zapatos,5.55,1.28,5.15,1.79,1,zapatos
zar,4.65,1.22,4.88,1.27,1,zar
zarista,4.0,1.36,5.42,0.67,1,zarista
zarzuela,4.95,1.88,4.85,1.73,1,zarzuela
zepelín,5.81,1.47,5.63,1.45,1,zepelin
zeta,5.5,0.89,4.78,2.16,1,zeta
zinc,4.55,1.05,4.61,2.0,1,zinc
zirconio,5.67,1.18,4.25,1.53,1,zirconio
zócalo,5.07,0.27,4.69,1.58,1,zocalo
zona,5.2,0.52,4.75,0.72,1,zona
zonzo,5.0,1.63,5.5,2.12,1,zonzo
zoo,5.55,2.28,6.3,1.84,1,zoo
zoología,6.5,1.5,4.95,1.93,1,zoologia
zoológico,6.1,2.27,5.4,2.3,1,zoologico
zoólogo,5.65,1.63,5.3,1.49,1,zoologo
zorro,5.45,1.85,5.75,1.65,1,zorro
zozobra,3.64,1.43,5.78,1.99,1,zozobra
zuecos,5.53,0.61,4.65,1.87,1,zuecos
zumbido,4.0,1.38,6.5,1.93,1,zumbido
zumo,6.7,1.08,3.9,1.25,1,zumo
zurdo,5.3,0.8,4.25,1.62,1,zurdo
zurra,3.76,1.35,6.34,1.42,1,zurra
abalanzar,4.8,1.61,6.0,1.21,2,abalanzar
abdicar,4.8,1.36,5.3,1.08,2,abdicar
abriría,5.42,1.17,5.56,0.78,2,abriria
abstener,4.25,1.48,4.85,1.23,2,abstener
aburrir,2.9,0.91,4.2,2.26,2,aburrir
acarrear,3.9,1.17,6.35,1.31,2,acarrear
actuaré,6.15,1.27,6.35,1.46,2,actuare
acurrucarse,7.83,1.11,2.83,2.12,2,acurrucarse
adentrar,5.9,0.97,5.3,1.63,2,adentrar
adherir,5.2,0.62,5.1,1.07,2,adherir
adornar,6.6,1.43,4.65,1.87,2,adornar
aferrar,4.8,1.79,5.25,1.16,2,aferrar
afianzaría,5.56,0.98,5.16,0.76,2,afianzaria
afiliar,5.2,1.01,5.63,1.34,2,afiliar
agachar,4.75,0.79,4.5,1.24,2,agachar
agostar,5.71,1.5,4.75,1.16,2,agostar
ahogarse,2.08,1.44,7.53,1.43,2,ahogarse
alcanzaré,7.55,1.1,5.7,2.03,2,alcanzare
alcanzaría,5.65,1.09,5.63,1.54,2,alcanzaria
alfeizar,5.43,0.53,4.53,1.68,2,alfeizar
aliar,5.8,1.24,5.32,1.83,2,aliar
alternar,5.15,0.75,5.15,1.23,2,alternar
amonestar,3.05,1.15,7.0,1.3,2,amonestar
anexionar,5.19,0.83,5.32,0.95,2,anexionar
anteceder,5.45,1.15,4.95,1.23,2,anteceder
antojarse,5.8,1.01,5.15,1.66,2,antojarse
apareceré,5.45,1.0,6.05,1.7,2,aparecere
aparecería,5.7,0.92,5.37,1.74,2,apareceria
apetecer,7.35,1.31,5.2,2.31,2,apetecer
aplastaré,3.0,0.92,6.5,1.7,2,aplastare
aplastaría,2.9,0.97,7.15,1.14,2,aplastaria
apoderar,5.1,1.89,6.25,1.12,2,apoderar
apostillar,4.17,1.19,6.0,1.0,2,apostillar
aprendería,7.0,1.34,5.1,1.37,2,aprenderia
arrodillar,3.45,1.54,4.9,1.37,2,arrodillar
arrostrar,3.75,2.66,5.4,1.26,2,arrostrar
asentir,4.9,0.79,4.35,1.27,2,asentir
aseverar,4.44,1.25,5.29,1.44,2,aseverar
asfixiarse,1.58,0.84,7.93,1.0,2,asfixiarse
asfixio,2.55,1.28,7.35,1.6,2,asfixio
asolar,3.42,1.64,5.79,1.31,2,asolar
asomar,5.65,1.14,4.7,1.34,2,asomar
asombrar,6.65,1.27,6.65,1.6,2,asombrar
atañer,4.71,0.83,4.7,1.34,2,ataner
atormentar,2.15,1.23,6.95,1.79,2,atormentar
avanzaré,6.7,1.3,6.35,1.73,2,avanzare
avecinar,5.05,0.83,5.33,1.37,2,avecinar
aventajar,5.89,1.37,5.3,1.66,2,aventajar
blasfemar,2.65,1.31,6.75,1.33,2,blasfemar
bordear,4.95,1.39,4.9,0.85,2,bordear
caeré,3.0,1.45,6.55,1.39,2,caere
cautivar,6.45,1.76,5.75,1.94,2,cautivar
cerciorar,6.0,1.46,5.59,2.03,2,cerciorar
cerraría,4.4,1.14,5.2,1.44,2,cerraria
charlar,7.85,0.99,4.45,1.88,2,charlar
cían,5.76,1.3,3.79,1.72,2,cian
circundar,4.42,1.12,6.35,1.31,2,circundar
clamar,5.4,1.35,6.13,1.36,2,clamar
coexistir,5.85,1.31,4.9,1.68,2,coexistir
colindar,5.29,0.59,4.35,1.57,2,colindar
colocaré,5.75,1.07,5.0,1.41,2,colocare
colocaría,5.2,0.62,5.05,1.39,2,colocaria
comería,6.11,1.7,5.35,1.66,2,comeria
competer,5.65,1.06,4.79,0.97,2,competer
comprometer,5.75,1.71,5.8,1.51,2,comprometer
concernir,5.05,0.85,5.19,1.38,2,concernir
concordar,6.1,1.41,4.05,1.39,2,concordar
conduciré,5.7,1.17,5.9,1.37,2,conducire
conduciría,5.3,1.63,5.7,0.98,2,conduciria
congratular,6.95,1.39,5.1,1.71,2,congratular
conllevar,5.1,0.91,5.05,1.36,2,conllevar
conoceré,6.6,1.57,5.45,1.05,2,conocere
conseguiría,6.9,1.65,5.75,2.07,2,conseguiria
consignar,5.2,0.52,5.39,0.85,2,consignar
consistir,5.55,0.76,4.95,1.61,2,consistir
constituiría,5.35,1.09,4.6,1.5,2,constituiria
construiría,6.3,1.56,5.25,1.29,2,construiria
consumar,6.6,1.31,5.7,1.63,2,consumar
contentar,7.0,1.49,5.85,1.42,2,contentar
continuaré,6.75,1.71,5.75,1.62,2,continuare
convenir,4.3,1.45,4.9,1.77,2,convenir
cornear,3.27,1.58,6.26,1.52,2,cornear
corroborar,5.85,1.46,5.75,1.33,2,corroborar
costaría,4.45,0.69,6.11,0.99,2,costaria
crecería,5.76,1.09,5.26,0.93,2,creceria
crezco,6.35,1.14,4.85,1.6,2,crezco
crucifica,2.35,1.9,6.75,1.37,2,crucifica
crucificaría,2.05,1.05,7.5,1.32,2,crucificaria
decepcionar,2.15,1.04,7.03,1.37,2,decepcionar
decepcionaría,1.9,0.91,6.1,1.55,2,decepcionaria
dedicaré,5.95,1.0,5.45,0.89,2,dedicare
dedicaría,5.53,1.17,4.8,1.44,2,dedicaria
defenderé,7.0,1.03,6.7,2.15,2,defendere
demostraría,5.75,0.91,5.85,1.93,2,demostraria
demuestro,6.3,0.92,5.2,1.96,2,demuestro
denominar,5.4,1.23,4.75,1.25,2,denominar
derrumbar,3.0,1.34,6.7,2.0,2,derrumbar
desapareceré,2.8,1.67,5.55,1.82,2,desaparecere
descubriría,6.4,1.35,5.9,1.21,2,descubriria
desembocar,5.2,1.2,4.8,1.7,2,desembocar
desentrañar,5.25,0.91,5.9,1.55,2,desentranar
desenvolver,6.45,1.1,5.0,1.92,2,desenvolver
deslizar,5.6,1.19,5.5,1.64,2,deslizar
desmentir,5.8,1.82,5.3,1.98,2,desmentir
despedazar,2.56,1.33,6.5,1.91,2,despedazar
despedazaré,3.0,1.65,5.95,1.76,2,despedazare
despedazaría,2.75,1.07,6.25,1.65,2,despedazaria
despedazo,3.68,1.16,6.58,1.57,2,despedazo
desplomar,2.7,1.22,6.05,1.67,2,desplomar
despojar,3.55,1.23,6.25,1.29,2,despojar
desprender,4.2,2.07,5.6,1.5,2,desprender
despuntar,5.6,1.23,5.8,1.54,2,despuntar
desvestido,4.98,1.9,6.75,1.39,2,desvestido
desvestiría,5.95,1.31,6.05,1.99,2,desvestiria
desvirtuar,3.74,1.52,5.25,1.52,2,desvirtuar
desviste,5.68,1.29,5.68,1.95,2,desviste
desvisto,5.45,0.94,6.0,1.95,2,desvisto
detendré,5.0,1.49,5.75,1.41,2,detendre
detendría,4.6,1.5,5.75,1.83,2,detendria
detengo,4.35,1.57,5.15,1.35,2,detengo
detestar,2.28,1.15,7.25,1.07,2,detestar
diferir,4.75,0.85,5.55,0.94,2,diferir
dificultaría,2.65,1.35,6.85,1.5,2,dificultaria
dificulto,3.55,1.28,5.4,1.57,2,dificulto
digerir,4.95,1.05,4.35,1.93,2,digerir
diluviar,3.75,1.89,5.0,2.36,2,diluviar
dirigiré,5.26,1.33,6.0,1.75,2,dirigire
dirigiría,5.55,0.82,5.5,1.4,2,dirigiria
discurrir,5.8,1.44,5.3,1.63,2,discurrir
distar,4.73,0.7,5.18,0.88,2,distar
divisar,5.35,0.75,4.7,1.63,2,divisar
divorciar,2.25,1.41,7.2,1.36,2,divorciar
doctorar,7.05,1.23,5.95,1.5,2,doctorar
dormiría,6.4,1.35,3.05,1.7,2,dormiria
economizar,6.5,1.91,4.4,1.6,2,economizar
elegiré,6.37,1.57,5.35,1.04,2,elegire
elije,5.4,1.31,5.21,0.92,2,elije
emanar,5.74,0.99,3.95,1.78,2,emanar
emerger,6.1,1.89,5.9,1.17,2,emerger
empeñar,4.45,1.61,5.65,1.57,2,empenar
emplazar,4.61,0.5,5.16,1.34,2,emplazar
encaminar,6.25,1.02,5.05,1.32,2,encaminar
encuadrar,5.2,0.52,4.8,1.24,2,encuadrar
enfadar,2.45,1.05,6.7,1.87,2,enfadar
enfurecer,3.3,1.59,7.7,0.92,2,enfurecer
enfurecería,2.8,1.15,6.9,1.25,2,enfureceria
enfurezco,2.65,1.27,6.85,1.66,2,enfurezco
engendrar,6.3,1.63,6.6,1.23,2,engendrar
engrosar,4.75,0.79,5.25,1.16,2,engrosar
enojar,2.2,1.2,7.4,1.54,2,enojar
enorgullecer,7.2,1.82,5.0,1.59,2,enorgullecer
ensuciar,3.25,1.21,6.05,1.36,2,ensuciar
entrabar,4.57,1.02,5.25,1.13,2,entrabar
entreabrir,5.25,0.72,5.35,1.39,2,entreabrir
entrevistar,6.3,1.49,6.7,1.26,2,entrevistar
entristecer,2.35,1.04,5.7,2.0,2,entristecer
entrometer,3.15,1.23,5.6,1.5,2,entrometer
equivaler,5.7,1.22,4.6,1.14,2,equivaler
equivocar,3.3,1.66,6.2,1.82,2,equivocar
escandalizar,3.75,1.74,6.9,1.17,2,escandalizar
escondería,4.39,0.98,5.85,1.35,2,esconderia
escribiré,5.85,1.27,5.15,1.18,2,escribire
escribiría,5.65,0.88,5.5,1.47,2,escribiria
esforzar,6.4,1.47,6.7,1.42,2,esforzar
espetar,4.77,0.6,5.53,1.85,2,espetar
estableceré,5.2,1.15,5.6,1.35,2,establecere
establezco,6.1,1.55,4.6,1.1,2,establezco
estrellar,3.2,1.64,6.85,1.76,2,estrellar
estremecer,3.95,1.76,6.5,2.31,2,estremecer
estremecerse,4.63,2.2,6.88,1.81,2,estremecerse
estribar,5.0,0.63,4.88,1.58,2,estribar
exaltar,5.55,1.93,6.37,1.38,2,exaltar
excitaré,6.5,1.47,7.25,1.94,2,excitare
excitaría,7.1,1.21,6.4,1.05,2,excitaria
excito,6.72,1.41,7.1,1.41,2,excito
excusar,4.0,1.17,5.9,1.12,2,excusar
exhortar,4.62,0.65,5.33,1.37,2,exhortar
exigiré,4.35,2.03,6.0,1.92,2,exigire
exigiría,4.55,1.19,6.25,1.86,2,exigiria
exiliar,3.45,1.19,6.7,1.03,2,exiliar
explicaré,5.15,1.31,5.6,1.79,2,explicare
explicaría,5.3,1.22,5.05,1.19,2,explicaria
exprimir,5.25,1.25,5.55,0.94,2,exprimir
extractar,4.93,1.0,5.14,0.66,2,extractar
fascinar,7.5,1.55,5.85,1.81,2,fascinar
fascinaría,7.35,1.35,5.47,1.65,2,fascinaria
florecer,7.65,1.31,4.0,2.3,2,florecer
floreceré,7.55,1.32,4.8,1.28,2,florecere
florecería,7.0,1.12,4.35,1.93,2,floreceria
franquear,4.82,0.73,6.06,1.06,2,franquear
frecuentar,6.3,1.08,5.05,1.54,2,frecuentar
fruncir,4.45,1.23,5.4,1.54,2,fruncir
fuere,4.88,1.71,4.65,1.09,2,fuere
fungir,4.58,0.79,6.08,1.62,2,fungir
gorjear,4.93,0.73,4.8,1.08,2,gorjear
granizar,4.95,2.01,5.25,1.62,2,granizar
gravar,4.64,1.98,5.47,1.07,2,gravar
helar,4.95,2.09,5.95,1.54,2,helar
herviré,4.8,1.11,5.75,1.29,2,hervire
herviría,4.75,0.97,5.95,1.18,2,herviria
hiervo,5.06,0.43,4.94,1.47,2,hiervo
hornea,5.84,1.26,4.35,1.31,2,hornea
humillaré,1.65,1.04,7.0,1.34,2,humillare
humillaría,2.5,2.06,6.6,1.5,2,humillaria
idear,6.4,1.19,5.6,1.31,2,idear
imaginaré,6.75,1.16,6.1,1.89,2,imaginare
imaginaría,6.85,1.31,4.6,1.9,2,imaginaria
impactar,4.8,1.82,7.1,1.37,2,impactar
imperar,4.72,1.49,5.69,0.7,2,imperar
implorar,3.63,1.46,5.74,1.33,2,implorar
impresionar,6.6,0.99,6.85,1.35,2,impresionar
imputar,3.05,1.19,6.7,1.13,2,imputar
incumbir,4.82,1.7,6.0,1.58,2,incumbir
independizar,6.65,1.76,5.95,1.7,2,independizar
indicaré,5.3,0.57,4.9,1.68,2,indicare
indicaría,5.21,0.54,4.75,0.97,2,indicaria
inspiraré,6.45,1.23,5.8,1.51,2,inspirare
inspiraría,6.25,1.12,5.7,1.92,2,inspiraria
instruir,5.45,1.5,5.95,1.27,2,instruir
interponer,3.75,1.37,5.9,1.48,2,interponer
invertiré,5.2,0.95,6.2,1.01,2,invertire
invertiría,5.35,1.18,5.75,1.07,2,invertiria
invierto,5.55,1.57,5.74,1.48,2,invierto
ironizar,4.7,1.63,6.0,0.92,2,ironizar
irritar,2.78,1.23,6.88,1.2,2,irritar
irritaré,2.95,1.15,6.25,1.8,2,irritare
irritaría,3.2,1.7,6.67,1.19,2,irritaria
irrumpir,3.75,1.12,6.1,1.65,2,irrumpir
labrar,5.25,1.45,5.4,1.47,2,labrar
lamentar,2.75,0.97,5.9,2.07,2,lamentar
leería,5.95,1.39,4.45,1.32,2,leeria
legitimar,5.22,0.55,5.0,1.12,2,legitimar
maldecir,2.6,1.05,7.25,1.52,2,maldecir
maniobrar,4.25,1.59,5.95,1.19,2,maniobrar
maquinar,4.25,1.41,5.9,1.65,2,maquinar
masturbar,6.85,1.18,6.75,1.37,2,masturbar
matizar,5.5,0.61,4.9,1.45,2,matizar
matricular,6.1,1.74,6.25,1.16,2,matricular
mayar,5.0,0.0,4.9,1.1,2,mayar
menar,4.38,1.51,5.5,0.8,2,menar
menospreciar,2.8,1.28,6.65,1.46,2,menospreciar
mentar,5.24,0.66,5.22,0.88,2,mentar
mondar,5.42,1.24,4.33,1.18,2,mondar
mostraría,5.45,0.6,4.75,1.33,2,mostraria
moveré,5.3,0.86,5.75,1.21,2,movere
movería,5.58,1.07,4.85,1.63,2,moveria
murmurar,3.75,1.45,5.9,1.41,2,murmurar
musicar,6.0,1.48,5.6,1.59,2,musicar
mutilar,1.68,1.05,7.63,1.42,2,mutilar
nublarse,4.95,1.79,4.7,1.38,2,nublarse
numerar,5.8,1.15,4.3,1.78,2,numerar
nutre,7.21,1.27,4.6,1.47,2,nutre
nutriría,6.16,1.42,4.47,1.74,2,nutriria
nutro,6.5,1.34,4.6,1.55,2,nutro
obedeceré,4.15,1.63,6.3,1.72,2,obedecere
obedecería,4.7,2.13,6.0,1.45,2,obedeceria
objetar,4.5,0.89,5.4,0.94,2,objetar
obligaré,3.25,1.12,6.3,1.13,2,obligare
obligaría,3.42,1.17,6.3,1.22,2,obligaria
obtendría,6.65,1.53,5.1,0.91,2,obtendria
obviar,4.53,0.84,5.15,1.31,2,obviar
ofenderé,2.8,1.15,5.9,1.33,2,ofendere
ofendería,3.9,1.29,6.55,1.76,2,ofenderia
ofendo,2.63,1.34,6.45,1.64,2,ofendo
ofrecería,5.58,0.96,5.45,0.83,2,ofreceria
oiré,5.7,1.13,4.94,1.21,2,oire
oiría,5.94,1.39,5.15,0.93,2,oiria
olfatear,7.1,1.37,4.9,1.45,2,olfatear
oprimir,2.7,1.49,6.63,1.38,2,oprimir
orbitar,5.25,0.64,5.55,1.28,2,orbitar
oscurecer,4.05,0.94,4.6,2.14,2,oscurecer
pareceré,4.3,1.22,5.7,1.22,2,parecere
pastar,5.2,0.89,4.1,1.62,2,pastar
patrullar,4.4,0.99,5.8,1.15,2,patrullar
pediría,4.65,1.39,5.53,1.87,2,pediria
percatar,5.85,1.39,4.95,1.05,2,percatar
perdería,3.16,1.3,6.4,1.43,2,perderia
perteneceré,5.05,1.93,5.53,1.17,2,pertenecere
plasmar,5.85,1.31,5.1,0.97,2,plasmar
ponderar,5.05,1.43,5.3,0.92,2,ponderar
preceder,4.85,0.67,5.55,1.15,2,preceder
precipitar,3.45,1.5,5.9,1.45,2,precipitar
predominar,5.25,1.65,5.65,0.93,2,predominar
prefabricada,4.35,0.93,5.15,0.93,2,prefabricada
preferiré,5.95,1.0,5.3,1.87,2,preferire
presagiar,4.79,1.32,6.16,1.46,2,presagiar
presidiar,5.06,1.88,5.58,1.46,2,presidiar
produciré,5.95,1.43,5.45,1.43,2,producire
produciría,5.75,1.07,5.1,1.37,2,produciria
proferir,5.46,1.45,5.13,1.85,2,proferir
propagar,4.35,0.99,6.2,1.36,2,propagar
propondría,5.7,1.45,5.25,1.02,2,propondria
provocaré,5.1,1.33,6.1,1.52,2,provocare
provocaría,5.5,1.67,5.8,1.77,2,provocaria
puntualizar,4.95,1.73,5.2,1.24,2,puntualizar
quebrantar,3.25,1.12,6.85,1.14,2,quebrantar
radicar,4.83,1.15,5.53,1.43,2,radicar
raer,4.2,1.03,4.8,1.79,2,raer
realizaré,6.15,1.42,5.65,1.84,2,realizare
realizaría,5.2,0.77,5.35,1.46,2,realizaria
rebelar,5.35,1.31,5.8,1.24,2,rebelar
rebuznar,4.63,1.12,5.16,1.89,2,rebuznar
recogeré,5.2,1.44,4.65,1.31,2,recogere
recogería,5.05,1.05,5.35,0.75,2,recogeria
redundar,4.11,1.41,5.47,1.35,2,redundar
refugiar,5.85,1.09,5.05,1.96,2,refugiar
refutar,4.9,1.21,5.79,1.32,2,refutar
regenerar,6.75,1.33,5.0,1.38,2,regenerar
relatar,6.5,1.15,5.6,1.43,2,relatar
remarcar,5.35,0.75,5.1,1.48,2,remarcar
rematar,3.7,1.95,6.2,1.2,2,rematar
renegar,3.35,1.09,6.0,1.59,2,renegar
reprochar,2.85,1.27,6.5,1.4,2,reprochar
repugnar,2.25,1.48,6.2,1.58,2,repugnar
resbalar,3.7,1.34,5.95,1.54,2,resbalar
resentir,2.9,1.25,6.15,0.59,2,resentir
resentiría,3.72,1.07,5.75,1.33,2,resentiria
resiento,3.79,1.18,5.59,1.33,2,resiento
resignar,2.95,1.15,5.65,1.81,2,resignar
resolveré,6.55,1.64,5.35,1.93,2,resolvere
resolvería,6.5,1.1,5.4,1.35,2,resolveria
respectar,5.38,0.81,4.71,1.4,2,respectar
resplandecer,7.05,1.32,5.45,2.14,2,resplandecer
retar,4.55,1.79,7.0,1.17,2,retar
retratar,6.05,1.43,4.85,1.39,2,retratar
retumbar,3.95,1.36,6.1,1.29,2,retumbar
revestir,5.2,0.95,4.85,1.04,2,revestir
rompería,3.3,1.26,6.25,1.86,2,romperia
rondar,5.0,1.41,5.8,0.77,2,rondar
rugir,4.75,0.79,6.65,1.23,2,rugir
saborear,7.65,1.35,5.25,1.65,2,saborear
saciar,6.55,1.36,4.85,2.03,2,saciar
secundar,4.89,0.57,4.65,1.0,2,secundar
sentiré,6.8,1.36,6.1,1.74,2,sentire
sentiría,5.8,1.32,5.15,1.53,2,sentiria
serrar,4.21,1.27,5.75,1.25,2,serrar
sobrecogido,3.85,1.57,5.6,1.66,2,sobrecogido
sobreponer,5.35,1.63,5.65,0.59,2,sobreponer
sobresalir,6.65,1.57,6.7,1.53,2,sobresalir
sobresaltado,3.98,1.37,6.88,1.74,2,sobresaltado
sobresaltar,3.55,1.5,6.25,1.68,2,sobresaltar
sobrevenir,5.21,1.18,5.3,1.3,2,sobrevenir
socavar,4.31,0.87,5.05,1.28,2,socavar
sofocar,3.9,1.89,6.15,1.53,2,sofocar
sopesar,4.58,1.3,5.37,1.74,2,sopesar
sortear,6.05,1.73,6.6,0.88,2,sortear
subdividir,4.55,0.83,5.4,0.94,2,subdividir
subestimar,3.55,1.47,5.8,1.61,2,subestimar
subsanar,5.9,1.33,4.65,1.31,2,subsanar
subyacer,4.84,1.07,4.2,1.64,2,subyacer
sucumbir,3.95,1.22,6.35,1.42,2,sucumbir
sumergir,4.7,1.53,5.7,1.45,2,sumergir
sumir,4.21,1.31,4.69,1.2,2,sumir
suplantar,4.5,1.64,5.7,1.56,2,suplantar
supondré,4.9,1.07,5.75,1.55,2,supondre
supondría,4.75,1.29,5.1,1.37,2,supondria
surgiré,5.95,1.39,5.4,1.39,2,surgire
surgiría,5.9,1.25,5.95,1.32,2,surgiria
suspirar,4.85,1.79,3.75,2.02,2,suspirar
susurrar,5.8,1.58,4.3,2.39,2,susurrar
timar,2.55,1.79,6.8,1.32,2,timar
trabar,3.85,0.99,5.78,1.66,2,trabar
traicionaré,2.1,0.72,7.15,1.04,2,traicionare
traicionaría,1.9,1.17,6.65,1.14,2,traicionaria
traiciono,2.6,1.57,7.2,1.47,2,traiciono
urgir,4.28,1.36,6.32,1.63,2,urgir
utilizaré,5.5,1.5,4.75,1.55,2,utilizare
utilizaría,5.75,1.55,4.95,1.0,2,utilizaria
vacilaré,4.25,1.45,6.15,1.81,2,vacilare
vacilaría,4.17,1.38,6.15,1.66,2,vacilaria
vaticinar,4.93,1.03,5.67,1.0,2,vaticinar
venceré,6.9,1.52,6.9,1.33,2,vencere
vencería,5.89,1.45,6.05,0.97,2,venceria
vendré,6.65,1.27,5.05,1.43,2,vendre
venerar,4.7,1.78,4.79,2.07,2,venerar
venzo,6.59,1.5,6.13,1.26,2,venzo
zarpar,5.25,1.74,5.0,1.75,2,zarpar
aconsejable,6.3,1.3,4.3,1.75,3,aconsejable
adinerado,5.69,1.95,5.8,1.73,3,adinerado
alegórica,5.33,1.14,5.21,1.55,3,alegorica
amarillento,4.1,1.25,4.9,1.21,3,amarillento
anímico,4.68,1.95,5.89,1.66,3,animico
arrendadas,4.7,1.13,5.42,1.46,3,arrendadas
asustadizo,3.15,1.09,6.7,1.53,3,asustadizo
atípico,6.2,1.58,6.0,1.12,3,atipico
atrayente,6.4,1.31,6.21,1.87,3,atrayente
cajonero,5.0,0.33,5.17,1.47,3,cajonero
caudaloso,5.75,1.41,5.8,1.85,3,caudaloso
centésima,5.25,0.97,5.35,0.99,3,centesima
chocante,5.2,1.36,6.55,1.61,3,chocante
cilíndrico,5.8,1.11,4.45,1.39,3,cilindrico
colindante,5.76,1.2,4.81,0.54,3,colindante
competencial,5.35,1.42,5.53,1.47,3,competencial
comprensible,6.75,1.65,4.2,1.24,3,comprensible
concluyente,4.75,0.85,4.95,1.05,3,concluyente
condescendiente,5.05,2.04,4.79,1.4,3,condescendiente
confortable,7.7,1.17,2.75,1.55,3,confortable
coqueto,6.68,1.44,5.43,1.6,3,coqueto
corpulento,5.1,1.02,6.2,1.01,3,corpulento
costoso,3.05,1.47,6.6,1.47,3,costoso
cuestionable,4.6,1.5,5.65,1.04,3,cuestionable
decisorio,5.0,1.57,7.13,1.81,3,decisorio
desapercibido,4.4,1.43,4.4,1.96,3,desapercibido
desenfadado,6.63,1.25,4.55,2.02,3,desenfadado
detestable,2.35,1.46,7.15,1.23,3,detestable
dificultoso,3.95,1.43,6.9,0.85,3,dificultoso
discutible,5.0,1.38,6.75,1.52,3,discutible
encomiable,5.83,1.11,4.44,1.74,3,encomiable
endeble,3.33,1.03,4.68,1.63,3,endeble
entrañable,6.9,1.62,4.1,1.37,3,entranable
equiparable,5.5,1.15,4.8,1.11,3,equiparable
escayolista,4.45,0.76,4.84,0.5,3,escayolista
espaciosa,7.1,1.33,3.15,1.79,3,espaciosa
estridente,3.95,1.19,6.24,1.09,3,estridente
fogoso,6.7,1.26,6.65,1.18,3,fogoso
frívolo,3.16,0.9,6.05,0.94,3,frivolo
grisáceo,3.85,1.63,5.55,1.47,3,grisaceo
haraposo,3.8,1.57,5.93,1.14,3,haraposo
herbácea,5.55,0.89,4.28,1.74,3,herbacea
imaginable,6.55,1.28,5.2,2.19,3,imaginable
impopular,3.6,1.57,5.25,1.65,3,impopular
importuno,3.44,0.86,6.28,1.02,3,importuno
inalienable,4.6,1.35,5.47,1.31,3,inalienable
inalterable,5.11,1.15,4.5,1.88,3,inalterable
inapreciable,4.0,1.78,5.1,1.33,3,inapreciable
inapropiado,3.2,1.44,6.15,1.18,3,inapropiado
incalculable,5.05,1.23,6.6,1.47,3,incalculable
incontestable,3.9,1.29,6.4,1.35,3,incontestable
incontrastable,3.85,1.27,5.6,1.31,3,incontrastable
incuestionable,4.3,1.75,5.8,1.15,3,incuestionable
indiscriminada,4.2,2.42,5.75,1.55,3,indiscriminada
inequívoca,5.5,1.67,4.65,1.42,3,inequivoca
inexpugnable,4.0,1.67,5.31,1.45,3,inexpugnable
ínfima,4.59,1.06,4.53,2.0,3,infima
inmejorable,7.8,1.61,4.9,2.15,3,inmejorable
innegable,5.0,1.52,4.95,0.94,3,innegable
insalvable,2.25,1.12,6.9,1.94,3,insalvable
insufrible,2.85,1.42,6.65,1.79,3,insufrible
inusitada,4.31,1.65,4.9,0.32,3,inusitada
irrefutable,4.2,1.47,5.8,2.02,3,irrefutable
irremediable,3.4,1.19,5.95,1.19,3,irremediable
irrepetible,6.9,1.52,6.25,1.86,3,irrepetible
lánguido,4.23,1.15,4.53,1.38,3,languido
larguísima,4.55,2.04,5.53,1.07,3,larguisima
lastimero,3.1,1.33,5.22,1.11,3,lastimero
lóbrego,4.36,1.79,5.29,1.98,3,lobrego
lustroso,6.84,1.42,4.9,1.68,3,lustroso
minucioso,5.85,1.31,4.15,1.53,3,minucioso
monótono,2.8,1.58,3.05,2.11,3,monotono
navegable,6.65,1.46,4.2,1.58,3,navegable
nefasta,2.7,1.42,6.6,0.99,3,nefasta
nítida,6.05,1.28,4.2,1.96,3,nitida
oblicua,4.7,0.66,4.6,1.39,3,oblicua
obstante,5.11,0.58,5.05,1.13,3,obstante
orejero,5.4,0.88,4.6,1.1,3,orejero
palpable,5.45,1.19,4.5,1.24,3,palpable
perceptible,5.95,1.39,4.55,1.43,3,perceptible
pertinente,6.05,0.83,5.11,1.29,3,pertinente
pesaroso,3.48,1.09,5.23,1.54,3,pesaroso
puntiaguda,4.37,1.61,6.25,1.37,3,puntiaguda
reconocible,5.65,1.27,4.7,2.0,3,reconocible
respectivo,5.15,0.59,4.5,1.4,3,respectivo
resumida,5.3,1.03,4.7,1.22,3,resumida
reverente,5.13,0.91,5.68,1.11,3,reverente
risible,6.31,1.38,4.63,2.72,3,risible
rudimentaria,4.65,1.39,4.7,1.56,3,rudimentaria
ruinoso,3.5,1.4,6.1,1.33,3,ruinoso
sabiendas,4.79,1.18,5.1,0.91,3,sabiendas
simplista,4.3,1.81,4.21,1.44,3,simplista
soslayo,5.0,0.47,4.75,1.67,3,soslayo
suntuosa,5.06,0.94,5.61,1.46,3,suntuosa
susodicho,4.6,1.05,5.0,1.26,3,susodicho
temblorosa,3.2,1.2,6.25,1.21,3,temblorosa
tendente,5.13,0.74,5.0,1.26,3,tendente
tenue,6.0,1.17,3.39,1.75,3,tenue
terminante,3.4,1.5,5.53,1.74,3,terminante
tolerable,5.95,1.1,4.45,2.06,3,tolerable
trabajoso,4.6,2.01,6.2,1.79,3,trabajoso
utilizable,6.85,1.35,4.8,1.15,3,utilizable
vacilante,4.1,1.33,6.2,1.74,3,vacilante
vívido,5.76,1.6,6.08,1.57,3,vivido
uno,4.7,1.42,3.95,2.06,4,uno
dos,6.05,1.36,4.2,1.61,5,dos
sobremanera,4.95,0.76,4.5,1.5,6,sobremanera
